key,volume,scan,title_page_img,frontispiece_img,annotations,shelf_mark,copyright,transcription_available,note,id,structural_metadata_available
ms_1,,http://digital.bodleian.ox.ac.uk/inquire/p/06cfa3b7-2aad-465e-88ac-0ebe3f2b5d13,,,,"Oxford, Bodleian, D'Orville, 301, 001-371",,,,,
ms_2,,http://gallica.bnf.fr/ark:/12148/btv1b107229634/f5.image,,,,"Paris, Bibliothèque Nationale, Gr., 2466, 001-241v",,,,,
ms_3,,http://digi.vatlib.it/mss/detail/178321,,,,"Vatican, Vaticana, Vat.gr., 0190, 003-292",,,,,
ms_4,,http://opac.bmlonline.it/Record.htm?record=576912439419,,,,"Firenze, Laurenziana, Plut., 28.03, 001-189",,,,,
ms_5,,http://badigit.comune.bologna.it/books/A18/scorri.asp?Id=1,,,,"Bologna, BC dell'Archiginnasio, Fonds Principal, A 0018, 001-136",,,,,
ms_6,,http://badigit.comune.bologna.it/books/A19/scorri.asp?Id=1,,,,"Bologna, BC dell'Archiginnasio, Fonds Principal, A 0019, 036-316",,,,,
ms_7,,http://data.onb.ac.at/rec/AL00116256,,,,"Vienna, ÖNB, Phil.gr., 031, 001-254",,,,,
ms_8,,,,,,"Istanbul, Topkapi Sarayi Müzesi Kütüphanesi, Fonds principal, 001, 003-63",,,,,
ms_9,,http://gallica.bnf.fr/ark:/12148/btv1b10723139w/f22.image.r=2344#,,,,"Paris, Bibliothèque Nationale, Gr., 2344, 017-366v",,,,,
ms_10,,http://teca.bmlonline.it/ImageViewer/servlet/ImageViewer?idr=TECA0000620182&keyworks=euclides,,,,"Firenze, Laurenziana, Plut., 28.01, 245-326v",,,,,
ms_11,,http://teca.bmlonline.it/IrmageViewer/servlet/ImageViewer?idr=TECA0000324726&keyworks=euclides,,,,"Firenze, Laurenziana, Plut., 28.06",,,,,
ms_12,,http://opac.bmlonline.it/Record.htm?record=789012450729,,,,"Firenze, Laurenziana, Plut., 87.16, 357r-383v",,,,,
ms_13,,http://gallica.bnf.fr/ark:/12148/btv1b11000284r/f10.image.r=2345,,,,"Paris, Bibliothèque Nationale, Gr., 2345, 006-239",,,,,
ms_14,,http://digi.vatlib.it/mss/detail/Vat.gr.192,,,,"Vaticano, Vaticana, Vat.gr., 192, 003-95",,,,,
ms_15,,http://digi.vatlib.it/mss/detail/Vat.gr.207,,,,"Vaticano, Vaticana, Vat.gr., 207, 118-146",,,,,
ms_16,,http://teca.bmlonline.it/ImageViewer/servlet/ImageViewer?idr=TECA0000620040&keyworks=euclides,,,,"Firenze, Laurenziana, Plut., 28.02, 001-245",,,,,
ms_17,,http://teca.bmlonline.it/ImageViewer/servlet/ImageViewer?idr=TECA0000327414&keyworks=euclides,,,,"Firenze, Laurenziana, Plut., 28.08",,,,,
ms_18,,http://bibliotecaestense.beniculturali.it/info/img/mss/i-mo-beu-alfa.t.8.21.html,,,,"Modena, Biblioteca, Estense universitaria Fonds principal, α. T. 8. 21(Puntoni 142), 002-215v",,,,,
ms_19,,,,,,"Oxford, Bodleian, Auct., F.6.23 (Misc.117), 001-266",,,,,
ms_20,,,,,,"Oxford, Bodleian, Savile, 13, 001-315",,,,,
ms_21,,,,,,"Paris, Bibliothèque Nationale, Gr., 2342, 001-96",,,,,
ms_22,,http://gallica.bnf.fr/ark:/12148/btv1b10509305h/f79.image.r=2373,,,,"Paris, Bibliothèque Nationale, Gr., 2373, 037-106",,,,,
ms_23,,,,,,"Venezia, Marciana, Gr.Z., 300 (COLL.0634), 001-265",,,,,
ms_24,,,,,,"Vienna, ÖNB, Pihl.gr., 139, 251-297v",,,,,
ms_25,,,,,,"Oxford, Bodleian, Auct., F.3.16 (Misc.090)",,,,,
ms_26,,http://gallica.bnf.fr/ark:/12148/btv1b525065562/f2.image.r=2346,,,,"Paris, Bibliothèque Nationale, Gr., 2346, 001-166v",,,,,
ms_27,,http://gallica.bnf.fr/ark:/12148/btv1b10723459v/f135.image.r=2531,,,,"Paris, Bibliothèque Nationale, Gr., 2531, 130-363",,,,,
ms_28,,http://digi.vatlib.it/mss/detail/Ott.gr.310,,,,"Vatican, Vaticana, Ottob.gr., 310, 001-123",,,,,
ms_29,,,,,,"Venezia, Marciana, Gr.Z., 301 (coll.0635), 001-326v",,,,,
ms_30,,,,,,"Venezia, Marciana, Gr.Z., 302 (coll.0730), 001-156v",,,,,
ms_31,,,,,,"Vienna, ÖNB, Phil.gr., 062, 050-203v",,,,,
ms_32,,,,,,"Paris, Bibliothèque Nationale, Gr., 2343",,,,,
ms_33,,http://digi.vatlib.it/mss/detail/Barb.gr.244,,,,"Vaticano, Vaticana, Barb.gr., 244, 001-231",,,,,
ms_34,,,,,,"Escorial, Real Biblioteca, Fonds Principal, Phi.III.05 (Andrés 224), 001-324v",,,,,
ms_35,,http://digi.vatlib.it/view/MSS_Vat.gr.204,,,,"Vatican, Vaticana, Vat.gr., 204 (Scholia), 199r-206v",,,,,
ms_36,,http://www.kb.dk/manus/ortsam/2009/okt/orientalia/object57581/en/#,,,,"Copenhagen, 81",,,,,
ms_37,,http://www.cbl.ie/cbl_image_gallery/search/detail.aspx?imageId=1429&ImageNumber=T0004847a&page=0,,,,"Dublin, Chester Beatty Library, MS, 3035, 126ff.",,,,,
ms_38,,,,,,"Madrid, Real Biblioteca de San Lorenzo, Ar., 907, 184ff",,,,,
ms_39,,,,,,"Oxford, British Library, Huntington, 435, 221ff.",,,,,
ms_40,,,,,,"Oxford, British Library, Thurston, 11, 212ff.",,,,,
ms_41,,,,,,"Rabat, Bibliothèque Générale, Al-Khizāna al-'Āmma, 53, 46-178",,,,,
ms_42,,,,,,"Rabat, 1101",,,,,
ms_43,,,,,,"Tehran, Majlis-I Shūrā, MS, 200, 226ff.",,,,,
ms_44,,,,,,"Tehran, Malik, 3586, 240ff.",,,,,
ms_45,,,,,,"Uppsala, Universitätsbibliothek, O.Vet., 20, 202ff.",,,,,
ms_46,,http://www.e-codices.unifr.ch/en/list/one/bbb/0087,,,,"Berne, Burgerbibliothek, Ms, 87, f.9rv",,,,,
ms_47,,http://www.e-codices.unifr.ch/en/list/one/bbb/0234,,,,"Berne, Burgerbibliothek, Ms, 234, f.1r-53v",,,,,
ms_48,,http://trin-sites-pub.trin.cam.ac.uk/james/viewpage.php?index=1165,,,,"Cambridge, Universitätsbibliothek, R.15.14, f.81r-87r",,,,,
ms_49,,http://gallica.bnf.fr/ark:/12148/btv1b90767898.r=12963?rk=42918;4,,,,"Paris, Bibliothèque Nationale, Lat., 12963",,,,,
ms_50,,http://gallica.bnf.fr/ark:/12148/btv1b10533305c.r=13048?rk=21459;2,,,,"Paris, Bibliothèque Nationale, Lat., 13048, f.59r-82r",,,,,
ms_51,,http://bvmm.irht.cnrs.fr/consult/consult.php?reproductionId=4772,,,,"Reims, Bibl.Mun., Ms, 975, f.33ff.",,,,,
ms_52,,http://www.e-codices.unifr.ch/en/list/one/csg/0199,,,,"St.Gallen, Stiftsbibliothek, Ms, 199, p.115-374",,,,,
ms_53,,http://www.manuscripta-mediaevalia.de/dokumente/html/obj50010823,,,,"Munich, Bayerische Staatsbibliothek, Clm, 13084, f.53v-54r",,,,,
ms_54,,http://digi.vatlib.it/view/MSS_Pal.lat.1564,,,,"Vatican, Vatican, Palat.lat., 1564, f.79r-82r",,,,,
ms_55,,http://diglib.hab.de/mss/105-gud-lat/start.htm,,,,"Wolfenbütel, HAB, Cod.Guelf., 105 Gud.lat., f.43r-45v",,,,,
ms_56,,http://www.e-codices.unifr.ch/en/list/one/sbe/0358,,,,"Einsiedeln, Stiftsbibliothek, Cod., 358, p.1-20, 23-37",,,,,
ms_57,,http://mss.bmlonline.it/Catalogo.aspx?Shelfmark=Plut.29.19,,,,"Florence, BLaur., Plutei, 29.19, f.1r-27r",,,,,
ms_58,,http://bdh.bne.es/bnesearch/detalle/bdh0000042034,,,,"Madrid, Biblioteca Nacional, Ms., 9088, f.130r-142r",,,,,
ms_59,,http://www.manuscripta-mediaevalia.de/dokumente/html/obj50007062,,,,"Munich, Bayerische Staatsbibliothek, Clm, 560, f.122r-149r",,,,,
ms_60,,http://ds.lib.berkeley.edu/PlimptonMS164_20,,,,"New York, Columbia University, Plimpton, 164, f.1r-15v",,,,,
ms_61,,http://bodley30.bodley.ox.ac.uk:8180/luna/servlet/s/41j8bz,,,,"Oxford, British Library, Douce, 125, p.1-67",,,,,
ms_62,,http://gallica.bnf.fr/ark:/12148/btv1b9066978w/f115.image.r=13955,,,,"Paris, Bibliothèque Nationale, Lat., 13955, f.107r-123v",,,,,
ms_63,,http://gallica.bnf.fr/ark:/12148/btv1b90778250/f69.item.r=14080,,,,"Paris, Bibliothèque Nationale, Lat., 14080, f.65r-72v, 80r-87v, 79r-v, 73r-77v",,,,,
ms_64,,http://www.e-codices.unifr.ch/en/list/one/csg/0830,,,,"St.Gallen, Stiftsbibliothek, Ms, 830, p.283-309",,,,,
ms_65,,http://digi.vatlib.it/view/MSS_Vat.lat.3353,,,,"Vatican, Vatican, Lat., 3353, f.379r-383r",,,,,
ms_66,,http://digi.vatlib.it/view/MSS_Vat.lat.3906,,,,"Vatican, Vatican, Lat., 3906, f.189r",,,,,
ms_67,,http://digi.vatlib.it/view/MSS_Reg.lat.1023,,,,"Vatican, Vatican, Regin.lat., 1023, f.16r",,,,,
ms_68,,http://www.bibliotekacyfrowa.pl/dlibra/doccontent?id=42814,,,,"Wroclaw, BU, Rehdig, 55, f.2r-26r",,,,,
ms_69,,http://www.bl.uk/manuscripts/Viewer.aspx?ref=harley_ms_3595_f057r,,,,"London, British Library, Harley, 3595, f.57r-68r",,,,,
ms_70,,http://daten.digitale-sammlungen.de/bsb00047475/image_393,,,,"Munich, Bayerische Staatsbibliothek, Clm, 13021, f.194r-202r",,,,,
ms_71,,http://ds.lib.berkeley.edu/PlimptonMS250_20,,,,"New York, Columbia University, Plimpton, 250, f.98r-129r",,,,,
ms_72,,http://gallica.bnf.fr/ark:/12148/btv1b9072601b/f76.item.r=7185,,,,"Paris, Bibliothèque Nationale, Lat., 7185, f.62v-80r",,,,,
ms_73,,http://digi.vatlib.it/mss/detail/Vat.lat.3123,,,,"Vatican, Vatican, Lat., 3123, f.65v-84r",,,,,
ms_74,,,,,,"Verona, Bibl.Capit., MS, XL (38), 331v-r; 326v-r; 341r-v; 338r-v; 336r-v; 343r-v",,,,,
ms_75,,,,,,"Munich, Universitätsbibliothek, MS, 2o757, 2ff",,,,,
ms_76,,https://gallica.bnf.fr/ark:/12148/btv1b10035274r,,,,"Paris, Bibliothèque Nationale, Lat., 7373, 2r-167v; 173r-175v ; 167v-172v",,,,,
ms_77,,,,,,"Firenze, BNC, Conv.soppr., C I 448, 1r-104v",,,,,
ms_78,,http://bdh.bne.es/bnesearch/detalle/bdh0000042244,,,,"Madrid, Biblioteca Nacional, Ms., 10010, 13v-36v, 49v-50r",,,,,
ms_79,,https://sharedcanvas.be/IIIF/viewer/mirador/B_OB_MS529,,,,"Bruges, SB, MS, 529, 1r-48v",,,,,
ms_80,,http://www.bl.uk/manuscripts/FullDisplay.aspx?ref=Burney_MS_275&index=71,,,,"London, British Library, Burney, 275, 302r-308r",,,,,
ms_81,,https://medieval.bodleian.ox.ac.uk/catalog/manuscript_11146,,,,"Oxford, Trinity College, MS, 47, 139r-180v",,,,,
ms_82,,,,,,"Paris, Bibliothèque Nationale, Lat., 16201, 35r-82r",,,,,
ms_83,,http://gallica.bnf.fr/ark:/12148/btv1b9066077c.r=16646?rk=42918;4#,,,,"Paris, Bibliothèque Nationale, Lat., 16646, 2r-108r",,,,,
ms_84,,,,,,"Oxford, British Library, Digby, 174, 160r-v ; 160v-173v",,,,,
ms_85,,http://bvmm.irht.cnrs.fr/sommaire/sommaire.php?reproductionId=20326,,,,"Boulogne-sur-Mer, Bibliotheque de la Ville, MS, 196, 1r-144r ; 144r-147v",,,,,
ms_86,,http://cabrio.bibliotheek.brugge.be/browse/webgaleries/MS521/index.html,,,,"Bruges, SB, MS, 521, 1r-109v ; 109v-113v",,,,,
ms_87,,http://gallica.bnf.fr/ark:/12148/btv1b90661821.r=7216?rk=21459;2,,,,"Paris, Bibliothèque Nationale, Lat., 7216, 1r-107v ; 107v-108r",,,,,
ms_88,,http://gallica.bnf.fr/ark:/12148/btv1b9066499b.r=7377b?rk=21459;2,,,,"Paris, Bibliothèque Nationale, Lat., 7377B, 1r-9r",,,,,
ms_89,,http://gallica.bnf.fr/ark:/12148/btv1b9066855j.r=11247?rk=42918;4,,,,"Paris, Bibliothèque Nationale, Lat., 11247, 78r-91v",,,,,
ms_90,,,,,,"Vatican, Vatican, Lat., 7299, 1r-136r ; 136r-141r",,,,,
ms_91,,http://digi.vatlib.it/view/MSS_Reg.lat.1268,,,,"Vatican, Vatican, Regin.lat., 1268, 113v-142v , 142v-143r ; 144r-183v, 206r-207v",,,,,
ms_92,,,,,,"Vatican, Vatican, Rossiano, 579, 1r-126v ; 126v-130v",,,,,
ms_93,,,,,,"London, British Library, Addit., 34018, 1r-78v",,,,,
ms_94,,http://www.bl.uk/catalogues/illuminatedmanuscripts/ILLUMIN.ASP?Size=mid&IllID=7195,,,,"London, British Library, Sloane, 285, 14v-65v",,,,,
ms_95,,http://www.bl.uk/catalogues/illuminatedmanuscripts/record.asp?MSID=7525&CollID=16&NStart=150127,,,,"London, British Library, Royal, 15 A XXVII, 1r-47r",,,,,
ms_96,,http://daten.digitale-sammlungen.de/0004/bsb00046572/images/,,,,"Munich, Bayerische Staatsbibliothek, Clm, 14353, 78r-93v",,,,,
ms_97,,http://bodley30.bodley.ox.ac.uk:8180/luna/servlet/s/6p89o8,,,,"Oxford, British Library, Auct., F.5.28, ii r-xli v; 1r- 15r ; 74r",,,,,
ms_98,,http://gallica.bnf.fr/ark:/12148/btv1b9066183f.r=7215?rk=64378;0,,,,"Paris, Bibliothèque Nationale, Lat., 7215, 4r-105r",,,,,
ms_99,,http://gallica.bnf.fr/ark:/12148/btv1b90661947.r=7374?rk=21459;2,,,,"Paris, Bibliothèque Nationale, Lat., 7374, 1r-13v, 109v-111r",,,,,
ms_100,,http://gallica.bnf.fr/ark:/12148/btv1b10720896n.r=16647?rk=42918;4,,,,"Paris, Bibliothèque Nationale, Lat., 16647, 3r-92r",,,,,
ms_101,,http://gallica.bnf.fr/ark:/12148/btv1b90669532.r=10257?rk=128756;0,,,,"Paris, Bibliothèque Nationale, Lat., 10257, 1r-88r ; 164r-169v",,,,,
ms_102,,,,,,"Oxford, British Library, D'Orville, 70, 23v-38r",,,,,
ms_103,,http://gallica.bnf.fr/ark:/12148/btv1b9066076z.r=16648?rk=42918;4,,,,"Paris, Bibliothèque Nationale, Lat., 16648, 2r-58r",,,,,
ms_104,,http://www.manuscripta-mediaevalia.de/dokumente/html/obj31275198,,,,"Bonn, Universitätsbibliothek, S, 73, 1r-86r",,,,,
ms_105,,http://gallica.bnf.fr/ark:/12148/btv1b10721152w/f4.image.r=7292,,,,"Paris, Bibliothèque Nationale, Lat., 7292, 188r-210v",,,,,
ms_106,,,,,,"Oxford, British Library, Savile, 19, 1r-36v ; 36v-156r",,,,,
ms_107,,http://ds.lib.berkeley.edu/BANCMSUCB079_1,,,,"Berkeley, University of California, MS, UCB 79, 2r-165v",,,,,
ms_108,,http://opac.bmlonline.it/Record.htm?record=581712430999,,,,"Florence, BLaur., Plut., 29.27, 1r-7v",,,,,
ms_109,,http://opac.bmlonline.it/Record.htm?record=979212479749,,,,"Florence, BLaur., San Marco, 212, 1r-132v",,,,,
ms_110,,http://www.bl.uk/manuscripts/FullDisplay.aspx?ref=Harley_MS_5266&index=0,,,,"London, British Library, Harely, 5266, 1r-126v",,,,,
ms_111,,http://www.bl.uk/manuscripts/Viewer.aspx?ref=harley_ms_5404_fs001r,,,,"London, British Library, Harley, 5404, 1r-139v",,,,,
ms_112,,http://bdh-rd.bne.es/viewer.vm?lang=en&id=0000088851&page=1,,,,"Madrid, Biblioteca Nacional, Ms., 8989, 1r-89v",,,,,
ms_113,,http://daten.digitale-sammlungen.de/bsb00046456/image_1,,,,"Munich, Bayerische Staatsbibliothek, Clm, 14448, 70r-100r",,,,,
ms_114,,http://daten.digitale-sammlungen.de/bsb00107150/image_1,,,,"Munich, Bayerische Staatsbibliothek, Clm, 28209, 1r-89v",,,,,
ms_115,,http://ds.lib.berkeley.edu/PlimptonMS156_20,,,,"New York, Columbia University, MS Plimpton, 156, 1r-164v",,,,,
ms_116,,http://ds.lib.berkeley.edu/PlimptonMS157_20,,,,"New York, Columbia University, MS Plimpton, 157, 1r-14v",,,,,
ms_117,,http://ds.lib.berkeley.edu/PlimptonMS158_20,,,,"New York, Columbia University, MS Plimpton, 158, 1rv",,,,,
ms_118,,http://ds.lib.berkeley.edu/PlimptonMS160_20,,,,"New York, Columbia University, MS Plimpton, 160, 1r-16v; 17r-31v",,,,,
ms_119,,http://ds.lib.berkeley.edu/PlimptonMS165_20,,,,"New York, Columbia University, MS Plimpton, 165, 29v-140v",,,,,
ms_120,,https://digital.bodleian.ox.ac.uk/objects/e7c9cf2c-0440-49d1-9eb5-7d50e682a3a1/surfaces/d1d6c57f-15de-4e5e-ab55-51f697518660/,,,,"Oxford, British Library, Arch. Selden, B 13, 3r-65v",,,,,
ms_121,,,,,,"Oxford, British Library, Canon. misc., 554, 1r-73r",,,,,
ms_122,,,,,,"Oxford, British Library, Digby, 191, 1r-66v",,,,,
ms_123,,http://gallica.bnf.fr/ark:/12148/btv1b9067095m.r=7366?rk=64378;0,,,,"Paris, Bibliothèque Nationale, Lat., 7366, 51r-84v",,,,,
ms_124,,http://gallica.bnf.fr/ark:/12148/btv1b9067733x.r=16197?rk=21459;2,,,,"Paris, Bibliothèque Nationale, Lat., 16197, 2r-134v",,,,,
ms_125,,http://gallica.bnf.fr/ark:/12148/btv1b90671704.r=16198?rk=42918;4,,,,"Paris, Bibliothèque Nationale, Lat., 16198, 2r-73v",,,,,
ms_126,,http://digi.vatlib.it/mss/detail/Pal.lat.1351,,,,"Vatican, Vatican, Palat.lat., 1351, 1r-195v",,,,,
ms_127,,http://digi.vatlib.it/mss/detail/Urb.lat.506,,,,"Vatican, Vatican, Urb.lat., 506, 2r-159v",,,,,
ms_128,,http://digi.vatlib.it/mss/detail/Urb.lat.507,,,,"Vatican, Vatican, Urb.lat., 507, 1r-143r",,,,,
ms_129,,https://jbc.bj.uj.edu.pl/dlibra/publication/540572/edition/514035,,,,"Krakow, Krakow, BJ, 552, f.98r-125r",,,,,
ms_130,,https://jbc.bj.uj.edu.pl/dlibra/publication/579568/edition/576948,,,,"Krakow, Krakow, BJ, 567, f.1r-127v",,,,,
ms_131,,https://jbc.bj.uj.edu.pl/dlibra/publication/421394/edition/432020,,,,"Krakow, Krakow, BJ, 568, f.5r-67v",,,,,
ms_132,,https://jbc.bj.uj.edu.pl/dlibra/publication/311224/edition/297913,,,,"Krakow, Krakow, BJ, 569, f.147r-198v,",,,,,
ms_133,,https://jbc.bj.uj.edu.pl/dlibra/publication/353838/edition/337896,,,,"Krakow, Krakow, BJ, 1918, f.3r-39v,",,,,,
ms_134,,https://jbc.bj.uj.edu.pl/dlibra/publication/311224/edition/297913,,,,"Krakow, Krakow, BJ, 569, f.1r-23r",,,,,
ms_135,,https://digi.vatlib.it/view/MSS_Vat.gr.196,,,,"Vienna, Vienna, Phil.gr., 139, 251-297",,,,,
ms_136,,https://amshistorica.unibo.it/285,,,,"Bologna, Bologna, BU, 2292 (224), 001-246",,,,,
ms_137,,https://www.internetculturale.it/jmms/iccuviewer/iccu.jsp?id=oai%3Awww.internetculturale.sbn.it%2FTeca%3A20%3ANT0000%3ACNMD%5C%5C0000151337&mode=all&teca=MagTeca+-+ICCU,,,,"Rome, Biblioteca Angelica, Gr., 95, 002-273",,,,,
ms_138,,https://digi.vatlib.it/view/MSS_Vat.gr.1295,,,,"Vatican, Vatican, Gr., 1295, 001-158",,,,,
ms_139,,http://data.onb.ac.at/rec/AC14009048,,,,"Vienna, Vienna, Phil.gr., 62, 050-203",,,,,
ms_140,,http://vb.uni-wuerzburg.de/ub/mchq202_117760385/inhalt.html,,,,"Würzburg, Würzburg, M.ch.q., 202, 003-040",,,,,
ms_141,,https://archivesetmanuscrits.bnf.fr/ark:/12148/cc80707v,,,,"Paris, Bibliothèque Nationale, Arsenal, 8405, printed+manu note",,,,,
ms_143,,https://digital.bodleian.ox.ac.uk/objects/9f161887-ec8e-40fe-b417-c11e5845d91d/,,,,"Oxford, Bodleian, Christ Church, 131",,,,,
ms_144,,https://gallica.bnf.fr/ark:/12148/btv1b9067033h,,,,"Paris, Bibliothèque Nationale, Département des Manuscrits, Latin 7224",,,,,
ms_145,,https://gallica.bnf.fr/ark:/12148/btv1b10890284h,,,,"Paris, Bibliothèque Nationale, Arsenal, 8525",,,,,
ms_147,,https://old.maa.org/press/periodicals/convergence/mathematical-treasures-17th-century-student-notes,,,,"New York, Columbia University, Plimpton, 244",,,,,
ms_148,,,,,,,,,,,
ms_149,,https://gallica.bnf.fr/ark:/12148/btv1b84268252,,,,"Paris, Bibliothèque Nationale, Département des Manuscrits, italien 463",,,,,
ms_150,,https://catalog.lindahall.org/discovery/delivery/01LINDAHALL_INST:LHL/1287367020005961,,,,,,,,,
ms_151,,https://handschriftenportal.de/search?hspobjectid=HSP-baf77096-2732-3cb5-afcf-ebfa22782fcf&hl=true,,,,"Dresden, Sächsische Landesbibliothek, Mscr.Dresd.Db., 86",,,,,
ms_152,,https://www.flickr.com/photos/balliolarchivist/albums/72157683013828352/,,,,"Oxford, Balliol College, 257. C12",,,,,
ms_153,,https://digi.vatlib.it/view/MSS_Reg.lat.1137,,,,"Vatican, Vatican, Regin.lat., 1137",,,,,
ms_154,,,,,,"Oxford, British Library, Harley, 5404",,,,,
ms_155,,https://www.gla.ac.uk/myglasgow/library/files/special/exhibns/month/june2001.html,,,,"Glasgow, Glasgow, Sp Coll MS Gen., 1115",,,,,
ms_156,,https://medieval.bodleian.ox.ac.uk/catalog/manuscript_4172,,,,"Oxford, Bodleian, D'Orville, 70",,,,,
ms_157,,https://www.wilbourhall.org/pdfs/tehran.pdf,,,,"Tehran, Sipahsalar Mosque, 682",,,,,
ms_158,,https://www.wilbourhall.org/pdfs/alKhazini.pdf,,,,"Istanbul, Suleymaniye Library, Hamidiye, 859",,,,,
ms_327,,https://www.mpiwg-berlin.mpg.de/Galileo_Prototype/INDEX.HTM,,,,"Florence, Biblioteca Nazionale Centrale, Ms.Gal., 72, f.1-196",,,,,
ms_328,,,,,,"olim Cheltenham, Phillipps MS 16278",,,,,
ms_329,,,,,,"Glasgow, Hunterian Museum 281",,,,,
ms_330,,,,,,"Karlsruhe, Badische Landesbibliothek Augiensis 106",,,,,
ms_331,,,,,,"München, Bayerische Staatsbibliothek CLM 13084, f.54-54v",,,,,
ms_332,,,,,,"Valenciennes, Bibliothèque Municipale 195",,,,,
ms_333,,,,,,"Bern, Bürgerbibliothek 87, f.16v",,,,,
ms_334,,,,,,"Bruxelles, Bibliothèque Royale 4499-4503, f.4v-5, in.",,,,,
ms_335,,,,,,"Bruxelles, Bibliothèque Royale 10629-10660, (copy of Vaticano, Palat. lat. 1564)",,,,,
ms_336,,,,,,"Chartres, Bibliothèque de la Ville 498, f.153",,,,,
ms_337,,,,,,"Napoli, Biblioteca Nazionale V A 13, f.30v-31, in.",,,,,
ms_338,,,,,,"Paris, Bibliothèque Nationale Lat. 8679A, f.19-21, (copy of Wolfenbüttel, HAB Cod. Guelf. 105 Gud. lat.)",,,,,
ms_339,,,,,,"Vaticano, Ottob. lat. 1862, f.26",,,,,
ms_340,,,,,,"Vaticano, Palat. lat. 1564, f.79-82",,,,,
ms_341,,,,,,"Wolfenbüttel, Herzog August Bibliothek Cod. Guelf. 105 Gud. lat., f.43-45v",,,,,
ms_342,,,,,,"Bamberg, Staatliche Bibliothek Class. 55 (olim H.J. IV 22), f.1v-16, in.",,,,,
ms_343,,,,,,"Bern, Bürgerbibliothek 87, f.1v-8v",,,,,
ms_344,,,,,,"Bern, Bürgerbibliothek 299, f.1-14",,,,,
ms_345,,,,,,"Cambridge, Trinity College R.15.14 (939), f.4-43v",,,,,
ms_346,,,,,,"Cesena, Biblioteca Malatestiana Plut.sin. XXVI.1, f.221-249",,,,,
ms_347,,,,,,"Chartres, Bibliothèque de la Ville 498, f.141v-143",,,,,
ms_348,,,,,,"Einsiedeln, Stiftsbibliothek 298, p.1-22",,,,,
ms_349,,,,,,"Firenze, Biblioteca Medicea Laurenziana Plut. 29.19, f.1-27",,,,,
ms_350,,,,,,"London, British Library Addit. 47679, f.74-101v",,,,,
ms_351,,,,,,"Madrid, Biblioteca Nacional 9088 (olim Aa 53), f.130-147v",,,,,
ms_352,,,,,,"München, Bayerische Staatsbibliothek CLM 4024a, f.3-9v, (fragmentary)",,,,,
ms_353,,,,,,"Napoli, Biblioteca Nazionale V A 13, f.1-15, in.",,,,,
ms_354,,,,,,"New York, Columbia University Plimpton 164, f.2-16v, (copy of Napoli, BN V A 13)",,,,,
ms_355,,,,,,"Oxford, Bodleian Library Douce 125, p.1-67",,,,,
ms_356,,,,,,"Paris, Bibliothèque Nationale Lat. 13020, f.59v-83",,,,,
ms_357,,,,,,"Praha, Universitnì Knihovna IX.C.6 (= 1717), f.47-63v",,,,,
ms_358,,,,,,"Rostock, Universitätsbibliothek Phil. 18 (olim IV 111,4), p.1-17",,,,,
ms_359,,,,,,"Vaticano, Barb. lat. 92, f.19v-22v, 38v-44",,,,,
ms_360,,,,,,"Vaticano, Ottob. lat. 1862, f.37-44v",,,,,
ms_361,,,,,,"Wien, Österreichische Nationalbibliothek 55, f.1-14v, 22-22v, 15-21v",,,,,
ms_362,,,,,,"Wien, Österreichische Nationalbibliothek 2269, f.220-223",,,,,
ms_363,,,,,,"Wroclaw, Biblioteka Uniwersytecka Rehdig. 55, f.2-26, (copied from Rostock Phil. 18)",,,,,
ms_364,,,,,,"Berlin, Staatsbibliothek Preussischer Kulturbesitz Lat. oct. 162, f.69-70, 71v-76",,,,,
ms_365,,,,,,"Bruxelles, Bibliothèque Royale 4499-4503, f.28-28v, in.",,,,,
ms_366,,,,,,"Cesena, Biblioteca Malatestiana Plut.sin. XXVI.1, f.201-220",,,,,
ms_367,,,,,,"Chartres, Bibliothèque de la Ville 498, f.155-166, 1 +olim",,,,,
ms_368,,,,,,"Cheltenham, Phillipps 7017, Present location unknown.",,,,,
ms_369,,,,,,"Erlangen, Universitätsbibliothek 379, f.1v-76",,,,,
ms_370,,,,,,"Groningen, Bibliotheek der Rijksuniversiteit 103, f.207v-216, in.",,,,,
ms_371,,,,,,"London, British Library Addit. 47679, f.146-147",,,,,
ms_372,,,,,,"London, British Library Arundel 339, f.49-59",,,,,
ms_373,,,,,,"London, British Library Lansdowne 842B, f.51-65v",,,,,
ms_374,,,,,,"München, Bayerische Staatsbibliothek CLM 4024a, f.1v-2v, (fragment)",,,,,
ms_375,,,,,,"München, Bayerische Staatsbibliothek CLM 23511, f.30-51v",,,,,
ms_376,,,,,,"Paris, Bibliothèque Nationale Lat. 7377C, f.18v-24, 25v-34v, ex.",,,,,
ms_377,,,,,,"Rostock, Universitätsbibliothek Phil. 18 (olim IV 111,4), p.29-30, (fragment)",,,,,
ms_378,,,,,,"Vaticano, Lat. 3123, f.65v-84",,,,,
ms_379,,,,,,"Vaticano, Barb. lat. 92, f.3-16v",,,,,
ms_380,,,,,,"Vaticano, Ottob. lat. 1862, f.26v-33v",,,,,
ms_381,,,,,,"Vaticano, Regin. lat. 1071, f.56-58v, Wroclaw, Biblioteka Uniwersytecka Rehdig. 55, f.38-39, (fragment; copied from Rostock, Phil. 18)",,,,,
ms_382,,,,,,"Verona, Biblioteca Capitolare XL (38), f.331v-331, 326v-326, 341-341v, 338-338v, 336-336v, 343-343v",,,,,
ms_383,,,,,,"München, Universitätsbibliothek 2o 757, f.1-2v, in.",,,,,
ms_384,,,,,,"Paris, Bibliothèque Nationale Lat. 7373, f.2-175v",,,,,
ms_385,,,,,,"Firenze, Biblioteca Nazionale Centrale Conv.soppr. C I 448, f.1-104v",,,,,
ms_386,,,,,,"Venezia, Biblioteca Nazionale Marciana fondo antico 271 (= 1642), f.1-1v",,,,,
ms_387,,,,,,"Admont, Stiftsbibliothek, fragment 4, 1f.",,,,,
ms_388,,,,,,"Genoa, Biblioteca Universitaria E.III.28, f.231-232v",,,,,
ms_389,,,,,,"Milano, Biblioteca Ambrosiana A 3 sup., f.1-20",,,,,
ms_390,,,,,,"München, Bayerische Staatsbibliothek CLM 13021, f.27-31v",,,,,
ms_391,,,,,,"München, Bayerische Staatsbibliothek CLM 18927, f.31-33",,,,,
ms_392,,,,,,"Oxford, Bodleian Library Lyell 52, f.21-34",,,,,
ms_393,,,,,,"Paris, Bibliothèque Nationale Lat. 16208, f.67-71",,,,,
ms_394,,,,,,,,,,,
ms_395,,,,,,"København, Kongelige Biblioteket",,,,,
ms_396,,,,,,"Leiden, Bibliotheek der Rijksuniversiteit Or. 399/",,,,,
ms_397,,,,,,"Cambridge, University Library Addit. 1075, 233ff.",,,,,
ms_398,,,,,,"Dublin, Chester Beatty Library 3035, A.H. 669, 126ff.",,,,,
ms_399,,,,,,"Dunedin, Otago Museum a.873 H. El Escorial ar. 907, 184ff., s.7 H.",,,,,
ms_400,,,,,,"Istanbul, Fatih 3439, f.2r-65v, A.H.",,,,,
ms_401,,,,,,"Kabul, Kitabkhane-i Wizarat-i Ma'arif, 297, 241ff.",,,,,
ms_402,,,,,,"Kastamonu 607, ca. 200 ff., s.8 H. Købnhavn, Kongelige Biblioteket 81, 214ff.",,,,,
ms_403,,,,,,"Leningrad, Institut vostokovedenija C 2145, 280ff., A.H.",,,,,
ms_404,,,,,,"Oxford, Bodleian Library Huntington 435, 217ff.",,,,,
ms_405,,,,,,"Oxford, Bodleian Library Thurston 11, 212ff., A.H.",,,,,
ms_406,,,,,,"Paris, Bibliothèque Nationale Arab. 2500, A.H.",,,,,
ms_407,,,,,,"Rabat, al-Malik 1101, ca. 200ff., A.H.",,,,,
ms_408,,,,,,"Rabat, al-Malik 5317, 63ff., A.H.",,,,,
ms_409,,,,,,"Rampur, Raza Library Arshi 200, 214ff. Uppsala, Universitetsbibliotek O.Vet. 20, 202ff., A.H.",,,,,
ms_410,,,,,,"Teheran, Danishgah 2120, 6ff., A.H. 343 = A.D.954/55 (!)",,,,,
ms_411,,,,,,"Teheran, Majlis Shura 200, 226ff., s.9 H.",,,,,
ms_412,,,,,,"Teheran, Malik 3586, 240ff., A.H. 343 = A.D.954/55 (!)",,,,,
ms_413,,,,,,"Bruges, Stadsbibliotheek 529, f.1-48v",,,,,
ms_414,,,,,,"Oxford, Bodleian Library D'Orville 70, f.39-71v",,,,,
ms_415,,,,,,"Oxford, Trinity College 47, f.171-180v, 163-170v, 155-162v, 147-154v, 139-146v",,,,,
ms_416,,,,,,"Vaticano, Regin. lat. 1137, f.73v-74",,,,,
ms_417,,,,,,"Wien, Österreichische Nationalbibliothek 83, f.64-65v",,,,,
ms_418,,,,,,"Oxford, Bodleian Library Digby 174, f.160-160v",,,,,
ms_419,,,,,,"Vaticano, Regin. lat. 1268, f.113r-113v, in.",,,,,
ms_420,,,,,,"Boulogne-sur-Mer, Bibliothèque de la Ville 196, f.1-144, 144-147v",,,,,
ms_421,,,,,,"Bruges, Stadsbibliotheek 521, f.1-109v, 109v-113v",,,,,
ms_422,,,,,,"Firenze, Biblioteca Nazionale Centrale Conv.soppr. J V 30, f.55-57v",,,,,
ms_423,,,,,,"Madrid, Biblioteca de la Universidad 102 (117-z-6), f.137-196v",,,,,
ms_424,,,,,,"Milano, Biblioteca Ambrosiana D 186 inf., f.1-107v, 107v-112",,,,,
ms_425,,,,,,"Oxford, Bodleian Library Digby 174, f.160v-173v",,,,,
ms_426,,,,,,"Oxford, Bodleian Library Canon. misc. 145, f.307",,,,,
ms_427,,,,,,"Palermo, Biblioteca Comunale 2 Qq E 98, f.1-83v",,,,,
ms_428,,,,,,"Roma, Biblioteca Vallicelliana F.86, f.49-54",,,,,
ms_429,,,,,,"Vaticano, Lat. 7299, f.1r-136, 136-141",,,,,
ms_430,,,,,,"Vaticano, Regin. lat. 1268, f.113v-142v, 142v-143",,,,,
ms_431,,,,,,"Vaticano, Regin. lat. 1904, f.86-90",,,,,
ms_432,,,,,,"Vaticano, Rossiano 579, f.1-126v, 126v-130v",,,,,
ms_433,,,,,,"Wolfenbüttel, Herzog August Bibliothek Guelf. 51.9 Aug. 4to, f.53-60v, 61-68",,,,,
ms_434,,,,,,"Worcester, Chapter Library Q 89, f.1-3",,,,,
ms_435,,,,,,"Wroclaw, Biblioteka Uniwersytecka Mil. II.10, f.1-115v",,,,,
ms_436,,,,,,"London, British Library Royal 15 B IV, f.158-167v",,,,,
ms_437,,,,,,"Oxford, Balliol College 257, f.2-98v, ex",,,,,
ms_438,,,,,,"Oxford, Bodleian Library Digby 174, f.99-132v, f.139-145 , f.146-153, f.154-159v",,,,,
ms_439,,,,,,"Oxford, Bodleian Library D'Orville 70, f.23v-38",,,,,
ms_440,,,,,,"Oxford, Bodleian Library Savile 19, f.1-37",,,,,
ms_441,,,,,,"Venezie, Biblioteca Nazionale Marciana fondo antico 332 (= 1647), f.86-233",,,,,
ms_442,,,,,,"Wien, Österreichische Nationalbibliothek 83, f.53-63v",,,,,
ms_443,,,,,,"Oxford, Bodleian Library D'Orville 70, f.1-23v",,,,,
ms_444,,,,,,"Wien, Österreichische Nationalbibliothek 83, f.39-53",,,,,
ms_445,,,,,,"Vaticano, Palat. lat. 1354, f.98v-99v, 120-120v",,,,,
ms_446,,,,,,"Vaticano, Regin. lat. 1186, f.5-158",,,,,
ms_447,,,,,,"Vaticano, Regin. lat. 1261, f.61-197v",,,,,
ms_448,,,,,,"Vaticano, Regin. lat. 1267, f.1-56v",,,,,
ms_449,,,,,,"Vaticano, Urb. lat. 506, f.2-159v, Vaticano, Urb. lat. 507, f.1-143, (I - X 3 beg., X-XV",,,,,
ms_450,,,,,,"Venezie, Biblioteca Nazionale Marciana fondo antico 329 (= 1843), f.12-34",,,,,
ms_451,,,,,,"Venezie, Biblioteca Nazionale Marciana Lat. VIII 39 (= 3271), f.1-135",,,,,
ms_452,,,,,,"Venezie, Biblioteca Nazionale Marciana Lat. VIII 77 (= 3223), f.20-98",,,,,
ms_453,,,,,,"Wien, Österreichische Nationalbibliothek 2367, f.198-247v",,,,,
ms_454,,,,,,"Wien, Österreichische Nationalbibliothek 2465, f.1-142, in.",,,,,
ms_455,,,,,,"Wien, Österreichische Nationalbibliothek 4770, f.45-50v.",,,,,
ms_456,,,,,,"Wien, Österreichische Nationalbibliothek 4953, f.126-143v",,,,,
ms_457,,,,,,"Wien, Österreichische Nationalbibliothek 5304, f.",,,,,
ms_458,,,,,,"Wien, Österreichische Nationalbibliothek 5417, f.56-74v",,,,,
ms_459,,,,,,"Wien, Österreichische Nationalbibliothek 5507, f.1-82",,,,,
ms_460,,,,,,"Wolfenbüttel, Herzog August Bibliothek Guelf. 65. Aug. fol., f.9-75v",,,,,
ms_461,,,,,,"Paris, Bibliothèque Nationale Lat. 7374, f.13v-109v, 1: I 47 - IX",,,,,
ms_462,,,,,,"London, British Library Sloane 285, f.1-14v",,,,,
ms_463,,,,,,"Vaticano, Regin. lat. 1268, f.72-91v, f.92-112v, 113-113v",,,,,
ms_464,,,,,,"Krakòw, Biblioteka Jagiellonska 569, f.1-23",,,,,
ms_465,,,,,,"Oxford, Bodleian Library Digby 168, f.124-125",,,,,
ms_466,,,,,,"Vaticano, Regin. lat. 1268, f.144-183v, 206r-207v, in.",,,,,
ms_467,,,,,,"Cambridge, University Library Mm. 2.18, f.49v-65",,,,,
ms_468,,,,,,"Krakòw, Biblioteka Jagiellonska 569, f.23-37v (pp.51-80",,,,,
ms_469,,,,,,"Madrid, Biblioteca Nacional 10010, f.36v-49v",,,,,
ms_470,,,,,,"Paris, Bibliothèque Nationale Lat. 9335, f.92v-110v",,,,,
ms_471,,,,,,"Paris, Bibliothèque Nationale Lat. 7377A, f.1-33v",,,,,
ms_472,,,,,,"Paris, Bibliothèque Nationale Lat. 7377A, f.68-70v, (fragment)",,,,,
ms_473,,,,,,"Wien, Dominikanerkloster 80/45, f.105-145",,,,,
ms_474,,,,,,"Firenze, Biblioteca Nazionale Centrale Conv.soppr. J IX 26, f.46-55",,,,,
ms_475,,,,,,"Seville, Biblioteca Colombina 7-7-13, f.102v-112",,,,,
ms_476,,,,,,"Vaticano, Lat. 2225, f.90-98v",,,,,
ms_477,,,,,,"Vaticano, Chigi F IV 66, f.22v-40",,,,,
ms_478,,,,,,"Paris, Bibliothèque Nationale Lat. 7219, f.1-26v",,,,,
ms_479,,,,,,"Perugia, Biblioteca Comunale 322",,,,,
ms_480,,,,,,"Piacenza, Biblioteca Comunale Pallastrelli 211, f.1-32v, ex.",,,,,
ms_481,,,,,,"Praha, Knihovna Metropolitnì Kapituli 1459, f.21-48",,,,,
ms_482,,,,,,"Praha, Knihovna Metropolitnì Kapituli 1585 (O 1), f.166-174v, 176-178",,,,,
ms_483,,,,,,"Torino, Biblioteca Nazionale H.VII.46, f.1-134v",,,,,
ms_484,,,,,,"Vaticano, Lat. 2114, f.257v-258",,,,,
ms_485,,,,,,"Vaticano, Barb. lat. 3, p.1-355, (I-VI, Campanus and Zamberti texts",,,,,
ms_486,,,,,,"Vaticano, Barb. lat. 304, : Annotationes in 7. Euclidis",,,,,
ms_487,,,,,,"Vaticano, Ottob. lat. 2273, f.1-49v",,,,,
ms_488,,,,,,"Vaticano, Regin. lat. 1208, f.1-32",,,,,
ms_489,,,,,,"Wien, Österreichische Nationalbibliothek 5268, f.98-98v",,,,,
London_1685a,,https://www.proquest.com/docview/2240857871/12999289?sourcetype=Books,London_1685a_tp.png,,,,,,,,
London_1703,,,,,,,,,,,
Leipzig_1577,,https://www.google.com/books/edition/Elementa_geometrica/7d5RAAAAcAAJ,Leipzig_1577_tp.png,,,,unknown,,,,
Leipzig_1577,1,"https://www.digitale-sammlungen.de/en/view/bsb00015422?page=10,11",leipzig_1577_tp_pdb1r0.jpg,,,,Public Domain,,,,
Strasbourg_1570,,https://www.google.nl/books/edition/Eukleidu_Stoichei%C5%8Dn_to_pr%C5%8Dton/D-JRAAAAcAAJ,Strasbourg_1570_tp.png,,,,unknown,,,,
Strasbourg_1570,1,"https://www.digitale-sammlungen.de/en/view/bsb00015397?page=6,7",strasbourg_1570_tp_2ah323.jpg,,,,Public Domain,,,,
Strasbourg_1570,1,https://dlc.mpg.de/image/868390879/5/,strasbourg_1570_tp_ecfahd.jpg,,,,Public Domain,,,,
Strasbourg_1599,,,,,,,,,,,
Wittenberg_1609,,https://www.google.com/books/edition/Elementorum_libri_XIII/zEg-AAAAcAAJ,Wittenberg_1609_tp.png,,,,,,,,
Wittenberg_1634,,https://www.google.com/books/edition/Euclidis_Elementorum_Libri_XIII/UptoAAAAcAAJ,Wittenberg_1634_tp.png,,,,,,,,
Wittenberg_1661,,,,,,,,,,,
Basel_1550,,https://www.google.com/books/edition/Euclidis_Megarensis_sex_libri_priores_de/9xzvgfKqlUwC,Basel_1550_tp.png,,,,unknown,,,,
Basel_1550,1,https://www.digitale-sammlungen.de/en/view/bsb10140010,,,,,No Copyright,,,,
Basel_1550,1,https://dlc.mpg.de/resolver?field=MD_PI_DOI&identifier=10.48644/868450464,basel_1550_tp_iavezm.jpg,,,,Public Domain,,,,
Florence_1690,,,,,,,,,,,
Bologna_1686,,https://books.google.com/books/edition/De_gli_elementi_di_Euclide_li_primi_sei/9Fwza1FehKAC,Bologna_1686_tp.png,,,,,,,,
Brussels_1688,,https://www.google.com/books/edition/Los_seis_primeros_libros_onze_y_doze_de/ens-AAAAcAAJ,Brussels_1688_tp.png,,,,,,,,
Paris_1609,,,Paris_1609_tp.jpeg,,,,,,,,
Paris_1610,1,https://www.google.com/books/edition/Les_Elemens_De_La_Geometrie_D_Evclides_M/jaVoAAAAcAAJ,Paris_1610_tp.jpeg,,,,,,,,
Paris_1610,1,https://dlc.mpg.de/image/868448656/7/,,,,,,,,,
Kiel_and_Leipzig_1699,,https://www.google.com/books/edition/Samuel_Reyhers_JCti_bey_der_Hoch_F%C3%BCrstl/NqVoAAAAcAAJ,Kiel_and_Leipzig_1699_tp.png,,,,,,,,
Lyon_1690,,https://www.google.com/books/edition/Claudii_Francisci_Milliet_Dechales_Cursu/kRKLyKHrYl0C,Lyon_1690_tp.png,,,,,,,,
Cambridge_1655,,https://www.google.com/books/edition/Euclidis_Elementorum_libri_XV_breviter_d/FLkTSS1XV7IC,Cambridge_1655_tp.png,,,,,,,,
Cambridge_1655,1,https://www.proquest.com/docview/2240901245,,,,,,,,,
Cambridge_1655,1,https://www.digitale-sammlungen.de/en/view/bsb10235961,,,,,,,,,
London_1659,,https://www.google.com/books/edition/Euclidis_Elementorum_libri_15_Breviter_d/cieEtytHF-4C,London_1659_tp.png,,,,,,,,
Osnabrück_1676,,https://www.google.com/books/edition/Elementorum_Euclidis_Libri_XV_Breviter_a/LRpaAAAAcAAJ,Osnabrück_1676_tp.png,,,,,,,,
London_1678,,https://www.google.ro/books/edition/Euclidis_Elementorum_Libri_XV/mMsfyMxXy9sC,London_1678_tp.png,London_1678_frontispiece.png,,,unknown,,,,
London_1678,1,https://dlc.mpg.de/!image/880550171/7/-/,london_1678_tp_mi1opv.jpg,,,,Public Domain,,,,
London_1685,,https://www.google.nl/books/edition/Euclidis_Elementorum_libri_XV_breviter_d/k3zEcuqwgeEC,London_1685_tp.png,,,,,,,,
London_1687,,https://www.proquest.com/docview/2264193182,London_1687_tp.jpeg,,,,,,,,
Paris_1643,,https://gallica.bnf.fr/ark:/12148/bpt6k8720507g,Paris_1643_tp.jpeg,,,,,,,,
Milan_1671,,https://www.google.com/books/edition/I_primi_sei_libri_d_Euclide_tratti_in_vo/bP3VU0YL4BcC,Milan_1671_tp.png,Milan_1671_frontispiece.png,,,,,,,
Paris_1683,,https://www.google.com/books/edition/Les_elemens_d_Euclide_expliquez_d_une_ma/ZKjExrwYzw8C,Paris_1683_tp.jpeg,,,,,,,,
Paris_1690,,https://www.google.com/books/edition/Les_%C3%A9l%C3%A9mens_d_Euclide_expliquez_d_une/RylNWuuSvI8C,Paris_1690_tp.jpeg,,,,,,,,
Paris_1677a,,https://www.google.com/books/edition/Les_%C3%A9l%C3%A9mens_d_Euclide_expliquez_d_une/mRoPYxUHyGYC,Paris_1677a_tp.jpeg,,,,,,,,
Augsburg_1555,,https://www.google.com/books/edition/Das_sibend_acht_und_neunt_buch_des_hochb/3KJoAAAAcAAJ,Augsburg_1555_tp.png,,,,unknown,,,,
Augsburg_1555,1,https://www.digitale-sammlungen.de/en/details/bsb00078871,augsburg_1555_tp_e6d6ig.jpg,,,,Public Domain,,,,
Rotterdam_1661,,https://books.google.nl/books/edition/De_ses_eerste_boecken_Euclidis_van_de_be/WNhuN6uIWYUC,Rotterdam_1661_tp.png,,,,,,,,
Amsterdam_1700b,,https://www.google.com/books/edition/De_zes_eerste_boecken_van_de_beginselen/ZbJmAAAAcAAJ,Amsterdam_1700b_tp.png,,,,,,,,
Amsterdam_1701,,https://www.google.nl/books/edition/De_zes_eerste_Boecken_Euclidis_van_de_be/iXhaAAAAcAAJ,Amsterdam_1701_tp.png,,,,,,,,
Ansbach_1610,,https://www.google.com/books/edition/Die_ersten_sechs_B%C3%BCcher_Elementorum_Evc/qrqXNzmumroC,Ansbach_1610_tp.png,,,,unknown,,,,
Ansbach_1610,,https://www.e-rara.ch/zut/content/titleinfo/2498733,ansbach_1610_tp_v7lt3b.jpg,,,,Public Domain,,,,
Amsterdam_1662,,https://books.google.nl/books/edition/De_15_boecken_der_elementen_met_korte_ve/tYgf9NvGwggC,Amsterdam_1662_tp.png,,,,,,,,
Oxford_1701,,https://www.google.com/books/edition/Euclidis_Elementorum_libri_priores_sex_i/z54Oq8BSWKsC,Oxford_1701_tp.png,,,,unknown,,,,
Oxford_1701,1,https://dlc.mpg.de/!image/868450871/15/-/,oxford_1701_tp_tng133.png,,,,Public Domain,,,,
Paris_1598a,,https://www.google.nl/books/edition/Les_six_premiers_liures_des_elemens_d_Eu/bW9q_TRw0mcC,Paris_1598a_tp.png,,,,,none,,shm_ddf3cba5db4c,none
Paris_1605,,https://www.google.com/books/edition/Les_neuf_premiers_livres_des_elemens_tra/dIlXAAAAcAAJ,Paris_1605_tp.png,,,,unknown,,,,
Paris_1605,1,https://dlc.mpg.de/!metadata/870649361/5/-/,paris_1605_tp_9102gc.jpg,,,,Public Domain,,,,
Paris_1629,,https://gallica.bnf.fr/ark:/12148/bpt6k8702181q,Paris_1629_tp.jpeg,,,,,,,,
Paris_1640,,https://www.google.com/books/edition/Trait%C3%A9_des_quantitez_incomensurables_ou/PcRlAAAAcAAJ,Paris_1640_tp.jpeg,,,,,,,,
Paris_1565,,https://www.google.com/books/edition/Les_septieme_huictieme_neufieme_livres_d/CDKk_trxzagC,Paris_1565_tp.jpeg,,,,,,,,
Paris_1564,,https://www.google.com/books/edition/Les_Six_premiers_livres_des_Elements_d_E/cBkDqTx5DN4C,Paris_1564_tp.jpeg,,,,,,,,
Paris_1654a,,https://www.google.com/books/edition/Les_%C3%A9l%C3%A9ments_d_Euclide_expliquez_par_l/dgxI3rNTLmQC,Paris_1654a_tp.png,,,,unknown,,,,
Paris_1654a,1,https://dlc.mpg.de/image/870752472/5/,paris_1654a_tp_azijr0.jpg,,,,Public Domain,,,,
Brussels_1701,,,,,,,,,,,
Seville_1576,,https://www.google.com/books/edition/Los_Seis_libros_primeros_dela_geometria/zWy8BnTDHHoC,Seville_1576_tp.png,,,,unknown,,,,
Seville_1576,1,https://books.google.com/books?id=zWy8BnTDHHoC,,,,,unknown,,,,
Seville_1576,1,https://www.bibliotecadigitaldeandalucia.es//catalogo/consulta/registro.cmd?id=6060,,,,,unknown,,,,
Seville_1576,1,http://books.google.com/books?id=zWy8BnTDHHoC&dq=y&source=gbs_navlinks_s,,,,,unknown,,,,
Seville_1576,1,https://archive.org/details/ARes21304/page/n3/mode/2up,seville_1576_tp_h573al.jpg,,,,Public domain,,,,
Brussels_1689,,https://books.google.co.uk/books/edition/Elementos_geometricos_de_Euclides_los_se/F2d_fsz2CZ8C,Brussels_1689_tp.png,,,,unknown,,,,
Brussels_1689,1,https://dlc.mpg.de/image/868393843/7/,brussels_1689_tp_y4x3e1.jpg,,,,Public Domain,,,,
Lyon_1672,,https://www.google.com/books/edition/Huit_livres_des_Elemens/UHw-AAAAcAAJ,Lyon_1672_tp.png,,,,,,,,
Paris_1682,,,,,,,,,,,
Amsterdam_1700,,https://www.google.nl/books/edition/Les_Elemens_d_Euclide/gOfhtmePAx4C,Amsterdam_1700_tp.png,,,,,,,,
Madrid_1665,,https://archive.org/details/HArteR05T12/page/n3/mode/2up,Madrid_1665_tp.png,,,,,,,,
Paris_1566a,,https://www.proquest.com/docview/2090304422?sourcetype=Books&imgSeq=10,Paris_1566a_tp.jpeg,,,,unknown,,,,
Paris_1566a,,https://gallica.bnf.fr/ark:/12148/bpt6k8702020p?rk=64378;0#,Paris_1566a_tp_alt.png,,,,unknown,,,,
Paris_1566a,1,https://gallica.bnf.fr/view3if/ga/ark:/12148/bpt6k8702020p/f5,,,,,unknown - licence-link has error 404,,,,
Amsterdam_1702,,https://www.google.com/books/edition/De_ses_eerste_boeken_der_Beginselen_Eucl/4MI2AAAAMAAJ,Amsterdam_1702_tp.png,Amsterdam_1702_frontispiece.png,,,,,,,
Leiden_1617,,https://www.google.com/books/edition/De_propositien_van_de_XV_boucken_der_ele/qZtpAAAAcAAJ,Leiden_1617_tp.png,,,,,,,,
Siena_1691,,https://www.google.com/books/edition/Elementa_Euclidis_ad_usum_Novae_Academia/gtc4uydqIlYC,Siena_1691_tp.png,,,,,,,,
Paris_1551,,https://www.google.nl/books/edition/Orontij_Finaei_Delphinatis_In_sex_priore/F0xcAAAAcAAJ,Paris_1551_tp.png,,,,,,,,
Paris_1551,,https://archive.org/details/ARes06416,,,many,,,,,,
Paris_1536,,https://www.google.com/books/edition/Orontij_Finei_In_sex_priores_libros_geom/qYC4V9N9P2UC,Paris_1536_tp.png,,True,,,,,,
Paris_1536,1,https://gallica.bnf.fr/ark:/12148/bpt6k8712719q,Paris_1536_tp_2.jpeg,,many,,,,,,
Paris_1544,,https://books.google.fr/books?id=7VeHsLVElLwC&pg=PA2#v=onepage&q&f=false,Paris_1544_tp.png,,,,unknown,,,,
Paris_1544,1,https://echo-old.mpiwg-berlin.mpg.de/ECHOdocuView?url=/permanent/library/53VP19G6/index.meta&pn=5,paris_1544_tp_brsbdp.jpg,,,,Public Domain,,,,
London_1680–81,,https://www.proquest.com/docview/2248504230,London_1680–81_tp.png,,,,,,,,
Pesaro_1619,,https://www.google.com/books/edition/Elementorum_libri_XV_una_cum_scholiis/OIz-VpOZ9AIC,Pesaro_1619_tp.png,,,,,,,,
Strasbourg_1564,,https://www.google.nl/books/edition/Eukleidu_T%C5%8Dn_Pente_Kai_Deka_Stoichei%C5%8Dn/-rs7AAAAcAAJ,Strasbourg_1564_tp.png,,,,unknown,,,,
Strasbourg_1564,1,https://www.digitale-sammlungen.de/en/view/bsb00035129,,,,,unknown,,,,
Strasbourg_1564,1,"https://www.digitale-sammlungen.de/en/view/bsb00035129?page=6,7",strasbourg_1564_tp_ma0avq.jpg,,,,Public Domain,,,,
Strasbourg_1564b,,https://www.google.com/books/edition/Propositiones_reliquorum_Librorum_Geomet/NU3IO_IPGh8C,Strasbourg_1564b_tp.png,,,,unknown,,,,
Strasbourg_1564b,1,"https://www.digitale-sammlungen.de/en/view/bsb00035062?page=4,5",strasbourg_1564b_tp_jasi9l.jpg,,,,Public Domain,,,,
Strasbourg_1566,,https://www.google.com/books/edition/Analyseis_geometric%C3%A6_sex_librorum_Eucli/BGXs-wxO3aIC,Strasbourg_1566_tp.png,,,,unknown,,,,
Strasbourg_1566,1,https://www.digitale-sammlungen.de/en/view/bsb10139475,,,,,No Copyright https://www.digitale-sammlungen.de/en/details/bsb10139475,,,,
Strasbourg_1566,1,https://dlc.mpg.de/!image/868388084/7/-/,strasbourg_1566_tp_1g0w5z.jpg,,,,Public Domain,,,,
Strasbourg_1564a,,https://www.google.nl/books/edition/Eukleidu_T%C5%8Dn_Pente_Kai_Deka_Stoichei%C5%8Dn/D7w7AAAAcAAJ,Strasbourg_1564a_tp.png,,,,,,,,
Strasbourg_1564a,1,https://www.digitale-sammlungen.de/en/view/bsb00035061,,,,,,,,,
Bologna_1651,,https://www.google.nl/books/edition/Degli_elementi_di_Euclide_li_primi_sei_l/dntI0gjyQOYC,Bologna_1651_tp.png,,,,,,,,
Bologna_1651a,,https://www.google.com/books/edition/De_gli_Elementi_di_Euclide_li_primi_sei/gHs-AAAAcAAJ,Bologna_1651a_tp.png,,,,,,,,
Amsterdam_1683,,https://www.google.com/books/edition/Elementa_Geometriae_planae/uWEmAAAAcAAJ,Amsterdam_1683_tp.png,,,,,,,,
Amsterdam_1701b,,https://www.google.com/books/edition/Elementa_Euclidea_geometriae_planae_ac_s/fKk2AAAAMAAJ,Amsterdam_1701b_tp.png,,,,,,,,
Cambridge_1703,,https://www.google.com/books/edition/Elementa_geometri%C3%A6_plan%C3%A6_ac_solid%C3%A6_Eu/9gHKKwQnFngC,Cambridge_1703_tp.png,,,,,,,,
Rome_1574,,https://www.google.com/books/edition/Euclidis_Elementorum_libri_XV/9E2xEit4CKkC,Rome_1574_tp.jpeg,,,,unknown,,,,
Rome_1574,2,https://www.google.fr/books/edition/Euclidis_Posteriores_libri_sex_a_X_ad_XV/tJloAAAAcAAJ,,,,,unknown,,,,
Rome_1574,1,https://babel.hathitrust.org/cgi/pt?id=ucm.5316864701,,,,,no commercial use https://www.hathitrust.org/the-collection/search-access/access-use-policy/#pd-us-google,,,,
Rome_1574,1,https://dlc.mpg.de/image/1860505074/5/,,,,,Public Domain,,,,
Rome_1574,1,https://dlc.mpg.de/!metadata/868386588/5/-/,rome_1574_tp_wv9gqt.jpg,,,,Public Domain,,,,
Cologne_1607,,https://www.google.com/books/edition/Antonii_Possevini_Mantvani_Societatis_Ie/yqWtNTuCDvgC,Cologne_1607_tp.png,,,,,,,,
Cologne_1627,,https://www.google.com/books/edition/Elementa/vns-AAAAcAAJ,Cologne_1627_tp.png,,,,,,,,
Lyon_1660,,,,,,,,,,,
Lyon_1675,,https://books.google.co.uk/books/edition/Elementorum_Euclidis_libri_octo_ad_facil/27HPVTgqiewC,Lyon_1675_tp.png,,,,,,,,
Frankfurt_1674,,https://www.google.com/books/edition/P_GASPARIS_SCHOTTI_REGISCURIANI_E_SOCIET/hzNdhFhzoxAC,Frankfurt_1674_tp.png,,,,,,,,
Rome_1589,2,https://www.google.com/books/edition/Euclidis_Elementorum_Lib_XV/MD6SRC7r204C,Rome_1589_tp.png,,,,,,,,
Rome_1589,2,https://www.google.fr/books/edition/Euclidis_Elementorum_Lib_XV/un-3Dkk1OgAC,,,,,,,,,
Rome_1589,1,https://archive.org/details/ARes41505/page/859/mode/2up,,,,,,,,,
Rome_1603,,https://www.google.com/books/edition/Euclidis_Elementorum_libri_15_Accessit_l/Ok5NMkBaRBkC,Rome_1603_tp.png,,,,,,,,
Douai_1620,,https://www.google.com/books/edition/Evclidis_Elementorvm_libri_sex_priores/6s5ZAAAAcAAJ,Douai_1620_tp.png,,,,,,,,
Douai_1625,,https://www.google.com/books/edition/Euclidis_elementorum_libri_VI/tjgPAAAAQAAJ,Douai_1625_tp.png,,,,,,,,
Rome_1629,,,,,,,,,,,
Douai_1633,,https://www.google.com/books/edition/Euclidis_elementorum_libri_sex_priores/4NKW-vnIhssC,Douai_1633_tp.png,,,,,,,,
Paris_1643b,,https://www.google.com/books/edition/Euclidis_sex_primi_Elementorum_geometric/A2887L4sZ-cC,Paris_1643b_tp.png,,,,,,,,
Paris_1644a,,https://gallica.bnf.fr/ark:/12148/bpt6k87204556.r,Paris_1644a_tp.jpeg,,,,,,,,
Antwerp_1645,,https://books.google.co.uk/books/edition/Euclidis_Elementorum_geometricorum_libro/PZMIxcT2xW0C,Antwerp_1645_tp.png,,,,,,,,
Antwerp_1645,,https://www.digitale-sammlungen.de/en/view/bsb10209647,Antwerp_1645_tp_alt.png,,,,,,,,
Antwerp_1645,1,https://books.google.co.uk/books/about/Euclidis_Elementorum_geometricorum_libro.html?id=PZMIxcT2xW0C&redir_esc=y,,,,,,,,,
Frankfurt_1654,,http://www.mdz-nbn-resolving.de/urn/resolver.pl?urn=urn:nbn:de:bvb:12-bsb10235959-1,Frankfurt_1654_tp.jpeg,,,,,,,,
Paris_1654,,https://www.google.com/books/edition/Euclidis_elementorum_geometricorum_libri/PyPRiwjPSlwC,Paris_1654_tp.png,,,,,,,,
Rome_1655,,https://www.google.com/books/edition/Euclidis_Sex_primi_elementorum_geometric/Hv---MJg61QC,Rome_1655_tp.png,,,,,,,,
Lyon_1674,,https://www.google.com/books/edition/R_P_CLAVDII_FRANCISCI_MILLIET_DECHALES_C/hZ-6z0F_h1QC,Lyon_1674_tp.jpeg,,,,,,,,
Frankfurt_1607,,https://www.google.com/books/edition/Euclidis_Elementorum_libri_15_Accessit_l/VqKUnyqhHl0C,Frankfurt_1607_tp.png,,,,,,,,
London_1654,,https://www.google.com/books/edition/Sex_primi_elementorum_geometricorum_libr/QHw-AAAAcAAJ,London_1654_tp.png,,,,,,,,
Cambridge_1665,,https://www.proquest.com/docview/2240970758,,,,,,,,,
Würzburg_1661,,https://www.google.com/books/edition/P_Gasparis_Schotti_Regiscuriani_E_Societ/mg8WiNxn_f8C,Würzburg_1661_tp.png,,,,,,,,
Würzburg_1661,1,https://www.digitale-sammlungen.de/en/view/bsb10496559,,,,,,,,,
Graz_1636,,https://www.google.com/books/edition/Euclidis_sex_primi_elementorum_geometric/3Xs-AAAAcAAJ,Graz_1636_tp.png,,,,,,,,
Bamberg_1677,,https://archive.org/details/bub_gb_UDk1xrrkLVEC/page/n5/mode/2up,Bamberg_1677_tp.jpeg,,,,,,,,
Ingolstadt_1617,,https://www.google.com/books/edition/Euclides_elementorum_geometricorum_libri/OA4OAAAAQAAJ,Ingolstadt_1617_tp.png,,,,,,,,
Bologna_1629,,https://www.google.com/books/edition/Euclidis_Elementorum_geometricorum_libri/Hb_lHaM1QfEC,Bologna_1629_tp.png,,,,,,,,
Antwerp_1654,,https://www.google.com/books/edition/Elementa_geometriae_planae_ac_solidae_Qu/0PD97TBimBcC,Antwerp_1654_tp.png,,,,,,,,
Antwerp_1672,,https://books.google.be/books/edition/Elementa_geometri%C3%A6_plan%C3%A6_ac_solid%C3%A6_qv/yDkPAAAAQAAJ,Antwerp_1672_tp.png,,,,,,,,
Padua_1694,,https://www.google.com/books/edition/Elementa_geometri%C3%A6_plan%C3%A6_ac_solid%C3%A6_Bo/1hoppt-4hLgC,Padua_1694_tp.png,,,,,,,,
Oxford_1685,,https://www.google.com/books/edition/The_Elements_of_Euclid_Books_1_6_11_12_E/yMllAAAAcAAJ,Oxford_1685_tp.png,,,,,,,,
London_1696,,https://www.proquest.com/docview/2240953783,London_1696_tp.jpeg,,,,,,,,
Oxford_London_1700,,https://www.google.com/books/edition/The_Elements_of_Euclid_Books_1_6_11_12_e/aMplAAAAcAAJ,Oxford_London_1700_tp.png,Oxford_London_1700_frontispiece.png,,,,,,,
Amsterdam_1634,,http://digital.slub-dresden.de/id46912878X,Amsterdam_1634_tp.jpeg,,,,,none,,shm_62d11ecba81c,none
Amsterdam_1634,1,https://echo-old.mpiwg-berlin.mpg.de/ECHOdocuView?url=/mpiwg/online/permanent/library/44XDNYPN/pageimg&viewMode=auto&pn=5&mode=imagepath,amsterdam_1634_tp_zk4r88.jpg,,,Edition from 1618,Public Domain,none,,shm_eaf1155e6b86,none
London_1686,,https://www.proquest.com/docview/2240913069,London_1686_tp.jpeg,,,,,,,,
London_1660,,https://www.proquest.com/docview/2248494297,London_1660_tp.png,,,,,,,,
Amsterdam_1618,,https://www.google.com/books/edition/Die_sechs_ersten_B%C3%BCcher_Euclidis/s-pZAAAAcAAJ,Amsterdam_1618_tp.png,,,,,,,,
Arnhem_1605,,https://www.google.nl/books/edition/C_Dibvadii_In_Arithmeticam_Rationalivm_E/03RpAAAAcAAJ,Arnhem_1605_tp.png,,,,,,,,
Vicenza_1491,,,,,,,,,,,
Venice_1498a,,https://www.google.com/books/edition/Georgio_Valla_Placentino_interprete_Hoc/EKC8AXlrV30C,Venice_1498a_tp.png,,,,,,,,
Venice_1505,,https://www.google.com/books/edition/Euclidis_megare_n_sis_philosophi_platoni/8TEeimGzcfAC,Venice_1505_tp.png,,,,,,,,
Venice_1505,1,https://www.digitale-sammlungen.de/en/view/bsb11199807,,,many,,,,,,
Frankfurt_1506,,https://digital.staatsbibliothek-berlin.de/werkansicht/?PPN=PPN769046347,,,,,,,,,
Venice_1509,,https://www.google.com/books/edition/Euclidis_Megarensis_Opera/9mdY8sZcUa4C,Venice_1509_tp.png,,,,unknown,,,,
Venice_1509,,https://dlc.mpg.de/image/868387185/7/,venice_1509_tp_84i81m.jpg,,,,Public Domain. https://creativecommons.org/publicdomain/mark/1.0/deed.de,,,,
Venice_1510,,https://www.google.com/books/edition/Euclidis_Megarensis_Habent_in_hoc_volumi/iMkxYb4ecgQC,Venice_1510_tp.png,,,,,,,,
Paris_1516,,https://www.digitale-sammlungen.de/en/details/bsb11111685,Paris_1516_tp.png,,,,,,,,
Basel_1533,,https://www.google.com/books/edition/Euclidis_Elementorum_libri_XV/VBVSP056oZwC,Basel_1533_tp.png,,many,,,,,,
Basel_1537,,https://www.google.com/books/edition/Evclidis_Megariensis_Mathematici_Clariss/2nIkNLZ9GvQC,Basel_1537_tp.png,,,,,,,,
Strasbourg_1538,,https://www.google.com/books/edition/Eukleidu_T%C5%8Dn_Pente_Kai_Deka_Stoichei%C5%8Dn/PclWAAAAcAAJ,Strasbourg_1538_tp.png,,,,,,,,
Venice_1543,,https://www.google.com/books/edition/Euclide_megarense_philosopho_solo_introd/aEgC6RV8gIcC,Venice_1543_tp.png,,,,unknown,,,,
Venice_1543,1,https://www.digitale-sammlungen.de/en/view/bsb10139484,,,,,No Copyright,,,,
Venice_1543,1,https://www.e-rara.ch/zut/content/zoom/3840171,,,,,Public Domain,,,,
Paris_1545,,,,,,,,,,,
Rome_1545,,https://www.google.nl/books/edition/Eukleidou_Stoichei%C5%8Dn_biblia_15_Euclidis/_FhAsYJ0K7gC,Rome_1545_tp.png,,,,,,,,
Rome_1545a,,https://www.google.com/books/edition/I_Quindici_libri_degli_elementi_di_Eucli/Pz3Knq5dJTkC,Rome_1545a_tp.png,,,,unknown,,,,
Rome_1545a,1,https://dlc.mpg.de/!image/868445657/5/-/,rome_1545a_tp_fw0rij.jpg,,,,Public Domain,,,,
Basel_1546,,https://www.google.ro/books/edition/Euclidis_Elementorum_geometricorum_libri/swjsres6uh8C,Basel_1546_tp.png,,,,,,,,
Leipzig_1549,,http://resolver.staatsbibliothek-berlin.de/SBB00008F7C00000000,Leipzig_1549_tp.png,,,,,,,,
Paris_1549,,https://www.google.com/books/edition/Euclides_Lat_Containing_the_definitions/Oi3heWQjM-kC,Paris_1549_tp.png,,many,,,,,,
Paris_1551a,,https://www.google.com/books/edition/Euclidis_Elementorum_liber_decimus_Petro/chWpZK0gSAkC,Paris_1551a_tp.png,,,,unknown,,,,
Paris_1551a,1,https://echo-old.mpiwg-berlin.mpg.de/ECHOdocuView?url=/permanent/library/0H9EPKT9/pageimg&viewMode=image&pn=5&mode=imagepath,,,,,Public Domain,,,,
Paris_1552,,,,,,,,,,,
Cologne_1556,,https://www.google.com/books/edition/Euclidis_Megarensis_mathematici_clariss/f7tpAAAAcAAJ,Cologne_1556_tp.png,,,,unknown,,,,
Cologne_1556,1,"https://www.digitale-sammlungen.de/en/view/bsb00015424?page=6,7",cologne_1556_tp_cf376q.jpg,,,,Public Domain,,,,
Lyon_1557,,https://www.google.com/books/edition/Iacobi_Peletarii_Cenomani_In_Euclidis_El/bsz37Ilvq3QC,Lyon_1557_tp.png,,,,unknown,,,,
Lyon_1557,1,https://www.digitale-sammlungen.de/en/view/bsb11199174,,,,,unknown,,,,
Lyon_1557,1,https://echo-old.mpiwg-berlin.mpg.de/ECHOdocuView?url=/permanent/library/R2W16K7R/pageimg&viewMode=auto&pn=5&mode=imagepath,lyon_1557_tp_rkwc26.jpg,,,,Public Domain,,,,
Paris_1557,,https://www.google.com/books/edition/Eisag%C5%8Dg%C4%93_harmonik%C4%93/EUM8AAAAcAAJ,Paris_1557_tp.png,,,,,,,,
Basel_1558,,http://www.mdz-nbn-resolving.de/urn/resolver.pl?urn=urn:nbn:de:bvb:12-bsb11058001-4,Basel_1558_tp.jpeg,,,,,,,,
Paris_1558,,https://www.google.nl/books/edition/Euclidis_Elementorum_libri_XV/zz8HZKewReUC,Paris_1558_tp.png,,,,,,,,
Paris_1558a,,https://www.google.com/books/edition/Euclidis_elementorum_libri_quindecim_The/acNlAAAAcAAJ,Paris_1558a_tp.png,,,,,,,,
Strasbourg_1559,,http://resolver.staatsbibliothek-berlin.de/SBB0001AEB400000000,Strasbourg_1559_tp.png,,,,,,,,
Basel_1562,,https://www.google.com/books/edition/Die_Sechs_Erste_B%C3%BCcher_Euclidis_Vom_anf/dwZZAAAAcAAJ,Basel_1562_tp.png,,,,unknown,,,,
Basel_1562,1,https://dlc.mpg.de/image/868394203/5/,basel_1562_tp_tg7qb0.jpg,,,,Public Domain,,,,
Basel_1562,1,http://www.mdz-nbn-resolving.de/urn/resolver.pl?urn=urn:nbn:de:bvb:12-bsb11057832-1,,,,,,,,,
Basel_1562,1,http://www.mdz-nbn-resolving.de/urn/resolver.pl?urn=urn:nbn:de:bvb:12-bsb10139482-5,,,,,,,,,
Cologne_1564,,https://www.google.com/books/edition/Tractatus_De_Usu_Globi_Astriferi/zMk7AAAAcAAJ,Cologne_1564_tp.png,,,,unknown,,,,
Cologne_1564,1,"https://www.digitale-sammlungen.de/en/view/bsb00016105?q=%28Euclidis+Elementa%29&page=4,5",cologne_1564_tp_a0j5vd.jpg,,,,Public Domain,,,,
Cologne_1564,1,"https://www.digitale-sammlungen.de/en/view/bsb00035113?q=%28Euclidis+Elementa%29&page=10,11",cologne_1564_tp_05iv8m.jpg,,,,Public Domain,,,,
Wittenberg_1564,,https://www.google.com/books/edition/Arithmetices_Evclideae_Liber_Primvs/1ppoAAAAcAAJ,Wittenberg_1564_tp.png,,,,unknown,,,,
Wittenberg_1564,1,"https://www.digitale-sammlungen.de/en/view/bsb00015396?page=6,7",wittenberg_1564_tp_foacus.jpg,,,,Public Domain,,,,
Wittenberg_1564,1,http://www.mdz-nbn-resolving.de/urn/resolver.pl?urn=urn:nbn:de:bvb:12-bsb10994219-3,,,,,,,,,
Wittenberg_1564,1,http://data.onb.ac.at/ABO/+Z185425503,,,,,,,,,
Venice_1565,,https://www.google.com/books/edition/Evclide_Megarense_Philosopho_Solo_Introd/fcNZAAAAcAAJ,Venice_1565_tp.png,,,,,,,,
Paris_1566,,https://www.google.com/books/edition/Euclidis_Elementa_geometrica_libris_15_a/9nWsxqL3RZgC,Paris_1566_tp.png,,,,,,,,
Paris_1566,,https://www.digitale-sammlungen.de/en/view/bsb11199175,Paris_1566_tp_alt.png,,,,,,,,
Paris_1566,,https://www.google.com/books/edition/Elementa_geometrica/hJdpAAAAcAAJ,,,,,,,,,
Venice_1569,,https://www.google.com/books/edition/Evclide_Megarense_Acvtissimo_Philosopho/qV8nH4gk-ZQC,Venice_1569_tp.png,,,,unknown,,,,
Venice_1569,1,https://echo-old.mpiwg-berlin.mpg.de/ECHOdocuView?url=/mpiwg/online/permanent/library/RZ3VMY2U/pageimg&viewMode=auto&pn=7&mode=imagepath,venice_1569_tp_v3lyky.jpg,,,Print from 1567,Public Domain,,,,
London_1570,,https://archive.org/details/elementsgeometr00eucl/page/n21/mode/2up,London_1570_tp.png,,,,,,,,
Strasbourg_1570a,,https://www.google.com/books/edition/Euclidis_Propositiones_Elementorum_15_Op/b_AegGpLGmwC,Strasbourg_1570a_tp.png,,,,unknown,,,,
Strasbourg_1570a,1,"https://www.digitale-sammlungen.de/en/view/bsb00015398?page=6,7",,,,,Public Domain,,,,
Strasbourg_1571,,https://www.google.nl/books/edition/Evclidis_Elementorvm_Liber_primus/0d5RAAAAcAAJ,Strasbourg_1571_tp.png,,,,,,,,
Strasbourg_1571a,,https://www.google.com/books/edition/Evclidis_Omnes_Omnivm_Librorvm_Propositi/BJtoAAAAcAAJ,Strasbourg_1571a_tp.png,,,,,,,,
Pesaro_1572,,https://www.google.com/books/edition/Euclidis_elementorum_libri_XV/jEoRPuxe_pcC,Pesaro_1572_tp.png,,,,unknown,,,,
Pesaro_1572,1,https://numelyo.bm-lyon.fr/f_view/BML:BML_00GOO0100137001102287104#,pesaro_1572_tp_z1ib0x.jpg,,,,Public Domain,,,,
Pesaro_1572,1,https://dlc.mpg.de/image/868383821/6/,pesaro_1572_tp_rn4hef.jpg,,,,Public Domain,,,,
Paris_1573,,https://www.google.com/books/edition/Euclidis_Elementorum_libri_15_Graec%C3%A8_La/4D4Px85-r3gC,Paris_1573_tp.png,,,,unknown,,,,
Paris_1573,1,https://dlc.mpg.de/image/868395366/5/,paris_1573_tp_z1cp3m.png,,,,Public Domain,,,,
Urbino_1575,,https://www.google.com/books/edition/De_gli_elementi_d_Euclides/TchCAAAAcAAJ,Urbino_1575_tp.png,,,,unknown,,,,
Urbino_1575,1,https://dlc.mpg.de/!image/868383848/6/-/,urbino_1575_tp_05har1.jpg,,,,Public Domain,,,,
Venice_1575,,https://www.google.com/books/edition/D_Francisci_Mavrolyci_Abbatis_Messanensi/93xmAAAAcAAJ,Venice_1575_tp.png,,,,,,,,
Paris_1578,,https://www.google.com/books/edition/Evclidis_Megarensis_Mathematici_Clarissi/TyQSgd8422MC,Paris_1578_tp.png,,,,unknown,,,,
Paris_1578,1,,paris_1578_tp_zk3j35.jpg,,,,Public Domain,,,,
Cologne_1580,,https://www.google.com/books/edition/Elementorum_libri_XV/J8g7AAAAcAAJ,Cologne_1580_tp.png,,,,unknown,,,,
Cologne_1580,1,"https://www.digitale-sammlungen.de/en/view/bsb00015811?q=%28Euclidis+Elementa%29&page=6,7",,,,,Public Domain,,,,
Venice_1585,,https://www.google.com/books/edition/Euclide_megarense_acutissimo_philosopho/7NV6MduYLhMC,Venice_1585_tp.png,,,,,,,,
Venice_1586,,https://www.google.com/books/edition/Evclide_Megarense_Acvtissimo_Philosopho/nMNZAAAAcAAJ,Venice_1586_tp.png,,,,,,,,
Cologne_1587,,https://www.google.com/books/edition/Euclidis_elementorum_libri_XV/J-ZRAAAAcAAJ,Cologne_1587_tp.png,,,,,,,,
Rome_1594,,https://www.google.com/books/edition/Kit%C4%81b_ta%E1%B8%A5r%C4%ABr_us%C5%ABl_li_Uql%C4%ABdis_min_t/pEZZAAAAcAAJ,Rome_1594_tp.png,,,,,,,,
Paris_1598,,https://www.google.com/books/edition/Euclidis_Elementorum_libri_XV_Gr%C3%A6ce_Lat/EsNlAAAAcAAJ,Paris_1598_tp.png,,,,,,,,
Cologne_1600,,https://www.google.com/books/edition/Evclidis_Elementorvm_Libri_XV/EN9RAAAAcAAJ,Cologne_1600_tp.png,,,,unknown,,,,
Cologne_1600,1,https://dlc.mpg.de/!metadata/868448702/5/-/,cologne_1600_tp_mf1af5.jpg,,,,,,,,
Cologne_1602,,https://www.google.com/books/edition/Elementa/AJdpAAAAcAAJ,Cologne_1602_tp.png,,,,,,,,
Paris_1602,,,,,,,,,,,
Arnhem_1603,,https://www.google.com/books/edition/C_Dibvadii_In_Geometriam_Evclidis_priori/xHQ8AAAAcAAJ,Arnhem_1603_tp.png,,,,,,,,
Arnhem_1605a,,https://www.google.com/books/edition/C_Dibvadii_in_arithmeticam_irrationalivm/gMI2AAAAMAAJ,Arnhem_1605a_tp.png,,,,unknown,,,,
Arnhem_1605a,1,https://dlc.mpg.de/!image/868450855/5/-/,arnhem_1605a_tp_h950am.jpg,,,,Public Domain,,,,
Leiden_1606,,https://www.google.com/books/edition/De_ses_eerste_boucken_Euclidis_van_de_be/QZllAAAAcAAJ,Leiden_1606_tp.png,,,,,,,,
Beijing_1607,,,,,,,,,,,
Leiden_1607,,,,,,,,,,,
Geneva_1610,,https://www.google.com/books/edition/Iacobi_Peletarii_Cenom_in_Euclidis_Eleme/6Rhbnf9YksYC,Geneva_1610_tp.png,,,,,,,,
Geneva_1611,,,Geneva_1611_tp.jpeg,,,,,,,,
Beijing_1611,,,,,,,,,,,
Cologne_1612,,https://www.google.com/books/edition/Euclidis_Elementorum_libri_XV_Praef_St_G/ioBQcIXRsDwC,Cologne_1612_tp.png,,,,,,,,
Paris_1612,,https://www.google.ro/books/edition/Evclidis_elementvm_decimvm/Gu9X-HOWr_cC,Paris_1612_tp.png,,,,,,,,
Paris_1613,,https://www.google.com/books/edition/Les_El%C3%A9mens_de_la_g%C3%A9om%C3%A9trie_d_Euclide/iIer_H_9YCUC,Paris_1613_tp.jpeg,,,,,,,,
Paris_1615,,https://www.google.com/books/edition/Les_quinze_livres_des_Elements_d_Euclide/XIhmAAAAcAAJ,Paris_1615_tp.jpeg,,,,,none,,shm_1789d169edd3,none
Paris_1615,1,https://www.digitale-sammlungen.de/en/view/bsb11110481,,,,,,none,,shm_342e13c2da56,none
Amsterdam_1616,,https://www.google.com/books/edition/De_ses_eerste_boucken_Euclidis_van_de_be/xyplAAAAcAAJ,Amsterdam_1616_tp.png,,,,,,,,
Pesaro_1619a,,https://www.google.com/books/edition/De_gli_Elementi_d_Euclide_libri_quindici/hz7yUkGqylcC,Pesaro_1619a_tp.png,,,,,,,,
London_1620,,https://www.google.com/books/edition/%CE%95%E1%BD%90%CE%BA%CE%BB%CE%B5%CE%B9%CE%B4%CE%BF%CF%85_%CE%A3%CF%84%CE%BF%CE%B9%CF%87%CE%B5%CE%B9%CF%89%CE%BD/SkugIDhnErAC,London_1620_tp.png,,,,unknown,,,,
London_1620,1,https://dlc.mpg.de/!image/868453838/7/-/,london_1620_tp_32t75e.jpg,,,,Public Domain,,,,
Paris_1621,,https://www.google.com/books/edition/Les_quinze_livres_des_Elemens_d_Euclide/12w-AAAAcAAJ,Paris_1621_tp.jpeg,,,,,,,,
Paris_1622,,https://www.google.com/books/edition/Les_Quinze_livres_des_elements_geometriq/K4GBeExy1PoC,Paris_1622_tp.jpeg,,,,,,,,
Paris_1623,,,,,,,,,,,
Paris_1624,,https://www.google.com/books/edition/Paradoxes_De_Meynier_Contre_Les_Mathemat/7udEAAAAcAAJ,Paris_1624_tp.jpeg,,,,,,,,
Paris_1624,1,https://www.digitale-sammlungen.de/en/view/bsb10594136,,,,,,,,,
Amsterdam_1626,,https://www.google.com/books/edition/De_ses_eerste_boecken_Evclidis_van_de_be/p80pn8JsAnkC,Amsterdam_1626_tp.png,,,,,,,,
Paris_1626a,,,,,,,,,,,
Ferrara_1628,,https://www.google.com/books/edition/Euclidis_Elementoru_m_libri_VI_ad_perill/CUv8JXQtqwYC,Ferrara_1628_tp.png,,,,,,,,
Geneva_1628,,https://www.google.com/books/edition/Les_Six_premiers_livres_des_El%C3%A9ments_g/N9bJgGgr3yQC,Geneva_1628_tp.jpeg,,,,,,,,
Beijing_1629,,,,,,,,,,,
Paris_1630,,,,,,,,,,,
Paris_1631,,https://www.google.com/books/edition/Les_quinze_livres_des_%C3%A9l%C3%A9mens_d_Euclid/ia9BAAAAcAAJ,Paris_1631_tp.png,,,,,,,,
Paris_1632,,https://www.google.com/books/edition/Les_quinze_livres_des_%C3%A9l%C3%A9ments_d_Eucli/TkP-1l5L1lUC,Paris_1632_tp.jpeg,,,,unknown,,,,
Paris_1632,1,https://gallica.bnf.fr/view3if/ga/ark:/12148/bpt6k1510937s/f5,,,,,unknown - licence-link has error 404,,,,
Paris_1632a,,https://www.google.com/books/edition/Les_quinze_livres_des_elemens_geometriqu/dG0-AAAAcAAJ,Paris_1632a_tp.jpeg,,,,,,,,
Rotterdam_1632,,https://www.google.com/books/edition/De_ses_eerste_boecken_Euclidis_van_de_be/oM5mAAAAcAAJ,Rotterdam_1632_tp.png,,,,,,,,
Hamburg_1633,,https://www.google.com/books/edition/Zes_eerste_Boekken_van_de_Beginselen_der/M39ZiFw_Y00C,Hamburg_1633_tp.png,,,,,,,,
Paris_1634,1,https://www.google.com/books/edition/Cursus_mathematicus_nova_brevi_et_clara/jq81HDK3aSoC,paris_1634_tp_r2bgvl.png,,,,,,,,
Paris_1634,2,https://www.google.fr/books/edition/Cours_math%C3%A9matique_demonstr%C3%A9_d_une_nou/y7g0QY9S6_AC?hl=en&gbpv=1&pg=PP7&printsec=frontcover,,,,,,,,,
Paris_1634,3,https://www.google.fr/books/edition/Cursus_mathematicus_nova_brevi_et_clara/mXPThoEUpwAC?hl=en&gbpv=1&pg=PP5&printsec=frontcover,,,,,,,,,
Paris_1634,4,https://www.google.fr/books/edition/Cursus_mathematicus/XX73uLM1vSwC?hl=en&gbpv=1&pg=PP5&printsec=frontcover,,,,,,,,,
Paris_1634,1,https://gallica.bnf.fr/ark:/12148/bpt6k618506,,,,,,,,,
Paris_1634,2,https://gallica.bnf.fr/ark:/12148/bpt6k61851j?rk=42918;4,,,,,,,,,
Paris_1634,3,https://gallica.bnf.fr/ark:/12148/bpt6k61852w?rk=64378;0,,,,,,,,,
Paris_1634,4,https://gallica.bnf.fr/ark:/12148/bpt6k618537?rk=85837;2,,,,,,,,,
Paris_1634,5,https://gallica.bnf.fr/ark:/12148/bpt6k61854k?rk=107296;4,,,,,,,,,
Paris_1634,5,https://www.google.com/books/edition/Cursus_mathematicus_nova_brevi_et_clara/LzL6GinT3OsC,,,,,,,,,
Paris_1634,1,https://diglib.hab.de/drucke/27-9-geom/start.htm,,,,,,,,,
Paris_1634,6,https://www.google.com/books/edition/Supplementum_Cursus_mathematici_continen/5_dsTRSiW68C,,,,,,,,,
Paris_1634,6,https://gallica.bnf.fr/ark:/12148/bpt6k87020213?rk=64378;0,,,,,,,,,
Alcala_1637,,https://www.google.com/books/edition/Elementos_geometricos_de_Euclides_philos/9GH8RqDkKmsC,Alcala_1637_tp.png,,,,,,,,
Hamburg_1638,,https://www.google.com/books/edition/Euklides_zes_eerste_boekken_van_de_begin/iYrka6yi4XQC,Hamburg_1638_tp.png,,,,,,,,
Paris_1639,,https://www.google.com/books/edition/Les_six_premiers_livres_des_%C3%A9l%C3%A9ments_d/q5qYhOGvzP4C,Paris_1639_tp.jpeg,,,,unknown,,,,
Paris_1639,1,https://gallica.bnf.fr/ark:/12148/bpt6k8720488k?rk=107296;4,,,,,unknown,,,,
Paris_1639,1,https://gallica.bnf.fr/view3if/ga/ark:/12148/bpt6k8720488k/f5,,,,,unknwon - licence-link has error 404,,,,
Venice_1641,,,,,,,,,,,
Paris_1644,,https://www.google.nl/books/edition/Cvrsvs_mathematicvs_nova_brevi_et_clara/krM4AAAAMAAJ,Paris_1644_tp.jpeg,,,,,,,,
Paris_1644,1,https://www.digitale-sammlungen.de/en/view/bsb10235919,,,,,,,,,
Paris_1644,1,https://gallica.bnf.fr/ark:/12148/bpt6k87205062?rk=85837;2,,,,,,,,,
Paris_1644,1,https://gallica.bnf.fr/view3if/ga/ark:/12148/bpt6k87205062/f5,,,,,"unknown, Licence-link has error 404",,,,
Paris_1644b,1,https://www.google.nl/books/edition/Cursus_mathematicus_noua_breui_et_clara/K0myw8QFkgwC,Paris_1644b_tp.jpeg,,,,,,,,
Paris_1644b,3,https://www.digitale-sammlungen.de/en/view/bsb10593925,,,,,,,,,
Paris_1644b,4,https://www.digitale-sammlungen.de/en/view/bsb10593926,,,,,,,,,
Paris_1644b,1,https://www.digitale-sammlungen.de/en/view/bsb10593923,,,,,,,,,
Paris_1644b,2,https://www.digitale-sammlungen.de/en/view/bsb10593924,,,,,,,,,
Paris_1644b,5,https://www.digitale-sammlungen.de/en/view/bsb10593927,,,,,,,,,
Paris_1644b,6,https://www.digitale-sammlungen.de/en/view/bsb10593928,,,,,,,,,
Paris_1644b,2,https://gallica.bnf.fr/ark:/12148/bpt6k8702023x?rk=42918;4,,,,,,,,,
Paris_1644b,2,https://gallica.bnf.fr/ark:/12148/bpt6k8702023x?rk=42918;4,,,,,,,,,
Paris_1644b,3,https://gallica.bnf.fr/ark:/12148/bpt6k8702024b?rk=64378;0,,,,,,,,,
Paris_1644b,4,https://gallica.bnf.fr/ark:/12148/bpt6k8702025r?rk=85837;2,,,,,,,,,
Paris_1644b,5,https://gallica.bnf.fr/ark:/12148/bpt6k87020265?rk=107296;4,,,,,,,,,
Paris_1644b,6,https://gallica.bnf.fr/ark:/12148/bpt6k8702027k?rk=128756;0,,,,,,,,,
Paris_1644c,,https://www.google.com/books/edition/Vniuersae_geometriae_mixtaeque_mathemati/1BLr07HueLgC,Paris_1644c_tp.png,,,,,,,,
Lyon_1645,,https://www.google.com/books/edition/Les_Quinze_livres_des_%C3%A9l%C3%A9ments_g%C3%A9om%C3%A9/DnG2u-0fb9kC,Lyon_1645_tp.jpeg,,,,,,,,
Lyon_1646,,,,,,,,,,,
Rotterdam_1647,,https://www.google.com/books/edition/De_ses_eerste_boecken_van_de_beginselen/OutYi45fS_oC,Rotterdam_1647_tp.png,,,,,,,,
Utrecht_1647,,https://www.google.com/books/edition/De_ses_eerste_boecken_Euclidis/NMc2AAAAMAAJ,Utrecht_1647_tp.png,,,,,,,,
Venice_1647,,https://www.google.com/books/edition/Euclidis_Elementorum_libri_6/NSkQw6sAyUoC,,Venice_1647_frontispiece.png,,,,,,,
Rouen_1649,,,,,,,,,,,
London_1651,1,https://www.proquest.com/docview/2248567719,London_1651_tp.png,,,,,,,,
London_1651,1,https://archive.org/details/b30337070,,,,,,,,,
Paris_1652,,https://www.google.com/books/edition/Paradoxes_contre_les_mathematiciens_qui/Aor4SmKcQJ0C,Paris_1652_tp.png,,,,,,,,
Amsterdam_1660,,https://www.google.ro/books/edition/Euklides_Ses_eerste_boekken_van_de_begin/VZlnAAAAcAAJ,Amsterdam_1660_tp.png,,,,,,,,
London_1661,,https://www.proquest.com/docview/2240865663,London_1661_tp.png,,,,,,,,
Leiden_and_Amsterdam_1673,,https://www.google.ro/books/edition/Evclidis_Elementorvm_Sex_Priores_Libri/ycVZAAAAcAAJ,Leiden_and_Amsterdam_1673_tp.png,Leiden_and_Amsterdam_1673_frontispiece.png,,,,,,,
Rouen_1676,,https://www.google.com/books/edition/Les_quinze_livres_des_elements_d_Euclide/oJkzoyScTZkC,Rouen_1676_tp.jpeg,,,,,,,,
Rouen_and_Paris_1677,,,,,,,,,,,
Naples_1679,,https://books.google.com/books/edition/Elementorum_libri_sex/EyALfNBReI8C,Naples_1679_tp.png,,,,,,,,
Rotterdam_1681,,https://books.google.com/books/edition/De_VI_eerste_boucken_Euclidis_van_de_beg/YhQYIJfYCxIC,Rotterdam_1681_tp.png,,,,,,,,
Paris_1682a,,https://www.google.com/books/edition/Oeuvres_posthumes_de_Mr_Rohault/RfrPCrkaFCUC,Paris_1682a_tp.jpeg,,,,,,,,
Paris_1682a,1,https://gallica.bnf.fr/ark:/12148/bpt6k1042669z?rk=21459,,,,,,,,,
Paris_1682a,1,https://gallica.bnf.fr/ark:/12148/bpt6k9689771r?rk=42918,,,,,,,,,
Lausanne_1683,,,,,,,,,,,
Rouen_and_Paris_1683,,https://www.google.com/books/edition/Les_quinze_livres_des_elemens_geometriqu/aTE0gAbQfk0C,Rouen_and_Paris_1683_tp.jpeg,,,,,,,,
Bologna_1684,,https://www.google.com/books/edition/Sex_priora_Euclidis_geometrica_elementa/R0BJn_G9tlgC,Bologna_1684_tp.png,,,,,,,,
Rouen_and_Paris_1685,,,,,,,,,,,
The_Hague_1690,,https://www.google.com/books/edition/Oeuvres_posthumes_de_Mr_Rohault_Tome_pre/sSGBeIWIpsYC,The_Hague_1690_tp.png,,,,,,,,
Leiden_1691,,https://www.google.com/books/edition/Euclidis_Elementorum_Sex_Libri_Priores/S6g2AAAAMAAJ,Leiden_1691_tp.png,Leiden_1691_frontispiece.png,,,unknown,,,,
Leiden_1691,1,https://dlc.mpg.de/!image/868384313/7/,leiden_1691_tp_14qbby.jpg,,,,Public Domain,,,,
Leiden_1692,,https://www.google.com/books/edition/Elementorum_sex_libri_priores_magnam_par/QJllAAAAcAAJ,Leiden_1692_tp.png,Leiden_1692_frontispiece.png,,,,,,,
Paris_1693,1,https://www.google.com/books/edition/Cours_de_Mathematique/cWKQ-2KEWGMC,Paris_1693_tp.png,,,,,,,,
Paris_1693,2,https://www.google.fr/books/edition/Cours_de_math%C3%A9matique_qui_comprend_tout/YGtmAAAAcAAJ?hl=en&gbpv=1&pg=PP9&printsec=frontcover,,,,,,,,,
Paris_1693,3,https://www.google.fr/books/edition/Cours_De_Mathematique/OGtmAAAAcAAJ?hl=en&gbpv=1&pg=PP1&printsec=frontcover,,,,,,,,,
Paris_1693,5,https://books.google.fr/books?id=Fl36CtMlLgkC&pg=PP5#v=onepage&q&f=false,,,,,,,,,
Paris_1693,4,https://books.google.fr/books?id=Bg_PpRscwyUC&hl=fr&pg=PP5#v=onepage&q&f=false,,,,,,,,,
Paris_1693,1,https://gallica.bnf.fr/ark:/12148/bpt6k87204808?rk=42918;4,,,,,,,,,
Paris_1693,2,https://gallica.bnf.fr/ark:/12148/bpt6k8720465k?rk=64378;0,,,,,,,,,
Paris_1693,3,https://gallica.bnf.fr/ark:/12148/bpt6k8720468t?rk=107296;4,,,,,,,,,
Paris_1693,4,https://gallica.bnf.fr/ark:/12148/bpt6k8720485b?rk=21459;2,,,,,,,,,
Paris_1693,5,https://gallica.bnf.fr/ark:/12148/bpt6k8720459v?rk=85837;2,,,,,,,,,
Vienna_1694,,https://www.google.com/books/edition/Teutsch_redender_Euclides_oder_8_B%C3%BCcher/UMNZAAAAcAAJ,Vienna_1694_tp.png,,,,,,,,
Vienna_1694,,https://www.digitale-sammlungen.de/en/view/bsb10215850,Vienna_1694_tp_alt.png,,,,,,,,
Vienna_1694,,https://www.google.com/books/edition/Teutsch_Redender_Euclides_Oder_Acht_B%C3%BCc/KjPK8kYpY3gC,,,,,,,,,
Amsterdam_1695,,https://books.google.com/books/edition/Euclidis_Beginselen_der_meetkonst/l9RJAAAAMAAJ,Amsterdam_1695_tp.png,Amsterdam_1695_frontispiece.png,,,,,,,
Amsterdam_1697,,https://www.google.com/books/edition/Cours_de_mathematique/i9JLzazfMBcC,Amsterdam_1697_tp.png,,,,,,,,
Paris_1697,,https://www.google.com/books/edition/Cours_de_mathematique_qui_comprend_toute/FkpVmZBdKH4C,Paris_1697_tp.jpeg,,,,,,,,
Lübeck_and_Frankfurt_1699,,https://www.google.com/books/edition/Teutsch_redender_Euclides/0q1AAAAAcAAJ,Lübeck_and_Frankfurt_1699_tp.png,,,,,,,,
Lübeck_and_Frankfurt_1699,,,Lübeck_and_Frankfurt_1699_tp_alt.png,,,,,,,,
Lübeck_and_Frankfurt_1699,,http://digital.slub-dresden.de/id454544537,,,,,,,,,
Naples_1701,,https://www.google.ro/books/edition/Elementa_Euclidis_ad_usum_nova_methodo_e/Rw0OAAAAQAAJ,Naples_1701_tp.png,,,,,,,,
Milan_1702,,https://www.google.com/books/edition/I_primi_sei_libri_d_Euclide_tratti_in_vo/nyD9ttqd2XgC,Milan_1702_tp.png,,,,,,,,
Naples_1702,,,,,,,,,,,
London_1705,,https://books.google.com.ec/books/edition/Euclide_s_Elements/pmpbAAAAQAAJ,London_1705_tp.png,,,,,,,,
Kiel_Hamburg_and_Leipzig_1697,,,,,,,,,,,
s.l_1650,,https://digital.slub-dresden.de/werkansicht/dlf/26307/1,s.l_1650_tp.png,,,,,,,,
Oxford_1703,,https://www.google.com/books/edition/Euclidis_quae_supersunt_omnia/mJNBAAAAcAAJ,Oxford_1703_tp.png,Oxford_1703_frontispiece.png,,,,,,,
Oxford_1703,1,https://www.digitale-sammlungen.de/en/view/bsb10209645,,,,,,,,,
Oxford_1703,1,https://babel.hathitrust.org/cgi/pt?id=ucm.5326679405,,,,,,,,,
Utrecht_n.d,,https://books.google.co.uk/books/edition/De_vijfthien_boecken/xNYqIHfhOh8C,Utrecht_n.d_tp.png,,,,,,,,
Lyon_1603,,https://www.google.com/books/edition/C_Dibuadij_In_geometriam_Euclidis_priori/BUdYGbg_Vm4C,Lyon_1603_tp.png,,,,unknown,,,,
Lyon_1603,1,https://gdz.sub.uni-goettingen.de/id/PPN618673253,lyon_1603_tp_vpsa0q.jpg,,,,Public Domain,,,,
Lyon_1603,1,https://archive.org/details/bub_gb_BUdYGbg_Vm4C,lyon_1603_tp_b1nt34.jpg,,,,Public Domain,,,,
Paris_1667,,https://www.google.com/books/edition/Nouveaux_elemens_de_geometrie/X1jURV9nyigC,Paris_1667_tp.png,,,,,,,,
Lyon_1669,,https://www.google.com/books/edition/Synopsis_Geometrica/TfsGAAAAcAAJ,Lyon_1669_tp.png,,,,,,,,
Lyon_1669,1,https://books.google.co.uk/books/about/Synopsis_geometrica_cui_accessere_tria_o.html?id=zbJqDHIzaDcC&redir_esc=y,,,,,,,,,
Lyon_1669,1,https://www.digitale-sammlungen.de/en/view/bsb10081765,,,,,,,,,
Oxford_1705,,,,,,,,,,,
Livorno_1709,,https://www.google.com/books/edition/Euclides_reformatus_sive_plana_et_solida/085et4hApewC,Livorno_1709_tp.png,,,,unknown,,,,
Livorno_1709,1,https://www.e-rara.ch/zut/content/titleinfo/14575305,,,,,Public Domain https://creativecommons.org/publicdomain/mark/1.0/deed.de ,,,,
Livorno_1709,1,https://dlc.mpg.de/image/868390151/7/,livorno_1709_tp_x0qhol.jpg,,,,Public Domain,,,,
Lisbon_1735,,https://www.google.com/books/edition/Elementos_de_geometria_plana_e_solida_se/7zNx_QFbxnQC,Lisbon_1735_tp.png,Lisbon_1735_frontispiece.png,,,,,,,
Lisbon_1735,1,https://archive.org/details/bub_gb_Hof-Xq5rm5kC/page/n11/mode/2up,,,,,,,,,
Paris_1739,,https://www.google.com/books/edition/La_science_des_g%C3%A9om%C3%A8tres/WV2pWEEKkfkC,Paris_1739_tp.png,,,,,,,,
Uppsala_1741,,https://www.alvin-portal.org/alvin/view.jsf?pid=alvin-record%3A100982,Uppsala_1741_tp.png,,,,,,,,
Uppsala_1744,,,Uppsala_1744_tp.png,,,,,,,,
Pisa_1658,,https://www.google.com/books/edition/Euclides_restitutus_sive_Prisca_geometri/Dz8PAAAAQAAJ,Pisa_1658_tp.png,,,,,,,,
Pisa_1658,1,https://www.digitale-sammlungen.de/en/view/bsb10053311,,,,,,,,,
Pisa_1658,1,https://www.digitale-sammlungen.de/en/view/bsb10215855,,,,,,,,,
Paris_1675,,https://www.google.com/books/edition/ELEMENS_DES_MATHEMATIQUES_OU_PRINCIPES_G/pyOfRS8_A9AC,Paris_1675_tp.png,,,,,,,,
Paris_1675,1,https://gallica.bnf.fr/ark:/12148/bpt6k5606372t,,,,,,,,,
Rome_1680,,https://www.google.com/books/edition/Euclide_restituto_ouero_Gli_antichi_elem/0ZcD53GpCKoC,Rome_1680_tp.png,,,,unknown,,,,
Rome_1680,1,http://books.google.com/books?vid=IBNN:BNA01001462401,,,,,unknown,,,,
Rome_1680,1,https://dlc.mpg.de/!image/868387177/7/-/,rome_1680_tp_y71s49.jpg,,,,Public Domain,,,,
Rome_1680,1,https://echo-old.mpiwg-berlin.mpg.de/ECHOdocuView?url=/mpiwg/online/permanent/library/R219BGSD/pageimg&pn=7&mode=imagepath,rome_1680_tp_jfqh5o.jpg,,,,Public Domain,,,,
Paris_1685,,https://www.google.com/books/edition/Les_%C3%A9l%C3%A9mens_de_g%C3%A9om%C3%A9trie_ou_de_la_me/5acUAAAAQAAJ,Paris_1685_tp.png,,,,,,,,
Paris_1685,1,https://www.google.com/books/edition/Les_elemens_de_geometrie_ou_De_la_mesure/iqo2AAAAMAAJ,paris_1685_tp_b24cd2.png,,,,,,,,
Paris_1685,1,https://gallica.bnf.fr/ark:/12148/bpt6k87020495?rk=21459;2,,,,,,,,,
Nuremberg_1625,,https://www.google.com/books/edition/Euclidis_Elementa_practica/DbVAAAAAcAAJ,bib-81_tp.png,,,,unknown,,,,
Nuremberg_1625,1,https://www.digitale-sammlungen.de/en/view/bsb10215853,,,,,No Copyright - Non-Commercial Use Only https://www.digitale-sammlungen.de/en/details/bsb10215853,,,,
Nuremberg_1625,1,https://dlc.mpg.de/!metadata/868391115/5/-/,nuremberg_1625_tp_z1lz3c.jpg,,,,Public Domain,,,,
London_1747,,https://archive.org/details/bim_eighteenth-century_elements-of-plane-geomet_simpson-thomas-frs_1747,London_1747_tp.jpg,,,,,,,,
Glasgow_1756,,https://www.google.com/books/edition/Euclidis_Elementorum_libri_priores_sex_i/sioVAAAAQAAJ,Glasgow_1756_tp.png,,,,unknown,,,,
Glasgow_1756,1,https://babel.hathitrust.org/cgi/pt?id=mdp.39015009241483,,,,,Public Domain by Google Digitalised https://www.hathitrust.org/the-collection/search-access/access-use-policy/#pd-us-google,,,,
Glasgow_1756,1,https://dlc.mpg.de/!image/554627701/5/-/,glasgow_1756_tp_7nfb3d.jpg,,,,,,,,
The_Hague_1758,,https://www.google.com/books/edition/Elemens_de_geometrie/8y4SCfynpxEC,The_Hague_1758_tp.png,,,,unknown,,,,
The_Hague_1758,1,https://dlc.mpg.de/!metadata/86838870X/5/-/,the_hague_1758_tp_bhxhqy.jpg,,,,Public Domain,,,,
Halle_1758,,https://digital.slub-dresden.de/werkansicht/dlf/6750/5?tx_dlf_navigation%5Bcontroller%5D=Navigation&cHash=2b7eef6229ba85ff2b6ec7ffb9f4c277,halle_1758_tp_zog3m3.png,,,,Public Domain,,,,
Halle_1758,1,https://www.e-rara.ch/zut/doi/10.3931/e-rara-9137,,,,,Public Domain,,,,
Halle_1758,1,https://books.google.de/books?id=zUc-AAAAcAAJ&printsec=frontcover&hl=de&source=gbs_ge_summary_r&cad=0#v=onepage&q&f=false,,,,,unknown,,,,
London_1789,,https://www.google.com/books/edition/Elements_of_Geometry/5ncAAAAAMAAJ,London_1789_tp.png,,,,,,,,
Paris_1794,,https://www.google.com/books/edition/%C3%89l%C3%A9ments_de_g%C3%A9om%C3%A9trie/Sx_WtPKsq98C,Paris_1794_tp.png,,,,,,,,
Paris_1794,1,https://gallica.bnf.fr/ark:/12148/bpt6k1521831j,,,,,,,,,
Edinburgh_1795,,https://www.google.com/books/edition/Elements_of_Geometry/9y7JI4_79RMC,Edinburgh_1795_tp.png,,,,,,,,
Naples_1810,,https://archive.org/details/bub_gb_DI0bsb_dJm0C/page/n9/mode/1up,,,,,"Public Domain, 1818",,,,
Naples_1810,1,https://archive.org/details/bub_gb_7d1AAgADPuEC/page/n11/mode/1up,,,,,"Public Domain, 1812",,,,
Paris_1814,1,https://gallica.bnf.fr/ark:/12148/bpt6k1521328b,,,,,unknown,,,,
Paris_1814,2,https://gallica.bnf.fr/ark:/12148/bpt6k65659793,,,,,unknown,,,,
Paris_1814,3,https://gallica.bnf.fr/ark:/12148/bpt6k65149676,,,,,unknown,,,,
Paris_1814,1,https://www.e-rara.ch/zut/content/titleinfo/15336362,,,,,Public Domain,,,,
Paris_1814,2,https://www.e-rara.ch/zut/content/titleinfo/15336922,,,,,Public Domain,,,,
Paris_1814,3,https://www.e-rara.ch/zut/content/titleinfo/15337494,,,,,Public Domain,,,,
Paris_1814,1,https://dlc.mpg.de/!image/867386010/9/-/,paris_1814_tp_pq6kkb.jpg,,,,Public Domain,,,,
Paris_1814,3,https://dlc.mpg.de/image/867386029/9/,paris_1814_tp_26efep.jpg,,,,Public Domain,,,,
Paris_1814,1,https://dlc.mpg.de/toc/867434457/,,,,All three volumes,Public Domain,,,,
Nuremberg_1821,,https://www.google.com/books/edition/Mathematisch_critische_Bearbeitung_des_e/iG9Qdfm2gasC,Nuremberg_1821_tp.png,,,,,,,,
Berlin_1824,1,https://www.google.com/books/edition/Euclidis_Elementorum_libri_sex_priores/Ap4AAAAAYAAJ,Berlin_1824_tp.png,,,,unknown,,,,
Berlin_1824,1,https://archive.org/details/bub_gb_Ap4AAAAAYAAJ/page/II/mode/2up,Berlin_1824_tp_alt.png,,,,Public Domain,,,,
Berlin_1824,2,https://books.google.fr/books?id=MLr7b7f8j7cC&newbks=1&newbks_redir=0&pg=PP11#v=onepage&q&f=false,,,,,unknown,,,,
Berlin_1824,1,https://dlc.mpg.de/toc/867434198/,berlin_1824_tp_nenzit.jpg,,,,Public Domain,,,,
Berlin_1824,2,https://dlc.mpg.de/image/867369787/7/,,,,,Public Domain,,,,
Lund_1855,,https://digital.ub.uni-leipzig.de/object/viewid/0000067015,lund_1855_tp_3jse79.jpg,,,,Public Domain,,,,
Leipzig_1883,,https://www.google.fr/books/edition/Euclidis_Opera_omnia_Elementa_libri_I_IV/Xl5uadxJRJcC?hl=en&gbpv=1&pg=PP11&printsec=frontcover,Leipzig_1883_tp.png,,,,,,,,
Leipzig_1883,2,https://books.google.fr/books?id=d7E2AAAAMAAJ&pg=PR3#v=onepage&q&f=false,,,,,,,,,
Leipzig_1883,3,https://books.google.fr/books?id=2qpcwNVz0ywC&pg=PP7#v=onepage&q&f=false,,,,,,,,,
Leipzig_1883,4,https://www.google.fr/books/edition/Euclidis_opera_omnia/cu3Tsijm1LYC?hl=en&gbpv=1&pg=PP9&printsec=frontcover,,,,,,,,,
Leipzig_1883,5,https://books.google.fr/books?id=KXAYAAAAMAAJ&newbks=1&newbks_redir=0&pg=PR3#v=onepage&q&f=false,,,,,,,,,
Leipzig_1883,1,https://www.digitale-sammlungen.de/en/view/bsb11829486,,,,,,,,,
Leipzig_1883,2,https://www.digitale-sammlungen.de/en/view/bsb11829487,,,,,,,,,
Leipzig_1883,3,https://www.digitale-sammlungen.de/en/view/bsb11537273,,,,,,,,,
Leipzig_1883,4,https://www.digitale-sammlungen.de/en/view/bsb11537274,,,,,,,,,
Leipzig_1883,5,https://www.digitale-sammlungen.de/en/view/bsb11829490,,,,,,,,,
Leipzig_1883,6,https://www.digitale-sammlungen.de/en/view/bsb11735329,,,,,,,,,
Leipzig_1883,7,https://www.digitale-sammlungen.de/en/view/bsb11537276,,,,,,,,,
Antwerp_1665,,https://www.google.com/books/edition/Elementa_geometriae_planae_ac_solidae_qu/5QW1_BfWL70C,Antwerp_1665_tp.png,,,,,,,,
Antwerp_1665a,,,Antwerp_1665_tp_alt.png,,,,,,,,
Rome_1695,,https://www.google.com/books/edition/Euclides_restitutus_sive_prisca_geometri/aA4OAAAAQAAJ,Rome_1695_tp.png,,,,,,,,
Paris_1695,,,,,,,,,,,
Uppsala_1642,,https://www.google.com/books/edition/Martini_E_Gestrini_in_Geometriam_Euclidi/qIxmAAAAcAAJ,Uppsala_1642_tp.png,,,,unknown,,,,
Uppsala_1642,1,https://dlc.mpg.de/!metadata/868389269/7/-/,uppsala_1642_tp_fp454s.PNG,,,Edition from 1637,Public Domain,,,,
1496,,https://www.google.com/books/edition/In_hoc_opere_contenta_Arithmetica_decem/KCJNAAAAcAAJ,1496_tp.png,,,,,,,,
Mainz_1611_1612,,https://www.google.com/books/edition/Christophori_Clavii_Bambergsensis_Opera/oWBDAAAAcAAJ,Mainz_1611_1612_tp.png,,,,,,,,
Paris_1532,,https://www.google.com/books/edition/Orontii_Finei_Delphinatis_Protomathesis/x2Ruac-uYXQC,Paris_1532_tp.png,,,,,,,,
Paris_1532,1,http://hdl.handle.net/2027/ucm.5317952740,,,,,,,,,
Paris_1532,1,https://search.proquest.com/docview/2090309341,,,,,,,,,
Paris_1534a,,https://www.google.com/books/edition/Elementale_geometricum_ex_Euclidis_geome/175Y7ym3ricC,,,,,,,,,
Basel_1546b,,https://www.google.com/books/edition/Euclidis_Megarensis_mathematici_clarissi/lDJZAAAAcAAJ,Basel_1546b_tp.png,,,,,,,,
ustc-44,,http://ark.bnf.fr/ark:/12148/cb30139711x,ustc-44_tp.jpeg,,,,,,,,
Paris_1557a,,https://www.google.com/books/edition/Eisag%C5%8Dg%C4%93_harmonik%C4%93/EUM8AAAAcAAJ,Paris_1557a_tp.png,,,,,,,,
Paris_1557b,,https://www.google.com/books/edition/Eisag%C5%8Dg%C4%93_harmonik%C4%93/EUM8AAAAcAAJ,Paris_1557b_tp.png,,,,,,,,
Strasbourg_1557,,https://www.google.com/books/edition/%CE%95%E1%BD%90%CE%BA%CE%BB%CE%B5%CE%B9%CE%B4%CE%BF%CF%85_%CE%9A%CE%B1%CF%84%CE%BF%CF%80%CF%84%CF%81%CE%B9%CE%BA%CE%B1/VcNlAAAAcAAJ,Strasbourg_1557_tp.png,,,,,,,,
Messina_1558,,https://www.google.com/books/edition/Theodosii_Sphaericorvm_Elementorvm_Libri/SUxZAAAAcAAJ,Messina_1558_tp.png,,,,,,,,
Paris_1565a,,https://www.google.com/books/edition/Le_Premier_liure_d_Archimede_des_choses/CGhnAAAAcAAJ,Paris_1565a_tp.png,,,,,,,,
Paris_1566b,1,https://www.google.com/books/edition/Le_liure_de_la_musique_d_Euclide_traduit/FvL_GLPQopcC,Paris_1566b_tp_1.png,,,,,,,,
Valencia_1569,,https://www.google.com/books/edition/Elementa_Arithmeticae_ac_Geometriae_ad_d/K70GCXRIKywC,Valencia_1569_tp.png,,,,,,,,
Valencia_1569,1,https://books.google.com/books?id=K70GCXRIKywC,,,,,,,,,
Valencia_1569,1,http://hdl.handle.net/2027/ucm.5322482437,,,,,,,,,
Valencia_1569,1,http://fondosdigitales.us.es/fondos/libros/1025,,,,,,,,,
Valencia_1569,1,http://bib.cervantesvirtual.com/FichaObra.html?Ref=http%3A%2F%2Ffondosdigitales.us.es%2Ffondos%2Flibros%2F1025%2F&portal=303,,,,,,,,,
Florence_1573,,https://archive.org/details/prospettivadieu00eucl/page/n1/mode/2up,Florence_1573_tp.png,,,,,,,,
ustc-32,,https://gallica.bnf.fr/ark:/12148/bpt6k87019956,ustc-32_tp.jpeg,,,,,,,,
ustc-32,1,https://search.proquest.com/docview/2090308117,,,,,,,,,
Madrid_1585,,https://www.google.com/books/edition/La_perspectiva_y_especularia_traduzidas/7cVZAAAAcAAJ,Madrid_1585_tp.png,,,,,,,,
Ferrara_1587,,https://www.google.com/books/edition/Della_Nuova_Geometria_Libri_XV/Yww8AAAAcAAJ,Ferrara_1587_tp.png,,,,,,,,
Ferrara_1587,1,http://www.bvh.univ-tours.fr/Consult/index.asp?numfiche=750,,,,,,,,,
Tours_1593,,https://www.google.com/books/edition/Variorum_de_rebus_mathematicis_responsor/7_BCAAAAcAAJ,Tours_1593_tp.png,,,,,,,,
Leiden_1599,,https://www.google.com/books/edition/Optica_et_catoptrica/WAuofnpXfqgC,Leiden_1599_tp.png,,,,,,,,
ustc-29,,https://gallica.bnf.fr/ark:/12148/bpt6k5818416x,ustc-29_tp.jpeg,,,,,,,,
Paris_1604,,https://www.google.com/books/edition/Euclidis_Optica_et_Catoptrica/eZIIMmRZpToC,Paris_1604_tp.png,,,,,,,,
ustc-16,,https://search.proquest.com/docview/2090307959,ustc-16_tp.jpeg,,,,,,,,
ustc-8,,https://search.proquest.com/docview/2090298556,ustc-8_tp.jpeg,,,,,,,,
ustc-22,,https://search.proquest.com/docview/2090315089,ustc-22_tp.jpeg,,,,,,,,
ustc-43,,https://gallica.bnf.fr/ark:/12148/bpt6k8702038c,ustc-43_tp.jpeg,,,,,,,,
ustc-14,,https://search.proquest.com/docview/2090334673,ustc-14_tp.jpeg,,,,,,,,
ustc-54,,https://gallica.bnf.fr/ark:/12148/bpt6k8720508w,ustc-54_tp.jpeg,,,,,,,,
ustc-2,,https://search.proquest.com/docview/2090320706,ustc-2_tp.jpeg,,,,,,,,
ustc-18,,https://search.proquest.com/docview/2090304714,ustc-18_tp.jpeg,,,,,,,,
ustc-31,,https://gallica.bnf.fr/ark:/12148/bpt6k87026608,ustc-31_tp.jpeg,,,,,,,,
Leiden_1615,,https://www.google.com/books/edition/Fundamenta_arithmetica_et_geometrica_cum/RJoezKwHV3AC,Leiden_1615_tp.png,,,,,,,,
ustc-3,,https://search.proquest.com/docview/2090307978,ustc-3_tp.jpeg,,,,,,,,
ustc-33,,https://gallica.bnf.fr/ark:/12148/bpt6k107841b,ustc-33_tp.jpeg,,,,,,,,
ustc-56,,https://gallica.bnf.fr/ark:/12148/bpt6k87092602,ustc-56_tp.jpeg,,,,,,,,
ustc-59,,https://gallica.bnf.fr/ark:/12148/bpt6k107841b,ustc-59_tp.jpeg,,,,,,,,
ustc-57,,https://gallica.bnf.fr/ark:/12148/bpt6k8720481p,ustc-57_tp.jpeg,,,,,,,,
Bologna_1620,,https://www.google.com/books/edition/I_primi_sei_libri_de_gl_Elementi_d_Eucli/F1e1uphuIpUC,Bologna_1620_tp.png,,,,,,,,
ustc-55,,https://gallica.bnf.fr/ark:/12148/bpt6k62778862,ustc-55_tp.jpeg,,,,,,,,
ustc-58,,https://gallica.bnf.fr/ark:/12148/bpt6k6273664j,ustc-58_tp.jpeg,,,,,,,,
ustc-39,,https://gallica.bnf.fr/ark:/12148/bpt6k62761670,ustc-39_tp.jpeg,,,,,,,,
ustc-61,,https://gallica.bnf.fr/ark:/12148/bpt6k6273667s,ustc-61_tp.jpeg,,,,,,,,
ustc-62,,https://gallica.bnf.fr/ark:/12148/bpt6k6273667s,ustc-62_tp.jpeg,,,,,,,,
ustc-36,,https://gallica.bnf.fr/ark:/12148/bpt6k8720054d,ustc-36_tp.jpeg,,,,,,,,
ustc-60,,https://gallica.bnf.fr/ark:/12148/bpt6k8720451j,ustc-60_tp.jpeg,,,,,,,,
ustc-11,,https://search.proquest.com/docview/2090298422,ustc-11_tp.jpeg,,,,,,,,
ustc-21,,https://search.proquest.com/docview/2090304463,ustc-21_tp.jpeg,,,,,,,,
ustc-51,,https://gallica.bnf.fr/ark:/12148/bpt6k8702225f,ustc-51_tp.jpeg,,,,,,,,
Strasbourg_1625,,https://www.google.com/books/edition/Josephi_Langii_Caesaremontani_Elementale/1pxlziDi9p0C,Strasbourg_1625_tp.png,,,,,,,,
ustc-4,,https://search.proquest.com/docview/2090310381,ustc-4_tp.jpeg,,,,,,,,
Paris_1626,,https://gallica.bnf.fr/view3if/ga/ark:/12148/bpt6k8702136w,Paris_1626_tp.jpeg,,,,,,,,
Paris_1626,1,https://search.proquest.com/docview/2090313414,,,,,,,,,
ustc-9,,https://search.proquest.com/docview/2090301422,ustc-9_tp.jpeg,,,,,,,,
ustc-10,,https://search.proquest.com/docview/2090358007,ustc-10_tp.jpeg,,,,,,,,
ustc-23,,https://search.proquest.com/docview/2090304769,ustc-23_tp.jpeg,,,,,,,,
ustc-38,,https://gallica.bnf.fr/ark:/12148/bpt6k8702145v,ustc-38_tp.jpeg,,,,,,,,
ustc-50,,https://gallica.bnf.fr/ark:/12148/bpt6k8720461x,ustc-50_tp.jpeg,,,,,,,,
ustc-26,,https://search.proquest.com/docview/2090313698,ustc-26_tp.jpeg,,,,,,,,
ustc-40,,https://gallica.bnf.fr/ark:/12148/bpt6k87204571,ustc-40_tp.jpeg,,,,,,,,
Jena_1628,,https://www.google.com/books/edition/Heinrici_Hofmanni_Professoris_Mathematic/sswGAAAAcAAJ,Jena_1628_tp.png,,,,,,,,
ustc-6,,https://search.proquest.com/docview/2090323385,ustc-6_tp.jpeg,,,,,,,,
ustc-15,,https://search.proquest.com/docview/2090313844,ustc-15_tp.jpeg,,,,,,,,
ustc-41,,https://gallica.bnf.fr/ark:/12148/bpt6k5821952m,ustc-41_tp.jpeg,,,,,,,,
ustc-47,,https://gallica.bnf.fr/ark:/12148/bpt6k58230969,ustc-47_tp.jpeg,,,,,,,,
ustc-48,,https://gallica.bnf.fr/ark:/12148/bpt6k10403328,ustc-48_tp.jpeg,,,,,,,,
ustc-49,,https://gallica.bnf.fr/ark:/12148/bpt6k5823709j,ustc-49_tp.jpeg,,,,,,,,
ustc-28,,https://gallica.bnf.fr/ark:/12148/bpt6k8701994s,ustc-28_tp.jpeg,,,,,,,,
ustc-27,,https://gallica.bnf.fr/ark:/12148/bpt6k887117s,ustc-27_tp.jpeg,,,,,,,,
ustc-52,,https://gallica.bnf.fr/ark:/12148/bpt6k887117s,ustc-52_tp.jpeg,,,,,,,,
Innsbruck_1634,,https://www.google.com/books/edition/Clavis_mathematica/RptEAAAAcAAJ,Innsbruck_1634_tp.png,,,,,,,,
ustc-5,,https://search.proquest.com/docview/2315041694,ustc-5_tp.jpeg,,,,,,,,
ustc-24,,https://search.proquest.com/docview/2090315856,ustc-24_tp.jpeg,,,,,,,,
ustc-34,,https://gallica.bnf.fr/ark:/12148/bpt6k8702223m,ustc-34_tp.jpeg,,,,,,,,
ustc-45,,https://gallica.bnf.fr/ark:/12148/bpt6k8720499c,ustc-45_tp.jpeg,,,,,,,,
ustc-25,,https://search.proquest.com/docview/2090310335,ustc-25_tp.jpeg,,,,,,,,
Innsbruck_1636,,,,,,,,,,,
ustc-12,,https://search.proquest.com/docview/2090305231,ustc-12_tp.jpeg,,,,,,,,
ustc-46,,https://gallica.bnf.fr/ark:/12148/bpt6k1520679c,ustc-46_tp.jpeg,,,,,,,,
ustc-7,,https://search.proquest.com/docview/2090310810,ustc-7_tp.jpeg,,,,,,,,
ustc-13,,https://search.proquest.com/docview/2090349026,ustc-13_tp.jpeg,,,,,,,,
ustc-1,,https://search.proquest.com/docview/2090305197,ustc-1_tp.jpeg,,,,,,,,
ustc-30,,https://gallica.bnf.fr/ark:/12148/bpt6k87022241,ustc-30_tp.jpeg,,,,,,,,
ustc-35,,https://gallica.bnf.fr/ark:/12148/bpt6k87022241,ustc-35_tp.jpeg,,,,,,,,
ustc-63,,https://gallica.bnf.fr/ark:/12148/bpt6k8720784z,ustc-63_tp.jpeg,,,,,,,,
ustc-20,,https://search.proquest.com/docview/2090313051,ustc-20_tp.jpeg,,,,,,,,
ustc-19,,https://search.proquest.com/docview/2090313736,ustc-19_tp.jpeg,,,,,,,,
ustc-53,,https://gallica.bnf.fr/ark:/12148/bpt6k8720799d,ustc-53_tp.jpeg,,,,,,,,
ustc-17,,https://search.proquest.com/docview/2090298346,ustc-17_tp.jpeg,,,,,,,,
Amsterdam_1660a,,https://www.google.com/books/edition/De_universae_mathesios_natura_et_constit/ih9mAAAAcAAJ,Amsterdam_1660a_tp.png,,,,,,,,
ustc-42,,https://gallica.bnf.fr/ark:/12148/bpt6k8720498z,ustc-42_tp.jpeg,,,,,,,,
Paris_1661,,https://www.google.com/books/edition/Le_cours_de_math%C3%A9matique_d%C3%A9di%C3%A9_%C3%A0_la/GuKCQTTiHMIC,Paris_1661_tp.png,,,,,,,,
Paris_1661,1,https://catalog.lindahall.org/discovery/delivery/01LINDAHALL_INST:LHL/1286347280005961,,,,,,,,,
Paris_1661,1,https://search.proquest.com/docview/2090310270,,,,,,,,,
Paris_1661,1,https://gallica.bnf.fr/ark:/12148/bpt6k62711809,,,,,,,,,
Le_Mans_1663,,https://www.google.com/books/edition/La_perspective_d_Euclide_traduite_en_fra/_pzn2kW9CAcC,Le_Mans_1663_tp.png,,,,,,,,
Bologna_1663,,https://www.google.com/books/edition/Euclide_rinnouato_ouero_gl_antichi_eleme/Si8r71waAW8C,Bologna_1663_tp.png,,,,,,,,
Turin_1671,,https://www.google.com/books/edition/Evclides_Adavctvs_Et_Methodicvs_Mathemat/BXVpAAAAcAAJ,Turin_1671_tp.png,,,,unknown,,,,
Turin_1671,1,https://dlc.mpg.de/image/868393967/7/,turin_1671_tp_eo74cu.png,,,,Public Domain,,,,
Amsterdam_1672,,https://www.google.com/books/edition/Euclides_danicus/9SRcAAAAcAAJ,Amsterdam_1672_tp.png,,,,,,,,
Valencia_1673,,https://www.google.com/books/edition/Euclides_novo_antiquus_singulari_methodo/jnuBFEIHGMgC,,,,,,,,,
Valencia_1673,1,http://brumario.usal.es/record=b1684227:019567,,,,,,,,,
Valencia_1673,1,http://bibliotecaforal.bizkaia.net/record=b1113947,,,,,,,,,
Valencia_1673,1,http://hdl.handle.net/2027/ucm.5327127680,,,,,,,,,
Valencia_1673,1,https://books.google.com/books?id=3jeVm9EROm4C,,,,,,,,,
Valencia_1673,1,https://books.google.com/books?id=BfjEu-2mhHsC,,,,,,,,,
Valencia_1673,1,https://books.google.com/books?id=TdL1lYO2z6cC,,,,,,,,,
Florence_1674,,https://www.google.com/books/edition/Qvinto_libro_degli_Elementi_d_Evclide/WvhJAAAAMAAJ,Florence_1674_tp.png,,,,,,,,
London_1678a,,https://www.google.com/books/edition/Euclidis_Elementa_geometrica_novo_ordine/vQHKXlJUaqMC,London_1678a_tp.png,London_1678a_frontispiece.png,,,,,,,
Rome_1679,,https://www.google.com/books/edition/Euclides_restitutus_denu%C3%B2_limatus_siue/8n07S9c7y6wC,Rome_1679_tp.png,,,,,,,,
Rome_1679,1,http://books.google.com/books?vid=IBNR:CR000422315,,,,,,,,,
The_Hague_1683,,https://www.google.com/books/edition/Nouveaux_elemens_de_geometrie_contenant/NUFK3UiXrZwC,The_Hague_1683_tp.png,,,,,,,,
Paris_1689,,https://www.google.com/books/edition/Nouveaux_%C3%A9l%C3%A9mens_des_math%C3%A9matiques_ou/jh9evFRNYsEC,Paris_1689_tp.png,,,,,,,,
Venice_1491,,https://archive.org/details/arithmeticageome00boet/page/n5/mode/2up,Venice_1491_tp.jpeg,,,,,,,,
Venice_1498,,https://www.google.com/books/edition/Georgio_Valla_Placentino_interprete_Hoc/EKC8AXlrV30C,,,,,,,,,
Paris_1500,,https://gallica.bnf.fr/ark:/12148/bpt6k87102661,Paris_1500_tp.jpeg,,,,,,,,
Paris_1507,,https://www.google.com/books/edition/Textus_de_Sphera_Joannis_de_Sacrobosco_C/QUId66p1OPkC,Paris_1507_tp.png,,,,,,,,
Paris_1511,,https://www.google.com/books/edition/Textus_De_Sphera_Johannis_de_Sacrobosco/uc5eRAGMC3kC,Paris_1511_tp.png,,,,,,,,
Paris_1516a,,https://www.google.com/books/edition/Textus_De_sphera_Ioannis_de_Sacrobosco_C/3ZjHsWErlIMC,Paris_1516a_tp.png,,,,,,,,
Paris_1521,,,,,,,,,,,
Paris_1527,,https://www.google.com/books/edition/Textus_de_sphaera_Ioannis_de_Sacrobosco/bhpVUwZJCaUC,Paris_1527_tp.png,,,,,,,,
Paris_1531,,https://www.google.com/books/edition/Textvs_De_Sphaera_Ioannis_De_Sacrobosco/xEVbAAAAcAAJ,Paris_1531_tp.png,,,,,,,,
Paris_1534,,https://www.google.com/books/edition/Elementale_geometricum_ex_Euclidis_geome/175Y7ym3ricC,,,,,,,,,
Paris_1538,,https://www.google.com/books/edition/Textus_de_Sphaera_Ioannis_de_SacroBosco/qOrWa5NQZvAC,Paris_1538_tp.png,,,,,,,,
Basel_1546a,,https://www.google.com/books/edition/Anitii_Manlii_Severini_Boethi_in_omnibvs/DaBBAAAAcAAJ,Basel_1546a_tp.png,,,,,,,,
Strasbourg_1572,,https://www.google.com/books/edition/Sphaericae_doctrinae_propositiones_graec/w71aAAAAcAAJ,Strasbourg_1572_tp.png,,,,,,,,
Rome_1591,,https://books.google.com/books/edition/Euclidis_Phaenomena_post_Zamberti_Maurol/h8uujuoLtc4C,Rome_1591_tp.png,,,,,,,,
Rome_1593,,https://www.google.com/books/edition/Antonii_Possevini_Iudicium_De_Nuae_milit/KN4lGxsgUJgC,Rome_1593_tp.png,,,,,,,,
Venice_1603,,https://www.google.com/books/edition/Antonii_Posseuini_Mantuani_societatis_Ie/VaQWEWVlgHYC,Venice_1603_tp.png,,,,,,,,
Basel_1570,,https://www.google.com/books/edition/Anitii_Manlii_Severini_Boethi_Philosopho/BKRoAAAAcAAJ,Basel_1570_tp.png,,,,,,,,
Cologne_1607a,,https://www.google.com/books/edition/Antonii_Possevini_Mantvani_Societatis_Ie/yqWtNTuCDvgC,Cologne_1607a_tp.png,,,,,,,,
Leipzig_1607,,,,,,,,,,,
Rome_1609,,https://www.google.com/books/edition/Euclidis_Phaenomena_post_Zamberti_Maurol/WX-ohGuA9lcC,Rome_1609_tp.png,,,,,,,,
Arnhem_1620,,https://www.google.com/books/edition/Nova_reperta_geometrica/3t9hYk3GkSwC,Arnhem_1620_tp.png,,,,,,,,
Paris_1625,,https://www.google.com/books/edition/Data/mGkz3qjgqg0C,Paris_1625_tp.png,,,,,,,,
Paris_1626b,,,,,,,,,,,
Amsterdam_1652,,https://www.google.com/books/edition/Antiquae_musicae_auctores_septem/QdsPAAAAQAAJ,Amsterdam_1652_tp.png,,,,,,,,
Cambridge_1657,,https://www.google.com/books/edition/Euclidis_Data_succinct%C3%A8_demonstrata_un/YcllAAAAcAAJ,Cambridge_1657_tp.png,,,,,,,,
MorisS-1-1,,https://www.google.com/books/edition/Problemes_plaisans_et_delectables_qui_se/AvNbAAAAcAAJ,MorisS-1-1_tp.png,,,,,,,,
MorisS-1-1,1,https://search.proquest.com/docview/2090339514,,,,,,,,,
MorisS-2-1,,https://www.google.com/books/edition/Joannis_de_Beaugrand_Geostatice_Seu_de_v/NcNlAAAAcAAJ,MorisS-2-1_tp.png,,,,,,,,
MorisS-3-2,,https://www.google.com/books/edition/Nova_geometriae_clavis_algebra/kBMOAAAAQAAJ?,MorisS-3-2_tp.png,,,,,,,,
MorisS-3-3,,https://www.google.com/books/edition/Tabulae_lodoic%C3%A6%C3%A6_seu_Vniuersa_eclipseo/4RChxkc11FIC,MorisS-3-3_tp.png,,,,,,,,
MorisS-3-4,,https://www.google.com/books/edition/Tractatus_De_Proportione_Harmonica/7Yo_AAAAcAAJ,MorisS-3-4_tp.png,,,,,,,,
MorisS-3-5,,https://www.google.com/books/edition/Diophantus_geometra_siue_opus_contextum/XgYtpDLjGLAC,MorisS-3-5_tp.png,,,,,,,,
MorisS-3-6,,https://www.google.com/books/edition/Opus_astronomicum/gFM_AAAAcAAJ,MorisS-3-6_tp.png,,,,,,,,
MorisS-4-1,,https://www.google.com/books/edition/La_pratiqve_dv_trait_a_prevves_de_Mr_Des/I0XHrF9qUTsC,MorisS-4-1_tp.png,MorisS-4-1_frontispiece.png,,,,,,,
MorisS-4-2,,https://www.google.com/books/edition/La_maniere_universelle_de_Mr_Desargues_p/IQJfAAAAcAAJ,MorisS-4-2_tp.png,MorisS-4-2_frontispiece.png,,,,,,,
MorisS-4-3,,https://www.google.com/books/edition/La_maniere_universelle_de_Mr_Desargues_p/IQJfAAAAcAAJ,MorisS-4-3_tp.png,MorisS-4-3_frontispiece.png,,,,,,,
MorisS-4-4,,https://www.google.com/books/edition/Mani%C3%A8re_universelle_de_Mr_Desargues_pou/vBN7cDViLn0C,MorisS-4-4_tp.png,MorisS-4-4_frontispiece.png,,,,,,,
MorisS-4-5,,https://www.google.com/books/edition/Moyen_universel_de_pratiquer_la_perspect/fwFfAAAAcAAJ,MorisS-4-5_tp.png,MorisS-4-5_frontispiece.png,,,,,,,
MorisS-4-6,,https://www.google.com/books/edition/Representations_geometrales_de_plusieurs/ZiqrHLWuIoUC,MorisS-4-6_tp.png,,,,,,,,
MorisS-4-7,,https://www.google.com/books/edition/TRAIT%C3%89_DES_MANIERES_DE_DESSINER_LES_ORD/qcfUah_pXLkC,MorisS-4-7_tp.png,MorisS-4-7_frontispiece.png,,,,,,,
MorisS-5-1,,https://www.proquest.com/docview/2090360425,MorisS-5-1_tp.jpeg,,,,,,,,
MorisS-5-2,,https://www.google.com/books/edition/Philolai_sive_dissertationis_de_vero_sys/okLXZ_4ah80C,MorisS-5-2_tp.png,,,,,,,,
MorisS-5-3,,https://www.google.com/books/edition/Astronomia_philolaica/ocy0d3BG4NEC,MorisS-5-3_tp.png,,,,,,,,
MorisS-5-4,,https://www.google.com/books/edition/De_lineis_spiralibus_demonstrationes_nov/cJs_AAAAcAAJ,MorisS-5-4_tp.png,,,,,,,,
MorisS-9-3,,https://www.proquest.com/docview/2090350659,MorisS-9-3_tp.jpeg,,,,,,,,
MorisS-10-1,,https://www.google.com/books/edition/Tractatus_Physicus_De_Motu_Locali/zlw_AAAAcAAJ,MorisS-10-1_tp.png,,,,,,,,
MorisS-10-3,,https://www.google.com/books/edition/Opusculum_Geometricum_de_linea_Sinuum_et/m5U_AAAAcAAJ,MorisS-10-3_tp.png,,,,,,,,
MorisS-13-1,,https://www.google.com/books/edition/L_usage_du_m%C3%A9iom%C3%A8re/FgMOAAAAQAAJ,MorisS-13-1_tp.png,,,,,,,,
MorisS-13-2,,https://www.google.com/books/edition/De_motu_impresso_a_motore_translato_epis/LNJaAAAAcAAJ,MorisS-13-2_tp.png,,,,,,,,
MorisS-13-3,,https://www.google.com/books/edition/De_apparente_magnitudine_solis_humilis_e/doQ_AAAAcAAJ,MorisS-13-3_tp.png,,,,,,,,
MorisS-13-4,,https://www.google.com/books/edition/De_proportione_qua_gravia_decidentia_acc/lEbdNrVMeYcC,MorisS-13-4_tp.png,,,,,,,,
MorisS-13-5,,https://www.google.com/books/edition/Institutio_astronomica/RVg_AAAAcAAJ,MorisS-13-5_tp.png,,,,,,,,
MorisS-14-1,,https://www.google.com/books/edition/Tables_des_Sinus_tangentes_et_secantes/xAYHAAAAcAAJ,MorisS-14-1_tp.png,,,,,,,,
MorisS-14-3,,https://www.google.com/books/edition/Invention_nouvelle_En_L_Algebre/JMQoAAAAcAAJ,MorisS-14-3_tp.png,,,,,,,,
MorisS-15-1,,https://gallica.bnf.fr/ark:/12148/bpt6k109536h,MorisS-15-1_tp.png,,,,,,,,
MorisS-16-1,,https://www.google.com/books/edition/Memoires_mathematiques_recueillis_et_dre/SjOmhPtL3pAC,MorisS-16-1_tp.png,,,,,,,,
MorisS-16-3,,https://www.google.com/books/edition/Vsage_Dv_Compas_De_Proportion/wiFfAAAAcAAJ,MorisS-16-3_tp.png,,,,,,,,
MorisS-16-4,,https://www.google.com/books/edition/Canon_manuel_des_sinus_touchantes_et_cou/LtAFDIMmglMC,MorisS-16-4_tp.png,,,,,,,,
MorisS-16-5,,https://www.google.com/books/edition/Cosmographie/aI05AAAAcAAJ,MorisS-16-5_tp.png,,,,,,,,
MorisS-16-6,,https://www.google.com/books/edition/La_G%C3%A9om%C3%A9trie_et_la_pratique_g%C3%A9n%C3%A9rale/S0a6jCLI614C,MorisS-16-6_tp.png,,,,,,,,
MorisS-16-7,,https://www.google.com/books/edition/Sommaire_de_l_alg%C3%A8bre_tr%C3%A8s_n%C3%A9cessaire/Px4TAAAAQAAJ,MorisS-16-7_tp.png,,,,,,,,
MorisS-16-10,,https://www.google.com/books/edition/R%C3%A9cr%C3%A9ation_math%C3%A9matique/VsY5AAAAcAAJ,MorisS-16-10_tp.png,,,,,,,,
MorisS-16-11,,https://www.google.com/books/edition/L_usage_du_m%C3%A9iom%C3%A8re/FgMOAAAAQAAJ,MorisS-16-11_tp.png,,,,,,,,
MorisS-17-3,,https://www.google.com/books/edition/Supplementum_Cursus_mathematici_continen/5_dsTRSiW68C,MorisS-17-3_tp.png,,,,,,,,
MorisS-17-3,1,https://gallica.bnf.fr/ark:/12148/bpt6k87020213?rk=64378;0,,,,,,,,,
MorisS-18-1,,https://www.google.com/books/edition/Quadratura_Circuli_et_hyperbolae_segment/42NnAAAAcAAJ,MorisS-18-1_tp.png,,,,,,,,
MorisS-18-4,,https://www.google.com/books/edition/Veterum_geometria_promota_in_septem_de_c/gVHE0e7lEyIC,MorisS-18-4_tp.png,,,,,,,,
MorisS-20-5,,https://www.google.com/books/edition/Select%C3%A6_propositiones_in_tota_sparsim_m/R8ZlAAAAcAAJ,MorisS-20-5_tp.png,,,,,,,,
MorisS-20-6,,https://www.google.com/books/edition/R%C3%A9cr%C3%A9ation_math%C3%A9matique/QsY5AAAAcAAJ,MorisS-20-6_tp.png,,,,,,,,
MorisS-21-1,,https://gallica.bnf.fr/ark:/12148/bpt6k8720470w,MorisS-21-1_tp.png,,,,,,,,
MorisS-21-2,,https://www.google.com/books/edition/Trait%C3%A9_de_l_harmonie_universelle/oSNDAAAAcAAJ,MorisS-21-2_tp.png,,,,,,,,
MorisS-21-5,,https://www.google.com/books/edition/Questions_harmoniques_dans_lesquelles_so/KacOgu54Gh4C,MorisS-21-5_tp.png,,,,,,,,
MorisS-21-6,,https://www.google.com/books/edition/Les_Preludes_de_l_harmonie_vniverselle_o/zOU2mAAvev0C,MorisS-21-6_tp.png,,,,,,,,
MorisS-21-7,,https://www.google.com/books/edition/F_Marini_Mersenni_ordinis_Minim_Harmonic/kLEt1wcHW3MC,MorisS-21-7_tp.png,,,,,,,,
MorisS-21-8,,https://www.google.com/books/edition/Harmonie_Vniverselle/sjB9N-vvW7wC,MorisS-21-8_tp.png,,,,,,,,
MorisS-21-9,,https://www.google.com/books/edition/Les_Novvelles_Pens%C3%A9es_De_Galil%C3%A9e_Mathe/E4c5AAAAcAAJ,MorisS-21-9_tp.png,,,,,,,,
MorisS-21-10,,https://www.google.com/books/edition/Universae_geometriae_synopsis/Jpc8EMRpw4QC,MorisS-21-10_tp.png,,,,,,,,
MorisS-21-11,,https://www.google.com/books/edition/F_Marini_Mersenni_Minimi_Cogitata_Physic/ZY4PAAAAQAAJ,MorisS-21-11_tp.png,,,,,,,,
MorisS-21-12,,https://gallica.bnf.fr/ark:/12148/bpt6k6495245g,MorisS-21-12_tp.png,,,,,,,,
MorisS-21-13,,https://www.google.com/books/edition/L_optique_et_la_catoptrique_du_P%C3%A8re_Mer/0llDAAAAcAAJ,MorisS-21-13_tp.png,,,,,,,,
MorisS-22-2,,https://www.google.com/books/edition/Famosi_et_antiqui_problematis_de_telluri/7tlNOy6wJdUC,MorisS-22-2_tp.png,,,,,,,,
MorisS-22-3,,https://www.google.com/books/edition/Trigonometriae_canonicae_libri_tres_Adiu/yi8nqneJIaQC,MorisS-22-3_tp.png,,,,,,,,
MorisS-22-4,,https://www.proquest.com/docview/2090334761,MorisS-22-4_tp.jpeg,,,,,,,,
MorisS-22-5,,https://gallica.bnf.fr/ark:/12148/btv1b86261788,MorisS-22-5_tp.png,,,,,,,,
MorisS-22-6,,https://www.google.com/books/edition/Trigonometrie_canonique/OYM_AAAAcAAJ,MorisS-22-6_tp.png,,,,,,,,
MorisS-22-7,,https://www.google.com/books/edition/Astrologia_Gallica_principiis_et_rationi/9l1jAAAAcAAJ,MorisS-22-7_tp.png,,,,,,,,
MorisS-23-1,,https://www.google.com/books/edition/Examen_Dv_Livre_Des_Recreations_Mathemat/jRlaAAAAcAAJ,MorisS-23-1_tp.png,,,,,,,,
MorisS-23-2,,https://www.google.com/books/edition/Claudij_Mydorgij_patricij_Parisini_Prodr/YSdBUG_l0S4C,MorisS-23-2_tp.png,,,,,,,,
MorisS-24-1,,https://www.google.com/books/edition/La_perspective_curieuse_ou_magie_artific/r1T-rypHaRgC,MorisS-24-1_tp.png,MorisS-24-1_frontispiece.png,,,,,,,
MorisS-24-2,,https://www.google.com/books/edition/L_Interpr%C3%A9tation_des_chiffres_ou_Reigle/WwsxTcVZkk4C,MorisS-24-2_tp.png,,,,,,,,
MorisS-24-3,,https://www.google.com/books/edition/Thaumaturgus_opticus_seu_admiranda_optic/-V1fAAAAcAAJ,MorisS-24-3_tp.png,MorisS-24-3_frontispiece.png,,,,,,,
MorisS-25-3,,https://gallica.bnf.fr/ark:/12148/btv1b86262012,MorisS-25-3_tp.png,,,,,,,,
MorisS-25-8,,https://www.google.com/books/edition/Lettres_de_A_Dettonville_pseud_de_Blaise/5KXy8lKhRGIC,MorisS-25-8_tp.png,,,,,,,,
MorisS-26-1,,https://www.google.com/books/edition/L_usage_ou_le_moyen_de_pratiquer_par_une/9S0PAAAAQAAJ,MorisS-26-1_tp.png,,,,,,,,
MorisS-26-2,,https://www.google.com/books/edition/Dissertations_sur_la_nature_des_cometes/H4Q_AAAAcAAJ,MorisS-26-2_tp.png,,,,,,,,
MorisS-27-1,,https://www.proquest.com/docview/2090298281,MorisS-27-1_tp.jpeg,,,,,,,,
MorisS-27-2,,https://gallica.bnf.fr/ark:/12148/bpt6k86288v,MorisS-27-2_tp.png,,,,,,,,
MorisS-28-1,,https://www.google.com/books/edition/La_Construction_l_usage_et_les_propri%C3%A9t/gP8NAAAAQAAJ,MorisS-28-1_tp.png,,,,,,,,
Beaulieu-1,,https://www.google.com/books/edition/La_g%C3%A9om%C3%A9trie_fran%C3%A7oise/hOk2AAAAMAAJ,Beaulieu-1_tp.png,Beaulieu-1_frontispiece.png,,,,,,,
Hardy-1,,https://gallica.bnf.fr/ark:/12148/bpt6k5722452z,Hardy-1_tp.png,,,,,,,,
Hardy-2,,https://gallica.bnf.fr/ark:/12148/bpt6k109537w,Hardy-2_tp.png,,,,,,,,
Hardy-3,,https://gallica.bnf.fr/ark:/12148/bpt6k65542q,Hardy-3_tp.png,,,,,,,,
MorisS-3-1,,,,,,,,,,,
MorisS-7-1,,,,,,,,,,,
MorisS-8-2,,https://gallica.bnf.fr/ark:/12148/bpt6k681999,,,,,,,,,
MorisS-15-2,,,,,,,,,,,
MorisS-21-4,,,,,,,,,,,
Hardy-4,,,,,,,,,,,
Hardy-5,,,,,,,,,,,
Hardy-6,,,,,,,,,,,
MorisS-8-3,,https://gallica.bnf.fr/ark:/12148/btv1b8626269n,,,,,,,,,
MorisS-12-1,,https://gallica.bnf.fr/ark:/12148/bpt6k3187867,MorisS-12-1_tp.png,,,,,,,,
MorisS-18-3,,https://gallica.bnf.fr/ark:/12148/btv1b8626205q,,,,,,,,,
MorisS-25-4,,https://gallica.bnf.fr/ark:/12148/btv1b8626199f,,,,,,,,,
bib-1,,https://www.proquest.com/docview/2090341012,bib-1_tp.jpg,,,,,,,,
bib-1,1,http://nbn-resolving.de/urn:nbn:de:bvb:12-bsb10164554-7,,,,,,,,,
bib-1,1,https://search.proquest.com/docview/2090341012,,,,,,,,,
bib-2,,https://gallica.bnf.fr/ark:/12148/bpt6k87022293,bib-2_tp.JPEG,,,,,,,,
bib-2,1,http://www.bvh.univ-tours.fr/Consult/index.asp?numfiche=779,,,,,,,,,
bib-2,1,https://search.proquest.com/docview/2090305254,,,,,,,,,
bib-3,,,,,,,,,,,
bib-4,,https://books.google.fr/books?id=ZXGBSgVFbd0C&hl=iw&pg=PA1#v=onepage&q&f=false,bib-4_tp_4aecyk.png,,,,,,,,
bib-5,,https://www.google.com/books/edition/La_Pratique_universelle_de_G%C3%A9ometrie/wQs8AAAAcAAJ,bib-5_tp.png,,,,,,,,
bib-5,1,http://nbn-resolving.de/urn:nbn:de:bvb:12-bsb10164561-6,,,,,,,,,
bib-6,,https://www.google.com/books/edition/Geometria_practica/L8ZZAAAAcAAJ,bib-6_tp.png,,,,,,,,
bib-6,1,https://search.proquest.com/docview/2090355792,,,,,,,,,
bib-6,1,http://books.google.com/books?vid=IBSC:SC000011644,,,,,,,,,
bib-7,,https://www.proquest.com/docview/2240950422/99846954,bib-7_tp.jpg,,,,,,,,
bib-7,1,https://search.proquest.com/docview/2240950422,,,,,,,,,
bib-9,,https://www.google.com/books/edition/Liber_de_Geometria_practica/xj5SAAAAcAAJ,bib-9_tp.png,,,,,,,,
bib-9,1,https://doi.org/10.3931/e-rara-29539,,,,,,,,,
bib-9,1,http://www.mdz-nbn-resolving.de/urn/resolver.pl?urn=urn:nbn:de:bvb:12-bsb10989763-9,,,,,,,,,
bib-9,1,http://data.onb.ac.at/ABO/+Z185214309,,,,,,,,,
bib-10,,https://www.google.com/books/edition/La_Practiqve_De_La_Geometrie_D_Oronce_Pr/mNFZAAAAcAAJ,bib-10_tp.png,,,,,,,,
bib-12,,https://www.e-rara.ch/zut/content/titleinfo/3231618,bib-12_tp_1.png,,,,,,,,
bib-13,,https://gallica.bnf.fr/ark:/12148/bpt6k8710806t,bib-13_tp.JPEG,,,,,,,,
bib-14,,https://www.google.com/books/edition/S%C5%A9ma_de_arithmetica_geometria_proportio/HzLM_2s-8MAC,,,,,,,,,
bib-14,1,http://digital.bodleian.ox.ac.uk/inquire/p/3e2fc55c-b7cc-45c8-8a7c-5d0cccddf9b0,,,,,,,,,
bib-14,1,http://diglib.hab.de/inkunabeln/83-1-quod-2f/start.htm,,,,,,,,,
bib-14,1,http://fondosdigitales.us.es/books/digitalbook_view?oid_page=218154,,,,,,,,,
bib-14,1,https://search.proquest.com/docview/2090348977,,,,,,,,,
bib-15,,https://www.google.com/books/edition/L_Arithmetique_de_Jacques_Peletier_du_Ma/QM85AAAAcAAJ,bib-15_tp.png,,,,,,,,
bib-15,1,http://nbn-resolving.de/urn:nbn:de:bvb:12-bsb10186790-2,,,,,,,,,
bib-15,1,https://search.proquest.com/docview/2090323002,,,,,,,,,
bib-16,,https://www.google.com/books/edition/De_usu_geometriae_liber_I/-sxZAAAAcAAJ,bib-16_tp.png,,,,,,,,
bib-16,1,http://nbn-resolving.de/urn:nbn:de:bvb:12-bsb10164579-8,,,,,,,,,
bib-16,1,https://search.proquest.com/docview/2090350700,,,,,,,,,
bib-17,,https://www.google.com/books/edition/De_l_vsage_de_geometrie_Par_Iaques_Pelet/53FTQXywPiMC,bib-17_tp.png,,,,,,,,
bib-17,1,http://gallica.bnf.fr/ark:/12148/bpt6k1095519.r=.langEN,,,,,,,,,
bib-17,1,https://search.proquest.com/docview/2090334815,,,,,,,,,
bib-18,,https://www.google.com/books/edition/Obra_intitulada_Fragmentos_Mathematicos/bTA8AAAAcAAJ,bib-18_tp.png,,,,,,,,
bib-19,,https://www.google.com/books/edition/Tratado_de_Geometria_practica_y_speculat/7-ItjGhUIogC,bib-19_tp.png,,,,,,,,
bib-19,1,http://bdh-rd.bne.es/viewer.vm?id=0000114549&page=1,,,,,,,,,
bib-19,1,https://books.google.com/books?id=7-ItjGhUIogC,,,,,,,,,
bib-19,1,https://books.google.com/books?id=B2j5GVuXlSgC,,,,,,,,,
bib-19,1,https://books.google.com/books?id=3tDt0N8Fz8AC,,,,,,,,,
bib-19,1,http://adrastea.ugr.es/record=b1106362:000858,,,,,,,,,
bib-19,1,http://hdl.handle.net/2027/ucm.5317948693,,,,,,,,,
bib-19,1,http://trobes.uv.es/record=b1350488,,,,,,,,,
bib-19,1,http://bivaldi.gva.es/es/consulta/registro.cmd?id=6892,,,,,,,,,
bib-19,1,http://bib.cervantesvirtual.com/FichaObra.html?Ref=http%3A%2F%2Fadrastea.ugr.es%2Fsearch%7ES9*spi%3F%2F.b1106362%2F.b1106362%2F1%2C1%2C1%2CB%2Fl962%7Eb1106362%26FF%3D%261%2C0%2C%2C0%2C-1&portal=303,,,,,,,,,
bib-19,1,http://books.google.com/books?id=7-ItjGhUIogC&dq=y&source=gbs_navlinks_s,,,,,,,,,
bib-19,1,http://books.google.com/books?id=3tDt0N8Fz8AC&dq=y&source=gbs_navlinks_s,,,,,,,,,
bib-19,1,http://bib.cervantesvirtual.com/FichaObra.html?Ref=http%3A%2F%2Ftrobes.uv.es%2Fsearch%7ES9*spi%3F%2F.b1350488%2F.b1350488%2F1%2C1%2C1%2CB%2Fl962%7Eb1350488%26FF%3D%261%2C0%2C%2C0%2C-1&portal=303,,,,,,,,,
bib-20,,https://www.google.com/books/edition/Geometria_Prattica/zQQMJjpmuncC,bib-20_tp.png,,,,,,,,
bib-20,1,https://search.proquest.com/docview/2090352951,,,,,,,,,
bib-21,,https://www.google.com/books/edition/P_Rami_Arithmeticae_libri_duo_geometriae/AVkShZ-9adAC,bib-21_tp.png,,,,,,,,
bib-21,1,http://nbn-resolving.de/urn:nbn:de:bvb:12-bsb00022025-2,,,,,,,,,
bib-21,1,http://data.onb.ac.at/ABO/+Z182269208,,,,,,,,,
bib-21,1,https://search.proquest.com/docview/2090352884,,,,,,,,,
bib-22,,https://www.google.com/books/edition/Margarita_Philosophica/lh5fAAAAcAAJ,bib-22_tp.png,,,,,,,,
bib-23,,https://www.google.com/books/edition/General_Trattato_Di_Numeri_Et_Misure/ck9ZAAAAcAAJ,bib-23_tp.png,,,,,,,,
bib-24,,https://www.google.com/books/edition/Definitiones_elementi_quincti_et_sexti/dUAUWfQ5hlIC,bib-24_tp.png,,,,,,,,
bib-24,1,http://hdl.handle.net/2027/ucm.5327255953,,,,,,,,,
bib-25,,https://www.google.com/books/edition/L_Arpanterie_D_Elie_Vinet/IQBaAAAAcAAJ,bib-25_tp.png,,,,,,,,
bib-26,,https://www.google.com/books/edition/Opuscoli_morali_di_Leon_Batista_Alberti/MDY8AAAAcAAJ,bib-26_tp.png,,,,,,,,
bib-26,1,http://hdl.handle.net/2027/ucm.5324327715,,,,,,,,,
bib-26,1,https://search.proquest.com/docview/2090351248,,,,,,,,,
bib-27,,https://www.google.com/books/edition/L_architettura/PyM8AAAAcAAJ,bib-27_tp.png,,,,,,,,
bib-27,1,http://libcoll.mpiwg-berlin.mpg.de/libview?mode=imagepath&url=/mpiwg/online/permanent/library/5PPYB69C/pageimg,,,,,,,,,
bib-28,,https://www.google.com/books/edition/Lecons_de_perspective_positive/qgZfAAAAcAAJ,bib-28_tp.png,,,,,,,,
bib-28,1,http://gallica.bnf.fr/ark:/12148/btv1b86261699,,,,,,,,,
bib-29,,https://www.google.com/books/edition/Livre_d_architecture/yUxbAAAAcAAJ,bib-29_tp.png,,,,,,,,
bib-30,,,,,,,,,,,
bib-31,,http://digital.slub-dresden.de/ppn277127270,bib-31_tp.png,,,,,,,,
bib-32,,https://www.google.com/books/edition/The_Two_Bookes_of_the_Proficience_and_Ad/OKRSAAAAcAAJ,bib-32_tp.png,,,,,,,,
bib-34,,https://www.google.com/books/edition/Ragionamenti_Accademici_Di_Cosimo_Bartol/jTA8AAAAcAAJ,bib-34_tp.png,,,,,,,,
bib-35,,https://www.google.com/books/edition/Io_Baptistae_Benedicti_Patritii_Veneti_p/qfVlAAAAcAAJ,bib-35_tp.jpeg,,,,unknown,,,,
bib-35,1,http://libcoll.mpiwg-berlin.mpg.de/libview?mode=imagepath&url=/mpiwg/online/permanent/library/S46RNB52/pageimg,,,,,,,,,
bib-37,,,,,,,,,,,
bib-38,,https://www.google.com/books/edition/Summa_Geometriae_Practicae/A8VZAAAAcAAJ,bib-38_tp.png,bib-38_frontispiece.png,,,,,,,
bib-39,,https://www.google.com/books/edition/Della_Fortificatione_Delle_Citt%C3%A0/b6VmszXPLpwC,bib-39_tp.png,,,,,,,,
bib-39,1,http://jbc.bj.uj.edu.pl/publication/240733/content $z Jagiellonska Biblioteka Cyfrowa,,,,,,,,,
bib-40,,https://www.google.com/books/edition/Van_Den_Circkel/nVlRAAAAcAAJ,bib-40_tp.png,,,,,,,,
bib-40,1,http://nbn-resolving.de/urn:nbn:de:bvb:12-bsb10147857-3,,,,,,,,,
bib-41,,https://www.google.com/books/edition/Ptolemaei_Planisphaerium_Iordani_planisp/4zs8AAAAcAAJ,bib-41_tp.png,,,,,,,,
bib-41,1,http://fermi.imss.fi.it/rd/bdv?/bdviewer/bid=000000300029,,,,,,,,,
bib-41,1,http://dx.doi.org/10.3931/e-rara-2196,,,,,,,,,
bib-41,1,http://nbn-resolving.de/urn:nbn:de:bvb:12-bsb10150964-5,,,,,,,,,
bib-41,1,https://search.proquest.com/docview/2090350941,,,,,,,,,
bib-42,,https://www.google.com/books/edition/De_superficierum_diuisionibus_liber_Mach/dxA4kT-KjF8C,bib-42_tp.png,,,,,,,,
bib-42,1,http://books.google.be/books?vid=GENT900000031014,,,,,,,,,
bib-43,,https://www.google.com/books/edition/Tesoro_de_la_lengua_castellana_o_espa%C3%B1o/qKm8nzelynUC,bib-43_tp.png,,,,,,,,
bib-44,,https://www.google.com/books/edition/Le_Premier_tome_de_l_Architecture_de_Phi/t4IMD9xRcmUC,bib-44_tp.png,,,,,,,,
bib-44,1,http://gallica.bnf.fr/ark:/12148/bpt6k85636g.r=.langEN,,,,,,,,,
bib-44,1,https://search.proquest.com/docview/2090334683,,,,,,,,,
bib-45,,https://www.google.com/books/edition/OPERE_DI_ORONTIO_FINEO_DEL_DELFINATO/t2c9ZcwpeCIC,bib-45_tp.png,,,,,,,,
bib-45,1,http://fermi.imss.fi.it/rd/bdv?/bdviewer/bid=000000300008,,,,,,,,,
bib-46,,https://www.google.com/books/edition/Vsaige_Et_description_de_l_holometre_Pou/WvR1IBq2I9sC,bib-46_tp.png,,,,,,,,
bib-47,,https://www.google.com/books/edition/Usaige_et_description_de_l_Holometro_pou/RsZlAAAAcAAJ,bib-47_tp.png,,,,,,,,
bib-48,,https://www.google.com/books/edition/Descrittione_et_uso_dell_Holometro_per_s/M_AM_xx9gYwC,bib-48_tp.png,,,,,,,,
bib-49,,https://www.google.com/books/edition/Vsaige_Et_Description_De_L_Holometre/rNFZAAAAcAAJ,bib-49_tp.png,,,,,,,,
bib-50,,https://www.google.com/books/edition/De_holometri_fabrica_et_usu_instrumento/tElRAAAAcAAJ,bib-50_tp.png,,,,,,,,
bib-51,,https://www.google.com/books/edition/HYDROGRAPHIE_CONTENANT_LA_THEORIE_ET_LA/DzHoSJVK6RIC,bib-51_tp.png,,,,,,,,
bib-52,,https://www.google.com/books/edition/De_planis_triangulis_liber_unicus/Fxk8AAAAcAAJ,bib-52_tp.png,,,,,,,,
bib-53,,https://www.google.com/books/edition/Compendium_Geometri%C3%A6_practic%C3%A6_sive_pla/qH1mAAAAcAAJ,bib-53_tp.png,,,,,,,,
bib-54,,https://www.google.com/books/edition/L_art_de_fortifier_de_defendre_et_d_atta/DxNMAQAAMAAJ,bib-54_tp.png,,,,,,,,
bib-55,,https://www.proquest.com/docview/2090351057,bib-55_tp.jpg,,,,,,,,
bib-56,,https://www.proquest.com/docview/2090348572,bib-56_tp.jpg,,,,,,,,
bib-57,,https://www.google.com/books/edition/La_Geometrie_pratique_contenant_la_trigo/AutGNZEz6kEC,bib-57_tp.png,,,,,,,,
bib-58,,https://www.google.com/books/edition/L_usage_du_compas_de_proportion/eB1aAAAAcAAJ,bib-58_tp.png,,,,,,,,
bib-59,,https://www.google.com/books/edition/Cyclometrica_elementa_duo/7-1jAAAAcAAJ,bib-59_tp.png,,,,,,,,
bib-59,1,http://nbn-resolving.de/urn:nbn:de:bvb:12-bsb10147881-7,,,,,,,,,
bib-59,1,http://books.google.be/books?vid=GENT900000030869,,,,,,,,,
bib-59,1,https://search.proquest.com/docview/2090352853,,,,,,,,,
bib-59,1,https://search.proquest.com/docview/2111769429,,,,,,,,,
bib-59,1,https://search.proquest.com/docview/2230613486,,,,,,,,,
bib-60,,https://www.google.com/books/edition/L_Idea_Della_Architettura_Universale/4xxQAAAAcAAJ,bib-60_tp.png,,,,,,,,
bib-61,,https://www.google.com/books/edition/De_organica_conicarum_sectionum_in_plano/6xNiAAAAcAAJ,bib-61_tp.png,,,,,,,,
bib-62,,https://www.google.com/books/edition/Geometria_Practica_Nova/p54_AAAAcAAJ,bib-62_tp.png,,,,,,,,
bib-63,,https://www.google.com/books/edition/Hypomnemata_mathematica_hoc_est_eruditus/nN1a0o452hUC,bib-63_tp.png,,,,,,,,
bib-64,,https://www.google.com/books/edition/Canon_mathematicus_seu_ad_triangula_cum/YnRq32DSbn0C,bib-64_tp.png,,,,,,,,
bib-64,1,http://gallica.bnf.fr/ark:/12148/bpt6k52673b,,,,,,,,,
bib-65,,https://www.google.com/books/edition/Francisci_Vietae_Supplementum_geometriae/1CNZ58r1pPUC,bib-65_tp.png,,,,,,,,
bib-66,,https://www.google.com/books/edition/Variorum_de_rebus_mathematicis_responsor/7_BCAAAAcAAJ,bib-66_tp.png,,,,,,,,
bib-67,,https://www.google.com/books/edition/Pseudo_mesolabum_alia_quaedam_adiuncta_c/XPvGck2vB1QC,bib-67_tp.png,,,,,,,,
bib-68,,https://www.google.com/books/edition/Ad_angularium_sectionum_analyticen_theor/75s_AAAAcAAJ,bib-68_tp.png,,,,,,,,
bib-69,,https://www.google.com/books/edition/Opera_mathematica/V40yjP9-mukC,bib-69_tp.png,,,,,,,,
bib-70,,https://www.google.com/books/edition/Les_fortifications_du_cheualier_Antoine/xPNL1qBTZnAC,bib-70_tp.png,,,,,,,,
bib-71,,https://www.google.com/books/edition/M_Vitrvvii_Pollionis_De_architectvra_lib/B6RoAAAAcAAJ,bib-71_tp.png,,,,,,,,
bib-71,1,http://architectura.cesr.univ-tours.fr/Traite/Notice/Barbaro1567lat.asp?param=,,,,,,,,,
bib-71,1,http://hdl.handle.net/2027/uc1.l0058153198,,,,,,,,,
bib-71,1,http://hdl.handle.net/2027/ucm.5324251139,,,,,,,,,
bib-71,1,http://nbn-resolving.de/urn:nbn:de:bvb:12-bsb10195988-2,,,,,,,,,
bib-71,1,https://search.proquest.com/docview/2090355994,,,,,,,,,
bib-72,,https://www.google.com/books/edition/Methodus_admirandorum_mathematicorum/Zy9mAAAAcAAJ,bib-72_tp.png,,,,,,,,
bib-73,,https://www.google.com/books/edition/Methodus_admirandorum_mathematicorum_nov/J2um70tsaEIC,bib-73_tp.png,,,,,,,,
bib-74,,https://www.proquest.com/docview/2248549843,bib-74_tp.jpg,,,,,,,,
bib-75,,https://www.google.com/books/edition/Geometriae_theoricae_et_practicae_oder_V/taQIYAZZU78C,bib-75_tp.png,,,,,,,,
bib-76,,https://www.google.com/books/edition/Cosmographia_in_quatuor_libros_distribut/oIpV8g_tEt8C,bib-76_tp.png,,,,,,,,
bib-76,1,http://nbn-resolving.de/urn:nbn:de:bvb:12-bsb10173655-7,,,,,,,,,
bib-77,,https://www.google.com/books/edition/Quattro_libri_geometrici_di_Silvio_Belli/u3m1ZcxmdogC,bib-77_tp.png,,,,,,,,
bib-78,,https://www.google.com/books/edition/Cours_de_math%C3%A9matique/FZFjAAAAcAAJ,bib-78_tp.png,,,,,,,,
bib-79,,https://www.google.com/books/edition/Matematiche_Discipline/ia5GAAAAcAAJ,bib-79_tp.png,,,,,,,,
bib-80,,https://www.google.com/books/edition/La_geometrie_pratique/_q02AAAAMAAJ,bib-80_tp.png,,,,,,,,
bib-82,,https://www.google.com/books/edition/Io_Buteonis_delphinatici_opera_geometric/qu9EAQAAMAAJ,bib-82_tp.png,,,,,,,,
bib-82,1,https://search.proquest.com/docview/2090319554,,,,,,,,,
bib-83,,https://www.google.com/books/edition/Opera_geometrica/pgs8AAAAcAAJ,bib-83_tp.png,,,,,,,,
bib-83,1,http://nbn-resolving.de/urn:nbn:de:bvb:12-bsb10164555-2,,,,,,,,,
bib-84,,https://www.google.com/books/edition/Le_due_prime_parti_della_Geometria_famig/hOdmAAAAcAAJ,bib-84_tp.png,,,,,,,,
bib-85,,https://www.google.com/books/edition/Fabrica_et_uso_del_compasso_di_proportio/P0dbAAAAcAAJ,bib-85_tp.png,,,,,,,,
bib-86,,https://books.google.com/books/edition/Fabrica_et_vso_del_compasso_di_proportio/TGqAyDxSot0C,bib-86_tp.png,,,,,,,,
bib-87,,https://www.google.com/books/edition/Dell_Arte_Del_Misurare_Libri_Due_Nel_Pri/NCFaAAAAcAAJ,bib-87_tp.png,,,,,,,,
bib-88,,https://www.google.com/books/edition/Dell_arte_del_misvrare/Zqw2AAAAMAAJ,bib-88_tp.png,,,,,,,,
bib-89,,https://www.google.com/books/edition/De_lineis_rectis_se_invicem_secantibus_s/mCEOAAAAQAAJ,bib-89_tp.png,,,,,,,,
bib-92,,https://www.google.com/books/edition/Scala_grimaldelli_libro_di_aritmetica_e/X_gSexapG40C,bib-92_tp.png,,,,,,,,
bib-93,,https://www.google.com/books/edition/Pratica_d_arithmetica_e_geometria_etc/4YxmAAAAcAAJ,bib-93_tp.png,,,,,,,,
bib-94,,https://www.google.com/books/edition/Pratica_d_arithmetica_e_geometria_Di_nuo/jVkG7NFxtLQC,bib-94_tp.png,,,,,,,,
bib-95,,https://www.google.com/books/edition/P_Petri_Galtruchii_Mathematic%C3%A6_totius_c/7KY2AAAAMAAJ,bib-95_tp.png,bib-95_frontispiece.png,,,,,,,
bib-96,,https://www.google.com/books/edition/Philosophiae_ac_mathematicae_totius_clar/iXkPAAAAQAAJ,bib-96_tp.png,,,,,,,,
bib-97,,https://www.google.com/books/edition/Ioannis_Camilli_Gloriosi_Exercitationum/Hh3q2dFBfKsC,bib-97_tp.png,,,,,,,,
bib-98,,https://www.google.com/books/edition/Ioannis_Camilli_Gloriosi_Exercitationum/-xRoCswfPmIC,bib-98_tp.png,,,,,,,,
bib-99,,https://www.google.com/books/edition/Neue_und_Gr%C3%BCndliche_Mathematische_Fried/wrZ_XvqxTjUC,bib-99_tp.png,bib-99_frontispiece.png,,,,,,,
bib-100,,https://www.google.com/books/edition/Modo_di_misurare_le_fabriche/Hk4HAAAAcAAJ,bib-100_tp.png,,,,,,,,
bib-101,,https://www.google.com/books/edition/Geometria_compendiose_adornata/1HpmAAAAcAAJ,bib-101_tp.png,,,,,,,,
bib-102,,https://www.google.com/books/edition/Teutscher_Euclides/EJY_AAAAcAAJ,bib-102_tp.png,,,,,,,,
bib-103,,https://www.google.com/books/edition/Tractate_der_Mechanischen_Instrumenten/E85UAAAAcAAJ,bib-103_tp.png,,,,,,,,
bib-104,,https://www.google.com/books/edition/Problema_duplatio_trianguli_aequilateri/2ayX9egPSFQC,bib-104_tp.png,,,,,,,,
bib-105,,https://www.google.com/books/edition/De_quadrante_geometrico_libellus_In_quo/pRN0YLpUbccC,bib-105_tp.png,,,,,,,,
bib-105,1,http://data.onb.ac.at/ABO/+Z178840803,,,,,,,,,
bib-105,1,http://nbn-resolving.de/urn:nbn:de:bvb:12-bsb00092016-5,,,,,,,,,
bib-106,,https://www.google.com/books/edition/Systema_compendiosum_totius_mathematices/9WMVAAAAQAAJ,bib-106_tp.png,,,,,,,,
bib-107,,https://www.proquest.com/docview/2240853928,bib-107_tp.jpg,,,,,,,,
bib-108,,https://www.proquest.com/docview/2090351283,bib-108_tp.jpg,,,,,,,,
bib-110,,https://www.google.com/books/edition/Nouveaux_elemens_de_geometrie_ou_de_la_m/1Ozn-y3umz0C,bib-110_tp.png,,,,,,,,
bib-111,,https://www.google.com/books/edition/Pratique_de_la_g%C3%A9om%C3%A9trie_sur_le_papier/JApUAAAAcAAJ,bib-111_tp.png,,,,,,,,
bib-112,,https://www.google.com/books/edition/Pratiqve_de_la_geometrie_svr_le_papier_e/KTm8BDJPn5cC,bib-112_tp.png,,,,,,,,
bib-113,,https://www.google.com/books/edition/Trait%C3%A9_de_g%C3%A9om%C3%A9trie/KhgHAAAAcAAJ,bib-113_tp.png,,,,,,,,
bib-114,,https://www.google.com/books/edition/Nine_geometricall_exercises_for_young_se/MalkAAAAcAAJ,bib-114_tp.png,,,,,,,,
bib-115,,https://www.proquest.com/docview/2240955967,bib-115_tp.jpg,,,,,,,,
bib-116,,https://www.proquest.com/docview/2230616353,bib-116_tp.png,,,,,,,,
bib-117,,https://www.proquest.com/docview/2090352683,bib-117_tp.jpg,,,,,,,,
bib-118,,https://www.proquest.com/docview/2090363276,bib-118_tp.jpg,,,,,,,,
bib-119,,https://www.google.com/books/edition/Manuale_arithmetic%C4%99_et_geometri%C4%99_pract/wYjTCmn_0nwC,bib-119_tp.png,,,,,,,,
bib-120,,https://www.proquest.com/docview/2240974534,bib-120_tp.jpg,,,,,,,,
bib-121,,https://www.google.com/books/edition/Aetonensis_quondam_Collegii_Realis_in_Ca/IjgPAAAAQAAJ,bib-121_tp.png,,,,,,,,
bib-122,,https://www.google.com/books/edition/Joannis_Baptistae_Palmae_Neapolitani_In/GNWsXiZlboMC,bib-122_tp.png,,,,,,,,
bib-123,,http://nbn-resolving.de/urn:nbn:de:bvb:12-bsb10525716-1,bib-123_tp.png,,,,,,,,
bib-124,,https://www.proquest.com/docview/2090354313,bib-124_tp.jpg,,,,,,,,
bib-125,,https://books.google.com/books/edition/La_geometria_prattica_di_Gio_Pomodoro_ve/eneXpRnKCNEC,bib-125_tp.png,,,,,,,,
bib-126,,https://books.google.com/books/edition/La_geometria_prattica_di_Gio_Pomodoro_ve/eneXpRnKCNEC,bib-126_tp.png,,,,,,,,
bib-127,,https://www.google.com/books/edition/Ioannis_Praetorii_Ioachimici_Problema_qu/W_MA7-7RJQ8C,bib-127_tp.png,,,,,,,,
bib-127,1,http://www.mdz-nbn-resolving.de/urn/resolver.pl?urn=urn:nbn:de:bvb:12-bsb10989794-6,,,,,,,,,
bib-127,1,http://digital.slub-dresden.de/ppn279534418,,,,,,,,,
bib-128,,https://www.google.com/books/edition/P_Rami_Arithmeticae_Libri_Duo_Geometriae/4kd25JMJF4AC,bib-128_tp.png,,,,,,,,
bib-128,1,https://doi.org/10.3931/e-rara-37281,,,,,,,,,
bib-128,1,http://nbn-resolving.de/urn:nbn:de:bvb:12-bsb00028760-2,,,,,,,,,
bib-129,,https://www.google.com/books/edition/Arithmeticae_Libri_Duo_Geometriae_Septem/R8hZAAAAcAAJ,bib-129_tp.png,,,,,,,,
bib-130,,https://www.google.com/books/edition/Petri_Rami_veromandui_Arithmeticae_libri/Y9BupyhwsNsC,bib-130_tp.png,,,,,,,,
bib-131,,https://www.google.com/books/edition/The_pathway_to_knowledg_etc/H_95rik6X4UC,bib-131_tp.png,,,,,,,,
bib-131,1,https://search.proquest.com/docview/2240858617,,,,,,,,,
bib-132,,https://www.google.com/books/edition/Hectameron_geometricum_ofte_nieu_onderwi/89tfJ_LXpJ8C,bib-132_tp.png,,,,,,,,
bib-133,,https://www.proquest.com/docview/2240905192,bib-133_tp.jpg,,,,,,,,
bib-134,,https://www.google.com/books/edition/Geometriae_Practicae_Novae_Et_Auctae/x8pZAAAAcAAJ,bib-134_tp.png,,,,,,,,
bib-135,,https://www.google.com/books/edition/Geometriae_practicae_novae_auctae_libri/7pNmAAAAcAAJ,bib-135_tp.png,bib-135_frontispiece.png,,,,,,,
bib-136,,https://www.google.com/books/edition/Les_%C5%92uvres_math%C3%A9matiques/bt5jAAAAcAAJ,bib-136_tp.png,,,,,,,,
bib-137,,https://www.google.com/books/edition/Ioh_Christoph_Sturmii_Mathesis_compendia/OyL5Vl1saogC,bib-137_tp.png,,,,,,,,
bib-138,,https://www.google.com/books/edition/Annus_positionum_mathematicarum/9zLJHx5OaGgC,bib-138_tp.png,,,,,,,,
bib-139,,https://www.google.com/books/edition/Mathematische_vermaecklykheden/aMxbAAAAQAAJ,bib-139_tp.png,,,,,,,,
bib-140,,https://www.google.com/books/edition/Mathematische_vermaecklyckheden/Tu90WeysXzcC,bib-140_tp.png,,,,,,,,
bib-141,,https://www.google.com/books/edition/Mathematische_vermaecklyckheden/ruCDahiXl1AC,bib-141_tp.png,,,,,,,,
bib-142,,https://www.google.com/books/edition/Mathematische_vermaecklyckheden_Te_samen/QBOUy14RBhYC,bib-142_tp.png,,,,,,,,
bib-143,,https://www.google.com/books/edition/Lexicon_Mathematicum/ZaNGAAAAcAAJ,bib-143_tp.png,bib-143_frontispiece.png,,,,,,,
bib-144,,https://www.google.com/books/edition/Lexicon_mathematicum_astronomicum_geomet/ewMOAAAAQAAJ,bib-144_tp.png,bib-144_frontispiece.png,,,,,,,
bib-145,,https://books.google.com/books/edition/Euclides_nuevo_antiguo/wMEi5Ctitn8C,bib-145_tp.png,,,,,,,,
bib-146,,https://books.google.com/books/edition/Geometria_especulatiua_y_pratica_de_los/OUw5EbYtfVcC,bib-146_tp.png,,,,,,,,
bib-148,,https://www.google.com/books/edition/Gouuernail_d_Ambroise_Bachot_capitaine_i/NFIOWGh5Vx0C,bib-148_tp.png,,,,,,,,
bib-149,,https://www.google.com/books/edition/Prattica_manuale_dell_artiglieria/rxaRzxwI4iIC,bib-149_tp.png,,,,,,,,
bib-150,,https://www.proquest.com/docview/2248558691,bib-150_tp.jpg,,,,,,,,
bib-150,1,https://search.proquest.com/docview/2248558691,,,,,,,,,
bib-150,1,https://search.proquest.com/docview/2248571419,,,,,,,,,
bib-151,,https://www.google.com/books/edition/Tavole_brevissime_per_sapere_con_prestez/UiFaAAAAcAAJ,bib-151_tp.png,,,,,,,,
bib-152,,https://www.google.com/books/edition/Della_Fortificatione_delle_Citta_di_e_de/OBtJAAAAcAAJ,bib-152_tp.png,,,,,,,,
bib-153,,https://www.proquest.com/docview/2248531401,bib-153_tp.jpg,,,,,,,,
bib-153,1,https://search.proquest.com/docview/2248531401,,,,,,,,,
bib-154,,https://www.proquest.com/docview/2248525412,bib-154_tp.jpg,,,,,,,,
bib-154,1,https://search.proquest.com/docview/2248525412,,,,,,,,,
bib-155,,https://www.google.com/books/edition/Margarita_philosophica/VVEqTJwyCbUC,bib-155_tp.png,,,,,,,,
bib-155,1,http://nbn-resolving.de/urn:nbn:de:bvb:12-bsb00012346-8,,,,,,,,,
bib-155,1,http://daten.digitale-sammlungen.de/0001/bsb00012346/images/,,,,,,,,,
bib-155,1,https://search.proquest.com/docview/2090311676,,,,,,,,,
bib-156,,https://www.google.com/books/edition/Le_Mechaniche_Dell_Illvstriss_Sig_Gvido/0G9xYkboKrIC,bib-156_tp.png,,,,,,,,
bib-156,1,http://fermi.imss.fi.it/rd/bdv?/bdviewer/bid=000000300063,,,,,,,,,
bib-156,1,http://gallica.bnf.fr/ark:/12148/bpt6k8503137,,,,,,,,,
bib-156,1,http://nbn-resolving.de/urn:nbn:de:bvb:12-bsb10164541-5,,,,,,,,,
bib-156,1,https://search.proquest.com/docview/2230613473,,,,,,,,,
bib-157,,https://www.proquest.com/docview/2240912166,bib-157_tp.jpg,,,,,,,,
bib-158,,https://www.proquest.com/docview/2264202387,bib-158_tp.jpg,,,,,,,,
bib-158,,,bib-158_frontispiece.jpg,,,,,,,,
bib-159,,https://www.proquest.com/docview/2240915084,bib-159_tp.jpg,,,,,,,,
bib-160,,https://books.google.com/books/edition/Renati_Des_Cartes_Music%C3%A6_compendium/_KzBJf8q37wC,bib-160_tp.png,,,,,,,,
bib-161,,https://www.google.com/books/edition/Geometria/NLTAyjqTyLkC,bib-161_tp.png,,,,,,,,
bib-162,,https://www.proquest.com/docview/2090334961,bib-162_tp.jpg,,,,,,,,
bib-163,,https://www.google.com/books/edition/Commentaires_sur_la_g%C3%A9om%C3%A9trie_de_M_Des/DXWGgYXL5NYC,bib-163_tp.png,,,,,,,,
bib-167,,https://www.google.com/books/edition/Liber_de_intellectu/zpFPAAAAcAAJ,bib-167_tp.png,,,,,,,,
bib-167,1,http://gallica.bnf.fr/ark:/12148/bpt6k54246t,,,,,,,,,
bib-167,1,http://hdl.handle.net/2027/ucm.5315926102,,,,,,,,,
bib-168,,https://www.google.com/books/edition/Caroli_Bouilli_Samarobrini_Ouestionum_Th/om1oAAAAcAAJ,bib-168_tp.png,,,,,,,,
bib-169,,https://www.google.com/books/edition/Le_sphere_du_monde_proprement_ditte_cosm/8l5RAAAAcAAJ,bib-169_tp.png,,,,,,,,
bib-170,,,,,,,,,,,
bib-171,,https://www.google.com/books/edition/Opera_Ioannis_Foenisecae_Aug_uste_n_sis/UxWGGm9pWVIC,bib-171_tp.png,,,,,,,,
bib-172,,https://www.google.com/books/edition/Introductiones_in_Aristotelis_Metaphysic/ke2dtcV1DBoC,bib-172_tp.png,,,,,,,,
bib-173,,https://www.google.com/books/edition/Libri_logicorum/A6RCAAAAcAAJ,bib-173_tp.png,,,,,,,,
bib-174,,https://books.google.com/books?id=A_yT6uJjXxAC,,,,,,,,,
bib-175,,https://www.digitale-sammlungen.de/en/view/bsb10196647,bib-175_tp.png,,,,,,,,
bib-176,,https://www.google.com/books/edition/Haec_accurata_recognitio_trium_voluminum/-swevo4PsWUC,bib-176_tp.png,,,,,,,,
bib-177,,https://search.proquest.com/docview/2090308097,bib-177_tp.jpg,,,,,,,,
bib-178,,https://www.google.com/books/edition/Theologia_naturalis_siue_liber_creatura/1daorBSwnjcC,bib-178_tp.png,,,,,,,,
bib-179,,https://books.google.com/books?id=qWp6MG_34pQC,bib-179_tp.png,,,,,,,,
bib-180,,https://books.google.com/books?id=xX1oAAAAcAAJ,bib-180_tp.png,,,,,,,,
bib-181,,https://gallica.bnf.fr/ark:/12148/bpt6k5617656b,bib-181_tp.JPEG,,,,,,,,
bib-181,1,http://gallica.bnf.fr/ark:/12148/bpt6k5617656b.r=.langEN,,,,,,,,,
bib-182,,https://books.google.com/books?id=EXxmAAAAcAAJ,bib-182_tp.png,,,,,,,,
bib-183,,https://books.google.com/books?id=tJ9RAAAAcAAJ,bib-183_tp.png,,,,,,,,
bib-184,,,,,,,,,,,
bib-185,,https://books.google.fr/books?id=YMxbAAAAQAAJ,bib-185_tp.png,,,,,,,,
bib-185,1,http://books.google.be/books?vid=GENT900000072737,,,,,,,,,
bib-186,,https://books.google.com/books?id=H-Dtm7WtpSwC,bib-186_tp.png,,,,,,,,
bib-186,1,http://nbn-resolving.de/urn:nbn:de:bvb:12-bsb10186804-6,,,,,,,,,
bib-187,,https://books.google.com/books?id=G4c_AAAAcAAJ,bib-187_tp.png,,,,,,,,
bib-188,,https://books.google.com/books?id=4sucOyRg9SMC,bib-188_tp.png,,,,,,,,
bib-189,,https://books.google.com/books?id=_BgOAAAAQAAJ,bib-189_tp.png,,,,,,,,
bib-190,,https://books.google.com/books?id=zP7mAAAAMAAJ,bib-190_tp.png,,,,,,,,
bib-191,,https://books.google.com/books?id=1QdlAAAAcAAJ,bib-191_tp.png,,,,,,,,
bib-192,,https://books.google.com/books?id=aHzmAAAAMAAJ,bib-192_tp.png,,,,,,,,
bib-193,,https://books.google.com/books?id=4qk2AAAAMAAJ,bib-193_tp.png,,,,,,,,
bib-194,,https://books.google.com/books?id=SUHWRGsPmS0C,bib-194_tp.png,,,,,,,,
bib-195,,https://books.google.com/books?id=m86xjFObu_4C,bib-195_tp.png,,,,,,,,
bib-196,,https://books.google.com/books?id=lSLjuVtMIUwC,bib-196_tp.png,,,,,,,,
bib-197,,https://books.google.com/books?id=5blNPE6gQWQC,bib-197_tp.png,,,,,,,,
bib-198,,https://www.proquest.com/docview/2240867366,bib-198_tp.jpg,,,,,,,,
bib-199,,https://www.proquest.com/eebo/docview/2248554090,bib-199_tp.jpg,,,,,,,,
bib-200,,https://books.google.com/books?id=2XMtl1C-2b0C,bib-200_tp.png,,,,,,,,
bib-201,,https://books.google.com/books?id=09DdCg3is7EC,bib-201_tp.png,,,,,,,,
bib-202,,https://books.google.com/books?id=a5RjAAAAcAAJ,bib-202_tp.png,,,,,,,,
bib-203,,https://books.google.com/books?id=AQ1mAAAAcAAJ,bib-203_tp.png,,,,,,,,
bib-204,,https://books.google.com/books?id=AZNmAAAAcAAJ,bib-204_tp.png,,,,,,,,
bib-205,,https://books.google.com/books?id=AKtlAAAAcAAJ,bib-205_tp.png,,,,,,,,
bib-206,,https://digital.slub-dresden.de/werkansicht/dlf/114029,bib-206_tp.png,,,,,,,,
bib-207,,https://books.google.com/books?id=nyllAAAAcAAJ,bib-207_tp.png,,,,,,,,
bib-208,,https://books.google.com/books?id=Cy5lAAAAcAAJ,bib-208_tp.png,,,,,,,,
bib-209,,https://books.google.com/books?id=cyXGxgvRGZoC,bib-209_tp.png,,,,,,,,
bib-209,1,https://search.proquest.com/docview/2090327190,,,,,,,,,
bib-209,1,https://search.proquest.com/docview/2090365557,,,,,,,,,
bib-210,,https://books.google.nl/books?id=TBC0001otDUC,bib-210_tp.png,,,,,,,,
bib-210,1,http://nbn-resolving.de/urn:nbn:de:bvb:12-bsb10186800-4,,,,,,,,,
bib-210,1,https://search.proquest.com/docview/2090329037,,,,,,,,,
bib-210,1,https://search.proquest.com/docview/2090365599,,,,,,,,,
bib-211,,https://books.google.com/books?id=8_doAAAAcAAJ,bib-211_tp.png,,,,,,,,
bib-212,,https://books.google.com/books?id=FRJiAAAAcAAJ,bib-212_tp.png,,,,,,,,
bib-212,1,https://books.google.co.uk/books?id=FRJiAAAAcAAJ&dq=Arithmetica.+Practicque+omme+int+corte+te+leeren+cypheren+naer+alderleye+coophandelinghe:+%5B4+parts%5D&source=gbs_navlinks_s,,,,,,,,,
bib-213,,https://www.proquest.com/eebgeo/docview/2090342884,bib-213_tp.jpg,,,,,,,,
bib-214,,https://books.google.com/books?id=a8NkAAAAcAAJ,bib-214_tp.png,,,,,,,,
bib-215,,https://www.google.be/books/edition/Mathematicall_Recreations/6-84AAAAMAAJ,bib-215_tp.png,bib-215_front.png,,,,,,,
bib-216,,https://www.google.be/books/edition/_/6s5gv3VsmAoC,bib-216_tp.png,,,,,,,,
bib-217,,https://gallica.bnf.fr/ark:/12148/bpt6k52595c,bib-217_tp.JPEG,,,,,,,,
bib-218,,https://archive.org/details/bim_early-english-books-1475-1640_the-principles-of-arithm_webster-william-_1634,bib-218_tp.jpg,,,,,,,,
bib-219,,https://archive.org/details/bim_early-english-books-1641-1700_websters-tables-for-int_webster-william_1647,bib-219_tp.jpg,,,,,,,,
bib-220,,https://archive.org/details/bim_early-english-books-1475-1640_arithmeticall-questions-_witt-richard_1613,,,,,,,,,
bib-221,,https://www.proquest.com/docview/2264210448,bib-221_tp.jpg,,,,,,,,
bib-222,,https://search.proquest.com/docview/2240914758,bib-222_tp.jpg,,,,,,,,
bib-223,,https://books.google.com/books?id=2W9mAAAAcAAJ,bib-223_tp.png,,,,,,,,
bib-223,1,http://digital.slub-dresden.de/ppn279578865,,,,,,,,,
bib-223,1,http://nbn-resolving.de/urn:nbn:de:bvb:12-bsb00028786-4,,,,,,,,,
bib-224,,https://books.google.com/books?id=GLFTAAAAcAAJ,bib-224_tp.png,,,,,,,,
bib-225,,http://nbn-resolving.de/urn:nbn:de:bvb:12-bsb00024650-1,bib-225_tp.png,,,,,,,,
bib-226,,https://wellcomecollection.org/works/xrgk9rkh,bib-226_tp.jpg,,,,,,,,
bib-227,,https://wellcomecollection.org/works/kxrp5bba,bib-227_tp.jpg,bib-227_front.jpg,,,,,,,
bib-228,,https://www.proquest.com/docview/2090344057,bib-228_tp.jpg,,,,,,,,
bib-229,,https://www.proquest.com/docview/2090363296,bib-229_tp.jpg,,,,,,,,
bib-230,,https://www.proquest.com/docview/2090354294,bib-230_tp.jpg,,,,,,,,
bib-231,,https://www.proquest.com/docview/2090359787,bib-231_tp.jpg,,,,,,,,
bib-232,,,,,,,,,,,
bib-233,,https://books.google.co.uk/books?id=UW0-LXN-T4gC,bib-233_tp.png,,,,,,,,
bib-234,,https://www.proquest.com/docview/2264219705,bib-234_tp.jpg,,,,,,,,
bib-235,,https://books.google.com/books?id=Gm9bAAAAQAAJ,bib-235_tp.png,,,,,,,,
bib-236,,https://archive.org/details/bim_early-english-books-1641-1700_institutio-mathematica-_newton-john_1654,bib-236_tp.jpg,,,,,,,,
bib-237,,https://archive.org/details/worksofedmundgun00gunt,bib-237_tp.jpg,,,,,,,,
bib-238,,https://gallica.bnf.fr/ark:/12148/bd6t57699988,bib-238_tp.JPEG,,,,,,,,
bib-239,,https://books.google.com/books?id=lcRZAAAAcAAJ,bib-239_tp.png,,,,,,,,
bib-240,,https://www.digitale-sammlungen.de/en/view/bsb10942190,bib-240_tp.png,,,,,,,,
bib-241,,https://www.digitale-sammlungen.de/en/view/bsb10942191,bib-241_tp.png,,,,,,,,
bib-242,,https://www.digitale-sammlungen.de/en/view/bsb11199734,bib-242_tp.png,,,,,,,,
bib-246,,https://www.google.com/books/edition/S%C5%A9ma_de_arithmetica_geometria_proportio/HzLM_2s-8MAC,bib-246_tp.png,,,,,,,,
bib-247,,https://gallica.bnf.fr/ark:/12148/bpt6k59092n,bib-247_tp.JPEG,,,,,,,,
bib-247,1,http://atena.beic.it/webclient/DeliveryManager?pid=446373,,,,,,,,,
bib-247,1,http://daten.digitale-sammlungen.de/~db/0004/bsb00048650/images/,,,,,,,,,
bib-247,1,https://search.proquest.com/docview/2090326123,,,,,,,,,
bib-247,1,https://search.proquest.com/docview/2090331848,,,,,,,,,
bib-248,,https://www.proquest.com/docview/2090334044,bib-248_tp.png,,,,,,,,
bib-248,1,http://atena.beic.it/webclient/DeliveryManager?pid=3867066,,,,,,,,,
bib-248,1,http://bdh-rd.bne.es/viewer.vm?pid=d-1603823,,,,,,,,,
bib-248,1,https://search.proquest.com/docview/2090334044,,,,,,,,,
bib-248,1,https://search.proquest.com/docview/2090340811,,,,,,,,,
bib-248,1,https://search.proquest.com/docview/2090328760,,,,,,,,,
bib-250,,https://gallica.bnf.fr/ark:/12148/bpt6k8702031g,bib-250_tp.JPEG,,,,,,,,
bib-251,,https://books.google.com/books?id=HPMeJrYE0sEC,bib-251_tp.png,,,,,,,,
bib-251,1,http://www.mdz-nbn-resolving.de/urn/resolver.pl?urn=urn:nbn:de:bvb:12-bsb10937148-1,,,,,,,,,
bib-251,1,http://data.onb.ac.at/ABO/+Z184156405,,,,,,,,,
bib-252,,https://books.google.com/books?id=RHHyQodh9FIC,bib-252_tp.png,,,,,,,,
bib-253,,https://books.google.com/books?id=_4Y8AAAAcAAJ,bib-253_tp.png,,,,,,,,
bib-254,,https://books.google.com/books?id=uTo8AAAAcAAJ,bib-254_tp.png,,,,,,,,
bib-255,,https://archive.org/details/ita-bnc-mag-00000949-001,bib-255_tp.jpg,,,,,,,,
bib-255,1,http://data.onb.ac.at/ABO/+Z178292307,,,,,,,,,
bib-255,1,https://search.proquest.com/docview/2090350734,,,,,,,,,
bib-256,,https://archive.org/details/bim_early-english-books-1641-1700_a-mathematical-manual_phillippes-henry_1677,bib-256_tp.jpg,,,,,,,,
bib-257,,https://books.google.com/books?id=yyFBAAAAMAAJ,bib-257_tp.png,,,,,,,,
bib-258,,https://books.google.com/books?id=1plDyV8Lq9MC,bib-258_tp.png,,,,,,,,
bib-258,1,https://books.google.co.uk/books?id=1plDyV8Lq9MC&newbks=1&newbks_redir=0&dq=De%20thiende%20leerende%20door%20onghehoorde%20lichticheyt%20allen%20rekeningen%20onder%20den%20menschen%20noodich%20vallende%2C%20afveerdighen%20door%20heele%20ghetalen%20sonder%,,,,,,,,,
bib-259,,https://books.google.com/books?id=m4mmV9ZT3qEC,bib-259_tp.png,,,,,,,,
bib-260,,https://books.google.com/books?id=abBlAAAAcAAJ,bib-260_tp.png,,,,,,,,
bib-261,,https://www.google.com/books/edition/Moxon_s_Mechanick_Exercises/xlJIAAAAYAAJ?,bib-261_tp.jpg,,,,,,,,
bib-262,,https://www.google.com/books/edition/L_arithmetique/P845AAAAcAAJ,bib-262_tp.png,,,,,,,,
bib-262,1,http://nbn-resolving.de/urn:nbn:de:bvb:12-bsb10186770-6,,,,,,,,,
bib-263,,,,,,,,,,,
bib-264,,https://www.google.com/books/edition/Livre_d_arithmetique_contenant_plusieurs/jbMm1NzLYbcC,bib-264_tp.png,,,,,,,,
bib-265,,https://books.google.co.uk/books?id=BH1mAAAAcAAJ,bib-265_tp.png,,,,,,,,
bib-266,,https://www.google.com/books/edition/L_arithmetique_contenante_plusieurs_bell/8Y3lUZ7KsrIC,bib-266_tp.png,,,,,,,,
bib-267,,https://www.google.com/books/edition/La_science_des_nombres_premiere_partie_d/g4JxJyxCrmUC,bib-267_tp.png,,,,,,,,
bib-268,,,,,,,,,,,
bib-269,,https://www.google.com/books/edition/L_arithmetique/h-Bphzd8YJwC,bib-269_tp.png,,,,,,,,
bib-270,,https://www.google.com/books/edition/Pacht_Tafelen/iRRiAAAAcAAJ,bib-270_tp.png,,,,,,,,
bib-271,,https://books.google.com/books?id=L2ZnAAAAcAAJ,bib-271_tp.png,,,,,,,,
Bologna_1629a,,https://www.google.com/books/edition/Speculum_Euclidianum_totam_Euclidis_plan/7MXzbGtLJtEC,Bologna_1629a_tp.png,,,,,,,,
Bologna_1629a,1,http://books.google.com/books?vid=IBNN:BNA01001462153,,,,,,,,,
London_1666,,https://www.proquest.com/docview/2264215722,London_1666_tp.jpg,,,,,,,,
Bologna_1693,,https://www.google.com/books/edition/Plan%C3%B3rum_de_solidorum_Euclidis_elamenta/lD52rgVLiGcC,Bologna_1693_tp.png,,,,,,,,
London_1695,,https://www.proquest.com/docview/2240924354,London_1695_tp.jpg,,,,,,,,
London_1700,,https://www.proquest.com/docview/2240971821,London_1700_tp.jpg,,,,,,,,
Barcelona_1698,,,,,,,,,,,
bib-272,,https://books.google.com/books?id=-CekrQx9-AcC,bib-272_tp.png,,,,,,,,
bib-273,,https://www.google.com/books/edition/LES_TRAVAUX_DE_MARS_OU_L%CA%BCART_DE_LA_GUER/ynVWbzRRC0YC,bib-273_tp.png,bib-273_front.png,,,,,,,
bib-274,,https://www.google.com/books/edition/Usus_et_fabrica_circini_cujusdam_proport/kGM_AAAAcAAJ,bib-274_tp.png,,,,,,,,
bib-275,,https://www.google.com/books/edition/Praxis_nova_geometrica_per_usum_circini/3YpiAAAAcAAJ,bib-275_tp.png,,,,,,,,
bib-277,,https://www.digitale-sammlungen.de/en/view/bsb00009317,bib-277_tp.png,,,,,,,,
bib-277,1,http://data.onb.ac.at/ABO/+Z220710904,,,,,,,,,
bib-277,1,http://nbn-resolving.de/urn:nbn:de:bvb:12-bsb00009317-6,,,,,,,,,
bib-278,,https://www.digitale-sammlungen.de/en/view/bsb11267669,bib-278_tp.png,,,,,,,,
bib-278,1,http://nbn-resolving.de/urn:nbn:de:bvb:12-bsb00025578-4,,,,,,,,,
bib-279,,https://books.google.co.uk/books?id=yV1jAAAAcAAJ,bib-279_tp.png,,,,,,,,
bib-280,,https://gallica.bnf.fr/ark:/12148/bpt6k1512241w,bib-280_tp.JPEG,,,,,,,,
bib-281,,https://viewer.library.wales/4792546,bib-281_tp.png,,,,,,,,
bib-282,,https://gallica.bnf.fr/ark:/12148/bpt6k87026586,bib-282_tp_swoz0r.png,,,,,,,,
bib-282,1,https://search.proquest.com/docview/2090313553,,,,,,,,,
bib-283,,https://www.proquest.com/docview/2240913352,bib-283_tp.jpg,,,,,,,,
bib-283,1,https://search.proquest.com/docview/2240913352,,,,,,,,,
bib-284,,https://www.proquest.com/docview/2240865686,bib-284_tp.jpg,,,,,,,,
bib-285,,https://www.proquest.com/docview/2248534315/72798483,bib-285_tp.jpg,,,,,,,,
bib-285,1,https://search.proquest.com/docview/2248534315,,,,,,,,,
Kiel_and_Leipzig_1699,,,Kiel_and_Leipzig_1699_tp_alt.png,,,,,,,,
Leiden_1617,,,Leiden_1617_tp_alt.png,,,,,,,,
Douai_1620,,,Douai_1620_tp_alt.png,,,,,,,,
Cambridge_1665,,,Cambridge_1665_tp_alt.jpeg,,,,,,,,
Antwerp_1654,,,Antwerp_1654_tp_alt.png,,,,,,,,
Rome_1593,,,Rome_1593_tp_alt.png,,,,,,,,
MorisS-21-9,,,MorisS-21-9_tp_alt.png,,,,,,,,
bib-136,,,bib-136_tp_alt.png,,,,,,,,
Leiden_1617,,https://www.google.com/books/edition/De_propositien_vande_XV_boucken_der_elem/QV1IpGGmwAIC,,,,,,,,,
Antwerp_1654,,https://www.google.com/books/edition/Elementa_geometriae_planae_ac_solidae/HBjO5i7DpcoC,,,,,,,,,
Venice_1491,,https://daten.digitale-sammlungen.de/~db/0004/bsb00048525/images/,,,,,,,,,
bib-237,,https://www.proquest.com/pagelevelimage/2240955120,,,,,,,,,
bib-215,,https://collections.nlm.nih.gov/bookviewer?PID=nlm:nlmuid-2376052R-bk,,,,,,,,,
Amsterdam_1697,5,https://books.google.fr/books?id=qGNTo0MXMQcC&pg=PP5#v=onepage&q&f=false,,,,,,,,,
Strasbourg_1529,,https://www.google.com/books/edition/Elementale_geometricum/mN9RAAAAcAAJ,,,,,,,,,
Strasbourg_1529,1,https://search.proquest.com/docview/2090320510,,,,,,,,,
bib-8,,https://www.google.com/books/edition/Underweysung_der_messung_mit_dem_zirckel/jbVp94yubs8C,bib-8_tp.png,,,,,,,,
bib-8,1,https://doi.org/10.3931/e-rara-9108,,,,,,,,,
bib-8,1,http://digital.slub-dresden.de/ppn27778509X,,,,,,,,,
bib-8,1,http://data.onb.ac.at/ABO/+Z184153908,,,,,,,,,
Nuremberg_1539,,https://www.google.com/books/edition/Das_erst_buch_der_Geometria/Vg88AAAAcAAJ,Nuremberg_1539_tp.png,,,,,,,,
Nuremberg_1539,1,http://www.mdz-nbn-resolving.de/urn/resolver.pl?urn=urn:nbn:de:bvb:12-bsb10164586-3,,,,,,,,,
Nuremberg_1539,1,https://doi.org/10.3931/e-rara-12983,,,,,,,,,
Nuremberg_1539,1,http://data.onb.ac.at/ABO/+Z179832607,,,,,,,,,
Nuremberg_1539,1,http://www.mdz-nbn-resolving.de/urn/resolver.pl?urn=urn:nbn:de:bvb:12-bsb10806695-8,,,,,,,,,
bib-36,,https://www.google.com/books/edition/Della_Consolatione_de_la_filosofia/C4M6AAAAcAAJ,bib-36_tp.png,,,,,,,,
bib-147,,https://www.google.com/books/edition/Due_dialoghi_di_M_Iacomo_de_Lanteri_da_P/pS14QFHAQ_wC,bib-147_tp.png,,,,,,,,
bib-276,,https://www.google.com/books/edition/Procli_Diadochi_Lucii_philosophi_Platoni/mJ0HQvbDisoC,bib-276_tp.png,,,,,,,,
bib-91,,https://www.google.com/books/edition/Libro_di_arithmetica_geometria_speculati/k178vmPQwfYC,bib-91_tp.png,,,,,,,,
bib-91,1,http://gallica.bnf.fr/ark:/12148/bpt6k581513,,,,,,,,,
bib-33,,https://www.google.com/books/edition/Del_modo_di_misurare_le_distantie_le_sup/p9GYbUUZnGwC,bib-33_tp_z39rs2.png,,,,,,,,
X2T7PY,1,https://gallica.bnf.fr/ark:/12148/bpt6k58164f,X2T7PY_tp_1.png,,,,,,,,
X2T7PY,1,https://search.proquest.com/docview/2090355728,,,,,,,,,
X2T7PY,1,https://search.proquest.com/docview/2090353503,,,,,,,,,
Cologne_1591,,https://www.google.com/books/edition/Evclidis_Elementorvm_libri_XV/TJJoAAAAcAAJ,Cologne_1591_tp.png,,,,unknown,,,,
Cologne_1591,2,https://books.google.fr/books?id=bpJoAAAAcAAJ&newbks=1&newbks_redir=0&pg=PA1#v=onepage&q&f=false,,,,,unknown,,,,
Cologne_1591,1,"https://www.digitale-sammlungen.de/en/view/bsb00015050?q=%28Euclidis+Elementa%29&page=4,5",cologne_1591_tp_9y91yy.jpg,,,,Public Domain,,,,
ZGOHUR,1,https://www.google.fr/books/edition/Gnomonices_Libri_Octo/XQZ9ScOjJsAC?hl=iw&gbpv=1&pg=PP5&printsec=frontcover,ZGOHUR_tp_1.png,,,,,,,,
ZGOHUR,1,http://dx.doi.org/10.3931/e-rara-2774,,,,,,,,,
ZGOHUR,1,http://www.bvh.univ-tours.fr/Consult/index.asp?numfiche=365,,,,,,,,,
Z0K13S,1,https://archive.org/details/b31351013/page/n9/mode/2up,Z0K13S_tp_1.jpeg,,,,,,,,
Z0K13S,1,https://sammlungen.hebis.de/ubg-ihd-adr/id/444546,,,,,,,,,
Venice_1482,,https://archive.org/details/preclarissimusli00eucl/page/n1/mode/2up,venice_1482_tp_w3rhuz.jpg,,,,Public Domain,,,,
Venice_1482,,https://babel.hathitrust.org/cgi/pt?id=gri.ark:/13960/t3vt3074v&seq=7,Venice_1482_tp_alt.jpeg,,,,Public domain https://www.hathitrust.org/the-collection/search-access/access-use-policy/#pd,,,,
Venice_1482,1,https://archive.org/details/OEXV231RES/page/n7/mode/2up,,,,,Public domain,,,,
Venice_1482,1,https://archive.org/details/gri_000033125009354198/mode/2up,,,,,unknown,,,,
IC4Y79,1,https://www.google.com/books/edition/Georgii_Vallae_De_expetendis_et_fugiendi/OU-c9w7iXBUC,IC4Y79_tp_1.png,,,,,,,,
IC4Y79,2,https://www.google.com/books/edition/De_expetendis_et_fugiendis_rebus_opus/XixLAAAAcAAJ,,,,,,,,,
TTORPR,1,https://www.google.com/books/edition/Elementale_Geometricum_ex_Euclidis_Geome/DV9jAAAAcAAJ,TTORPR_tp_1.png,,,,unknown,,,,
TTORPR,1,"https://www.digitale-sammlungen.de/en/view/bsb00015787?page=4,5",ttorpr_tp_yefwcx.jpg,,,,Public Domain,,,,
FA6MQ0,1,https://www.proquest.com/docview/2240870412/99850882,,,,,,,,,
WWE4ON,1,https://www.google.com/books/edition/Arithmetic%C3%A6_theoria_et_praxis/PrjRYjRHanEC,WWE4ON_tp_1.png,,,,,,,,
ZQA6JR,1,https://www.google.com/books/edition/Elementa_geometriae_planae_Authore_Aegid/6-drafd-SkwC,ZQA6JR_tp_1.png,,,,,,,,
F2WVY3,1,https://archive.org/details/b30452806/page/n5/mode/2up,F2WVY3_tp_1.jpg,,,,Public Domain https://creativecommons.org/publicdomain/mark/1.0/,,,,
F2WVY3,1,https://dlc.mpg.de/!metadata/868394602/11/-/,f2wvy3_tp_w4yr2q.PNG,,,,Public Domain,,,,
2L8L55,1,https://www.google.com/books/edition/Sex_priora_Euclidis_Elementa/FuBJAAAAMAAJ,2L8L55_tp_1.png,2L8L55_frontispiece_1.png,,,unknown,,,,
2L8L55,1,https://dlc.mpg.de/image/868448664/7/,2l8l55_tp_epe90b.jpg,,,,Public Domain,,,,
473J72,1,https://www.google.com/books/edition/The_Six_First_Together_with_the_Eleventh/YBdKAAAAMAAJ,473J72_tp_1.png,,,,,,,,
RSEIPO,1,https://babel.hathitrust.org/cgi/pt?id=mdp.39015069279035,RSEIPO_tp_1.jpeg,,,,,,,,
QX7XH4,1,https://www.google.com/books/edition/The_Elements_of_Euclid_Viz_the_First_Six/IOZWAAAAcAAJ,QX7XH4_tp_1.png,,,,,,,,
QX7XH4,1,https://dlc.mpg.de/image/1840286903/5/,qx7xh4_tp_te1ndf.jpg,,,Print from 1767,Public Domain,,,,
BQ96WF,1,https://www.google.com/books/edition/G%C3%B6ttingische_Zeitungen_von_gelehrten_Sa/150DAAAAMAAJ,BQ96WF_tp_1.png,,,,,,,,
6XTAVU,1,https://www.google.com/books/edition/Elements_of_Geometry_The_second_edition/F1Y2zM_ABsoC,6XTAVU_tp_1.png,,,,,,,,
KVSFF1,1,https://gallica.bnf.fr/ark:/12148/bpt6k6212886v,KVSFF1_tp_1.jpeg,,,,,,,,
DDUZGF,1,https://archive.org/details/ita-bnc-in1-00000520-001/page/n13/mode/2up,,,,,,,,,
DDUZGF,1,http://diglib.hab.de/inkunabeln/141-2-quod-6/start.htm,,,,,,,,,
VRHOHN,1,https://www.google.com/books/edition/Architecture_de_Philibert_de_l_Orme/a0BPAAAAcAAJ,VRHOHN_tp_1.png,VRHOHN_frontispiece_1.png,,,,,,,
I9PE2Y,1,https://www.google.com/books/edition/Astronomia_nova_aitiologetos_seu_physica/cJQCuy3mTH4C,I9PE2Y_tp_1.png,,,,,,,,
XAFNOE,1,https://www.google.com/books/edition/Mechanische_Kunstkammer/MRnxvjrCoDkC,XAFNOE_tp_1.png,XAFNOE_frontispiece_1.png,,,,,,,
GDC2CP,1,https://www.google.com/books/edition/Archim%C4%93dous_Panta_s%C5%8Dzomena_Archimedis/tOBkmZ9YdOUC,GDC2CP_tp_1.jpeg,,,,,,,,
YPQYIR,1,http://gallica.bnf.fr/ark:/12148/bpt6k5711908p,YPQYIR_tp_1.jpeg,,,,,,,,
YPQYIR,1,http://gallica.bnf.fr/ark:/12148/bpt6k5711908p.r=.langEN,,,,,,,,,
5J1UUA,1,https://gallica.bnf.fr/ark:/12148/bpt6k8702214n,5J1UUA_tp_1.jpeg,,,,,,,,
0CKY65,1,https://gallica.bnf.fr/ark:/12148/bpt6k8709474s,0CKY65_tp_1.jpeg,,,,,,,,
0CKY65,1,https://www.e-rara.ch/zut/content/zoom/3286346,0CKY65_tp_2.png,,,,,,,,
X5YBIB,1,https://gallica.bnf.fr/ark:/12148/bpt6k87022152,X5YBIB_tp_1.jpeg,,,,,,,,
0NKS71,1,https://gallica.bnf.fr/ark:/12148/bpt6k3268477,0NKS71_tp_1.jpeg,,,,,,,,
YBCWZV,1,https://gallica.bnf.fr/ark:/12148/bpt6k326464j,YBCWZV_tp_1.jpeg,,,,,,,,
TJONV6,1,http://gallica.bnf.fr/ark:/12148/bpt6k58184447,TJONV6_tp_1.jpeg,,,,,,,,
YQDZSW,1,https://www.e-rara.ch/doi/10.3931/e-rara-10356,YQDZSW_tp_1.png,,,,,,,,
YCXMIJ,1,https://gallica.bnf.fr/ark:/12148/bpt6k325164b,YCXMIJ_tp_1.jpeg,,,,,,,,
5V691B,1,https://doi.org/10.3931/e-rara-30959,5V691B_tp_1.png,,,,,,,,
5V691B,1,https://books.google.fr/books?id=HMbA1v55-WIC,5V691B_tp_2.png,,,,,,,,
L8R7FQ,1,http://nbn-resolving.de/urn:nbn:de:bvb:12-bsb10164565-7,L8R7FQ_tp_1.png,,,,,,,,
6AMYTJ,1,https://www.google.com/books/edition/Le_troysiesme_livre_de_l_arithmetique_de/o6Tz37lUZKwC,6AMYTJ_tp_1.png,,,,,,,,
4TJF1A,1,http://nbn-resolving.de/urn:nbn:de:bvb:12-bsb10314284-2,4TJF1A_tp_1.png,,,,,,,,
OM1R2Y,1,https://www.google.com/books/edition/Le_troysiesme_livre_de_l_arithmetique_de/BnNBMFPMjtUC,OM1R2Y_tp_1.png,,,,,,,,
UEIZFO,1,https://www.google.com/books/edition/Arithmetique_entiere_et_abreg%C3%A9e_de_Pier/U4M8jgK8CJ0C,UEIZFO_tp_1.png,,,,,,,,
E4JQEB,1,https://www.google.com/books/edition/L_arithmetique_demonstree_traduite_et_co/TeUljNyRGnUC,E4JQEB_tp_1.png,,,,,,,,
LQNZBJ,1,https://www.google.com/books/edition/Deux_liures_d_Autolyce_l_vn_de_la_sphere/0ycFQ8AbQ0cC,LQNZBJ_tp_1.png,,,,,,,,
7Y5IWJ,1,https://www.google.com/books/edition/L_arithmetique/P845AAAAcAAJ,7Y5IWJ_tp_1.png,,,,,,,,
EN496R,1,https://gallica.bnf.fr/ark:/12148/bpt6k62793184,EN496R_tp_1.jpeg,,,,,,,,
RH6KEE,1,https://www.google.com/books/edition/La_castram%C3%A9tation_descrite_selon_l_ordo/k_FKY70BnGsC,RH6KEE_tp_1.png,,,,,,,,
1QQS64,1,https://gallica.bnf.fr/ark:/12148/bpt6k10432175,1QQS64_tp_1.jpeg,,,,,,,,
N000JX,1,https://books.google.com/books?id=mHuuR9GTpVoC,,,,,,,,,
N000JX,1,http://bdh-rd.bne.es/viewer.vm?id=0000079001&page=1,,,,,,,,,
N000JX,1,https://books.google.com/books?id=Vw7LmBrKluIC,,,,,,,,,
N000JX,1,http://hdl.handle.net/2027/ucm.5316862961,,,,,,,,,
N000JX,1,http://fondosdigitales.us.es/fondos/libros/715,,,,,,,,,
N000JX,1,http://bib.cervantesvirtual.com/FichaObra.html?Ref=http%3A%2F%2Ffondosdigitales.us.es%2Ffondos%2Flibros%2F715%2F&portal=303,,,,,,,,,
6PMNRZ,1,https://books.google.fr/books?id=TYLizRJk04sC&hl=iw&pg=PA1#v=onepage&q&f=false,6PMNRZ_tp_1.png,,,,,,,,
XP5WU4,1,https://www.e-rara.ch/zut/content/titleinfo/5333502,XP5WU4_tp_1.png,,,,,,,,
4ZSED7,1,,,,,,,,,,
VWMZ7L,1,http://nbn-resolving.de/urn:nbn:de:bvb:12-bsb10205218-2,,,,,,,,,
VWMZ7L,1,http://gallica.bnf.fr/ark:/12148/bpt6k73101r.r=.langEN,,,,,,,,,
VWMZ7L,1,https://search.proquest.com/docview/2315042638,,,,,,,,,
VWMZ7L,1,https://www.google.fr/books/edition/De_arithmetica/XhdQAAAAcAAJ?hl=en&gbpv=1&dq=Ex%20mathematico%20Pselli&pg=PA1&printsec=frontcover,VWMZ7L_tp_4.png,,,,,,,,
XHZ2XV,1,https://books.google.fr/books?id=O71pAAAAcAAJ&hl=iw&pg=PA1#v=onepage&q&f=false,,,,,,,,,
YUHFFF,1,http://www.mdz-nbn-resolving.de/urn/resolver.pl?urn=urn:nbn:de:bvb:12-bsb10994553-4,YUHFFF_tp_1.png,,,,,,,,
JTZKPV,1,http://books.google.be/books?vid=GENT900000070122,,,,,,,,,
JTZKPV,1,https://gallica.bnf.fr/ark:/12148/bd6t5774970d,JTZKPV_tp_2.png,,,,,,,,
BKH4JK,1,https://www.proquest.com/docview/2264207415,BKH4JK_tp_1.png,,,,,,,,
2KGVZD,1,https://archivesetmanuscrits.bnf.fr/ark:/12148/cc45285f,,,,,,,,,
IYXX6N,1,https://archivesetmanuscrits.bnf.fr/ark:/12148/cc40424m,,,,,,,,,
M2BQJ8,1,https://gallica.bnf.fr/ark:/12148/btv1b108769479,,,,,,,,,
SBTLU7,1,https://gallica.bnf.fr/ark:/12148/btv1b90580858/f5.item,,,,,,,,,
UV2ZS6,1,https://gallica.bnf.fr/ark:/12148/btv1b525129179/f14.item,,,,,,,,,
FRXJUH,1,https://gallica.bnf.fr/ark:/12148/btv1b52525227d/f7.item,,,,,,,,,
16NH5R,1,https://gallica.bnf.fr/ark:/12148/btv1b9057436v/f385.item,,,,,,,,,
H55LLR,1,https://archivesetmanuscrits.bnf.fr/ark:/12148/cc770708,,,,,,,,,
L3XLGB,1,http://dx.doi.org/10.3931/e-rara-44637,L3XLGB_tp_1.png,,some,,,,,,
ME5WYH,1,https://archivesetmanuscrits.bnf.fr/ark:/12148/cc22477f,,,,,,,,,
SQKVP9,1,https://archivesetmanuscrits.bnf.fr/ark:/12148/cc4584f,,,,,,,,,
8DP4C1,1,https://archive.org/details/bub_gb_Z1loGbRbHdsC/page/n3/mode/2up,8dp4c1_tp_4gurw7.jpg,,,Edition from 1620,Public Domain,,,,
NCXCIA,1,https://gallica.bnf.fr/ark:/12148/btv1b52515005m,,,,Latin 11243,,,,,
E8K2CK,1,https://archive.org/details/bub_gb_BYqdT38PNvEC/mode/2up,e8k2ck_tp_3gyd6j.png,,,,,,,,
ZYVGSH,1,https://books.google.fr/books?id=IVkVAAAAQAAJ,zyvgsh_tp_29xs2g.png,,,,,,,,
93LJS8,1,http://books.google.com/books?vid=IBNN:BNA01001462861,93ljs8_tp_efa5c1.png,,,,,,,,
YSF4K5,1,https://www.google.com/books/edition/Optica/IB5WAAAAcAAJ?,ysf4k5_tp_os9o9e.png,,,,,,,,
G5IUDY,1,https://www.google.com/books/edition/Zwey_B%C3%BCcher_das_erste_von_der_ohne_und/ukhRAAAAcAAJ,g5iudy_tp_6sd8qp.png,,,,,,,,
6MOFBH,1,https://www.google.com/books/edition/ANDREAE_ALBERTI_duo_Libri_PRIOR_DE_PERSP/aQ3OFYTPcoIC,6mofbh_tp_l7jzai.png,,,,,,,,
22INUJ,1,https://www.google.com/books/edition/La_perspective_speculative_et_pratique/9xQOAAAAQAAJ,22inuj_tp_u4r416.png,,,,,,,,
JXC181,1,https://www.google.com/books/edition/La_Pratica_Della_Perspettiva_Opera_molto/sQZfAAAAcAAJ,jxc181_tp_7xorfp.png,,,,,,,,
JTRIRS,1,https://www.google.com/books/edition/La_Pratica_Della_Perspettiva_Opera_molto/sQZfAAAAcAAJ,jtrirs_tp_yswsmj.png,,,,,,,,
XCQGKZ,1,https://www.google.com/books/edition/Avvertimenti_e_regole_circa_l_architettv/y5YeGiqGmJ0C,xcqgkz_tp_qyhdhw.png,,,,,,,,
DA54XK,1,https://www.google.com/books/edition/Abbreuiations_des_plus_difficiles_operat/R77QUehyssUC,da54xk_tp_x6iq4w.png,,,,,,,,
35H84Y,1,https://www.google.com/books/edition/Apiaria_universae_philosophiae_mathemati/k1HG9MW4uEAC,35h84y_tp_w2nq94.png,35h84y_frontispiece_ayipg0.png,,,,,,,
ABSZLW,1,https://www.google.com/books/edition/Eygentliche_und_vollkommene_Historische/Sk1DAAAAcAAJ,abszlw_tp_x9impt.png,,,,,,,,
Z26G13,1,https://www.google.com/books/edition/Praxis_Perspectivae/Hv8L8r395PEC,z26g13_tp_dlk0t4.png,,,,,,,,
VT5JVX,1,http://books.google.com/books?vid=IBNN:BNA01001462898,vt5jvx_tp_lt4jav.png,,,,,,,,
2I9HSY,1,http://gallica.bnf.fr/ark:/12148/btv1b86261573,2i9hsy_tp_zgk7s8.png,2i9hsy_frontispiece_1f0bsw.png,,,,,,,
QR4DDA,1,https://www.google.com/books/edition/Examen_des_oeuvres_de_Sr_Desargues/FyMOAAAAQAAJ,qr4dda_tp_o1kpo5.png,,,,,,,,
9TXK4F,1,https://www.google.com/books/edition/La_perspective_avec_la_raison_des_ombres/1YXgELZecBgC,9txk4f_tp_3y2qat.png,,,,,,,,
AWKSO4,1,https://www.google.com/books/edition/La_Perspective_Practiqve_Necessaire_A_To/sBDWYSg9QPwC,awkso4_tp_5qrplj.png,awkso4_frontispiece_zcftjw.png,,,,,,,
3WV6N7,1,https://www.google.com/books/edition/Diverses_methodes_vniverselles_et_nouvel/8qG1ycK1Wm8C,3wv6n7_tp_iyxnv9.png,,,,,,,,
DMOHT7,1,https://www.google.com/books/edition/Seconde_partie_de_la_perspectiue_pratiqu/nDTzpYfbfpgC,dmoht7_tp_cieeuv.png,,,,,,,,
3WRC2Y,1,https://www.google.com/books/edition/La_Perspective_Pratiqve_Necessaire_A_Tov/aIBfAAAAcAAJ,3wrc2y_tp_mq8rhq.png,3wrc2y_frontispiece_1lihye.png,,,,,,,
KLSGAN,1,https://www.google.com/books/edition/Newe_Geometrische_vnd_Perspectivische_In/CnxmAAAAcAAJ,klsgan_tp_n59qha.png,,,,,,,,
AVXGNJ,1,https://www.google.com/books/edition/Ingenieurs_Schul_in_ein_Compendium_gebra/xE1bAAAAcAAJ,avxgnj_tp_itfzml.png,avxgnj_frontispiece_pvlhfc.png,,,,,,,
AVXGNJ,1,http://www.mdz-nbn-resolving.de/urn/resolver.pl?urn=urn:nbn:de:bvb:12-bsb10220893-8,,,,,,,,,
CG8KPH,1,https://gallica.bnf.fr/ark:/12148/bpt6k6281913x.r,cg8kph_tp_ajqamd.JPEG,,,,,,,,
CYFAY3,1,https://www.google.com/books/edition/De_Sculptura_Ubi_agitur_De_Symetriis_De/iyxeAAAAcAAJ,cyfay3_tp_o6j4yo.png,,,,,,,,
XXI4KS,1,http://nbn-resolving.de/urn:nbn:de:bvb:12-bsb00011352-7,xxi4ks_tp_62dn3j.png,,,,,,,,
WHEESV,1,http://books.google.com/books?vid=IBSC:SC400000502,wheesv_tp_h516f4.png,,,,,,,,
OQE4ZD,1,https://www.digitale-sammlungen.de/en/view/bsb10942221,oqe4zd_tp_4f0vop.jpg,oqe4zd_frontispiece_asemxl.jpg,,,,,,,
OQBIL8,1,https://www.digitale-sammlungen.de/en/view/bsb00021627,oqbil8_tp_zza3jy.jpg,,,,,,,,
B9OW5O,1,http://data.onb.ac.at/ABO/+Z180183402,b9ow5o_tp_ppaowy.jpg,,,,,,,,
B9OW5O,1,http://digital.slub-dresden.de/ppn27644017X,,,,,,,,,
ZN24V0,1,http://www.mdz-nbn-resolving.de/urn/resolver.pl?urn=urn:nbn:de:bvb:12-bsb11218323-0,zn24v0_tp_rxy0cw.jpg,,,,,,,,
ZN24V0,1,http://nbn-resolving.de/urn:nbn:de:bvb:12-bsb00024646-8,,,,,,,,,
WFWXP4,1,https://search.proquest.com/docview/2111769954,,,,,,,,,
CCS7QJ,1,https://www.google.com/books/edition/Grondige_onderrichtinge_in_de_optica_oft/LdbSqa25K_YC,ccs7qj_tp_bf4mc1.png,,,,,,,,
G2T7OK,1,https://www.google.com/books/edition/Instrvction_en_la_Science_de_Perspective/iEjPP1kLOh0C,g2t7ok_tp_a49z9f.png,,,,,,,,
MIZPJ8,1,http://data.onb.ac.at/ABO/+Z181194407,mizpj8_tp_chczog.jpg,,,,,,,,
MIZPJ8,1,http://digital.slub-dresden.de/ppn271702370,,,,,,,,,
C8SLYQ,1,https://www.google.com/books/edition/Eyn_sch%C3%B6n_n%C3%BCtzlich_b%C3%BCchlin_vnd_vnderw/-oxKZYpjmBQC,c8slyq_tp_ovigw2.png,,,,,,,,
DN10G5,1,https://www.google.com/books/edition/Perspectiua_Eyn_sch%C3%B6n_n%C3%BCtzlich_b%C3%BCchli/jPQNWIhO9VwC,dn10g5_tp_vwv4cj.png,,,,,,,,
N1D1J1,1,https://www.google.com/books/edition/Athanasii_Kircheri_Fuldensis_Buchonii_Ar/Xggfro5KeRoC,n1d1j1_tp_ow852a.png,,,,,,,,
S105XB,1,http://digi.ub.uni-heidelberg.de/diglit/lautensack1564,s105xb_tp_xc9jf6.png,,,,,,,,
UOH868,1,http://nbn-resolving.de/urn:nbn:de:bvb:12-bsb00084127-7,uoh868_tp_xpuv76.png,,,,,,,,
Q4F538,1,http://nbn-resolving.de/urn:nbn:de:bvb:12-bsb00084126-2,q4f538_tp_twtjw7.jpg,,,,,,,,
TMVVZN,1,https://www.google.com/books/edition/Trattato_dell_arte_de_la_pittura_di_Gio/k16wKRtVntsC,tmvvzn_tp_pfda3p.png,,,,,,,,
2BRI1Z,1,https://search.proquest.com/docview/2240944171,,,,,,,,,
5YK5ZF,1,https://www.google.com/books/edition/PERSPECTIVA_HORARIA_SIVE_DE_HOROGRAPHIA/2jPCZ8OAcPUC,5yk5zf_tp_xaxq5l.png,5yk5zf_frontispiece_uyb7kd.png,,,,,,,
BCYM68,1,https://www.google.com/books/edition/La_perspective_curieuse_ou_magie_artific/r1T-rypHaRgC,bcym68_tp_euccgh.png,bcym68_frontispiece_0uka9s.png,,,,,,,
99CARP,1,https://www.google.com/books/edition/Thaumaturgus_opticus_seu_admiranda_optic/-V1fAAAAcAAJ,99carp_tp_dxmzgh.png,99carp_frontispiece_4flvqd.png,,,,,,,
99CARP,1,https://www.google.com/books/edition/R_P_Ieannis_Francisci_Niceronis_Thaumatu/637_vnJHjF8C,,,,,,,,,
EW54CX,1,https://www.google.com/books/edition/Disce_Mori_Das_ist_kurtzer_vnd_einfeltig/SRlWAAAAcAAJ,ew54cx_tp_sntjkc.png,,,,,,,,
EW54CX,1,http://bvbm1.bib-bvb.de/webclient/DeliveryManager?pid=162690&amp;custom_att_2=simple_viewer,,,,,,,,,
UX662Y,1,http://nbn-resolving.de/urn:nbn:de:bvb:22-dtl-0000002724,ux662y_tp_od7as4.jpg,,,,,,,,
7UMG6X,1,http://nbn-resolving.de/urn:nbn:de:bvb:12-bsb00007953-5,7umg6x_tp_3ad2tz.jpg,,,,,,,,
ZQIHYL,1,https://www.google.com/books/edition/Ioachimi_Fortij_Ringelbergij_Andouerpian/3pBUhiLQGEwC,zqihyl_tp_xypfcl.png,,,,,,,,
6X6R6Y,1,http://data.onb.ac.at/ABO/+Z178824603,6x6r6y_tp_414u35.jpg,,,,,,,,
GDIHEX,1,https://www.google.com/books/edition/Pratica_di_fabricar_scene_e_machine_ne_t/gNPQjoC0AncC,gdihex_tp_3zf37r.png,gdihex_frontispiece_ii5quf.png,,,,,,,
GD0NV0,1,http://books.google.com/books?vid=IBNN:BNA01001462240,gd0nv0_tp_dmbtbf.png,,,,,,,,
B80KIT,1,https://www.google.com/books/edition/Prattica_del_parallelogrammo_da_disegnar/iY8WznXyfLoC,b80kit_tp_06jf5g.png,,,,,,,,
QWCWLH,1,http://nbn-resolving.de/urn:nbn:de:bvb:12-bsb10195345-5,qwcwlh_tp_wudaph.jpg,,,,,,,,
5KCP5R,1,https://www.google.com/books/edition/Den_eersten_tweeden_en_vijfsten_boeck_va/EkNPAAAAcAAJ,5kcp5r_tp_q2avja.png,,,,,,,,
MYFHIS,1,http://www.bvh.univ-tours.fr/Consult/index.asp?numfiche=206,myfhis_tp_w9ue19.jpg,,,,,,,,
NTML0S,1,http://nbn-resolving.de/urn:nbn:de:bvb:12-bsb10197997-7,ntml0s_tp_11cr0k.jpg,,,,,,,,
JT4H92,1,https://www.google.com/books/edition/The_First_Booke_of_Architecture_Made_by/eMK7FcjqENMC,jt4h92_tp_0ljdy2.png,,,,,,,,
GGD02E,1,https://www.google.com/books/edition/La_pratica_di_prospettiua_del_caualiere/txlM4hOL3C8C,ggd02e_tp_el2z15.png,,,,,,,,
T3UM3R,1,https://www.google.com/books/edition/La_Pratica_di_Prospettiva_etc/ytplAAAAcAAJ,t3um3r_tp_v358ul.png,,,,,,,,
K7DERJ,1,http://mdz-nbn-resolving.de/urn:nbn:de:bvb:12-bsb11216116-1,k7derj_tp_h45djp.jpg,,,,,,,,
N61RR8,1,https://www.google.com/books/edition/Memoires_Mathematiqves_Contenant_ce_en_q/4k1ZAAAAcAAJ,n61rr8_tp_bab1p1.png,,,,,,,,
XOIASP,1,https://www.google.com/books/edition/Perspectiue_cilindrique_et_conique_Ou_Tr/VNdV_8bULxkC,xoiasp_tp_adrbj1.png,,,,,,,,
EFXRG3,1,https://www.google.com/books/edition/Abr%C3%A9g%C3%A9_ou_racourcy_de_la_perspective_p/pZQ5AAAAcAAJ,efxrg3_tp_pg796w.png,,,,,,,,
93PZQ5,1,https://www.google.com/books/edition/De_Artificiali_Perspectiva_Viator/0sRZAAAAcAAJ,93pzq5_tp_xchdbh.png,,,,,,,,
10AUQ5,1,https://www.google.com/books/edition/De_artificiali_Perspectiva_Viator_Secund/kRJnAAAAcAAJ,10auq5_tp_o3h7fd.png,,,,,,,,
612FNN,1,https://www.google.com/books/edition/Le_due_regole_della_prospettiva_pratica/17YyRxt3OYYC,612fnn_tp_us3493.png,,,,,,,,
BFI81M,1,http://books.google.com/books?vid=IBSC:SC000004331,bfi81m_tp_fc8vya.png,,,,,,,,
YB32U5,1,https://www.google.com/books/edition/Perspective_C_est_%C3%A0_dire_le_tresrenomm/qDenIVu7JzQC,yb32u5_tp_gaj6g1.png,,,,,,,,
P3JCQH,1,https://books.google.co.uk/books?id=n4dBH3-AcSUC,p3jcqh_tp_7s730j.png,,,,,,,,
EJGRZN,1,https://gallica.bnf.fr/ark:/12148/bpt6k5818968c,ejgrzn_tp_1ey9wq.JPEG,,,,,,,,
144JC3,1,,144jc3_tp_1abumf.png,,,,,,,,
UQI2BV,1,https://search.proquest.com/docview/2090320454,uqi2bv_tp_2z9wnq.png,,,,,,,,
56DVN2,1,https://www.digitale-sammlungen.de/en/view/bsb11263718,56dvn2_tp_mvrjqo.png,,,,,,,,
QIG1E3,1,https://scripta.bbf.dipf.de/viewer/image/481244158,qig1e3_tp_qovm2y.png,,,,,,,,
HZ5UVJ,1,https://books.google.co.il/books?id=eTsIET9bTioC,hz5uvj_tp_dr72e9.png,,,,,,,,
JZ3MT9,1,https://books.google.co.uk/books/about/Ideae_mathematicae_pars_prima_sive_Metho.html?id=qinevzxnHFoC&redir_esc=y,jz3mt9_tp_hgp1h0.png,,,,,,,,
JZ3MT9,1,https://babel.hathitrust.org/cgi/pt?id=ucm.5320258006,,,,,,,,,
NYJL4C,1,https://archive.org/details/rabdologiaseunu00napi/page/n3/mode/2up,nyjl4c_tp_dgxpt3.png,,,,,,,,
OGXS5A,1,https://books.google.fr/books?id=VukHAQAAIAAJ,ogxs5a_tp_heuahs.png,,,,,,,,
4C287U,1,https://books.google.co.uk/books?id=Kh8PAAAAQAAJ&newbks=1&newbks_redir=0&dq=Tables%20des%20sinus%2C%20tangentes%20et%20secantes%2C%20selon%20le%20raid%20de%20100000%20parties.%20Avec%20un%20traict%C3%A9%20succinct%20de%20la%20trigonometrie%20tant%20des%20,4c287u_tp_aavh3a.png,,,,,,,,
5ZF83O,1,https://search.proquest.com/docview/2090364692,,,,,,,,,
WNYVAP,1,https://search.proquest.com/docview/2090303459,,,,,,,,,
136K7I,1,https://search.proquest.com/docview/2090351232,,,,,,,,,
WOQG2Q,1,https://www.google.co.il/books/edition/Fortification_ou_Architecture_militaire/flNZn8Vh1EsC,woqg2q_tp_1kw8dr.png,,,,,,,,
MMJVXG,1,https://www.google.co.il/books/edition/L_arithmique_de_Simon_Stevin_de_Bruges/SMVbAAAAQAAJ,mmjvxg_tp_3r1fkj.png,,,,,,,,
9D1KT8,1,https://archive.org/details/bub_gb_vSAYyWVBK9YC,9d1kt8_tp_sdvam9.png,,,,Public Domain,,,,
9D1KT8,1,http://books.google.com/books?vid=IBNR:CR000628025,,,,,,,,,
T4DFPF,1,http://www.mdz-nbn-resolving.de/urn/resolver.pl?urn=urn:nbn:de:bvb:12-bsb11057839-3,,,,,,,,,
T4DFPF,1,http://data.onb.ac.at/ABO/+Z184169400,,,,,,,,,
T4DFPF,1,http://www.mdz-nbn-resolving.de/urn/resolver.pl?urn=urn:nbn:de:bvb:12-bsb10139488-8,,,,,,,,,
T4DFPF,1,https://dlc.mpg.de/image/868383511/4/,t4dfpf_tp_3q4we6.png,,,,Public Domain,,,,
GY5QLD,1,https://digital.slub-dresden.de/werkansicht/dlf/19199/5,gy5qld_tp_uby4y6.jpg,,,,Public Domain,,,,
D40ZCO,1,https://www.e-rara.ch/zuz/content/zoom/13950271,d40zco_tp_s7mphk.jpg,,,,Public Domain,,,,
D40ZCO,1,https://opendata2.uni-halle.de/handle/1516514412012/8926?locale=de,,,,,Public Domain,,,,
BQHG81,1,https://odyssee.univ-amu.fr/items/show/458,,,,"BU des Fenouillères - Arts, lettres et sciences humaines (Aix-en-Provence), cote MS 66",public domain,,,,
7BQW8D,1,https://www.google.com/books/edition/Christophori_Clauii_Bambergensis_In_Spha/RGbw9hZOjUcC,7bqw8d_tp_7x1ep6.png,,,,,,,,
S66LMV,1,https://www.google.com/books/edition/Christophori_Clauii_Epitome_arithmeticae/esRaoaQBf70C,s66lmv_tp_t5l7qk.png,,,,,,,,
AKQ4ZK,1,https://www.google.com/books/edition/Christophori_Clauij_Bambergensis_Epitome/BiuPpmCvHjYC,akq4zk_tp_5hitp7.png,,,,,,,,
NK4GX0,1,https://www.google.com/books/edition/Christophori_Clauii_In_Sphaeram_Ioannis/2BgA_A5UrNAC,nk4gx0_tp_9f2hi5.png,,,,,,,,
YD6GFC,1,https://www.google.com/books/edition/Theodosii_Tripolitae_Sphaericorum_libri/ZsVlJ2zx_HQC,yd6gfc_tp_newmm9.png,,,,,,,,
220OQK,1,https://www.google.com/books/edition/In_sphaeram_Ioannis_de_Sacro_Bosco_comme/-l1aAAAAcAAJ,220oqk_tp_fwjpsa.png,,,,,,,,
0CXTNP,1,https://www.google.com/books/edition/Aritmetica_prattica_composta_dal_molto_r/cF7ktrbtqpkC,0cxtnp_tp_zv8p9o.png,,,,,,,,
E38BVC,1,http://dx.doi.org/10.3931/e-rara-11609,e38bvc_tp_hv3qbu.png,,,,,,,,
E38BVC,1,https://search.proquest.com/docview/2090349506,,,,,,,,,
XLKFZ8,1,https://www.google.com/books/edition/Christophori_Clauii_ex_Societate_Iesu_In/pB9SksJ_2OcC,xlkfz8_tp_59jb3j.png,,,,,,,,
H5H6K4,1,https://www.google.com/books/edition/Epitome_arithmeticae_practicae_denuo_ab/nRNaAAAAcAAJ,h5h6k4_tp_xyfkpb.png,,,,,,,,
H5H6K4,1,https://viewer.onb.ac.at/10AC73C2/,,,,,,,,,
EUARD4,1,https://www.google.com/books/edition/Tabula_ad_cognoscendam_magnitudinem_diei/RE4bDUCHgw4C,euard4_tp_r1ym51.png,,,,,,,,
2F464H,1,https://www.google.com/books/edition/In_Sphaeram_Joannis_de_Sacrobosco_Commen/6ZI8AAAAcAAJ,2f464h_tp_4wukom.png,,,,,,,,
4QQF4D,1,http://dx.doi.org/10.3931/e-rara-463,,,,,,,,,
4QQF4D,1,https://www.google.com/books/edition/Christophori_Clavii_Bambergensis_Astrola/Axk8AAAAcAAJ,4qqf4d_tp_86u75d.png,,,,,,,,
7GBVNE,1,https://www.google.com/books/edition/In_sphaeram_Joannis_de_Sacro_Bosco_comme/HUdbAAAAcAAJ,7gbvne_tp_2s8qhd.png,,,,,,,,
IE7UPT,1,https://books.google.co.uk/books?id=GiheAAAAcAAJ,ie7upt_tp_dg5m8z.png,,,,,,,,
GD6MNQ,1,https://www.google.com/books/edition/Iosephi_Scaligeri_elenchus_et_Castigatio/bowRqvn4JawC,gd6mnq_tp_18oze1.png,,,,,,,,
FN4YWP,1,https://www.google.com/books/edition/Christophori_Clauii_In_Sphaeram_Ioannis/jUc4PzGpZFIC,fn4ywp_tp_gn9bq2.png,,,,,,,,
FO2GHY,1,https://www.google.com/books/edition/Computus_ecclesiasticus_per_digitorum_ar/N0JzGTsVt_kC,fo2ghy_tp_hq37ac.png,,,,,,,,
U0TF6J,1,https://www.google.com/books/edition/Christophori_Clavii_horologiorum_nova_de/igo8AAAAcAAJ,u0tf6j_tp_5frt2a.png,,,,,,,,
6HQEPW,1,http://www.mdz-nbn-resolving.de/urn/resolver.pl?urn=urn:nbn:de:bvb:12-bsb10190954-8,6hqepw_tp_ssfkzk.png,,,,,,,,
19DYVJ,1,https://www.google.com/books/edition/Christophori_Clauij_Bambergensis_In_spha/vSo-TEz6UYcC,19dyvj_tp_vbv2fx.png,,,,,,,,
5UCE2B,1,https://www.google.com/books/edition/Aritmetica_prattica_composta_dal_molto_r/zFA_AdPcuUEC,5uce2b_tp_i5yt2b.png,,,,,,,,
0PU4US,1,https://www.google.com/books/edition/In_sphaeram_Ioannis_de_Sacro_Bosco_comme/YncWAAAAQAAJ,0pu4us_tp_vgal1c.png,,,,,,,,
PI9E6Q,1,https://books.google.com/books?id=JA6bKOtLjQcC,pi9e6q_tp_niq2ww.png,,,,,,,,
RC8QCW,1,https://www.google.com/books/edition/Computus_ecclesiasticus/tT9mAAAAcAAJ,rc8qcw_tp_ztkhd7.png,,,,,,,,
Z03ON6,1,https://www.google.com/books/edition/Romani_calendarii_a_Gregorio_XIII_P_M_re/x1lDAAAAcAAJ,z03on6_tp_5od4pn.png,,,,,,,,
H2HKOI,1,https://www.google.com/books/edition/Compendium_brevissimum_describendorum_ho/vGM_AAAAcAAJ,h2hkoi_tp_i45pwq.png,,,,,,,,
K08Z9W,1,https://www.google.com/books/edition/Tabulae_astronomicae_nonnullae_ad_horolo/Pgd5aahSzZIC,k08z9w_tp_c6prqc.png,,,,,,,,
YF9WE1,1,https://www.google.com/books/edition/Christophori_Clauii_Bambergensis_In_sph/SNEK7dr7tN8C,yf9we1_tp_6c1tyw.png,,,,,,,,
545ZC8,1,http://digital.slub-dresden.de/ppn274054698,545zc8_tp_mv5w23.png,,,,,,,,
TSQJVT,1,http://digital.slub-dresden.de/ppn277997445,tsqjvt_tp_0he4mj.png,,,,,,,,
M87KXQ,1,https://www.google.com/books/edition/Christophori_Clavii_In_Sphaeram_Joannis/R-UxfSC5KBUC,m87kxq_tp_izc4ph.png,,,,,,,,
EWSGC5,1,https://www.google.com/books/edition/Tabulae_Sinuum/WYI_AAAAcAAJ,ewsgc5_tp_43wra6.png,,,,,,,,
HGZZ0J,1,https://www.google.com/books/edition/Algebra/CsZZAAAAcAAJ,hgzz0j_tp_ghikct.png,,,,,,,,
VSYL9N,1,https://www.google.com/books/edition/Christophori_Clavii_In_Sphaeram_Joannis/dKy2-k09vVcC,vsyl9n_tp_f9v24x.png,,,,,,,,
CXRQO5,1,https://www.google.com/books/edition/Algebra/OxhzaXuwGDYC,cxrqo5_tp_phd35z.png,,,,,,,,
H1SYB3,1,http://digital.slub-dresden.de/ppn277963680,h1syb3_tp_4ma0dw.png,,,,,,,,
NKO7F6,1,http://diglib.hab.de/drucke/11-quod-2s/start.htm,nko7f6_tp_67rlaw.jpg,,,,,,,,
C3JZRM,1,https://www.google.com/books/edition/Confutatio_calendarii_Georgii_Germanni_W/LXAYSOgnOK0C,,,,,,,,,
3GQBBJ,1,https://www.google.com/books/edition/L_Algebre/2pQ_AAAAcAAJ,3gqbbj_tp_mamu2p.png,,,,,,,,
TDJC06,1,https://www.google.com/books/edition/Christophori_Clavii_Opera_Mathematica/SeP8kCE1lVwC,tdjc06_tp_bsiznw.png,,,,,,,,
TDJC06,4,https://www.google.com/books/edition/Christophori_Clavii_Bambergsensis_Opera/9WBDAAAAcAAJ,,,,,,,,,
TDJC06,5,https://www.google.com/books/edition/Christophori_Clauii_Bambergensis_e_Socie/6qHdnz4_oOEC,,,,,,,,,
FRR0IA,1,https://www.google.com/books/edition/Aritmetica_prattica/xAEHAAAAcAAJ,frr0ia_tp_hn5wte.png,,,,,,,,
6ONUG1,1,http://www.mdz-nbn-resolving.de/urn/resolver.pl?urn=urn:nbn:de:bvb:12-bsb10081604-6,6onug1_tp_efrjf9.png,,,,,,,,
WQOLVK,1,https://www.google.com/books/edition/Aritmetica_prattica_composta_dal_molto_r/r-6WsAnqhWgC,wqolvk_tp_b47cz9.png,,,,,,,,
MUAMS7,1,https://www.google.com/books/edition/Christophori_Clavii_Bamberg_In_Sphaeram/uxvhQT8NkSYC,muams7_tp_dyi7zs.png,,,,,,,,
BOPZK9,1,https://www.google.com/books/edition/Aritmetica_prattica_composta_dal_molto_R/ctn9jT2aRM8C,bopzk9_tp_ukp659.png,,,,,,,,
1QD2VS,1,http://books.google.com/books?vid=IBNR:CR000397775,1qd2vs_tp_04bt07.png,,,,,,,,
0HNMAK,1,http://books.google.com/books?vid=IBNR:CR000312745,0hnmak_tp_vpi4pe.png,,,,,,,,
YXV7JU,1,https://archive.org/details/utriusquecosmima01flud/page/n1/mode/2up,yxv7ju_tp_o8ek0s.jpg,,,,,,,,
YXV7JU,2,https://archive.org/details/utriusquecosmima02flud,yxv7ju_tp_fd8grd.jpg,,,,,,,,
YXV7JU,1,https://digital.sciencehistory.org/works/fvm4tyd,,,,,,,,,
YXV7JU,3,https://www.google.com/books/edition/Utriusque_cosmi_maioris_scilicet_et_mino/6ajNTSLF0IgC,,,,,,,,,
YXV7JU,4,https://www.google.com/books/edition/Utriusque_cosmi_maioris_scilicet_et_mino/ukzEkno9DWEC,,,,,,,,,
YXV7JU,5,https://digital.slub-dresden.de/werkansicht/dlf/16705,,,,,,,,,
YXV7JU,5,https://www.google.com/books/edition/Utriusque_Cosmi_Maioris_scilicet_et_Mino/RfBaAAAAcAAJ,,,,,,,,,
C8T2FB,1,https://books.google.fr/books?id=VdpAAAAAcAAJ,c8t2fb_tp_r23mf2.png,,,,,,,,
Z9GQX7,1,https://www.google.co.il/books/edition/Tractatus_theologo_philosophicus_in_libr/946gbyEsRx0C,z9gqx7_tp_8cp8ty.png,,,,,,,,
9B74SB,1,http://diglib.hab.de/drucke/46-astron-2/start.htm,9b74sb_tp_xhismk.jpg,,,,,,,,
IN3MM5,1,http://reader.digitale-sammlungen.de/de/fs1/object/display/bsb10870853_00002.html,in3mm5_tp_5ietu8.png,,,,,,,,
IN3MM5,1,https://books.google.be/books?vid=GENT900000030954,,,,,,,,,
ESO51I,1,http://resolver.sub.uni-goettingen.de/purl?PPN520662849,eso51i_tp_ouq89c.png,,,,,,,,
ESO51I,1,https://books.google.be/books?vid=GENT900000030953,,,,,,,,,
BS0XX6,1,http://reader.digitale-sammlungen.de/en/fs1/object/display/bsb10942471_00002.html,bs0xx6_tp_iwwqv1.png,,,,,,,,
BS0XX6,1,https://books.google.be/books?vid=GENT900000030955,,,,,,,,,
9UFW1C,1,http://digital.slub-dresden.de/ppn277369444,9ufw1c_tp_hi50u4.png,,,,,,,,
QUA4GG,1,https://www.google.com/books/edition/Integrum_Morborum_Mysterium_Sive_Medicin/bedaAAAAcAAJ,qua4gg_tp_wvdvbk.png,,,,,,,,
68CQ4Z,1,https://www.google.com/books/edition/Doctor_Fludd_s_Answer_unto_M_Foster_Or_t/jy2XFFSerakC,68cq4z_tp_en97cj.png,,,,,,,,
JDJ17Z,1,http://diglib.hab.de/drucke/31-3-med-2f-2s/start.htm,jdj17z_tp_2ryl8f.jpg,,,,,,,,
6PST4I,1,https://www.google.com/books/edition/Philosophia_Moysaica/JyRSRjhWikEC,6pst4i_tp_wmzbnu.png,,,,,,,,
RYKEAK,1,https://www.google.com/books/edition/Responsum_ad_Hoplocrismaspongum_M_Foster/mKdQAAAAcAAJ,rykeak_tp_2wmdtj.png,,,,,,,,
C9DG72,1,https://www.google.com/books/edition/Religio_exculpata/8OpOAAAAcAAJ,c9dg72_tp_22vr8g.png,,,,,,,,
P29JKA,1,https://nbn-resolving.org/urn:nbn:de:urmel-dfg-6111ebc5-a4d3-4337-8ee1-66f42f06c01143 [Volltext] [// 2014 digitalisiert von: Thüringer Universitäts- und Landesbibliothek Jena. Exemplar mit der Signatur: 8 Alch.55] Kostenfrei zugänglich ohne Registrierung,,,,,,,,,
P29JKA,1,https://www.google.com/books/edition/Fasciculus_geomanticus/aBi_hOHS624C,p29jka_tp_5a8e46.png,,,,,,,,
P29JKA,1,https://www.google.com/books/edition/Fasciculus_Geomanticus_In_quo_Varia_Vari/wcg5AAAAcAAJ,,,,,,,,,
RIOTJM,1,https://books.google.fr/books?id=N3JQAAAAcAAJ,riotjm_tp_z1by7t.png,,,,,,,,
A540JK,1,https://doi.org/10.3931/e-rara-445,,,,,,,,,
A540JK,1,http://digital.slub-dresden.de/ppn276582896,a540jk_tp_wk5p0u.png,,,,,,,,
A540JK,1,http://diglib.hab.de/drucke/40-astron/start.htm,,,,,,,,,
A540JK,1,"http://jbc.bj.uj.edu.pl/publication/332123/content $z Jagiellonska Biblioteka Cyfrowa
$u http://jbc.bj.uj.edu.pl/image/edition/317495",,,,,,,,,
T68LBI,1,http://fermi.imss.fi.it/rd/bd?lng=it&amp;progetto=586,,,,,,,,,
T68LBI,1,http://daten.digitale-sammlungen.de/0006/bsb00067206/images/,,,,,,,,,
T68LBI,1,http://fondosdigitales.us.es/books/digitalbook_view?oid_page=115482,,,,,,,,,
T68LBI,1,http://gallica.bnf.fr/ark:/12148/bpt6k582981,,,,,,,,,
T68LBI,1,http://dx.doi.org/10.3931/e-rara-53432,,,,,,,,,
T68LBI,1,https://search.proquest.com/docview/2090328414,,,,,,,,,
SASF6I,1,http://gallica.bnf.fr/ark:/12148/bpt6k1643435,sasf6i_tp_6dl3jp.JPEG,,,,,,,,
SASF6I,1,http://nbn-resolving.de/urn:nbn:de:bvb:12-bsb10150994-6,,,,,,,,,
JMLDA7,1,https://www.google.com/books/edition/Jo_Archiepiscopi_Cantuariensis_Perspecti/-khZAAAAcAAJ,jmlda7_tp_jyv20g.png,,,,,,,,
CQJCSE,1,http://nbn-resolving.de/urn:nbn:de:bvb:12-bsb10164525-6,cqjcse_tp_xrsuzg.png,,,,,,,,
M16X82,1,http://nbn-resolving.de/urn:nbn:de:bvb:12-bsb10149720-3,m16x82_tp_bt34b5.png,,,,,,,,
5027E4,1,http://dx.doi.org/10.3931/e-rara-10381,,,,,,,,,
5027E4,1,https://archive.org/details/prospettivadieu00eucl/page/n1/mode/2up,5027e4_tp_v0eqww.png,,,,,,,,
QQ33VH,1,http://nbn-resolving.de/urn:nbn:de:bvb:12-bsb10150995-1,qq33vh_tp_q3orcw.png,,,,,,,,
QQ33VH,1,http://books.google.be/books?vid=GENT900000005204,,,,,,,,,
NTEU75,1,https://doi.org/10.3931/e-rara-21211,,,,,,,,,
NTEU75,1,http://digital.slub-dresden.de/ppn275342638,nteu75_tp_aami9l.png,,,,,,,,
NTEU75,1,http://nbn-resolving.de/urn:nbn:de:urmel-fcd20a26-7316-4f8c-905b-83097a46c7259,,,,,,,,,
NTEU75,1,http://data.onb.ac.at/ABO/+Z179840409,,,,,,,,,
NTEU75,1,http://mdz-nbn-resolving.de/urn:nbn:de:bvb:12-bsb10806692-2,,,,,,,,,
NTEU75,1,https://search.proquest.com/docview/2090346521,,,,,,,,,
55STFH,1,http://hdl.handle.net/2027/uc1.31158009461491,,,,,,,,,
55STFH,1,http://nbn-resolving.de/urn:nbn:de:urmel-5999d9b0-7764-438a-8dff-74a91d5301d25,,,,,,,,,
55STFH,1,http://data.onb.ac.at/ABO/+Z184172605,,,,,,,,,
55STFH,1,http://www.mdz-nbn-resolving.de/urn/resolver.pl?urn=urn:nbn:de:bvb:12-bsb10942281-9,55stfh_tp_gm0lt1.png,,,,,,,,
55STFH,1,http://digital.slub-dresden.de/ppn274466821,,,,,,,,,
GP6QMY,1,http://www.mdz-nbn-resolving.de/urn/resolver.pl?urn=urn:nbn:de:bvb:12-bsb10147841-6,gp6qmy_tp_15vmpj.png,,,,,,,,
GP6QMY,1,"http://hdl.handle.net/2027/ucm.5316860316
$u http://digital.slub-dresden.de/id274466821
$u http://jbc.bj.uj.edu.pl/publication/389130/content $z Jagiellonska Biblioteka Cyfrowa
$u http://jbc.bj.uj.edu.pl/image/edition/370038",,,,,,,,,
UIEE01,1,https://search.proquest.com/docview/2090354232,,,,,,,,,
UIEE01,1,https://www.google.com/books/edition/De_crepusculis_liber_unus_nunc_recens_et/uB5aAAAAcAAJ,uiee01_tp_4duygv.png,,,,,,,,
TR7U9I,1,http://purl.pt/14449,tr7u9i_tp_y2pi73.png,,,,,,,,
RAIJO7,1,http://nbn-resolving.de/urn:nbn:de:bvb:12-bsb10164524-1,raijo7_tp_zh6ii5.png,,,,,,,,
RAIJO7,1,http://hdl.handle.net/2027/ucm.5320258258,,,,,,,,,
VYVUFP,1,http://hdl.handle.net/2027/ucm.5316517753,,,,,,,,,
VYVUFP,1,http://nbn-resolving.de/urn:nbn:de:bvb:12-bsb10173665-2,vyvufp_tp_1yv8nt.png,,,,,,,,
U6JR6P,1,https://doi.org/10.3931/e-rara-1936,u6jr6p_tp_k7fnb2.jpg,,,,,,,,
U6JR6P,1,http://data.onb.ac.at/ABO/+Z163782102,,,,,,,,,
U6JR6P,1,http://diglib.hab.de/drucke/q-22-2f-helmst/start.htm,,,,,,,,,
U6JR6P,1,http://pbc.gda.pl/dlibra/docmetadata?id=41976&from=&dirids=1&ver_id=&lp=1&QI=,,,,,,,,,
8FBM5V,1,http://gallica.bnf.fr/ark:/12148/bpt6k67997k,,,,,,,,,
8FBM5V,1,https://www.google.com/books/edition/De_speculo_ustorio_ignem_ad_propositam_d/ZUM8AAAAcAAJ,8fbm5v_tp_et1mrb.png,,,,,,,,
TLKJNF,1,http://data.onb.ac.at/ABO/+Z179302102,,,,,,,,,
TLKJNF,1,http://www.mdz-nbn-resolving.de/urn/resolver.pl?urn=urn:nbn:de:bvb:12-bsb10192632-4,tlkjnf_tp_2nf59w.png,,,,,,,,
18P808,1,https://www.google.com/books/edition/Tauole_della_prima_parte_della_speculari/lLUX3YCess8C,18p808_tp_2gmzwf.png,,,,,,,,
XANRSM,1,http://fermi.imss.fi.it/rd/bdv?/bdviewer/bid=000000395721,,,,,,,,,
XANRSM,1,https://archive.org/details/bub_gb_7Qo8AAAAcAAJ/page/n5/mode/2up,xanrsm_tp_8do4lq.png,,,,,,,,
SEMR16,1,http://books.google.com/books?vid=IBNN:BNA01001461108,semr16_tp_v37sfm.png,,,,,,,,
MBMOYV,1,http://diglib.hab.de/drucke/26-3-1-astron-1/start.htm,mbmoyv_tp_r5pts4.jpg,,,,,,,,
MBMOYV,1,http://www.bibliotekacyfrowa.pl/publication/64792,,,,,,,,,
MBMOYV,1,https://search.proquest.com/docview/2090337752,,,,,,,,,
FNI2Y6,1,https://www.google.com/books/edition/Ioannis_Kepleri_Dioptrice_seu_Demonstrat/jS-oIGH86I4C,fni2y6_tp_bql77x.png,,,,,,,,
4BNUYD,1,https://www.google.com/books/edition/Philippi_Montalto_Optica_intra_philosoph/iHk0ATyGe7cC,4bnuyd_tp_6mvbnv.png,,,,,,,,
362U9V,1,http://digital.slub-dresden.de/ppn275863263,362u9v_tp_qa4b8b.png,,,,,,,,
WYCKC2,1,http://mdz-nbn-resolving.de/urn:nbn:de:bvb:12-bsb10053069-3,wyckc2_tp_6lonq7.png,,,,,,,,
VL855J,1,https://www.google.com/books/edition/Pentaestheseion_Hoc_est_De_Quinque_Sensi/MAZfAAAAcAAJ,vl855j_tp_i5zs51.png,,,,,,,,
CTQRB8,1,https://www.google.com/books/edition/Abbatis_Francisci_Maurolici_Messanensis/Ug6ywn-D9BgC,ctqrb8_tp_fxa7hc.png,,,,,,,,
LHRZLG,1,http://mdz-nbn-resolving.de/urn:nbn:de:bvb:12-bsb10081095-3,,,,,,,,,
LHRZLG,1,http://mdz-nbn-resolving.de/urn:nbn:de:bvb:12-bsb00001199-1,,,,,,,,,
LHRZLG,1,http://mdz-nbn-resolving.de/urn:nbn:de:bvb:12-bsb10994227-4,lhrzlg_tp_rzcpdi.png,,,,,,,,
G3HPWX,1,https://www.google.com/books/edition/De_radiis_visus_et_lucis_Tractatus/1lFdAAAAcAAJ,g3hpwx_tp_z6cocb.png,,,,,,,,
LF9JYZ,1,https://books.google.fr/books?id=K-JfAAAAcAAJ,lf9jyz_tp_dux7cp.png,,,,,,,,
JQ5O95,1,http://digital.slub-dresden.de/ppn275866734,jq5o95_tp_dwo7ye.png,,,,,,,,
JQ5O95,1,https://search.proquest.com/docview/2090349415,,,,,,,,,
WVVLZ1,1,https://www.google.com/books/edition/De_iride_disputatio_optica_A_Galeatio_Ma/fy8jdljFN6QC,wvvlz1_tp_m8si5u.png,,,,,,,,
YYSO2D,1,https://archive.org/details/bub_gb_c8g5_sgZrTIC/mode/2up,yyso2d_tp_7b7rca.png,,,,Public Domain,,,,
SVEFW0,1,"https://www.digitale-sammlungen.de/en/view/bsb00029206?page=,1",svefw0_tp_9qmxo9.png,,,,Public Domain,,,,
SVEFW0,1,"https://www.digitale-sammlungen.de/en/view/bsb00029258?q=%28Euclidis+Elementa%29&page=4,5",,,,,Public Domain,,,,
4D3V3G,1,https://echo-old.mpiwg-berlin.mpg.de/ECHOdocuView?url=/permanent/library/DD4E42VK/index.meta&viewMode=image&pn=2,4d3v3g_tp_06qt3m.png,,,,Public Domain,,,,
2JD3MV,1,"https://www.digitale-sammlungen.de/en/view/bsb00015953?page=6,7",2jd3mv_tp_7uqv0j.png,,,,Public Domain,,,,
ZD6FLL,1,https://www.google.com/books/edition/Oculus_hoc_est_fundamentum_opticum_aucto/rEymDwymqrIC,zd6fll_tp_wco0u0.png,,,,,,,,
67R09V,1,https://www.google.com/books/edition/Vopisci_Fortunati_Plempii_Ophthalmograph/wNJfAAAAcAAJ,67r09v_tp_0um5as.png,,,,,,,,
U37HLC,1,https://www.google.com/books/edition/Perspectiva_theoretica_ac_practica_Hoc_e/CONjAAAAcAAJ,u37hlc_tp_wqhfcl.png,,,,,,,,
XI499A,1,https://www.google.com/books/edition/Primitiae_gnomonicae_catoptricae_hoc_est/sd63mXHXfYAC,xi499a_tp_kiaxht.png,,,,,,,,
BWQHZ4,1,https://dlc.mpg.de/!metadata/868384291/9/-/,bwqhz4_tp_80hetf.png,,,,,,,,
I0K162,1,https://dlc.mpg.de/!image/868383961/6/,i0k162_tp_kdiagv.png,,,,Public Domain,,,,
5YC2QW,1,https://dlc.mpg.de/!image/864482639/5/,5yc2qw_tp_16zddp.png,,,,Public Domain,,,,
5YC2QW,1,https://digital.slub-dresden.de/werkansicht/dlf/15799/7,,,,,Public Domain,,,,
Y94A8Q,1,https://dlc.mpg.de/!image/1856816664/5/,y94a8q_tp_7i7jya.png,,,,Public Domain,,,,
BX2MLW,1,https://www.google.com/books/edition/Josephi_Langii_Caesaremontani_Elementale/1pxlziDi9p0C,bx2mlw_tp_1olt4k.png,,,,,,,,
EEULQQ,1,http://digital.wlb-stuttgart.de/purl/bsz420230831,eeulqq_tp_v2jwnb.png,,,,,,,,
P8RMTM,1,http://nbn-resolving.de/urn:nbn:de:gbv:3:1-114055,p8rmtm_tp_7wqljm.png,,many,,,,,,
0OOFH2,1,https://www.google.com/books/edition/Libro_de_abbaco_che_insegna_a_fare_ogni/qQdmAAAAcAAJ,0oofh2_tp_qpn90r.png,,,,,,,,
86FFK1,1,http://daten.digitale-sammlungen.de/~db/0003/bsb00034040/images/index.html,86ffk1_tp_sqoyco.jpeg,,,,,,,,
86FFK1,1,https://search.proquest.com/docview/2090336833,,,,,,,,,
86FFK1,1,https://search.proquest.com/docview/2315042530,,,,,,,,,
6R8RKA,1,https://www.google.com/books/edition/Feuerwerksbuch_Sammlung_von_medizinische/a4W6kHwn3VAC,,,,,,,,,
6Y73ZV,1,https://www.google.com/books/edition/Euclides_ab_omni_naevo_vindicatus_sive_C/WImQoZz4tAYC,6y73zv_tp_xbhtej.png,,,,,,,,
IF0UTC,1,http://nbn-resolving.de/urn:nbn:de:bvb:12-bsb00089558-2,if0utc_tp_7pn5mk.png,,,,,,,,
WFKT56,1,http://nbn-resolving.de/urn:nbn:de:bvb:12-bsb00024676-4,wfkt56_tp_slwilm.png,,,,,,,,
WFKT56,1,http://data.onb.ac.at/ABO/+Z185917503,,,,,,,,,
HNA62C,1,http://nbn-resolving.de/urn:nbn:de:bvb:12-bsb00034544-7,hna62c_tp_mie5vp.png,,,,,,,,
2IJLTN,1,http://nbn-resolving.de/urn:nbn:de:bvb:12-bsb00087694-4,2ijltn_tp_ir0rcu.png,,,,,,,,
2IJLTN,1,http://data.onb.ac.at/ABO/+Z103519208,,,,,,,,,
DTBX0T,1,http://data.onb.ac.at/ABO/+Z172182103,dtbx0t_tp_ctn2t4.png,,,,,,,,
DTBX0T,1,http://www.mdz-nbn-resolving.de/urn/resolver.pl?urn=urn:nbn:de:bvb:12-bsb10148041-0,,,,,,,,,
M9UQXC,1,http://www.mdz-nbn-resolving.de/urn/resolver.pl?urn=urn:nbn:de:bvb:12-bsb10150062-1,m9uqxc_tp_qt298f.png,,,,,,,,
35XRV1,1,http://nbn-resolving.de/urn:nbn:de:bvb:12-bsb00020768-4,35xrv1_tp_t3wv33.png,,,,,,,,
JAXZ32,1,http://data.onb.ac.at/ABO/+Z196729706,,,,,,,,,
JAXZ32,1,http://digi.ub.uni-heidelberg.de/diglit/drwFronsperger1564,jaxz32_tp_1pce9q.png,,,,,,,,
7IVDZA,1,http://www.mdz-nbn-resolving.de/urn/resolver.pl?urn=urn:nbn:de:bvb:12-bsb10150061-5,7ivdza_tp_058nti.png,,,,,,,,
6O1M8T,1,http://nbn-resolving.de/urn:nbn:de:gbv:3:1-108212,6o1m8t_tp_x64oyd.png,,,,,,,,
6O1M8T,1,http://data.onb.ac.at/ABO/+Z221192500,,,,,,,,,
0MWU9Z,1,http://www.mdz-nbn-resolving.de/urn/resolver.pl?urn=urn:nbn:de:bvb:12-bsb10144831-6,0mwu9z_tp_p0a0c7.png,,,,,,,,
JOKTJ5,1,http://resolver.staatsbibliothek-berlin.de/SBB00018A1000000000,joktj5_tp_0u2xis.png,,,,,,,,
FDN0SH,3,http://nbn-resolving.de/urn:nbn:de:bvb:12-bsb00087037-2,fdn0sh_tp_hamyak.png,,,,,,,,
FDN0SH,2,https://www.digitale-sammlungen.de/en/view/bsb00087036,,,,,,,,,
RQDAGU,1,http://www.mdz-nbn-resolving.de/urn/resolver.pl?urn=urn:nbn:de:bvb:12-bsb11202694-9,rqdagu_tp_32t3bb.png,,,,,,,,
RQDAGU,1,http://resolver.staatsbibliothek-berlin.de/SBB0001E47F00000000,,,,,,,,,
RQDAGU,2,http://nbn-resolving.de/urn:nbn:de:bvb:12-bsb00086739-8,,,,,,,,,
RQDAGU,3,http://nbn-resolving.de/urn:nbn:de:bvb:12-bsb00086740-1,,,,,,,,,
97ADCZ,1,https://dlc.mpg.de/image/1846854482/7/,97adcz_tp_inocr2.png,,,,Public Domain,,,,
W1C39X,1,https://dlc.mpg.de/!image/1847393136/5/-/,w1c39x_tp_zml6mk.png,,,,Public Domain,,,,
DJ1VA3,1,https://dlc.mpg.de/!image/868391557/5/-/,dj1va3_tp_xjncj3.png,,,,Public Domain,,,,
4HQWNC,1,https://dlc.mpg.de/!image/868384208/7/,4hqwnc_tp_ehwlov.png,,,,Public Domain,,,,
VQ0ZL6,1,https://dlc.mpg.de/!image/1843612127/5/-/,vq0zl6_tp_1skfnw.png,,,,,,,,
08ZGD8,1,https://digital.slub-dresden.de/werkansicht/dlf/8089/7,08zgd8_tp_3gfc3w.png,,,,Public Domain,,,,
YH90GA,1,https://gallica.bnf.fr/view3if/ga/ark:/12148/bpt6k61831x/f620,,,,,unknown - licence-link has 404 error,,,,
JCMXU9,1,https://gallica.bnf.fr/view3if/ga/ark:/12148/bpt6k58324549/f66,,,,,unknown - licence-link has 404 error,,,,
5P4LDP,1,https://babel.hathitrust.org/cgi/pt?id=mdp.39015067212715,5p4ldp_tp_7y3qih.jpeg,,,,,,,,
BE73II,1,https://www.google.com/books/edition/Probl%C3%A8mes_plaisans_et_d%C3%A9lectables_qui/tZnO8Co6yCIC,be73ii_tp_b9pem3.png,,,,,,,,
QML2MY,1,https://www.google.com/books/edition/Examen_du_livre_des_R%C3%A9cr%C3%A9ations_math%C3%A9/dbUpctZ_aVoC,qml2my_tp_pfbh0t.png,,,,,,,,
N4EXXM,1,https://www.google.co.il/books/edition/Examen_du_livre_des_recreations_mathemat/r0RAAQAAMAAJ,n4exxm_tp_yj6gto.png,,,,,,,,
JQNLSI,1,https://www.google.co.il/books/edition/Les_Recreations_mathematiques_avec_l_exa/2npmAAAAcAAJ,jqnlsi_tp_99mhzx.png,,,,,,,,
CJ1F7L,1,https://search.proquest.com/docview/2248519250,cj1f7l_tp_dbqi7k.jpg,,,,,,,,
Y4WMS0,1,https://www.digitale-sammlungen.de/en/view/bsb10211415,y4wms0_tp_5lkcrn.png,,,,,,,,
H3LWXD,1,https://www.google.co.il/books/edition/Fortification_Baw_oder_kurtze_Beschreibu/kBGmH5LJeKIC,h3lwxd_tp_f7c1h2.png,,,,,,,,
VHZU5L,1,http://hdl.handle.net/2027/ucm.5315927378,,,,,,,,,
VHZU5L,1,http://www.bvh.univ-tours.fr/Consult/index.asp?numfiche=319,vhzu5l_tp_vnztvj.jpg,,,,,,,,
VHZU5L,1,https://search.proquest.com/docview/2090361624,,,,,,,,,
VHZU5L,1,https://search.proquest.com/docview/2090316827,,,,,,,,,
UOULHC,1,https://archive.org/details/aroyalroadtogeo00maltgoog/page/n4/mode/2up,uoulhc_tp_8kkv8c.jpg,,,,,,,,
QBJLIV,1,https://archive.org/details/acoursemathemat00adragoog/page/n6/mode/2up,qbjliv_tp_w8ux55.jpg,,,,,,,,
CQNGA8,1,https://archive.org/details/atreatisepracti02gibsgoog/page/n1/mode/2up,cqnga8_tp_phnqsg.jpg,,,,,,,,
FF0SVB,1,https://babel.hathitrust.org/cgi/pt?id=ucm.5327250947,ff0svb_tp_p6fgxn.jpeg,,,,,,,,
V5XNTF,1,https://babel.hathitrust.org/cgi/pt?id=mdp.39015007004479,v5xntf_tp_yb49su.jpeg,,,,,,,,
V5XNTF,2,https://babel.hathitrust.org/cgi/pt?id=mdp.39015007004636,,,,,,,,,
ZFDD26,1,https://babel.hathitrust.org/cgi/pt?id=mdp.39015069401258,zfdd26_tp_bvo82p.jpeg,zfdd26_frontispiece_6czkcx.jpeg,,,,,,,
ZFDD26,2,https://babel.hathitrust.org/cgi/pt?id=mdp.39015069401266,,,,,,,,,
2EUGZU,1,https://babel.hathitrust.org/cgi/pt?id=mdp.39015013744647,2eugzu_tp_huqcs9.jpeg,,,,,,,,
LF655L,1,https://babel.hathitrust.org/cgi/pt?id=mdp.39015068409450,lf655l_tp_24cfix.jpeg,,,,,,,,
1PBNLD,1,https://babel.hathitrust.org/cgi/pt?id=mdp.39015063895711,1pbnld_tp_plo63t.jpeg,,,,,,,,
L10JIR,1,https://babel.hathitrust.org/cgi/pt?id=mdp.39015024299649,l10jir_tp_0n7dwa.png,,,,,,,,
4OFMP8,1,https://babel.hathitrust.org/cgi/pt?id=mdp.39015011931626,4ofmp8_tp_qvgvm7.jpeg,,,,,,,,
RHC1IO,1,https://babel.hathitrust.org/cgi/pt?id=mdp.39015063631173,rhc1io_tp_n762yk.jpeg,,,,,,,,
PBGWES,1,https://babel.hathitrust.org/cgi/pt?id=mdp.39015012364546,pbgwes_tp_z18k3f.jpeg,,,,,,,,
OCCJ2Y,1,https://babel.hathitrust.org/cgi/pt?id=mdp.39015063889193,occj2y_tp_u252ft.jpeg,,,,,,,,
OCCJ2Y,1,https://www.google.co.il/books/edition/Euclide_s_Elements/ZLMvAAAAYAAJ,,,,,,,,,
OCCJ2Y,1,https://archive.org/details/bub_gb_2642AAAAMAAJ/page/n3/mode/2up,,,,,,,,,
8CUL9S,1,https://babel.hathitrust.org/cgi/pt?id=mdp.39015057044797,8cul9s_tp_csonph.png,,,,,,,,
RYM881,1,,,,,,,,,,
HNLOOZ,1,http://data.onb.ac.at/ABO/+Z184170505,hnlooz_tp_2f8gb1.jpg,,,,,,,,
HNLOOZ,1,http://www.mdz-nbn-resolving.de/urn/resolver.pl?urn=urn:nbn:de:bvb:12-bsb10149615-9,,,,,,,,,
BQ2MXR,1,https://search.proquest.com/docview/2090354005,bq2mxr_tp_63nlkj.jpg,,,,,,,,
BQ2MXR,1,https://search.proquest.com/docview/2090348150,,,,,,,,,
BQ2MXR,1,https://search.proquest.com/docview/2090352705,,,,,,,,,
UAKPHZ,1,https://www.google.co.il/books/edition/Dell_armonia_astronomica/PVg_AAAAcAAJ,uakphz_tp_3usq9v.png,,,,,,,,
U4Q1HT,1,https://search.proquest.com/docview/2090347249,u4q1ht_tp_0n4cpr.jpg,,,,,,,,
Z4OFGV,1,https://books.google.co.uk/books?id=KRtetV1MJnkC&source=gbs_navlinks_s,z4ofgv_tp_s949v3.png,,,,,,,,
1TMJ9M,1,https://search.proquest.com/docview/2230616312,1tmj9m_tp_s7kzze.jpg,,,,,,,,
1TMJ9M,1,http://books.google.com/books?vid=IBNN:BNA01001461578,,,,,,,,,
T1IUV4,1,https://search.proquest.com/docview/2090348141,t1iuv4_tp_9lajq0.jpg,,,,,,,,
TJT4PQ,1,http://books.google.com/books?vid=IBNN:BN000648818,tjt4pq_tp_90dt53.png,,,,,,,,
UE1Q48,1,https://www.google.co.il/books/edition/Francisci_Aguilonii_e_Societate_Iesu_Opt/BVRvKO2rhfUC,ue1q48_tp_b6phou.png,,,,,,,,
9Z80LR,1,https://search.proquest.com/docview/2090322182,9z80lr_tp_fb4mmp.jpg,,,,,,,,
7O3N9S,1,https://www.google.co.il/books/edition/Compendio_della_sfera_celeste_di_d_Guari/OeB5zPmo5dMC,7o3n9s_tp_7vj35e.png,,,,,,,,
VMU1SP,1,http://books.google.com/books?vid=IBNR:CR000463645,vmu1sp_tp_gzh5bq.png,,,,,,,,
O0QQHE,1,https://www.google.co.il/books/edition/Caelestis_Mathematicae/DklRAAAAcAAJ,o0qqhe_tp_r26oj0.png,,,,,,,,
DJXIJY,1,https://www.google.co.il/books/edition/Disssegni_d_architettura_ciuile_et_eccle/-UKG10rOEXcC,djxijy_tp_3hmzbb.png,,,,,,,,
0YZ0JT,1,https://www.google.co.il/books/edition/Pauli_Guldini_De_centro_gravitatis_trium/X-xMAAAAcAAJ,0yz0jt_tp_au6r8y.png,,,,,,,,
KZ6QPQ,1,https://books.google.co.uk/books/about/Cyclomathia_seu_Multiplex_circuli_contem.html?id=ajqBV1SSjGQC&redir_esc=y,kz6qpq_tp_hhdod1.png,,,,,,,,
JMNU5D,1,https://www.google.co.il/books/edition/Opus_geometricum_quadraturae_Circuli/TVhRAAAAcAAJ,jmnu5d_tp_t5ocln.png,,,,,,,,
THOI3O,1,http://diglib.hab.de/drucke/33-5-phys/start.htm,thoi3o_tp_oqnwg3.jpg,,,,,,,,
OPM29E,1,https://www.google.co.il/books/edition/De_centro_grauitatis_solidorum_libri_tre/cVx96eO8ST0C,opm29e_tp_fu3ca5.png,,,,,,,,
UZ3Q10,1,http://books.google.com/books?vid=IBNN:BNA01001462045,uz3q10_tp_k80v6d.png,,,,,,,,
C77QQO,1,https://books.google.nl/books?id=7oZnAAAAcAAJ,c77qqo_tp_17i957.png,,,,,,,,
7K77S6,1,https://books.google.nl/books?id=AKpfa6C71pAC,7k77s6_tp_f4akoo.png,,,,,,,,
LC4IXG,1,https://books.google.nl/books?id=JMBkAAAAcAAJ,lc4ixg_tp_65790q.png,,,,,,,,
DAYIBZ,1,https://books.google.co.il/books?id=H8U2AAAAMAAJ,dayibz_tp_rrqwo7.png,,,,,,,,
YKGJWH,1,https://www.google.co.il/books/edition/Euclidis_Beginselen_der_meetkonst/ip9lAAAAcAAJ,ykgjwh_tp_sps3qr.png,ykgjwh_frontispiece_e6354i.png,,,,,,,
8GP0HN,1,https://books.google.nl/books?id=9CplAAAAcAAJ,8gp0hn_tp_6aqi48.png,,,,,,,,
JBU149,1,https://books.google.nl/books?id=z2NhAAAAcAAJ,jbu149_tp_pq4gox.png,,,,,,,,
2ZBLJD,1,https://books.google.nl/books?id=Va5mAAAAcAAJ,2zbljd_tp_f1913p.png,,,,,,,,
VDXMMX,1,http://books.google.com/books?vid=IBNN:BNA01001462217,,,,,,,,,
T09SZ3,1,https://search.proquest.com/docview/2230617723,,,,,,,,,
T09SZ3,1,https://search.proquest.com/docview/2090355407,,,,,,,,,
IZ7AER,1,http://digital.slub-dresden.de/ppn27260884X,,,,,,,,,
PCZHG5,1,https://search.proquest.com/docview/2090315457,,,,,,,,,
CHUVGJ,1,http://nbn-resolving.de/urn:nbn:de:bvb:12-bsb10164604-6,,,,,,,,,
CHUVGJ,1,https://search.proquest.com/docview/2090355427,,,,,,,,,
M5BOCD,1,https://search.proquest.com/docview/2090298398,,,,,,,,,
M5BOCD,1,https://search.proquest.com/docview/2090310118,,,,,,,,,
Y8F95Y,1,http://fermi.imss.fi.it/rd/bdv?/bdviewer/bid=000000300060,,,,,,,,,
I2IA25,1,https://search.proquest.com/docview/2090349445,,,,,,,,,
O3PAP5,1,,,,,,,,,,
bib-35,1,https://app.transkribus.org/sites/noscemus/doc/841471?colId=88639,,,,,CC BY 4.0 (NOSCEMUS),external,"Transkribus: Benedetti, Giovanni Battista - Diversarum speculationum mathematicarum et physicarum liber. Turin 1585.pdf",,
4D3V3G,1,https://app.transkribus.org/sites/noscemus/doc/928628?colId=88639,,,,,CC BY 4.0 (NOSCEMUS),external,"Transkribus: Benedetti, Giovanni Battista - Resolutio omnium Euclidis problematum. Venice 1553.pdf",,
MorisS-5-2,1,https://app.transkribus.org/sites/noscemus/doc/599725?colId=88639,,,,,CC BY 4.0 (NOSCEMUS),external,"Transkribus: Boulliau, Ismael - Philolaus. Amsterdam 1639.pdf",,
Rome_1574,1,https://app.transkribus.org/sites/noscemus/doc/911543?colId=88639,,,,,CC BY 4.0 (NOSCEMUS),external,"Transkribus: Clavius, Christoph & Euclides - Euclidis elementorum libri XV. Rome 1574.pdf",shm_c3c43fe461b3,none
220OQK,1,https://app.transkribus.org/sites/noscemus/doc/731626?colId=88639,,,,,CC BY 4.0 (NOSCEMUS),external,"Transkribus: Clavius, Christoph - In Sphaeram Ioannis de Sacrobosco commentarius. Rome 1570.pdf",,
XANRSM,1,https://app.transkribus.org/sites/noscemus/doc/767742?colId=88639,,,,,CC BY 4.0 (NOSCEMUS),external,"Transkribus: Della Porta, Giambattista - De refractione. Naples 1593.pdf",,
MorisS-27-2,1,https://app.transkribus.org/sites/noscemus/doc/807330?colId=88639,,,,,CC BY 4.0 (NOSCEMUS),external,"Transkribus: De Roberval, Gilles Personne - Aristarchi Samii de mundi systemate. Paris 1644.pdf",,
G3HPWX,1,https://app.transkribus.org/sites/noscemus/doc/718637?colId=88639,,,,,CC BY 4.0 (NOSCEMUS),external,"Transkribus: Dominis, Marco Antonio de - De radiis visus et lucis in vitris perspectivis et iride tractatus. Venice 1611.pdf",,
Paris_1532,1,https://app.transkribus.org/sites/noscemus/doc/906081?colId=88639,,,,,CC BY 4.0 (NOSCEMUS),external,"Transkribus: Finé, Oronce - Protomathesis. Paris 1532.pdf",,
MorisS-13-5,1,https://app.transkribus.org/sites/noscemus/doc/732894?colId=88639,,,,,CC BY 4.0 (NOSCEMUS),external,"Transkribus: Gassendi, Pierre - Institutio astronomica. Paris 1647.pdf",,
MorisS-13-1,1,https://app.transkribus.org/sites/noscemus/doc/736347?colId=88639,,,,,CC BY 4.0 (NOSCEMUS),external,"Transkribus: Gassendi, Pierre - Mercurius in sole visus. Paris 1632.pdf",,
U6JR6P,1,https://app.transkribus.org/sites/noscemus/doc/704338?colId=88639,,,,,CC BY 4.0 (NOSCEMUS),external,"Transkribus: Gessner, Conrad - Pandectae. Zurich 1548.pdf",,
MBMOYV,1,https://app.transkribus.org/sites/noscemus/doc/901014?colId=88639,,,,,CC BY 4.0 (NOSCEMUS),external,"Transkribus: Kepler, Johannes - Astronomiae pars optica. Frankfurt am Main 1604.pdf",,
I9PE2Y,1,https://app.transkribus.org/sites/noscemus/doc/807626?colId=88639,,,,,CC BY 4.0 (NOSCEMUS),external,"Transkribus: Kepler, Johannes - Astronomia nova. Heidelberg 1609.pdf",,
FNI2Y6,1,https://app.transkribus.org/sites/noscemus/doc/713326?colId=88639,,,,,CC BY 4.0 (NOSCEMUS),external,"Transkribus: Kepler, Johannes - Dioptrice. Augsburg 1611.pdf",,
A540JK,1,https://app.transkribus.org/sites/noscemus/doc/823046?colId=88639,,,,,CC BY 4.0 (NOSCEMUS),external,"Transkribus: Kepler, Johannes - Mysterium cosmographicum. Tübingen 1596.pdf",,
Z0K13S,1,https://app.transkribus.org/sites/noscemus/doc/819058?colId=88639,,,,,CC BY 4.0 (NOSCEMUS),external,"Transkribus: Kopernikus, Nikolaus - De revolutionibus orbium coelestium. Nuremberg 1543.pdf",,
bib-52,1,https://app.transkribus.org/sites/noscemus/doc/902427?colId=88639,,,,,CC BY 4.0 (NOSCEMUS),external,"Transkribus: MagIni, Giovanni Antonio - De planis trangulis. De dimetiendi ratione. Venice & Bologna 1592.pdf",,
Venice_1575,1,https://app.transkribus.org/sites/noscemus/doc/912317?colId=88639,,,,,CC BY 4.0 (NOSCEMUS),external,"Transkribus: Maurolico, Francesco - Opuscula mathematica. Venice 1575.pdf",,
CTQRB8,1,https://app.transkribus.org/sites/noscemus/doc/742420?colId=88639,,,,,CC BY 4.0 (NOSCEMUS),external,"Transkribus: Maurolico, Francesco - Photismi de lumine et umbra. Naples 1611.pdf",,
MorisS-21-11,1,https://app.transkribus.org/sites/noscemus/doc/807648?colId=88639,,,,,CC BY 4.0 (NOSCEMUS),external,"Transkribus: Mersenne, Marin - Cogitata physico-mathematica. Paris 1644.pdf",,
MorisS-21-10,1,https://app.transkribus.org/sites/noscemus/doc/701512?colId=88639,,,,,CC BY 4.0 (NOSCEMUS),external,"Transkribus: Mersenne, Marin - Universae geometriae mixtaeque mathematicae synopsis. Paris 1644.pdf",,
bib-276,1,https://app.transkribus.org/sites/noscemus/doc/823077?colId=88639,,,,,CC BY 4.0 (NOSCEMUS),external,"Transkribus: Proclus, Diadochus & Barozzi, Francesco - Procli in primum Euclidis Elementorum librum Commentaria. Padua 1560.pdf",,
bib-21,1,https://app.transkribus.org/sites/noscemus/doc/616645?colId=88639,,,,,CC BY 4.0 (NOSCEMUS),external,"Transkribus: Ramus, Petrus - Arithmeticae libri duo, geometriae septem et viginti. Basel 1569.pdf",,
ZD6FLL,1,https://app.transkribus.org/sites/noscemus/doc/742067?colId=88639,,,,,CC BY 4.0 (NOSCEMUS),external,"Transkribus: Scheiner, Christoph - Oculus, hoc est fundamentum opticum. Innsbruck 1619.pdf",,
bib-64,1,https://app.transkribus.org/sites/noscemus/doc/928630?colId=88639,,,,,CC BY 4.0 (NOSCEMUS),external,"Transkribus: Viète, François - Canon mathematicus seu ad triangula. Paris 1579.pdf",,
bib-144,1,https://app.transkribus.org/sites/noscemus/doc/888132?colId=88639,,,,,CC BY 4.0 (NOSCEMUS),external,"Transkribus: Vitali, Girolamo - Lexicon mathematicum, astronomicum, geometricum. Paris 1668.pdf",,
BQ2MXR,1,https://app.transkribus.org/sites/noscemus/doc/807622?colId=88639,,,,,CC BY 4.0 (NOSCEMUS),external,"Transkribus: Bettini, Mario - Aerarium philosophiae mathematicae. Vol. 1. Bologna 1648.pdf",,
BQ2MXR,2,https://app.transkribus.org/sites/noscemus/doc/807623?colId=88639,,,,,CC BY 4.0 (NOSCEMUS),external,"Transkribus: Bettini, Mario - Aerarium philosophiae mathematicae. Vol. 2. Bologna 1648.pdf",,
BQ2MXR,3,https://app.transkribus.org/sites/noscemus/doc/807624?colId=88639,,,,,CC BY 4.0 (NOSCEMUS),external,"Transkribus: Bettini, Mario - Aerarium philosophiae mathematicae. Vol. 3. Bologna 1648.pdf",,
FF0SVB,1,https://app.transkribus.org/sites/noscemus/doc/833197?colId=88639,,,,,CC BY 4.0 (NOSCEMUS),external,"Transkribus: Gregory, David - Astronomiae physicae et geometricae elementa. Oxford 1702.pdf",,
VDXMMX,1,https://app.transkribus.org/sites/noscemus/doc/921412?colId=88639,,,,,CC BY 4.0 (NOSCEMUS),external,"Transkribus: Cavalieri, Bonaventura - Geometria indivisibilibus continuorum promota. Bologna 1653.pdf",,
T09SZ3,1,https://app.transkribus.org/sites/noscemus/doc/897958?colId=88639,,,,,CC BY 4.0 (NOSCEMUS),external,"Transkribus: Descartes, René et al. - Geometria a Renato des Cartes edita Amsterdam 1659–1661.pdf",,
Venice_1482,1,https://app.transkribus.org/sites/noscemus/doc/911544?colId=88639,,,,,CC BY 4.0 (NOSCEMUS),external,"Transkribus: Euclides & Campanus, Johannes - Elementa. Venice 1482.pdf",,
IZ7AER,1,https://app.transkribus.org/sites/noscemus/doc/918652?colId=88639,,,,,CC BY 4.0 (NOSCEMUS),external,"Transkribus: Faulhaber Johannes & Remmelin, Johann - Mathematici tractatus duo. Frankfurt am Main 1610.pdf",,
PCZHG5,1,https://app.transkribus.org/sites/noscemus/doc/899969?colId=88639,,,,,CC BY 4.0 (NOSCEMUS),external,"Transkribus: Finé, Oronce - Quadratura circuli ... Paris 1544.pdf",,
CHUVGJ,1,https://app.transkribus.org/sites/noscemus/doc/901016?colId=88639,,,,,CC BY 4.0 (NOSCEMUS),external,"Transkribus: Maurolico, Francesco - Arithmeticorum libri II. Venice 1575.pdf",,
M5BOCD,1,https://app.transkribus.org/sites/noscemus/doc/608636?colId=88639,,,,,CC BY 4.0 (NOSCEMUS),external,"Transkribus: Mizauld, Antoine - De mundi sphaera. Paris 1552.pdf",,
Y8F95Y,1,https://app.transkribus.org/sites/noscemus/doc/831511?colId=88639,,,,,CC BY 4.0 (NOSCEMUS),external,"Transkribus: Pappus Alexandrinus & Commandino, Federico - Pappi Alexandrini Mathematicae collectiones. Pesaro 1588.pdf",,
THOI3O,1,https://app.transkribus.org/sites/noscemus/doc/732632?colId=88639,,,,,CC BY 4.0 (NOSCEMUS),external,"Transkribus: Schott, Kaspar - Phyisica curiosa. Vol. 1. Würzburg 1662.pdf",,
THOI3O,2,https://app.transkribus.org/sites/noscemus/doc/732633?colId=88639,,,,,CC BY 4.0 (NOSCEMUS),external,"Transkribus: Schott, Kaspar - Phyisica curiosa. Vol. 2. Würzburg 1662.pdf",,
I2IA25,1,https://app.transkribus.org/sites/noscemus/doc/689825?colId=88639,,,,,CC BY 4.0 (NOSCEMUS),external,"Transkribus: Viète, François - De aequationum recognitione et emendatione. Paris 1615.pdf",,
O3PAP5,1,https://app.transkribus.org/sites/noscemus/doc/928892?colId=88639,,,,,CC BY 4.0 (NOSCEMUS),external,"Transkribus: Viète, François - Zeteticorum libri quinque. Tours 1593.pdf",,
BKH4JK,1,https://app.transkribus.org/sites/noscemus/doc/899970?colId=88639,,,,,CC BY 4.0 (NOSCEMUS),external,"Partial (only the arithmetics part); Transkribus: Wallis, John - Arithmetica infinitorum. Oxford 1656.pdf",,
Paris_1615,1,https://www.google.com/books/edition/Les_quinze_livres_des_Elements_d_Euclide/XIhmAAAAcAAJ,,,,,,none,Fake,shm_ada3a20aa8f4,none
Paris_1598a,1,https://www.google.nl/books/edition/Les_six_premiers_liures_des_elemens_d_Eu/bW9q_TRw0mcC,,,,,,none,Fake,shm_3c111711fdb7,none
