edition_id,Arithmetic,Commercial Mathematics,Military Engineering,Construction,Practical Geometry,Surveying,Perspective,Cartography,Architecture,Gnomonics & Horology,Astronomy,Cosmography,Geography,Instrument Construction,Instrument Use,Mechanics,Theoretical Mathematics,Navigation,Music Theory,Trigonometry
10AUQ5,unrelated,unrelated,unrelated,unrelated,unrelated,unrelated,primary,unrelated,unrelated,unrelated,unrelated,unrelated,unrelated,unrelated,unrelated,unrelated,unrelated,unrelated,unrelated,unrelated
136K7I,unrelated,unrelated,unrelated,unrelated,unrelated,unrelated,unrelated,unrelated,unrelated,unrelated,unrelated,unrelated,unrelated,unrelated,unrelated,unrelated,primary,unrelated,unrelated,unrelated
1QQS64,unrelated,unrelated,primary,unrelated,unrelated,unrelated,unrelated,unrelated,unrelated,unrelated,unrelated,unrelated,unrelated,unrelated,unrelated,unrelated,primary,unrelated,unrelated,unrelated
22INUJ,unrelated,unrelated,unrelated,unrelated,unrelated,unrelated,primary,unrelated,unrelated,unrelated,unrelated,unrelated,unrelated,unrelated,unrelated,unrelated,unrelated,unrelated,unrelated,unrelated
2L8L55,unrelated,unrelated,unrelated,unrelated,unrelated,unrelated,unrelated,unrelated,unrelated,unrelated,unrelated,unrelated,unrelated,unrelated,unrelated,unrelated,primary,unrelated,unrelated,unrelated
35H84Y,unrelated,unrelated,unrelated,unrelated,unrelated,unrelated,unrelated,unrelated,unknown,unrelated,unrelated,unrelated,unrelated,unknown,unknown,secondary,primary,unrelated,unknown,unrelated
3WRC2Y,unrelated,unrelated,unrelated,unrelated,unrelated,unrelated,primary,unrelated,unrelated,unrelated,unrelated,unrelated,unrelated,unrelated,unrelated,unrelated,unrelated,unrelated,unrelated,unrelated
3WV6N7,unrelated,unrelated,unrelated,unrelated,unrelated,unrelated,primary,unrelated,unrelated,unrelated,unrelated,unrelated,unrelated,unrelated,unrelated,unrelated,unrelated,unrelated,unrelated,unrelated
473J72,unrelated,unrelated,unrelated,unrelated,unrelated,unrelated,unrelated,unrelated,unrelated,unrelated,unrelated,unrelated,unrelated,unrelated,unrelated,unrelated,unrelated,unrelated,unrelated,unrelated
4C287U,unrelated,unrelated,unrelated,unrelated,unknown,unrelated,unrelated,unrelated,unrelated,unrelated,unrelated,unrelated,unrelated,unrelated,unrelated,unrelated,unrelated,unrelated,unrelated,primary
4ZSED7,unrelated,unrelated,unrelated,unrelated,unrelated,unrelated,unrelated,unrelated,unrelated,unrelated,unrelated,unrelated,unrelated,unrelated,unrelated,unrelated,primary,unrelated,unrelated,unrelated
5YK5ZF,unrelated,unrelated,unrelated,unrelated,primary,unrelated,primary,unrelated,unrelated,primary,unknown,unrelated,unrelated,primary,secondary,unrelated,secondary,unrelated,unrelated,unrelated
5ZF83O,unrelated,unrelated,unrelated,unrelated,unrelated,unrelated,unrelated,unrelated,unrelated,unrelated,unrelated,unrelated,unrelated,unrelated,unrelated,unrelated,unrelated,unrelated,unrelated,primary
66HH5T,unrelated,unrelated,unrelated,unrelated,unrelated,unrelated,primary,unrelated,unrelated,unrelated,unrelated,unrelated,unrelated,unrelated,secondary,unrelated,unrelated,unrelated,unrelated,unrelated
6MOFBH,unknown,unrelated,unrelated,unrelated,unrelated,unrelated,primary,unrelated,unrelated,unrelated,unrelated,unrelated,unrelated,unrelated,unrelated,unrelated,unrelated,unrelated,unrelated,unrelated
6XTAVU,unrelated,unrelated,unrelated,unrelated,primary,unrelated,unrelated,unrelated,unrelated,unrelated,unrelated,unrelated,unrelated,unrelated,unrelated,unrelated,unrelated,unrelated,unrelated,unrelated
70Q8M8,unrelated,unrelated,unrelated,unrelated,unrelated,unrelated,unrelated,unrelated,unrelated,unrelated,unrelated,unrelated,unrelated,unrelated,unrelated,unrelated,unrelated,unrelated,unrelated,unrelated
77RUJE,unrelated,unrelated,unrelated,unrelated,unrelated,unrelated,primary,unrelated,unrelated,unrelated,unrelated,unrelated,unrelated,unrelated,unrelated,unrelated,unrelated,unrelated,unrelated,unrelated
8DP4C1,unrelated,unrelated,unrelated,unrelated,primary,unrelated,unrelated,unrelated,unrelated,unrelated,unrelated,unrelated,unrelated,unrelated,unrelated,unrelated,unrelated,unrelated,unrelated,unrelated
93LJS8,unrelated,unrelated,unrelated,unrelated,unrelated,unrelated,primary,unrelated,unrelated,unrelated,unrelated,unrelated,unrelated,unrelated,unrelated,unrelated,unrelated,unrelated,unrelated,unrelated
99CARP,unrelated,unrelated,unrelated,unrelated,primary,unrelated,primary,unrelated,secondary,unrelated,unrelated,unrelated,unrelated,unrelated,unrelated,unrelated,unrelated,unrelated,unrelated,unrelated
9D1KT8,primary,unrelated,unrelated,unrelated,primary,unrelated,unrelated,unrelated,unrelated,unrelated,unrelated,unrelated,unrelated,unrelated,unrelated,unrelated,unrelated,unrelated,unrelated,unrelated
9TXK4F,unrelated,unrelated,unrelated,unrelated,unrelated,unrelated,primary,unrelated,unrelated,unrelated,unrelated,unrelated,unrelated,unrelated,unrelated,unrelated,unrelated,unrelated,unrelated,unrelated
ABSZLW,unrelated,unrelated,unrelated,unrelated,unrelated,unrelated,primary,unrelated,unrelated,unrelated,unrelated,unrelated,unrelated,unknown,unknown,unrelated,unrelated,unrelated,unrelated,unrelated
AVXGNJ,unknown,unrelated,primary,secondary,unknown,unknown,unrelated,unrelated,unrelated,unrelated,unrelated,unrelated,unrelated,unrelated,secondary,unrelated,unrelated,unrelated,unrelated,unrelated
AWKSO4,unrelated,unrelated,unrelated,unrelated,unrelated,unrelated,primary,unrelated,unrelated,unrelated,unrelated,unrelated,unrelated,unrelated,unrelated,unrelated,unrelated,unrelated,unrelated,unrelated
Alcala_1637,unrelated,unrelated,unrelated,unrelated,unrelated,unrelated,unrelated,unrelated,unrelated,unrelated,unrelated,unrelated,unrelated,unrelated,unrelated,unrelated,unrelated,unrelated,unrelated,unrelated
Amsterdam_1616,unrelated,unrelated,unrelated,unrelated,secondary,unrelated,unrelated,unrelated,unrelated,unrelated,unrelated,unrelated,unrelated,unrelated,unrelated,unrelated,primary,unrelated,unrelated,unrelated
Amsterdam_1618,unrelated,unrelated,unrelated,unrelated,secondary,unrelated,unrelated,unrelated,unrelated,unrelated,unrelated,unrelated,unrelated,unrelated,unrelated,unrelated,primary,unrelated,unrelated,unrelated
Amsterdam_1626,unrelated,unrelated,unrelated,unrelated,primary,unrelated,unrelated,unrelated,unrelated,unrelated,unrelated,unrelated,unrelated,unrelated,unrelated,unrelated,unrelated,unrelated,unrelated,unrelated
Amsterdam_1634,unrelated,unrelated,unrelated,unrelated,secondary,unrelated,unrelated,unrelated,unrelated,unrelated,unrelated,unrelated,unrelated,unrelated,unrelated,unrelated,unrelated,unrelated,unrelated,unrelated
Amsterdam_1652,unrelated,unrelated,unrelated,unrelated,unrelated,unrelated,unrelated,unrelated,unrelated,unrelated,unrelated,unrelated,unrelated,unrelated,unrelated,unrelated,primary,unrelated,primary,unrelated
Amsterdam_1660,unrelated,unrelated,unrelated,unrelated,unrelated,unrelated,unrelated,unrelated,unrelated,unrelated,unrelated,unrelated,unrelated,unrelated,unrelated,unrelated,primary,unrelated,unrelated,unrelated
Amsterdam_1660a,unrelated,unrelated,unrelated,unrelated,unrelated,unrelated,unrelated,unrelated,unrelated,unrelated,unrelated,unrelated,unrelated,unrelated,unrelated,unrelated,primary,unrelated,unrelated,unrelated
Amsterdam_1662,unrelated,unrelated,unrelated,unrelated,unrelated,unrelated,unrelated,unrelated,unrelated,unrelated,unrelated,unrelated,unrelated,unrelated,unrelated,unrelated,primary,unrelated,unrelated,unrelated
Amsterdam_1672,unrelated,unrelated,unrelated,unrelated,secondary,unrelated,primary,unrelated,unrelated,primary,unrelated,unrelated,unrelated,unrelated,primary,unrelated,unrelated,unrelated,unrelated,unrelated
Amsterdam_1683,unrelated,unrelated,unrelated,unrelated,unrelated,unrelated,unrelated,unrelated,unrelated,unrelated,unrelated,unrelated,unrelated,unrelated,unrelated,unrelated,primary,unrelated,unrelated,unrelated
Amsterdam_1695,unrelated,unrelated,unrelated,unrelated,unrelated,unrelated,unrelated,unrelated,unrelated,unrelated,unrelated,unrelated,unrelated,unrelated,unrelated,unrelated,primary,unrelated,unrelated,unrelated
Amsterdam_1697,primary,unrelated,unrelated,unrelated,unrelated,unrelated,unrelated,unrelated,unrelated,unrelated,unrelated,unrelated,unrelated,unrelated,unrelated,unrelated,primary,unrelated,unrelated,primary
Amsterdam_1700,unrelated,unrelated,unrelated,unrelated,unrelated,unrelated,unrelated,unrelated,unrelated,unrelated,unrelated,unrelated,unrelated,unrelated,unrelated,unrelated,primary,unrelated,unrelated,unrelated
Amsterdam_1700b,unrelated,unrelated,unrelated,unrelated,secondary,unrelated,unrelated,unrelated,unrelated,unrelated,unrelated,unrelated,unrelated,unrelated,unrelated,unrelated,primary,unrelated,unrelated,unrelated
Amsterdam_1701,unrelated,unrelated,unrelated,unrelated,secondary,unrelated,unrelated,unrelated,unrelated,unrelated,unrelated,unrelated,unrelated,unrelated,unrelated,unrelated,primary,unrelated,unrelated,unrelated
Amsterdam_1701b,unrelated,unrelated,unrelated,unrelated,unrelated,unrelated,unrelated,unrelated,unrelated,unrelated,unrelated,unrelated,unrelated,unrelated,unrelated,unrelated,primary,unrelated,unrelated,unrelated
Amsterdam_1702,unrelated,unrelated,unrelated,unrelated,unrelated,unrelated,unrelated,unrelated,unrelated,unrelated,unrelated,unrelated,unrelated,unrelated,unrelated,unrelated,unrelated,unrelated,unrelated,unrelated
Ansbach_1610,unrelated,unrelated,unknown,unknown,secondary,secondary,unrelated,unrelated,unrelated,unrelated,unrelated,unrelated,unrelated,unrelated,unrelated,unrelated,unrelated,unrelated,unrelated,unrelated
Antwerp_1645,unrelated,unrelated,unrelated,unrelated,unrelated,unrelated,unrelated,unrelated,unrelated,unrelated,unrelated,unrelated,unrelated,unrelated,unrelated,unrelated,primary,unrelated,unrelated,unrelated
Antwerp_1654,unrelated,unrelated,unrelated,unrelated,unrelated,unrelated,unrelated,unrelated,unrelated,unrelated,unrelated,unrelated,unrelated,unrelated,unrelated,unrelated,primary,unrelated,unrelated,unrelated
Antwerp_1665,unrelated,unrelated,unrelated,unrelated,unrelated,unrelated,unrelated,unrelated,unrelated,unrelated,unrelated,unrelated,unrelated,unrelated,unrelated,unrelated,primary,unrelated,unrelated,unrelated
Antwerp_1672,unrelated,unrelated,unrelated,unrelated,unrelated,unrelated,unrelated,unrelated,unrelated,unrelated,unrelated,unrelated,unrelated,unrelated,unrelated,unrelated,primary,unrelated,unrelated,unrelated
Arnhem_1603,unrelated,unrelated,unrelated,unrelated,unrelated,unrelated,unrelated,unrelated,unrelated,unrelated,unrelated,unrelated,unrelated,unrelated,unrelated,unrelated,primary,unrelated,unrelated,unrelated
Arnhem_1605,primary,unrelated,unrelated,unrelated,unrelated,unrelated,unrelated,unrelated,unrelated,unrelated,unrelated,unrelated,unrelated,unrelated,unrelated,unrelated,primary,unrelated,unrelated,unrelated
Arnhem_1605a,primary,unrelated,unrelated,unrelated,unrelated,unrelated,unrelated,unrelated,unrelated,unrelated,unrelated,unrelated,unrelated,unrelated,unrelated,unrelated,primary,unrelated,unrelated,unrelated
Arnhem_1620,unrelated,unrelated,unrelated,unrelated,unrelated,unrelated,unrelated,unrelated,unrelated,unrelated,unrelated,unrelated,unrelated,unrelated,unrelated,unrelated,primary,unrelated,unrelated,unrelated
Augsburg_1555,primary,unrelated,unrelated,unrelated,unrelated,unrelated,unrelated,unrelated,unrelated,unrelated,unrelated,unrelated,unrelated,unrelated,unrelated,unrelated,unrelated,unrelated,unrelated,unrelated
B80KIT,unrelated,unrelated,unrelated,unrelated,primary,unrelated,unrelated,unrelated,unrelated,unrelated,unrelated,unrelated,unrelated,unrelated,unrelated,unrelated,unrelated,unrelated,unrelated,unrelated
BCYM68,unrelated,unrelated,unrelated,unrelated,secondary,unrelated,primary,unrelated,unrelated,unrelated,unrelated,unrelated,unrelated,unrelated,unrelated,unrelated,unrelated,unrelated,unrelated,unrelated
BFI81M,unrelated,unrelated,unrelated,primary,unknown,unrelated,primary,unrelated,primary,unrelated,unknown,unrelated,unrelated,unrelated,unrelated,unrelated,unrelated,unrelated,unrelated,unrelated
BKH4JK,unrelated,unrelated,unrelated,unrelated,unrelated,unrelated,unrelated,unrelated,unrelated,unrelated,unrelated,unrelated,unrelated,unrelated,unrelated,unrelated,primary,unrelated,unrelated,unrelated
BQ96WF,primary,unrelated,unrelated,unrelated,unrelated,unrelated,primary,unrelated,unrelated,unrelated,unrelated,unrelated,unrelated,unrelated,unrelated,unrelated,unrelated,unrelated,unrelated,primary
Bamberg_1677,unrelated,unrelated,unrelated,unrelated,unrelated,unrelated,unrelated,unrelated,unrelated,unrelated,unrelated,unrelated,unrelated,unrelated,unrelated,secondary,primary,unrelated,unrelated,unrelated
Barcelona_1698,unrelated,unrelated,unrelated,unrelated,unrelated,unrelated,unrelated,unrelated,unrelated,unrelated,unrelated,unrelated,unrelated,unrelated,unrelated,unrelated,unrelated,unrelated,unrelated,unrelated
Basel_1533,unrelated,unrelated,unrelated,unrelated,unrelated,unrelated,unrelated,unrelated,unrelated,unrelated,unrelated,unrelated,unrelated,unrelated,unrelated,unrelated,primary,unrelated,unrelated,unrelated
Basel_1537,unrelated,unrelated,unrelated,unrelated,unrelated,unrelated,unrelated,unrelated,unrelated,unrelated,primary,unrelated,unrelated,unrelated,unrelated,secondary,primary,unrelated,unrelated,unrelated
Basel_1546a,primary,unrelated,unrelated,unrelated,unrelated,unrelated,unrelated,unrelated,unrelated,unrelated,unrelated,unrelated,unrelated,unrelated,unrelated,unrelated,primary,unrelated,primary,unrelated
Basel_1546b,unrelated,unrelated,unrelated,unrelated,unrelated,unrelated,unrelated,unrelated,unrelated,unrelated,primary,unrelated,unrelated,unrelated,unrelated,unrelated,primary,unrelated,unrelated,unrelated
Basel_1550,secondary,unrelated,unrelated,unrelated,unrelated,unrelated,unrelated,unrelated,unrelated,unrelated,unrelated,unrelated,unrelated,unrelated,unrelated,unrelated,primary,unrelated,unrelated,unrelated
Basel_1562,secondary,unrelated,unrelated,unrelated,unknown,unrelated,unrelated,unrelated,unrelated,unrelated,unrelated,unrelated,unrelated,unrelated,unrelated,unrelated,unrelated,unrelated,unrelated,unrelated
Basel_1570,primary,unrelated,unrelated,unrelated,unrelated,unrelated,unrelated,unrelated,unrelated,unrelated,unrelated,unrelated,unrelated,unrelated,unrelated,unrelated,primary,unrelated,primary,unrelated
Beaulieu-1,secondary,unrelated,primary,primary,primary,primary,unrelated,unrelated,secondary,unrelated,unrelated,unrelated,unrelated,unrelated,unrelated,unrelated,secondary,unrelated,unrelated,unrelated
Beijing_1607,unrelated,unrelated,unrelated,unrelated,unrelated,unrelated,unrelated,unrelated,unrelated,unrelated,unrelated,unrelated,unrelated,unrelated,unrelated,unrelated,primary,unrelated,unrelated,unrelated
Beijing_1629,unrelated,unrelated,unrelated,unrelated,unrelated,unrelated,unrelated,unrelated,unrelated,unrelated,unknown,unrelated,unrelated,unrelated,unrelated,unrelated,unrelated,unrelated,unrelated,unrelated
Berlin_1824,unrelated,unrelated,unrelated,unrelated,unrelated,unrelated,unrelated,unrelated,unrelated,unrelated,unrelated,unrelated,unrelated,unrelated,unrelated,unrelated,primary,unrelated,unrelated,unrelated
Bologna_1620,secondary,unrelated,unrelated,unrelated,primary,unrelated,unrelated,unrelated,unrelated,unrelated,secondary,unrelated,unrelated,unrelated,unrelated,secondary,unrelated,unrelated,unrelated,unrelated
Bologna_1629a,unrelated,unrelated,unrelated,unrelated,unrelated,unrelated,unrelated,unrelated,unrelated,unrelated,unrelated,unrelated,unrelated,unrelated,unrelated,unrelated,primary,unrelated,unrelated,unrelated
Bologna_1651,unrelated,unrelated,unrelated,unrelated,unrelated,unrelated,unrelated,unrelated,unrelated,unrelated,unrelated,unrelated,unrelated,unrelated,unrelated,unrelated,unrelated,unrelated,unrelated,unrelated
Bologna_1651a,unrelated,unrelated,unrelated,unrelated,unrelated,unrelated,unrelated,unrelated,unrelated,unrelated,unrelated,unrelated,unrelated,unrelated,unrelated,unrelated,unrelated,unrelated,unrelated,unrelated
Bologna_1663,unrelated,unrelated,unrelated,unrelated,unrelated,unrelated,unrelated,unrelated,unrelated,unrelated,unrelated,unrelated,unrelated,unrelated,unrelated,unrelated,primary,unrelated,unrelated,unrelated
Bologna_1684,unrelated,unrelated,unrelated,unrelated,unrelated,unrelated,unrelated,unrelated,unrelated,unrelated,unrelated,unrelated,unrelated,unrelated,unrelated,unrelated,secondary,unrelated,unrelated,unrelated
Bologna_1686,unrelated,unrelated,unrelated,unrelated,unrelated,unrelated,unrelated,unrelated,unrelated,unrelated,unrelated,unrelated,unrelated,unrelated,unrelated,unrelated,primary,unrelated,unrelated,unrelated
Bologna_1693,unrelated,unrelated,unrelated,unrelated,unrelated,unrelated,unrelated,unrelated,unrelated,unrelated,unrelated,unrelated,unrelated,unrelated,unrelated,unrelated,unrelated,unrelated,unrelated,unrelated
Brussels_1688,unrelated,unrelated,unrelated,unrelated,unknown,unrelated,unrelated,unrelated,unrelated,unrelated,unrelated,unrelated,unrelated,unrelated,unrelated,unrelated,unrelated,unrelated,unrelated,unrelated
Brussels_1689,unrelated,unrelated,unrelated,unrelated,unrelated,unrelated,unrelated,unrelated,unrelated,unrelated,unrelated,unrelated,unrelated,unrelated,unrelated,unrelated,primary,unrelated,unrelated,unrelated
Brussels_1701,unrelated,unrelated,unrelated,unrelated,unrelated,unrelated,unrelated,unrelated,unrelated,unrelated,unrelated,unrelated,unrelated,unrelated,unrelated,unrelated,unrelated,unrelated,unrelated,unrelated
CG8KPH,unrelated,unrelated,unrelated,unrelated,primary,unrelated,primary,unrelated,unrelated,unrelated,unrelated,unrelated,unrelated,unrelated,primary,unrelated,unrelated,unrelated,unrelated,unrelated
CYFAY3,unrelated,unrelated,unrelated,unrelated,unrelated,unrelated,secondary,unrelated,unrelated,unrelated,unrelated,unrelated,unrelated,unrelated,unrelated,unrelated,unrelated,unrelated,unrelated,unrelated
Cambridge_1655,unrelated,unrelated,unrelated,unrelated,unrelated,unrelated,unrelated,unrelated,unrelated,unrelated,unrelated,unrelated,unrelated,unrelated,unrelated,unrelated,unrelated,unrelated,unrelated,unrelated
Cambridge_1657,unrelated,unrelated,unrelated,unrelated,unrelated,unrelated,unrelated,unrelated,unrelated,unrelated,unrelated,unrelated,unrelated,unrelated,unrelated,unrelated,primary,unrelated,unrelated,unrelated
Cambridge_1665,unrelated,unrelated,unrelated,unrelated,unrelated,unrelated,unrelated,unrelated,unrelated,unrelated,primary,unrelated,unrelated,unrelated,unrelated,unrelated,primary,unrelated,unrelated,unknown
Cambridge_1703,unrelated,unrelated,unrelated,unrelated,unknown,unrelated,unrelated,unrelated,unrelated,unrelated,unrelated,unrelated,unrelated,unrelated,unrelated,unrelated,unrelated,unrelated,unrelated,unrelated
Cologne_1556,unrelated,unrelated,unrelated,unrelated,unrelated,unrelated,unrelated,unrelated,unrelated,unrelated,unrelated,unrelated,unrelated,unrelated,unrelated,unrelated,primary,unrelated,unrelated,unrelated
Cologne_1580,unrelated,unrelated,unrelated,unrelated,unrelated,unrelated,unrelated,unrelated,unrelated,unrelated,unrelated,unrelated,unrelated,unrelated,unrelated,unrelated,unrelated,unrelated,unrelated,unrelated
Cologne_1591,unrelated,unrelated,unrelated,unrelated,unrelated,unrelated,unrelated,unrelated,unrelated,unrelated,unrelated,unrelated,unrelated,unrelated,unrelated,unrelated,primary,unrelated,unrelated,unrelated
Cologne_1600,unrelated,unrelated,unrelated,unrelated,unrelated,unrelated,unrelated,unrelated,unrelated,unrelated,unrelated,unrelated,unrelated,unrelated,unrelated,unrelated,primary,unrelated,unrelated,unrelated
Cologne_1602,unrelated,unrelated,unrelated,unrelated,unrelated,unrelated,unrelated,unrelated,unrelated,unrelated,unrelated,unrelated,unrelated,unrelated,unrelated,unrelated,primary,unrelated,unrelated,unrelated
Cologne_1607,unrelated,unrelated,unrelated,unrelated,unrelated,unrelated,unrelated,unrelated,unrelated,unrelated,unrelated,unrelated,unrelated,unrelated,unrelated,unrelated,primary,unrelated,unrelated,unrelated
Cologne_1607a,unrelated,unrelated,unrelated,unrelated,unrelated,unrelated,unrelated,unrelated,unrelated,unrelated,unrelated,unrelated,unrelated,unrelated,unrelated,unrelated,primary,unrelated,unknown,unrelated
Cologne_1612,unrelated,unrelated,unrelated,unrelated,unrelated,unrelated,unrelated,unrelated,unrelated,unrelated,unrelated,unrelated,unrelated,unrelated,unrelated,unrelated,primary,unrelated,unrelated,unrelated
Cologne_1627,unrelated,unrelated,unrelated,unrelated,unrelated,unrelated,unrelated,unrelated,unrelated,unrelated,unrelated,unrelated,unrelated,unrelated,unrelated,unrelated,primary,unrelated,unrelated,unrelated
D40ZCO,unrelated,unrelated,unrelated,unrelated,unrelated,unrelated,unrelated,unrelated,unrelated,unrelated,unrelated,unrelated,unrelated,unrelated,unrelated,unrelated,primary,unrelated,unrelated,unrelated
DA54XK,unrelated,unrelated,unrelated,unrelated,unrelated,unrelated,primary,unrelated,unrelated,unrelated,unrelated,unrelated,unrelated,unrelated,unrelated,unrelated,unrelated,unrelated,unrelated,unrelated
DMOHT7,unrelated,unrelated,unrelated,unrelated,unrelated,unrelated,primary,unrelated,unrelated,unrelated,unrelated,unrelated,unrelated,unrelated,unrelated,unrelated,unrelated,unrelated,unrelated,unrelated
Douai_1620,unrelated,unrelated,unrelated,unrelated,unrelated,unrelated,unrelated,unrelated,unrelated,unrelated,unrelated,unrelated,unrelated,unrelated,unrelated,unrelated,primary,unrelated,unrelated,unrelated
Douai_1625,unrelated,unrelated,unrelated,unrelated,unrelated,unrelated,unrelated,unrelated,unrelated,unrelated,unrelated,unrelated,unrelated,unrelated,unrelated,unrelated,primary,unrelated,unrelated,unrelated
E7J0Y4,primary,unrelated,unrelated,unrelated,unrelated,unrelated,unrelated,unrelated,unrelated,unrelated,unrelated,unrelated,unrelated,unrelated,unrelated,unrelated,unrelated,unrelated,unrelated,unrelated
E8K2CK,unrelated,unrelated,unrelated,unrelated,unrelated,unrelated,unrelated,unrelated,unrelated,unrelated,unrelated,unrelated,unrelated,unrelated,unrelated,unrelated,primary,unrelated,unrelated,unrelated
EFXRG3,unrelated,unrelated,unrelated,unrelated,unrelated,unrelated,primary,unrelated,unrelated,unrelated,unrelated,unrelated,unrelated,unrelated,primary,unrelated,unrelated,unrelated,unrelated,unrelated
EJGRZN,unrelated,unrelated,unrelated,unrelated,unrelated,unrelated,unrelated,unrelated,unrelated,unrelated,unrelated,unrelated,unrelated,unrelated,unrelated,unrelated,primary,unrelated,unrelated,unrelated
EN496R,unrelated,unrelated,secondary,unrelated,unrelated,unrelated,secondary,unrelated,primary,unrelated,unrelated,unrelated,unrelated,unrelated,unrelated,unrelated,unrelated,unrelated,unrelated,unrelated
EW54CX,unrelated,unrelated,unrelated,unrelated,primary,unrelated,primary,unrelated,unrelated,unrelated,unrelated,unrelated,unrelated,unrelated,unrelated,unrelated,unrelated,unrelated,unrelated,unrelated
Edinburgh_1795,unrelated,unrelated,unrelated,unrelated,unrelated,unrelated,unrelated,unrelated,unrelated,unrelated,unrelated,unrelated,unrelated,unrelated,unrelated,unrelated,primary,unrelated,unrelated,primary
F2WVY3,unrelated,unrelated,unrelated,unrelated,unrelated,unrelated,unrelated,unrelated,unrelated,unrelated,unrelated,unrelated,unrelated,unrelated,unrelated,unrelated,primary,unrelated,unrelated,unrelated
FA6MQ0,unrelated,unrelated,unrelated,unrelated,primary,unrelated,unknown,unrelated,unknown,unrelated,unrelated,unrelated,unrelated,unrelated,primary,unrelated,unrelated,unrelated,unrelated,unrelated
Ferrara_1628,unrelated,unrelated,unrelated,unrelated,unrelated,unrelated,unrelated,unrelated,unrelated,unrelated,unrelated,unrelated,unrelated,unrelated,unrelated,unrelated,unrelated,unrelated,unrelated,unrelated
Florence_1573,unrelated,unrelated,unrelated,unrelated,unrelated,unrelated,primary,unrelated,unrelated,unrelated,unrelated,unrelated,unrelated,unrelated,unrelated,unrelated,secondary,unrelated,unrelated,unrelated
Florence_1674,unrelated,unrelated,unrelated,unrelated,unrelated,unrelated,unrelated,unrelated,unrelated,unrelated,unrelated,unrelated,unrelated,unrelated,unrelated,unrelated,primary,unrelated,unrelated,unrelated
Florence_1690,unrelated,unrelated,unrelated,unrelated,unrelated,unrelated,unrelated,unrelated,unrelated,unrelated,unrelated,unrelated,unrelated,unrelated,unrelated,unrelated,primary,unrelated,unrelated,unrelated
Frankfurt_1506,unrelated,unknown,unrelated,unrelated,unrelated,unrelated,unrelated,unrelated,unrelated,unrelated,unrelated,unrelated,unrelated,unrelated,unrelated,unrelated,primary,unrelated,unrelated,unrelated
Frankfurt_1607,unrelated,unrelated,unrelated,unrelated,unrelated,unrelated,unrelated,unrelated,unrelated,unrelated,unrelated,unrelated,unrelated,unrelated,unrelated,unrelated,unrelated,unrelated,unrelated,unrelated
Frankfurt_1654,unrelated,unrelated,unrelated,unrelated,unrelated,unrelated,unrelated,unrelated,unrelated,unrelated,unrelated,unrelated,unrelated,unrelated,unrelated,unrelated,primary,unrelated,unrelated,unrelated
Frankfurt_1674,unrelated,unrelated,unrelated,unrelated,unrelated,unrelated,unrelated,unrelated,unrelated,unrelated,unrelated,unrelated,unrelated,unrelated,unrelated,secondary,unrelated,unrelated,unrelated,unrelated
G2T7OK,unrelated,unrelated,unrelated,unrelated,unrelated,unrelated,primary,unrelated,unrelated,unrelated,unrelated,unrelated,unrelated,unrelated,unrelated,unrelated,unrelated,unrelated,unrelated,unrelated
G5IUDY,secondary,unrelated,unrelated,unrelated,unrelated,unrelated,primary,unrelated,unrelated,unrelated,unrelated,unrelated,unrelated,unrelated,unrelated,unrelated,unrelated,unrelated,unrelated,unrelated
GD0NV0,unrelated,unrelated,unrelated,unrelated,primary,unrelated,primary,unrelated,unrelated,unrelated,unrelated,unrelated,unrelated,unrelated,primary,unrelated,unrelated,unrelated,unrelated,unrelated
GDC2CP,unrelated,unrelated,unrelated,unrelated,unrelated,unrelated,unrelated,unrelated,unrelated,unrelated,unrelated,unrelated,unrelated,unrelated,unrelated,unrelated,primary,unrelated,unrelated,unrelated
GDIHEX,unrelated,unrelated,unrelated,primary,unrelated,unrelated,unrelated,unrelated,unrelated,unrelated,unrelated,unrelated,unrelated,unrelated,unrelated,primary,unrelated,unrelated,unrelated,unrelated
GY5QLD,unrelated,unrelated,unrelated,unrelated,unrelated,unrelated,unrelated,unrelated,unrelated,unrelated,secondary,unrelated,unrelated,unrelated,unrelated,unrelated,unrelated,unrelated,unrelated,unrelated
Geneva_1611,unrelated,unrelated,unrelated,unrelated,unrelated,unrelated,unrelated,unrelated,unrelated,unrelated,unrelated,unrelated,unrelated,unrelated,unrelated,unrelated,unrelated,unrelated,unrelated,unrelated
Glasgow_1756,unrelated,unrelated,unrelated,unrelated,unrelated,unrelated,unrelated,unrelated,unrelated,unrelated,unrelated,unrelated,unrelated,unrelated,unrelated,unrelated,primary,unrelated,unrelated,unrelated
Graz_1636,unrelated,unrelated,unrelated,unrelated,unrelated,unrelated,unrelated,unrelated,unrelated,unrelated,unrelated,unrelated,unrelated,unrelated,unrelated,unrelated,primary,unrelated,unrelated,secondary
HFRLRC,unrelated,unrelated,unrelated,unrelated,unrelated,unrelated,primary,unrelated,unrelated,unrelated,unrelated,unrelated,unrelated,unrelated,unrelated,unrelated,unrelated,unrelated,unrelated,unrelated
Halle_1758,unrelated,unrelated,unrelated,unrelated,unrelated,unrelated,unrelated,unrelated,unrelated,unrelated,unrelated,unrelated,unrelated,unrelated,unrelated,unrelated,primary,unrelated,unrelated,unrelated
Hamburg_1633,unrelated,unrelated,unrelated,unrelated,unrelated,unrelated,unrelated,unrelated,unrelated,unrelated,unrelated,unrelated,unrelated,unrelated,unrelated,unrelated,unrelated,unrelated,unrelated,unrelated
Hamburg_1638,unrelated,unrelated,unrelated,unrelated,unrelated,unrelated,unrelated,unrelated,unrelated,unrelated,unrelated,unrelated,unrelated,unrelated,unrelated,unrelated,unrelated,unrelated,unrelated,unrelated
Hardy-1,unrelated,unrelated,unrelated,unrelated,unrelated,unrelated,unrelated,unrelated,unrelated,unrelated,unrelated,unrelated,unrelated,unrelated,unrelated,unrelated,primary,unrelated,unrelated,unrelated
Hardy-2,unrelated,unrelated,unrelated,unrelated,unrelated,unrelated,unrelated,unrelated,unrelated,unrelated,unrelated,unrelated,unrelated,unrelated,unrelated,unrelated,primary,unrelated,unrelated,unrelated
Hardy-3,unrelated,unrelated,unrelated,unrelated,unrelated,unrelated,unrelated,unrelated,unrelated,unrelated,unrelated,unrelated,unrelated,unrelated,unrelated,unrelated,unrelated,unrelated,unrelated,unrelated
Hardy-4,unrelated,unrelated,unrelated,unrelated,unrelated,unrelated,unrelated,unrelated,unrelated,unrelated,unrelated,unrelated,unrelated,unrelated,unrelated,unrelated,primary,unrelated,unrelated,unrelated
Hardy-5,unrelated,unrelated,unrelated,unrelated,unrelated,unrelated,unrelated,unrelated,unrelated,unrelated,unrelated,unrelated,unrelated,unrelated,unrelated,unrelated,primary,unrelated,unrelated,unrelated
Hardy-6,unrelated,unrelated,unrelated,unrelated,unrelated,unrelated,unrelated,unrelated,unrelated,unrelated,unrelated,unrelated,unrelated,unrelated,unrelated,unrelated,primary,unrelated,unrelated,unrelated
I9PE2Y,unrelated,unrelated,unrelated,unrelated,unrelated,unrelated,unrelated,unrelated,unrelated,unrelated,primary,unrelated,unrelated,unrelated,unrelated,unrelated,unrelated,unrelated,unrelated,unrelated
IC4Y79,primary,unrelated,unrelated,unrelated,unrelated,unrelated,unrelated,unrelated,secondary,unrelated,unrelated,unrelated,unrelated,unrelated,primary,unrelated,primary,unrelated,unrelated,unrelated
Ingolstadt_1617,unrelated,unrelated,unrelated,unrelated,unrelated,unrelated,unrelated,unrelated,unrelated,unrelated,unrelated,unrelated,unrelated,unrelated,unrelated,unrelated,primary,unrelated,unrelated,unrelated
Innsbruck_1634,unrelated,unrelated,unrelated,unrelated,unrelated,unrelated,unrelated,unrelated,unrelated,unrelated,unrelated,unrelated,unrelated,unrelated,unrelated,unrelated,unrelated,unrelated,unrelated,unrelated
JT4H92,unrelated,unrelated,unrelated,unrelated,unknown,unrelated,unrelated,unrelated,primary,unrelated,unrelated,unrelated,unrelated,unrelated,unrelated,unrelated,unknown,unrelated,unrelated,unrelated
JTZKPV,unrelated,unrelated,unrelated,secondary,primary,unrelated,unrelated,unrelated,unrelated,unrelated,unrelated,unrelated,unrelated,unrelated,secondary,unrelated,unrelated,unrelated,unrelated,unrelated
Jena_1628,unrelated,unrelated,unrelated,unrelated,unrelated,unrelated,unrelated,unrelated,unrelated,unrelated,unrelated,unrelated,unrelated,unrelated,unrelated,unrelated,unrelated,unrelated,unrelated,unrelated
KLSGAN,unrelated,unrelated,primary,unrelated,primary,primary,primary,unrelated,unrelated,unrelated,unrelated,unrelated,unrelated,unrelated,primary,unrelated,unrelated,unrelated,unrelated,unrelated
Kiel_Hamburg_and_Leipzig_1697,unrelated,unrelated,unrelated,unrelated,unrelated,unrelated,unrelated,unrelated,unrelated,unrelated,unrelated,unrelated,unrelated,unrelated,unrelated,unrelated,unrelated,unrelated,unrelated,unrelated
Kiel_and_Leipzig_1699,unrelated,unrelated,unrelated,unrelated,unrelated,unrelated,unrelated,unrelated,unrelated,unrelated,unrelated,unrelated,unrelated,unrelated,unrelated,unrelated,unrelated,unrelated,unrelated,unrelated
LYNX18,unrelated,unrelated,unrelated,unrelated,primary,unrelated,unrelated,unrelated,unrelated,unrelated,unrelated,unrelated,unrelated,unrelated,unrelated,unrelated,unrelated,unrelated,unrelated,unrelated
Lausanne_1683,unrelated,unrelated,unrelated,unrelated,unrelated,unrelated,unrelated,unrelated,unrelated,unrelated,unrelated,unrelated,unrelated,unrelated,unrelated,unrelated,unrelated,unrelated,unrelated,unrelated
Le_Mans_1663,unrelated,unrelated,unrelated,unrelated,unrelated,unrelated,primary,unrelated,unrelated,unrelated,unrelated,unrelated,unrelated,unrelated,unrelated,unrelated,unrelated,unrelated,unrelated,unrelated
Leiden_1599,unrelated,unrelated,unrelated,unrelated,unknown,unrelated,primary,unrelated,unrelated,unrelated,unrelated,unrelated,unrelated,unrelated,unrelated,unrelated,primary,unrelated,unrelated,unrelated
Leiden_1606,unrelated,unrelated,unrelated,unrelated,unrelated,unrelated,unrelated,unrelated,unrelated,unrelated,unrelated,unrelated,unrelated,unrelated,unrelated,unrelated,primary,unrelated,unrelated,unrelated
Leiden_1607,unrelated,unrelated,unrelated,unrelated,secondary,unrelated,unrelated,unrelated,unrelated,unrelated,unrelated,unrelated,unrelated,unrelated,unrelated,unrelated,primary,unrelated,unrelated,unrelated
Leiden_1615,primary,unrelated,unrelated,unrelated,unrelated,unrelated,unrelated,unrelated,unrelated,unrelated,unrelated,unrelated,unrelated,unrelated,unrelated,unrelated,primary,unrelated,unrelated,primary
Leiden_1617,unrelated,unrelated,unrelated,unrelated,unrelated,unrelated,unrelated,unrelated,unrelated,unrelated,unrelated,unrelated,unrelated,unrelated,unrelated,unrelated,unrelated,unrelated,unrelated,unrelated
Leiden_1691,unrelated,unrelated,unrelated,unrelated,unrelated,unrelated,unrelated,unrelated,unrelated,unrelated,unrelated,unrelated,unrelated,unrelated,unrelated,unrelated,unrelated,unrelated,unrelated,unrelated
Leiden_and_Amsterdam_1673,unrelated,unrelated,unrelated,unrelated,unrelated,unrelated,unrelated,unrelated,unrelated,unrelated,unrelated,unrelated,unrelated,unrelated,unrelated,unrelated,primary,unrelated,unrelated,unrelated
Leipzig_1549,unrelated,unrelated,unrelated,unrelated,unrelated,unrelated,unrelated,unrelated,unrelated,unrelated,unrelated,unrelated,unrelated,unrelated,unrelated,unrelated,primary,unrelated,unrelated,unrelated
Leipzig_1577,unrelated,unrelated,unrelated,unrelated,unrelated,unrelated,unrelated,unrelated,unrelated,unrelated,unrelated,unrelated,unrelated,unrelated,unrelated,unrelated,unrelated,unrelated,unrelated,unrelated
Leipzig_1607,unrelated,unrelated,unrelated,unrelated,unrelated,unrelated,unrelated,unrelated,unrelated,unrelated,unrelated,unrelated,unrelated,unrelated,unrelated,unrelated,primary,unrelated,unrelated,unrelated
Leipzig_1883,unrelated,unrelated,unrelated,unrelated,unrelated,unrelated,unrelated,unrelated,unrelated,unrelated,unrelated,unrelated,unrelated,unrelated,unrelated,unrelated,unrelated,unrelated,unrelated,unrelated
Lisbon_1735,unrelated,unrelated,unrelated,unrelated,unrelated,unrelated,unrelated,unrelated,unrelated,unrelated,unrelated,unrelated,unrelated,unrelated,unrelated,unrelated,primary,unrelated,unrelated,unrelated
Livorno_1709,unrelated,unrelated,unrelated,unrelated,unrelated,unrelated,unrelated,unrelated,unrelated,unrelated,unrelated,unrelated,unrelated,unrelated,unrelated,unrelated,primary,unrelated,unrelated,unrelated
London_1570,unrelated,unrelated,unrelated,unrelated,unrelated,unrelated,unrelated,unrelated,unrelated,unrelated,unrelated,unrelated,unrelated,unrelated,unrelated,secondary,unknown,unrelated,unrelated,unrelated
London_1620,unrelated,unrelated,unrelated,unrelated,unrelated,unrelated,unrelated,unrelated,unrelated,unrelated,unrelated,unrelated,unrelated,unrelated,unrelated,unrelated,primary,unrelated,unrelated,unrelated
London_1651,unrelated,unrelated,unrelated,unrelated,unrelated,unrelated,unrelated,unrelated,unrelated,unrelated,unrelated,unrelated,unrelated,unrelated,unrelated,unrelated,unrelated,unrelated,unrelated,unrelated
London_1654,unrelated,unrelated,unrelated,unrelated,unrelated,unrelated,unrelated,unrelated,unrelated,unrelated,unrelated,unrelated,unrelated,unrelated,unrelated,unrelated,primary,unrelated,unrelated,unrelated
London_1659,unrelated,unrelated,unrelated,unrelated,unrelated,unrelated,unrelated,unrelated,unrelated,unrelated,unrelated,unrelated,unrelated,unrelated,unrelated,unrelated,primary,unrelated,unrelated,unrelated
London_1660,unrelated,unrelated,unrelated,unrelated,unrelated,unrelated,unrelated,unrelated,unrelated,unrelated,unrelated,unrelated,unrelated,unrelated,unrelated,unrelated,primary,unrelated,unrelated,unrelated
London_1661,unrelated,unrelated,unrelated,unrelated,unrelated,unrelated,unrelated,unrelated,unrelated,unrelated,unrelated,unrelated,unrelated,unrelated,unrelated,unrelated,primary,unrelated,unrelated,unrelated
London_1666,unrelated,unrelated,unrelated,unrelated,unrelated,unrelated,unrelated,unrelated,unrelated,unrelated,unrelated,unrelated,unrelated,unrelated,unrelated,unrelated,primary,unrelated,unrelated,unrelated
London_1678,unrelated,unrelated,unrelated,unrelated,unrelated,unrelated,unrelated,unrelated,unrelated,unrelated,unrelated,unrelated,unrelated,unrelated,unrelated,unrelated,primary,unrelated,unrelated,unrelated
London_1680–81,primary,unrelated,unrelated,unrelated,primary,unrelated,unrelated,primary,unrelated,unrelated,primary,primary,primary,unrelated,unrelated,unrelated,primary,primary,unrelated,primary
London_1685a,unrelated,unrelated,unrelated,unrelated,unrelated,unrelated,unrelated,unrelated,unrelated,unrelated,unrelated,unrelated,unrelated,unrelated,unrelated,unrelated,unrelated,unrelated,unrelated,unrelated
London_1686,unrelated,unrelated,unrelated,unrelated,unrelated,unrelated,unrelated,unrelated,unrelated,unrelated,unrelated,unrelated,unrelated,unrelated,unrelated,unrelated,unrelated,unrelated,unrelated,unrelated
London_1695,unrelated,unrelated,unrelated,unrelated,primary,unrelated,unrelated,unrelated,unrelated,unrelated,unrelated,unrelated,unrelated,unrelated,unrelated,unrelated,secondary,unrelated,unrelated,unrelated
London_1696,unrelated,unrelated,unrelated,unrelated,unrelated,unrelated,unrelated,unrelated,unrelated,unrelated,unrelated,unrelated,unrelated,unrelated,unrelated,unrelated,primary,unrelated,unrelated,unrelated
London_1700,unrelated,unrelated,unrelated,primary,primary,secondary,unrelated,unrelated,unrelated,unrelated,unrelated,unrelated,unrelated,unrelated,unrelated,unrelated,primary,unrelated,unrelated,unrelated
London_1703,unrelated,unrelated,unrelated,unrelated,unrelated,unrelated,unrelated,unrelated,unrelated,unrelated,unrelated,unrelated,unrelated,unrelated,unrelated,unrelated,unrelated,unrelated,unrelated,unrelated
London_1705,unrelated,unrelated,unrelated,unrelated,unrelated,unrelated,unrelated,unrelated,unrelated,unrelated,unrelated,unrelated,unrelated,unrelated,unrelated,unrelated,primary,unrelated,unrelated,unrelated
London_1747,unrelated,unrelated,unrelated,unrelated,secondary,unrelated,unrelated,unrelated,unrelated,unrelated,unrelated,unrelated,unrelated,unrelated,unrelated,unrelated,primary,unrelated,unrelated,unrelated
London_1789,unrelated,unrelated,unrelated,unrelated,unrelated,unrelated,unrelated,unrelated,unrelated,unrelated,unrelated,unrelated,unrelated,unrelated,unrelated,unrelated,primary,unrelated,unrelated,unrelated
Lund_1855,unrelated,unrelated,unrelated,unrelated,unrelated,unrelated,unrelated,unrelated,unrelated,unrelated,unrelated,unrelated,unrelated,unrelated,unrelated,unrelated,primary,unrelated,unrelated,unrelated
Lyon_1557,unrelated,unrelated,unrelated,unrelated,unrelated,unrelated,unrelated,unrelated,unrelated,unrelated,unrelated,unrelated,unrelated,unrelated,unrelated,unrelated,primary,unrelated,unrelated,unrelated
Lyon_1603,unknown,unrelated,unrelated,unrelated,unknown,unrelated,unrelated,unrelated,unrelated,unrelated,unrelated,unrelated,unrelated,unrelated,unrelated,unrelated,unrelated,unrelated,unrelated,unrelated
Lyon_1645,unrelated,unrelated,unrelated,unrelated,unrelated,unrelated,unrelated,unrelated,unrelated,unrelated,unrelated,unrelated,unrelated,unrelated,unrelated,unrelated,unrelated,unrelated,unrelated,unrelated
Lyon_1646,unrelated,unrelated,unrelated,unrelated,unrelated,unrelated,unrelated,unrelated,unrelated,unrelated,unrelated,unrelated,unrelated,unrelated,unrelated,unrelated,unrelated,unrelated,unrelated,unrelated
Lyon_1660,unrelated,unrelated,unrelated,unrelated,unrelated,unrelated,unrelated,unrelated,unrelated,unrelated,unrelated,unrelated,unrelated,unrelated,unrelated,unrelated,unrelated,unrelated,unrelated,unrelated
Lyon_1669,unrelated,unrelated,unrelated,unrelated,unrelated,unrelated,unrelated,unrelated,unrelated,unrelated,unrelated,unrelated,unrelated,unrelated,unrelated,unrelated,primary,unrelated,unrelated,primary
Lyon_1672,unrelated,unrelated,unrelated,unrelated,unrelated,unrelated,unrelated,unrelated,unrelated,unrelated,unrelated,unrelated,unrelated,unrelated,unrelated,unrelated,primary,unrelated,unrelated,unrelated
Lyon_1674,primary,unrelated,unrelated,secondary,primary,unrelated,unrelated,unrelated,primary,unrelated,unrelated,unrelated,primary,unrelated,unrelated,primary,primary,unrelated,unrelated,primary
Lyon_1675,unrelated,unrelated,unrelated,unrelated,unrelated,unrelated,unrelated,unrelated,unrelated,unrelated,unrelated,unrelated,unrelated,unrelated,unrelated,unrelated,unrelated,unrelated,unrelated,unrelated
Lyon_1690,primary,unrelated,unrelated,unrelated,unrelated,unrelated,unrelated,unrelated,unrelated,unrelated,unrelated,unrelated,unrelated,unrelated,unrelated,unrelated,primary,unrelated,unrelated,primary
Lübeck_and_Frankfurt_1699,unrelated,unrelated,unrelated,unrelated,unknown,unrelated,unrelated,unrelated,unrelated,unrelated,unrelated,unrelated,unrelated,unrelated,unrelated,unrelated,primary,unrelated,unrelated,unrelated
MM0YD0,unrelated,unrelated,unrelated,primary,secondary,unrelated,unrelated,unrelated,secondary,unrelated,unrelated,unrelated,unrelated,unrelated,unrelated,unrelated,unrelated,unrelated,unrelated,unrelated
MMJVXG,primary,unrelated,unrelated,unrelated,unrelated,unrelated,unrelated,unrelated,unrelated,unrelated,unrelated,unrelated,unrelated,unrelated,unrelated,unrelated,unrelated,unrelated,unrelated,unrelated
Madrid_1585,unrelated,unrelated,unrelated,unrelated,unrelated,unrelated,primary,unrelated,unrelated,unrelated,unrelated,unrelated,unrelated,unrelated,unrelated,unrelated,unrelated,unrelated,unrelated,unrelated
Madrid_1665,unrelated,unrelated,unrelated,unrelated,primary,unrelated,unrelated,unrelated,primary,unrelated,unrelated,unrelated,unrelated,unrelated,unrelated,unrelated,secondary,unrelated,unrelated,unrelated
Mainz_1611_1612,primary,unrelated,unrelated,unrelated,primary,unrelated,unrelated,unrelated,unrelated,unrelated,unrelated,unrelated,unrelated,unrelated,unrelated,unrelated,secondary,unrelated,unrelated,primary
Messina_1558,unrelated,unrelated,unrelated,unrelated,primary,unrelated,unrelated,unrelated,unrelated,unrelated,primary,unrelated,unrelated,unrelated,unrelated,unrelated,unknown,unrelated,unrelated,primary
Milan_1671,unrelated,unrelated,unrelated,unrelated,unrelated,unrelated,unrelated,unrelated,unrelated,unrelated,unrelated,unrelated,unrelated,unrelated,unrelated,unrelated,primary,unrelated,unrelated,unrelated
Milan_1702,unrelated,unrelated,unrelated,unrelated,unrelated,unrelated,unrelated,unrelated,unrelated,unrelated,unrelated,unrelated,unrelated,unrelated,unrelated,unrelated,unrelated,unrelated,unrelated,unrelated
MorisS-1-1,primary,unrelated,unrelated,unrelated,unrelated,unrelated,unrelated,unrelated,unrelated,unrelated,unrelated,unrelated,unrelated,unrelated,unrelated,unrelated,unrelated,unrelated,unrelated,unrelated
MorisS-10-1,unrelated,unrelated,unrelated,unrelated,unrelated,unrelated,unrelated,unrelated,unrelated,unrelated,unrelated,unrelated,unrelated,unrelated,unrelated,primary,unrelated,unrelated,unrelated,unrelated
MorisS-10-3,unrelated,unrelated,unrelated,unrelated,unrelated,unrelated,unrelated,unrelated,unrelated,unrelated,unrelated,unrelated,unrelated,unrelated,unrelated,unrelated,primary,unrelated,unrelated,primary
MorisS-12-1,unrelated,unrelated,unrelated,unrelated,unrelated,unrelated,unrelated,unrelated,unrelated,unrelated,unrelated,unrelated,unrelated,unrelated,unrelated,unrelated,primary,unrelated,unrelated,unrelated
MorisS-13-1,unrelated,unrelated,unrelated,unrelated,unrelated,unrelated,unrelated,unrelated,unrelated,unrelated,primary,unrelated,unrelated,unrelated,unrelated,unrelated,unrelated,unrelated,unrelated,unrelated
MorisS-13-2,unrelated,unrelated,unrelated,unrelated,unrelated,unrelated,unrelated,unrelated,unrelated,unrelated,primary,unrelated,unrelated,unrelated,unrelated,primary,unrelated,unrelated,unrelated,unrelated
MorisS-13-3,unrelated,unrelated,unrelated,unrelated,unrelated,unrelated,unrelated,unrelated,unrelated,unrelated,primary,unrelated,unrelated,unrelated,unrelated,unrelated,unrelated,unrelated,unrelated,unrelated
MorisS-13-4,unrelated,unrelated,unrelated,unrelated,unrelated,unrelated,unrelated,unrelated,unrelated,unrelated,unrelated,unrelated,unrelated,unrelated,unrelated,primary,unrelated,unrelated,unrelated,unrelated
MorisS-13-5,unrelated,unrelated,unrelated,unrelated,unrelated,unrelated,unrelated,unrelated,unrelated,unrelated,primary,unrelated,unrelated,unrelated,unrelated,unrelated,unrelated,unrelated,unrelated,unrelated
MorisS-14-1,unrelated,unrelated,unrelated,unrelated,unrelated,unrelated,unrelated,unrelated,unrelated,unrelated,unrelated,unrelated,unrelated,unrelated,unrelated,unrelated,secondary,unrelated,unrelated,primary
MorisS-14-3,unrelated,unrelated,unrelated,unrelated,unrelated,unrelated,unrelated,unrelated,unrelated,unrelated,unrelated,unrelated,unrelated,unrelated,unrelated,unrelated,primary,unrelated,unrelated,unrelated
MorisS-15-1,unrelated,unrelated,unrelated,unrelated,unrelated,unrelated,unrelated,unrelated,unrelated,unrelated,unrelated,unrelated,unrelated,unrelated,unrelated,unrelated,primary,unrelated,unrelated,unrelated
MorisS-15-2,unrelated,unrelated,unrelated,unrelated,unrelated,unrelated,unrelated,unrelated,unrelated,unrelated,unrelated,unrelated,unrelated,unrelated,unrelated,unrelated,primary,unrelated,unrelated,unrelated
MorisS-16-1,primary,unrelated,primary,primary,primary,unrelated,unrelated,unrelated,unrelated,unrelated,unrelated,unrelated,unrelated,unrelated,secondary,unrelated,secondary,unrelated,unrelated,primary
MorisS-16-10,secondary,unrelated,unrelated,unrelated,unknown,unrelated,unrelated,unrelated,unrelated,unrelated,unrelated,unrelated,unrelated,unrelated,unrelated,secondary,unrelated,unrelated,unrelated,unrelated
MorisS-16-11,primary,unrelated,unrelated,unrelated,primary,primary,unrelated,primary,unrelated,unrelated,unrelated,unrelated,unrelated,unrelated,primary,unrelated,unrelated,unrelated,unrelated,unrelated
MorisS-16-3,unrelated,unrelated,unrelated,unrelated,unknown,unrelated,unrelated,unrelated,unrelated,unrelated,unrelated,unrelated,unrelated,unrelated,primary,unrelated,unrelated,unrelated,unrelated,unknown
MorisS-16-4,unrelated,unrelated,unrelated,unrelated,unknown,unknown,unrelated,unrelated,unrelated,unrelated,unknown,unrelated,unrelated,unrelated,unknown,unrelated,secondary,unknown,unrelated,primary
MorisS-16-5,unrelated,unrelated,unrelated,unrelated,unrelated,unrelated,unrelated,unrelated,unrelated,unrelated,primary,primary,unrelated,unrelated,unrelated,unrelated,unrelated,unrelated,unrelated,unrelated
MorisS-16-6,unrelated,unrelated,unrelated,unrelated,primary,unrelated,unrelated,unrelated,unrelated,unrelated,unrelated,unrelated,unrelated,unrelated,unrelated,unrelated,unrelated,unrelated,unrelated,unrelated
MorisS-16-7,unrelated,unrelated,unrelated,unrelated,unrelated,unrelated,unrelated,unrelated,unrelated,unrelated,unrelated,unrelated,unrelated,unrelated,unrelated,unrelated,primary,unrelated,unrelated,unrelated
MorisS-17-3,unrelated,unrelated,unrelated,unrelated,unrelated,unrelated,primary,unrelated,unrelated,unrelated,primary,unrelated,unrelated,unrelated,secondary,unrelated,primary,unrelated,unrelated,unrelated
MorisS-18-1,unrelated,unrelated,unrelated,unrelated,unrelated,unrelated,unrelated,unrelated,unrelated,unrelated,unrelated,unrelated,unrelated,unrelated,unrelated,unrelated,primary,unrelated,unrelated,unrelated
MorisS-18-3,unrelated,unrelated,unrelated,unrelated,unrelated,unrelated,unrelated,unrelated,unrelated,unrelated,unrelated,unrelated,unrelated,unrelated,unrelated,unrelated,primary,unrelated,unrelated,unrelated
MorisS-18-4,unrelated,unrelated,unrelated,unrelated,unrelated,unrelated,unrelated,unrelated,unrelated,unrelated,unrelated,unrelated,unrelated,unrelated,unrelated,unrelated,primary,unrelated,unrelated,unrelated
MorisS-2-1,unrelated,unrelated,unrelated,unrelated,unrelated,unrelated,unrelated,unrelated,unrelated,unrelated,unknown,unrelated,unrelated,unrelated,unrelated,primary,primary,unrelated,unrelated,unrelated
MorisS-20-5,unrelated,unrelated,unrelated,unrelated,unrelated,unrelated,unrelated,unrelated,unrelated,unrelated,unrelated,unrelated,unrelated,unrelated,unrelated,unrelated,unrelated,unrelated,unrelated,unrelated
MorisS-20-6,secondary,unrelated,unrelated,unrelated,unrelated,unrelated,unrelated,unrelated,unrelated,unrelated,unrelated,unrelated,unrelated,unrelated,unrelated,secondary,unrelated,unrelated,unrelated,unrelated
MorisS-21-1,unrelated,unrelated,unrelated,unrelated,unrelated,unrelated,unrelated,unrelated,unrelated,unrelated,unrelated,unrelated,unrelated,unrelated,unrelated,unrelated,unrelated,unrelated,unrelated,unrelated
MorisS-21-10,unrelated,unrelated,unrelated,unrelated,unrelated,unrelated,unrelated,unrelated,unrelated,unrelated,unrelated,unrelated,unrelated,unrelated,unrelated,unrelated,unknown,unrelated,unrelated,unrelated
MorisS-21-11,unrelated,unrelated,unrelated,unrelated,unrelated,unrelated,unrelated,unrelated,unrelated,unrelated,unrelated,unrelated,unrelated,unrelated,unrelated,unrelated,primary,unrelated,unrelated,unrelated
MorisS-21-12,unrelated,unrelated,unrelated,unrelated,unrelated,unrelated,unrelated,unrelated,unrelated,unrelated,primary,unrelated,unrelated,unrelated,unrelated,unrelated,unrelated,unrelated,unrelated,unrelated
MorisS-21-13,unrelated,unrelated,unrelated,unrelated,unrelated,unrelated,unknown,unrelated,unrelated,unrelated,unrelated,unrelated,unrelated,unrelated,unrelated,unrelated,unrelated,unrelated,unrelated,unrelated
MorisS-21-2,unrelated,unrelated,unrelated,unrelated,unrelated,unrelated,unrelated,unrelated,unrelated,unrelated,unrelated,unrelated,unrelated,unrelated,unrelated,unrelated,unknown,unrelated,primary,unrelated
MorisS-21-4,unrelated,unrelated,unrelated,unrelated,unrelated,unrelated,unrelated,unrelated,unrelated,unrelated,unrelated,unrelated,unrelated,unrelated,unrelated,primary,unrelated,unrelated,unrelated,unrelated
MorisS-21-5,unrelated,unrelated,unrelated,unrelated,unrelated,unrelated,unrelated,unrelated,unrelated,unrelated,unrelated,unrelated,unrelated,unrelated,unrelated,unrelated,unrelated,unrelated,unknown,unrelated
MorisS-21-6,unrelated,unrelated,unrelated,unrelated,unrelated,unrelated,unrelated,unrelated,unrelated,unrelated,unrelated,unrelated,unrelated,unrelated,unrelated,unrelated,unrelated,unrelated,unknown,unrelated
MorisS-21-7,unrelated,unrelated,unrelated,unrelated,unrelated,unrelated,unrelated,unrelated,unrelated,unrelated,unrelated,unrelated,unrelated,unrelated,unrelated,unrelated,unrelated,unrelated,primary,unrelated
MorisS-21-8,unrelated,unrelated,unrelated,unrelated,unrelated,unrelated,unrelated,unrelated,unrelated,unrelated,unrelated,unrelated,unrelated,unrelated,secondary,unrelated,unrelated,unrelated,primary,unrelated
MorisS-21-9,unrelated,unrelated,unrelated,unrelated,unrelated,unrelated,unrelated,unrelated,unrelated,unrelated,unrelated,unrelated,unrelated,unrelated,unrelated,primary,secondary,unrelated,unrelated,unrelated
MorisS-22-2,unrelated,unrelated,unrelated,unrelated,unrelated,unrelated,unrelated,unrelated,unrelated,unrelated,primary,unrelated,unrelated,unrelated,unrelated,unrelated,unrelated,unrelated,unrelated,unrelated
MorisS-22-3,unrelated,unrelated,unrelated,unrelated,secondary,unrelated,unrelated,unrelated,unrelated,unrelated,unrelated,unrelated,unrelated,unrelated,unrelated,unrelated,unknown,unrelated,unrelated,primary
MorisS-22-4,unrelated,unrelated,unrelated,unrelated,unrelated,unrelated,unrelated,unrelated,unrelated,unrelated,primary,unrelated,unrelated,unrelated,unrelated,unrelated,unknown,unknown,unrelated,unrelated
MorisS-22-5,unrelated,unrelated,unrelated,unrelated,unknown,unknown,unrelated,unrelated,unrelated,unrelated,primary,unknown,unknown,unrelated,primary,unrelated,unrelated,primary,unrelated,unknown
MorisS-22-6,unrelated,unrelated,unrelated,unrelated,unrelated,unrelated,unrelated,unrelated,unrelated,unrelated,unrelated,unrelated,unrelated,unrelated,unrelated,unrelated,primary,unrelated,unrelated,primary
MorisS-22-7,unrelated,unrelated,unrelated,unrelated,unrelated,unrelated,unrelated,unrelated,unrelated,unrelated,unrelated,unrelated,unrelated,unrelated,unrelated,unrelated,unrelated,unrelated,unrelated,unrelated
MorisS-23-1,unrelated,unrelated,unrelated,unrelated,unrelated,unrelated,unrelated,unrelated,unrelated,unrelated,unrelated,unrelated,unrelated,unrelated,unrelated,primary,unknown,unrelated,unrelated,unrelated
MorisS-23-2,unrelated,unrelated,unrelated,unrelated,unrelated,unrelated,unrelated,unrelated,unrelated,unrelated,unrelated,unrelated,unrelated,unrelated,unrelated,unrelated,primary,unrelated,unrelated,unknown
MorisS-24-1,unrelated,unrelated,unrelated,unrelated,primary,unrelated,primary,unrelated,unrelated,unrelated,unrelated,unrelated,unrelated,unrelated,unrelated,unrelated,unrelated,unrelated,unrelated,unrelated
MorisS-24-2,unrelated,unrelated,unrelated,unrelated,unrelated,unrelated,unrelated,unrelated,unrelated,unrelated,unrelated,unrelated,unrelated,unrelated,unrelated,unrelated,unrelated,unrelated,unrelated,unrelated
MorisS-24-3,unrelated,unrelated,unrelated,unrelated,secondary,unrelated,primary,unrelated,secondary,unrelated,unrelated,unrelated,unrelated,unrelated,unrelated,unrelated,secondary,unrelated,unrelated,unrelated
MorisS-25-3,primary,unrelated,unrelated,unrelated,unrelated,unrelated,unrelated,unrelated,unrelated,unrelated,unrelated,unrelated,unrelated,unrelated,unrelated,unrelated,primary,unrelated,unrelated,unrelated
MorisS-25-4,unrelated,unrelated,unrelated,unrelated,unrelated,unrelated,unrelated,unrelated,unrelated,unrelated,unrelated,unrelated,unrelated,unrelated,unrelated,unrelated,primary,unrelated,unrelated,unrelated
MorisS-25-8,unrelated,unrelated,unrelated,unrelated,primary,unrelated,unrelated,unrelated,unrelated,unrelated,unrelated,unrelated,unrelated,unrelated,unrelated,primary,secondary,unrelated,unrelated,unrelated
MorisS-26-1,unrelated,unknown,primary,unrelated,unknown,unrelated,unrelated,unrelated,unrelated,unrelated,unrelated,unrelated,unrelated,primary,primary,unrelated,unrelated,unrelated,unrelated,unrelated
MorisS-26-2,unrelated,unrelated,unrelated,unrelated,unrelated,unrelated,unrelated,unrelated,unrelated,unrelated,primary,unrelated,unrelated,unrelated,unrelated,unrelated,unrelated,unrelated,unrelated,unrelated
MorisS-27-1,unrelated,unrelated,unrelated,unrelated,unrelated,unrelated,unrelated,unrelated,unrelated,unrelated,unrelated,unrelated,unrelated,unrelated,unrelated,primary,unrelated,unrelated,unrelated,unrelated
MorisS-27-2,unrelated,unrelated,unrelated,unrelated,unrelated,unrelated,unrelated,unrelated,unrelated,unrelated,primary,unrelated,unrelated,unrelated,unrelated,unrelated,unrelated,unrelated,unrelated,unrelated
MorisS-28-1,unrelated,unrelated,unrelated,unrelated,unrelated,unrelated,unrelated,unrelated,unrelated,unrelated,unrelated,unrelated,unrelated,primary,primary,unrelated,unrelated,unrelated,unrelated,primary
MorisS-3-1,unrelated,unrelated,unrelated,unrelated,unrelated,unrelated,unrelated,unrelated,unrelated,unrelated,unrelated,unrelated,unrelated,unrelated,unrelated,unrelated,primary,unrelated,unrelated,unrelated
MorisS-3-2,unrelated,unrelated,unrelated,unrelated,unrelated,unrelated,unrelated,unrelated,unrelated,unrelated,unrelated,unrelated,unrelated,unrelated,unrelated,unrelated,primary,unrelated,unrelated,unrelated
MorisS-3-3,unrelated,unrelated,unrelated,unrelated,unrelated,unrelated,unrelated,unrelated,unrelated,unrelated,primary,unrelated,unrelated,unrelated,unrelated,unrelated,unrelated,unrelated,unrelated,unrelated
MorisS-3-4,unrelated,unrelated,unrelated,unrelated,unrelated,unrelated,unrelated,unrelated,unrelated,unrelated,unrelated,unrelated,unrelated,unrelated,unrelated,unrelated,primary,unrelated,unrelated,unrelated
MorisS-3-5,primary,unrelated,unrelated,unrelated,unrelated,unrelated,unrelated,unrelated,unrelated,unrelated,unrelated,unrelated,unrelated,unrelated,unrelated,unrelated,primary,unrelated,unrelated,unrelated
MorisS-3-6,unrelated,unrelated,unrelated,unrelated,unrelated,unrelated,unrelated,unrelated,unrelated,unrelated,primary,unrelated,unrelated,unrelated,unrelated,unrelated,unrelated,unrelated,unrelated,unrelated
MorisS-4-1,unrelated,unrelated,unrelated,primary,primary,unrelated,unrelated,unrelated,unrelated,unrelated,unrelated,unrelated,unrelated,unrelated,unrelated,unrelated,unrelated,unrelated,unrelated,unrelated
MorisS-4-2,unrelated,unrelated,unrelated,unrelated,secondary,unrelated,unrelated,unrelated,unrelated,primary,unrelated,unrelated,unrelated,secondary,secondary,unrelated,unrelated,unrelated,unrelated,unrelated
MorisS-4-3,unrelated,unrelated,unrelated,unrelated,unrelated,unrelated,unrelated,unrelated,unrelated,unrelated,unrelated,unrelated,unrelated,unrelated,unrelated,unrelated,unrelated,unrelated,unrelated,unrelated
MorisS-4-4,unrelated,unrelated,unrelated,unrelated,unrelated,unrelated,primary,unrelated,unrelated,unrelated,unrelated,unrelated,unrelated,unrelated,unrelated,unrelated,unrelated,unrelated,unrelated,unrelated
MorisS-4-5,unrelated,unrelated,unrelated,unrelated,unrelated,unrelated,primary,unrelated,unrelated,unrelated,unrelated,unrelated,unrelated,unrelated,unrelated,unrelated,unrelated,unrelated,unrelated,unrelated
MorisS-4-6,unrelated,unrelated,unrelated,primary,secondary,unrelated,unrelated,unrelated,primary,unrelated,unrelated,unrelated,unrelated,unrelated,unrelated,unrelated,unrelated,unrelated,unrelated,unrelated
MorisS-4-7,unrelated,unrelated,unrelated,unrelated,unrelated,unrelated,unknown,unrelated,primary,unrelated,unrelated,unrelated,unrelated,unrelated,unrelated,unrelated,unrelated,unrelated,unrelated,unrelated
MorisS-5-1,unrelated,unrelated,unrelated,unrelated,unrelated,unrelated,unrelated,unrelated,unrelated,unrelated,unrelated,unrelated,unrelated,unrelated,unrelated,unrelated,unrelated,unrelated,unrelated,unrelated
MorisS-5-2,unrelated,unrelated,unrelated,unrelated,unrelated,unrelated,unrelated,unrelated,unrelated,unrelated,primary,primary,unrelated,unrelated,unrelated,unrelated,unrelated,unrelated,unrelated,unrelated
MorisS-5-3,unrelated,unrelated,unrelated,unrelated,unrelated,unrelated,unrelated,unrelated,unrelated,unrelated,primary,unrelated,unrelated,unrelated,unrelated,unrelated,unrelated,unrelated,unrelated,unrelated
MorisS-5-4,unrelated,unrelated,unrelated,unrelated,unrelated,unrelated,unrelated,unrelated,unrelated,unrelated,unrelated,unrelated,unrelated,unrelated,unrelated,unrelated,primary,unrelated,unrelated,unrelated
MorisS-7-1,primary,unrelated,unrelated,unrelated,unrelated,unrelated,unrelated,unrelated,unrelated,unrelated,unrelated,unrelated,unrelated,unrelated,primary,unrelated,unrelated,unrelated,unrelated,unrelated
MorisS-8-2,unrelated,unrelated,unrelated,unrelated,unrelated,unrelated,primary,unrelated,unrelated,unrelated,unrelated,unrelated,unrelated,unrelated,unrelated,unrelated,unrelated,unrelated,unrelated,unrelated
MorisS-8-3,unrelated,unrelated,unrelated,unrelated,unrelated,unrelated,unrelated,unrelated,unrelated,unrelated,unrelated,unrelated,unrelated,unrelated,unrelated,unrelated,primary,unrelated,unrelated,unrelated
MorisS-9-3,unrelated,unrelated,unrelated,unrelated,unrelated,unrelated,unrelated,unrelated,unrelated,unrelated,unrelated,unrelated,unrelated,unrelated,unrelated,unrelated,primary,unrelated,unrelated,unrelated
N1D1J1,unrelated,unrelated,unrelated,unrelated,unknown,unrelated,unknown,unrelated,unrelated,unknown,unrelated,unrelated,unrelated,unrelated,unrelated,unrelated,unrelated,unrelated,unrelated,unrelated
N61RR8,unrelated,unrelated,unrelated,unrelated,unrelated,unrelated,primary,unrelated,unrelated,unrelated,unrelated,unrelated,unrelated,unrelated,unrelated,unrelated,unrelated,unrelated,unrelated,unrelated
NYJL4C,primary,unrelated,unrelated,unrelated,unrelated,unrelated,unrelated,unrelated,unrelated,unrelated,unrelated,unrelated,unrelated,unrelated,primary,unrelated,unrelated,unrelated,unrelated,unrelated
Naples_1679,unrelated,unrelated,unrelated,unrelated,unrelated,unrelated,unrelated,unrelated,unrelated,unrelated,unrelated,unrelated,unrelated,unrelated,unrelated,unrelated,unrelated,unrelated,unrelated,unrelated
Naples_1701,unrelated,unrelated,unrelated,unrelated,unrelated,unrelated,unrelated,unrelated,unrelated,unrelated,unrelated,unrelated,unrelated,unrelated,unrelated,unrelated,primary,unrelated,unrelated,unrelated
Naples_1702,unrelated,unrelated,unrelated,unrelated,unrelated,unrelated,unrelated,unrelated,unrelated,unrelated,unrelated,unrelated,unrelated,unrelated,unrelated,unrelated,primary,unrelated,unrelated,unrelated
Naples_1810,unrelated,unrelated,unrelated,unrelated,unrelated,unrelated,unrelated,unrelated,unrelated,unrelated,unrelated,unrelated,unrelated,unrelated,unrelated,unrelated,primary,unrelated,unrelated,unrelated
Nuremberg_1625,unrelated,unrelated,unrelated,unrelated,primary,unrelated,unrelated,unrelated,unrelated,unrelated,unrelated,unrelated,unrelated,unrelated,secondary,unrelated,unrelated,unrelated,unrelated,unrelated
Nuremberg_1821,unrelated,unrelated,unrelated,unrelated,unrelated,unrelated,unrelated,unrelated,unrelated,unrelated,unrelated,unrelated,unrelated,unrelated,unrelated,unrelated,primary,unrelated,unrelated,unrelated
OGXS5A,unrelated,unrelated,unrelated,unrelated,unrelated,unrelated,unrelated,unrelated,unrelated,unrelated,unrelated,unrelated,unrelated,unrelated,unrelated,unrelated,primary,unrelated,unrelated,primary
OQBIL8,unrelated,unrelated,unrelated,unrelated,secondary,unrelated,primary,unrelated,unrelated,unrelated,unrelated,unrelated,unrelated,unrelated,primary,unrelated,unrelated,unrelated,unrelated,unrelated
OQE4ZD,unrelated,unrelated,unrelated,unrelated,primary,unrelated,primary,unrelated,primary,unrelated,unrelated,unrelated,unrelated,secondary,secondary,unrelated,unrelated,unrelated,unrelated,unrelated
OT231L,unrelated,unrelated,unrelated,unrelated,unrelated,unrelated,primary,unrelated,unrelated,unrelated,unrelated,unrelated,unrelated,unrelated,unrelated,unrelated,unrelated,unrelated,unrelated,unrelated
Osnabrück_1676,unrelated,unrelated,unrelated,unrelated,unrelated,unrelated,unrelated,unrelated,unrelated,unrelated,unrelated,unrelated,unrelated,unrelated,unrelated,unrelated,primary,unrelated,unrelated,unrelated
Oxford_1685,unrelated,unrelated,unrelated,unrelated,unrelated,unrelated,unrelated,unrelated,unrelated,unrelated,unrelated,unrelated,unrelated,unrelated,unrelated,unrelated,unrelated,unrelated,unrelated,unrelated
Oxford_1701,unrelated,unrelated,unrelated,unrelated,unrelated,unrelated,unrelated,unrelated,unrelated,unrelated,unrelated,unrelated,unrelated,unrelated,unrelated,unrelated,primary,unrelated,unrelated,unrelated
Oxford_1703,unrelated,unrelated,unrelated,unrelated,unrelated,unrelated,unrelated,unrelated,unrelated,unrelated,primary,unrelated,unrelated,unrelated,unrelated,primary,primary,unrelated,primary,unrelated
Oxford_London_1700,unrelated,unrelated,unrelated,unrelated,unrelated,unrelated,unrelated,unrelated,unrelated,unrelated,unrelated,unrelated,unrelated,unrelated,unrelated,unrelated,primary,unrelated,unrelated,unrelated
P3JCQH,primary,unrelated,unrelated,unrelated,unrelated,unrelated,unrelated,unrelated,unrelated,unrelated,unrelated,unrelated,unrelated,unrelated,unrelated,unrelated,secondary,unrelated,unrelated,unrelated
Padua_1694,unrelated,unrelated,unrelated,unrelated,unrelated,unrelated,unrelated,unrelated,unrelated,unrelated,unrelated,unrelated,unrelated,unrelated,unrelated,unrelated,primary,unrelated,unrelated,primary
Paris_1500,unrelated,unrelated,unrelated,unrelated,unrelated,unrelated,unrelated,unrelated,unrelated,unrelated,secondary,unrelated,unrelated,unrelated,secondary,unrelated,unrelated,unrelated,unrelated,unrelated
Paris_1507,unrelated,unrelated,unrelated,unrelated,unrelated,unrelated,unrelated,unrelated,unrelated,unrelated,primary,unrelated,unrelated,secondary,unrelated,unrelated,primary,unrelated,unrelated,unrelated
Paris_1511,unrelated,unrelated,unrelated,unrelated,unrelated,unrelated,unrelated,unrelated,unrelated,unrelated,primary,unrelated,unrelated,secondary,unrelated,unrelated,secondary,unrelated,unrelated,unrelated
Paris_1516,unrelated,unrelated,unrelated,unrelated,unrelated,unrelated,unrelated,unrelated,unrelated,unrelated,unrelated,unrelated,unrelated,unrelated,unrelated,unrelated,primary,unrelated,unrelated,unrelated
Paris_1516a,unrelated,unrelated,unrelated,unrelated,unrelated,unrelated,unrelated,unrelated,unrelated,unrelated,primary,unrelated,unrelated,primary,unrelated,unrelated,primary,unrelated,unrelated,unrelated
Paris_1521,unrelated,unrelated,unrelated,unrelated,unknown,unrelated,unrelated,unrelated,unrelated,unrelated,primary,unrelated,unrelated,secondary,unrelated,unrelated,unrelated,unrelated,unrelated,unrelated
Paris_1527,unrelated,unrelated,unrelated,unrelated,unrelated,unrelated,unrelated,unrelated,unrelated,unrelated,primary,unrelated,unrelated,secondary,unrelated,unrelated,unrelated,unrelated,unrelated,unrelated
Paris_1534a,unrelated,unrelated,unrelated,unrelated,unrelated,unrelated,unrelated,unrelated,unrelated,unrelated,unrelated,unrelated,unrelated,unrelated,unrelated,unrelated,unrelated,unrelated,unrelated,unrelated
Paris_1536,unrelated,unrelated,unrelated,unrelated,unrelated,unrelated,unrelated,unrelated,unrelated,unrelated,unrelated,unrelated,unrelated,unrelated,unrelated,unrelated,unrelated,unrelated,unrelated,unrelated
Paris_1538,unrelated,unrelated,unrelated,unrelated,unknown,unrelated,unrelated,unrelated,unrelated,unrelated,primary,unknown,unrelated,secondary,unrelated,unrelated,unknown,unrelated,unrelated,unknown
Paris_1545,unrelated,unrelated,unrelated,unrelated,unrelated,unrelated,unrelated,unrelated,unrelated,unrelated,unrelated,unrelated,unrelated,unrelated,unrelated,unrelated,primary,unrelated,unrelated,unrelated
Paris_1549,unrelated,unrelated,unrelated,unrelated,unrelated,unrelated,unrelated,unrelated,unrelated,unrelated,unrelated,unrelated,unrelated,unrelated,unrelated,unrelated,unrelated,unrelated,unrelated,unrelated
Paris_1551a,unrelated,unrelated,unrelated,unrelated,unrelated,unrelated,unrelated,unrelated,unrelated,unrelated,unrelated,unrelated,unrelated,unrelated,unrelated,unrelated,unrelated,unrelated,unrelated,unrelated
Paris_1552,unrelated,unrelated,unrelated,unrelated,unrelated,unrelated,unrelated,unrelated,unrelated,unrelated,unrelated,unrelated,unrelated,unrelated,unrelated,unrelated,primary,unrelated,unrelated,unrelated
Paris_1557,unrelated,unrelated,unrelated,unrelated,unrelated,unrelated,unrelated,unrelated,unrelated,unrelated,unrelated,unrelated,unrelated,unrelated,unrelated,unrelated,primary,unrelated,unrelated,unrelated
Paris_1557a,unrelated,unrelated,unrelated,unrelated,unrelated,unrelated,primary,unrelated,unrelated,unrelated,unrelated,unrelated,unrelated,unrelated,unrelated,unrelated,primary,unrelated,unrelated,unrelated
Paris_1557b,unrelated,unrelated,unrelated,unrelated,unrelated,unrelated,unrelated,unrelated,unrelated,unrelated,unrelated,unrelated,unrelated,unrelated,unrelated,unrelated,primary,unrelated,primary,unrelated
Paris_1558,unrelated,unrelated,unrelated,unrelated,unrelated,unrelated,unrelated,unrelated,unrelated,unrelated,unrelated,unrelated,unrelated,unrelated,unrelated,unrelated,primary,unrelated,unrelated,unrelated
Paris_1564,unrelated,unrelated,unrelated,unrelated,unrelated,unrelated,unrelated,unrelated,unrelated,unrelated,unrelated,unrelated,unrelated,unrelated,unrelated,unrelated,unrelated,unrelated,unrelated,unrelated
Paris_1565,unrelated,unrelated,unrelated,unrelated,unrelated,unrelated,unrelated,unrelated,unrelated,unrelated,unrelated,unrelated,unrelated,unrelated,unrelated,unrelated,primary,unrelated,unrelated,unrelated
Paris_1566,unrelated,unrelated,unrelated,unrelated,unrelated,unrelated,unrelated,unrelated,unrelated,unrelated,unrelated,unrelated,unrelated,unrelated,unrelated,unrelated,primary,unrelated,unrelated,unrelated
Paris_1566a,unrelated,unrelated,unrelated,unrelated,unrelated,unrelated,unrelated,unrelated,unrelated,unrelated,unrelated,unrelated,unrelated,unrelated,unrelated,unrelated,unrelated,unrelated,unrelated,unrelated
Paris_1566b,unrelated,unrelated,unrelated,unrelated,unrelated,unrelated,unrelated,unrelated,unrelated,unrelated,unrelated,unrelated,unrelated,unrelated,unrelated,unrelated,primary,unrelated,primary,unrelated
Paris_1573,unrelated,unrelated,unrelated,unrelated,unrelated,unrelated,unrelated,unrelated,unrelated,unrelated,unrelated,unrelated,unrelated,unrelated,unrelated,unrelated,primary,unrelated,unrelated,unrelated
Paris_1578,unrelated,unrelated,unrelated,unrelated,unrelated,unrelated,unrelated,unrelated,unrelated,unrelated,unrelated,unrelated,unrelated,unrelated,unrelated,unrelated,primary,unrelated,unrelated,unrelated
Paris_1598a,unrelated,unrelated,unrelated,unrelated,unrelated,unrelated,unrelated,unrelated,unrelated,unrelated,unrelated,unrelated,unrelated,unrelated,unrelated,unrelated,primary,unrelated,unrelated,unrelated
Paris_1604,unrelated,unrelated,unrelated,unrelated,unrelated,unrelated,secondary,unrelated,unrelated,unrelated,unrelated,unrelated,unrelated,unrelated,unrelated,unrelated,primary,unrelated,unrelated,unrelated
Paris_1605,unrelated,unrelated,unrelated,unrelated,unrelated,unrelated,unrelated,unrelated,unrelated,unrelated,unrelated,unrelated,unrelated,unrelated,unrelated,unrelated,unknown,unrelated,unrelated,unrelated
Paris_1609,unrelated,unrelated,unrelated,unrelated,unrelated,unrelated,unrelated,unrelated,unrelated,unrelated,unrelated,unrelated,unrelated,unrelated,unrelated,unrelated,primary,unrelated,unrelated,unrelated
Paris_1610,unrelated,unrelated,unrelated,unrelated,unrelated,unrelated,unrelated,unrelated,unrelated,unrelated,unrelated,unrelated,unrelated,unrelated,unrelated,unrelated,primary,unrelated,unrelated,unrelated
Paris_1612,unrelated,unrelated,unrelated,unrelated,unrelated,unrelated,unrelated,unrelated,unrelated,unrelated,unrelated,unrelated,unrelated,unrelated,unrelated,unrelated,primary,unrelated,unrelated,unrelated
Paris_1615,unrelated,unrelated,unrelated,unrelated,unrelated,unrelated,unrelated,unrelated,unrelated,unrelated,unrelated,unrelated,unrelated,unrelated,unrelated,unrelated,primary,unrelated,unrelated,unrelated
Paris_1622,unrelated,unrelated,unrelated,unrelated,unrelated,unrelated,unrelated,unrelated,unrelated,unrelated,unrelated,unrelated,unrelated,unrelated,unrelated,unrelated,primary,unrelated,unrelated,unrelated
Paris_1623,unrelated,unrelated,unrelated,unrelated,unrelated,unrelated,unrelated,unrelated,unrelated,unrelated,unrelated,unrelated,unrelated,unrelated,unrelated,unrelated,primary,unrelated,unrelated,unrelated
Paris_1624,unrelated,unrelated,primary,unrelated,unrelated,unrelated,unrelated,unrelated,unrelated,unrelated,unrelated,unrelated,unrelated,unrelated,unrelated,unrelated,unrelated,unrelated,unrelated,unrelated
Paris_1625,unrelated,unrelated,unrelated,unrelated,unrelated,unrelated,unrelated,unrelated,unrelated,unrelated,unrelated,unrelated,unrelated,unrelated,unrelated,unrelated,primary,unrelated,unrelated,unrelated
Paris_1626,unrelated,unrelated,primary,unrelated,unrelated,unrelated,unrelated,unrelated,unrelated,unrelated,unrelated,unrelated,unrelated,unrelated,unrelated,unrelated,secondary,unrelated,unrelated,unrelated
Paris_1626a,unrelated,unrelated,unrelated,unrelated,unrelated,unrelated,unrelated,unrelated,unrelated,unrelated,unrelated,unrelated,unrelated,unrelated,unrelated,unrelated,primary,unrelated,unrelated,unrelated
Paris_1626b,unrelated,unrelated,unrelated,unrelated,unrelated,unrelated,unrelated,unrelated,unrelated,unrelated,primary,unrelated,unrelated,unrelated,unrelated,unrelated,primary,unrelated,unrelated,unknown
Paris_1629,unrelated,unrelated,unrelated,unrelated,unrelated,unrelated,unrelated,unrelated,unrelated,unrelated,unrelated,unrelated,unrelated,unrelated,unrelated,unrelated,unrelated,unrelated,unrelated,unrelated
Paris_1630,unrelated,unrelated,unrelated,unrelated,unrelated,unrelated,unrelated,unrelated,unrelated,unrelated,unrelated,unrelated,unrelated,unrelated,unrelated,unrelated,primary,unrelated,unrelated,unrelated
Paris_1632,unrelated,unrelated,unrelated,unrelated,unrelated,unrelated,unrelated,unrelated,unrelated,unrelated,unrelated,unrelated,unrelated,unrelated,unrelated,unrelated,unrelated,unrelated,unrelated,unrelated
Paris_1632a,unrelated,unrelated,unrelated,unrelated,unrelated,unrelated,unrelated,unrelated,unrelated,unrelated,unrelated,unrelated,unrelated,unrelated,unrelated,unrelated,unrelated,unrelated,unrelated,unrelated
Paris_1634,unrelated,unrelated,unrelated,unrelated,unrelated,unrelated,unrelated,unrelated,unrelated,unrelated,unrelated,unrelated,unrelated,unrelated,unrelated,unrelated,unrelated,unrelated,unrelated,unrelated
Paris_1639,unrelated,unrelated,unrelated,unrelated,unrelated,unrelated,unrelated,unrelated,unrelated,unrelated,unrelated,unrelated,unrelated,unrelated,unrelated,unrelated,unrelated,unrelated,unrelated,unrelated
Paris_1640,unrelated,unrelated,unrelated,unrelated,unrelated,unrelated,unrelated,unrelated,unrelated,unrelated,unrelated,unrelated,unrelated,unrelated,unrelated,unrelated,primary,unrelated,unrelated,unrelated
Paris_1643,unrelated,unrelated,unrelated,unrelated,unrelated,unrelated,unrelated,unrelated,unrelated,unrelated,unrelated,unrelated,unrelated,unrelated,unrelated,unrelated,primary,unrelated,unrelated,unrelated
Paris_1643b,unrelated,unrelated,unrelated,unrelated,unrelated,unrelated,unrelated,unrelated,unrelated,unrelated,unrelated,unrelated,unrelated,unrelated,unrelated,unrelated,unrelated,unrelated,unrelated,unrelated
Paris_1644,unrelated,unrelated,unrelated,unrelated,unrelated,unrelated,unrelated,unrelated,unrelated,unrelated,unrelated,unrelated,unrelated,unrelated,unrelated,unrelated,primary,unrelated,unrelated,unrelated
Paris_1644b,unrelated,unrelated,unrelated,unrelated,unrelated,unrelated,unrelated,unrelated,unrelated,unrelated,unrelated,unrelated,unrelated,unrelated,unrelated,unrelated,unrelated,unrelated,unrelated,unrelated
Paris_1644c,unrelated,unrelated,unrelated,unrelated,unrelated,unrelated,unrelated,unrelated,unrelated,unrelated,primary,unrelated,unrelated,unrelated,unrelated,unrelated,primary,unrelated,unrelated,unrelated
Paris_1652,unrelated,unrelated,primary,unrelated,unrelated,unrelated,unrelated,unrelated,unrelated,unrelated,unrelated,unrelated,unrelated,unrelated,unrelated,unrelated,secondary,unrelated,unrelated,unrelated
Paris_1654,unrelated,unrelated,unrelated,unrelated,unrelated,unrelated,unrelated,unrelated,unrelated,unrelated,unrelated,unrelated,unrelated,unrelated,unrelated,unrelated,primary,unrelated,unrelated,unrelated
Paris_1654a,unrelated,unrelated,unrelated,unrelated,unrelated,unrelated,unrelated,unrelated,unrelated,unrelated,unrelated,unrelated,unrelated,unrelated,unrelated,unrelated,unrelated,unrelated,unrelated,unrelated
Paris_1661,unrelated,unrelated,secondary,unrelated,primary,secondary,unrelated,unrelated,unrelated,unrelated,unrelated,unrelated,unknown,unrelated,secondary,unrelated,unrelated,unrelated,unrelated,secondary
Paris_1667,unrelated,unrelated,unrelated,unrelated,unrelated,unrelated,unrelated,unrelated,unrelated,unrelated,unrelated,unrelated,unrelated,unrelated,unrelated,unrelated,primary,unrelated,unrelated,unrelated
Paris_1675,unrelated,unrelated,unrelated,unrelated,unrelated,unrelated,unrelated,unrelated,unrelated,unrelated,unrelated,unrelated,unrelated,unrelated,unrelated,unrelated,unrelated,unrelated,unrelated,unrelated
Paris_1677a,unrelated,unrelated,unrelated,unrelated,unrelated,unrelated,unrelated,unrelated,unrelated,unrelated,unrelated,unrelated,unrelated,unrelated,unrelated,unrelated,primary,unrelated,unrelated,unrelated
Paris_1682,unrelated,unrelated,unrelated,unrelated,unrelated,unrelated,unrelated,unrelated,unrelated,unrelated,unrelated,unrelated,unrelated,unrelated,unrelated,unrelated,unrelated,unrelated,unrelated,unrelated
Paris_1682a,unrelated,unrelated,unrelated,unrelated,unrelated,unrelated,unrelated,unrelated,unrelated,unrelated,unrelated,unrelated,unrelated,unrelated,unrelated,unrelated,unrelated,unrelated,unrelated,unrelated
Paris_1683,unrelated,unrelated,unrelated,unrelated,unrelated,unrelated,unrelated,unrelated,unrelated,unrelated,unrelated,unrelated,unrelated,unrelated,unrelated,unrelated,primary,unrelated,unrelated,unrelated
Paris_1685,unrelated,unrelated,unrelated,unrelated,unrelated,unrelated,unrelated,unrelated,unrelated,unrelated,unrelated,unrelated,unrelated,unrelated,unrelated,unrelated,unrelated,unrelated,unrelated,unrelated
Paris_1689,primary,unrelated,unrelated,unrelated,unrelated,unrelated,unrelated,unrelated,unrelated,unrelated,unrelated,unrelated,unrelated,unrelated,unrelated,unrelated,primary,unrelated,unrelated,unrelated
Paris_1690,unrelated,unrelated,unrelated,unrelated,unrelated,unrelated,unrelated,unrelated,unrelated,unrelated,unrelated,unrelated,unrelated,unrelated,unrelated,unrelated,unrelated,unrelated,unrelated,unrelated
Paris_1693,unrelated,unrelated,unrelated,unrelated,unrelated,unrelated,unrelated,unrelated,unrelated,unrelated,unrelated,unrelated,unrelated,unrelated,unrelated,unrelated,primary,unrelated,unrelated,unrelated
Paris_1695,unrelated,unrelated,unrelated,unrelated,unknown,unrelated,unrelated,unrelated,unrelated,unrelated,unrelated,unrelated,unrelated,unrelated,unrelated,unrelated,primary,unrelated,unrelated,unrelated
Paris_1697,unknown,unrelated,unknown,unrelated,unrelated,unrelated,unrelated,unrelated,unrelated,unrelated,unrelated,unrelated,unrelated,unrelated,unrelated,unrelated,primary,unknown,unrelated,unrelated
Paris_1739,unrelated,unrelated,unrelated,unrelated,primary,primary,unrelated,unrelated,unrelated,unrelated,unrelated,unrelated,unrelated,unrelated,unrelated,unrelated,primary,unrelated,unrelated,primary
Paris_1794,unrelated,unrelated,unrelated,unrelated,unrelated,unrelated,unrelated,unrelated,unrelated,unrelated,unrelated,unrelated,unrelated,unrelated,unrelated,unrelated,unknown,unrelated,unrelated,unrelated
Paris_1814,unrelated,unrelated,unrelated,unrelated,unrelated,unrelated,unrelated,unrelated,unrelated,unrelated,unrelated,unrelated,unrelated,unrelated,unrelated,unrelated,primary,unrelated,unrelated,unrelated
Pesaro_1572,unrelated,unrelated,unrelated,unrelated,unrelated,unrelated,unrelated,unrelated,unrelated,unrelated,unrelated,unrelated,unrelated,unrelated,unrelated,unrelated,primary,unrelated,unrelated,unrelated
Pesaro_1619,unrelated,unrelated,unrelated,unrelated,unrelated,unrelated,unrelated,unrelated,unrelated,unrelated,unrelated,unrelated,unrelated,unrelated,unrelated,unrelated,primary,unrelated,unrelated,unrelated
Pisa_1658,unrelated,unrelated,unrelated,unrelated,unrelated,unrelated,unrelated,unrelated,unrelated,unrelated,unrelated,unrelated,unrelated,unrelated,unrelated,unrelated,primary,unrelated,unrelated,unrelated
QR4DDA,unrelated,unrelated,unrelated,unrelated,unrelated,unrelated,unrelated,unrelated,unrelated,unrelated,unrelated,unrelated,unrelated,unrelated,unrelated,unrelated,unrelated,unrelated,unrelated,unrelated
QX7XH4,unrelated,unrelated,unrelated,unrelated,unrelated,unrelated,unrelated,unrelated,unrelated,unrelated,unrelated,unrelated,unrelated,unrelated,unrelated,unrelated,primary,unrelated,unrelated,unrelated
RSEIPO,unrelated,unrelated,unrelated,unrelated,unrelated,unrelated,unrelated,unrelated,unrelated,unrelated,unrelated,unrelated,unrelated,unrelated,unrelated,unrelated,primary,unrelated,unrelated,unrelated
Rome_1545,unrelated,unrelated,unrelated,unrelated,unrelated,unrelated,unrelated,unrelated,unrelated,unrelated,unrelated,unrelated,unrelated,unrelated,unrelated,unrelated,unrelated,unrelated,unrelated,unrelated
Rome_1545a,unrelated,unrelated,unrelated,unrelated,unrelated,unrelated,unrelated,unrelated,unrelated,unrelated,unrelated,unrelated,unrelated,unrelated,unrelated,unrelated,unrelated,unrelated,unrelated,unrelated
Rome_1574,unrelated,unrelated,unrelated,unrelated,unrelated,unrelated,unrelated,unrelated,unrelated,unrelated,unrelated,unrelated,unrelated,unrelated,unrelated,unrelated,primary,unrelated,unrelated,unrelated
Rome_1591,unrelated,unrelated,unrelated,unrelated,unrelated,unrelated,unrelated,unrelated,unrelated,unrelated,primary,unrelated,unrelated,unrelated,unrelated,unrelated,secondary,unrelated,unrelated,unrelated
Rome_1593,unrelated,unrelated,unrelated,unrelated,unrelated,unrelated,unrelated,unrelated,unrelated,unrelated,unrelated,unrelated,unrelated,unrelated,unrelated,unrelated,unrelated,unrelated,unknown,unrelated
Rome_1594,unrelated,unrelated,unrelated,unrelated,unrelated,unrelated,unrelated,unrelated,unrelated,unrelated,unrelated,unrelated,unrelated,unrelated,unrelated,unrelated,unrelated,unrelated,unrelated,unrelated
Rome_1603,unrelated,unrelated,unrelated,unrelated,unrelated,unrelated,unrelated,unrelated,unrelated,unrelated,unrelated,unrelated,unrelated,unrelated,unrelated,unrelated,primary,unrelated,unrelated,unrelated
Rome_1609,unrelated,unrelated,unrelated,unrelated,unrelated,unrelated,unrelated,unrelated,unrelated,unrelated,primary,unrelated,unrelated,unrelated,unrelated,unrelated,primary,unrelated,unrelated,unrelated
Rome_1629,unrelated,unrelated,unrelated,unrelated,unrelated,unrelated,unrelated,unrelated,unrelated,unrelated,unrelated,unrelated,unrelated,unrelated,unrelated,unrelated,primary,unrelated,unrelated,unrelated
Rome_1655,unrelated,unrelated,unrelated,unrelated,unrelated,unrelated,unrelated,unrelated,unrelated,unrelated,unrelated,unrelated,unrelated,unrelated,unrelated,unrelated,primary,unrelated,unrelated,unrelated
Rome_1680,unrelated,unrelated,unrelated,unrelated,unrelated,unrelated,unrelated,unrelated,unrelated,unrelated,unrelated,unrelated,unrelated,unrelated,unrelated,unrelated,primary,unrelated,unrelated,unrelated
Rome_1695,primary,unrelated,unrelated,unrelated,unrelated,unrelated,unrelated,unrelated,unrelated,unrelated,unrelated,unrelated,unrelated,unrelated,unrelated,unrelated,primary,unrelated,unrelated,unrelated
Rotterdam_1632,unrelated,unrelated,unrelated,unrelated,secondary,unrelated,unrelated,unrelated,unrelated,unrelated,unrelated,unrelated,unrelated,unrelated,unrelated,unrelated,primary,unrelated,unrelated,unrelated
Rotterdam_1647,unrelated,unrelated,unrelated,unrelated,secondary,unrelated,unrelated,unrelated,unrelated,unrelated,unrelated,unrelated,unrelated,unrelated,unrelated,unrelated,unrelated,unrelated,unrelated,unrelated
Rotterdam_1661,unrelated,unrelated,unrelated,unrelated,secondary,unrelated,unrelated,unrelated,unrelated,unrelated,unrelated,unrelated,unrelated,unrelated,unrelated,unrelated,primary,unrelated,unrelated,unrelated
Rotterdam_1681,unrelated,unrelated,unrelated,unrelated,secondary,unrelated,unrelated,unrelated,unrelated,unrelated,unrelated,unrelated,unrelated,unrelated,unrelated,unrelated,primary,unrelated,unrelated,unrelated
Rouen_1649,unrelated,unrelated,unrelated,unrelated,unrelated,unrelated,unrelated,unrelated,unrelated,unrelated,unrelated,unrelated,unrelated,unrelated,unrelated,unrelated,primary,unrelated,unrelated,unrelated
Rouen_1676,unrelated,unrelated,unrelated,unrelated,unrelated,unrelated,unrelated,unrelated,unrelated,unrelated,unrelated,unrelated,unrelated,unrelated,unrelated,unrelated,unknown,unrelated,unrelated,unrelated
Rouen_and_Paris_1677,unrelated,unrelated,unrelated,unrelated,unrelated,unrelated,unrelated,unrelated,unrelated,unrelated,unrelated,unrelated,unrelated,unrelated,unrelated,unrelated,primary,unrelated,unrelated,unrelated
Rouen_and_Paris_1683,unrelated,unrelated,unrelated,unrelated,unrelated,unrelated,unrelated,unrelated,unrelated,unrelated,unrelated,unrelated,unrelated,unrelated,unrelated,unrelated,unrelated,unrelated,unrelated,unrelated
Rouen_and_Paris_1685,unrelated,unrelated,unrelated,unrelated,unrelated,unrelated,unrelated,unrelated,unrelated,unrelated,unrelated,unrelated,unrelated,unrelated,unrelated,unrelated,primary,unrelated,unrelated,unrelated
Seville_1576,unrelated,unrelated,unrelated,unrelated,unrelated,unrelated,unrelated,unrelated,unrelated,unrelated,unrelated,unrelated,unrelated,unrelated,unrelated,unrelated,primary,unrelated,unrelated,unrelated
Siena_1691,unrelated,unrelated,unrelated,unrelated,unrelated,unrelated,unrelated,unrelated,unrelated,unrelated,unrelated,unrelated,unrelated,unrelated,unrelated,unrelated,unrelated,unrelated,unrelated,unrelated
Strasbourg_1538,unrelated,unrelated,unrelated,unrelated,unrelated,unrelated,unrelated,unrelated,unrelated,unrelated,unrelated,unrelated,unrelated,unrelated,unrelated,unrelated,primary,unrelated,unrelated,unrelated
Strasbourg_1557,unrelated,unrelated,unrelated,unrelated,unrelated,unrelated,unrelated,unrelated,unrelated,unrelated,unrelated,unrelated,unrelated,unrelated,unrelated,unrelated,primary,unrelated,unrelated,unrelated
Strasbourg_1559,unrelated,unrelated,unrelated,unrelated,unrelated,unrelated,unrelated,unrelated,unrelated,unrelated,unrelated,unrelated,unrelated,unrelated,unrelated,unrelated,primary,unrelated,unrelated,unrelated
Strasbourg_1564,unrelated,unrelated,unrelated,unrelated,unrelated,unrelated,unrelated,unrelated,unrelated,unrelated,unrelated,unrelated,unrelated,unrelated,unrelated,unrelated,primary,unrelated,unrelated,unrelated
Strasbourg_1564a,primary,unrelated,unrelated,unrelated,unrelated,unrelated,unrelated,unrelated,unrelated,unrelated,unrelated,unrelated,unrelated,unrelated,unrelated,unrelated,primary,unrelated,unrelated,unrelated
Strasbourg_1564b,unrelated,unrelated,unrelated,unrelated,unrelated,unrelated,unrelated,unrelated,unrelated,unrelated,unrelated,unrelated,unrelated,unrelated,unrelated,unrelated,primary,unrelated,unrelated,unrelated
Strasbourg_1566,unrelated,unrelated,unrelated,unrelated,unrelated,unrelated,unrelated,unrelated,unrelated,unrelated,unrelated,unrelated,unrelated,unrelated,unrelated,unrelated,unrelated,unrelated,unrelated,unrelated
Strasbourg_1570,unrelated,unrelated,unrelated,unrelated,unrelated,unrelated,unrelated,unrelated,unrelated,unrelated,unrelated,unrelated,unrelated,unrelated,unrelated,unrelated,primary,unrelated,unrelated,unrelated
Strasbourg_1570a,unrelated,unrelated,unrelated,unrelated,unrelated,unrelated,unrelated,unrelated,unrelated,unrelated,unrelated,unrelated,unrelated,unrelated,unrelated,unrelated,primary,unrelated,primary,unrelated
Strasbourg_1571,unrelated,unrelated,unrelated,unrelated,unrelated,unrelated,unrelated,unrelated,unrelated,unrelated,unrelated,unrelated,unrelated,unrelated,unrelated,unrelated,unrelated,unrelated,unrelated,unrelated
Strasbourg_1571a,unrelated,unrelated,unrelated,unrelated,unrelated,unrelated,unrelated,unrelated,unrelated,unrelated,secondary,unrelated,unrelated,unrelated,unrelated,unrelated,primary,unrelated,secondary,unrelated
Strasbourg_1572,unrelated,unrelated,unrelated,unrelated,unrelated,unrelated,unrelated,unrelated,unrelated,unrelated,unknown,unrelated,unrelated,unrelated,unrelated,unrelated,primary,unrelated,unrelated,unknown
Strasbourg_1599,unrelated,unrelated,unrelated,unrelated,unrelated,unrelated,unrelated,unrelated,unrelated,unrelated,unrelated,unrelated,unrelated,unrelated,unrelated,unrelated,primary,unrelated,unrelated,unrelated
Strasbourg_1625,primary,unrelated,unrelated,unrelated,unrelated,unrelated,unrelated,unrelated,unrelated,unrelated,primary,unrelated,primary,unrelated,unrelated,unrelated,unrelated,unrelated,unrelated,unrelated
T4DFPF,unrelated,unrelated,unrelated,unrelated,unrelated,unrelated,unrelated,unrelated,unrelated,unrelated,secondary,unrelated,unrelated,unrelated,unrelated,unrelated,primary,unrelated,unrelated,unrelated
TDJC06,unrelated,unrelated,unrelated,unrelated,unrelated,unrelated,unrelated,unrelated,unrelated,unrelated,unrelated,unrelated,unrelated,unrelated,unrelated,unrelated,unrelated,unrelated,unrelated,unrelated
TTORPR,unrelated,unrelated,unrelated,unrelated,unrelated,unrelated,unrelated,unrelated,unrelated,unrelated,unrelated,unrelated,unrelated,unrelated,unrelated,unrelated,primary,unrelated,unrelated,unrelated
The_Hague_1690,unrelated,unrelated,unrelated,unrelated,unrelated,unrelated,unrelated,unrelated,unrelated,unrelated,unrelated,unrelated,unrelated,unrelated,unrelated,unrelated,primary,unrelated,unrelated,unrelated
The_Hague_1758,unrelated,unrelated,unrelated,unrelated,unrelated,unrelated,unrelated,unrelated,unrelated,unrelated,unrelated,unrelated,unrelated,unrelated,unrelated,unrelated,unrelated,unrelated,unrelated,unrelated
Turin_1671,unrelated,unrelated,unrelated,unrelated,unrelated,unrelated,unrelated,unrelated,unrelated,unrelated,unrelated,unrelated,unrelated,unrelated,unrelated,unrelated,primary,unrelated,unrelated,unrelated
UOH868,unrelated,unrelated,unrelated,unrelated,unrelated,unrelated,primary,unrelated,unrelated,unrelated,unrelated,unrelated,unrelated,unrelated,unrelated,unrelated,unrelated,unrelated,unrelated,unrelated
UQI2BV,unrelated,unrelated,unrelated,unrelated,unrelated,unrelated,unrelated,unrelated,unrelated,unrelated,unrelated,unrelated,unrelated,unrelated,unrelated,unrelated,unrelated,unrelated,unrelated,unrelated
UX662Y,unrelated,unrelated,unrelated,unrelated,unrelated,unrelated,primary,unrelated,secondary,unrelated,unrelated,unrelated,unrelated,unrelated,unrelated,unrelated,unrelated,unrelated,unrelated,unrelated
Uppsala_1642,unrelated,unrelated,unrelated,unrelated,unrelated,unrelated,unrelated,unrelated,unrelated,unrelated,unrelated,unrelated,unrelated,unrelated,unrelated,unrelated,unrelated,unrelated,unrelated,unrelated
Uppsala_1741,unrelated,unrelated,unrelated,unrelated,unrelated,unrelated,unrelated,unrelated,unrelated,unrelated,unrelated,unrelated,unrelated,unrelated,unrelated,unrelated,unrelated,unrelated,unrelated,unrelated
Uppsala_1744,unrelated,unrelated,unrelated,unrelated,unrelated,unrelated,unrelated,unrelated,unrelated,unrelated,unrelated,unrelated,unrelated,unrelated,unrelated,unrelated,unrelated,unrelated,unrelated,unrelated
Urbino_1575,unrelated,unrelated,unrelated,unrelated,unrelated,unrelated,unrelated,unrelated,unrelated,unrelated,unrelated,unrelated,unrelated,unrelated,unrelated,unrelated,primary,unrelated,unrelated,unrelated
Utrecht_n.d,unrelated,unrelated,unrelated,unrelated,unrelated,unrelated,unrelated,unrelated,unrelated,unrelated,unrelated,unrelated,unrelated,unrelated,unrelated,unrelated,primary,unrelated,unrelated,unrelated
V3JZK3,unrelated,unrelated,unrelated,unrelated,unrelated,unrelated,unrelated,unrelated,unrelated,unrelated,unrelated,unrelated,unrelated,unrelated,unrelated,unrelated,unrelated,unrelated,unrelated,unrelated
VQDBOK,unrelated,unrelated,unrelated,unrelated,unknown,unrelated,unrelated,unrelated,unrelated,unrelated,unrelated,unrelated,unrelated,unrelated,unrelated,primary,unknown,unrelated,unrelated,unrelated
VRHOHN,unrelated,unrelated,unrelated,secondary,unrelated,unrelated,unrelated,unrelated,primary,unrelated,unrelated,unrelated,unrelated,unrelated,unrelated,unrelated,unrelated,unrelated,unrelated,unrelated
VT5JVX,unrelated,unrelated,unrelated,unrelated,unrelated,unrelated,primary,unrelated,unrelated,unrelated,unrelated,unrelated,unrelated,unrelated,unrelated,unrelated,unrelated,unrelated,unrelated,unrelated
Valencia_1673,unrelated,unrelated,unrelated,unrelated,unrelated,unrelated,unrelated,unrelated,unrelated,unrelated,unrelated,unrelated,unrelated,unrelated,unrelated,unrelated,unrelated,unrelated,unrelated,unrelated
Venice_1482,unrelated,unrelated,unrelated,unrelated,unrelated,unrelated,unrelated,unrelated,unrelated,unrelated,unrelated,unrelated,unrelated,unrelated,unrelated,unrelated,unrelated,unrelated,unrelated,unrelated
Venice_1491,unrelated,unrelated,unrelated,unrelated,unrelated,unrelated,unrelated,unrelated,unrelated,unrelated,unrelated,unrelated,unrelated,unrelated,unrelated,unrelated,primary,unrelated,unrelated,unrelated
Venice_1498,unrelated,unrelated,unrelated,unrelated,unrelated,unrelated,unrelated,unrelated,unrelated,unrelated,unrelated,unrelated,unrelated,unrelated,unrelated,unrelated,primary,unrelated,unrelated,unrelated
Venice_1498a,unrelated,unrelated,unrelated,unrelated,unrelated,unrelated,unrelated,unrelated,unrelated,unrelated,secondary,unrelated,unrelated,unknown,unknown,unrelated,primary,unrelated,secondary,unrelated
Venice_1505,unrelated,unrelated,unrelated,unrelated,secondary,unrelated,unrelated,unrelated,unrelated,unrelated,primary,unrelated,unrelated,unrelated,unrelated,unrelated,primary,unrelated,unrelated,unrelated
Venice_1509,unrelated,unrelated,unrelated,unrelated,unrelated,unrelated,unrelated,unrelated,unrelated,unrelated,unrelated,unrelated,unrelated,unrelated,unrelated,unrelated,primary,unrelated,unrelated,unrelated
Venice_1543,unrelated,unrelated,unrelated,unrelated,unrelated,unrelated,unrelated,unrelated,unrelated,unrelated,unrelated,unrelated,unrelated,unrelated,unrelated,unrelated,unrelated,unrelated,unrelated,unrelated
Venice_1569,unrelated,unrelated,unrelated,unrelated,unrelated,unrelated,unrelated,unrelated,unrelated,unrelated,unrelated,unrelated,unrelated,unrelated,unrelated,secondary,unrelated,unrelated,unrelated,unrelated
Venice_1575,unrelated,unrelated,unrelated,unrelated,unrelated,unrelated,unrelated,unrelated,unrelated,unrelated,unrelated,unrelated,unrelated,unrelated,unrelated,unrelated,primary,unrelated,unrelated,unrelated
Venice_1603,unrelated,unrelated,unrelated,unrelated,unrelated,unrelated,unrelated,unrelated,unrelated,unrelated,unrelated,unrelated,unrelated,unrelated,unrelated,unrelated,primary,unrelated,unknown,unrelated
Venice_1641,unrelated,unrelated,unrelated,unrelated,unrelated,unrelated,unrelated,unrelated,unrelated,unrelated,unrelated,unrelated,unrelated,unrelated,unrelated,unrelated,unrelated,unrelated,unrelated,unrelated
Venice_1647,unrelated,unrelated,unrelated,unrelated,unrelated,unrelated,unrelated,unrelated,unrelated,unrelated,unrelated,unrelated,unrelated,unrelated,unrelated,unrelated,primary,unrelated,unrelated,unrelated
Vicenza_1491,unrelated,unrelated,unrelated,unrelated,unrelated,unrelated,unrelated,unrelated,unrelated,unrelated,unrelated,unrelated,unrelated,unrelated,unrelated,unrelated,unrelated,unrelated,unrelated,unrelated
Vienna_1694,unrelated,unrelated,unrelated,unrelated,primary,unrelated,unrelated,unrelated,unrelated,unrelated,unrelated,unrelated,unrelated,unrelated,unrelated,unrelated,primary,unrelated,unrelated,unrelated
WNYVAP,unrelated,unrelated,unrelated,unrelated,unrelated,unrelated,unrelated,unrelated,unrelated,unrelated,unrelated,unrelated,unrelated,unrelated,unrelated,unrelated,unrelated,unrelated,unrelated,primary
WOQG2Q,unrelated,unrelated,primary,unrelated,unknown,unknown,unrelated,unrelated,primary,unrelated,unrelated,unrelated,unrelated,unrelated,unrelated,unrelated,unrelated,unrelated,unrelated,unknown
WWE4ON,primary,unrelated,unrelated,unrelated,unrelated,unrelated,unrelated,unrelated,unrelated,unrelated,unrelated,unrelated,unrelated,unrelated,unrelated,unrelated,primary,unrelated,unrelated,unrelated
Wittenberg_1564,primary,unrelated,unrelated,unrelated,unrelated,unrelated,unrelated,unrelated,unrelated,unrelated,unrelated,unrelated,unrelated,unrelated,unrelated,unrelated,unrelated,unrelated,unrelated,unrelated
Wittenberg_1609,unrelated,unrelated,unrelated,unrelated,unrelated,unrelated,unrelated,unrelated,unrelated,unrelated,unrelated,unrelated,unrelated,unrelated,unrelated,unrelated,primary,unrelated,unrelated,unrelated
Wittenberg_1661,unrelated,unrelated,unrelated,unrelated,unrelated,unrelated,unrelated,unrelated,unrelated,unrelated,unrelated,unrelated,unrelated,unrelated,unrelated,unrelated,primary,unrelated,unrelated,unrelated
Würzburg_1661,unrelated,unrelated,unrelated,unrelated,unrelated,unrelated,unrelated,unrelated,unrelated,unrelated,unrelated,unrelated,unrelated,unrelated,unrelated,secondary,primary,unrelated,unrelated,unrelated
XAFNOE,unrelated,unrelated,unrelated,unrelated,unrelated,unrelated,unrelated,unrelated,unrelated,unrelated,unrelated,unrelated,unrelated,unrelated,unrelated,primary,unrelated,unrelated,unrelated,unrelated
XCQGKZ,unrelated,unrelated,primary,unrelated,unrelated,unrelated,primary,unrelated,primary,unrelated,unrelated,unrelated,unrelated,unrelated,unrelated,unrelated,unrelated,unrelated,unrelated,unrelated
XOIASP,unrelated,unrelated,unrelated,unrelated,secondary,unrelated,primary,unrelated,unrelated,unrelated,unrelated,unrelated,unrelated,unrelated,secondary,unrelated,unknown,unrelated,unrelated,unrelated
XP5WU4,primary,unknown,unrelated,unrelated,unrelated,unrelated,unrelated,unrelated,unrelated,unrelated,unrelated,unrelated,unrelated,unrelated,unrelated,unrelated,unrelated,unrelated,unrelated,unrelated
YB32U5,unrelated,unrelated,unrelated,unrelated,unrelated,unrelated,primary,unrelated,unrelated,unrelated,unrelated,unrelated,unrelated,unrelated,unrelated,unrelated,unrelated,unrelated,unrelated,unrelated
YBCWZV,unrelated,unrelated,unrelated,unrelated,unrelated,unrelated,unrelated,unrelated,unrelated,primary,unrelated,unrelated,unrelated,unknown,secondary,unrelated,unrelated,unrelated,unrelated,unrelated
YSF4K5,unrelated,unrelated,unrelated,unrelated,unrelated,unrelated,primary,unrelated,unrelated,unrelated,unrelated,unrelated,unrelated,unrelated,unrelated,unrelated,unrelated,unrelated,unrelated,unrelated
YUHFFF,primary,unrelated,unrelated,unrelated,unknown,unrelated,unrelated,unrelated,unrelated,unrelated,unrelated,unrelated,unrelated,unrelated,unrelated,unrelated,unknown,unrelated,primary,unrelated
Z26G13,unrelated,unrelated,unrelated,unrelated,unrelated,unrelated,primary,unrelated,unrelated,unrelated,unrelated,unrelated,unrelated,unrelated,unrelated,unrelated,unrelated,unrelated,unrelated,unrelated
ZNLALU,primary,unrelated,unrelated,unrelated,unrelated,unrelated,unrelated,unrelated,unrelated,unrelated,unrelated,unrelated,unrelated,unrelated,unrelated,unrelated,unrelated,unrelated,unrelated,unrelated
ZQA6JR,unrelated,unrelated,unrelated,unrelated,unrelated,unrelated,unrelated,unrelated,unrelated,unrelated,unrelated,unrelated,unrelated,unrelated,unrelated,unrelated,unrelated,unrelated,unrelated,unrelated
ZYVGSH,unrelated,unrelated,unrelated,unrelated,unrelated,unrelated,unrelated,unrelated,unrelated,unrelated,unrelated,unrelated,unrelated,unrelated,unrelated,unrelated,primary,unrelated,unrelated,unrelated
bib-100,unrelated,unrelated,unrelated,primary,primary,unrelated,unrelated,unrelated,unrelated,unrelated,unrelated,unrelated,unrelated,unrelated,unrelated,unrelated,unrelated,unrelated,unrelated,unrelated
bib-101,unrelated,unrelated,unrelated,unrelated,unrelated,unrelated,unrelated,unrelated,unrelated,unrelated,unrelated,unrelated,unrelated,unrelated,unrelated,unrelated,unknown,unrelated,unrelated,unrelated
bib-102,unrelated,unrelated,unrelated,unrelated,unrelated,unrelated,unrelated,unrelated,unrelated,unrelated,unrelated,unrelated,unrelated,unrelated,unrelated,unrelated,unrelated,unrelated,unrelated,unrelated
bib-103,unrelated,unrelated,unrelated,unrelated,primary,primary,unrelated,unrelated,unrelated,unrelated,unrelated,unrelated,unrelated,unrelated,primary,unrelated,unrelated,unrelated,unrelated,unrelated
bib-104,unrelated,unrelated,unrelated,unrelated,unrelated,unrelated,unrelated,unrelated,unrelated,unrelated,unrelated,unrelated,unrelated,unrelated,unrelated,unrelated,primary,unrelated,unrelated,unrelated
bib-106,unrelated,unrelated,unrelated,unrelated,unrelated,unrelated,unrelated,unrelated,unrelated,unrelated,primary,unrelated,primary,unrelated,unrelated,unrelated,unknown,secondary,unrelated,unrelated
bib-107,secondary,unrelated,unrelated,unrelated,unrelated,unrelated,unrelated,unrelated,unrelated,unrelated,primary,unrelated,primary,unrelated,unrelated,unrelated,unrelated,secondary,unrelated,unrelated
bib-108,unrelated,unrelated,unrelated,unrelated,unrelated,unrelated,unrelated,unrelated,unrelated,unrelated,primary,unrelated,primary,unrelated,unrelated,unrelated,unrelated,secondary,unrelated,unrelated
bib-110,unrelated,unrelated,unrelated,unrelated,primary,unrelated,unrelated,unrelated,unrelated,unrelated,unrelated,unrelated,unrelated,unrelated,unrelated,unrelated,unknown,unrelated,unrelated,unrelated
bib-111,unrelated,unrelated,unrelated,unrelated,primary,unknown,unrelated,unrelated,unrelated,unrelated,unrelated,unrelated,unrelated,unrelated,unrelated,unrelated,unrelated,unrelated,unrelated,unrelated
bib-112,unrelated,unrelated,unrelated,unrelated,primary,unknown,unrelated,unrelated,unrelated,unrelated,unrelated,unrelated,unrelated,unrelated,unrelated,unrelated,unrelated,unrelated,unrelated,unrelated
bib-113,unrelated,unrelated,unrelated,unrelated,unrelated,unrelated,unrelated,unrelated,unrelated,unrelated,unrelated,unrelated,unrelated,unrelated,unrelated,unrelated,primary,unrelated,unrelated,unrelated
bib-114,unrelated,unrelated,unrelated,unrelated,primary,unrelated,unrelated,unrelated,unrelated,unrelated,unrelated,unrelated,unrelated,unrelated,unrelated,unrelated,unrelated,unknown,unrelated,secondary
bib-115,primary,unrelated,secondary,unrelated,primary,secondary,unrelated,unrelated,unrelated,unknown,primary,primary,unrelated,secondary,secondary,unrelated,primary,primary,unrelated,primary
bib-116,unrelated,unrelated,unrelated,unrelated,primary,unknown,unrelated,unrelated,unrelated,unrelated,unrelated,unrelated,unrelated,unrelated,unrelated,unrelated,unrelated,unrelated,unrelated,unknown
bib-117,unrelated,unrelated,primary,unrelated,unknown,unrelated,primary,unrelated,primary,unrelated,unrelated,unrelated,unrelated,unrelated,unrelated,unrelated,unknown,unrelated,unrelated,unrelated
bib-119,primary,unrelated,primary,secondary,primary,primary,unrelated,unrelated,unrelated,unrelated,unrelated,unrelated,unrelated,unknown,secondary,unrelated,unrelated,unrelated,unrelated,unrelated
bib-12,unrelated,unrelated,primary,unrelated,unrelated,unrelated,primary,unrelated,primary,unrelated,unrelated,unrelated,unrelated,unrelated,unrelated,unrelated,unrelated,unrelated,unrelated,unrelated
bib-120,primary,unrelated,unrelated,unrelated,unrelated,unrelated,unrelated,unrelated,unrelated,unrelated,unrelated,unrelated,unrelated,unrelated,unrelated,unrelated,primary,unrelated,unrelated,unrelated
bib-121,unrelated,unrelated,unrelated,unrelated,unrelated,unrelated,unrelated,unrelated,unrelated,unrelated,unrelated,unrelated,unrelated,unrelated,unrelated,unrelated,unrelated,unrelated,unrelated,unrelated
bib-122,unrelated,unrelated,unrelated,unrelated,unrelated,unrelated,unrelated,unrelated,unrelated,unrelated,unrelated,unrelated,unrelated,unrelated,unrelated,unrelated,unrelated,unrelated,unrelated,unrelated
bib-124,unrelated,unrelated,unrelated,unrelated,primary,unrelated,unrelated,unrelated,unrelated,unrelated,unrelated,unrelated,unrelated,unrelated,unrelated,unrelated,unrelated,unrelated,unrelated,unrelated
bib-125,unrelated,unrelated,secondary,unrelated,primary,secondary,unrelated,unrelated,secondary,unrelated,unrelated,secondary,secondary,unrelated,unrelated,unrelated,unrelated,unrelated,unrelated,unknown
bib-126,unrelated,unrelated,secondary,unrelated,primary,secondary,unrelated,unrelated,secondary,unrelated,unknown,unknown,secondary,unrelated,unrelated,unrelated,unrelated,unrelated,unrelated,unknown
bib-129,primary,unrelated,unrelated,unrelated,unrelated,unrelated,unrelated,unrelated,unrelated,unrelated,unrelated,unrelated,unrelated,unrelated,unrelated,unrelated,unrelated,unrelated,unrelated,unrelated
bib-130,primary,unrelated,unrelated,unrelated,unknown,unrelated,unrelated,unrelated,unrelated,unrelated,unrelated,unrelated,unrelated,unrelated,unrelated,unrelated,unknown,unrelated,unrelated,unrelated
bib-132,unrelated,unrelated,unrelated,unrelated,unknown,primary,unrelated,unrelated,unrelated,unrelated,unrelated,unrelated,unrelated,unrelated,unknown,unrelated,unrelated,unrelated,unrelated,unrelated
bib-133,primary,unrelated,unrelated,unrelated,primary,primary,unrelated,unrelated,unrelated,unrelated,unrelated,unrelated,unrelated,unrelated,unrelated,unrelated,unrelated,unrelated,unrelated,unrelated
bib-134,unrelated,unrelated,unrelated,unrelated,primary,unrelated,unrelated,unrelated,unrelated,unrelated,unrelated,unrelated,unrelated,unrelated,unknown,unrelated,unrelated,unrelated,unrelated,unrelated
bib-135,unrelated,unrelated,unrelated,unrelated,primary,primary,unrelated,unrelated,unrelated,unrelated,unrelated,unrelated,unrelated,unknown,secondary,unrelated,unrelated,unrelated,unrelated,unknown
bib-136,unrelated,unrelated,unrelated,unrelated,unrelated,unrelated,unrelated,unrelated,unrelated,unrelated,unrelated,unrelated,unrelated,unrelated,unrelated,unrelated,unrelated,unrelated,unrelated,unrelated
bib-137,primary,unrelated,primary,unrelated,unrelated,unrelated,unrelated,unrelated,primary,primary,unrelated,unrelated,unrelated,unrelated,unrelated,primary,primary,unrelated,unrelated,primary
bib-138,unrelated,unrelated,unrelated,unrelated,unrelated,unrelated,unrelated,unrelated,unrelated,unrelated,unrelated,unrelated,unrelated,unrelated,unrelated,unrelated,unrelated,unrelated,unrelated,unrelated
bib-139,secondary,unknown,unrelated,unrelated,unrelated,unrelated,unrelated,unrelated,secondary,unrelated,secondary,secondary,secondary,unrelated,unrelated,unrelated,unrelated,unrelated,unknown,unrelated
bib-140,secondary,unrelated,unrelated,unrelated,unrelated,unrelated,unrelated,unrelated,secondary,unrelated,secondary,secondary,secondary,unrelated,unrelated,unrelated,unrelated,unrelated,unknown,unrelated
bib-141,secondary,unrelated,unrelated,unrelated,unrelated,unrelated,unrelated,unrelated,secondary,unrelated,secondary,secondary,secondary,unrelated,unrelated,unrelated,unrelated,unrelated,secondary,unrelated
bib-142,secondary,unrelated,unrelated,unrelated,unknown,unrelated,unrelated,unrelated,secondary,unrelated,secondary,secondary,secondary,unrelated,unrelated,unrelated,unknown,unrelated,secondary,unrelated
bib-143,unknown,unrelated,unrelated,unrelated,unknown,unrelated,unrelated,unrelated,unrelated,unrelated,unrelated,unrelated,unrelated,unrelated,unrelated,unrelated,unknown,unrelated,unrelated,unrelated
bib-144,unrelated,unrelated,unrelated,unrelated,unrelated,unrelated,unrelated,unrelated,unrelated,unrelated,primary,unrelated,unrelated,unrelated,unrelated,unrelated,secondary,unrelated,unrelated,unrelated
bib-145,unrelated,unrelated,unrelated,unrelated,primary,unrelated,unrelated,unrelated,unrelated,unrelated,unrelated,unrelated,unrelated,unrelated,unrelated,unrelated,primary,unrelated,unrelated,unrelated
bib-146,unrelated,unrelated,unrelated,unrelated,primary,unrelated,unrelated,unrelated,unrelated,unrelated,unrelated,unrelated,unrelated,unrelated,unrelated,unrelated,primary,unrelated,unrelated,unrelated
bib-149,unrelated,unrelated,primary,secondary,unrelated,unrelated,unrelated,unrelated,unrelated,unrelated,unrelated,unrelated,unrelated,unrelated,unrelated,unrelated,unrelated,unrelated,unrelated,unrelated
bib-157,unrelated,unrelated,unrelated,unrelated,unrelated,unrelated,unrelated,unrelated,unrelated,unrelated,unknown,primary,secondary,unrelated,unrelated,unrelated,unrelated,unrelated,unrelated,unrelated
bib-158,secondary,unrelated,unrelated,unrelated,unrelated,unrelated,unrelated,unrelated,unrelated,unrelated,primary,secondary,secondary,unrelated,unrelated,unrelated,unrelated,secondary,unrelated,secondary
bib-159,unrelated,unrelated,unrelated,unrelated,unrelated,unrelated,unrelated,unrelated,unrelated,unrelated,primary,primary,primary,unrelated,primary,unrelated,unrelated,unrelated,unrelated,unrelated
bib-160,unrelated,unrelated,unrelated,unrelated,unrelated,unrelated,unrelated,unrelated,unrelated,unrelated,unrelated,unrelated,unrelated,unrelated,unrelated,unrelated,unrelated,unrelated,primary,unrelated
bib-161,unrelated,unrelated,unrelated,unrelated,unrelated,unrelated,unrelated,unrelated,unrelated,unrelated,unrelated,unrelated,unrelated,unrelated,unrelated,unrelated,primary,unrelated,unrelated,unrelated
bib-162,unrelated,unrelated,unrelated,unrelated,unrelated,unrelated,unrelated,unrelated,unrelated,unrelated,unrelated,unrelated,unrelated,unrelated,unrelated,unrelated,primary,unrelated,unrelated,unrelated
bib-163,unrelated,unrelated,unrelated,unrelated,unrelated,unrelated,unrelated,unrelated,unrelated,unrelated,unrelated,unrelated,unrelated,unrelated,unrelated,unrelated,primary,unrelated,unrelated,unrelated
bib-170,unrelated,unrelated,unrelated,unrelated,unrelated,unrelated,unrelated,unrelated,unrelated,unrelated,primary,unrelated,unrelated,unrelated,primary,unrelated,unrelated,unrelated,unrelated,unrelated
bib-171,primary,unknown,unrelated,unrelated,unknown,unrelated,primary,unrelated,unrelated,unrelated,primary,unrelated,primary,unrelated,unrelated,unrelated,unknown,unrelated,unknown,unrelated
bib-172,unrelated,unrelated,unrelated,unrelated,unrelated,unrelated,unrelated,unrelated,unrelated,unrelated,unrelated,unrelated,unrelated,unrelated,unrelated,unrelated,unrelated,unrelated,unrelated,unrelated
bib-175,unrelated,unrelated,unrelated,unrelated,unrelated,unrelated,unrelated,unrelated,unrelated,unrelated,unrelated,unrelated,unrelated,unrelated,unrelated,unrelated,unrelated,unrelated,unrelated,unrelated
bib-177,unrelated,unrelated,unrelated,unrelated,unrelated,unrelated,unrelated,unrelated,unrelated,unrelated,unrelated,unrelated,unrelated,unrelated,unrelated,unrelated,unrelated,unrelated,unrelated,unrelated
bib-178,unrelated,unrelated,unrelated,unrelated,unrelated,unrelated,unrelated,unrelated,unrelated,unrelated,unrelated,unrelated,unrelated,unrelated,unrelated,unrelated,unrelated,unrelated,unrelated,unrelated
bib-179,primary,primary,unrelated,unrelated,unrelated,unrelated,unrelated,unrelated,unrelated,unrelated,unrelated,unrelated,unrelated,unrelated,unrelated,unrelated,unrelated,unrelated,unrelated,unrelated
bib-180,primary,primary,unrelated,unrelated,unrelated,unrelated,unrelated,unrelated,unrelated,unrelated,unrelated,unrelated,unrelated,unrelated,unrelated,unrelated,unrelated,unrelated,unrelated,unrelated
bib-182,primary,unrelated,primary,secondary,unrelated,unrelated,unrelated,unrelated,unrelated,unrelated,unrelated,unrelated,unrelated,unrelated,unrelated,unrelated,secondary,unrelated,unrelated,secondary
bib-183,unrelated,unrelated,unrelated,unrelated,secondary,unrelated,unrelated,unrelated,unrelated,primary,primary,primary,primary,unknown,secondary,unrelated,unrelated,secondary,unrelated,unrelated
bib-184,primary,unrelated,unrelated,unrelated,primary,unrelated,unrelated,unrelated,unrelated,unrelated,unrelated,unrelated,unrelated,unrelated,unrelated,unrelated,unrelated,unrelated,unrelated,unrelated
bib-187,unrelated,secondary,unrelated,unrelated,primary,secondary,unrelated,unrelated,unrelated,unrelated,unrelated,unrelated,unrelated,unrelated,unrelated,unrelated,unrelated,unrelated,unrelated,primary
bib-188,unrelated,unrelated,unrelated,unrelated,unrelated,unrelated,unrelated,unrelated,unrelated,unrelated,unrelated,unrelated,unrelated,unrelated,unrelated,unrelated,primary,unrelated,unrelated,unrelated
bib-189,primary,unrelated,unrelated,unrelated,unrelated,unrelated,unrelated,unrelated,unrelated,unrelated,unrelated,unrelated,unrelated,unrelated,unrelated,unrelated,primary,unrelated,unrelated,primary
bib-190,primary,primary,unrelated,unrelated,unknown,unknown,unrelated,unrelated,unrelated,unrelated,secondary,unrelated,unrelated,unrelated,unrelated,unrelated,secondary,unrelated,unrelated,unrelated
bib-191,primary,primary,unrelated,unrelated,unrelated,unrelated,unrelated,unrelated,unrelated,unrelated,unrelated,unrelated,unrelated,unrelated,unrelated,unrelated,unrelated,unrelated,unrelated,unrelated
bib-192,secondary,unrelated,unrelated,unrelated,secondary,primary,unrelated,unrelated,unrelated,unrelated,unrelated,unrelated,unrelated,unrelated,secondary,unrelated,unrelated,unrelated,unrelated,unrelated
bib-193,primary,unrelated,unrelated,unrelated,unrelated,unrelated,unrelated,unrelated,unrelated,unrelated,unrelated,unrelated,unrelated,unrelated,unknown,unrelated,unrelated,unrelated,unrelated,unrelated
bib-194,unrelated,unrelated,unrelated,unrelated,primary,unrelated,unrelated,unrelated,unrelated,primary,secondary,unrelated,unrelated,unrelated,primary,unrelated,unrelated,unrelated,unrelated,primary
bib-195,secondary,unrelated,unrelated,unrelated,primary,unrelated,unrelated,unrelated,unrelated,primary,unrelated,unrelated,unrelated,unrelated,secondary,unknown,unrelated,unrelated,unrelated,primary
bib-196,primary,primary,unrelated,unrelated,unrelated,unrelated,unrelated,unrelated,unrelated,unrelated,unrelated,unrelated,unrelated,unrelated,unrelated,unrelated,unrelated,unrelated,unrelated,unrelated
bib-197,unrelated,unrelated,unrelated,unrelated,secondary,unrelated,unrelated,primary,unrelated,primary,primary,unknown,primary,unrelated,primary,unrelated,unrelated,primary,unrelated,unknown
bib-198,primary,unrelated,unrelated,unrelated,unrelated,unrelated,unrelated,unrelated,unrelated,unrelated,unrelated,unrelated,unrelated,unrelated,unrelated,unrelated,unrelated,unrelated,unrelated,unrelated
bib-199,primary,primary,unrelated,unrelated,unrelated,unrelated,unrelated,unrelated,unrelated,unrelated,unrelated,unrelated,unrelated,unrelated,unrelated,unrelated,unrelated,unrelated,unrelated,unrelated
bib-200,primary,primary,unrelated,unrelated,unrelated,unrelated,unrelated,unrelated,unrelated,unrelated,unrelated,unrelated,unrelated,unrelated,unrelated,unrelated,unrelated,unrelated,unrelated,unrelated
bib-202,primary,primary,unrelated,secondary,unknown,unrelated,unrelated,unrelated,unrelated,unrelated,unrelated,unrelated,unrelated,unrelated,unrelated,unrelated,unrelated,unrelated,unrelated,unrelated
bib-203,primary,unrelated,unrelated,unrelated,unrelated,unrelated,unrelated,unrelated,unrelated,unrelated,unrelated,unrelated,unrelated,unrelated,unrelated,unrelated,unrelated,unrelated,unrelated,unrelated
bib-204,primary,unrelated,unrelated,unrelated,unrelated,unrelated,unrelated,unrelated,unrelated,unrelated,unrelated,unrelated,unrelated,unrelated,unrelated,unrelated,unrelated,unrelated,unrelated,unrelated
bib-205,secondary,unrelated,unrelated,unrelated,primary,primary,unrelated,unrelated,unrelated,unrelated,unrelated,unrelated,unrelated,unrelated,unrelated,unrelated,unrelated,unrelated,unrelated,unrelated
bib-206,secondary,unrelated,primary,primary,unknown,unrelated,unrelated,unrelated,unrelated,unrelated,secondary,unrelated,unrelated,unrelated,unknown,secondary,unknown,unrelated,unrelated,unknown
bib-207,unrelated,unknown,unrelated,unrelated,primary,primary,unrelated,unrelated,unrelated,unrelated,unrelated,unrelated,unrelated,unrelated,unrelated,unrelated,unrelated,unrelated,unrelated,unrelated
bib-208,unrelated,unrelated,unrelated,secondary,primary,primary,unrelated,unrelated,unrelated,unrelated,unrelated,unrelated,unrelated,unrelated,unrelated,unrelated,unrelated,unrelated,unrelated,unrelated
bib-213,unrelated,unrelated,unrelated,unrelated,primary,primary,unrelated,unrelated,unrelated,primary,primary,unrelated,unrelated,unrelated,primary,unrelated,unrelated,unrelated,unrelated,unrelated
bib-214,unrelated,unrelated,unrelated,unrelated,primary,unknown,unrelated,unrelated,unrelated,unrelated,unrelated,unrelated,unrelated,unrelated,unrelated,unrelated,unrelated,unrelated,unrelated,unrelated
bib-215,secondary,unrelated,unrelated,unrelated,unknown,unrelated,unrelated,unrelated,secondary,secondary,secondary,secondary,unrelated,unrelated,secondary,secondary,unrelated,secondary,secondary,unrelated
bib-216,secondary,secondary,unrelated,unrelated,unrelated,unrelated,unrelated,unrelated,unrelated,unrelated,unrelated,unrelated,unrelated,unrelated,unrelated,unrelated,unrelated,unrelated,unrelated,unrelated
bib-217,primary,unrelated,unrelated,unrelated,unrelated,unrelated,unrelated,unrelated,unrelated,unrelated,unrelated,unrelated,unrelated,unrelated,unrelated,unrelated,unrelated,unrelated,primary,unrelated
bib-218,primary,secondary,unrelated,unrelated,unrelated,unrelated,unrelated,unrelated,unrelated,unrelated,unrelated,unrelated,unrelated,unrelated,unrelated,unrelated,unrelated,unrelated,unrelated,unrelated
bib-219,primary,primary,unrelated,unrelated,unrelated,unrelated,unrelated,unrelated,unrelated,unrelated,unrelated,unrelated,unrelated,unrelated,unrelated,unrelated,unrelated,unrelated,unrelated,unrelated
bib-220,primary,unrelated,unrelated,unrelated,unrelated,unrelated,unrelated,unrelated,unrelated,unrelated,unrelated,unrelated,unrelated,unrelated,unrelated,unrelated,unrelated,unrelated,unrelated,unrelated
bib-221,primary,primary,unrelated,unrelated,unrelated,unrelated,unrelated,unrelated,unrelated,unrelated,unrelated,unrelated,unrelated,unrelated,unrelated,unrelated,unrelated,unrelated,unrelated,unrelated
bib-224,primary,unrelated,unrelated,unrelated,unrelated,unrelated,unrelated,unrelated,unrelated,unrelated,unrelated,unrelated,unrelated,unrelated,unrelated,unrelated,unrelated,unrelated,unrelated,unrelated
bib-226,primary,unrelated,unrelated,unrelated,unknown,unrelated,unrelated,unrelated,unrelated,unrelated,primary,unrelated,unrelated,unrelated,unrelated,unrelated,unrelated,unrelated,unrelated,unrelated
bib-227,unrelated,unrelated,unrelated,unrelated,unrelated,unrelated,unrelated,unrelated,unrelated,unrelated,unrelated,unrelated,unrelated,unrelated,unrelated,unrelated,unrelated,unrelated,unrelated,unrelated
bib-228,unrelated,unrelated,unrelated,unrelated,unrelated,unrelated,unrelated,unrelated,unrelated,unrelated,unrelated,unrelated,unrelated,unrelated,unrelated,unrelated,unrelated,unrelated,unrelated,unrelated
bib-229,unrelated,unrelated,unrelated,unrelated,unrelated,unrelated,unrelated,unrelated,unrelated,unrelated,unrelated,unrelated,unrelated,unrelated,unrelated,unrelated,unrelated,unrelated,unrelated,unrelated
bib-230,unrelated,unrelated,unrelated,unrelated,unrelated,unrelated,unrelated,unrelated,unrelated,unrelated,unrelated,unrelated,unrelated,unrelated,unrelated,unrelated,unrelated,unrelated,unrelated,unrelated
bib-231,unrelated,unrelated,unrelated,unrelated,unrelated,unrelated,unrelated,unrelated,unrelated,unrelated,unrelated,unrelated,unrelated,unrelated,unrelated,unrelated,unrelated,unrelated,unrelated,unrelated
bib-232,primary,unrelated,unrelated,unrelated,unrelated,unrelated,unrelated,unrelated,unrelated,unrelated,unrelated,unrelated,unrelated,unrelated,unrelated,unrelated,unrelated,unrelated,unrelated,unrelated
bib-234,unrelated,unrelated,unrelated,unrelated,primary,unrelated,primary,primary,unrelated,unrelated,primary,unrelated,primary,unrelated,primary,unrelated,secondary,unrelated,unrelated,unrelated
bib-235,unrelated,unrelated,unrelated,unrelated,unrelated,unrelated,unrelated,unrelated,unrelated,unrelated,primary,unrelated,unrelated,unrelated,secondary,unrelated,unrelated,primary,unrelated,primary
bib-236,secondary,unrelated,unrelated,unrelated,primary,unrelated,unrelated,unrelated,unrelated,unrelated,secondary,unrelated,unrelated,unrelated,unrelated,unrelated,unrelated,secondary,unrelated,primary
bib-237,secondary,unrelated,secondary,unrelated,secondary,unrelated,unrelated,unrelated,unrelated,secondary,secondary,unrelated,unrelated,unrelated,primary,unrelated,unrelated,secondary,unrelated,secondary
bib-238,unrelated,unrelated,unrelated,unrelated,unrelated,unrelated,unrelated,unrelated,unrelated,unrelated,unrelated,unrelated,unrelated,primary,primary,unrelated,unrelated,unrelated,unrelated,unrelated
bib-250,primary,unrelated,unrelated,unrelated,unknown,unrelated,unrelated,unrelated,unrelated,primary,unrelated,primary,unrelated,unknown,unknown,primary,unrelated,unrelated,unrelated,unrelated
bib-254,unrelated,unrelated,unrelated,unrelated,unrelated,unrelated,unrelated,unrelated,unrelated,unrelated,unrelated,unrelated,unrelated,unrelated,unrelated,unrelated,unrelated,unrelated,unrelated,unrelated
bib-256,secondary,unrelated,secondary,unrelated,unknown,secondary,unrelated,unrelated,unrelated,secondary,secondary,unrelated,secondary,unrelated,unrelated,unrelated,unrelated,secondary,unrelated,primary
bib-257,secondary,unrelated,unrelated,unrelated,unknown,unrelated,unrelated,unrelated,unrelated,secondary,secondary,unrelated,unrelated,unrelated,unrelated,secondary,primary,unrelated,unrelated,unrelated
bib-260,unrelated,unknown,unknown,unrelated,secondary,unknown,unrelated,unrelated,unrelated,unrelated,primary,unrelated,unrelated,primary,primary,unrelated,unrelated,unknown,unrelated,unrelated
bib-261,unrelated,unrelated,unrelated,unrelated,unrelated,unrelated,unrelated,unrelated,unrelated,unrelated,unrelated,unrelated,unrelated,unrelated,unrelated,primary,unrelated,unrelated,unrelated,unrelated
bib-263,primary,unrelated,unrelated,unrelated,unrelated,unrelated,unrelated,unrelated,unrelated,unrelated,unrelated,unrelated,unrelated,unrelated,unrelated,unrelated,unrelated,unrelated,unrelated,unrelated
bib-265,primary,primary,unrelated,unrelated,unrelated,unrelated,unrelated,unrelated,unrelated,unrelated,unrelated,unrelated,unrelated,unrelated,unrelated,unrelated,unrelated,unrelated,unrelated,unrelated
bib-267,primary,unrelated,unrelated,secondary,secondary,secondary,unrelated,unrelated,unrelated,unrelated,secondary,unrelated,unrelated,unrelated,unrelated,unrelated,secondary,unrelated,unrelated,secondary
bib-268,unrelated,unrelated,primary,unrelated,unknown,unrelated,primary,unrelated,primary,unrelated,unrelated,unrelated,unrelated,unrelated,unrelated,unrelated,unknown,unrelated,unrelated,unrelated
bib-269,primary,unrelated,unrelated,unrelated,unrelated,unrelated,unrelated,unrelated,unrelated,unrelated,unrelated,unrelated,unrelated,unrelated,unrelated,unrelated,unrelated,unrelated,unrelated,unrelated
bib-270,secondary,primary,unrelated,unrelated,unknown,unknown,unrelated,unrelated,unrelated,unrelated,unrelated,unrelated,unrelated,unrelated,unrelated,unrelated,unknown,unrelated,unrelated,unrelated
bib-271,primary,unrelated,unrelated,unrelated,unrelated,unrelated,unrelated,unrelated,unrelated,unrelated,unrelated,unrelated,unrelated,unrelated,unrelated,unrelated,secondary,unrelated,unrelated,secondary
bib-272,unrelated,unrelated,unrelated,unrelated,unrelated,unrelated,unrelated,unrelated,unrelated,unrelated,unrelated,unrelated,unrelated,unrelated,unrelated,unrelated,primary,unrelated,unrelated,unrelated
bib-273,unrelated,unrelated,primary,secondary,unrelated,unrelated,unrelated,unrelated,unrelated,unrelated,unrelated,unrelated,unrelated,unrelated,unrelated,unrelated,unrelated,unrelated,unrelated,unrelated
bib-274,unrelated,unrelated,unrelated,unrelated,secondary,unrelated,unrelated,unrelated,unrelated,unrelated,unrelated,unrelated,unrelated,primary,primary,unrelated,unrelated,unrelated,unrelated,unrelated
bib-275,unrelated,unrelated,unrelated,unrelated,primary,unrelated,unrelated,unrelated,unrelated,unrelated,unrelated,unrelated,unrelated,unrelated,primary,unrelated,unrelated,unrelated,unrelated,unrelated
bib-279,primary,unrelated,unrelated,unrelated,secondary,secondary,unrelated,unrelated,unrelated,unrelated,secondary,unrelated,unrelated,unrelated,unrelated,unrelated,secondary,unrelated,unrelated,unknown
bib-281,primary,primary,secondary,unrelated,primary,unrelated,primary,unrelated,unrelated,unrelated,unrelated,unrelated,unrelated,unrelated,unrelated,secondary,primary,unrelated,unrelated,unrelated
bib-284,primary,secondary,unrelated,unrelated,unrelated,unrelated,unrelated,unrelated,unrelated,unrelated,unrelated,unrelated,unrelated,unrelated,unrelated,unrelated,unrelated,unrelated,unrelated,unrelated
bib-3,unrelated,unrelated,unrelated,unrelated,primary,unrelated,unrelated,unrelated,unrelated,primary,unrelated,unrelated,unrelated,primary,unrelated,unrelated,unrelated,unrelated,unrelated,unrelated
bib-30,unrelated,unrelated,unknown,unknown,primary,secondary,unrelated,unrelated,unrelated,unrelated,unrelated,unrelated,unrelated,unrelated,unrelated,unrelated,primary,unrelated,unrelated,unrelated
bib-31,unrelated,unrelated,unrelated,primary,primary,primary,unrelated,unrelated,unrelated,unrelated,unrelated,unrelated,unrelated,unrelated,secondary,unrelated,secondary,unrelated,unrelated,unrelated
bib-32,unrelated,unrelated,unrelated,unrelated,unrelated,unrelated,unrelated,unrelated,unrelated,unrelated,unrelated,unrelated,unrelated,unrelated,unrelated,unrelated,unrelated,unrelated,unrelated,unrelated
bib-34,unrelated,unrelated,unrelated,unrelated,unrelated,unrelated,unrelated,unrelated,unrelated,unrelated,unrelated,unrelated,unrelated,unrelated,unrelated,unrelated,unrelated,unrelated,unrelated,unrelated
bib-36,unrelated,unrelated,unrelated,unrelated,unrelated,unrelated,unrelated,unrelated,unrelated,unrelated,unrelated,unrelated,unrelated,unrelated,unrelated,unrelated,unrelated,unrelated,unrelated,unrelated
bib-37,unrelated,unrelated,primary,unrelated,unrelated,unrelated,unrelated,unrelated,unrelated,unrelated,unrelated,unrelated,unrelated,unrelated,unrelated,unrelated,unrelated,unrelated,unrelated,unrelated
bib-38,secondary,unrelated,unrelated,unknown,primary,primary,unrelated,unrelated,unrelated,unrelated,unrelated,unrelated,secondary,unrelated,unrelated,unrelated,unrelated,secondary,unrelated,secondary
bib-43,unrelated,unrelated,unrelated,unrelated,unrelated,unrelated,unrelated,unrelated,unrelated,unrelated,unrelated,unrelated,unrelated,unrelated,unrelated,unrelated,unrelated,unrelated,unrelated,unrelated
bib-48,unrelated,unrelated,unrelated,unrelated,primary,primary,unrelated,primary,unrelated,unrelated,unrelated,unrelated,unrelated,unrelated,primary,unrelated,unrelated,unrelated,unrelated,unrelated
bib-49,unrelated,unrelated,unrelated,unrelated,primary,primary,unrelated,primary,unrelated,unrelated,unrelated,unrelated,unrelated,unrelated,primary,unrelated,unrelated,unrelated,unrelated,unrelated
bib-50,unrelated,unrelated,unrelated,unrelated,secondary,unknown,unrelated,unrelated,unrelated,unrelated,secondary,unrelated,secondary,primary,primary,unrelated,unrelated,unrelated,unrelated,unrelated
bib-51,unrelated,unrelated,unrelated,unrelated,unknown,unknown,unrelated,secondary,unrelated,unrelated,unknown,unrelated,unknown,unknown,secondary,unrelated,unrelated,primary,unrelated,unknown
bib-53,unrelated,unrelated,unrelated,unrelated,primary,primary,unrelated,unrelated,unrelated,unrelated,unrelated,unrelated,unrelated,unrelated,unrelated,unrelated,unrelated,unrelated,unrelated,unrelated
bib-54,unrelated,unrelated,primary,secondary,unrelated,unrelated,unrelated,unrelated,unrelated,unrelated,unrelated,unrelated,unrelated,unrelated,unrelated,unrelated,unrelated,unrelated,unrelated,unrelated
bib-55,unrelated,unrelated,unrelated,unrelated,unrelated,unrelated,primary,unrelated,secondary,unrelated,unrelated,unrelated,unrelated,unrelated,unrelated,unrelated,unrelated,unrelated,unrelated,unrelated
bib-57,unrelated,unrelated,unrelated,unrelated,primary,unrelated,unrelated,unrelated,unrelated,unrelated,unrelated,unrelated,unrelated,unrelated,unrelated,unrelated,secondary,unrelated,unrelated,primary
bib-58,unrelated,unrelated,unrelated,unrelated,primary,secondary,unrelated,unrelated,unrelated,unrelated,unrelated,unrelated,unrelated,unrelated,primary,unrelated,unrelated,unrelated,unrelated,unrelated
bib-6,unrelated,unrelated,unrelated,unrelated,primary,unrelated,unrelated,unrelated,unrelated,unrelated,unrelated,unrelated,unrelated,unrelated,unrelated,unrelated,unrelated,unrelated,unrelated,unrelated
bib-60,unrelated,unrelated,secondary,unrelated,unrelated,unrelated,unrelated,unrelated,primary,unrelated,unrelated,unrelated,unrelated,unrelated,unrelated,unrelated,unrelated,unrelated,unrelated,unrelated
bib-61,unrelated,unrelated,unrelated,unrelated,secondary,unrelated,unrelated,unrelated,unrelated,secondary,unrelated,unrelated,unrelated,unrelated,unrelated,secondary,primary,unrelated,unrelated,unrelated
bib-62,unrelated,unrelated,unrelated,unrelated,primary,secondary,unrelated,unrelated,unrelated,unrelated,unrelated,unrelated,unrelated,unrelated,secondary,unrelated,unrelated,unrelated,unrelated,unrelated
bib-63,unrelated,unrelated,unrelated,unrelated,primary,unrelated,unrelated,unrelated,unrelated,unrelated,unrelated,unrelated,unrelated,unrelated,unrelated,unrelated,unrelated,unrelated,unrelated,unrelated
bib-65,unrelated,unrelated,unrelated,unrelated,unrelated,unrelated,unrelated,unrelated,unrelated,unrelated,unrelated,unrelated,unrelated,unrelated,unrelated,unrelated,primary,unrelated,unrelated,unrelated
bib-66,unrelated,unrelated,unrelated,unrelated,unrelated,unrelated,unrelated,unrelated,unrelated,unrelated,unrelated,unrelated,unrelated,unrelated,unrelated,unrelated,primary,unrelated,unrelated,unrelated
bib-68,unrelated,unrelated,unrelated,unrelated,unrelated,unrelated,unrelated,unrelated,unrelated,unrelated,unrelated,unrelated,unrelated,unrelated,unrelated,unrelated,primary,unrelated,unrelated,unknown
bib-69,unrelated,unrelated,unrelated,unrelated,unrelated,unrelated,unrelated,unrelated,unrelated,unrelated,unrelated,unrelated,unrelated,unrelated,unrelated,unrelated,primary,unrelated,unrelated,unrelated
bib-70,unrelated,unrelated,primary,primary,unknown,unknown,unrelated,unrelated,unrelated,unrelated,unrelated,unrelated,unrelated,unrelated,unrelated,unrelated,unrelated,unrelated,unrelated,secondary
bib-72,primary,unrelated,unrelated,unrelated,unrelated,unrelated,unrelated,unrelated,primary,unrelated,primary,primary,primary,unrelated,unrelated,unrelated,unknown,unrelated,primary,unrelated
bib-73,unknown,unknown,unknown,unknown,unknown,unknown,unknown,unknown,unknown,unknown,unknown,unknown,unknown,unknown,unknown,unknown,unknown,unknown,unknown,unknown
bib-74,unrelated,unrelated,unrelated,unrelated,unrelated,unrelated,unrelated,unrelated,unrelated,unrelated,unrelated,unrelated,unrelated,unrelated,unrelated,unrelated,unrelated,unrelated,unrelated,unrelated
bib-75,unrelated,unrelated,unrelated,primary,primary,primary,unrelated,unrelated,unrelated,unrelated,unrelated,unrelated,unrelated,unrelated,unrelated,unrelated,primary,unrelated,unrelated,unrelated
bib-77,unrelated,unrelated,unrelated,unrelated,primary,primary,unrelated,unrelated,unrelated,unrelated,unrelated,unrelated,unrelated,unrelated,primary,unrelated,primary,unrelated,unrelated,unrelated
bib-78,unrelated,unrelated,unrelated,unrelated,primary,unrelated,unrelated,unrelated,unrelated,unrelated,unrelated,unrelated,unrelated,unrelated,unrelated,unrelated,primary,unrelated,unrelated,unrelated
bib-79,primary,unrelated,primary,unrelated,unrelated,unrelated,unrelated,unrelated,unrelated,unrelated,unknown,unrelated,primary,unrelated,unrelated,unrelated,unknown,unrelated,unrelated,primary
bib-80,secondary,unrelated,unrelated,unrelated,primary,primary,unrelated,unrelated,unrelated,unrelated,unrelated,unrelated,unrelated,unrelated,unrelated,unrelated,unrelated,unrelated,unrelated,unrelated
bib-84,unrelated,unrelated,unrelated,primary,primary,secondary,unrelated,unrelated,unrelated,unrelated,unrelated,unrelated,unrelated,unrelated,unrelated,unrelated,unrelated,unrelated,unrelated,unrelated
bib-85,primary,unknown,unrelated,unrelated,primary,secondary,unrelated,unrelated,secondary,unrelated,unrelated,unrelated,unrelated,primary,primary,unrelated,unrelated,unrelated,unrelated,unrelated
bib-86,secondary,unknown,unrelated,unrelated,unknown,unrelated,unrelated,unrelated,unrelated,unrelated,unrelated,unrelated,unrelated,primary,primary,unrelated,unrelated,unrelated,unrelated,unrelated
bib-88,unrelated,unrelated,unrelated,unrelated,primary,primary,unrelated,unrelated,unrelated,unrelated,unrelated,unrelated,unrelated,unrelated,unrelated,unrelated,unrelated,unrelated,unrelated,unrelated
bib-89,unrelated,unrelated,unrelated,unrelated,primary,unrelated,unrelated,unrelated,unrelated,unrelated,unrelated,unrelated,unrelated,unrelated,unrelated,unrelated,unrelated,unrelated,unrelated,unrelated
bib-92,primary,primary,unrelated,unrelated,primary,primary,unrelated,unrelated,unrelated,unrelated,unrelated,unrelated,unrelated,unrelated,unrelated,unrelated,primary,unrelated,unrelated,unrelated
bib-94,primary,unrelated,unrelated,unrelated,primary,unrelated,unrelated,unrelated,unrelated,unrelated,unrelated,unrelated,unrelated,unrelated,unrelated,unrelated,unrelated,unrelated,unrelated,unrelated
bib-95,primary,unrelated,unrelated,unrelated,unknown,unrelated,unrelated,unrelated,unrelated,primary,primary,unrelated,primary,unrelated,unrelated,unrelated,unknown,unrelated,unknown,unrelated
bib-96,unrelated,unrelated,unrelated,unrelated,unknown,unknown,unrelated,unrelated,unrelated,primary,primary,primary,primary,unrelated,unrelated,unrelated,unrelated,unknown,unrelated,unknown
bib-97,unrelated,unrelated,unrelated,unrelated,unrelated,unrelated,unrelated,unrelated,unrelated,unrelated,unrelated,unrelated,unrelated,unrelated,unrelated,unrelated,primary,unrelated,unrelated,unrelated
bib-98,unrelated,unrelated,unrelated,unrelated,unrelated,unrelated,unrelated,unrelated,unrelated,unrelated,unrelated,unrelated,unrelated,unrelated,unrelated,unrelated,unrelated,unrelated,unrelated,unrelated
bib-99,unrelated,unrelated,primary,unrelated,primary,primary,unrelated,unrelated,primary,unrelated,unrelated,unrelated,unrelated,unrelated,unrelated,unrelated,primary,unrelated,unrelated,unrelated
s.l_1650,unrelated,unrelated,unrelated,unrelated,unrelated,unrelated,unrelated,unrelated,unrelated,unrelated,unrelated,unrelated,unrelated,unrelated,unrelated,unrelated,unrelated,unrelated,unrelated,unrelated
ustc-10,unrelated,unrelated,unrelated,unrelated,primary,unrelated,unrelated,unrelated,unrelated,unrelated,unrelated,unrelated,unrelated,unrelated,primary,unrelated,unrelated,unrelated,unrelated,unrelated
ustc-11,unrelated,unrelated,unrelated,unrelated,primary,unrelated,unrelated,unrelated,unrelated,unrelated,unrelated,unrelated,unrelated,unrelated,primary,unrelated,unrelated,unrelated,unrelated,unrelated
ustc-12,unrelated,unrelated,unrelated,unrelated,unrelated,unrelated,unrelated,unrelated,unrelated,unrelated,unrelated,unrelated,unrelated,unrelated,unrelated,unrelated,secondary,unrelated,unrelated,primary
ustc-13,unrelated,unrelated,unrelated,unrelated,unrelated,unrelated,unrelated,unrelated,unrelated,unrelated,unrelated,unrelated,unrelated,unrelated,unrelated,primary,unrelated,unrelated,unrelated,unrelated
ustc-14,unrelated,unrelated,unrelated,unrelated,primary,unrelated,unrelated,unrelated,unrelated,primary,unrelated,unrelated,unrelated,primary,primary,unrelated,unrelated,unrelated,unrelated,unrelated
ustc-15,unrelated,unrelated,unrelated,unrelated,primary,primary,unrelated,unrelated,unrelated,unrelated,unrelated,unrelated,unrelated,unrelated,unrelated,unrelated,unrelated,unrelated,unrelated,unrelated
ustc-17,primary,primary,unrelated,unrelated,unrelated,unrelated,unrelated,unrelated,unrelated,unrelated,unrelated,unrelated,unrelated,unrelated,unrelated,unrelated,unrelated,unrelated,unrelated,unrelated
ustc-18,primary,unrelated,primary,primary,primary,unrelated,unrelated,unrelated,unrelated,unrelated,unrelated,unrelated,unrelated,unrelated,primary,unrelated,unrelated,unrelated,unrelated,primary
ustc-19,unrelated,unrelated,unrelated,unrelated,unknown,unrelated,unrelated,unrelated,unrelated,unrelated,unrelated,unrelated,unrelated,unrelated,unrelated,unrelated,primary,unrelated,unrelated,unrelated
ustc-2,primary,unknown,unrelated,unrelated,unrelated,unrelated,unrelated,unrelated,unrelated,unrelated,unrelated,unrelated,unrelated,unrelated,unrelated,unrelated,primary,unrelated,unrelated,unrelated
ustc-20,unrelated,unrelated,unrelated,unrelated,unknown,unrelated,unrelated,unknown,unrelated,unrelated,unrelated,unrelated,unrelated,unrelated,unrelated,unrelated,unrelated,unrelated,unrelated,unrelated
ustc-21,primary,unrelated,unrelated,unrelated,unrelated,unrelated,unrelated,unrelated,unrelated,unrelated,unrelated,unrelated,unrelated,unrelated,unrelated,unrelated,primary,unrelated,unrelated,unrelated
ustc-23,unrelated,unrelated,unrelated,unrelated,unknown,unrelated,unrelated,unrelated,unrelated,unrelated,unrelated,unrelated,unrelated,unrelated,unrelated,unrelated,primary,unrelated,unrelated,unrelated
ustc-24,unrelated,unrelated,unrelated,unrelated,unrelated,unrelated,unrelated,unrelated,unrelated,unrelated,unrelated,unrelated,unrelated,unrelated,unrelated,unrelated,unknown,unrelated,unrelated,unrelated
ustc-25,unrelated,unrelated,unrelated,unrelated,unrelated,unrelated,unrelated,unrelated,unrelated,unrelated,unrelated,unrelated,unrelated,unrelated,unrelated,unrelated,primary,unrelated,unrelated,unrelated
ustc-26,secondary,unrelated,primary,secondary,primary,unrelated,unrelated,unrelated,unrelated,unrelated,unrelated,unrelated,unrelated,unrelated,secondary,unrelated,unrelated,unrelated,unrelated,primary
ustc-27,primary,primary,unrelated,unrelated,unrelated,unrelated,unrelated,unrelated,unrelated,unrelated,unrelated,unrelated,unrelated,unrelated,unrelated,unrelated,unrelated,unrelated,unrelated,unrelated
ustc-28,primary,unrelated,unrelated,unrelated,unknown,unrelated,unrelated,unrelated,unrelated,unrelated,unrelated,unrelated,unrelated,unrelated,unrelated,unrelated,unknown,unrelated,unrelated,unrelated
ustc-3,unrelated,unrelated,unrelated,unrelated,unrelated,unrelated,unrelated,unrelated,unrelated,unrelated,unrelated,unrelated,unrelated,unrelated,unrelated,unrelated,primary,unrelated,unrelated,primary
ustc-31,primary,unknown,unrelated,unrelated,unrelated,unrelated,unrelated,unrelated,unrelated,unrelated,unrelated,unrelated,unrelated,unrelated,unrelated,unrelated,secondary,unrelated,unrelated,unrelated
ustc-33,unrelated,unrelated,unrelated,unrelated,unrelated,unrelated,unrelated,unrelated,unrelated,unrelated,unrelated,unrelated,unknown,unrelated,primary,unrelated,unrelated,unknown,unrelated,unrelated
ustc-34,unrelated,unrelated,unrelated,unrelated,primary,primary,unrelated,unrelated,unrelated,unrelated,unrelated,unrelated,unrelated,unrelated,unrelated,unrelated,unrelated,unrelated,unrelated,unrelated
ustc-35,unrelated,unrelated,unrelated,unrelated,primary,primary,unrelated,unrelated,unrelated,unrelated,unrelated,unrelated,unrelated,unrelated,unrelated,unrelated,unrelated,unrelated,unrelated,unrelated
ustc-36,primary,unrelated,unrelated,unrelated,secondary,unrelated,unrelated,unrelated,unrelated,unrelated,unrelated,unrelated,unrelated,unrelated,unrelated,unrelated,unrelated,unrelated,unrelated,unrelated
ustc-38,primary,unrelated,unrelated,unrelated,secondary,unrelated,unrelated,unrelated,unrelated,unrelated,unrelated,unrelated,unrelated,unrelated,unrelated,unrelated,unrelated,unrelated,unrelated,unrelated
ustc-39,unrelated,unrelated,unrelated,unrelated,primary,unrelated,unrelated,unrelated,unrelated,unrelated,unrelated,unrelated,unrelated,unrelated,unrelated,unrelated,unrelated,unrelated,unrelated,unrelated
ustc-4,primary,unrelated,unrelated,unrelated,secondary,primary,unrelated,unrelated,unrelated,unrelated,unrelated,unrelated,unrelated,unknown,secondary,unrelated,unrelated,unrelated,unrelated,unrelated
ustc-40,primary,unrelated,unrelated,unrelated,unrelated,unrelated,unrelated,unrelated,unrelated,unrelated,unrelated,unrelated,unrelated,unrelated,unrelated,primary,unrelated,unrelated,unrelated,unrelated
ustc-41,unrelated,unrelated,unrelated,unrelated,unknown,unrelated,unrelated,unrelated,unrelated,unrelated,unrelated,unrelated,unrelated,unrelated,unrelated,primary,unknown,unrelated,unrelated,unrelated
ustc-42,primary,unrelated,unrelated,unrelated,unrelated,unrelated,unrelated,unrelated,unrelated,unrelated,unrelated,primary,unrelated,unrelated,unrelated,primary,unrelated,unrelated,unrelated,unrelated
ustc-43,unrelated,unrelated,unrelated,unrelated,primary,unrelated,unrelated,unrelated,unrelated,unrelated,unrelated,unrelated,unrelated,unrelated,unrelated,unrelated,unrelated,unrelated,unrelated,unrelated
ustc-45,unrelated,unrelated,unrelated,unrelated,unrelated,unrelated,unrelated,unrelated,unrelated,unrelated,unrelated,unrelated,unrelated,unrelated,unrelated,unrelated,unrelated,unrelated,unrelated,unrelated
ustc-46,primary,primary,unrelated,unrelated,unrelated,unrelated,unrelated,unrelated,unrelated,unrelated,unrelated,unrelated,unrelated,unrelated,unrelated,unrelated,unrelated,unrelated,unrelated,unrelated
ustc-47,unrelated,unrelated,unrelated,unrelated,unrelated,unrelated,unrelated,unrelated,unrelated,unrelated,unrelated,unrelated,unrelated,unrelated,unrelated,unrelated,primary,unrelated,unrelated,unrelated
ustc-48,unrelated,unrelated,unrelated,unrelated,unrelated,unrelated,unrelated,unrelated,unrelated,unrelated,unrelated,unrelated,unrelated,unrelated,unrelated,unrelated,primary,unrelated,unrelated,unrelated
ustc-49,unrelated,unrelated,unrelated,unrelated,unrelated,unrelated,unrelated,unrelated,unrelated,unrelated,unrelated,unrelated,unrelated,unrelated,unrelated,unrelated,primary,unrelated,unrelated,unrelated
ustc-5,unrelated,unrelated,unrelated,unrelated,unrelated,unrelated,unrelated,unrelated,unrelated,unrelated,unrelated,unrelated,unrelated,unrelated,unrelated,unrelated,unrelated,unrelated,unrelated,unrelated
ustc-50,unrelated,unrelated,unrelated,unrelated,unrelated,unrelated,unrelated,unrelated,unrelated,unrelated,unrelated,unrelated,unrelated,unrelated,unrelated,unrelated,primary,unrelated,unrelated,unrelated
ustc-52,primary,primary,unrelated,unrelated,unrelated,unrelated,unrelated,unrelated,unrelated,unrelated,unrelated,unrelated,unrelated,unrelated,unrelated,unrelated,unrelated,unrelated,unrelated,unrelated
ustc-53,primary,primary,unrelated,unrelated,unrelated,primary,unrelated,unrelated,unrelated,unrelated,unrelated,unrelated,unrelated,unrelated,unrelated,unrelated,unrelated,unrelated,unrelated,unrelated
ustc-54,unrelated,unrelated,unrelated,unrelated,primary,unrelated,unrelated,unrelated,unrelated,unrelated,unrelated,unrelated,unrelated,unrelated,unrelated,unrelated,unrelated,unrelated,unrelated,unrelated
ustc-55,unrelated,unrelated,unrelated,unrelated,unknown,unrelated,unrelated,unrelated,unrelated,unrelated,primary,unrelated,unrelated,unrelated,primary,unrelated,unrelated,unrelated,unrelated,unrelated
ustc-56,primary,unrelated,unrelated,unrelated,primary,primary,unrelated,unrelated,unrelated,unrelated,unrelated,unrelated,unrelated,unrelated,unknown,unrelated,unknown,unrelated,unrelated,unrelated
ustc-57,unrelated,unrelated,unrelated,unrelated,primary,unrelated,unrelated,unrelated,unrelated,unrelated,unrelated,unrelated,unrelated,unrelated,unrelated,unrelated,unrelated,unrelated,unrelated,unrelated
ustc-58,unrelated,unrelated,unrelated,unrelated,primary,unrelated,unrelated,unrelated,unrelated,unrelated,unrelated,unrelated,unrelated,unrelated,unrelated,unrelated,unrelated,unrelated,unrelated,unrelated
ustc-59,unrelated,unrelated,unrelated,unrelated,secondary,unrelated,unrelated,unknown,unrelated,unrelated,primary,unknown,unknown,unrelated,secondary,unrelated,unrelated,unknown,unrelated,unknown
ustc-6,primary,unrelated,primary,unrelated,unrelated,unrelated,unrelated,unrelated,unrelated,unrelated,unrelated,unrelated,unrelated,unrelated,unrelated,unrelated,unrelated,unrelated,unrelated,unrelated
ustc-60,unrelated,unrelated,unrelated,unrelated,unrelated,unrelated,unrelated,unrelated,unrelated,unrelated,unrelated,unrelated,unrelated,unrelated,unrelated,unrelated,primary,unrelated,unrelated,unrelated
ustc-63,unrelated,unrelated,unrelated,unrelated,unknown,unknown,unrelated,unrelated,unrelated,primary,secondary,unrelated,unrelated,unrelated,primary,unrelated,unrelated,unrelated,unrelated,unrelated
ustc-7,unrelated,unrelated,unrelated,unrelated,primary,unrelated,unrelated,unrelated,unrelated,unrelated,unrelated,unrelated,unrelated,unrelated,primary,unrelated,unrelated,unrelated,unrelated,unrelated
ustc-9,primary,unrelated,unrelated,unrelated,secondary,unrelated,unrelated,unrelated,unrelated,unrelated,unrelated,unrelated,unrelated,unrelated,unrelated,unrelated,unrelated,unrelated,unrelated,unknown
