"Page/Key","Edition Details","Feature Name","Feature Description","Feature Revision","Value"
"bib-247","1484, Venice - Questa infrascripta tauola dimo
stra e dimostra la significatioen de le
infrascripte cifre e quello che leua
no z significano...","Subject Categories","Classifies each edition against a fixed list of mathematical and related subject categories.","final_hybrid_v1_2026_06_03","Architecture::unrelated, Arithmetic::primary, Astronomy::unrelated, Cartography::unrelated, Commercial Mathematics::primary, Construction::unrelated, Cosmography::unrelated, Geography::unrelated, Gnomonics & Horology::unrelated, Instrument Construction::unrelated, Instrument Use::unrelated, Mechanics::unrelated, Military Engineering::unrelated, Music Theory::unrelated, Navigation::unrelated, Perspective::unrelated, Practical Geometry::unrelated, Surveying::unrelated, Theoretical Mathematics::unrelated, Trigonometry::unrelated"
"DDUZGF","1488, Augsburg - De institutione arithmetica","Subject Categories","Classifies each edition against a fixed list of mathematical and related subject categories.","final_hybrid_v1_2026_06_03","Architecture::unrelated, Arithmetic::primary, Astronomy::unrelated, Cartography::unrelated, Commercial Mathematics::unrelated, Construction::unrelated, Cosmography::unrelated, Geography::unrelated, Gnomonics & Horology::unrelated, Instrument Construction::unrelated, Instrument Use::unrelated, Mechanics::unrelated, Military Engineering::unrelated, Music Theory::unrelated, Navigation::unrelated, Perspective::unrelated, Practical Geometry::unrelated, Surveying::unrelated, Theoretical Mathematics::unrelated, Trigonometry::unrelated"
"bib-248","1491/1492, Florence - Aritmetica","Subject Categories","Classifies each edition against a fixed list of mathematical and related subject categories.","final_hybrid_v1_2026_06_03","Architecture::unrelated, Arithmetic::primary, Astronomy::unrelated, Cartography::unrelated, Commercial Mathematics::unrelated, Construction::unrelated, Cosmography::unrelated, Geography::unrelated, Gnomonics & Horology::unrelated, Instrument Construction::unrelated, Instrument Use::unrelated, Mechanics::unrelated, Military Engineering::unrelated, Music Theory::unrelated, Navigation::unrelated, Perspective::unrelated, Practical Geometry::unrelated, Surveying::unrelated, Theoretical Mathematics::unrelated, Trigonometry::unrelated"
"bib-14","1494, Venice - Somma di arithmetica, geometria, proporzioni e proporzionalità","Subject Categories","Classifies each edition against a fixed list of mathematical and related subject categories.","final_hybrid_v1_2026_06_03","Architecture::unrelated, Arithmetic::primary, Astronomy::unrelated, Cartography::unrelated, Commercial Mathematics::unrelated, Construction::unrelated, Cosmography::unrelated, Geography::unrelated, Gnomonics & Horology::unrelated, Instrument Construction::unrelated, Instrument Use::unrelated, Mechanics::unrelated, Military Engineering::unrelated, Music Theory::unrelated, Navigation::unrelated, Perspective::unrelated, Practical Geometry::unknown, Surveying::unrelated, Theoretical Mathematics::primary, Trigonometry::unrelated"
"1496","1496 - Arithmetica decem libris demonstrata","Subject Categories","Classifies each edition against a fixed list of mathematical and related subject categories.","final_hybrid_v1_2026_06_03","Architecture::unrelated, Arithmetic::primary, Astronomy::unrelated, Cartography::unrelated, Commercial Mathematics::unrelated, Construction::unrelated, Cosmography::unrelated, Geography::unrelated, Gnomonics & Horology::unrelated, Instrument Construction::unrelated, Instrument Use::unrelated, Mechanics::unrelated, Military Engineering::unrelated, Music Theory::primary, Navigation::unrelated, Perspective::unrelated, Practical Geometry::unrelated, Surveying::unrelated, Theoretical Mathematics::secondary, Trigonometry::unrelated"
"bib-155","1503, Freiburg - Margarita philosophica","Subject Categories","Classifies each edition against a fixed list of mathematical and related subject categories.","final_hybrid_v1_2026_06_03","Architecture::unknown, Arithmetic::unrelated, Astronomy::unrelated, Cartography::unrelated, Commercial Mathematics::unrelated, Construction::unrelated, Cosmography::unrelated, Geography::unrelated, Gnomonics & Horology::unrelated, Instrument Construction::unrelated, Instrument Use::unknown, Mechanics::unrelated, Military Engineering::unrelated, Music Theory::unrelated, Navigation::unrelated, Perspective::unrelated, Practical Geometry::unknown, Surveying::unrelated, Theoretical Mathematics::unrelated, Trigonometry::unrelated"
"bib-174","1503, Paris - Epitome compendiosaque introductio in libros arithmeticos divi Severini Boetii, adjecto familiari commentario dilucidata. Pra...","Subject Categories","Classifies each edition against a fixed list of mathematical and related subject categories.","final_hybrid_v1_2026_06_03","Architecture::unrelated, Arithmetic::primary, Astronomy::primary, Cartography::unrelated, Commercial Mathematics::unrelated, Construction::unrelated, Cosmography::unrelated, Geography::unrelated, Gnomonics & Horology::unrelated, Instrument Construction::unrelated, Instrument Use::unrelated, Mechanics::unrelated, Military Engineering::unrelated, Music Theory::unrelated, Navigation::unrelated, Perspective::unrelated, Practical Geometry::primary, Surveying::unrelated, Theoretical Mathematics::secondary, Trigonometry::unrelated"
"bib-173","1503, Paris - LIBRI LOGICORUM  
Ad archetypos recogniti, cum novis ad litteras com­menta­riis: ad felices primum parhisi­orum & comu­niter ...","Subject Categories","Classifies each edition against a fixed list of mathematical and related subject categories.","final_hybrid_v1_2026_06_03","Architecture::unrelated, Arithmetic::unrelated, Astronomy::unrelated, Cartography::unrelated, Commercial Mathematics::unrelated, Construction::unrelated, Cosmography::unrelated, Geography::unrelated, Gnomonics & Horology::unrelated, Instrument Construction::unrelated, Instrument Use::unrelated, Mechanics::unrelated, Military Engineering::unrelated, Music Theory::unrelated, Navigation::unrelated, Perspective::unrelated, Practical Geometry::unrelated, Surveying::unrelated, Theoretical Mathematics::unrelated, Trigonometry::unrelated"
"93PZQ5","1505, Toul - De artificiali perspectiva. Viator","Subject Categories","Classifies each edition against a fixed list of mathematical and related subject categories.","final_hybrid_v1_2026_06_03","Architecture::unrelated, Arithmetic::unrelated, Astronomy::unrelated, Cartography::unrelated, Commercial Mathematics::unrelated, Construction::unrelated, Cosmography::unrelated, Geography::unrelated, Gnomonics & Horology::unrelated, Instrument Construction::unrelated, Instrument Use::unrelated, Mechanics::unrelated, Military Engineering::unrelated, Music Theory::unrelated, Navigation::unrelated, Perspective::primary, Practical Geometry::unrelated, Surveying::unrelated, Theoretical Mathematics::unrelated, Trigonometry::unrelated"
"XXI4KS","1509, Nuremberg - Von der kunnst perspectiva","Subject Categories","Classifies each edition against a fixed list of mathematical and related subject categories.","final_hybrid_v1_2026_06_03","Architecture::unknown, Arithmetic::unrelated, Astronomy::unrelated, Cartography::unrelated, Commercial Mathematics::unrelated, Construction::unrelated, Cosmography::unrelated, Geography::unrelated, Gnomonics & Horology::unrelated, Instrument Construction::unrelated, Instrument Use::unrelated, Mechanics::unrelated, Military Engineering::unrelated, Music Theory::unrelated, Navigation::unrelated, Perspective::primary, Practical Geometry::unknown, Surveying::unrelated, Theoretical Mathematics::unrelated, Trigonometry::unrelated"
"bib-167","1511, Paris - Q uehoc volumine
 continetur.
 Liber de intellectu.
 Liber de sensu.
 Liber de nichilo.
 Ars oppositorum.
 Liber de generatio...","Subject Categories","Classifies each edition against a fixed list of mathematical and related subject categories.","final_hybrid_v1_2026_06_03","Architecture::unrelated, Arithmetic::unrelated, Astronomy::unrelated, Cartography::unrelated, Commercial Mathematics::unrelated, Construction::unrelated, Cosmography::unrelated, Geography::unrelated, Gnomonics & Horology::unrelated, Instrument Construction::unrelated, Instrument Use::unrelated, Mechanics::unrelated, Military Engineering::unrelated, Music Theory::unrelated, Navigation::unrelated, Perspective::unrelated, Practical Geometry::unrelated, Surveying::unrelated, Theoretical Mathematics::primary, Trigonometry::unrelated"
"bib-168","1513, Paris - Caroli Houilliae
marobrini. Quaestionum Theologicarum Libri
septem: cetenas atque ita in universum septinge-
tas quaestiones ...","Subject Categories","Classifies each edition against a fixed list of mathematical and related subject categories.","final_hybrid_v1_2026_06_03","Architecture::unrelated, Arithmetic::unrelated, Astronomy::unrelated, Cartography::unrelated, Commercial Mathematics::unrelated, Construction::unrelated, Cosmography::unrelated, Geography::unrelated, Gnomonics & Horology::unrelated, Instrument Construction::unrelated, Instrument Use::unrelated, Mechanics::unrelated, Military Engineering::unrelated, Music Theory::unrelated, Navigation::unrelated, Perspective::unrelated, Practical Geometry::unrelated, Surveying::unrelated, Theoretical Mathematics::unrelated, Trigonometry::unrelated"
"bib-277","1514, Augsburg - Ain New geordnet Rech
en Biechlin auf den Linien
mit Rechen pfenningen: den
Jungen anzenden zu beüß-
lichem gebrauch und benö...","Subject Categories","Classifies each edition against a fixed list of mathematical and related subject categories.","final_hybrid_v1_2026_06_03","Architecture::unrelated, Arithmetic::primary, Astronomy::unrelated, Cartography::unrelated, Commercial Mathematics::primary, Construction::unrelated, Cosmography::unrelated, Geography::unrelated, Gnomonics & Horology::unrelated, Instrument Construction::unrelated, Instrument Use::unrelated, Mechanics::unrelated, Military Engineering::unrelated, Music Theory::unrelated, Navigation::unrelated, Perspective::unrelated, Practical Geometry::unknown, Surveying::unrelated, Theoretical Mathematics::unrelated, Trigonometry::unrelated"
"bib-176","1514, Paris - HÆC ACCVRATA RECOGNITIO TRI-
VM VOLVMINVM OPERVM CLA-
RISS. P. NICOLAI CUSÆ CARD.
EX OFFICINA ASCENSIA-
NA RECENTER EMISSA
ES...","Subject Categories","Classifies each edition against a fixed list of mathematical and related subject categories.","final_hybrid_v1_2026_06_03","Architecture::unknown, Arithmetic::unrelated, Astronomy::unrelated, Cartography::unrelated, Commercial Mathematics::unrelated, Construction::unrelated, Cosmography::unrelated, Geography::unrelated, Gnomonics & Horology::unrelated, Instrument Construction::unrelated, Instrument Use::unknown, Mechanics::unrelated, Military Engineering::unrelated, Music Theory::unrelated, Navigation::unrelated, Perspective::unrelated, Practical Geometry::unknown, Surveying::unrelated, Theoretical Mathematics::unknown, Trigonometry::unrelated"
"N000JX","1516, Alcala - Cursus quattuor mathematicarum artium liberalium","Subject Categories","Classifies each edition against a fixed list of mathematical and related subject categories.","final_hybrid_v1_2026_06_03","Architecture::unrelated, Arithmetic::primary, Astronomy::primary, Cartography::unrelated, Commercial Mathematics::unrelated, Construction::unrelated, Cosmography::unrelated, Geography::unrelated, Gnomonics & Horology::unrelated, Instrument Construction::unrelated, Instrument Use::unknown, Mechanics::unrelated, Military Engineering::unrelated, Music Theory::primary, Navigation::unrelated, Perspective::unrelated, Practical Geometry::unknown, Surveying::unrelated, Theoretical Mathematics::unrelated, Trigonometry::unrelated"
"bib-225","1518, Augsburg - Ain neu geordnet rechenbuechlein mitt den zyffern: den angenden schulern zu nutz","Subject Categories","Classifies each edition against a fixed list of mathematical and related subject categories.","final_hybrid_v1_2026_06_03","Architecture::unrelated, Arithmetic::primary, Astronomy::unrelated, Cartography::unrelated, Commercial Mathematics::unrelated, Construction::unrelated, Cosmography::unrelated, Geography::unrelated, Gnomonics & Horology::unrelated, Instrument Construction::unrelated, Instrument Use::unrelated, Mechanics::unrelated, Military Engineering::unrelated, Music Theory::unrelated, Navigation::unrelated, Perspective::unrelated, Practical Geometry::unrelated, Surveying::unrelated, Theoretical Mathematics::unrelated, Trigonometry::unrelated"
"bib-239","1521, Nuremberg - Ayn new kunstlich buech welches gar gewiß und behend lernet nach der gemainen regel detre welschen practic regeln falsi und e...","Subject Categories","Classifies each edition against a fixed list of mathematical and related subject categories.","final_hybrid_v1_2026_06_03","Architecture::unrelated, Arithmetic::unknown, Astronomy::unknown, Cartography::unrelated, Commercial Mathematics::primary, Construction::unrelated, Cosmography::unrelated, Geography::unrelated, Gnomonics & Horology::unrelated, Instrument Construction::unrelated, Instrument Use::unknown, Mechanics::unrelated, Military Engineering::unrelated, Music Theory::secondary, Navigation::unrelated, Perspective::unrelated, Practical Geometry::primary, Surveying::unrelated, Theoretical Mathematics::unrelated, Trigonometry::unrelated"
"bib-8","1525, Nuremberg - Underweysung der messung mit dem zirckel und richtscheyt in linien ebnen unnd gantzen corporen durch Albrecht duerer zu samen...","Subject Categories","Classifies each edition against a fixed list of mathematical and related subject categories.","final_hybrid_v1_2026_06_03","Architecture::unrelated, Arithmetic::unrelated, Astronomy::unrelated, Cartography::unrelated, Commercial Mathematics::unrelated, Construction::unrelated, Cosmography::unrelated, Geography::unrelated, Gnomonics & Horology::unrelated, Instrument Construction::unrelated, Instrument Use::secondary, Mechanics::unrelated, Military Engineering::unrelated, Music Theory::unrelated, Navigation::unrelated, Perspective::unrelated, Practical Geometry::primary, Surveying::unrelated, Theoretical Mathematics::unrelated, Trigonometry::unrelated"
"6PMNRZ","1526, Paris - Arithmetica theoricen praxinque luculenter complexa","Subject Categories","Classifies each edition against a fixed list of mathematical and related subject categories.","final_hybrid_v1_2026_06_03","Architecture::unrelated, Arithmetic::primary, Astronomy::unrelated, Cartography::unrelated, Commercial Mathematics::primary, Construction::unrelated, Cosmography::unrelated, Geography::unrelated, Gnomonics & Horology::unrelated, Instrument Construction::unrelated, Instrument Use::unrelated, Mechanics::unrelated, Military Engineering::unrelated, Music Theory::unrelated, Navigation::unrelated, Perspective::unrelated, Practical Geometry::unrelated, Surveying::unrelated, Theoretical Mathematics::unrelated, Trigonometry::unrelated"
"bib-278","1527, Augsburg - Rechnung auff der
Linien vnd Federn/Auff
allerley handthierung ge-
macht durch Adam
Risen.","Subject Categories","Classifies each edition against a fixed list of mathematical and related subject categories.","final_hybrid_v1_2026_06_03","Architecture::unrelated, Arithmetic::primary, Astronomy::unrelated, Cartography::unrelated, Commercial Mathematics::primary, Construction::unrelated, Cosmography::unrelated, Geography::unrelated, Gnomonics & Horology::unrelated, Instrument Construction::unrelated, Instrument Use::unrelated, Mechanics::unrelated, Military Engineering::unrelated, Music Theory::unrelated, Navigation::unrelated, Perspective::unrelated, Practical Geometry::unrelated, Surveying::unrelated, Theoretical Mathematics::unrelated, Trigonometry::unrelated"
"Strasbourg_1529","1529, Strasbourg - Elementale geometricum, ex Euclidis geometria","Subject Categories","Classifies each edition against a fixed list of mathematical and related subject categories.","final_hybrid_v1_2026_06_03","Architecture::unrelated, Arithmetic::unrelated, Astronomy::unrelated, Cartography::unrelated, Commercial Mathematics::unrelated, Construction::unrelated, Cosmography::unrelated, Geography::unrelated, Gnomonics & Horology::unrelated, Instrument Construction::unrelated, Instrument Use::unrelated, Mechanics::unrelated, Military Engineering::unrelated, Music Theory::unrelated, Navigation::unrelated, Perspective::unrelated, Practical Geometry::unknown, Surveying::unrelated, Theoretical Mathematics::unrelated, Trigonometry::unrelated"
"ZQIHYL","1531, Lyon - Opera, quae proxima pagina enumerantur","Subject Categories","Classifies each edition against a fixed list of mathematical and related subject categories.","final_hybrid_v1_2026_06_03","Architecture::unrelated, Arithmetic::unrelated, Astronomy::unrelated, Cartography::unrelated, Commercial Mathematics::unrelated, Construction::unrelated, Cosmography::unrelated, Geography::unrelated, Gnomonics & Horology::unrelated, Instrument Construction::unrelated, Instrument Use::unrelated, Mechanics::unrelated, Military Engineering::unrelated, Music Theory::unrelated, Navigation::unrelated, Perspective::unrelated, Practical Geometry::unrelated, Surveying::unrelated, Theoretical Mathematics::unrelated, Trigonometry::unrelated"
"C8SLYQ","1531, Simmern - EYn schön nützlich büchlin und underweisung der kunst des messens, mit dem Zirckel, Richtscheidt oder linial. Zu nutz allen k...","Subject Categories","Classifies each edition against a fixed list of mathematical and related subject categories.","final_hybrid_v1_2026_06_03","Architecture::secondary, Arithmetic::unrelated, Astronomy::unrelated, Cartography::unrelated, Commercial Mathematics::unrelated, Construction::unrelated, Cosmography::unrelated, Geography::unrelated, Gnomonics & Horology::unrelated, Instrument Construction::unrelated, Instrument Use::unrelated, Mechanics::unrelated, Military Engineering::unrelated, Music Theory::unrelated, Navigation::unrelated, Perspective::primary, Practical Geometry::primary, Surveying::unrelated, Theoretical Mathematics::unrelated, Trigonometry::unrelated"
"Paris_1532","1532, Paris - Protomathesis","Subject Categories","Classifies each edition against a fixed list of mathematical and related subject categories.","final_hybrid_v1_2026_06_03","Architecture::unknown, Arithmetic::unrelated, Astronomy::unrelated, Cartography::unrelated, Commercial Mathematics::unrelated, Construction::unrelated, Cosmography::unrelated, Geography::unrelated, Gnomonics & Horology::unrelated, Instrument Construction::unrelated, Instrument Use::unknown, Mechanics::unrelated, Military Engineering::unrelated, Music Theory::unrelated, Navigation::unrelated, Perspective::unrelated, Practical Geometry::primary, Surveying::unrelated, Theoretical Mathematics::unrelated, Trigonometry::unrelated"
"Nuremberg_1539","1539, Nuremberg - Das erst buch der geometria. Ein kurtze unterweisung was und warauff geometria gegruendet sey und wie man allerley lini flech...","Subject Categories","Classifies each edition against a fixed list of mathematical and related subject categories.","final_hybrid_v1_2026_06_03","Architecture::secondary, Arithmetic::unrelated, Astronomy::unrelated, Cartography::unrelated, Commercial Mathematics::unrelated, Construction::unrelated, Cosmography::unrelated, Geography::unrelated, Gnomonics & Horology::unrelated, Instrument Construction::unrelated, Instrument Use::secondary, Mechanics::unrelated, Military Engineering::unrelated, Music Theory::unrelated, Navigation::unrelated, Perspective::unrelated, Practical Geometry::primary, Surveying::unrelated, Theoretical Mathematics::unrelated, Trigonometry::unrelated"
"bib-1","1542, Paris - Livre singulier et utile touchant l'art et practique de geometrie","Subject Categories","Classifies each edition against a fixed list of mathematical and related subject categories.","final_hybrid_v1_2026_06_03","Architecture::unrelated, Arithmetic::unrelated, Astronomy::unrelated, Cartography::unrelated, Commercial Mathematics::unrelated, Construction::unrelated, Cosmography::unrelated, Geography::unrelated, Gnomonics & Horology::unrelated, Instrument Construction::unrelated, Instrument Use::unrelated, Mechanics::unrelated, Military Engineering::unrelated, Music Theory::unrelated, Navigation::unrelated, Perspective::unrelated, Practical Geometry::primary, Surveying::unrelated, Theoretical Mathematics::unrelated, Trigonometry::unrelated"
"Z0K13S","1543, Nuremberg - De revolutionibus orbium coelestium, libri VI.","Subject Categories","Classifies each edition against a fixed list of mathematical and related subject categories.","final_hybrid_v1_2026_06_03","Architecture::unrelated, Arithmetic::unrelated, Astronomy::primary, Cartography::unrelated, Commercial Mathematics::unrelated, Construction::unrelated, Cosmography::unrelated, Geography::unrelated, Gnomonics & Horology::unrelated, Instrument Construction::unrelated, Instrument Use::unrelated, Mechanics::unrelated, Military Engineering::unrelated, Music Theory::unrelated, Navigation::unrelated, Perspective::unrelated, Practical Geometry::unrelated, Surveying::unrelated, Theoretical Mathematics::unrelated, Trigonometry::unrelated"
"ZN24V0","1543, Nuremberg - Ein aigentliche und grundtliche anweysung in die geometria, sonderlich aber wie alle regulierte und unregulierte corpora in d...","Subject Categories","Classifies each edition against a fixed list of mathematical and related subject categories.","final_hybrid_v1_2026_06_03","Architecture::primary, Arithmetic::unrelated, Astronomy::unrelated, Cartography::unrelated, Commercial Mathematics::unrelated, Construction::unrelated, Cosmography::unrelated, Geography::unrelated, Gnomonics & Horology::unrelated, Instrument Construction::unrelated, Instrument Use::unknown, Mechanics::unrelated, Military Engineering::unrelated, Music Theory::unrelated, Navigation::unrelated, Perspective::primary, Practical Geometry::primary, Surveying::unrelated, Theoretical Mathematics::unrelated, Trigonometry::unrelated"
"bib-9","1544, Strasbourg - ORONTII FINEI DELPHINA-
TIS, LUTETIAE LIBERALIVM
disciplinarum Professoris regij
LIBER
DE GEOMETRIA
PRACTICA, SIVE DE
practic...","Subject Categories","Classifies each edition against a fixed list of mathematical and related subject categories.","final_hybrid_v1_2026_06_03","Architecture::unrelated, Arithmetic::unrelated, Astronomy::unrelated, Cartography::unrelated, Commercial Mathematics::unrelated, Construction::unrelated, Cosmography::unrelated, Geography::unrelated, Gnomonics & Horology::unrelated, Instrument Construction::unrelated, Instrument Use::secondary, Mechanics::secondary, Military Engineering::unrelated, Music Theory::unrelated, Navigation::unrelated, Perspective::unrelated, Practical Geometry::primary, Surveying::unrelated, Theoretical Mathematics::unrelated, Trigonometry::unrelated"
"QWCWLH","1545, Paris - Il primo libro [-secondo] d'architettura, di Sabastiano Serlio, bolognese. Le premier liure d'architecture de Sebastian Serli...","Subject Categories","Classifies each edition against a fixed list of mathematical and related subject categories.","final_hybrid_v1_2026_06_03","Architecture::primary, Arithmetic::unrelated, Astronomy::unrelated, Cartography::unrelated, Commercial Mathematics::unrelated, Construction::unrelated, Cosmography::unrelated, Geography::unrelated, Gnomonics & Horology::unrelated, Instrument Construction::unrelated, Instrument Use::unrelated, Mechanics::unrelated, Military Engineering::unrelated, Music Theory::unrelated, Navigation::unrelated, Perspective::unrelated, Practical Geometry::unrelated, Surveying::unrelated, Theoretical Mathematics::unrelated, Trigonometry::unrelated"
"bib-222","1546, London - An introduction for to lerne to recken with the pen or with the counters, accordyng to the trewe cast of algorisme, in hole n...","Subject Categories","Classifies each edition against a fixed list of mathematical and related subject categories.","final_hybrid_v1_2026_06_03","Architecture::unrelated, Arithmetic::primary, Astronomy::unrelated, Cartography::unrelated, Commercial Mathematics::primary, Construction::unrelated, Cosmography::unrelated, Geography::unrelated, Gnomonics & Horology::unrelated, Instrument Construction::unrelated, Instrument Use::unrelated, Mechanics::unrelated, Military Engineering::unrelated, Music Theory::unrelated, Navigation::unrelated, Perspective::unrelated, Practical Geometry::unrelated, Surveying::unrelated, Theoretical Mathematics::unrelated, Trigonometry::unrelated"
"bib-211","1547, Antwerp - Een sonderlinghe pro-
fytelijck boeck / aenghaende de Constle ende
practijcke van Geometrien / onlancx in
François beschreuen...","Subject Categories","Classifies each edition against a fixed list of mathematical and related subject categories.","final_hybrid_v1_2026_06_03","Architecture::unrelated, Arithmetic::unrelated, Astronomy::unrelated, Cartography::unrelated, Commercial Mathematics::unrelated, Construction::unrelated, Cosmography::unrelated, Geography::unrelated, Gnomonics & Horology::unrelated, Instrument Construction::unrelated, Instrument Use::secondary, Mechanics::unrelated, Military Engineering::unrelated, Music Theory::unrelated, Navigation::unrelated, Perspective::unrelated, Practical Geometry::primary, Surveying::unrelated, Theoretical Mathematics::unrelated, Trigonometry::unrelated"
"6X6R6Y","1547, Nuremberg - Der furnembsten notwendigsten der gantzen Architectur angehoerigen mathemathischen und mechanischen kuenst","Subject Categories","Classifies each edition against a fixed list of mathematical and related subject categories.","final_hybrid_v1_2026_06_03","Architecture::primary, Arithmetic::unrelated, Astronomy::unrelated, Cartography::unrelated, Commercial Mathematics::unrelated, Construction::primary, Cosmography::unrelated, Geography::unrelated, Gnomonics & Horology::unrelated, Instrument Construction::unrelated, Instrument Use::secondary, Mechanics::unrelated, Military Engineering::secondary, Music Theory::unrelated, Navigation::unrelated, Perspective::primary, Practical Geometry::primary, Surveying::unrelated, Theoretical Mathematics::unrelated, Trigonometry::unrelated"
"bib-2","1547, Paris - Geometrie practique,
composee par le noble Philosophe
maistre Charles de Bouelles, & nou
uellement par luy reueue, augmen-
té...","Subject Categories","Classifies each edition against a fixed list of mathematical and related subject categories.","final_hybrid_v1_2026_06_03","Architecture::unknown, Arithmetic::unrelated, Astronomy::unrelated, Cartography::unrelated, Commercial Mathematics::unrelated, Construction::unrelated, Cosmography::unrelated, Geography::unrelated, Gnomonics & Horology::unrelated, Instrument Construction::unrelated, Instrument Use::unknown, Mechanics::unrelated, Military Engineering::unrelated, Music Theory::unrelated, Navigation::unrelated, Perspective::unrelated, Practical Geometry::primary, Surveying::unrelated, Theoretical Mathematics::unrelated, Trigonometry::unrelated"
"bib-169","1552, Paris - L’SPHERE DU MON-
DE, PROPREMENT DITTE COS-
mographie, composée nouvellement en françois,
& divisée en cinq livres, comprenant...","Subject Categories","Classifies each edition against a fixed list of mathematical and related subject categories.","final_hybrid_v1_2026_06_03","Architecture::unrelated, Arithmetic::unrelated, Astronomy::primary, Cartography::secondary, Commercial Mathematics::unrelated, Construction::unrelated, Cosmography::primary, Geography::primary, Gnomonics & Horology::unrelated, Instrument Construction::unrelated, Instrument Use::unrelated, Mechanics::unrelated, Military Engineering::unrelated, Music Theory::unrelated, Navigation::unrelated, Perspective::unrelated, Practical Geometry::unknown, Surveying::unrelated, Theoretical Mathematics::unrelated, Trigonometry::unrelated"
"5KCP5R","1553, Antwerp - Den tweeden boeck van architecturen tracterende van perspectyven, dat is, het insien duer tvercorten","Subject Categories","Classifies each edition against a fixed list of mathematical and related subject categories.","final_hybrid_v1_2026_06_03","Architecture::primary, Arithmetic::unrelated, Astronomy::unrelated, Cartography::unrelated, Commercial Mathematics::unrelated, Construction::unrelated, Cosmography::unrelated, Geography::unrelated, Gnomonics & Horology::unrelated, Instrument Construction::unrelated, Instrument Use::unknown, Mechanics::unrelated, Military Engineering::unrelated, Music Theory::unrelated, Navigation::unrelated, Perspective::primary, Practical Geometry::secondary, Surveying::unrelated, Theoretical Mathematics::unrelated, Trigonometry::unrelated"
"bib-15","1554, Lyon -  L' Arithmetique de Jacques Peletier du Mans","Subject Categories","Classifies each edition against a fixed list of mathematical and related subject categories.","final_hybrid_v1_2026_06_03","Architecture::unrelated, Arithmetic::primary, Astronomy::unrelated, Cartography::unrelated, Commercial Mathematics::unrelated, Construction::unrelated, Cosmography::unrelated, Geography::unrelated, Gnomonics & Horology::unrelated, Instrument Construction::unrelated, Instrument Use::unrelated, Mechanics::unrelated, Military Engineering::unrelated, Music Theory::unrelated, Navigation::unrelated, Perspective::unrelated, Practical Geometry::unrelated, Surveying::unrelated, Theoretical Mathematics::unrelated, Trigonometry::unrelated"
"bib-82","1554, Lyon - Io. Buteonis delphinatici opera geometrica","Subject Categories","Classifies each edition against a fixed list of mathematical and related subject categories.","final_hybrid_v1_2026_06_03","Architecture::unrelated, Arithmetic::unrelated, Astronomy::unrelated, Cartography::unrelated, Commercial Mathematics::secondary, Construction::secondary, Cosmography::unrelated, Geography::unrelated, Gnomonics & Horology::unrelated, Instrument Construction::unrelated, Instrument Use::secondary, Mechanics::secondary, Military Engineering::secondary, Music Theory::unrelated, Navigation::unrelated, Perspective::unrelated, Practical Geometry::primary, Surveying::unrelated, Theoretical Mathematics::secondary, Trigonometry::unrelated"
"bib-46","1555, Paris -  Usaige Et description de l'holometre","Subject Categories","Classifies each edition against a fixed list of mathematical and related subject categories.","final_hybrid_v1_2026_06_03","Architecture::unrelated, Arithmetic::unrelated, Astronomy::unrelated, Cartography::secondary, Commercial Mathematics::unrelated, Construction::unrelated, Cosmography::unrelated, Geography::unrelated, Gnomonics & Horology::unrelated, Instrument Construction::unrelated, Instrument Use::primary, Mechanics::unrelated, Military Engineering::unrelated, Music Theory::unrelated, Navigation::unrelated, Perspective::unrelated, Practical Geometry::primary, Surveying::primary, Theoretical Mathematics::unrelated, Trigonometry::unrelated"
"ustc-44","1555, Paris - GEOMETRIE
PRACTIQVE, COMPOSEE
par le noble Philosophe maïstre Charles
de Bouelles, & nouuellement par
luy reueue, augmentée, ...","Subject Categories","Classifies each edition against a fixed list of mathematical and related subject categories.","final_hybrid_v1_2026_06_03","Architecture::unrelated, Arithmetic::unrelated, Astronomy::unrelated, Cartography::unrelated, Commercial Mathematics::unrelated, Construction::unrelated, Cosmography::unrelated, Geography::unrelated, Gnomonics & Horology::unrelated, Instrument Construction::unrelated, Instrument Use::unknown, Mechanics::unrelated, Military Engineering::unrelated, Music Theory::unrelated, Navigation::unrelated, Perspective::unrelated, Practical Geometry::primary, Surveying::unrelated, Theoretical Mathematics::unrelated, Trigonometry::unrelated"
"L8R7FQ","1556, Paris - L'arithmetique","Subject Categories","Classifies each edition against a fixed list of mathematical and related subject categories.","final_hybrid_v1_2026_06_03","Architecture::unrelated, Arithmetic::primary, Astronomy::unrelated, Cartography::unrelated, Commercial Mathematics::unrelated, Construction::unrelated, Cosmography::unrelated, Geography::unrelated, Gnomonics & Horology::unrelated, Instrument Construction::unrelated, Instrument Use::unrelated, Mechanics::unrelated, Military Engineering::unrelated, Music Theory::unrelated, Navigation::unrelated, Perspective::unrelated, Practical Geometry::unrelated, Surveying::unrelated, Theoretical Mathematics::unrelated, Trigonometry::unrelated"
"bib-23","1556, Venice - LA SECONDA PARTE
DEL GENERAL TRATTATO DI
NUMERI, ET MISVRE DI NICOLO TARTAGLIA,

NELLA QVALE IN VNDICI LIBRI SI NOTIFICA LA
P...","Subject Categories","Classifies each edition against a fixed list of mathematical and related subject categories.","final_hybrid_v1_2026_06_03","Architecture::unrelated, Arithmetic::primary, Astronomy::unrelated, Cartography::unrelated, Commercial Mathematics::unrelated, Construction::unrelated, Cosmography::unrelated, Geography::unrelated, Gnomonics & Horology::unrelated, Instrument Construction::unrelated, Instrument Use::unrelated, Mechanics::unrelated, Military Engineering::unrelated, Music Theory::unrelated, Navigation::unrelated, Perspective::unrelated, Practical Geometry::unrelated, Surveying::unrelated, Theoretical Mathematics::secondary, Trigonometry::unrelated"
"VWMZ7L","1557, Paris - De arithmetica, musica, geometria et Proclus de sphaera","Subject Categories","Classifies each edition against a fixed list of mathematical and related subject categories.","final_hybrid_v1_2026_06_03","Architecture::unrelated, Arithmetic::primary, Astronomy::primary, Cartography::unrelated, Commercial Mathematics::unrelated, Construction::unrelated, Cosmography::unrelated, Geography::unrelated, Gnomonics & Horology::unrelated, Instrument Construction::unrelated, Instrument Use::unrelated, Mechanics::unrelated, Military Engineering::unrelated, Music Theory::primary, Navigation::unrelated, Perspective::unrelated, Practical Geometry::unknown, Surveying::unrelated, Theoretical Mathematics::primary, Trigonometry::unrelated"
"4TJF1A","1557, Paris - Le second livre de l'arithmetique","Subject Categories","Classifies each edition against a fixed list of mathematical and related subject categories.","final_hybrid_v1_2026_06_03","Architecture::unrelated, Arithmetic::primary, Astronomy::unrelated, Cartography::unrelated, Commercial Mathematics::unrelated, Construction::unrelated, Cosmography::unrelated, Geography::unrelated, Gnomonics & Horology::unrelated, Instrument Construction::unrelated, Instrument Use::unrelated, Mechanics::unrelated, Military Engineering::unrelated, Music Theory::unrelated, Navigation::unrelated, Perspective::unrelated, Practical Geometry::unrelated, Surveying::unrelated, Theoretical Mathematics::primary, Trigonometry::unrelated"
"6AMYTJ","1557, Paris - Le troysiesme livre de l'arithmetique","Subject Categories","Classifies each edition against a fixed list of mathematical and related subject categories.","final_hybrid_v1_2026_06_03","Architecture::unrelated, Arithmetic::primary, Astronomy::unrelated, Cartography::unrelated, Commercial Mathematics::unrelated, Construction::unrelated, Cosmography::unrelated, Geography::unrelated, Gnomonics & Horology::unrelated, Instrument Construction::unrelated, Instrument Use::unrelated, Mechanics::unrelated, Military Engineering::unrelated, Music Theory::unrelated, Navigation::unrelated, Perspective::unrelated, Practical Geometry::unrelated, Surveying::unrelated, Theoretical Mathematics::secondary, Trigonometry::unrelated"
"bib-147","1557, Venice - Due dialoghi di m. Iacomo de' Lanteri da Paratico bresciano; ne i quali s'introduce messer Girolamo Catanio novarese & messer...","Subject Categories","Classifies each edition against a fixed list of mathematical and related subject categories.","final_hybrid_v1_2026_06_03","Architecture::primary, Arithmetic::unrelated, Astronomy::unrelated, Cartography::unrelated, Commercial Mathematics::unrelated, Construction::unrelated, Cosmography::unrelated, Geography::unrelated, Gnomonics & Horology::unrelated, Instrument Construction::unrelated, Instrument Use::unrelated, Mechanics::unrelated, Military Engineering::primary, Music Theory::unrelated, Navigation::unrelated, Perspective::unrelated, Practical Geometry::primary, Surveying::unrelated, Theoretical Mathematics::unrelated, Trigonometry::unrelated"
"bib-123","1558, Lyon - Due breui e facili trattati, il primo d'arithmetica, l'altro de geometria, ne i quali si contengono alcune cose nuoue piaceuo...","Subject Categories","Classifies each edition against a fixed list of mathematical and related subject categories.","final_hybrid_v1_2026_06_03","Architecture::unknown, Arithmetic::primary, Astronomy::unrelated, Cartography::unrelated, Commercial Mathematics::unrelated, Construction::unrelated, Cosmography::unrelated, Geography::unrelated, Gnomonics & Horology::unrelated, Instrument Construction::unrelated, Instrument Use::unrelated, Mechanics::unrelated, Military Engineering::unrelated, Music Theory::unrelated, Navigation::unrelated, Perspective::unrelated, Practical Geometry::primary, Surveying::unrelated, Theoretical Mathematics::unrelated, Trigonometry::unrelated"
"bib-41","1558, Venice - PTOLEMAEI
PLANISPHAERIVM.
IORDANI PLANISPHAERIVM.

FEDERICI COMMANDINI
VRBINATIS IN PTOLEMAEI
PLANISPHAERIVM
COMMENTARIVS.

I...","Subject Categories","Classifies each edition against a fixed list of mathematical and related subject categories.","final_hybrid_v1_2026_06_03","Architecture::unrelated, Arithmetic::unrelated, Astronomy::primary, Cartography::unrelated, Commercial Mathematics::unrelated, Construction::unrelated, Cosmography::unrelated, Geography::unrelated, Gnomonics & Horology::unrelated, Instrument Construction::unrelated, Instrument Use::unrelated, Mechanics::unrelated, Military Engineering::unrelated, Music Theory::unrelated, Navigation::unrelated, Perspective::primary, Practical Geometry::secondary, Surveying::unrelated, Theoretical Mathematics::unrelated, Trigonometry::unrelated"
"bib-83","1559, Lyon - IOAN. BVTEONIS
DELPHINATIS
OPERA GEOME-
TRICA,

Qvorum titvli seqvntvr.

De arca Noë, cuius formæ, capacitatisq; fuerit.
De s...","Subject Categories","Classifies each edition against a fixed list of mathematical and related subject categories.","final_hybrid_v1_2026_06_03","Architecture::unrelated, Arithmetic::unrelated, Astronomy::unrelated, Cartography::unrelated, Commercial Mathematics::secondary, Construction::secondary, Cosmography::unrelated, Geography::unrelated, Gnomonics & Horology::unrelated, Instrument Construction::unrelated, Instrument Use::unknown, Mechanics::secondary, Military Engineering::secondary, Music Theory::unrelated, Navigation::unrelated, Perspective::unrelated, Practical Geometry::primary, Surveying::secondary, Theoretical Mathematics::unrelated, Trigonometry::unrelated"
"bib-251","1560, Cologne - De fixis stellis commentarius tabulae bergenses aequabilis et adparentis motus orbium coelestium. Ad illustrissimum principem...","Subject Categories","Classifies each edition against a fixed list of mathematical and related subject categories.","final_hybrid_v1_2026_06_03","Architecture::unrelated, Arithmetic::unrelated, Astronomy::primary, Cartography::unrelated, Commercial Mathematics::unrelated, Construction::unrelated, Cosmography::unrelated, Geography::unrelated, Gnomonics & Horology::unrelated, Instrument Construction::unrelated, Instrument Use::unrelated, Mechanics::unrelated, Military Engineering::unrelated, Music Theory::unrelated, Navigation::unrelated, Perspective::unrelated, Practical Geometry::unrelated, Surveying::unrelated, Theoretical Mathematics::unrelated, Trigonometry::unrelated"
"bib-276","1560, Padua - Procli Diadochi Lycii philosophi platonici ac mathematici probatissimi In primum Euclidis Elementorum librum commentariorum a...","Subject Categories","Classifies each edition against a fixed list of mathematical and related subject categories.","final_hybrid_v1_2026_06_03","Architecture::unrelated, Arithmetic::unrelated, Astronomy::unrelated, Cartography::unrelated, Commercial Mathematics::unrelated, Construction::unrelated, Cosmography::unrelated, Geography::unrelated, Gnomonics & Horology::unrelated, Instrument Construction::unrelated, Instrument Use::unrelated, Mechanics::unrelated, Military Engineering::unrelated, Music Theory::unrelated, Navigation::unrelated, Perspective::unrelated, Practical Geometry::primary, Surveying::unrelated, Theoretical Mathematics::primary, Trigonometry::unrelated"
"2I9HSY","1560, Paris - Livre de perspective","Subject Categories","Classifies each edition against a fixed list of mathematical and related subject categories.","final_hybrid_v1_2026_06_03","Architecture::unknown, Arithmetic::unrelated, Astronomy::unrelated, Cartography::unrelated, Commercial Mathematics::unrelated, Construction::unrelated, Cosmography::unrelated, Geography::unrelated, Gnomonics & Horology::unrelated, Instrument Construction::unrelated, Instrument Use::unrelated, Mechanics::unrelated, Military Engineering::unrelated, Music Theory::unrelated, Navigation::unrelated, Perspective::primary, Practical Geometry::unknown, Surveying::unrelated, Theoretical Mathematics::unrelated, Trigonometry::unrelated"
"bib-47","1561, Paris - Vsage.
ET DESCRIPTION
DE L’HOLOMETRE.

POUR SCAVOIR MESVRER
toutes choses qui sont soubs l’estanduë de
l’œil: Tant en longueu...","Subject Categories","Classifies each edition against a fixed list of mathematical and related subject categories.","final_hybrid_v1_2026_06_03","Architecture::unrelated, Arithmetic::unrelated, Astronomy::unrelated, Cartography::primary, Commercial Mathematics::unrelated, Construction::unrelated, Cosmography::unrelated, Geography::unrelated, Gnomonics & Horology::unrelated, Instrument Construction::unrelated, Instrument Use::primary, Mechanics::unrelated, Military Engineering::unrelated, Music Theory::unrelated, Navigation::unrelated, Perspective::unrelated, Practical Geometry::primary, Surveying::primary, Theoretical Mathematics::unrelated, Trigonometry::unrelated"
"bib-266","1563, Antwerp - Arithmetique de M. Valentin Mennher","Subject Categories","Classifies each edition against a fixed list of mathematical and related subject categories.","final_hybrid_v1_2026_06_03","Architecture::unrelated, Arithmetic::primary, Astronomy::unrelated, Cartography::unrelated, Commercial Mathematics::secondary, Construction::unrelated, Cosmography::unrelated, Geography::unrelated, Gnomonics & Horology::unrelated, Instrument Construction::unrelated, Instrument Use::unrelated, Mechanics::unrelated, Military Engineering::unrelated, Music Theory::unrelated, Navigation::unrelated, Perspective::unrelated, Practical Geometry::unrelated, Surveying::unrelated, Theoretical Mathematics::unrelated, Trigonometry::unrelated"
"bib-282","1563, Paris - l'art d'arithmetique","Subject Categories","Classifies each edition against a fixed list of mathematical and related subject categories.","final_hybrid_v1_2026_06_03","Architecture::unrelated, Arithmetic::primary, Astronomy::unrelated, Cartography::unrelated, Commercial Mathematics::unrelated, Construction::unrelated, Cosmography::unrelated, Geography::unrelated, Gnomonics & Horology::unrelated, Instrument Construction::unrelated, Instrument Use::unrelated, Mechanics::unrelated, Military Engineering::unrelated, Music Theory::unrelated, Navigation::unrelated, Perspective::unrelated, Practical Geometry::secondary, Surveying::unrelated, Theoretical Mathematics::unrelated, Trigonometry::unrelated"
"bib-91","1563, Venice - Libro di arithmetica & geometria speculativa & praticale, composto per maestro Francesco Feliciano da Lazesio veronese intitu...","Subject Categories","Classifies each edition against a fixed list of mathematical and related subject categories.","final_hybrid_v1_2026_06_03","Architecture::unrelated, Arithmetic::primary, Astronomy::unrelated, Cartography::unrelated, Commercial Mathematics::unrelated, Construction::unrelated, Cosmography::unrelated, Geography::unrelated, Gnomonics & Horology::unrelated, Instrument Construction::unrelated, Instrument Use::unrelated, Mechanics::unrelated, Military Engineering::unrelated, Music Theory::unrelated, Navigation::unrelated, Perspective::unrelated, Practical Geometry::primary, Surveying::unrelated, Theoretical Mathematics::primary, Trigonometry::unrelated"
"S105XB","1564, Frankfurt - Des circkels unnd richtscheyts auch der perspectiua und proportion der menschen und rosse kurtze doch gruendtliche underweisu...","Subject Categories","Classifies each edition against a fixed list of mathematical and related subject categories.","final_hybrid_v1_2026_06_03","Architecture::unrelated, Arithmetic::unrelated, Astronomy::unrelated, Cartography::unrelated, Commercial Mathematics::unrelated, Construction::unrelated, Cosmography::unrelated, Geography::unrelated, Gnomonics & Horology::unrelated, Instrument Construction::unrelated, Instrument Use::primary, Mechanics::unrelated, Military Engineering::unrelated, Music Theory::unrelated, Navigation::unrelated, Perspective::primary, Practical Geometry::primary, Surveying::unrelated, Theoretical Mathematics::unrelated, Trigonometry::unrelated"
"bib-285","1564, London - The Welspring
of Sciences,
which teacheth the per-
fecte worke and practise of
Arithmeticke both in vvhole
numbers & Fraction...","Subject Categories","Classifies each edition against a fixed list of mathematical and related subject categories.","final_hybrid_v1_2026_06_03","Architecture::unrelated, Arithmetic::primary, Astronomy::unrelated, Cartography::unrelated, Commercial Mathematics::unrelated, Construction::unrelated, Cosmography::unrelated, Geography::unrelated, Gnomonics & Horology::unrelated, Instrument Construction::unrelated, Instrument Use::unrelated, Mechanics::unrelated, Military Engineering::unrelated, Music Theory::unrelated, Navigation::unrelated, Perspective::unrelated, Practical Geometry::unrelated, Surveying::unrelated, Theoretical Mathematics::unrelated, Trigonometry::unrelated"
"bib-4","1564, Paris - Petit traicte de geometrie et d'horologiographie pratique","Subject Categories","Classifies each edition against a fixed list of mathematical and related subject categories.","final_hybrid_v1_2026_06_03","Architecture::unrelated, Arithmetic::unrelated, Astronomy::unrelated, Cartography::unrelated, Commercial Mathematics::unrelated, Construction::unrelated, Cosmography::unrelated, Geography::unrelated, Gnomonics & Horology::primary, Instrument Construction::unrelated, Instrument Use::secondary, Mechanics::unrelated, Military Engineering::unrelated, Music Theory::unrelated, Navigation::unrelated, Perspective::unrelated, Practical Geometry::primary, Surveying::unrelated, Theoretical Mathematics::unrelated, Trigonometry::unrelated"
"L3XLGB","1564, Poitiers - La maniere de fere les solaires, que communement on appelle quadrans","Subject Categories","Classifies each edition against a fixed list of mathematical and related subject categories.","final_hybrid_v1_2026_06_03","Architecture::unrelated, Arithmetic::unrelated, Astronomy::unrelated, Cartography::unrelated, Commercial Mathematics::unrelated, Construction::unrelated, Cosmography::unrelated, Geography::unrelated, Gnomonics & Horology::primary, Instrument Construction::primary, Instrument Use::secondary, Mechanics::unrelated, Military Engineering::unrelated, Music Theory::unrelated, Navigation::unrelated, Perspective::unrelated, Practical Geometry::secondary, Surveying::unrelated, Theoretical Mathematics::unrelated, Trigonometry::unrelated"
"bib-33","1564, Venice - Del modo di misurare le distantie, le superficie, i corpi, le piante, le provincie, le prospettiue, & tutte le altre cose ter...","Subject Categories","Classifies each edition against a fixed list of mathematical and related subject categories.","final_hybrid_v1_2026_06_03","Architecture::unrelated, Arithmetic::unrelated, Astronomy::unrelated, Cartography::unrelated, Commercial Mathematics::unrelated, Construction::unrelated, Cosmography::unrelated, Geography::unrelated, Gnomonics & Horology::unrelated, Instrument Construction::unrelated, Instrument Use::unrelated, Mechanics::unrelated, Military Engineering::unrelated, Music Theory::unrelated, Navigation::unrelated, Perspective::primary, Practical Geometry::primary, Surveying::primary, Theoretical Mathematics::unrelated, Trigonometry::unrelated"
"bib-39","1564, Venice - Della fortificatione delle città","Subject Categories","Classifies each edition against a fixed list of mathematical and related subject categories.","final_hybrid_v1_2026_06_03","Architecture::secondary, Arithmetic::unrelated, Astronomy::unrelated, Cartography::unrelated, Commercial Mathematics::unrelated, Construction::secondary, Cosmography::unrelated, Geography::unrelated, Gnomonics & Horology::unrelated, Instrument Construction::unrelated, Instrument Use::unrelated, Mechanics::unrelated, Military Engineering::primary, Music Theory::unrelated, Navigation::unrelated, Perspective::unrelated, Practical Geometry::unknown, Surveying::unrelated, Theoretical Mathematics::unrelated, Trigonometry::unrelated"
"UEIZFO","1565, Paris - Arithmetique entiere et abregee","Subject Categories","Classifies each edition against a fixed list of mathematical and related subject categories.","final_hybrid_v1_2026_06_03","Architecture::unrelated, Arithmetic::primary, Astronomy::unrelated, Cartography::unrelated, Commercial Mathematics::unrelated, Construction::unrelated, Cosmography::unrelated, Geography::unrelated, Gnomonics & Horology::unrelated, Instrument Construction::unrelated, Instrument Use::unrelated, Mechanics::unrelated, Military Engineering::unrelated, Music Theory::unrelated, Navigation::unrelated, Perspective::unrelated, Practical Geometry::unrelated, Surveying::unrelated, Theoretical Mathematics::unrelated, Trigonometry::unrelated"
"YCXMIJ","1565, Paris - Deux livres de Proclus du mouvement, traduict et commenté","Subject Categories","Classifies each edition against a fixed list of mathematical and related subject categories.","final_hybrid_v1_2026_06_03","Architecture::unrelated, Arithmetic::unrelated, Astronomy::unrelated, Cartography::unrelated, Commercial Mathematics::unrelated, Construction::unrelated, Cosmography::unrelated, Geography::unrelated, Gnomonics & Horology::unrelated, Instrument Construction::unrelated, Instrument Use::unrelated, Mechanics::primary, Military Engineering::unrelated, Music Theory::unrelated, Navigation::unrelated, Perspective::unrelated, Practical Geometry::unknown, Surveying::unrelated, Theoretical Mathematics::unrelated, Trigonometry::unrelated"
"bib-13","1565, Paris - La Practique de géométrie, descripte et démonstrée par Jean de Merliers","Subject Categories","Classifies each edition against a fixed list of mathematical and related subject categories.","final_hybrid_v1_2026_06_03","Architecture::unknown, Arithmetic::unrelated, Astronomy::unrelated, Cartography::unrelated, Commercial Mathematics::unrelated, Construction::unrelated, Cosmography::unrelated, Geography::unrelated, Gnomonics & Horology::unrelated, Instrument Construction::unrelated, Instrument Use::unknown, Mechanics::unrelated, Military Engineering::unrelated, Music Theory::unrelated, Navigation::unrelated, Perspective::unrelated, Practical Geometry::primary, Surveying::unrelated, Theoretical Mathematics::unrelated, Trigonometry::unrelated"
"YPQYIR","1565, Paris - Le livre d'Archimède des pois","Subject Categories","Classifies each edition against a fixed list of mathematical and related subject categories.","final_hybrid_v1_2026_06_03","Architecture::unrelated, Arithmetic::unrelated, Astronomy::unrelated, Cartography::unrelated, Commercial Mathematics::unrelated, Construction::unrelated, Cosmography::unrelated, Geography::unrelated, Gnomonics & Horology::unrelated, Instrument Construction::unrelated, Instrument Use::unrelated, Mechanics::primary, Military Engineering::unrelated, Music Theory::unrelated, Navigation::unrelated, Perspective::unrelated, Practical Geometry::unrelated, Surveying::unrelated, Theoretical Mathematics::unrelated, Trigonometry::unrelated"
"YQDZSW","1565, Paris - Le premier livre des choses egallement pesantes","Subject Categories","Classifies each edition against a fixed list of mathematical and related subject categories.","final_hybrid_v1_2026_06_03","Architecture::unrelated, Arithmetic::unrelated, Astronomy::unrelated, Cartography::unrelated, Commercial Mathematics::unrelated, Construction::unrelated, Cosmography::unrelated, Geography::unrelated, Gnomonics & Horology::unrelated, Instrument Construction::unrelated, Instrument Use::unrelated, Mechanics::primary, Military Engineering::unrelated, Music Theory::unrelated, Navigation::unrelated, Perspective::unrelated, Practical Geometry::unrelated, Surveying::unrelated, Theoretical Mathematics::unrelated, Trigonometry::unrelated"
"bib-27","1565, Venice - L’ARCHITETTVRA
DI LEON BATTISTA
ALBERTI
TRADOTTA IN LINGVA
Fiorentina da Cosimo Bartoli,
Gentilhuomo, & Academico
Fiorentino....","Subject Categories","Classifies each edition against a fixed list of mathematical and related subject categories.","final_hybrid_v1_2026_06_03","Architecture::primary, Arithmetic::unrelated, Astronomy::unrelated, Cartography::unrelated, Commercial Mathematics::unrelated, Construction::unrelated, Cosmography::unrelated, Geography::unrelated, Gnomonics & Horology::unrelated, Instrument Construction::unrelated, Instrument Use::unknown, Mechanics::unrelated, Military Engineering::unrelated, Music Theory::unrelated, Navigation::unrelated, Perspective::unrelated, Practical Geometry::unknown, Surveying::unrelated, Theoretical Mathematics::unrelated, Trigonometry::unrelated"
"K7DERJ","1567, Augsburg - Geometria et perspectiva. Hier inn etliche zerbrochne gebew den schreinr in eingelegter arbait dienstlich auch vil andern lie...","Subject Categories","Classifies each edition against a fixed list of mathematical and related subject categories.","final_hybrid_v1_2026_06_03","Architecture::unrelated, Arithmetic::unrelated, Astronomy::unrelated, Cartography::unrelated, Commercial Mathematics::unrelated, Construction::secondary, Cosmography::unrelated, Geography::unrelated, Gnomonics & Horology::unrelated, Instrument Construction::unrelated, Instrument Use::unrelated, Mechanics::unrelated, Military Engineering::unrelated, Music Theory::unrelated, Navigation::unrelated, Perspective::primary, Practical Geometry::primary, Surveying::unrelated, Theoretical Mathematics::unrelated, Trigonometry::unrelated"
"bib-151","1567, Brescia - TAVOLE BREVISSIME
PER SAPERE CON PRESTEZZA
QVANTE FILE VANNO A FORMARE VNA
GVISTISSIMA BATTAGLIA.

CON LI SVOI ARMATI DI CORS...","Subject Categories","Classifies each edition against a fixed list of mathematical and related subject categories.","final_hybrid_v1_2026_06_03","Architecture::unrelated, Arithmetic::primary, Astronomy::unrelated, Cartography::unrelated, Commercial Mathematics::unrelated, Construction::unrelated, Cosmography::unrelated, Geography::unrelated, Gnomonics & Horology::unrelated, Instrument Construction::unrelated, Instrument Use::unrelated, Mechanics::unrelated, Military Engineering::primary, Music Theory::unrelated, Navigation::unrelated, Perspective::unrelated, Practical Geometry::unknown, Surveying::unrelated, Theoretical Mathematics::unrelated, Trigonometry::unrelated"
"bib-44","1567, Paris - LE
PREMIER
TOME DE L’AR
CHITECTVRE DE
PHILIBERT
DE L’ORME, CON
SEILLIER, ET AUMO
nier ordinaire du Roy,
& Abbé de S. Serge
le...","Subject Categories","Classifies each edition against a fixed list of mathematical and related subject categories.","final_hybrid_v1_2026_06_03","Architecture::primary, Arithmetic::unrelated, Astronomy::unrelated, Cartography::unrelated, Commercial Mathematics::unrelated, Construction::unrelated, Cosmography::unrelated, Geography::unrelated, Gnomonics & Horology::unrelated, Instrument Construction::unrelated, Instrument Use::unrelated, Mechanics::unrelated, Military Engineering::unrelated, Music Theory::unrelated, Navigation::unrelated, Perspective::unrelated, Practical Geometry::unknown, Surveying::unrelated, Theoretical Mathematics::unrelated, Trigonometry::unrelated"
"bib-71","1567, Venice - M. VITRVVII POLLIONIS
DE ARCHITECTVRA
LIBRI DECEM,

CVM COMMENTARIIS
DANIELIS BARBARI,
ELECTI PATRIARCHAE
AQVILEIENSIS;

MVLT...","Subject Categories","Classifies each edition against a fixed list of mathematical and related subject categories.","final_hybrid_v1_2026_06_03","Architecture::primary, Arithmetic::unrelated, Astronomy::unrelated, Cartography::unrelated, Commercial Mathematics::unrelated, Construction::unrelated, Cosmography::unrelated, Geography::unrelated, Gnomonics & Horology::secondary, Instrument Construction::unrelated, Instrument Use::unrelated, Mechanics::secondary, Military Engineering::unrelated, Music Theory::unrelated, Navigation::unrelated, Perspective::unrelated, Practical Geometry::secondary, Surveying::unrelated, Theoretical Mathematics::unrelated, Trigonometry::unrelated"
"MIZPJ8","1568, Nuremberg - Perspectiva. Corporum regulariuM. Das ist ein fleyssige fürweysung wie die fünff regulirten cörper, darvon Plato inn Timaeo u...","Subject Categories","Classifies each edition against a fixed list of mathematical and related subject categories.","final_hybrid_v1_2026_06_03","Architecture::unrelated, Arithmetic::unrelated, Astronomy::unrelated, Cartography::unrelated, Commercial Mathematics::unrelated, Construction::unrelated, Cosmography::unrelated, Geography::unrelated, Gnomonics & Horology::unrelated, Instrument Construction::unrelated, Instrument Use::unrelated, Mechanics::unrelated, Military Engineering::unrelated, Music Theory::unrelated, Navigation::unrelated, Perspective::primary, Practical Geometry::secondary, Surveying::unrelated, Theoretical Mathematics::unrelated, Trigonometry::unrelated"
"0NKS71","1568, Paris - La description d'un aneau horaire","Subject Categories","Classifies each edition against a fixed list of mathematical and related subject categories.","final_hybrid_v1_2026_06_03","Architecture::unrelated, Arithmetic::unrelated, Astronomy::unrelated, Cartography::unrelated, Commercial Mathematics::unrelated, Construction::unrelated, Cosmography::unrelated, Geography::unrelated, Gnomonics & Horology::primary, Instrument Construction::unrelated, Instrument Use::secondary, Mechanics::unrelated, Military Engineering::unrelated, Music Theory::unrelated, Navigation::unrelated, Perspective::unrelated, Practical Geometry::secondary, Surveying::unrelated, Theoretical Mathematics::unrelated, Trigonometry::unrelated"
"bib-18","1568, Salamanca - Obra intitulada fragmentos mathematicos","Subject Categories","Classifies each edition against a fixed list of mathematical and related subject categories.","final_hybrid_v1_2026_06_03","Architecture::unrelated, Arithmetic::unrelated, Astronomy::primary, Cartography::unrelated, Commercial Mathematics::unrelated, Construction::unrelated, Cosmography::unrelated, Geography::secondary, Gnomonics & Horology::secondary, Instrument Construction::unrelated, Instrument Use::primary, Mechanics::unrelated, Military Engineering::unrelated, Music Theory::unrelated, Navigation::secondary, Perspective::unrelated, Practical Geometry::primary, Surveying::unrelated, Theoretical Mathematics::unknown, Trigonometry::unrelated"
"bib-26","1568, Venice - OPVSCOLI MORALI
DI
LEON BATTISTA
ALBERTI
GENTIL’HUOMO FIRENTINO,

Ne’ quali si contengono molti ammaestramenti,
necessarii al...","Subject Categories","Classifies each edition against a fixed list of mathematical and related subject categories.","final_hybrid_v1_2026_06_03","Architecture::unrelated, Arithmetic::unrelated, Astronomy::unrelated, Cartography::unrelated, Commercial Mathematics::unrelated, Construction::unrelated, Cosmography::unrelated, Geography::unrelated, Gnomonics & Horology::unrelated, Instrument Construction::unrelated, Instrument Use::unrelated, Mechanics::unrelated, Military Engineering::unrelated, Music Theory::unrelated, Navigation::unrelated, Perspective::unrelated, Practical Geometry::unrelated, Surveying::unrelated, Theoretical Mathematics::unrelated, Trigonometry::unrelated"
"bib-21","1569, Basel - P. Rami arithmeticae libri duo: geometriae septem et viginti","Subject Categories","Classifies each edition against a fixed list of mathematical and related subject categories.","final_hybrid_v1_2026_06_03","Architecture::unrelated, Arithmetic::primary, Astronomy::unrelated, Cartography::unrelated, Commercial Mathematics::unrelated, Construction::unrelated, Cosmography::unrelated, Geography::unrelated, Gnomonics & Horology::unrelated, Instrument Construction::unrelated, Instrument Use::unrelated, Mechanics::unrelated, Military Engineering::unrelated, Music Theory::unrelated, Navigation::unrelated, Perspective::unrelated, Practical Geometry::primary, Surveying::unrelated, Theoretical Mathematics::unrelated, Trigonometry::unrelated"
"Valencia_1569","1569, Valencia - Elementa Arithmeticae ac Geometriae","Subject Categories","Classifies each edition against a fixed list of mathematical and related subject categories.","final_hybrid_v1_2026_06_03","Architecture::unrelated, Arithmetic::unrelated, Astronomy::unrelated, Cartography::unrelated, Commercial Mathematics::unrelated, Construction::unrelated, Cosmography::unrelated, Geography::unrelated, Gnomonics & Horology::unrelated, Instrument Construction::unrelated, Instrument Use::unrelated, Mechanics::unrelated, Military Engineering::unrelated, Music Theory::unrelated, Navigation::unrelated, Perspective::unrelated, Practical Geometry::unrelated, Surveying::unrelated, Theoretical Mathematics::primary, Trigonometry::unrelated"
"JTRIRS","1569, Venice - La pratica della perspettiua di monsignor Daniel Barbaro eletto patriarca d'Aquileia. Opera molto utile a pittori, a scultori...","Subject Categories","Classifies each edition against a fixed list of mathematical and related subject categories.","final_hybrid_v1_2026_06_03","Architecture::secondary, Arithmetic::unrelated, Astronomy::unrelated, Cartography::unrelated, Commercial Mathematics::unrelated, Construction::unrelated, Cosmography::unrelated, Geography::unrelated, Gnomonics & Horology::unrelated, Instrument Construction::unrelated, Instrument Use::unrelated, Mechanics::unrelated, Military Engineering::unrelated, Music Theory::unrelated, Navigation::unrelated, Perspective::primary, Practical Geometry::secondary, Surveying::unrelated, Theoretical Mathematics::unrelated, Trigonometry::unrelated"
"JXC181","1569, Venice - La pratica della perspettiva","Subject Categories","Classifies each edition against a fixed list of mathematical and related subject categories.","final_hybrid_v1_2026_06_03","Architecture::secondary, Arithmetic::unrelated, Astronomy::unrelated, Cartography::unrelated, Commercial Mathematics::unrelated, Construction::unrelated, Cosmography::unrelated, Geography::unrelated, Gnomonics & Horology::unrelated, Instrument Construction::unrelated, Instrument Use::unrelated, Mechanics::unrelated, Military Engineering::unrelated, Music Theory::unrelated, Navigation::unrelated, Perspective::primary, Practical Geometry::secondary, Surveying::unrelated, Theoretical Mathematics::unrelated, Trigonometry::unrelated"
"bib-252","1570 - EPHEMERIS  
IOANNIS STADII  
Leonnouthefsij, Anni  
à Virginco  
partu  

1570.","Subject Categories","Classifies each edition against a fixed list of mathematical and related subject categories.","final_hybrid_v1_2026_06_03","Architecture::unrelated, Arithmetic::unrelated, Astronomy::primary, Cartography::unrelated, Commercial Mathematics::unrelated, Construction::unrelated, Cosmography::unrelated, Geography::unrelated, Gnomonics & Horology::unrelated, Instrument Construction::unrelated, Instrument Use::unknown, Mechanics::unrelated, Military Engineering::unrelated, Music Theory::unrelated, Navigation::unrelated, Perspective::unrelated, Practical Geometry::unknown, Surveying::unrelated, Theoretical Mathematics::unrelated, Trigonometry::unrelated"
"E4JQEB","1570, Paris - L'arithmetique demonstree","Subject Categories","Classifies each edition against a fixed list of mathematical and related subject categories.","final_hybrid_v1_2026_06_03","Architecture::unrelated, Arithmetic::primary, Astronomy::unrelated, Cartography::unrelated, Commercial Mathematics::unrelated, Construction::unrelated, Cosmography::unrelated, Geography::unrelated, Gnomonics & Horology::unrelated, Instrument Construction::unrelated, Instrument Use::unrelated, Mechanics::unrelated, Military Engineering::unrelated, Music Theory::unrelated, Navigation::unrelated, Perspective::unrelated, Practical Geometry::unrelated, Surveying::unrelated, Theoretical Mathematics::unrelated, Trigonometry::unrelated"
"bib-10","1570, Paris - La practique de la geometrie","Subject Categories","Classifies each edition against a fixed list of mathematical and related subject categories.","final_hybrid_v1_2026_06_03","Architecture::unrelated, Arithmetic::unrelated, Astronomy::unrelated, Cartography::unrelated, Commercial Mathematics::unrelated, Construction::unrelated, Cosmography::unrelated, Geography::unrelated, Gnomonics & Horology::unrelated, Instrument Construction::unrelated, Instrument Use::primary, Mechanics::unrelated, Military Engineering::unrelated, Music Theory::unrelated, Navigation::unrelated, Perspective::unrelated, Practical Geometry::primary, Surveying::unrelated, Theoretical Mathematics::unrelated, Trigonometry::unrelated"
"bib-42","1570, Pesaro - De superficierum divisionibus liber Machometo Bagdedino ascriptus","Subject Categories","Classifies each edition against a fixed list of mathematical and related subject categories.","final_hybrid_v1_2026_06_03","Architecture::unrelated, Arithmetic::unrelated, Astronomy::unrelated, Cartography::unrelated, Commercial Mathematics::unrelated, Construction::unrelated, Cosmography::unrelated, Geography::unrelated, Gnomonics & Horology::unrelated, Instrument Construction::unrelated, Instrument Use::unrelated, Mechanics::unrelated, Military Engineering::unrelated, Music Theory::unrelated, Navigation::unrelated, Perspective::unrelated, Practical Geometry::primary, Surveying::unrelated, Theoretical Mathematics::primary, Trigonometry::unrelated"
"bib-7","1571, London - A geometrical practise, named Pantometria divided into three bookes, longimetra, planimetra, and stereometria, containing rul...","Subject Categories","Classifies each edition against a fixed list of mathematical and related subject categories.","final_hybrid_v1_2026_06_03","Architecture::unrelated, Arithmetic::unrelated, Astronomy::unrelated, Cartography::secondary, Commercial Mathematics::unrelated, Construction::unrelated, Cosmography::unrelated, Geography::unrelated, Gnomonics & Horology::unrelated, Instrument Construction::unrelated, Instrument Use::secondary, Mechanics::unrelated, Military Engineering::unrelated, Music Theory::unrelated, Navigation::unrelated, Perspective::secondary, Practical Geometry::primary, Surveying::secondary, Theoretical Mathematics::secondary, Trigonometry::unrelated"
"Q4F538","1571, Nuremberg - Perspectiva hierinnen auffs kürtzte beschrieben mit exempeln eroeffnet und an tag gegeben wird ein newer besonder kurtzer doc...","Subject Categories","Classifies each edition against a fixed list of mathematical and related subject categories.","final_hybrid_v1_2026_06_03","Architecture::secondary, Arithmetic::unrelated, Astronomy::unrelated, Cartography::unrelated, Commercial Mathematics::unrelated, Construction::unrelated, Cosmography::unrelated, Geography::unrelated, Gnomonics & Horology::unrelated, Instrument Construction::unrelated, Instrument Use::unrelated, Mechanics::unrelated, Military Engineering::unrelated, Music Theory::unrelated, Navigation::unrelated, Perspective::primary, Practical Geometry::primary, Surveying::unrelated, Theoretical Mathematics::unrelated, Trigonometry::unrelated"
"bib-223","1572, Frankfurt - M. Henrici Grammatei

Rechenbüchlin, künstlich, be-
heind und gewiß, auff alle kauff-
mannschafft gerichtet.

Gemeinen Regeln...","Subject Categories","Classifies each edition against a fixed list of mathematical and related subject categories.","final_hybrid_v1_2026_06_03","Architecture::unrelated, Arithmetic::primary, Astronomy::unrelated, Cartography::unrelated, Commercial Mathematics::primary, Construction::unrelated, Cosmography::unrelated, Geography::unrelated, Gnomonics & Horology::unrelated, Instrument Construction::secondary, Instrument Use::unrelated, Mechanics::unrelated, Military Engineering::unrelated, Music Theory::secondary, Navigation::unrelated, Perspective::unrelated, Practical Geometry::secondary, Surveying::unrelated, Theoretical Mathematics::unrelated, Trigonometry::unrelated"
"bib-16","1572, Paris - De usu geometriae liber I","Subject Categories","Classifies each edition against a fixed list of mathematical and related subject categories.","final_hybrid_v1_2026_06_03","Architecture::unknown, Arithmetic::unrelated, Astronomy::unrelated, Cartography::unrelated, Commercial Mathematics::unrelated, Construction::unrelated, Cosmography::unrelated, Geography::unrelated, Gnomonics & Horology::unrelated, Instrument Construction::unrelated, Instrument Use::unknown, Mechanics::unrelated, Military Engineering::unrelated, Music Theory::unrelated, Navigation::unrelated, Perspective::unrelated, Practical Geometry::primary, Surveying::unrelated, Theoretical Mathematics::unrelated, Trigonometry::unrelated"
"LQNZBJ","1572, Paris - Deux livres l'un de la sphere qui est meue et l'autre du lever et coucher des estoilles","Subject Categories","Classifies each edition against a fixed list of mathematical and related subject categories.","final_hybrid_v1_2026_06_03","Architecture::secondary, Arithmetic::unrelated, Astronomy::primary, Cartography::unrelated, Commercial Mathematics::unrelated, Construction::unrelated, Cosmography::unrelated, Geography::unrelated, Gnomonics & Horology::unrelated, Instrument Construction::unrelated, Instrument Use::unrelated, Mechanics::unrelated, Military Engineering::unrelated, Music Theory::unrelated, Navigation::unrelated, Perspective::unrelated, Practical Geometry::unrelated, Surveying::unrelated, Theoretical Mathematics::unrelated, Trigonometry::unrelated"
"bib-264","1573, Antwerp - Livre d'arithmetique: contenant plusieurs belles questions et demandes, propres et utiles à tous ceux qui hantent la trafique...","Subject Categories","Classifies each edition against a fixed list of mathematical and related subject categories.","final_hybrid_v1_2026_06_03","Architecture::unrelated, Arithmetic::primary, Astronomy::unrelated, Cartography::unrelated, Commercial Mathematics::primary, Construction::unrelated, Cosmography::unrelated, Geography::unrelated, Gnomonics & Horology::unrelated, Instrument Construction::unrelated, Instrument Use::unrelated, Mechanics::unrelated, Military Engineering::unrelated, Music Theory::unrelated, Navigation::unrelated, Perspective::unrelated, Practical Geometry::secondary, Surveying::unrelated, Theoretical Mathematics::unrelated, Trigonometry::primary"
"bib-17","1573, Paris -  De l'vsage de geometrie","Subject Categories","Classifies each edition against a fixed list of mathematical and related subject categories.","final_hybrid_v1_2026_06_03","Architecture::unknown, Arithmetic::unrelated, Astronomy::unrelated, Cartography::unrelated, Commercial Mathematics::unrelated, Construction::unrelated, Cosmography::unrelated, Geography::unrelated, Gnomonics & Horology::unrelated, Instrument Construction::unrelated, Instrument Use::unknown, Mechanics::unrelated, Military Engineering::unrelated, Music Theory::unrelated, Navigation::unrelated, Perspective::unrelated, Practical Geometry::primary, Surveying::unrelated, Theoretical Mathematics::unrelated, Trigonometry::unrelated"
"5J1UUA","1573, Paris - L'arithmetique entiere et abregee","Subject Categories","Classifies each edition against a fixed list of mathematical and related subject categories.","final_hybrid_v1_2026_06_03","Architecture::unrelated, Arithmetic::primary, Astronomy::unrelated, Cartography::unrelated, Commercial Mathematics::unrelated, Construction::unrelated, Cosmography::unrelated, Geography::unrelated, Gnomonics & Horology::unrelated, Instrument Construction::unrelated, Instrument Use::unrelated, Mechanics::unrelated, Military Engineering::unrelated, Music Theory::unrelated, Navigation::unrelated, Perspective::unrelated, Practical Geometry::unrelated, Surveying::unrelated, Theoretical Mathematics::unrelated, Trigonometry::unrelated"
"bib-255","1574, Cologne - Cosmographia","Subject Categories","Classifies each edition against a fixed list of mathematical and related subject categories.","final_hybrid_v1_2026_06_03","Architecture::unrelated, Arithmetic::unrelated, Astronomy::unrelated, Cartography::unrelated, Commercial Mathematics::unrelated, Construction::unrelated, Cosmography::primary, Geography::unrelated, Gnomonics & Horology::unrelated, Instrument Construction::unrelated, Instrument Use::unrelated, Mechanics::unrelated, Military Engineering::unrelated, Music Theory::unrelated, Navigation::secondary, Perspective::unrelated, Practical Geometry::unrelated, Surveying::unrelated, Theoretical Mathematics::unrelated, Trigonometry::unrelated"
"bib-131","1574, London - The pathewaie to
knowledge, contaiynyng the fyrst
principles of Geometrie, as thei
maie moste aptly bee applied unto
practise...","Subject Categories","Classifies each edition against a fixed list of mathematical and related subject categories.","final_hybrid_v1_2026_06_03","Architecture::unrelated, Arithmetic::unrelated, Astronomy::unrelated, Cartography::primary, Commercial Mathematics::unrelated, Construction::unrelated, Cosmography::unrelated, Geography::unrelated, Gnomonics & Horology::unrelated, Instrument Construction::unrelated, Instrument Use::primary, Mechanics::unrelated, Military Engineering::unrelated, Music Theory::unrelated, Navigation::unrelated, Perspective::unrelated, Practical Geometry::primary, Surveying::unrelated, Theoretical Mathematics::unrelated, Trigonometry::unrelated"
"bib-24","1575, Bordeaux - DEFINITIONES
ELEMENTI QVINCTI,
ET SEXTI, EVCLIDIS, AB
ELIA VINETO SANTONE
INTERPRETATÆ.","Subject Categories","Classifies each edition against a fixed list of mathematical and related subject categories.","final_hybrid_v1_2026_06_03","Architecture::unrelated, Arithmetic::unrelated, Astronomy::unrelated, Cartography::unrelated, Commercial Mathematics::unrelated, Construction::unrelated, Cosmography::unrelated, Geography::unrelated, Gnomonics & Horology::unrelated, Instrument Construction::unrelated, Instrument Use::unrelated, Mechanics::unrelated, Military Engineering::unrelated, Music Theory::unrelated, Navigation::unrelated, Perspective::unrelated, Practical Geometry::unrelated, Surveying::unrelated, Theoretical Mathematics::primary, Trigonometry::unrelated"
"bib-28","1576, Paris - LEÇONS DE
PERSPECTIVE
POSITIVE.

PAR
IACQVES ANDROVET
du Cerceau, Architecte.","Subject Categories","Classifies each edition against a fixed list of mathematical and related subject categories.","final_hybrid_v1_2026_06_03","Architecture::unknown, Arithmetic::unrelated, Astronomy::unrelated, Cartography::unrelated, Commercial Mathematics::unrelated, Construction::unrelated, Cosmography::unrelated, Geography::unrelated, Gnomonics & Horology::unrelated, Instrument Construction::unrelated, Instrument Use::unknown, Mechanics::unrelated, Military Engineering::unrelated, Music Theory::unrelated, Navigation::unrelated, Perspective::primary, Practical Geometry::unknown, Surveying::unrelated, Theoretical Mathematics::unrelated, Trigonometry::secondary"
"bib-25","1577, Bordeaux - L’ARPANTERIE
D’ELIE VINET,

Liure de GEOMETRIE, enseignant à mesurer
les champs, & pluzieurs autres choses.","Subject Categories","Classifies each edition against a fixed list of mathematical and related subject categories.","final_hybrid_v1_2026_06_03","Architecture::unrelated, Arithmetic::unrelated, Astronomy::unrelated, Cartography::unrelated, Commercial Mathematics::unrelated, Construction::unrelated, Cosmography::unrelated, Geography::unrelated, Gnomonics & Horology::unrelated, Instrument Construction::unrelated, Instrument Use::unknown, Mechanics::unrelated, Military Engineering::unrelated, Music Theory::unrelated, Navigation::unrelated, Perspective::unrelated, Practical Geometry::primary, Surveying::primary, Theoretical Mathematics::unrelated, Trigonometry::unrelated"
"ustc-32","1578, Paris - L'ARITHMETIQVE
DE NICOLAS
TARTAGLIA BRESCIAN,
GRAND MATHEMATICIEN,
ET PRINCE DES PRATICIENS.
Diuisée en deux parties.
La decl...","Subject Categories","Classifies each edition against a fixed list of mathematical and related subject categories.","final_hybrid_v1_2026_06_03","Architecture::unrelated, Arithmetic::primary, Astronomy::unrelated, Cartography::unrelated, Commercial Mathematics::unrelated, Construction::unrelated, Cosmography::unrelated, Geography::unrelated, Gnomonics & Horology::unrelated, Instrument Construction::unrelated, Instrument Use::unrelated, Mechanics::unrelated, Military Engineering::unrelated, Music Theory::unrelated, Navigation::unrelated, Perspective::unrelated, Practical Geometry::unrelated, Surveying::unrelated, Theoretical Mathematics::unrelated, Trigonometry::unrelated"
"bib-153","1579, London - An arithmeticall militare treatise, named Stratioticos compendiously teaching the science of numbers, as well in fractions as...","Subject Categories","Classifies each edition against a fixed list of mathematical and related subject categories.","final_hybrid_v1_2026_06_03","Architecture::unrelated, Arithmetic::primary, Astronomy::unrelated, Cartography::unrelated, Commercial Mathematics::unrelated, Construction::unrelated, Cosmography::unrelated, Geography::unrelated, Gnomonics & Horology::unrelated, Instrument Construction::unrelated, Instrument Use::unrelated, Mechanics::unrelated, Military Engineering::secondary, Music Theory::unrelated, Navigation::unrelated, Perspective::unrelated, Practical Geometry::unrelated, Surveying::unrelated, Theoretical Mathematics::unrelated, Trigonometry::unrelated"
"bib-64","1579, Paris - CANON
MATHEMATICVS
SEV
AD TRIANGVLA
Cum Appendicibus.","Subject Categories","Classifies each edition against a fixed list of mathematical and related subject categories.","final_hybrid_v1_2026_06_03","Architecture::unrelated, Arithmetic::unrelated, Astronomy::unrelated, Cartography::unrelated, Commercial Mathematics::unrelated, Construction::unrelated, Cosmography::unrelated, Geography::unrelated, Gnomonics & Horology::unrelated, Instrument Construction::unrelated, Instrument Use::unrelated, Mechanics::unrelated, Military Engineering::unrelated, Music Theory::unrelated, Navigation::unrelated, Perspective::unrelated, Practical Geometry::primary, Surveying::unrelated, Theoretical Mathematics::primary, Trigonometry::unrelated"
"bib-128","1580, Basel - P. RAMI
ARITHMETICAE
LIBRI DUO:
GEOMETRIAE
SEPTEM ET VIGINTI.","Subject Categories","Classifies each edition against a fixed list of mathematical and related subject categories.","final_hybrid_v1_2026_06_03","Architecture::unknown, Arithmetic::primary, Astronomy::unrelated, Cartography::unrelated, Commercial Mathematics::unrelated, Construction::unrelated, Cosmography::unrelated, Geography::unrelated, Gnomonics & Horology::unrelated, Instrument Construction::unrelated, Instrument Use::unknown, Mechanics::unrelated, Military Engineering::unrelated, Music Theory::unrelated, Navigation::unrelated, Perspective::unrelated, Practical Geometry::primary, Surveying::unrelated, Theoretical Mathematics::primary, Trigonometry::unrelated"
"ZGOHUR","1581, Rome - Gnomonices libri octo","Subject Categories","Classifies each edition against a fixed list of mathematical and related subject categories.","final_hybrid_v1_2026_06_03","Architecture::unrelated, Arithmetic::unrelated, Astronomy::unrelated, Cartography::unrelated, Commercial Mathematics::unrelated, Construction::unrelated, Cosmography::unrelated, Geography::unrelated, Gnomonics & Horology::primary, Instrument Construction::unrelated, Instrument Use::secondary, Mechanics::unrelated, Military Engineering::unrelated, Music Theory::unrelated, Navigation::unrelated, Perspective::unrelated, Practical Geometry::secondary, Surveying::unrelated, Theoretical Mathematics::unrelated, Trigonometry::unrelated"
"bib-156","1581, Venice - LE
MECHANICHE
DELL’ILLVSTRISS. SIG.
GVIDO VBALDO
DE’ MARCHESI DEL
MONTE:
TRADOTTE IN VOLGARE
DAL SIG. FILIPPO PIGAFETTA:

Nel...","Subject Categories","Classifies each edition against a fixed list of mathematical and related subject categories.","final_hybrid_v1_2026_06_03","Architecture::secondary, Arithmetic::unrelated, Astronomy::unrelated, Cartography::unrelated, Commercial Mathematics::unrelated, Construction::unrelated, Cosmography::unrelated, Geography::unrelated, Gnomonics & Horology::unrelated, Instrument Construction::unrelated, Instrument Use::primary, Mechanics::primary, Military Engineering::secondary, Music Theory::unrelated, Navigation::unrelated, Perspective::unrelated, Practical Geometry::unknown, Surveying::unrelated, Theoretical Mathematics::unrelated, Trigonometry::unrelated"
"7Y5IWJ","1582, Antwerp - L'arithmetique","Subject Categories","Classifies each edition against a fixed list of mathematical and related subject categories.","final_hybrid_v1_2026_06_03","Architecture::unrelated, Arithmetic::primary, Astronomy::unrelated, Cartography::unrelated, Commercial Mathematics::unrelated, Construction::unrelated, Cosmography::unrelated, Geography::unrelated, Gnomonics & Horology::unrelated, Instrument Construction::unrelated, Instrument Use::unrelated, Mechanics::unrelated, Military Engineering::unrelated, Music Theory::unrelated, Navigation::unrelated, Perspective::unrelated, Practical Geometry::unrelated, Surveying::unrelated, Theoretical Mathematics::unrelated, Trigonometry::unrelated"
"bib-262","1582, Antwerp - L’ARITHMETIQUE  
de Gemme Phrison:  

Traduite en François par Pierre Forcadel de  
Beziers, professeur ordinaire des Mathe- ...","Subject Categories","Classifies each edition against a fixed list of mathematical and related subject categories.","final_hybrid_v1_2026_06_03","Architecture::unrelated, Arithmetic::primary, Astronomy::unrelated, Cartography::unrelated, Commercial Mathematics::unrelated, Construction::unrelated, Cosmography::unrelated, Geography::unrelated, Gnomonics & Horology::unrelated, Instrument Construction::unrelated, Instrument Use::unrelated, Mechanics::unrelated, Military Engineering::unrelated, Music Theory::unrelated, Navigation::unrelated, Perspective::unrelated, Practical Geometry::unrelated, Surveying::unrelated, Theoretical Mathematics::unrelated, Trigonometry::unrelated"
"bib-185","1582, Antwerp - Tafelen van interest, midtsgaders de constructie der selver","Subject Categories","Classifies each edition against a fixed list of mathematical and related subject categories.","final_hybrid_v1_2026_06_03","Architecture::unrelated, Arithmetic::primary, Astronomy::unrelated, Cartography::unrelated, Commercial Mathematics::primary, Construction::unrelated, Cosmography::unrelated, Geography::unrelated, Gnomonics & Horology::unrelated, Instrument Construction::unrelated, Instrument Use::unrelated, Mechanics::unrelated, Military Engineering::unrelated, Music Theory::unrelated, Navigation::unrelated, Perspective::unrelated, Practical Geometry::unrelated, Surveying::unrelated, Theoretical Mathematics::unrelated, Trigonometry::unrelated"
"bib-29","1582, Paris - LIVRE
D’ARCHITECTVRE
de Iaques Androuet,
du Cerceau.

AVQVEL SONT CONTENVES DI
VERSES ORDONNANCES DE PLANTS ET
élevations de ...","Subject Categories","Classifies each edition against a fixed list of mathematical and related subject categories.","final_hybrid_v1_2026_06_03","Architecture::primary, Arithmetic::unrelated, Astronomy::unrelated, Cartography::unrelated, Commercial Mathematics::unrelated, Construction::primary, Cosmography::unrelated, Geography::unrelated, Gnomonics & Horology::unrelated, Instrument Construction::unrelated, Instrument Use::unrelated, Mechanics::unrelated, Military Engineering::unrelated, Music Theory::unrelated, Navigation::unrelated, Perspective::unrelated, Practical Geometry::unrelated, Surveying::unrelated, Theoretical Mathematics::unrelated, Trigonometry::unrelated"
"bib-19","1583, Alcala - TRATADO DE GEO
metria Práctica, y Speculatiua.

POR EL BACHILLER
Iuan Perez de Moya:
Natural de Sancte
Stevan del Puerto.","Subject Categories","Classifies each edition against a fixed list of mathematical and related subject categories.","final_hybrid_v1_2026_06_03","Architecture::unrelated, Arithmetic::unrelated, Astronomy::unrelated, Cartography::unrelated, Commercial Mathematics::unrelated, Construction::unrelated, Cosmography::unrelated, Geography::unrelated, Gnomonics & Horology::unrelated, Instrument Construction::unrelated, Instrument Use::unrelated, Mechanics::unrelated, Military Engineering::unrelated, Music Theory::unrelated, Navigation::unrelated, Perspective::unrelated, Practical Geometry::primary, Surveying::unrelated, Theoretical Mathematics::primary, Trigonometry::unrelated"
"5V691B","1583, Basel - Epiloimia seu liber tristium Joan.thomae freigii quaestiones geometricae et stereometricae in euclidis & rami stoicheiosin: i...","Subject Categories","Classifies each edition against a fixed list of mathematical and related subject categories.","final_hybrid_v1_2026_06_03","Architecture::unrelated, Arithmetic::unrelated, Astronomy::unrelated, Cartography::unrelated, Commercial Mathematics::unrelated, Construction::unrelated, Cosmography::unrelated, Geography::unrelated, Gnomonics & Horology::unrelated, Instrument Construction::unrelated, Instrument Use::unrelated, Mechanics::unrelated, Military Engineering::unrelated, Music Theory::unrelated, Navigation::unrelated, Perspective::unrelated, Practical Geometry::unrelated, Surveying::unrelated, Theoretical Mathematics::secondary, Trigonometry::unrelated"
"bib-253","1583, Lyon - EPHEMERIDES  
IOANNIS STADII  
LEONNOVTHENSIS,  
MATHEMATICI CE-  
LEBERRIMI,  

Secundum Antuerpiae longitudinem ex tabulis ...","Subject Categories","Classifies each edition against a fixed list of mathematical and related subject categories.","final_hybrid_v1_2026_06_03","Architecture::unrelated, Arithmetic::unrelated, Astronomy::primary, Cartography::unrelated, Commercial Mathematics::unrelated, Construction::unrelated, Cosmography::unrelated, Geography::unrelated, Gnomonics & Horology::unrelated, Instrument Construction::unrelated, Instrument Use::unrelated, Mechanics::unrelated, Military Engineering::unrelated, Music Theory::unrelated, Navigation::unrelated, Perspective::unrelated, Practical Geometry::unknown, Surveying::unrelated, Theoretical Mathematics::unrelated, Trigonometry::unrelated"
"612FNN","1583, Rome - Le due regole della prospettiva pratica di m. Iacomo Barozzi da Vignola con i commentarii del reverendo padre maestro Egnatio...","Subject Categories","Classifies each edition against a fixed list of mathematical and related subject categories.","final_hybrid_v1_2026_06_03","Architecture::unrelated, Arithmetic::unrelated, Astronomy::unrelated, Cartography::unrelated, Commercial Mathematics::unrelated, Construction::unrelated, Cosmography::unrelated, Geography::unrelated, Gnomonics & Horology::unrelated, Instrument Construction::unrelated, Instrument Use::unrelated, Mechanics::unrelated, Military Engineering::unrelated, Music Theory::unrelated, Navigation::unrelated, Perspective::primary, Practical Geometry::unknown, Surveying::unrelated, Theoretical Mathematics::unrelated, Trigonometry::unrelated"
"bib-152","1583, Venice - DELLA
FORTIFICATIONE
DELLE CITTA,
DI M. GIROLAMO MAGGI, E DEL
CAPITAN IACOMO CASTRIOTTO,
Ingegniero del Christianiss. Re di F...","Subject Categories","Classifies each edition against a fixed list of mathematical and related subject categories.","final_hybrid_v1_2026_06_03","Architecture::unrelated, Arithmetic::unrelated, Astronomy::unrelated, Cartography::unrelated, Commercial Mathematics::unrelated, Construction::primary, Cosmography::unrelated, Geography::unrelated, Gnomonics & Horology::unrelated, Instrument Construction::unrelated, Instrument Use::unrelated, Mechanics::unrelated, Military Engineering::primary, Music Theory::unrelated, Navigation::unrelated, Perspective::unrelated, Practical Geometry::unrelated, Surveying::unrelated, Theoretical Mathematics::unrelated, Trigonometry::unrelated"
"B9OW5O","1583, Vienna - Künstlicher und zierlicher newer vor nie gesehener funfftzig perspectifischer stueck oder boden aus rechtem grundt und arth d...","Subject Categories","Classifies each edition against a fixed list of mathematical and related subject categories.","final_hybrid_v1_2026_06_03","Architecture::secondary, Arithmetic::unrelated, Astronomy::unrelated, Cartography::unrelated, Commercial Mathematics::unrelated, Construction::unrelated, Cosmography::unrelated, Geography::unrelated, Gnomonics & Horology::unrelated, Instrument Construction::unrelated, Instrument Use::unrelated, Mechanics::unrelated, Military Engineering::unrelated, Music Theory::unrelated, Navigation::unrelated, Perspective::primary, Practical Geometry::primary, Surveying::unrelated, Theoretical Mathematics::unrelated, Trigonometry::unrelated"
"bib-87","1584, Brescia - Dell’arte del misurare libri due, nel primo de’ quali s’insegna a misurare et partir i campi. Nel secondo a misurar le muragl...","Subject Categories","Classifies each edition against a fixed list of mathematical and related subject categories.","final_hybrid_v1_2026_06_03","Architecture::unrelated, Arithmetic::unrelated, Astronomy::unrelated, Cartography::unrelated, Commercial Mathematics::unrelated, Construction::unrelated, Cosmography::unrelated, Geography::unrelated, Gnomonics & Horology::unrelated, Instrument Construction::unrelated, Instrument Use::unknown, Mechanics::unrelated, Military Engineering::unrelated, Music Theory::unrelated, Navigation::unrelated, Perspective::unrelated, Practical Geometry::primary, Surveying::primary, Theoretical Mathematics::unrelated, Trigonometry::unrelated"
"TMVVZN","1584, Milan - Trattato dell'arte de la pittura, di Giovanni Paolo Lomazzo milanese pittore. Diviso in sette libri. Ne' quali si contiene tu...","Subject Categories","Classifies each edition against a fixed list of mathematical and related subject categories.","final_hybrid_v1_2026_06_03","Architecture::unrelated, Arithmetic::unrelated, Astronomy::unrelated, Cartography::unrelated, Commercial Mathematics::unrelated, Construction::unrelated, Cosmography::unrelated, Geography::unrelated, Gnomonics & Horology::unrelated, Instrument Construction::unrelated, Instrument Use::unrelated, Mechanics::unrelated, Military Engineering::unrelated, Music Theory::unrelated, Navigation::unrelated, Perspective::unrelated, Practical Geometry::unknown, Surveying::unrelated, Theoretical Mathematics::unrelated, Trigonometry::unrelated"
"bib-181","1584, Paris - Testamentum, cum senatusconsulto et promulgatione professionis institutae ab ipso testatore","Subject Categories","Classifies each edition against a fixed list of mathematical and related subject categories.","final_hybrid_v1_2026_06_03","Architecture::unrelated, Arithmetic::primary, Astronomy::unrelated, Cartography::unrelated, Commercial Mathematics::unrelated, Construction::unrelated, Cosmography::unrelated, Geography::unrelated, Gnomonics & Horology::unrelated, Instrument Construction::unrelated, Instrument Use::unrelated, Mechanics::unrelated, Military Engineering::unrelated, Music Theory::unrelated, Navigation::unrelated, Perspective::unrelated, Practical Geometry::unrelated, Surveying::unrelated, Theoretical Mathematics::unrelated, Trigonometry::unrelated"
"MYFHIS","1584, Venice - Tutte l'opere d'architettura di Sebastiano Serlio bolognese. Dove si trattano in disegno quelle cose che sono piu necessarie ...","Subject Categories","Classifies each edition against a fixed list of mathematical and related subject categories.","final_hybrid_v1_2026_06_03","Architecture::primary, Arithmetic::unrelated, Astronomy::unrelated, Cartography::unrelated, Commercial Mathematics::unrelated, Construction::primary, Cosmography::unrelated, Geography::unrelated, Gnomonics & Horology::unrelated, Instrument Construction::unrelated, Instrument Use::unknown, Mechanics::unrelated, Military Engineering::unrelated, Music Theory::unrelated, Navigation::unrelated, Perspective::unrelated, Practical Geometry::unknown, Surveying::unrelated, Theoretical Mathematics::unrelated, Trigonometry::unrelated"
"bib-258","1585, Leiden - DE  
THIENDE  

Leerende door onghehoorde lichticheyt  
allen rekeningen onder den Menschen  
noodich vallende, afveerdighen ...","Subject Categories","Classifies each edition against a fixed list of mathematical and related subject categories.","final_hybrid_v1_2026_06_03","Architecture::unrelated, Arithmetic::primary, Astronomy::unrelated, Cartography::unrelated, Commercial Mathematics::unrelated, Construction::unrelated, Cosmography::unrelated, Geography::unrelated, Gnomonics & Horology::unrelated, Instrument Construction::unrelated, Instrument Use::unrelated, Mechanics::unrelated, Military Engineering::unrelated, Music Theory::unrelated, Navigation::unrelated, Perspective::unrelated, Practical Geometry::unrelated, Surveying::unrelated, Theoretical Mathematics::unrelated, Trigonometry::unrelated"
"bib-186","1585, Leiden - L’ARITHMETIQVE  
DE SIMON STEVIN  
DE BRVGES :  

Contenant les computations des nombres  
Arithmetiques ou vulgaires :  
Aus...","Subject Categories","Classifies each edition against a fixed list of mathematical and related subject categories.","final_hybrid_v1_2026_06_03","Architecture::unrelated, Arithmetic::primary, Astronomy::unrelated, Cartography::unrelated, Commercial Mathematics::secondary, Construction::unrelated, Cosmography::unrelated, Geography::unrelated, Gnomonics & Horology::unrelated, Instrument Construction::unrelated, Instrument Use::unrelated, Mechanics::unrelated, Military Engineering::unrelated, Music Theory::unrelated, Navigation::unrelated, Perspective::unrelated, Practical Geometry::unrelated, Surveying::unrelated, Theoretical Mathematics::secondary, Trigonometry::unrelated"
"TJONV6","1585, Paris - L'arithmetique","Subject Categories","Classifies each edition against a fixed list of mathematical and related subject categories.","final_hybrid_v1_2026_06_03","Architecture::unrelated, Arithmetic::primary, Astronomy::unrelated, Cartography::unrelated, Commercial Mathematics::unrelated, Construction::unrelated, Cosmography::unrelated, Geography::unrelated, Gnomonics & Horology::unrelated, Instrument Construction::unrelated, Instrument Use::unrelated, Mechanics::unrelated, Military Engineering::unrelated, Music Theory::unrelated, Navigation::unrelated, Perspective::unrelated, Practical Geometry::unrelated, Surveying::unrelated, Theoretical Mathematics::unrelated, Trigonometry::unrelated"
"bib-5","1585, Paris - LA
PRATIQVE VNIVER-
SELLE DE GEOMETRIE DE IAC-
QVES CHAVVET CHAMPENOIS, Pro-
fesseur & Lecteur ordinaire és Mathematiques, en...","Subject Categories","Classifies each edition against a fixed list of mathematical and related subject categories.","final_hybrid_v1_2026_06_03","Architecture::unrelated, Arithmetic::unrelated, Astronomy::unrelated, Cartography::unrelated, Commercial Mathematics::unrelated, Construction::unrelated, Cosmography::unrelated, Geography::unrelated, Gnomonics & Horology::unrelated, Instrument Construction::unrelated, Instrument Use::primary, Mechanics::unrelated, Military Engineering::unrelated, Music Theory::unrelated, Navigation::unrelated, Perspective::unrelated, Practical Geometry::primary, Surveying::unrelated, Theoretical Mathematics::unrelated, Trigonometry::unrelated"
"bib-90","1585, Paris - LA
PRATIQVE VNIVER-
SELLE DE GEOMETRIE DE IAC-
QVES CHAVVET CHAMPENOIS, PRO-
fesseur & Lecteur ordinaire és Mathematiques, en...","Subject Categories","Classifies each edition against a fixed list of mathematical and related subject categories.","final_hybrid_v1_2026_06_03","Architecture::unrelated, Arithmetic::unrelated, Astronomy::unrelated, Cartography::unrelated, Commercial Mathematics::unrelated, Construction::unrelated, Cosmography::unrelated, Geography::unrelated, Gnomonics & Horology::unrelated, Instrument Construction::unrelated, Instrument Use::primary, Mechanics::unrelated, Military Engineering::unrelated, Music Theory::unrelated, Navigation::unrelated, Perspective::unrelated, Practical Geometry::primary, Surveying::unrelated, Theoretical Mathematics::unrelated, Trigonometry::unrelated"
"bib-35","1585, Turin - Diversarum speculationum mathematicarum, & physicarum liber, quarum seriem sequens pagina indicabit","Subject Categories","Classifies each edition against a fixed list of mathematical and related subject categories.","final_hybrid_v1_2026_06_03","Architecture::unrelated, Arithmetic::unrelated, Astronomy::unrelated, Cartography::unrelated, Commercial Mathematics::unrelated, Construction::unrelated, Cosmography::unrelated, Geography::unrelated, Gnomonics & Horology::unrelated, Instrument Construction::unrelated, Instrument Use::unknown, Mechanics::unrelated, Military Engineering::unrelated, Music Theory::unrelated, Navigation::unrelated, Perspective::unrelated, Practical Geometry::unknown, Surveying::unrelated, Theoretical Mathematics::unrelated, Trigonometry::unrelated"
"144JC3","1586, Ferrara - Della nuova geometria di Franc. Patrici libri XV. Ne' quali con mirabile ordine, e con dimostrazioni a maraviglia più facili,...","Subject Categories","Classifies each edition against a fixed list of mathematical and related subject categories.","final_hybrid_v1_2026_06_03","Architecture::unknown, Arithmetic::unrelated, Astronomy::unrelated, Cartography::unrelated, Commercial Mathematics::unrelated, Construction::unrelated, Cosmography::unrelated, Geography::unrelated, Gnomonics & Horology::unrelated, Instrument Construction::unrelated, Instrument Use::unknown, Mechanics::unrelated, Military Engineering::unrelated, Music Theory::unrelated, Navigation::unrelated, Perspective::unrelated, Practical Geometry::secondary, Surveying::unrelated, Theoretical Mathematics::primary, Trigonometry::unrelated"
"X5YBIB","1586, Paris - La practique de la geometrie","Subject Categories","Classifies each edition against a fixed list of mathematical and related subject categories.","final_hybrid_v1_2026_06_03","Architecture::unrelated, Arithmetic::unrelated, Astronomy::unrelated, Cartography::unrelated, Commercial Mathematics::unrelated, Construction::unrelated, Cosmography::unrelated, Geography::unrelated, Gnomonics & Horology::unrelated, Instrument Construction::unrelated, Instrument Use::primary, Mechanics::unrelated, Military Engineering::unrelated, Music Theory::unrelated, Navigation::unrelated, Perspective::unrelated, Practical Geometry::primary, Surveying::unrelated, Theoretical Mathematics::unrelated, Trigonometry::unrelated"
"X2T7PY","1586, Rome - Fabrica et usus instrumenti ad horologiorum descriptionem","Subject Categories","Classifies each edition against a fixed list of mathematical and related subject categories.","final_hybrid_v1_2026_06_03","Architecture::unrelated, Arithmetic::unrelated, Astronomy::unrelated, Cartography::unrelated, Commercial Mathematics::unrelated, Construction::unrelated, Cosmography::unrelated, Geography::unrelated, Gnomonics & Horology::primary, Instrument Construction::primary, Instrument Use::primary, Mechanics::unrelated, Military Engineering::unrelated, Music Theory::unrelated, Navigation::unrelated, Perspective::unrelated, Practical Geometry::unknown, Surveying::unrelated, Theoretical Mathematics::unrelated, Trigonometry::unrelated"
"Ferrara_1587","1587, Ferrara - Della nuova geometria","Subject Categories","Classifies each edition against a fixed list of mathematical and related subject categories.","final_hybrid_v1_2026_06_03","Architecture::unknown, Arithmetic::unrelated, Astronomy::unrelated, Cartography::unrelated, Commercial Mathematics::unrelated, Construction::unrelated, Cosmography::unrelated, Geography::unrelated, Gnomonics & Horology::unrelated, Instrument Construction::unrelated, Instrument Use::unrelated, Mechanics::unrelated, Military Engineering::unrelated, Music Theory::unrelated, Navigation::unrelated, Perspective::unrelated, Practical Geometry::unknown, Surveying::unrelated, Theoretical Mathematics::primary, Trigonometry::unrelated"
"bib-45","1587, Venice - OPERE
DI
ORONTIO FINEO
DEL DELFINATO:
Diuise in cinque Parti;
Aritmetica, Geometria, Cosmografia, e Oriuoli,
TRADOTTE
Da Cosi...","Subject Categories","Classifies each edition against a fixed list of mathematical and related subject categories.","final_hybrid_v1_2026_06_03","Architecture::unrelated, Arithmetic::primary, Astronomy::unrelated, Cartography::unrelated, Commercial Mathematics::unrelated, Construction::unrelated, Cosmography::primary, Geography::unrelated, Gnomonics & Horology::primary, Instrument Construction::unrelated, Instrument Use::secondary, Mechanics::unrelated, Military Engineering::unrelated, Music Theory::unrelated, Navigation::unrelated, Perspective::unrelated, Practical Geometry::primary, Surveying::unrelated, Theoretical Mathematics::unrelated, Trigonometry::unrelated"
"bib-154","1590, London - ARITHMETICAL
VVARLIKE TREATISE
NAMED
STRATIOTICOS

Compendiously teaching the Science of Numbers as
well in Fractions as Inte...","Subject Categories","Classifies each edition against a fixed list of mathematical and related subject categories.","final_hybrid_v1_2026_06_03","Architecture::unrelated, Arithmetic::primary, Astronomy::unrelated, Cartography::unrelated, Commercial Mathematics::unrelated, Construction::unrelated, Cosmography::unrelated, Geography::unrelated, Gnomonics & Horology::unrelated, Instrument Construction::unrelated, Instrument Use::unrelated, Mechanics::unrelated, Military Engineering::primary, Music Theory::unrelated, Navigation::unrelated, Perspective::unrelated, Practical Geometry::unrelated, Surveying::unrelated, Theoretical Mathematics::unrelated, Trigonometry::unrelated"
"bib-259","1591, Tours - Michaelis Pselli Arithmetica, musica et geometria","Subject Categories","Classifies each edition against a fixed list of mathematical and related subject categories.","final_hybrid_v1_2026_06_03","Architecture::unrelated, Arithmetic::primary, Astronomy::unrelated, Cartography::unrelated, Commercial Mathematics::unrelated, Construction::unrelated, Cosmography::unrelated, Geography::unrelated, Gnomonics & Horology::unrelated, Instrument Construction::unrelated, Instrument Use::unrelated, Mechanics::unrelated, Military Engineering::unrelated, Music Theory::primary, Navigation::unrelated, Perspective::unrelated, Practical Geometry::unknown, Surveying::unrelated, Theoretical Mathematics::primary, Trigonometry::unrelated"
"XHZ2XV","1592, Tournon - Arithmetica, musica et geometria: Procli sphaera","Subject Categories","Classifies each edition against a fixed list of mathematical and related subject categories.","final_hybrid_v1_2026_06_03","Architecture::unrelated, Arithmetic::primary, Astronomy::unknown, Cartography::unrelated, Commercial Mathematics::unrelated, Construction::unrelated, Cosmography::unrelated, Geography::unrelated, Gnomonics & Horology::unrelated, Instrument Construction::unrelated, Instrument Use::unrelated, Mechanics::unrelated, Military Engineering::unrelated, Music Theory::primary, Navigation::unrelated, Perspective::unrelated, Practical Geometry::primary, Surveying::unrelated, Theoretical Mathematics::unrelated, Trigonometry::unrelated"
"bib-52","1592, Venice - IO. ANTONII
MAGINI PATAVINI
Mathematicarum in Almo
Bononiensi Gymnasio professoris.

DE PLANIS TRIANGVLIS
Liber Unicus.

Eius...","Subject Categories","Classifies each edition against a fixed list of mathematical and related subject categories.","final_hybrid_v1_2026_06_03","Architecture::secondary, Arithmetic::unrelated, Astronomy::unrelated, Cartography::unrelated, Commercial Mathematics::unrelated, Construction::unrelated, Cosmography::unrelated, Geography::unrelated, Gnomonics & Horology::unrelated, Instrument Construction::unrelated, Instrument Use::primary, Mechanics::unrelated, Military Engineering::unrelated, Music Theory::unrelated, Navigation::unrelated, Perspective::unrelated, Practical Geometry::primary, Surveying::unrelated, Theoretical Mathematics::unrelated, Trigonometry::unrelated"
"JZ3MT9","1593, Antwerp - Ideae mathematicae pars prima, sive methodus polygonorum, qua laterum, perimetrorum & arearum cujuscunque polygoni investigan...","Subject Categories","Classifies each edition against a fixed list of mathematical and related subject categories.","final_hybrid_v1_2026_06_03","Architecture::unrelated, Arithmetic::unrelated, Astronomy::unrelated, Cartography::unrelated, Commercial Mathematics::unrelated, Construction::unrelated, Cosmography::unrelated, Geography::unrelated, Gnomonics & Horology::unrelated, Instrument Construction::unrelated, Instrument Use::unrelated, Mechanics::unrelated, Military Engineering::unrelated, Music Theory::unrelated, Navigation::unrelated, Perspective::unrelated, Practical Geometry::primary, Surveying::unrelated, Theoretical Mathematics::secondary, Trigonometry::unrelated"
"Tours_1593","1593, Tours - Francisci Vietæ
Variorum de Rebus Mathematicis
Responsorum, Liber VIII.
Cuius præcipua capita sunt,
De duplicatione Cubi, & Q...","Subject Categories","Classifies each edition against a fixed list of mathematical and related subject categories.","final_hybrid_v1_2026_06_03","Architecture::unrelated, Arithmetic::unrelated, Astronomy::unrelated, Cartography::unrelated, Commercial Mathematics::unrelated, Construction::unrelated, Cosmography::unrelated, Geography::unrelated, Gnomonics & Horology::unrelated, Instrument Construction::unrelated, Instrument Use::unrelated, Mechanics::unrelated, Military Engineering::unrelated, Music Theory::unrelated, Navigation::unrelated, Perspective::unrelated, Practical Geometry::unrelated, Surveying::unrelated, Theoretical Mathematics::primary, Trigonometry::unrelated"
"bib-59","1594, Leiden - IOSEPHI
SCALIGERI
IVL. CAES. F.
CYCLOMETRICA
ELEMENTA DUO.

AD
Illustres Nobiliss. Ampliss.
Hollandiae, Westfrisiae,
et Zeela...","Subject Categories","Classifies each edition against a fixed list of mathematical and related subject categories.","final_hybrid_v1_2026_06_03","Architecture::unrelated, Arithmetic::unrelated, Astronomy::unrelated, Cartography::unrelated, Commercial Mathematics::unrelated, Construction::unrelated, Cosmography::unrelated, Geography::unrelated, Gnomonics & Horology::unrelated, Instrument Construction::unrelated, Instrument Use::unrelated, Mechanics::unrelated, Military Engineering::unrelated, Music Theory::unrelated, Navigation::unrelated, Perspective::unrelated, Practical Geometry::primary, Surveying::unrelated, Theoretical Mathematics::unrelated, Trigonometry::unrelated"
"bib-105","1594, Nuremberg - DE QVADRANTE GEOMETRICO
LIBELLVS.

IN QVO QVIDQVID
AD LINEARVM ET SVPERFICIERUM,
VT POTE ALTITVDINVM ET LATITVDINVM, DI=
mens...","Subject Categories","Classifies each edition against a fixed list of mathematical and related subject categories.","final_hybrid_v1_2026_06_03","Architecture::unrelated, Arithmetic::unrelated, Astronomy::unrelated, Cartography::unrelated, Commercial Mathematics::unrelated, Construction::unrelated, Cosmography::unrelated, Geography::unrelated, Gnomonics & Horology::unrelated, Instrument Construction::unrelated, Instrument Use::primary, Mechanics::unrelated, Military Engineering::unrelated, Music Theory::unrelated, Navigation::unrelated, Perspective::unrelated, Practical Geometry::primary, Surveying::unrelated, Theoretical Mathematics::unrelated, Trigonometry::unrelated"
"bib-67","1595, Paris - PSEUDO-MESOLABVM
& alia quædam adiuncta
CAPITVLA.

Ex Geometricis Schediasmatis
Francisci Vietæ.","Subject Categories","Classifies each edition against a fixed list of mathematical and related subject categories.","final_hybrid_v1_2026_06_03","Architecture::unknown, Arithmetic::unrelated, Astronomy::unrelated, Cartography::unrelated, Commercial Mathematics::unrelated, Construction::unrelated, Cosmography::unrelated, Geography::unrelated, Gnomonics & Horology::unrelated, Instrument Construction::unrelated, Instrument Use::unknown, Mechanics::unrelated, Military Engineering::unrelated, Music Theory::unrelated, Navigation::unrelated, Perspective::unrelated, Practical Geometry::primary, Surveying::unrelated, Theoretical Mathematics::unrelated, Trigonometry::unrelated"
"bib-40","1596, Delft - VANDEN CIRCKEL.
Daer in gheleert werdt te vinden de
naeste proportie des Circkels diameter tegen sijnen Omtloop, daertoe,
doo...","Subject Categories","Classifies each edition against a fixed list of mathematical and related subject categories.","final_hybrid_v1_2026_06_03","Architecture::unrelated, Arithmetic::secondary, Astronomy::unrelated, Cartography::unrelated, Commercial Mathematics::secondary, Construction::unrelated, Cosmography::unrelated, Geography::unrelated, Gnomonics & Horology::unrelated, Instrument Construction::unrelated, Instrument Use::unknown, Mechanics::unrelated, Military Engineering::unrelated, Music Theory::unrelated, Navigation::unrelated, Perspective::unrelated, Practical Geometry::primary, Surveying::secondary, Theoretical Mathematics::unrelated, Trigonometry::primary"
"GGD02E","1596, Venice - La pratica di prospettiua del cavalier Lorenzo Sirigatti al serenissimo Ferdinando Medici granduca di Toscana","Subject Categories","Classifies each edition against a fixed list of mathematical and related subject categories.","final_hybrid_v1_2026_06_03","Architecture::unknown, Arithmetic::unrelated, Astronomy::unrelated, Cartography::unrelated, Commercial Mathematics::unrelated, Construction::unrelated, Cosmography::unrelated, Geography::unrelated, Gnomonics & Horology::unrelated, Instrument Construction::unrelated, Instrument Use::unknown, Mechanics::unrelated, Military Engineering::unrelated, Music Theory::unrelated, Navigation::unrelated, Perspective::primary, Practical Geometry::unknown, Surveying::unrelated, Theoretical Mathematics::unrelated, Trigonometry::unrelated"
"bib-150","1598, London - The theorike and practike of moderne warres discoursed in dialogue wise","Subject Categories","Classifies each edition against a fixed list of mathematical and related subject categories.","final_hybrid_v1_2026_06_03","Architecture::unrelated, Arithmetic::unrelated, Astronomy::unrelated, Cartography::unrelated, Commercial Mathematics::unrelated, Construction::unrelated, Cosmography::unrelated, Geography::unrelated, Gnomonics & Horology::unrelated, Instrument Construction::unrelated, Instrument Use::unrelated, Mechanics::unrelated, Military Engineering::primary, Music Theory::unrelated, Navigation::unrelated, Perspective::unrelated, Practical Geometry::secondary, Surveying::unrelated, Theoretical Mathematics::unrelated, Trigonometry::unrelated"
"bib-127","1598, Nuremberg - PROBLEMA,
quod iubet
EX QUATVOR
RECTIS LINEIS DATIS QVA-
drilaterum fieri, quod sit
in Circulo.

Aliquot modis expli-
catum

...","Subject Categories","Classifies each edition against a fixed list of mathematical and related subject categories.","final_hybrid_v1_2026_06_03","Architecture::unrelated, Arithmetic::unrelated, Astronomy::unrelated, Cartography::unrelated, Commercial Mathematics::unrelated, Construction::unrelated, Cosmography::unrelated, Geography::unrelated, Gnomonics & Horology::unrelated, Instrument Construction::unrelated, Instrument Use::unrelated, Mechanics::unrelated, Military Engineering::unrelated, Music Theory::unrelated, Navigation::unrelated, Perspective::unrelated, Practical Geometry::primary, Surveying::unrelated, Theoretical Mathematics::unrelated, Trigonometry::unrelated"
"2BRI1Z","1598, Oxford - A tracte containing the artes of curious paintinge carvinge buildinge","Subject Categories","Classifies each edition against a fixed list of mathematical and related subject categories.","final_hybrid_v1_2026_06_03","Architecture::unknown, Arithmetic::unrelated, Astronomy::unrelated, Cartography::unrelated, Commercial Mathematics::unrelated, Construction::unrelated, Cosmography::unrelated, Geography::unrelated, Gnomonics & Horology::unrelated, Instrument Construction::unrelated, Instrument Use::unrelated, Mechanics::unrelated, Military Engineering::unrelated, Music Theory::unrelated, Navigation::unrelated, Perspective::unrelated, Practical Geometry::unknown, Surveying::unrelated, Theoretical Mathematics::unrelated, Trigonometry::unrelated"
"bib-148","1598, Paris - LE
GOVVERNAIL
D’AMBROISE BACHOT
CAPITAINE INGENIEVR
DV ROY.

Lequel conduira le curieux de Geo-
metrie en perspective dedans ...","Subject Categories","Classifies each edition against a fixed list of mathematical and related subject categories.","final_hybrid_v1_2026_06_03","Architecture::secondary, Arithmetic::unrelated, Astronomy::unrelated, Cartography::unrelated, Commercial Mathematics::unrelated, Construction::unrelated, Cosmography::unrelated, Geography::unrelated, Gnomonics & Horology::unrelated, Instrument Construction::unrelated, Instrument Use::unrelated, Mechanics::unrelated, Military Engineering::primary, Music Theory::unrelated, Navigation::unrelated, Perspective::primary, Practical Geometry::primary, Surveying::unrelated, Theoretical Mathematics::unrelated, Trigonometry::unrelated"
"bib-76","1598, Venice - COSMOGRAPHIA
IN QUATVOR LIBROS
DISTRIBVTA,

SVMMO ORDINE, MIRAQ. FACILITATE,
ac brevitate ad Magnam Ptolemaei Mathematicam
Co...","Subject Categories","Classifies each edition against a fixed list of mathematical and related subject categories.","final_hybrid_v1_2026_06_03","Architecture::unrelated, Arithmetic::secondary, Astronomy::unrelated, Cartography::unrelated, Commercial Mathematics::unrelated, Construction::unrelated, Cosmography::primary, Geography::unrelated, Gnomonics & Horology::unrelated, Instrument Construction::unrelated, Instrument Use::unknown, Mechanics::unrelated, Military Engineering::unrelated, Music Theory::unrelated, Navigation::unrelated, Perspective::unrelated, Practical Geometry::secondary, Surveying::unrelated, Theoretical Mathematics::secondary, Trigonometry::unrelated"
"bib-20","1599, Rome - Geometria prattica tratta dagl’Elementi d’Euclide et altri auttori da Giovanni Pomodoro venetiano mathematico eccellentissimo...","Subject Categories","Classifies each edition against a fixed list of mathematical and related subject categories.","final_hybrid_v1_2026_06_03","Architecture::secondary, Arithmetic::unrelated, Astronomy::unrelated, Cartography::unrelated, Commercial Mathematics::unrelated, Construction::secondary, Cosmography::secondary, Geography::secondary, Gnomonics & Horology::unrelated, Instrument Construction::unrelated, Instrument Use::unrelated, Mechanics::unrelated, Military Engineering::unrelated, Music Theory::unrelated, Navigation::unrelated, Perspective::unrelated, Practical Geometry::primary, Surveying::secondary, Theoretical Mathematics::unrelated, Trigonometry::unrelated"
"bib-209","1600, Leiden - Practijck des Lantmetens.

Leerende alle rechte ende cromsij­dige Landen,
Bosschen, Boomgaerden, ende ander velden meten, soo...","Subject Categories","Classifies each edition against a fixed list of mathematical and related subject categories.","final_hybrid_v1_2026_06_03","Architecture::unrelated, Arithmetic::unrelated, Astronomy::unrelated, Cartography::unrelated, Commercial Mathematics::unrelated, Construction::unrelated, Cosmography::unrelated, Geography::unrelated, Gnomonics & Horology::unrelated, Instrument Construction::unrelated, Instrument Use::secondary, Mechanics::unrelated, Military Engineering::unrelated, Music Theory::unrelated, Navigation::unrelated, Perspective::unrelated, Practical Geometry::primary, Surveying::primary, Theoretical Mathematics::unrelated, Trigonometry::unrelated"
"bib-210","1600, Leiden - Van het gebruyck der Geo-
metrische instrumenten.

Leerende alle onghenaeckelicke lenghten, breedten, wijdden, hooghten
ende ...","Subject Categories","Classifies each edition against a fixed list of mathematical and related subject categories.","final_hybrid_v1_2026_06_03","Architecture::secondary, Arithmetic::unrelated, Astronomy::unrelated, Cartography::primary, Commercial Mathematics::unrelated, Construction::unrelated, Cosmography::unrelated, Geography::unrelated, Gnomonics & Horology::unrelated, Instrument Construction::unrelated, Instrument Use::primary, Mechanics::unrelated, Military Engineering::unrelated, Music Theory::unrelated, Navigation::unrelated, Perspective::unrelated, Practical Geometry::primary, Surveying::primary, Theoretical Mathematics::unrelated, Trigonometry::unrelated"
"bib-280","1600, Paris - La fortification reduicte en art","Subject Categories","Classifies each edition against a fixed list of mathematical and related subject categories.","final_hybrid_v1_2026_06_03","Architecture::secondary, Arithmetic::unrelated, Astronomy::unrelated, Cartography::unrelated, Commercial Mathematics::unrelated, Construction::primary, Cosmography::unrelated, Geography::unrelated, Gnomonics & Horology::unrelated, Instrument Construction::unrelated, Instrument Use::unknown, Mechanics::unrelated, Military Engineering::primary, Music Theory::unrelated, Navigation::unrelated, Perspective::unrelated, Practical Geometry::secondary, Surveying::unrelated, Theoretical Mathematics::unrelated, Trigonometry::unrelated"
"WHEESV","1600, Pesaro - Perspectiuae libri sex","Subject Categories","Classifies each edition against a fixed list of mathematical and related subject categories.","final_hybrid_v1_2026_06_03","Architecture::unknown, Arithmetic::unrelated, Astronomy::unrelated, Cartography::unrelated, Commercial Mathematics::unrelated, Construction::unrelated, Cosmography::unrelated, Geography::unrelated, Gnomonics & Horology::unrelated, Instrument Construction::unrelated, Instrument Use::unknown, Mechanics::unrelated, Military Engineering::unrelated, Music Theory::unrelated, Navigation::unrelated, Perspective::primary, Practical Geometry::unknown, Surveying::unrelated, Theoretical Mathematics::unrelated, Trigonometry::unrelated"
"NTML0S","1600, Venice - Tutte l'opere d'architettura et prospettiva, di Sebastiano Serlio bolognese dove si mettono in disegno tutte le maniere di ed...","Subject Categories","Classifies each edition against a fixed list of mathematical and related subject categories.","final_hybrid_v1_2026_06_03","Architecture::primary, Arithmetic::unrelated, Astronomy::unrelated, Cartography::unrelated, Commercial Mathematics::unrelated, Construction::secondary, Cosmography::unrelated, Geography::unrelated, Gnomonics & Horology::unrelated, Instrument Construction::unrelated, Instrument Use::unknown, Mechanics::unrelated, Military Engineering::unrelated, Music Theory::unrelated, Navigation::unrelated, Perspective::primary, Practical Geometry::secondary, Surveying::unrelated, Theoretical Mathematics::unrelated, Trigonometry::unrelated"
"ustc-29","1602, Paris - La geometrie et practique generalle d'icelle. Au tres-chrestien roy de France et de Navarre","Subject Categories","Classifies each edition against a fixed list of mathematical and related subject categories.","final_hybrid_v1_2026_06_03","Architecture::unknown, Arithmetic::unrelated, Astronomy::unrelated, Cartography::unrelated, Commercial Mathematics::unrelated, Construction::unrelated, Cosmography::unrelated, Geography::unrelated, Gnomonics & Horology::unrelated, Instrument Construction::unrelated, Instrument Use::secondary, Mechanics::unrelated, Military Engineering::unrelated, Music Theory::unrelated, Navigation::unrelated, Perspective::unrelated, Practical Geometry::primary, Surveying::unrelated, Theoretical Mathematics::unrelated, Trigonometry::unrelated"
"bib-212","1603, Amsterdam - Arithmetica.
Practicque omme int corte te leeren
spheren naer alderleyse Coophandel inghe, met som-
mighe Exemplen ghesolvert...","Subject Categories","Classifies each edition against a fixed list of mathematical and related subject categories.","final_hybrid_v1_2026_06_03","Architecture::unrelated, Arithmetic::primary, Astronomy::unrelated, Cartography::unrelated, Commercial Mathematics::primary, Construction::unrelated, Cosmography::unrelated, Geography::unrelated, Gnomonics & Horology::unrelated, Instrument Construction::unrelated, Instrument Use::unrelated, Mechanics::unrelated, Military Engineering::unrelated, Music Theory::unrelated, Navigation::unrelated, Perspective::unrelated, Practical Geometry::unrelated, Surveying::unrelated, Theoretical Mathematics::unrelated, Trigonometry::unrelated"
"bib-283","1603, London - The Well spring of
SCIENCES.
Which teacheth the perfect
worke and practise of Arithme-
ticke, both in whole Numbers
and Fract...","Subject Categories","Classifies each edition against a fixed list of mathematical and related subject categories.","final_hybrid_v1_2026_06_03","Architecture::unrelated, Arithmetic::primary, Astronomy::unrelated, Cartography::unrelated, Commercial Mathematics::secondary, Construction::unrelated, Cosmography::unrelated, Geography::unrelated, Gnomonics & Horology::unrelated, Instrument Construction::unrelated, Instrument Use::unrelated, Mechanics::unrelated, Military Engineering::unrelated, Music Theory::unrelated, Navigation::unrelated, Perspective::unrelated, Practical Geometry::unrelated, Surveying::unrelated, Theoretical Mathematics::unrelated, Trigonometry::unrelated"
"bib-93","1603, Venice - PRATICA
D’ARITHMETICA
E GEOMETRIA,

NUOVAMENTE POSTA IN LVCE
Dal R. P. F. Lorenzo Forestani da Pescia,

De Minori conventuali...","Subject Categories","Classifies each edition against a fixed list of mathematical and related subject categories.","final_hybrid_v1_2026_06_03","Architecture::unrelated, Arithmetic::primary, Astronomy::unrelated, Cartography::unrelated, Commercial Mathematics::primary, Construction::unrelated, Cosmography::unrelated, Geography::unrelated, Gnomonics & Horology::unrelated, Instrument Construction::unrelated, Instrument Use::unrelated, Mechanics::unrelated, Military Engineering::unrelated, Music Theory::unrelated, Navigation::unrelated, Perspective::unrelated, Practical Geometry::primary, Surveying::primary, Theoretical Mathematics::unrelated, Trigonometry::unrelated"
"ustc-16","1604, Paris - La Fabrique et l'usage du radiomètre, instrument géométrique et astronomique","Subject Categories","Classifies each edition against a fixed list of mathematical and related subject categories.","final_hybrid_v1_2026_06_03","Architecture::unrelated, Arithmetic::unrelated, Astronomy::primary, Cartography::unrelated, Commercial Mathematics::unrelated, Construction::unrelated, Cosmography::unrelated, Geography::unrelated, Gnomonics & Horology::unrelated, Instrument Construction::primary, Instrument Use::primary, Mechanics::unrelated, Military Engineering::unrelated, Music Theory::unrelated, Navigation::primary, Perspective::unrelated, Practical Geometry::secondary, Surveying::unrelated, Theoretical Mathematics::unrelated, Trigonometry::unrelated"
