Page/Key,language,year,city,Classification,Orig_Value,llm_Value_1,llm_Value_3,llm_Value_4,llm_Value_6
0NKS71,FRENCH,1568,Paris,Architecture,unrelated,unrelated,unrelated,unrelated,unrelated
0NKS71,FRENCH,1568,Paris,Arithmetic,unrelated,unrelated,unrelated,unrelated,unrelated
0NKS71,FRENCH,1568,Paris,Astronomy,unrelated,secondary,unknown,secondary,secondary
0NKS71,FRENCH,1568,Paris,Cartography,unrelated,unrelated,unrelated,unrelated,unrelated
0NKS71,FRENCH,1568,Paris,Commercial Mathematics,unrelated,unrelated,unrelated,unrelated,unrelated
0NKS71,FRENCH,1568,Paris,Construction,unrelated,unrelated,unrelated,secondary,unrelated
0NKS71,FRENCH,1568,Paris,Cosmography,unrelated,unrelated,unrelated,unrelated,unrelated
0NKS71,FRENCH,1568,Paris,Geography,unrelated,unrelated,unrelated,unrelated,unrelated
0NKS71,FRENCH,1568,Paris,Gnomonics & Horology,primary,primary,primary,primary,primary
0NKS71,FRENCH,1568,Paris,Instrument Construction,unrelated,primary,secondary,primary,secondary
0NKS71,FRENCH,1568,Paris,Instrument Use,unrelated,secondary,secondary,secondary,secondary
0NKS71,FRENCH,1568,Paris,Mechanics,unrelated,unrelated,secondary,unrelated,unrelated
0NKS71,FRENCH,1568,Paris,Military Engineering,unrelated,unrelated,unrelated,unrelated,unrelated
0NKS71,FRENCH,1568,Paris,Music Theory,unrelated,unrelated,unrelated,unrelated,unrelated
0NKS71,FRENCH,1568,Paris,Navigation,unrelated,unrelated,unrelated,unrelated,unrelated
0NKS71,FRENCH,1568,Paris,Perspective,unrelated,unrelated,unrelated,unrelated,unrelated
0NKS71,FRENCH,1568,Paris,Practical Geometry,unrelated,unknown,unrelated,secondary,secondary
0NKS71,FRENCH,1568,Paris,Surveying,unrelated,unrelated,unrelated,unrelated,unrelated
0NKS71,FRENCH,1568,Paris,Theoretical Mathematics,unrelated,unrelated,unrelated,unrelated,unrelated
0NKS71,FRENCH,1568,Paris,Trigonometry,unrelated,unknown,unrelated,unrelated,secondary
144JC3,ITALIAN,1586,Ferrara,Architecture,unrelated,unknown,unknown,unrelated,unknown
144JC3,ITALIAN,1586,Ferrara,Arithmetic,unrelated,unknown,unknown,unrelated,unrelated
144JC3,ITALIAN,1586,Ferrara,Astronomy,unrelated,unknown,unknown,unrelated,unrelated
144JC3,ITALIAN,1586,Ferrara,Cartography,unrelated,unknown,unknown,unrelated,unrelated
144JC3,ITALIAN,1586,Ferrara,Commercial Mathematics,unrelated,unknown,unknown,unrelated,unrelated
144JC3,ITALIAN,1586,Ferrara,Construction,unrelated,unknown,unknown,unrelated,unrelated
144JC3,ITALIAN,1586,Ferrara,Cosmography,unrelated,unknown,unknown,unrelated,unrelated
144JC3,ITALIAN,1586,Ferrara,Geography,unrelated,unknown,unknown,unrelated,unrelated
144JC3,ITALIAN,1586,Ferrara,Gnomonics & Horology,unrelated,unknown,unknown,unrelated,unrelated
144JC3,ITALIAN,1586,Ferrara,Instrument Construction,unrelated,unknown,unknown,unrelated,unknown
144JC3,ITALIAN,1586,Ferrara,Instrument Use,unrelated,unknown,unknown,unrelated,unknown
144JC3,ITALIAN,1586,Ferrara,Mechanics,unrelated,unknown,unknown,unrelated,unrelated
144JC3,ITALIAN,1586,Ferrara,Military Engineering,unrelated,unknown,unknown,unrelated,unrelated
144JC3,ITALIAN,1586,Ferrara,Music Theory,unrelated,unknown,unknown,unrelated,unrelated
144JC3,ITALIAN,1586,Ferrara,Navigation,unrelated,unknown,unknown,unrelated,unrelated
144JC3,ITALIAN,1586,Ferrara,Perspective,unrelated,unknown,unknown,unrelated,unrelated
144JC3,ITALIAN,1586,Ferrara,Practical Geometry,unrelated,unknown,unknown,unknown,secondary
144JC3,ITALIAN,1586,Ferrara,Surveying,unrelated,unknown,unknown,unrelated,unknown
144JC3,ITALIAN,1586,Ferrara,Theoretical Mathematics,primary,primary,primary,primary,primary
144JC3,ITALIAN,1586,Ferrara,Trigonometry,unrelated,unknown,unknown,unknown,unknown
1496,LATIN,1496,,Architecture,unrelated,unrelated,unrelated,unrelated,unrelated
1496,LATIN,1496,,Arithmetic,primary,primary,primary,primary,primary
1496,LATIN,1496,,Astronomy,unrelated,unrelated,unrelated,unrelated,unrelated
1496,LATIN,1496,,Cartography,unrelated,unrelated,unrelated,unrelated,unrelated
1496,LATIN,1496,,Commercial Mathematics,unrelated,unrelated,unrelated,unrelated,unrelated
1496,LATIN,1496,,Construction,unrelated,unrelated,unrelated,unrelated,unrelated
1496,LATIN,1496,,Cosmography,unrelated,unrelated,unrelated,unrelated,unrelated
1496,LATIN,1496,,Geography,unrelated,unrelated,unrelated,unrelated,unrelated
1496,LATIN,1496,,Gnomonics & Horology,unrelated,unrelated,unrelated,unrelated,unrelated
1496,LATIN,1496,,Instrument Construction,unrelated,unrelated,unrelated,unrelated,unrelated
1496,LATIN,1496,,Instrument Use,unrelated,unrelated,unrelated,unrelated,unrelated
1496,LATIN,1496,,Mechanics,unrelated,unrelated,unrelated,unrelated,unrelated
1496,LATIN,1496,,Military Engineering,unrelated,unrelated,unrelated,unrelated,unrelated
1496,LATIN,1496,,Music Theory,primary,primary,primary,primary,primary
1496,LATIN,1496,,Navigation,unrelated,unrelated,unrelated,unrelated,unrelated
1496,LATIN,1496,,Perspective,unrelated,unrelated,unrelated,unrelated,unrelated
1496,LATIN,1496,,Practical Geometry,unrelated,unrelated,unknown,unrelated,unrelated
1496,LATIN,1496,,Surveying,unrelated,unrelated,unrelated,unrelated,unrelated
1496,LATIN,1496,,Theoretical Mathematics,unrelated,unknown,secondary,secondary,unrelated
1496,LATIN,1496,,Trigonometry,unrelated,unrelated,unrelated,unrelated,unrelated
2BRI1Z,ENGLISH,1598,Oxford,Architecture,primary,secondary,secondary,primary,unknown
2BRI1Z,ENGLISH,1598,Oxford,Arithmetic,unrelated,unrelated,unrelated,unrelated,unknown
2BRI1Z,ENGLISH,1598,Oxford,Astronomy,unrelated,unrelated,unrelated,unrelated,unrelated
2BRI1Z,ENGLISH,1598,Oxford,Cartography,unrelated,unrelated,unrelated,unrelated,unrelated
2BRI1Z,ENGLISH,1598,Oxford,Commercial Mathematics,unrelated,unrelated,unrelated,unrelated,unrelated
2BRI1Z,ENGLISH,1598,Oxford,Construction,primary,primary,primary,primary,primary
2BRI1Z,ENGLISH,1598,Oxford,Cosmography,unrelated,unrelated,unrelated,unrelated,unrelated
2BRI1Z,ENGLISH,1598,Oxford,Geography,unrelated,unrelated,unrelated,unrelated,unrelated
2BRI1Z,ENGLISH,1598,Oxford,Gnomonics & Horology,unrelated,unrelated,unrelated,unrelated,unrelated
2BRI1Z,ENGLISH,1598,Oxford,Instrument Construction,unrelated,unrelated,unrelated,unrelated,unrelated
2BRI1Z,ENGLISH,1598,Oxford,Instrument Use,unrelated,unrelated,unrelated,unrelated,unrelated
2BRI1Z,ENGLISH,1598,Oxford,Mechanics,unrelated,unrelated,unrelated,unrelated,unknown
2BRI1Z,ENGLISH,1598,Oxford,Military Engineering,unrelated,unrelated,unrelated,unrelated,unrelated
2BRI1Z,ENGLISH,1598,Oxford,Music Theory,unrelated,unrelated,unrelated,unrelated,unrelated
2BRI1Z,ENGLISH,1598,Oxford,Navigation,unrelated,unrelated,unrelated,unrelated,unrelated
2BRI1Z,ENGLISH,1598,Oxford,Perspective,primary,secondary,secondary,primary,primary
2BRI1Z,ENGLISH,1598,Oxford,Practical Geometry,secondary,secondary,primary,secondary,unknown
2BRI1Z,ENGLISH,1598,Oxford,Surveying,unrelated,unrelated,unrelated,unrelated,unrelated
2BRI1Z,ENGLISH,1598,Oxford,Theoretical Mathematics,unrelated,unrelated,unrelated,unrelated,unknown
2BRI1Z,ENGLISH,1598,Oxford,Trigonometry,unrelated,unrelated,unknown,unknown,unknown
2I9HSY,FRENCH,1560,Paris,Architecture,unrelated,secondary,secondary,unknown,unknown
2I9HSY,FRENCH,1560,Paris,Arithmetic,unrelated,unrelated,unrelated,unrelated,unrelated
2I9HSY,FRENCH,1560,Paris,Astronomy,unrelated,unrelated,unrelated,unrelated,unrelated
2I9HSY,FRENCH,1560,Paris,Cartography,unrelated,unrelated,unrelated,unrelated,unrelated
2I9HSY,FRENCH,1560,Paris,Commercial Mathematics,unrelated,unrelated,unrelated,unrelated,unrelated
2I9HSY,FRENCH,1560,Paris,Construction,unrelated,unrelated,unrelated,unrelated,unrelated
2I9HSY,FRENCH,1560,Paris,Cosmography,unrelated,unrelated,unrelated,unrelated,unrelated
2I9HSY,FRENCH,1560,Paris,Geography,unrelated,unrelated,unrelated,unrelated,unrelated
2I9HSY,FRENCH,1560,Paris,Gnomonics & Horology,unrelated,unrelated,unrelated,unrelated,unrelated
2I9HSY,FRENCH,1560,Paris,Instrument Construction,unrelated,unrelated,unrelated,unrelated,unrelated
2I9HSY,FRENCH,1560,Paris,Instrument Use,unrelated,unrelated,unrelated,unrelated,unrelated
2I9HSY,FRENCH,1560,Paris,Mechanics,unrelated,unrelated,unrelated,unrelated,unrelated
2I9HSY,FRENCH,1560,Paris,Military Engineering,unrelated,unrelated,unrelated,unrelated,unrelated
2I9HSY,FRENCH,1560,Paris,Music Theory,unrelated,unrelated,unrelated,unrelated,unrelated
2I9HSY,FRENCH,1560,Paris,Navigation,unrelated,unrelated,unrelated,unrelated,unrelated
2I9HSY,FRENCH,1560,Paris,Perspective,primary,primary,primary,primary,primary
2I9HSY,FRENCH,1560,Paris,Practical Geometry,unrelated,secondary,primary,unknown,unknown
2I9HSY,FRENCH,1560,Paris,Surveying,unrelated,unrelated,unrelated,unrelated,unrelated
2I9HSY,FRENCH,1560,Paris,Theoretical Mathematics,unrelated,secondary,secondary,unrelated,unknown
2I9HSY,FRENCH,1560,Paris,Trigonometry,unrelated,secondary,unknown,unrelated,unknown
4TJF1A,FRENCH,1557,Paris,Architecture,unrelated,unrelated,unrelated,unrelated,unrelated
4TJF1A,FRENCH,1557,Paris,Arithmetic,primary,primary,primary,primary,primary
4TJF1A,FRENCH,1557,Paris,Astronomy,unrelated,unrelated,unrelated,unrelated,unrelated
4TJF1A,FRENCH,1557,Paris,Cartography,unrelated,unrelated,unrelated,unrelated,unrelated
4TJF1A,FRENCH,1557,Paris,Commercial Mathematics,unrelated,unrelated,unrelated,unrelated,unrelated
4TJF1A,FRENCH,1557,Paris,Construction,unrelated,unrelated,unrelated,unrelated,unrelated
4TJF1A,FRENCH,1557,Paris,Cosmography,unrelated,unrelated,unrelated,unrelated,unrelated
4TJF1A,FRENCH,1557,Paris,Geography,unrelated,unrelated,unrelated,unrelated,unrelated
4TJF1A,FRENCH,1557,Paris,Gnomonics & Horology,unrelated,unrelated,unrelated,unrelated,unrelated
4TJF1A,FRENCH,1557,Paris,Instrument Construction,unrelated,unrelated,unrelated,unrelated,unrelated
4TJF1A,FRENCH,1557,Paris,Instrument Use,unrelated,unrelated,unrelated,unrelated,unrelated
4TJF1A,FRENCH,1557,Paris,Mechanics,unrelated,unrelated,unrelated,unrelated,unrelated
4TJF1A,FRENCH,1557,Paris,Military Engineering,unrelated,unrelated,unrelated,unrelated,unrelated
4TJF1A,FRENCH,1557,Paris,Music Theory,unrelated,unrelated,unrelated,unrelated,unrelated
4TJF1A,FRENCH,1557,Paris,Navigation,unrelated,unrelated,unrelated,unrelated,unrelated
4TJF1A,FRENCH,1557,Paris,Perspective,unrelated,unrelated,unrelated,unrelated,unrelated
4TJF1A,FRENCH,1557,Paris,Practical Geometry,unrelated,unrelated,unrelated,unrelated,unrelated
4TJF1A,FRENCH,1557,Paris,Surveying,unrelated,unrelated,unrelated,unrelated,unrelated
4TJF1A,FRENCH,1557,Paris,Theoretical Mathematics,unrelated,secondary,secondary,primary,secondary
4TJF1A,FRENCH,1557,Paris,Trigonometry,unrelated,unrelated,unrelated,unrelated,unrelated
5J1UUA,FRENCH,1573,Paris,Architecture,unrelated,unrelated,unrelated,unrelated,unrelated
5J1UUA,FRENCH,1573,Paris,Arithmetic,primary,primary,primary,primary,primary
5J1UUA,FRENCH,1573,Paris,Astronomy,unrelated,unrelated,unrelated,unrelated,unrelated
5J1UUA,FRENCH,1573,Paris,Cartography,unrelated,unrelated,unrelated,unrelated,unrelated
5J1UUA,FRENCH,1573,Paris,Commercial Mathematics,unrelated,unrelated,unrelated,unrelated,unrelated
5J1UUA,FRENCH,1573,Paris,Construction,unrelated,unrelated,unrelated,unrelated,unrelated
5J1UUA,FRENCH,1573,Paris,Cosmography,unrelated,unrelated,unrelated,unrelated,unrelated
5J1UUA,FRENCH,1573,Paris,Geography,unrelated,unrelated,unrelated,unrelated,unrelated
5J1UUA,FRENCH,1573,Paris,Gnomonics & Horology,unrelated,unrelated,unrelated,unrelated,unrelated
5J1UUA,FRENCH,1573,Paris,Instrument Construction,unrelated,unrelated,unrelated,unrelated,unrelated
5J1UUA,FRENCH,1573,Paris,Instrument Use,unrelated,unrelated,unrelated,unrelated,unrelated
5J1UUA,FRENCH,1573,Paris,Mechanics,unrelated,unrelated,unrelated,unrelated,unrelated
5J1UUA,FRENCH,1573,Paris,Military Engineering,unrelated,unrelated,unrelated,unrelated,unrelated
5J1UUA,FRENCH,1573,Paris,Music Theory,unrelated,unrelated,unrelated,unrelated,unrelated
5J1UUA,FRENCH,1573,Paris,Navigation,unrelated,unrelated,unrelated,unrelated,unrelated
5J1UUA,FRENCH,1573,Paris,Perspective,unrelated,unrelated,unrelated,unrelated,unrelated
5J1UUA,FRENCH,1573,Paris,Practical Geometry,unrelated,unrelated,unrelated,unrelated,unrelated
5J1UUA,FRENCH,1573,Paris,Surveying,unrelated,unrelated,unrelated,unrelated,unrelated
5J1UUA,FRENCH,1573,Paris,Theoretical Mathematics,unrelated,unrelated,secondary,unknown,unrelated
5J1UUA,FRENCH,1573,Paris,Trigonometry,unrelated,unrelated,unrelated,unrelated,unrelated
5KCP5R,DUTCH,1553,Antwerp,Architecture,,primary,primary,primary,primary
5KCP5R,DUTCH,1553,Antwerp,Arithmetic,,unrelated,unrelated,unrelated,unrelated
5KCP5R,DUTCH,1553,Antwerp,Astronomy,,unrelated,unrelated,unrelated,unrelated
5KCP5R,DUTCH,1553,Antwerp,Cartography,,unrelated,unrelated,unrelated,unrelated
5KCP5R,DUTCH,1553,Antwerp,Commercial Mathematics,,unrelated,unrelated,unrelated,unrelated
5KCP5R,DUTCH,1553,Antwerp,Construction,,secondary,secondary,unrelated,unrelated
5KCP5R,DUTCH,1553,Antwerp,Cosmography,,unrelated,unrelated,unrelated,unrelated
5KCP5R,DUTCH,1553,Antwerp,Geography,,unrelated,unrelated,unrelated,unrelated
5KCP5R,DUTCH,1553,Antwerp,Gnomonics & Horology,,unrelated,unrelated,unrelated,unrelated
5KCP5R,DUTCH,1553,Antwerp,Instrument Construction,,unrelated,unrelated,unrelated,unknown
5KCP5R,DUTCH,1553,Antwerp,Instrument Use,,unrelated,unrelated,unrelated,unknown
5KCP5R,DUTCH,1553,Antwerp,Mechanics,,unrelated,unrelated,unrelated,unrelated
5KCP5R,DUTCH,1553,Antwerp,Military Engineering,,unrelated,unrelated,unrelated,unrelated
5KCP5R,DUTCH,1553,Antwerp,Music Theory,,unrelated,unrelated,unrelated,unrelated
5KCP5R,DUTCH,1553,Antwerp,Navigation,,unrelated,unrelated,unrelated,unrelated
5KCP5R,DUTCH,1553,Antwerp,Perspective,,primary,primary,primary,primary
5KCP5R,DUTCH,1553,Antwerp,Practical Geometry,,secondary,secondary,secondary,secondary
5KCP5R,DUTCH,1553,Antwerp,Surveying,,unrelated,unrelated,unrelated,unrelated
5KCP5R,DUTCH,1553,Antwerp,Theoretical Mathematics,,unrelated,secondary,unrelated,secondary
5KCP5R,DUTCH,1553,Antwerp,Trigonometry,,secondary,secondary,unrelated,unknown
5V691B,LATIN,1583,Basel,Architecture,unrelated,unrelated,unrelated,unrelated,unrelated
5V691B,LATIN,1583,Basel,Arithmetic,unrelated,unrelated,unrelated,unrelated,unrelated
5V691B,LATIN,1583,Basel,Astronomy,unrelated,unrelated,unrelated,unrelated,unrelated
5V691B,LATIN,1583,Basel,Cartography,unrelated,unrelated,unrelated,unrelated,unrelated
5V691B,LATIN,1583,Basel,Commercial Mathematics,unrelated,unrelated,unrelated,unrelated,unrelated
5V691B,LATIN,1583,Basel,Construction,unrelated,unrelated,unrelated,unrelated,unrelated
5V691B,LATIN,1583,Basel,Cosmography,unrelated,unrelated,unrelated,unrelated,unrelated
5V691B,LATIN,1583,Basel,Geography,unrelated,unrelated,unrelated,unrelated,unrelated
5V691B,LATIN,1583,Basel,Gnomonics & Horology,unrelated,unrelated,unrelated,unrelated,unrelated
5V691B,LATIN,1583,Basel,Instrument Construction,unrelated,unrelated,unrelated,unrelated,unrelated
5V691B,LATIN,1583,Basel,Instrument Use,unrelated,unrelated,unrelated,unrelated,unrelated
5V691B,LATIN,1583,Basel,Mechanics,unrelated,unrelated,unrelated,unrelated,unrelated
5V691B,LATIN,1583,Basel,Military Engineering,unrelated,unrelated,unrelated,unrelated,unrelated
5V691B,LATIN,1583,Basel,Music Theory,unrelated,unrelated,unrelated,unrelated,unrelated
5V691B,LATIN,1583,Basel,Navigation,unrelated,unrelated,unrelated,unrelated,unrelated
5V691B,LATIN,1583,Basel,Perspective,unrelated,unrelated,unrelated,unrelated,unrelated
5V691B,LATIN,1583,Basel,Practical Geometry,primary,secondary,secondary,secondary,unrelated
5V691B,LATIN,1583,Basel,Surveying,unrelated,unrelated,unrelated,unrelated,unrelated
5V691B,LATIN,1583,Basel,Theoretical Mathematics,unrelated,primary,primary,primary,primary
5V691B,LATIN,1583,Basel,Trigonometry,unrelated,unrelated,unrelated,unrelated,unrelated
612FNN,ITALIAN,1583,Rome,Architecture,unrelated,secondary,secondary,secondary,unrelated
612FNN,ITALIAN,1583,Rome,Arithmetic,unrelated,unrelated,unrelated,unrelated,unrelated
612FNN,ITALIAN,1583,Rome,Astronomy,unrelated,unrelated,unrelated,unrelated,unrelated
612FNN,ITALIAN,1583,Rome,Cartography,unrelated,unrelated,unrelated,unrelated,unrelated
612FNN,ITALIAN,1583,Rome,Commercial Mathematics,unrelated,unrelated,unrelated,unrelated,unrelated
612FNN,ITALIAN,1583,Rome,Construction,unrelated,unrelated,unrelated,secondary,unrelated
612FNN,ITALIAN,1583,Rome,Cosmography,unrelated,unrelated,unrelated,unrelated,unrelated
612FNN,ITALIAN,1583,Rome,Geography,unrelated,unrelated,unrelated,unrelated,unrelated
612FNN,ITALIAN,1583,Rome,Gnomonics & Horology,unrelated,unrelated,unrelated,unrelated,unrelated
612FNN,ITALIAN,1583,Rome,Instrument Construction,unrelated,unrelated,unrelated,unrelated,unrelated
612FNN,ITALIAN,1583,Rome,Instrument Use,unrelated,unknown,unrelated,unrelated,unrelated
612FNN,ITALIAN,1583,Rome,Mechanics,unrelated,unrelated,unrelated,unrelated,unrelated
612FNN,ITALIAN,1583,Rome,Military Engineering,unrelated,unrelated,unrelated,unrelated,unrelated
612FNN,ITALIAN,1583,Rome,Music Theory,unrelated,unrelated,unrelated,unrelated,unrelated
612FNN,ITALIAN,1583,Rome,Navigation,unrelated,unrelated,unrelated,unrelated,unrelated
612FNN,ITALIAN,1583,Rome,Perspective,primary,primary,primary,primary,primary
612FNN,ITALIAN,1583,Rome,Practical Geometry,unrelated,primary,secondary,primary,unknown
612FNN,ITALIAN,1583,Rome,Surveying,unrelated,unrelated,unrelated,unrelated,unrelated
612FNN,ITALIAN,1583,Rome,Theoretical Mathematics,unrelated,secondary,unrelated,unrelated,unknown
612FNN,ITALIAN,1583,Rome,Trigonometry,unrelated,secondary,unknown,unknown,unknown
6AMYTJ,FRENCH,1557,Paris,Architecture,unrelated,unrelated,unrelated,unrelated,unrelated
6AMYTJ,FRENCH,1557,Paris,Arithmetic,primary,primary,primary,primary,primary
6AMYTJ,FRENCH,1557,Paris,Astronomy,unrelated,unrelated,unrelated,unrelated,unrelated
6AMYTJ,FRENCH,1557,Paris,Cartography,unrelated,unrelated,unrelated,unrelated,unrelated
6AMYTJ,FRENCH,1557,Paris,Commercial Mathematics,unrelated,unrelated,unrelated,unrelated,unrelated
6AMYTJ,FRENCH,1557,Paris,Construction,unrelated,unrelated,unrelated,unrelated,unrelated
6AMYTJ,FRENCH,1557,Paris,Cosmography,unrelated,unrelated,unrelated,unrelated,unrelated
6AMYTJ,FRENCH,1557,Paris,Geography,unrelated,unrelated,unrelated,unrelated,unrelated
6AMYTJ,FRENCH,1557,Paris,Gnomonics & Horology,unrelated,unrelated,unrelated,unrelated,unrelated
6AMYTJ,FRENCH,1557,Paris,Instrument Construction,unrelated,unrelated,unrelated,unrelated,unrelated
6AMYTJ,FRENCH,1557,Paris,Instrument Use,unrelated,unrelated,unrelated,unrelated,unrelated
6AMYTJ,FRENCH,1557,Paris,Mechanics,unrelated,unrelated,unrelated,unrelated,unrelated
6AMYTJ,FRENCH,1557,Paris,Military Engineering,unrelated,unrelated,unrelated,unrelated,unrelated
6AMYTJ,FRENCH,1557,Paris,Music Theory,unrelated,unrelated,unrelated,unrelated,unrelated
6AMYTJ,FRENCH,1557,Paris,Navigation,unrelated,unrelated,unrelated,unrelated,unrelated
6AMYTJ,FRENCH,1557,Paris,Perspective,unrelated,unrelated,unrelated,unrelated,unrelated
6AMYTJ,FRENCH,1557,Paris,Practical Geometry,unrelated,unrelated,unknown,unrelated,unrelated
6AMYTJ,FRENCH,1557,Paris,Surveying,unrelated,unrelated,unrelated,unrelated,unrelated
6AMYTJ,FRENCH,1557,Paris,Theoretical Mathematics,unrelated,secondary,primary,primary,secondary
6AMYTJ,FRENCH,1557,Paris,Trigonometry,unrelated,unrelated,unknown,unrelated,unrelated
6PMNRZ,LATIN,1526,Paris,Architecture,unrelated,unrelated,unrelated,unrelated,unrelated
6PMNRZ,LATIN,1526,Paris,Arithmetic,primary,primary,primary,primary,primary
6PMNRZ,LATIN,1526,Paris,Astronomy,unrelated,unrelated,unrelated,unrelated,unrelated
6PMNRZ,LATIN,1526,Paris,Cartography,unrelated,unrelated,unrelated,unrelated,unrelated
6PMNRZ,LATIN,1526,Paris,Commercial Mathematics,primary,unrelated,unrelated,unrelated,unrelated
6PMNRZ,LATIN,1526,Paris,Construction,unrelated,unrelated,unrelated,unrelated,unrelated
6PMNRZ,LATIN,1526,Paris,Cosmography,unrelated,unrelated,unrelated,unrelated,unrelated
6PMNRZ,LATIN,1526,Paris,Geography,unrelated,unrelated,unrelated,unrelated,unrelated
6PMNRZ,LATIN,1526,Paris,Gnomonics & Horology,unrelated,unrelated,unrelated,unrelated,unrelated
6PMNRZ,LATIN,1526,Paris,Instrument Construction,unrelated,unrelated,unrelated,unrelated,unrelated
6PMNRZ,LATIN,1526,Paris,Instrument Use,unrelated,unrelated,unrelated,unrelated,unrelated
6PMNRZ,LATIN,1526,Paris,Mechanics,unrelated,unrelated,unrelated,unrelated,unrelated
6PMNRZ,LATIN,1526,Paris,Military Engineering,unrelated,unrelated,unrelated,unrelated,unrelated
6PMNRZ,LATIN,1526,Paris,Music Theory,unrelated,unrelated,unrelated,unrelated,unrelated
6PMNRZ,LATIN,1526,Paris,Navigation,unrelated,unrelated,unrelated,unrelated,unrelated
6PMNRZ,LATIN,1526,Paris,Perspective,unrelated,unrelated,unrelated,unrelated,unrelated
6PMNRZ,LATIN,1526,Paris,Practical Geometry,unrelated,unrelated,unknown,unrelated,unrelated
6PMNRZ,LATIN,1526,Paris,Surveying,unrelated,unrelated,unknown,unrelated,unrelated
6PMNRZ,LATIN,1526,Paris,Theoretical Mathematics,unrelated,primary,secondary,secondary,secondary
6PMNRZ,LATIN,1526,Paris,Trigonometry,unrelated,unrelated,unrelated,unrelated,unrelated
6X6R6Y,GERMAN,1547,Nuremberg,Architecture,primary,primary,primary,primary,primary
6X6R6Y,GERMAN,1547,Nuremberg,Arithmetic,unrelated,secondary,unrelated,unrelated,unrelated
6X6R6Y,GERMAN,1547,Nuremberg,Astronomy,unrelated,unrelated,unrelated,unrelated,unrelated
6X6R6Y,GERMAN,1547,Nuremberg,Cartography,unrelated,unrelated,unrelated,unrelated,unrelated
6X6R6Y,GERMAN,1547,Nuremberg,Commercial Mathematics,unrelated,unrelated,unrelated,unrelated,unrelated
6X6R6Y,GERMAN,1547,Nuremberg,Construction,unrelated,primary,primary,primary,primary
6X6R6Y,GERMAN,1547,Nuremberg,Cosmography,unrelated,unrelated,unrelated,unrelated,unrelated
6X6R6Y,GERMAN,1547,Nuremberg,Geography,unrelated,unrelated,unrelated,unrelated,unrelated
6X6R6Y,GERMAN,1547,Nuremberg,Gnomonics & Horology,unrelated,unrelated,unrelated,unrelated,unrelated
6X6R6Y,GERMAN,1547,Nuremberg,Instrument Construction,unrelated,secondary,unrelated,unknown,unrelated
6X6R6Y,GERMAN,1547,Nuremberg,Instrument Use,unrelated,secondary,unrelated,secondary,secondary
6X6R6Y,GERMAN,1547,Nuremberg,Mechanics,primary,primary,primary,primary,secondary
6X6R6Y,GERMAN,1547,Nuremberg,Military Engineering,primary,unrelated,unrelated,primary,secondary
6X6R6Y,GERMAN,1547,Nuremberg,Music Theory,unrelated,unrelated,unrelated,unrelated,unrelated
6X6R6Y,GERMAN,1547,Nuremberg,Navigation,unrelated,unrelated,unrelated,unrelated,unrelated
6X6R6Y,GERMAN,1547,Nuremberg,Perspective,primary,primary,primary,primary,primary
6X6R6Y,GERMAN,1547,Nuremberg,Practical Geometry,secondary,primary,primary,primary,primary
6X6R6Y,GERMAN,1547,Nuremberg,Surveying,unrelated,secondary,secondary,secondary,unrelated
6X6R6Y,GERMAN,1547,Nuremberg,Theoretical Mathematics,unrelated,secondary,secondary,secondary,secondary
6X6R6Y,GERMAN,1547,Nuremberg,Trigonometry,unrelated,secondary,unknown,secondary,unknown
7Y5IWJ,FRENCH,1582,Antwerp,Architecture,unrelated,unrelated,unrelated,unrelated,unrelated
7Y5IWJ,FRENCH,1582,Antwerp,Arithmetic,primary,primary,primary,primary,primary
7Y5IWJ,FRENCH,1582,Antwerp,Astronomy,unrelated,unrelated,unrelated,unrelated,unrelated
7Y5IWJ,FRENCH,1582,Antwerp,Cartography,unrelated,unrelated,unrelated,unrelated,unrelated
7Y5IWJ,FRENCH,1582,Antwerp,Commercial Mathematics,unrelated,unrelated,unrelated,unrelated,unrelated
7Y5IWJ,FRENCH,1582,Antwerp,Construction,unrelated,unrelated,unrelated,unrelated,unrelated
7Y5IWJ,FRENCH,1582,Antwerp,Cosmography,unrelated,unrelated,unrelated,unrelated,unrelated
7Y5IWJ,FRENCH,1582,Antwerp,Geography,unrelated,unrelated,unrelated,unrelated,unrelated
7Y5IWJ,FRENCH,1582,Antwerp,Gnomonics & Horology,unrelated,unrelated,unrelated,unrelated,unrelated
7Y5IWJ,FRENCH,1582,Antwerp,Instrument Construction,unrelated,unrelated,unrelated,unrelated,unrelated
7Y5IWJ,FRENCH,1582,Antwerp,Instrument Use,unrelated,unrelated,unrelated,unrelated,unrelated
7Y5IWJ,FRENCH,1582,Antwerp,Mechanics,unrelated,unrelated,unrelated,unrelated,unrelated
7Y5IWJ,FRENCH,1582,Antwerp,Military Engineering,unrelated,unrelated,unrelated,unrelated,unrelated
7Y5IWJ,FRENCH,1582,Antwerp,Music Theory,unrelated,unrelated,unrelated,unrelated,unrelated
7Y5IWJ,FRENCH,1582,Antwerp,Navigation,unrelated,unrelated,unrelated,unrelated,unrelated
7Y5IWJ,FRENCH,1582,Antwerp,Perspective,unrelated,unrelated,unrelated,unrelated,unrelated
7Y5IWJ,FRENCH,1582,Antwerp,Practical Geometry,unrelated,unrelated,unrelated,unrelated,unrelated
7Y5IWJ,FRENCH,1582,Antwerp,Surveying,unrelated,unrelated,unrelated,unrelated,unrelated
7Y5IWJ,FRENCH,1582,Antwerp,Theoretical Mathematics,unrelated,unknown,secondary,unknown,unrelated
7Y5IWJ,FRENCH,1582,Antwerp,Trigonometry,unrelated,unrelated,unrelated,unrelated,unrelated
93PZQ5,"LATIN, FRENCH",1505,Toul,Architecture,unrelated,unknown,unrelated,unrelated,unrelated
93PZQ5,"LATIN, FRENCH",1505,Toul,Arithmetic,unrelated,unrelated,unrelated,unrelated,unrelated
93PZQ5,"LATIN, FRENCH",1505,Toul,Astronomy,unrelated,unrelated,unrelated,unrelated,unrelated
93PZQ5,"LATIN, FRENCH",1505,Toul,Cartography,unrelated,unrelated,unrelated,unrelated,unrelated
93PZQ5,"LATIN, FRENCH",1505,Toul,Commercial Mathematics,unrelated,unrelated,unrelated,unrelated,unrelated
93PZQ5,"LATIN, FRENCH",1505,Toul,Construction,unrelated,unrelated,unrelated,unrelated,unrelated
93PZQ5,"LATIN, FRENCH",1505,Toul,Cosmography,unrelated,unrelated,unrelated,unrelated,unrelated
93PZQ5,"LATIN, FRENCH",1505,Toul,Geography,unrelated,unrelated,unrelated,unrelated,unrelated
93PZQ5,"LATIN, FRENCH",1505,Toul,Gnomonics & Horology,unrelated,unrelated,unrelated,unrelated,unrelated
93PZQ5,"LATIN, FRENCH",1505,Toul,Instrument Construction,unrelated,unrelated,unrelated,unrelated,unrelated
93PZQ5,"LATIN, FRENCH",1505,Toul,Instrument Use,unrelated,unrelated,unrelated,unrelated,unrelated
93PZQ5,"LATIN, FRENCH",1505,Toul,Mechanics,unrelated,unrelated,unrelated,unrelated,unrelated
93PZQ5,"LATIN, FRENCH",1505,Toul,Military Engineering,unrelated,unrelated,unrelated,unrelated,unrelated
93PZQ5,"LATIN, FRENCH",1505,Toul,Music Theory,unrelated,unrelated,unrelated,unrelated,unrelated
93PZQ5,"LATIN, FRENCH",1505,Toul,Navigation,unrelated,unrelated,unrelated,unrelated,unrelated
93PZQ5,"LATIN, FRENCH",1505,Toul,Perspective,primary,primary,primary,primary,primary
93PZQ5,"LATIN, FRENCH",1505,Toul,Practical Geometry,unrelated,secondary,unknown,secondary,unrelated
93PZQ5,"LATIN, FRENCH",1505,Toul,Surveying,unrelated,unrelated,unrelated,unrelated,unrelated
93PZQ5,"LATIN, FRENCH",1505,Toul,Theoretical Mathematics,unrelated,unknown,unrelated,unrelated,unrelated
93PZQ5,"LATIN, FRENCH",1505,Toul,Trigonometry,unrelated,unknown,unrelated,unrelated,unrelated
B9OW5O,GERMAN,1583,Vienna,Architecture,unrelated,secondary,unrelated,secondary,secondary
B9OW5O,GERMAN,1583,Vienna,Arithmetic,unrelated,unrelated,unknown,unrelated,unrelated
B9OW5O,GERMAN,1583,Vienna,Astronomy,unrelated,unrelated,unrelated,unrelated,unrelated
B9OW5O,GERMAN,1583,Vienna,Cartography,unrelated,unrelated,unrelated,unrelated,unrelated
B9OW5O,GERMAN,1583,Vienna,Commercial Mathematics,unrelated,unrelated,unrelated,unrelated,unrelated
B9OW5O,GERMAN,1583,Vienna,Construction,unrelated,primary,secondary,secondary,secondary
B9OW5O,GERMAN,1583,Vienna,Cosmography,unrelated,unrelated,unrelated,unrelated,unrelated
B9OW5O,GERMAN,1583,Vienna,Geography,unrelated,unrelated,unrelated,unrelated,unrelated
B9OW5O,GERMAN,1583,Vienna,Gnomonics & Horology,unrelated,unrelated,unrelated,unrelated,unrelated
B9OW5O,GERMAN,1583,Vienna,Instrument Construction,unrelated,unrelated,unrelated,unrelated,unrelated
B9OW5O,GERMAN,1583,Vienna,Instrument Use,unrelated,unrelated,unrelated,secondary,unrelated
B9OW5O,GERMAN,1583,Vienna,Mechanics,unrelated,unrelated,unrelated,unrelated,unrelated
B9OW5O,GERMAN,1583,Vienna,Military Engineering,unrelated,unrelated,unrelated,unrelated,unrelated
B9OW5O,GERMAN,1583,Vienna,Music Theory,unrelated,unrelated,unrelated,unrelated,unrelated
B9OW5O,GERMAN,1583,Vienna,Navigation,unrelated,unrelated,unrelated,unrelated,unrelated
B9OW5O,GERMAN,1583,Vienna,Perspective,primary,primary,primary,primary,primary
B9OW5O,GERMAN,1583,Vienna,Practical Geometry,unrelated,primary,secondary,primary,primary
B9OW5O,GERMAN,1583,Vienna,Surveying,unrelated,unrelated,unrelated,unrelated,unrelated
B9OW5O,GERMAN,1583,Vienna,Theoretical Mathematics,unrelated,unrelated,unrelated,unrelated,unrelated
B9OW5O,GERMAN,1583,Vienna,Trigonometry,unrelated,secondary,unknown,unrelated,unrelated
C8SLYQ,GERMAN,1531,Simmern,Architecture,unrelated,secondary,secondary,secondary,secondary
C8SLYQ,GERMAN,1531,Simmern,Arithmetic,unrelated,unrelated,secondary,secondary,unrelated
C8SLYQ,GERMAN,1531,Simmern,Astronomy,unrelated,unrelated,unrelated,unrelated,unrelated
C8SLYQ,GERMAN,1531,Simmern,Cartography,unrelated,unrelated,unrelated,unrelated,unrelated
C8SLYQ,GERMAN,1531,Simmern,Commercial Mathematics,unrelated,unrelated,unrelated,unrelated,unrelated
C8SLYQ,GERMAN,1531,Simmern,Construction,unrelated,primary,secondary,secondary,secondary
C8SLYQ,GERMAN,1531,Simmern,Cosmography,unrelated,unrelated,unrelated,unrelated,unrelated
C8SLYQ,GERMAN,1531,Simmern,Geography,unrelated,unrelated,unrelated,unrelated,unrelated
C8SLYQ,GERMAN,1531,Simmern,Gnomonics & Horology,unrelated,unrelated,unrelated,unrelated,unrelated
C8SLYQ,GERMAN,1531,Simmern,Instrument Construction,unrelated,unknown,primary,unknown,unrelated
C8SLYQ,GERMAN,1531,Simmern,Instrument Use,unrelated,primary,primary,primary,primary
C8SLYQ,GERMAN,1531,Simmern,Mechanics,unrelated,unrelated,unrelated,unrelated,unrelated
C8SLYQ,GERMAN,1531,Simmern,Military Engineering,unrelated,unrelated,unrelated,unrelated,unrelated
C8SLYQ,GERMAN,1531,Simmern,Music Theory,unrelated,unrelated,unrelated,unrelated,unrelated
C8SLYQ,GERMAN,1531,Simmern,Navigation,unrelated,unrelated,unrelated,unrelated,unrelated
C8SLYQ,GERMAN,1531,Simmern,Perspective,primary,primary,primary,primary,primary
C8SLYQ,GERMAN,1531,Simmern,Practical Geometry,unrelated,primary,primary,primary,primary
C8SLYQ,GERMAN,1531,Simmern,Surveying,unrelated,unrelated,unrelated,secondary,unrelated
C8SLYQ,GERMAN,1531,Simmern,Theoretical Mathematics,unrelated,unrelated,secondary,secondary,unrelated
C8SLYQ,GERMAN,1531,Simmern,Trigonometry,unrelated,unknown,unknown,secondary,unknown
DDUZGF,LATIN,1488,Augsburg,Architecture,unrelated,unrelated,unknown,unrelated,unrelated
DDUZGF,LATIN,1488,Augsburg,Arithmetic,primary,primary,primary,primary,primary
DDUZGF,LATIN,1488,Augsburg,Astronomy,unrelated,unrelated,unknown,unrelated,unrelated
DDUZGF,LATIN,1488,Augsburg,Cartography,unrelated,unrelated,unknown,unrelated,unrelated
DDUZGF,LATIN,1488,Augsburg,Commercial Mathematics,unrelated,unrelated,unrelated,unrelated,unrelated
DDUZGF,LATIN,1488,Augsburg,Construction,unrelated,unrelated,unrelated,unrelated,unrelated
DDUZGF,LATIN,1488,Augsburg,Cosmography,unrelated,unrelated,unknown,unrelated,unrelated
DDUZGF,LATIN,1488,Augsburg,Geography,unrelated,unrelated,unknown,unrelated,unrelated
DDUZGF,LATIN,1488,Augsburg,Gnomonics & Horology,unrelated,unrelated,unknown,unrelated,unrelated
DDUZGF,LATIN,1488,Augsburg,Instrument Construction,unrelated,unrelated,unknown,unrelated,unrelated
DDUZGF,LATIN,1488,Augsburg,Instrument Use,unrelated,unrelated,unknown,unrelated,unrelated
DDUZGF,LATIN,1488,Augsburg,Mechanics,unrelated,unrelated,unknown,unrelated,unrelated
DDUZGF,LATIN,1488,Augsburg,Military Engineering,unrelated,unrelated,unrelated,unrelated,unrelated
DDUZGF,LATIN,1488,Augsburg,Music Theory,unrelated,unrelated,unrelated,unrelated,unrelated
DDUZGF,LATIN,1488,Augsburg,Navigation,unrelated,unrelated,unknown,unrelated,unrelated
DDUZGF,LATIN,1488,Augsburg,Perspective,unrelated,unrelated,unknown,unrelated,unrelated
DDUZGF,LATIN,1488,Augsburg,Practical Geometry,unrelated,unknown,unknown,unrelated,unrelated
DDUZGF,LATIN,1488,Augsburg,Surveying,unrelated,unrelated,unknown,unrelated,unrelated
DDUZGF,LATIN,1488,Augsburg,Theoretical Mathematics,unrelated,secondary,unknown,unrelated,unrelated
DDUZGF,LATIN,1488,Augsburg,Trigonometry,unrelated,unrelated,unknown,unrelated,unrelated
E4JQEB,FRENCH,1570,Paris,Architecture,unrelated,unrelated,unrelated,unrelated,unrelated
E4JQEB,FRENCH,1570,Paris,Arithmetic,primary,primary,primary,primary,primary
E4JQEB,FRENCH,1570,Paris,Astronomy,unrelated,unrelated,unrelated,unrelated,unrelated
E4JQEB,FRENCH,1570,Paris,Cartography,unrelated,unrelated,unrelated,unrelated,unrelated
E4JQEB,FRENCH,1570,Paris,Commercial Mathematics,unrelated,unrelated,unrelated,unrelated,unrelated
E4JQEB,FRENCH,1570,Paris,Construction,unrelated,unrelated,unrelated,unrelated,unrelated
E4JQEB,FRENCH,1570,Paris,Cosmography,unrelated,unrelated,unrelated,unrelated,unrelated
E4JQEB,FRENCH,1570,Paris,Geography,unrelated,unrelated,unrelated,unrelated,unrelated
E4JQEB,FRENCH,1570,Paris,Gnomonics & Horology,unrelated,unrelated,unrelated,unrelated,unrelated
E4JQEB,FRENCH,1570,Paris,Instrument Construction,unrelated,unrelated,unrelated,unrelated,unrelated
E4JQEB,FRENCH,1570,Paris,Instrument Use,unrelated,unrelated,unrelated,unrelated,unrelated
E4JQEB,FRENCH,1570,Paris,Mechanics,unrelated,unrelated,unrelated,unrelated,unrelated
E4JQEB,FRENCH,1570,Paris,Military Engineering,unrelated,unrelated,unrelated,unrelated,unrelated
E4JQEB,FRENCH,1570,Paris,Music Theory,unrelated,unrelated,unrelated,unrelated,unrelated
E4JQEB,FRENCH,1570,Paris,Navigation,unrelated,unrelated,unrelated,unrelated,unrelated
E4JQEB,FRENCH,1570,Paris,Perspective,unrelated,unrelated,unrelated,unrelated,unrelated
E4JQEB,FRENCH,1570,Paris,Practical Geometry,unrelated,unrelated,unrelated,unrelated,unrelated
E4JQEB,FRENCH,1570,Paris,Surveying,unrelated,unrelated,unrelated,unrelated,unrelated
E4JQEB,FRENCH,1570,Paris,Theoretical Mathematics,unrelated,unrelated,unrelated,unrelated,secondary
E4JQEB,FRENCH,1570,Paris,Trigonometry,unrelated,unrelated,unrelated,unrelated,unrelated
Ferrara_1587,ITALIAN,1587,Ferrara,Architecture,,unrelated,unknown,unknown,unknown
Ferrara_1587,ITALIAN,1587,Ferrara,Arithmetic,,unrelated,unrelated,unrelated,unknown
Ferrara_1587,ITALIAN,1587,Ferrara,Astronomy,,unrelated,unrelated,unrelated,unrelated
Ferrara_1587,ITALIAN,1587,Ferrara,Cartography,,unrelated,unrelated,unrelated,unrelated
Ferrara_1587,ITALIAN,1587,Ferrara,Commercial Mathematics,,unrelated,unrelated,unrelated,unrelated
Ferrara_1587,ITALIAN,1587,Ferrara,Construction,,unrelated,unknown,unknown,unknown
Ferrara_1587,ITALIAN,1587,Ferrara,Cosmography,,unrelated,unrelated,unrelated,unrelated
Ferrara_1587,ITALIAN,1587,Ferrara,Geography,,unrelated,unrelated,unrelated,unrelated
Ferrara_1587,ITALIAN,1587,Ferrara,Gnomonics & Horology,,unrelated,unrelated,unrelated,unrelated
Ferrara_1587,ITALIAN,1587,Ferrara,Instrument Construction,,unrelated,unknown,unknown,unrelated
Ferrara_1587,ITALIAN,1587,Ferrara,Instrument Use,,unrelated,unknown,unknown,unrelated
Ferrara_1587,ITALIAN,1587,Ferrara,Mechanics,,unrelated,unrelated,unknown,unrelated
Ferrara_1587,ITALIAN,1587,Ferrara,Military Engineering,,unrelated,unrelated,unrelated,unrelated
Ferrara_1587,ITALIAN,1587,Ferrara,Music Theory,,unrelated,unrelated,unrelated,unrelated
Ferrara_1587,ITALIAN,1587,Ferrara,Navigation,,unrelated,unrelated,unrelated,unrelated
Ferrara_1587,ITALIAN,1587,Ferrara,Perspective,,unrelated,unknown,unknown,unknown
Ferrara_1587,ITALIAN,1587,Ferrara,Practical Geometry,,unknown,primary,unknown,unknown
Ferrara_1587,ITALIAN,1587,Ferrara,Surveying,,unrelated,unknown,unknown,unknown
Ferrara_1587,ITALIAN,1587,Ferrara,Theoretical Mathematics,,primary,primary,primary,primary
Ferrara_1587,ITALIAN,1587,Ferrara,Trigonometry,,unknown,unknown,unknown,unknown
GGD02E,ITALIAN,1596,Venice,Architecture,unrelated,secondary,unknown,unrelated,unknown
GGD02E,ITALIAN,1596,Venice,Arithmetic,unrelated,unrelated,unknown,unrelated,unrelated
GGD02E,ITALIAN,1596,Venice,Astronomy,unrelated,unrelated,unknown,unrelated,unrelated
GGD02E,ITALIAN,1596,Venice,Cartography,unrelated,unrelated,unknown,unrelated,unrelated
GGD02E,ITALIAN,1596,Venice,Commercial Mathematics,unrelated,unrelated,unknown,unrelated,unrelated
GGD02E,ITALIAN,1596,Venice,Construction,unrelated,unrelated,unknown,unrelated,unrelated
GGD02E,ITALIAN,1596,Venice,Cosmography,unrelated,unrelated,unknown,unrelated,unrelated
GGD02E,ITALIAN,1596,Venice,Geography,unrelated,unrelated,unknown,unrelated,unrelated
GGD02E,ITALIAN,1596,Venice,Gnomonics & Horology,unrelated,unrelated,unknown,unrelated,unrelated
GGD02E,ITALIAN,1596,Venice,Instrument Construction,unrelated,unknown,unknown,unrelated,unrelated
GGD02E,ITALIAN,1596,Venice,Instrument Use,unrelated,unknown,unknown,unrelated,unknown
GGD02E,ITALIAN,1596,Venice,Mechanics,unrelated,unrelated,unknown,unrelated,unrelated
GGD02E,ITALIAN,1596,Venice,Military Engineering,unrelated,unrelated,unknown,unrelated,unrelated
GGD02E,ITALIAN,1596,Venice,Music Theory,unrelated,unrelated,unknown,unrelated,unrelated
GGD02E,ITALIAN,1596,Venice,Navigation,unrelated,unrelated,unknown,unrelated,unrelated
GGD02E,ITALIAN,1596,Venice,Perspective,primary,primary,primary,primary,primary
GGD02E,ITALIAN,1596,Venice,Practical Geometry,unrelated,primary,secondary,secondary,unknown
GGD02E,ITALIAN,1596,Venice,Surveying,unrelated,unrelated,unknown,unrelated,unrelated
GGD02E,ITALIAN,1596,Venice,Theoretical Mathematics,unrelated,unrelated,unknown,unrelated,unknown
GGD02E,ITALIAN,1596,Venice,Trigonometry,unrelated,unknown,unknown,unrelated,unknown
JTRIRS,ITALIAN,1569,Venice,Architecture,unrelated,secondary,secondary,secondary,secondary
JTRIRS,ITALIAN,1569,Venice,Arithmetic,unrelated,unrelated,unrelated,unrelated,unrelated
JTRIRS,ITALIAN,1569,Venice,Astronomy,unrelated,unrelated,unrelated,unrelated,unrelated
JTRIRS,ITALIAN,1569,Venice,Cartography,unrelated,unrelated,unrelated,unrelated,unrelated
JTRIRS,ITALIAN,1569,Venice,Commercial Mathematics,unrelated,unrelated,unrelated,unrelated,unrelated
JTRIRS,ITALIAN,1569,Venice,Construction,unrelated,unrelated,unrelated,unrelated,unrelated
JTRIRS,ITALIAN,1569,Venice,Cosmography,unrelated,unrelated,unrelated,unrelated,unrelated
JTRIRS,ITALIAN,1569,Venice,Geography,unrelated,unrelated,unrelated,unrelated,unrelated
JTRIRS,ITALIAN,1569,Venice,Gnomonics & Horology,unrelated,unrelated,unrelated,unrelated,unrelated
JTRIRS,ITALIAN,1569,Venice,Instrument Construction,unrelated,unrelated,unrelated,unrelated,unrelated
JTRIRS,ITALIAN,1569,Venice,Instrument Use,unrelated,unrelated,unrelated,unrelated,unrelated
JTRIRS,ITALIAN,1569,Venice,Mechanics,unrelated,unrelated,unrelated,unrelated,unrelated
JTRIRS,ITALIAN,1569,Venice,Military Engineering,unrelated,unrelated,unrelated,unrelated,unrelated
JTRIRS,ITALIAN,1569,Venice,Music Theory,unrelated,unrelated,unrelated,unrelated,unrelated
JTRIRS,ITALIAN,1569,Venice,Navigation,unrelated,unrelated,unrelated,unrelated,unrelated
JTRIRS,ITALIAN,1569,Venice,Perspective,primary,primary,primary,primary,primary
JTRIRS,ITALIAN,1569,Venice,Practical Geometry,unrelated,secondary,secondary,secondary,secondary
JTRIRS,ITALIAN,1569,Venice,Surveying,unrelated,unrelated,unrelated,unrelated,unrelated
JTRIRS,ITALIAN,1569,Venice,Theoretical Mathematics,unrelated,unrelated,unrelated,unknown,unrelated
JTRIRS,ITALIAN,1569,Venice,Trigonometry,unrelated,unrelated,secondary,unknown,unrelated
JXC181,ITALIAN,1569,Venice,Architecture,unrelated,secondary,secondary,secondary,secondary
JXC181,ITALIAN,1569,Venice,Arithmetic,unrelated,unrelated,unrelated,unrelated,unrelated
JXC181,ITALIAN,1569,Venice,Astronomy,unrelated,unrelated,unrelated,unrelated,unrelated
JXC181,ITALIAN,1569,Venice,Cartography,unrelated,unrelated,unrelated,unrelated,unrelated
JXC181,ITALIAN,1569,Venice,Commercial Mathematics,unrelated,unrelated,unrelated,unrelated,unrelated
JXC181,ITALIAN,1569,Venice,Construction,unrelated,unrelated,unrelated,unrelated,unrelated
JXC181,ITALIAN,1569,Venice,Cosmography,unrelated,unrelated,unrelated,unrelated,unrelated
JXC181,ITALIAN,1569,Venice,Geography,unrelated,unrelated,unrelated,unrelated,unrelated
JXC181,ITALIAN,1569,Venice,Gnomonics & Horology,unrelated,unrelated,unrelated,unrelated,unrelated
JXC181,ITALIAN,1569,Venice,Instrument Construction,unrelated,unrelated,unrelated,unrelated,unrelated
JXC181,ITALIAN,1569,Venice,Instrument Use,unrelated,unrelated,unrelated,unrelated,unrelated
JXC181,ITALIAN,1569,Venice,Mechanics,unrelated,unrelated,unrelated,unrelated,unrelated
JXC181,ITALIAN,1569,Venice,Military Engineering,unrelated,unrelated,unrelated,unrelated,unrelated
JXC181,ITALIAN,1569,Venice,Music Theory,unrelated,unrelated,unrelated,unrelated,unrelated
JXC181,ITALIAN,1569,Venice,Navigation,unrelated,unrelated,unrelated,unrelated,unrelated
JXC181,ITALIAN,1569,Venice,Perspective,primary,primary,primary,primary,primary
JXC181,ITALIAN,1569,Venice,Practical Geometry,unrelated,secondary,unrelated,secondary,secondary
JXC181,ITALIAN,1569,Venice,Surveying,unrelated,unrelated,unrelated,unrelated,unrelated
JXC181,ITALIAN,1569,Venice,Theoretical Mathematics,unrelated,secondary,unrelated,unrelated,unrelated
JXC181,ITALIAN,1569,Venice,Trigonometry,unrelated,secondary,unrelated,unknown,unrelated
JZ3MT9,LATIN,1593,Antwerp,Architecture,unrelated,secondary,unrelated,unrelated,unrelated
JZ3MT9,LATIN,1593,Antwerp,Arithmetic,unrelated,secondary,secondary,secondary,secondary
JZ3MT9,LATIN,1593,Antwerp,Astronomy,unrelated,unrelated,unrelated,unrelated,unrelated
JZ3MT9,LATIN,1593,Antwerp,Cartography,unrelated,unrelated,unrelated,unrelated,unrelated
JZ3MT9,LATIN,1593,Antwerp,Commercial Mathematics,unrelated,unrelated,unrelated,unrelated,unrelated
JZ3MT9,LATIN,1593,Antwerp,Construction,unrelated,unrelated,unrelated,unrelated,unrelated
JZ3MT9,LATIN,1593,Antwerp,Cosmography,unrelated,unrelated,unrelated,unrelated,unrelated
JZ3MT9,LATIN,1593,Antwerp,Geography,unrelated,unrelated,unrelated,unrelated,unrelated
JZ3MT9,LATIN,1593,Antwerp,Gnomonics & Horology,unrelated,unrelated,unrelated,unrelated,unrelated
JZ3MT9,LATIN,1593,Antwerp,Instrument Construction,unrelated,unrelated,unrelated,unrelated,unrelated
JZ3MT9,LATIN,1593,Antwerp,Instrument Use,unrelated,unrelated,unrelated,unrelated,unrelated
JZ3MT9,LATIN,1593,Antwerp,Mechanics,unrelated,unrelated,unrelated,unrelated,unrelated
JZ3MT9,LATIN,1593,Antwerp,Military Engineering,unrelated,unrelated,unrelated,unrelated,unrelated
JZ3MT9,LATIN,1593,Antwerp,Music Theory,unrelated,unrelated,unrelated,unrelated,unrelated
JZ3MT9,LATIN,1593,Antwerp,Navigation,unrelated,unrelated,unrelated,unrelated,unrelated
JZ3MT9,LATIN,1593,Antwerp,Perspective,unrelated,unrelated,unrelated,unrelated,unrelated
JZ3MT9,LATIN,1593,Antwerp,Practical Geometry,unrelated,primary,primary,primary,primary
JZ3MT9,LATIN,1593,Antwerp,Surveying,unrelated,secondary,unrelated,unrelated,unrelated
JZ3MT9,LATIN,1593,Antwerp,Theoretical Mathematics,primary,primary,primary,primary,primary
JZ3MT9,LATIN,1593,Antwerp,Trigonometry,unrelated,unrelated,unknown,unrelated,unrelated
K7DERJ,GERMAN,1567,Augsburg,Architecture,unrelated,unrelated,unrelated,unrelated,unrelated
K7DERJ,GERMAN,1567,Augsburg,Arithmetic,unrelated,unrelated,unrelated,unrelated,unrelated
K7DERJ,GERMAN,1567,Augsburg,Astronomy,unrelated,unrelated,unrelated,unrelated,unrelated
K7DERJ,GERMAN,1567,Augsburg,Cartography,unrelated,unrelated,unrelated,unrelated,unrelated
K7DERJ,GERMAN,1567,Augsburg,Commercial Mathematics,unrelated,unrelated,unrelated,unrelated,unrelated
K7DERJ,GERMAN,1567,Augsburg,Construction,unrelated,unrelated,unrelated,primary,secondary
K7DERJ,GERMAN,1567,Augsburg,Cosmography,unrelated,unrelated,unrelated,unrelated,unrelated
K7DERJ,GERMAN,1567,Augsburg,Geography,unrelated,unrelated,unrelated,unrelated,unrelated
K7DERJ,GERMAN,1567,Augsburg,Gnomonics & Horology,unrelated,unrelated,unrelated,unrelated,unrelated
K7DERJ,GERMAN,1567,Augsburg,Instrument Construction,unrelated,unrelated,unrelated,unrelated,unrelated
K7DERJ,GERMAN,1567,Augsburg,Instrument Use,unrelated,unrelated,unrelated,unrelated,unrelated
K7DERJ,GERMAN,1567,Augsburg,Mechanics,unrelated,unrelated,unrelated,unrelated,unrelated
K7DERJ,GERMAN,1567,Augsburg,Military Engineering,unrelated,unrelated,unrelated,unrelated,unrelated
K7DERJ,GERMAN,1567,Augsburg,Music Theory,unrelated,unrelated,unrelated,unrelated,unrelated
K7DERJ,GERMAN,1567,Augsburg,Navigation,unrelated,unrelated,unrelated,unrelated,unrelated
K7DERJ,GERMAN,1567,Augsburg,Perspective,primary,primary,primary,primary,primary
K7DERJ,GERMAN,1567,Augsburg,Practical Geometry,unrelated,primary,primary,primary,primary
K7DERJ,GERMAN,1567,Augsburg,Surveying,unrelated,unrelated,unknown,unrelated,unrelated
K7DERJ,GERMAN,1567,Augsburg,Theoretical Mathematics,unrelated,secondary,unknown,secondary,unrelated
K7DERJ,GERMAN,1567,Augsburg,Trigonometry,unrelated,unrelated,unknown,unrelated,unknown
L3XLGB,FRENCH,1564,Poitiers,Architecture,unrelated,unrelated,unrelated,unrelated,unrelated
L3XLGB,FRENCH,1564,Poitiers,Arithmetic,unrelated,unrelated,unrelated,unrelated,unrelated
L3XLGB,FRENCH,1564,Poitiers,Astronomy,unrelated,secondary,secondary,secondary,secondary
L3XLGB,FRENCH,1564,Poitiers,Cartography,unrelated,unrelated,unrelated,unrelated,unrelated
L3XLGB,FRENCH,1564,Poitiers,Commercial Mathematics,unrelated,unrelated,unrelated,unrelated,unrelated
L3XLGB,FRENCH,1564,Poitiers,Construction,unrelated,secondary,unrelated,unrelated,unrelated
L3XLGB,FRENCH,1564,Poitiers,Cosmography,unrelated,unrelated,unrelated,unrelated,unrelated
L3XLGB,FRENCH,1564,Poitiers,Geography,unrelated,unrelated,unrelated,unrelated,unrelated
L3XLGB,FRENCH,1564,Poitiers,Gnomonics & Horology,primary,primary,primary,primary,primary
L3XLGB,FRENCH,1564,Poitiers,Instrument Construction,unrelated,primary,primary,primary,primary
L3XLGB,FRENCH,1564,Poitiers,Instrument Use,unrelated,secondary,secondary,secondary,secondary
L3XLGB,FRENCH,1564,Poitiers,Mechanics,unrelated,unrelated,unrelated,unrelated,unrelated
L3XLGB,FRENCH,1564,Poitiers,Military Engineering,unrelated,unrelated,unrelated,unrelated,unrelated
L3XLGB,FRENCH,1564,Poitiers,Music Theory,unrelated,unrelated,unrelated,unrelated,unrelated
L3XLGB,FRENCH,1564,Poitiers,Navigation,unrelated,unrelated,unrelated,unrelated,unrelated
L3XLGB,FRENCH,1564,Poitiers,Perspective,unrelated,unrelated,unrelated,unrelated,unrelated
L3XLGB,FRENCH,1564,Poitiers,Practical Geometry,unrelated,primary,primary,secondary,secondary
L3XLGB,FRENCH,1564,Poitiers,Surveying,unrelated,unrelated,unrelated,unrelated,unrelated
L3XLGB,FRENCH,1564,Poitiers,Theoretical Mathematics,unrelated,unrelated,unrelated,unrelated,unrelated
L3XLGB,FRENCH,1564,Poitiers,Trigonometry,unrelated,secondary,secondary,secondary,secondary
L8R7FQ,FRENCH,1556,Paris,Architecture,unrelated,unrelated,unrelated,unrelated,unrelated
L8R7FQ,FRENCH,1556,Paris,Arithmetic,primary,primary,primary,primary,primary
L8R7FQ,FRENCH,1556,Paris,Astronomy,unrelated,unrelated,unrelated,unrelated,unrelated
L8R7FQ,FRENCH,1556,Paris,Cartography,unrelated,unrelated,unrelated,unrelated,unrelated
L8R7FQ,FRENCH,1556,Paris,Commercial Mathematics,unrelated,unrelated,unrelated,unrelated,unrelated
L8R7FQ,FRENCH,1556,Paris,Construction,unrelated,unrelated,unrelated,unrelated,unrelated
L8R7FQ,FRENCH,1556,Paris,Cosmography,unrelated,unrelated,unrelated,unrelated,unrelated
L8R7FQ,FRENCH,1556,Paris,Geography,unrelated,unrelated,unrelated,unrelated,unrelated
L8R7FQ,FRENCH,1556,Paris,Gnomonics & Horology,unrelated,unrelated,unrelated,unrelated,unrelated
L8R7FQ,FRENCH,1556,Paris,Instrument Construction,unrelated,unrelated,unrelated,unrelated,unrelated
L8R7FQ,FRENCH,1556,Paris,Instrument Use,unrelated,unrelated,unrelated,unrelated,unrelated
L8R7FQ,FRENCH,1556,Paris,Mechanics,unrelated,unrelated,unrelated,unrelated,unrelated
L8R7FQ,FRENCH,1556,Paris,Military Engineering,unrelated,unrelated,unrelated,unrelated,unrelated
L8R7FQ,FRENCH,1556,Paris,Music Theory,unrelated,unrelated,unrelated,unrelated,unrelated
L8R7FQ,FRENCH,1556,Paris,Navigation,unrelated,unrelated,unrelated,unrelated,unrelated
L8R7FQ,FRENCH,1556,Paris,Perspective,unrelated,unrelated,unrelated,unrelated,unrelated
L8R7FQ,FRENCH,1556,Paris,Practical Geometry,unrelated,unrelated,unrelated,unrelated,unrelated
L8R7FQ,FRENCH,1556,Paris,Surveying,unrelated,unrelated,unrelated,unrelated,unrelated
L8R7FQ,FRENCH,1556,Paris,Theoretical Mathematics,unrelated,unrelated,secondary,secondary,secondary
L8R7FQ,FRENCH,1556,Paris,Trigonometry,unrelated,unrelated,unrelated,unrelated,unrelated
LQNZBJ,FRENCH,1572,Paris,Architecture,unrelated,unrelated,unknown,unknown,secondary
LQNZBJ,FRENCH,1572,Paris,Arithmetic,unrelated,unrelated,unrelated,unrelated,unknown
LQNZBJ,FRENCH,1572,Paris,Astronomy,primary,primary,primary,primary,primary
LQNZBJ,FRENCH,1572,Paris,Cartography,unrelated,unrelated,unrelated,unrelated,unrelated
LQNZBJ,FRENCH,1572,Paris,Commercial Mathematics,unrelated,unrelated,unrelated,unrelated,unrelated
LQNZBJ,FRENCH,1572,Paris,Construction,unrelated,unrelated,unrelated,unrelated,unrelated
LQNZBJ,FRENCH,1572,Paris,Cosmography,unrelated,unknown,primary,primary,unknown
LQNZBJ,FRENCH,1572,Paris,Geography,unrelated,unrelated,unrelated,unrelated,unrelated
LQNZBJ,FRENCH,1572,Paris,Gnomonics & Horology,unrelated,unrelated,unrelated,unrelated,unknown
LQNZBJ,FRENCH,1572,Paris,Instrument Construction,unrelated,unrelated,unrelated,unrelated,unrelated
LQNZBJ,FRENCH,1572,Paris,Instrument Use,unrelated,unrelated,unrelated,unrelated,unrelated
LQNZBJ,FRENCH,1572,Paris,Mechanics,unrelated,unrelated,unrelated,unrelated,unrelated
LQNZBJ,FRENCH,1572,Paris,Military Engineering,unrelated,unrelated,unrelated,unrelated,unrelated
LQNZBJ,FRENCH,1572,Paris,Music Theory,unrelated,unrelated,unrelated,unrelated,unrelated
LQNZBJ,FRENCH,1572,Paris,Navigation,unrelated,unrelated,unrelated,unrelated,unknown
LQNZBJ,FRENCH,1572,Paris,Perspective,unrelated,unrelated,unrelated,unrelated,unrelated
LQNZBJ,FRENCH,1572,Paris,Practical Geometry,unrelated,unrelated,unrelated,unknown,unrelated
LQNZBJ,FRENCH,1572,Paris,Surveying,unrelated,unrelated,unrelated,unrelated,unrelated
LQNZBJ,FRENCH,1572,Paris,Theoretical Mathematics,unrelated,unknown,unrelated,unknown,unknown
LQNZBJ,FRENCH,1572,Paris,Trigonometry,unrelated,unknown,unrelated,unknown,unknown
MIZPJ8,GERMAN,1568,Nuremberg,Architecture,unrelated,unrelated,unrelated,unrelated,unrelated
MIZPJ8,GERMAN,1568,Nuremberg,Arithmetic,unrelated,unrelated,unrelated,unrelated,unrelated
MIZPJ8,GERMAN,1568,Nuremberg,Astronomy,unrelated,unrelated,unrelated,unrelated,unrelated
MIZPJ8,GERMAN,1568,Nuremberg,Cartography,unrelated,unrelated,unrelated,unrelated,unrelated
MIZPJ8,GERMAN,1568,Nuremberg,Commercial Mathematics,unrelated,unrelated,unrelated,unrelated,unrelated
MIZPJ8,GERMAN,1568,Nuremberg,Construction,unrelated,unrelated,unrelated,unrelated,unrelated
MIZPJ8,GERMAN,1568,Nuremberg,Cosmography,unrelated,unrelated,unrelated,unrelated,unrelated
MIZPJ8,GERMAN,1568,Nuremberg,Geography,unrelated,unrelated,unrelated,unrelated,unrelated
MIZPJ8,GERMAN,1568,Nuremberg,Gnomonics & Horology,unrelated,unrelated,unrelated,unrelated,unrelated
MIZPJ8,GERMAN,1568,Nuremberg,Instrument Construction,unrelated,unrelated,unrelated,unrelated,unrelated
MIZPJ8,GERMAN,1568,Nuremberg,Instrument Use,unrelated,unrelated,unrelated,unrelated,unrelated
MIZPJ8,GERMAN,1568,Nuremberg,Mechanics,unrelated,unrelated,unrelated,unrelated,unrelated
MIZPJ8,GERMAN,1568,Nuremberg,Military Engineering,unrelated,unrelated,unrelated,unrelated,unrelated
MIZPJ8,GERMAN,1568,Nuremberg,Music Theory,unrelated,unrelated,unrelated,unrelated,unrelated
MIZPJ8,GERMAN,1568,Nuremberg,Navigation,unrelated,unrelated,unrelated,unrelated,unrelated
MIZPJ8,GERMAN,1568,Nuremberg,Perspective,primary,primary,primary,primary,primary
MIZPJ8,GERMAN,1568,Nuremberg,Practical Geometry,unrelated,secondary,secondary,secondary,secondary
MIZPJ8,GERMAN,1568,Nuremberg,Surveying,unrelated,unrelated,unrelated,unrelated,unrelated
MIZPJ8,GERMAN,1568,Nuremberg,Theoretical Mathematics,unrelated,primary,primary,secondary,primary
MIZPJ8,GERMAN,1568,Nuremberg,Trigonometry,unrelated,unrelated,unrelated,unrelated,unknown
MYFHIS,ITALIAN,1584,Venice,Architecture,primary,primary,primary,primary,primary
MYFHIS,ITALIAN,1584,Venice,Arithmetic,unrelated,unrelated,unrelated,unrelated,unknown
MYFHIS,ITALIAN,1584,Venice,Astronomy,unrelated,unrelated,unrelated,unrelated,unknown
MYFHIS,ITALIAN,1584,Venice,Cartography,unrelated,unrelated,unrelated,unrelated,unknown
MYFHIS,ITALIAN,1584,Venice,Commercial Mathematics,unrelated,unrelated,unrelated,unrelated,unknown
MYFHIS,ITALIAN,1584,Venice,Construction,unrelated,primary,primary,primary,primary
MYFHIS,ITALIAN,1584,Venice,Cosmography,unrelated,unrelated,unrelated,unrelated,unknown
MYFHIS,ITALIAN,1584,Venice,Geography,unrelated,unrelated,unrelated,unrelated,unknown
MYFHIS,ITALIAN,1584,Venice,Gnomonics & Horology,unrelated,unrelated,unrelated,unrelated,unknown
MYFHIS,ITALIAN,1584,Venice,Instrument Construction,unrelated,unrelated,unrelated,unrelated,unknown
MYFHIS,ITALIAN,1584,Venice,Instrument Use,unrelated,unrelated,unrelated,unrelated,unknown
MYFHIS,ITALIAN,1584,Venice,Mechanics,unrelated,unrelated,unrelated,unrelated,unknown
MYFHIS,ITALIAN,1584,Venice,Military Engineering,unrelated,unrelated,unrelated,unrelated,unknown
MYFHIS,ITALIAN,1584,Venice,Music Theory,unrelated,unrelated,unrelated,unrelated,unknown
MYFHIS,ITALIAN,1584,Venice,Navigation,unrelated,unrelated,unrelated,unrelated,unknown
MYFHIS,ITALIAN,1584,Venice,Perspective,unrelated,unrelated,unrelated,unrelated,unknown
MYFHIS,ITALIAN,1584,Venice,Practical Geometry,unrelated,secondary,secondary,secondary,unknown
MYFHIS,ITALIAN,1584,Venice,Surveying,unrelated,unrelated,unrelated,unrelated,unknown
MYFHIS,ITALIAN,1584,Venice,Theoretical Mathematics,unrelated,unrelated,unrelated,unrelated,unknown
MYFHIS,ITALIAN,1584,Venice,Trigonometry,unrelated,unrelated,unrelated,unrelated,unknown
N000JX,LATIN,1516,Alcala,Architecture,unrelated,unrelated,unrelated,unrelated,unrelated
N000JX,LATIN,1516,Alcala,Arithmetic,unrelated,primary,primary,primary,primary
N000JX,LATIN,1516,Alcala,Astronomy,unrelated,primary,primary,primary,primary
N000JX,LATIN,1516,Alcala,Cartography,unrelated,unrelated,unrelated,unrelated,unrelated
N000JX,LATIN,1516,Alcala,Commercial Mathematics,unrelated,unrelated,unrelated,unrelated,unrelated
N000JX,LATIN,1516,Alcala,Construction,unrelated,unrelated,unrelated,unrelated,unrelated
N000JX,LATIN,1516,Alcala,Cosmography,unrelated,unrelated,unknown,unrelated,unrelated
N000JX,LATIN,1516,Alcala,Geography,unrelated,unrelated,unknown,unrelated,unrelated
N000JX,LATIN,1516,Alcala,Gnomonics & Horology,unrelated,unrelated,unknown,unrelated,unknown
N000JX,LATIN,1516,Alcala,Instrument Construction,unrelated,unrelated,unknown,unrelated,unknown
N000JX,LATIN,1516,Alcala,Instrument Use,unrelated,unrelated,unknown,unrelated,unknown
N000JX,LATIN,1516,Alcala,Mechanics,unrelated,unrelated,unknown,unrelated,unrelated
N000JX,LATIN,1516,Alcala,Military Engineering,unrelated,unrelated,unrelated,unrelated,unrelated
N000JX,LATIN,1516,Alcala,Music Theory,primary,primary,primary,primary,primary
N000JX,LATIN,1516,Alcala,Navigation,unrelated,unrelated,unrelated,unrelated,unrelated
N000JX,LATIN,1516,Alcala,Perspective,unrelated,unrelated,unrelated,unrelated,unrelated
N000JX,LATIN,1516,Alcala,Practical Geometry,unrelated,primary,primary,primary,unknown
N000JX,LATIN,1516,Alcala,Surveying,unrelated,unrelated,unknown,unrelated,unrelated
N000JX,LATIN,1516,Alcala,Theoretical Mathematics,unrelated,primary,primary,primary,primary
N000JX,LATIN,1516,Alcala,Trigonometry,unrelated,unknown,secondary,unknown,unknown
NTML0S,ITALIAN,1600,Venice,Architecture,primary,primary,primary,primary,primary
NTML0S,ITALIAN,1600,Venice,Arithmetic,unrelated,unrelated,unrelated,unrelated,unknown
NTML0S,ITALIAN,1600,Venice,Astronomy,unrelated,unrelated,unrelated,unrelated,unrelated
NTML0S,ITALIAN,1600,Venice,Cartography,unrelated,unrelated,unrelated,unrelated,unrelated
NTML0S,ITALIAN,1600,Venice,Commercial Mathematics,unrelated,unrelated,unrelated,unrelated,unknown
NTML0S,ITALIAN,1600,Venice,Construction,primary,secondary,primary,secondary,secondary
NTML0S,ITALIAN,1600,Venice,Cosmography,unrelated,unrelated,unrelated,unrelated,unrelated
NTML0S,ITALIAN,1600,Venice,Geography,unrelated,unrelated,unrelated,unrelated,unrelated
NTML0S,ITALIAN,1600,Venice,Gnomonics & Horology,unrelated,unrelated,unrelated,unrelated,unrelated
NTML0S,ITALIAN,1600,Venice,Instrument Construction,unrelated,unknown,unrelated,unknown,unknown
NTML0S,ITALIAN,1600,Venice,Instrument Use,unrelated,unknown,unrelated,unknown,unknown
NTML0S,ITALIAN,1600,Venice,Mechanics,unrelated,unknown,unrelated,unrelated,unknown
NTML0S,ITALIAN,1600,Venice,Military Engineering,unrelated,unrelated,unrelated,unrelated,unrelated
NTML0S,ITALIAN,1600,Venice,Music Theory,unrelated,unrelated,unrelated,unrelated,unrelated
NTML0S,ITALIAN,1600,Venice,Navigation,unrelated,unrelated,unrelated,unrelated,unrelated
NTML0S,ITALIAN,1600,Venice,Perspective,primary,primary,primary,primary,primary
NTML0S,ITALIAN,1600,Venice,Practical Geometry,unrelated,secondary,primary,secondary,secondary
NTML0S,ITALIAN,1600,Venice,Surveying,unrelated,unknown,unrelated,unrelated,unknown
NTML0S,ITALIAN,1600,Venice,Theoretical Mathematics,unrelated,unknown,secondary,secondary,unknown
NTML0S,ITALIAN,1600,Venice,Trigonometry,unrelated,unknown,unknown,secondary,unknown
Nuremberg_1539,GERMAN,1539,Nuremberg,Architecture,unrelated,secondary,unrelated,unrelated,secondary
Nuremberg_1539,GERMAN,1539,Nuremberg,Arithmetic,unrelated,unrelated,unrelated,unrelated,unrelated
Nuremberg_1539,GERMAN,1539,Nuremberg,Astronomy,unrelated,unrelated,unrelated,unrelated,unrelated
Nuremberg_1539,GERMAN,1539,Nuremberg,Cartography,unrelated,unrelated,unrelated,unrelated,unrelated
Nuremberg_1539,GERMAN,1539,Nuremberg,Commercial Mathematics,unrelated,unrelated,unrelated,unrelated,unrelated
Nuremberg_1539,GERMAN,1539,Nuremberg,Construction,unrelated,unrelated,unrelated,unrelated,secondary
Nuremberg_1539,GERMAN,1539,Nuremberg,Cosmography,unrelated,unrelated,unrelated,unrelated,unrelated
Nuremberg_1539,GERMAN,1539,Nuremberg,Geography,unrelated,unrelated,unrelated,unrelated,unrelated
Nuremberg_1539,GERMAN,1539,Nuremberg,Gnomonics & Horology,unrelated,unrelated,unrelated,unrelated,unrelated
Nuremberg_1539,GERMAN,1539,Nuremberg,Instrument Construction,unrelated,unrelated,unrelated,unrelated,unrelated
Nuremberg_1539,GERMAN,1539,Nuremberg,Instrument Use,unrelated,primary,secondary,secondary,secondary
Nuremberg_1539,GERMAN,1539,Nuremberg,Mechanics,unrelated,unrelated,unrelated,unrelated,unrelated
Nuremberg_1539,GERMAN,1539,Nuremberg,Military Engineering,unrelated,unrelated,unrelated,unrelated,unrelated
Nuremberg_1539,GERMAN,1539,Nuremberg,Music Theory,unrelated,unrelated,unrelated,unrelated,unrelated
Nuremberg_1539,GERMAN,1539,Nuremberg,Navigation,unrelated,unrelated,unrelated,unrelated,unrelated
Nuremberg_1539,GERMAN,1539,Nuremberg,Perspective,unrelated,unrelated,unrelated,unrelated,unrelated
Nuremberg_1539,GERMAN,1539,Nuremberg,Practical Geometry,primary,primary,primary,primary,primary
Nuremberg_1539,GERMAN,1539,Nuremberg,Surveying,unrelated,unrelated,unrelated,unrelated,unrelated
Nuremberg_1539,GERMAN,1539,Nuremberg,Theoretical Mathematics,unrelated,secondary,secondary,primary,secondary
Nuremberg_1539,GERMAN,1539,Nuremberg,Trigonometry,unrelated,unrelated,unrelated,unrelated,unrelated
Paris_1532,LATIN,1532,Paris,Architecture,unrelated,unknown,unknown,unknown,unknown
Paris_1532,LATIN,1532,Paris,Arithmetic,unrelated,unknown,unknown,unknown,unknown
Paris_1532,LATIN,1532,Paris,Astronomy,unrelated,unknown,unknown,unknown,unknown
Paris_1532,LATIN,1532,Paris,Cartography,unrelated,unknown,unknown,unknown,unknown
Paris_1532,LATIN,1532,Paris,Commercial Mathematics,unrelated,unknown,unknown,unknown,unknown
Paris_1532,LATIN,1532,Paris,Construction,unrelated,unknown,unknown,unknown,unknown
Paris_1532,LATIN,1532,Paris,Cosmography,unrelated,unknown,unknown,unknown,unknown
Paris_1532,LATIN,1532,Paris,Geography,unrelated,unknown,unknown,unknown,unknown
Paris_1532,LATIN,1532,Paris,Gnomonics & Horology,unrelated,unknown,unknown,unknown,unknown
Paris_1532,LATIN,1532,Paris,Instrument Construction,unrelated,unknown,unknown,unknown,unknown
Paris_1532,LATIN,1532,Paris,Instrument Use,unrelated,unknown,unknown,unknown,unknown
Paris_1532,LATIN,1532,Paris,Mechanics,unrelated,unknown,unknown,unknown,unknown
Paris_1532,LATIN,1532,Paris,Military Engineering,unrelated,unknown,unknown,unknown,unknown
Paris_1532,LATIN,1532,Paris,Music Theory,unrelated,unknown,unknown,unknown,unknown
Paris_1532,LATIN,1532,Paris,Navigation,unrelated,unknown,unknown,unknown,unknown
Paris_1532,LATIN,1532,Paris,Perspective,unrelated,unknown,unknown,unknown,unknown
Paris_1532,LATIN,1532,Paris,Practical Geometry,primary,unknown,unknown,unknown,unknown
Paris_1532,LATIN,1532,Paris,Surveying,unrelated,unknown,unknown,unknown,unknown
Paris_1532,LATIN,1532,Paris,Theoretical Mathematics,unrelated,unknown,unknown,unknown,unknown
Paris_1532,LATIN,1532,Paris,Trigonometry,unrelated,unknown,unknown,unknown,unknown
Q4F538,GERMAN,1571,Nuremberg,Architecture,unrelated,secondary,secondary,secondary,secondary
Q4F538,GERMAN,1571,Nuremberg,Arithmetic,unrelated,unrelated,unrelated,unrelated,unrelated
Q4F538,GERMAN,1571,Nuremberg,Astronomy,unrelated,unrelated,unrelated,unrelated,unrelated
Q4F538,GERMAN,1571,Nuremberg,Cartography,unrelated,unrelated,unrelated,unrelated,unrelated
Q4F538,GERMAN,1571,Nuremberg,Commercial Mathematics,unrelated,unrelated,unrelated,unrelated,unrelated
Q4F538,GERMAN,1571,Nuremberg,Construction,unrelated,unrelated,unrelated,secondary,secondary
Q4F538,GERMAN,1571,Nuremberg,Cosmography,unrelated,unrelated,unrelated,unrelated,unrelated
Q4F538,GERMAN,1571,Nuremberg,Geography,unrelated,unrelated,unrelated,unrelated,unrelated
Q4F538,GERMAN,1571,Nuremberg,Gnomonics & Horology,unrelated,unrelated,unrelated,unrelated,unrelated
Q4F538,GERMAN,1571,Nuremberg,Instrument Construction,unrelated,unrelated,unrelated,unrelated,unrelated
Q4F538,GERMAN,1571,Nuremberg,Instrument Use,unrelated,unrelated,unrelated,unrelated,unrelated
Q4F538,GERMAN,1571,Nuremberg,Mechanics,unrelated,unrelated,unrelated,unrelated,unrelated
Q4F538,GERMAN,1571,Nuremberg,Military Engineering,unrelated,unrelated,unrelated,unrelated,unrelated
Q4F538,GERMAN,1571,Nuremberg,Music Theory,unrelated,unrelated,unrelated,unrelated,unrelated
Q4F538,GERMAN,1571,Nuremberg,Navigation,unrelated,unrelated,unrelated,unrelated,unrelated
Q4F538,GERMAN,1571,Nuremberg,Perspective,primary,primary,primary,primary,primary
Q4F538,GERMAN,1571,Nuremberg,Practical Geometry,unrelated,secondary,primary,primary,primary
Q4F538,GERMAN,1571,Nuremberg,Surveying,unrelated,unrelated,unrelated,unrelated,unrelated
Q4F538,GERMAN,1571,Nuremberg,Theoretical Mathematics,unrelated,unrelated,secondary,unrelated,unknown
Q4F538,GERMAN,1571,Nuremberg,Trigonometry,unrelated,unknown,unknown,unrelated,unknown
QWCWLH,"FRENCH, ITALIAN",1545,Paris,Architecture,,primary,primary,primary,primary
QWCWLH,"FRENCH, ITALIAN",1545,Paris,Arithmetic,,unrelated,unrelated,unknown,unrelated
QWCWLH,"FRENCH, ITALIAN",1545,Paris,Astronomy,,unrelated,unrelated,unknown,unrelated
QWCWLH,"FRENCH, ITALIAN",1545,Paris,Cartography,,unrelated,unrelated,unknown,unrelated
QWCWLH,"FRENCH, ITALIAN",1545,Paris,Commercial Mathematics,,unrelated,unrelated,unknown,unrelated
QWCWLH,"FRENCH, ITALIAN",1545,Paris,Construction,,secondary,primary,unknown,unrelated
QWCWLH,"FRENCH, ITALIAN",1545,Paris,Cosmography,,unrelated,unrelated,unknown,unrelated
QWCWLH,"FRENCH, ITALIAN",1545,Paris,Geography,,unrelated,unrelated,unknown,unrelated
QWCWLH,"FRENCH, ITALIAN",1545,Paris,Gnomonics & Horology,,unrelated,unrelated,unknown,unrelated
QWCWLH,"FRENCH, ITALIAN",1545,Paris,Instrument Construction,,unrelated,unknown,unknown,unrelated
QWCWLH,"FRENCH, ITALIAN",1545,Paris,Instrument Use,,unrelated,unknown,unknown,unrelated
QWCWLH,"FRENCH, ITALIAN",1545,Paris,Mechanics,,unrelated,unknown,unknown,unrelated
QWCWLH,"FRENCH, ITALIAN",1545,Paris,Military Engineering,,unrelated,unrelated,unknown,unrelated
QWCWLH,"FRENCH, ITALIAN",1545,Paris,Music Theory,,unrelated,unrelated,unknown,unrelated
QWCWLH,"FRENCH, ITALIAN",1545,Paris,Navigation,,unrelated,unrelated,unknown,unrelated
QWCWLH,"FRENCH, ITALIAN",1545,Paris,Perspective,,unknown,primary,unknown,unrelated
QWCWLH,"FRENCH, ITALIAN",1545,Paris,Practical Geometry,,secondary,primary,unknown,unrelated
QWCWLH,"FRENCH, ITALIAN",1545,Paris,Surveying,,unrelated,unknown,unknown,unrelated
QWCWLH,"FRENCH, ITALIAN",1545,Paris,Theoretical Mathematics,,secondary,secondary,unknown,unrelated
QWCWLH,"FRENCH, ITALIAN",1545,Paris,Trigonometry,,unknown,unknown,unknown,unrelated
S105XB,GERMAN,1564,Frankfurt,Architecture,unrelated,secondary,unrelated,secondary,unrelated
S105XB,GERMAN,1564,Frankfurt,Arithmetic,unrelated,unrelated,unrelated,unrelated,unrelated
S105XB,GERMAN,1564,Frankfurt,Astronomy,unrelated,unrelated,unrelated,unrelated,unrelated
S105XB,GERMAN,1564,Frankfurt,Cartography,unrelated,unrelated,unrelated,unrelated,unrelated
S105XB,GERMAN,1564,Frankfurt,Commercial Mathematics,unrelated,unrelated,unrelated,unrelated,unrelated
S105XB,GERMAN,1564,Frankfurt,Construction,unrelated,unrelated,secondary,secondary,secondary
S105XB,GERMAN,1564,Frankfurt,Cosmography,unrelated,unrelated,unrelated,unrelated,unrelated
S105XB,GERMAN,1564,Frankfurt,Geography,unrelated,unrelated,unrelated,unrelated,unrelated
S105XB,GERMAN,1564,Frankfurt,Gnomonics & Horology,unrelated,unrelated,unrelated,unrelated,unrelated
S105XB,GERMAN,1564,Frankfurt,Instrument Construction,unrelated,unrelated,unrelated,unknown,unrelated
S105XB,GERMAN,1564,Frankfurt,Instrument Use,unrelated,unrelated,unrelated,primary,primary
S105XB,GERMAN,1564,Frankfurt,Mechanics,unrelated,unrelated,unrelated,unrelated,unrelated
S105XB,GERMAN,1564,Frankfurt,Military Engineering,unrelated,unrelated,unrelated,unrelated,unrelated
S105XB,GERMAN,1564,Frankfurt,Music Theory,unrelated,unrelated,unrelated,unrelated,unrelated
S105XB,GERMAN,1564,Frankfurt,Navigation,unrelated,unrelated,unrelated,unrelated,unrelated
S105XB,GERMAN,1564,Frankfurt,Perspective,primary,primary,primary,primary,primary
S105XB,GERMAN,1564,Frankfurt,Practical Geometry,primary,primary,primary,primary,primary
S105XB,GERMAN,1564,Frankfurt,Surveying,unrelated,unrelated,unrelated,unrelated,unrelated
S105XB,GERMAN,1564,Frankfurt,Theoretical Mathematics,unrelated,secondary,secondary,secondary,unrelated
S105XB,GERMAN,1564,Frankfurt,Trigonometry,unrelated,unknown,secondary,unrelated,unrelated
Strasbourg_1529,LATIN,1529,Strasbourg,Architecture,unrelated,unrelated,unrelated,unrelated,unrelated
Strasbourg_1529,LATIN,1529,Strasbourg,Arithmetic,unrelated,unrelated,secondary,unrelated,unrelated
Strasbourg_1529,LATIN,1529,Strasbourg,Astronomy,unrelated,unrelated,unrelated,secondary,unknown
Strasbourg_1529,LATIN,1529,Strasbourg,Cartography,unrelated,unrelated,unrelated,unrelated,unrelated
Strasbourg_1529,LATIN,1529,Strasbourg,Commercial Mathematics,unrelated,unrelated,unrelated,unrelated,unrelated
Strasbourg_1529,LATIN,1529,Strasbourg,Construction,unrelated,unrelated,unrelated,unrelated,unrelated
Strasbourg_1529,LATIN,1529,Strasbourg,Cosmography,unrelated,unrelated,unrelated,unrelated,unrelated
Strasbourg_1529,LATIN,1529,Strasbourg,Geography,unrelated,unrelated,unrelated,unrelated,unrelated
Strasbourg_1529,LATIN,1529,Strasbourg,Gnomonics & Horology,unrelated,unrelated,unrelated,unrelated,unrelated
Strasbourg_1529,LATIN,1529,Strasbourg,Instrument Construction,unrelated,unrelated,unrelated,unrelated,unrelated
Strasbourg_1529,LATIN,1529,Strasbourg,Instrument Use,unrelated,unrelated,unrelated,unrelated,unrelated
Strasbourg_1529,LATIN,1529,Strasbourg,Mechanics,unrelated,unrelated,unrelated,unrelated,unrelated
Strasbourg_1529,LATIN,1529,Strasbourg,Military Engineering,unrelated,unrelated,unrelated,unrelated,unrelated
Strasbourg_1529,LATIN,1529,Strasbourg,Music Theory,unrelated,unrelated,unrelated,unrelated,unrelated
Strasbourg_1529,LATIN,1529,Strasbourg,Navigation,unrelated,unrelated,unrelated,unrelated,unrelated
Strasbourg_1529,LATIN,1529,Strasbourg,Perspective,unrelated,unrelated,unrelated,unrelated,unrelated
Strasbourg_1529,LATIN,1529,Strasbourg,Practical Geometry,primary,primary,secondary,secondary,unknown
Strasbourg_1529,LATIN,1529,Strasbourg,Surveying,unrelated,unrelated,secondary,unrelated,unrelated
Strasbourg_1529,LATIN,1529,Strasbourg,Theoretical Mathematics,unrelated,primary,primary,primary,primary
Strasbourg_1529,LATIN,1529,Strasbourg,Trigonometry,unrelated,unrelated,unrelated,unrelated,unrelated
TJONV6,FRENCH,1585,Paris,Architecture,unrelated,unrelated,unrelated,unrelated,unrelated
TJONV6,FRENCH,1585,Paris,Arithmetic,primary,primary,primary,primary,primary
TJONV6,FRENCH,1585,Paris,Astronomy,unrelated,unrelated,unrelated,unrelated,unrelated
TJONV6,FRENCH,1585,Paris,Cartography,unrelated,unrelated,unrelated,unrelated,unrelated
TJONV6,FRENCH,1585,Paris,Commercial Mathematics,unrelated,unrelated,unrelated,unrelated,unrelated
TJONV6,FRENCH,1585,Paris,Construction,unrelated,unrelated,unrelated,unrelated,unrelated
TJONV6,FRENCH,1585,Paris,Cosmography,unrelated,unrelated,unrelated,unrelated,unrelated
TJONV6,FRENCH,1585,Paris,Geography,unrelated,unrelated,unrelated,unrelated,unrelated
TJONV6,FRENCH,1585,Paris,Gnomonics & Horology,unrelated,unrelated,unrelated,unrelated,unrelated
TJONV6,FRENCH,1585,Paris,Instrument Construction,unrelated,unrelated,unrelated,unrelated,unrelated
TJONV6,FRENCH,1585,Paris,Instrument Use,unrelated,unrelated,unrelated,unrelated,unrelated
TJONV6,FRENCH,1585,Paris,Mechanics,unrelated,unrelated,unrelated,unrelated,unrelated
TJONV6,FRENCH,1585,Paris,Military Engineering,unrelated,unrelated,unrelated,unrelated,unrelated
TJONV6,FRENCH,1585,Paris,Music Theory,unrelated,unrelated,unrelated,unrelated,unrelated
TJONV6,FRENCH,1585,Paris,Navigation,unrelated,unrelated,unrelated,unrelated,unrelated
TJONV6,FRENCH,1585,Paris,Perspective,unrelated,unrelated,unrelated,unrelated,unrelated
TJONV6,FRENCH,1585,Paris,Practical Geometry,unrelated,unrelated,unrelated,unrelated,unrelated
TJONV6,FRENCH,1585,Paris,Surveying,unrelated,unrelated,unrelated,unrelated,unrelated
TJONV6,FRENCH,1585,Paris,Theoretical Mathematics,unrelated,secondary,secondary,secondary,unrelated
TJONV6,FRENCH,1585,Paris,Trigonometry,unrelated,unrelated,unrelated,unrelated,unrelated
TMVVZN,ITALIAN,1584,Milan,Architecture,unrelated,unrelated,unrelated,unrelated,unrelated
TMVVZN,ITALIAN,1584,Milan,Arithmetic,unrelated,unrelated,unrelated,unrelated,unrelated
TMVVZN,ITALIAN,1584,Milan,Astronomy,unrelated,unrelated,unrelated,unrelated,unrelated
TMVVZN,ITALIAN,1584,Milan,Cartography,unrelated,unrelated,unrelated,unrelated,unrelated
TMVVZN,ITALIAN,1584,Milan,Commercial Mathematics,unrelated,unrelated,unrelated,unrelated,unrelated
TMVVZN,ITALIAN,1584,Milan,Construction,unrelated,unrelated,unrelated,unrelated,unrelated
TMVVZN,ITALIAN,1584,Milan,Cosmography,unrelated,unrelated,unrelated,unrelated,unrelated
TMVVZN,ITALIAN,1584,Milan,Geography,unrelated,unrelated,unrelated,unrelated,unrelated
TMVVZN,ITALIAN,1584,Milan,Gnomonics & Horology,unrelated,unrelated,unrelated,unrelated,unrelated
TMVVZN,ITALIAN,1584,Milan,Instrument Construction,unrelated,unrelated,unrelated,unrelated,unrelated
TMVVZN,ITALIAN,1584,Milan,Instrument Use,unrelated,unrelated,unrelated,unrelated,unrelated
TMVVZN,ITALIAN,1584,Milan,Mechanics,unrelated,unrelated,unrelated,unrelated,unrelated
TMVVZN,ITALIAN,1584,Milan,Military Engineering,unrelated,unrelated,unrelated,unrelated,unrelated
TMVVZN,ITALIAN,1584,Milan,Music Theory,unrelated,unrelated,unrelated,unrelated,unrelated
TMVVZN,ITALIAN,1584,Milan,Navigation,unrelated,unrelated,unrelated,unrelated,unrelated
TMVVZN,ITALIAN,1584,Milan,Perspective,unrelated,unrelated,unknown,unrelated,unknown
TMVVZN,ITALIAN,1584,Milan,Practical Geometry,unrelated,unrelated,unknown,unrelated,unknown
TMVVZN,ITALIAN,1584,Milan,Surveying,unrelated,unrelated,unrelated,unrelated,unrelated
TMVVZN,ITALIAN,1584,Milan,Theoretical Mathematics,unrelated,unrelated,unknown,unrelated,unknown
TMVVZN,ITALIAN,1584,Milan,Trigonometry,unrelated,unrelated,unknown,unrelated,unknown
Tours_1593,LATIN,1593,Tours,Architecture,unrelated,unrelated,unrelated,unrelated,unrelated
Tours_1593,LATIN,1593,Tours,Arithmetic,unrelated,unrelated,unrelated,unrelated,unrelated
Tours_1593,LATIN,1593,Tours,Astronomy,unrelated,unrelated,unrelated,unrelated,unrelated
Tours_1593,LATIN,1593,Tours,Cartography,unrelated,unrelated,unrelated,unrelated,unrelated
Tours_1593,LATIN,1593,Tours,Commercial Mathematics,unrelated,unrelated,unrelated,unrelated,unrelated
Tours_1593,LATIN,1593,Tours,Construction,unrelated,unrelated,unrelated,unrelated,unrelated
Tours_1593,LATIN,1593,Tours,Cosmography,unrelated,unrelated,unrelated,unrelated,unrelated
Tours_1593,LATIN,1593,Tours,Geography,unrelated,unrelated,unrelated,unrelated,unrelated
Tours_1593,LATIN,1593,Tours,Gnomonics & Horology,unrelated,unrelated,unrelated,unrelated,unrelated
Tours_1593,LATIN,1593,Tours,Instrument Construction,unrelated,unrelated,unrelated,unrelated,unrelated
Tours_1593,LATIN,1593,Tours,Instrument Use,unrelated,unrelated,unrelated,unrelated,unrelated
Tours_1593,LATIN,1593,Tours,Mechanics,unrelated,unrelated,unrelated,unrelated,unrelated
Tours_1593,LATIN,1593,Tours,Military Engineering,unrelated,unrelated,unrelated,unrelated,unrelated
Tours_1593,LATIN,1593,Tours,Music Theory,unrelated,unrelated,unrelated,unrelated,unrelated
Tours_1593,LATIN,1593,Tours,Navigation,unrelated,unrelated,unrelated,unrelated,unrelated
Tours_1593,LATIN,1593,Tours,Perspective,unrelated,unrelated,unrelated,unrelated,unrelated
Tours_1593,LATIN,1593,Tours,Practical Geometry,unrelated,primary,primary,primary,unrelated
Tours_1593,LATIN,1593,Tours,Surveying,unrelated,unrelated,unrelated,unrelated,unrelated
Tours_1593,LATIN,1593,Tours,Theoretical Mathematics,primary,primary,primary,primary,primary
Tours_1593,LATIN,1593,Tours,Trigonometry,unrelated,unrelated,unrelated,unrelated,unrelated
UEIZFO,FRENCH,1565,Paris,Architecture,unrelated,unrelated,unrelated,unrelated,unrelated
UEIZFO,FRENCH,1565,Paris,Arithmetic,primary,primary,primary,primary,primary
UEIZFO,FRENCH,1565,Paris,Astronomy,unrelated,unrelated,unrelated,unrelated,unrelated
UEIZFO,FRENCH,1565,Paris,Cartography,unrelated,unrelated,unrelated,unrelated,unrelated
UEIZFO,FRENCH,1565,Paris,Commercial Mathematics,unrelated,unrelated,unrelated,unrelated,unrelated
UEIZFO,FRENCH,1565,Paris,Construction,unrelated,unrelated,unrelated,unrelated,unrelated
UEIZFO,FRENCH,1565,Paris,Cosmography,unrelated,unrelated,unrelated,unrelated,unrelated
UEIZFO,FRENCH,1565,Paris,Geography,unrelated,unrelated,unrelated,unrelated,unrelated
UEIZFO,FRENCH,1565,Paris,Gnomonics & Horology,unrelated,unrelated,unrelated,unrelated,unrelated
UEIZFO,FRENCH,1565,Paris,Instrument Construction,unrelated,unrelated,unrelated,unrelated,unrelated
UEIZFO,FRENCH,1565,Paris,Instrument Use,unrelated,unrelated,unrelated,unrelated,unrelated
UEIZFO,FRENCH,1565,Paris,Mechanics,unrelated,unrelated,unrelated,unrelated,unrelated
UEIZFO,FRENCH,1565,Paris,Military Engineering,unrelated,unrelated,unrelated,unrelated,unrelated
UEIZFO,FRENCH,1565,Paris,Music Theory,unrelated,unrelated,unrelated,unrelated,unrelated
UEIZFO,FRENCH,1565,Paris,Navigation,unrelated,unrelated,unrelated,unrelated,unrelated
UEIZFO,FRENCH,1565,Paris,Perspective,unrelated,unrelated,unrelated,unrelated,unrelated
UEIZFO,FRENCH,1565,Paris,Practical Geometry,unrelated,unrelated,unrelated,unrelated,unrelated
UEIZFO,FRENCH,1565,Paris,Surveying,unrelated,unrelated,unrelated,unrelated,unrelated
UEIZFO,FRENCH,1565,Paris,Theoretical Mathematics,unrelated,unrelated,unrelated,unrelated,unrelated
UEIZFO,FRENCH,1565,Paris,Trigonometry,unrelated,unrelated,unrelated,unrelated,unrelated
VWMZ7L,LATIN,1557,Paris,Architecture,unrelated,unrelated,unrelated,unrelated,unrelated
VWMZ7L,LATIN,1557,Paris,Arithmetic,primary,primary,primary,primary,primary
VWMZ7L,LATIN,1557,Paris,Astronomy,unrelated,primary,primary,primary,primary
VWMZ7L,LATIN,1557,Paris,Cartography,unrelated,unrelated,unrelated,unrelated,unrelated
VWMZ7L,LATIN,1557,Paris,Commercial Mathematics,unrelated,unrelated,unrelated,unrelated,unrelated
VWMZ7L,LATIN,1557,Paris,Construction,unrelated,unrelated,unrelated,unrelated,unrelated
VWMZ7L,LATIN,1557,Paris,Cosmography,unrelated,unknown,secondary,unrelated,unrelated
VWMZ7L,LATIN,1557,Paris,Geography,primary,unrelated,unrelated,unrelated,unrelated
VWMZ7L,LATIN,1557,Paris,Gnomonics & Horology,unrelated,unrelated,unrelated,unrelated,unrelated
VWMZ7L,LATIN,1557,Paris,Instrument Construction,unrelated,unrelated,unrelated,unrelated,unrelated
VWMZ7L,LATIN,1557,Paris,Instrument Use,unrelated,unrelated,unrelated,unrelated,unrelated
VWMZ7L,LATIN,1557,Paris,Mechanics,unrelated,unrelated,unrelated,unrelated,unrelated
VWMZ7L,LATIN,1557,Paris,Military Engineering,unrelated,unrelated,unrelated,unrelated,unrelated
VWMZ7L,LATIN,1557,Paris,Music Theory,primary,primary,primary,primary,primary
VWMZ7L,LATIN,1557,Paris,Navigation,unrelated,unrelated,unrelated,unrelated,unrelated
VWMZ7L,LATIN,1557,Paris,Perspective,unrelated,unrelated,unrelated,unrelated,unrelated
VWMZ7L,LATIN,1557,Paris,Practical Geometry,unrelated,unknown,primary,unknown,unknown
VWMZ7L,LATIN,1557,Paris,Surveying,unrelated,unrelated,unrelated,unrelated,unrelated
VWMZ7L,LATIN,1557,Paris,Theoretical Mathematics,unrelated,primary,primary,primary,primary
VWMZ7L,LATIN,1557,Paris,Trigonometry,unrelated,unrelated,unknown,unrelated,unknown
Valencia_1569,LATIN,1569,Valencia,Architecture,unrelated,unrelated,unrelated,unrelated,unrelated
Valencia_1569,LATIN,1569,Valencia,Arithmetic,primary,primary,primary,primary,primary
Valencia_1569,LATIN,1569,Valencia,Astronomy,unrelated,unrelated,unrelated,unrelated,unrelated
Valencia_1569,LATIN,1569,Valencia,Cartography,unrelated,unrelated,unrelated,unrelated,unrelated
Valencia_1569,LATIN,1569,Valencia,Commercial Mathematics,unrelated,unrelated,unrelated,unrelated,unrelated
Valencia_1569,LATIN,1569,Valencia,Construction,unrelated,unrelated,unrelated,unrelated,unrelated
Valencia_1569,LATIN,1569,Valencia,Cosmography,unrelated,unrelated,unrelated,unrelated,unrelated
Valencia_1569,LATIN,1569,Valencia,Geography,unrelated,unrelated,unrelated,unrelated,unrelated
Valencia_1569,LATIN,1569,Valencia,Gnomonics & Horology,unrelated,unrelated,unrelated,unrelated,unrelated
Valencia_1569,LATIN,1569,Valencia,Instrument Construction,unrelated,unrelated,unrelated,unrelated,unrelated
Valencia_1569,LATIN,1569,Valencia,Instrument Use,unrelated,unrelated,unrelated,unrelated,unrelated
Valencia_1569,LATIN,1569,Valencia,Mechanics,unrelated,unrelated,unrelated,unrelated,unrelated
Valencia_1569,LATIN,1569,Valencia,Military Engineering,unrelated,unrelated,unrelated,unrelated,unrelated
Valencia_1569,LATIN,1569,Valencia,Music Theory,unrelated,unrelated,unrelated,unrelated,unrelated
Valencia_1569,LATIN,1569,Valencia,Navigation,unrelated,unrelated,unrelated,unrelated,unrelated
Valencia_1569,LATIN,1569,Valencia,Perspective,unrelated,unrelated,unrelated,unrelated,unrelated
Valencia_1569,LATIN,1569,Valencia,Practical Geometry,primary,unknown,secondary,secondary,unrelated
Valencia_1569,LATIN,1569,Valencia,Surveying,unrelated,unrelated,unrelated,unrelated,unrelated
Valencia_1569,LATIN,1569,Valencia,Theoretical Mathematics,unrelated,primary,primary,primary,primary
Valencia_1569,LATIN,1569,Valencia,Trigonometry,unrelated,unrelated,unrelated,unrelated,unrelated
WHEESV,LATIN,1600,Pesaro,Architecture,unrelated,secondary,unrelated,unrelated,unknown
WHEESV,LATIN,1600,Pesaro,Arithmetic,unrelated,unrelated,unrelated,unrelated,unrelated
WHEESV,LATIN,1600,Pesaro,Astronomy,unrelated,unrelated,unrelated,unrelated,unrelated
WHEESV,LATIN,1600,Pesaro,Cartography,unrelated,unrelated,unrelated,unrelated,unrelated
WHEESV,LATIN,1600,Pesaro,Commercial Mathematics,unrelated,unrelated,unrelated,unrelated,unrelated
WHEESV,LATIN,1600,Pesaro,Construction,unrelated,unrelated,unrelated,unrelated,unrelated
WHEESV,LATIN,1600,Pesaro,Cosmography,unrelated,unrelated,unrelated,unrelated,unrelated
WHEESV,LATIN,1600,Pesaro,Geography,unrelated,unrelated,unrelated,unrelated,unrelated
WHEESV,LATIN,1600,Pesaro,Gnomonics & Horology,unrelated,unrelated,unrelated,unrelated,unrelated
WHEESV,LATIN,1600,Pesaro,Instrument Construction,unrelated,unrelated,unrelated,unrelated,unrelated
WHEESV,LATIN,1600,Pesaro,Instrument Use,unrelated,unrelated,unrelated,unrelated,unknown
WHEESV,LATIN,1600,Pesaro,Mechanics,unrelated,unrelated,unrelated,unrelated,unrelated
WHEESV,LATIN,1600,Pesaro,Military Engineering,unrelated,unrelated,unrelated,unrelated,unrelated
WHEESV,LATIN,1600,Pesaro,Music Theory,unrelated,unrelated,unrelated,unrelated,unrelated
WHEESV,LATIN,1600,Pesaro,Navigation,unrelated,unrelated,unrelated,unrelated,unrelated
WHEESV,LATIN,1600,Pesaro,Perspective,primary,primary,primary,primary,primary
WHEESV,LATIN,1600,Pesaro,Practical Geometry,unrelated,secondary,unrelated,unrelated,unknown
WHEESV,LATIN,1600,Pesaro,Surveying,unrelated,unrelated,unrelated,unrelated,unrelated
WHEESV,LATIN,1600,Pesaro,Theoretical Mathematics,unrelated,secondary,unrelated,unrelated,unknown
WHEESV,LATIN,1600,Pesaro,Trigonometry,unrelated,secondary,unrelated,unrelated,unknown
X2T7PY,LATIN,1586,Rome,Architecture,unrelated,unrelated,unrelated,unrelated,unrelated
X2T7PY,LATIN,1586,Rome,Arithmetic,unrelated,unrelated,secondary,unknown,unrelated
X2T7PY,LATIN,1586,Rome,Astronomy,unrelated,unrelated,secondary,unknown,unrelated
X2T7PY,LATIN,1586,Rome,Cartography,unrelated,unrelated,unrelated,unrelated,unrelated
X2T7PY,LATIN,1586,Rome,Commercial Mathematics,unrelated,unrelated,unrelated,unrelated,unrelated
X2T7PY,LATIN,1586,Rome,Construction,unrelated,unrelated,unrelated,unrelated,unrelated
X2T7PY,LATIN,1586,Rome,Cosmography,unrelated,unrelated,unrelated,unrelated,unrelated
X2T7PY,LATIN,1586,Rome,Geography,unrelated,unrelated,unrelated,unrelated,unrelated
X2T7PY,LATIN,1586,Rome,Gnomonics & Horology,primary,primary,primary,primary,primary
X2T7PY,LATIN,1586,Rome,Instrument Construction,unrelated,primary,primary,primary,primary
X2T7PY,LATIN,1586,Rome,Instrument Use,unrelated,primary,primary,primary,primary
X2T7PY,LATIN,1586,Rome,Mechanics,unrelated,secondary,secondary,unknown,unknown
X2T7PY,LATIN,1586,Rome,Military Engineering,unrelated,unrelated,unrelated,unrelated,unrelated
X2T7PY,LATIN,1586,Rome,Music Theory,unrelated,unrelated,unrelated,unrelated,unrelated
X2T7PY,LATIN,1586,Rome,Navigation,unrelated,unrelated,unrelated,unrelated,unrelated
X2T7PY,LATIN,1586,Rome,Perspective,unrelated,unrelated,unrelated,unrelated,unrelated
X2T7PY,LATIN,1586,Rome,Practical Geometry,unrelated,unrelated,secondary,unknown,unknown
X2T7PY,LATIN,1586,Rome,Surveying,unrelated,unrelated,unrelated,unrelated,unrelated
X2T7PY,LATIN,1586,Rome,Theoretical Mathematics,unrelated,unrelated,unrelated,unknown,unrelated
X2T7PY,LATIN,1586,Rome,Trigonometry,unrelated,unrelated,secondary,unknown,unrelated
X5YBIB,FRENCH,1586,Paris,Architecture,unrelated,unrelated,unrelated,unrelated,unrelated
X5YBIB,FRENCH,1586,Paris,Arithmetic,unrelated,unknown,unrelated,secondary,unrelated
X5YBIB,FRENCH,1586,Paris,Astronomy,unrelated,unrelated,unrelated,unrelated,unrelated
X5YBIB,FRENCH,1586,Paris,Cartography,unrelated,unrelated,unrelated,unrelated,unrelated
X5YBIB,FRENCH,1586,Paris,Commercial Mathematics,unrelated,unrelated,unrelated,unrelated,unrelated
X5YBIB,FRENCH,1586,Paris,Construction,unrelated,secondary,unknown,secondary,unrelated
X5YBIB,FRENCH,1586,Paris,Cosmography,unrelated,unrelated,unrelated,unrelated,unrelated
X5YBIB,FRENCH,1586,Paris,Geography,unrelated,unrelated,unrelated,unrelated,unrelated
X5YBIB,FRENCH,1586,Paris,Gnomonics & Horology,unrelated,unrelated,unrelated,unrelated,unrelated
X5YBIB,FRENCH,1586,Paris,Instrument Construction,unrelated,unknown,unknown,unrelated,unknown
X5YBIB,FRENCH,1586,Paris,Instrument Use,unrelated,primary,primary,primary,primary
X5YBIB,FRENCH,1586,Paris,Mechanics,unrelated,unrelated,unrelated,unrelated,unrelated
X5YBIB,FRENCH,1586,Paris,Military Engineering,unrelated,unrelated,unrelated,unrelated,unrelated
X5YBIB,FRENCH,1586,Paris,Music Theory,unrelated,unrelated,unrelated,unrelated,unrelated
X5YBIB,FRENCH,1586,Paris,Navigation,unrelated,unrelated,unrelated,unrelated,unrelated
X5YBIB,FRENCH,1586,Paris,Perspective,unrelated,unrelated,unrelated,unrelated,unrelated
X5YBIB,FRENCH,1586,Paris,Practical Geometry,primary,primary,primary,primary,primary
X5YBIB,FRENCH,1586,Paris,Surveying,unrelated,primary,secondary,secondary,unrelated
X5YBIB,FRENCH,1586,Paris,Theoretical Mathematics,unrelated,secondary,secondary,secondary,secondary
X5YBIB,FRENCH,1586,Paris,Trigonometry,unrelated,unrelated,unknown,unknown,unrelated
XHZ2XV,LATIN,1592,Tournon,Architecture,,unrelated,unrelated,unrelated,unrelated
XHZ2XV,LATIN,1592,Tournon,Arithmetic,,primary,primary,primary,primary
XHZ2XV,LATIN,1592,Tournon,Astronomy,,primary,primary,unknown,primary
XHZ2XV,LATIN,1592,Tournon,Cartography,,unrelated,unrelated,unrelated,unrelated
XHZ2XV,LATIN,1592,Tournon,Commercial Mathematics,,unrelated,unrelated,unrelated,unrelated
XHZ2XV,LATIN,1592,Tournon,Construction,,unrelated,unrelated,unrelated,unrelated
XHZ2XV,LATIN,1592,Tournon,Cosmography,,secondary,secondary,unrelated,unknown
XHZ2XV,LATIN,1592,Tournon,Geography,,unrelated,unrelated,unrelated,unrelated
XHZ2XV,LATIN,1592,Tournon,Gnomonics & Horology,,unrelated,unrelated,unrelated,unrelated
XHZ2XV,LATIN,1592,Tournon,Instrument Construction,,unrelated,unrelated,unrelated,unrelated
XHZ2XV,LATIN,1592,Tournon,Instrument Use,,unrelated,unrelated,unrelated,unrelated
XHZ2XV,LATIN,1592,Tournon,Mechanics,,unrelated,unrelated,unrelated,unrelated
XHZ2XV,LATIN,1592,Tournon,Military Engineering,,unrelated,unrelated,unrelated,unrelated
XHZ2XV,LATIN,1592,Tournon,Music Theory,,primary,primary,primary,primary
XHZ2XV,LATIN,1592,Tournon,Navigation,,unrelated,unrelated,unrelated,unrelated
XHZ2XV,LATIN,1592,Tournon,Perspective,,unrelated,unrelated,unrelated,unrelated
XHZ2XV,LATIN,1592,Tournon,Practical Geometry,,secondary,primary,unknown,primary
XHZ2XV,LATIN,1592,Tournon,Surveying,,unrelated,unrelated,unrelated,unrelated
XHZ2XV,LATIN,1592,Tournon,Theoretical Mathematics,,primary,secondary,primary,secondary
XHZ2XV,LATIN,1592,Tournon,Trigonometry,,secondary,unrelated,unrelated,unknown
XXI4KS,GERMAN,1509,Nuremberg,Architecture,unrelated,unrelated,unknown,secondary,unknown
XXI4KS,GERMAN,1509,Nuremberg,Arithmetic,unrelated,unrelated,unrelated,unrelated,unrelated
XXI4KS,GERMAN,1509,Nuremberg,Astronomy,unrelated,unrelated,unrelated,unrelated,unrelated
XXI4KS,GERMAN,1509,Nuremberg,Cartography,unrelated,unrelated,unrelated,unrelated,unrelated
XXI4KS,GERMAN,1509,Nuremberg,Commercial Mathematics,unrelated,unrelated,unrelated,unrelated,unrelated
XXI4KS,GERMAN,1509,Nuremberg,Construction,unrelated,unrelated,unrelated,unrelated,unrelated
XXI4KS,GERMAN,1509,Nuremberg,Cosmography,unrelated,unrelated,unrelated,unrelated,unrelated
XXI4KS,GERMAN,1509,Nuremberg,Geography,unrelated,unrelated,unrelated,unrelated,unrelated
XXI4KS,GERMAN,1509,Nuremberg,Gnomonics & Horology,unrelated,unrelated,unrelated,unrelated,unrelated
XXI4KS,GERMAN,1509,Nuremberg,Instrument Construction,unrelated,unrelated,unrelated,unrelated,unrelated
XXI4KS,GERMAN,1509,Nuremberg,Instrument Use,unrelated,unrelated,unknown,unrelated,unrelated
XXI4KS,GERMAN,1509,Nuremberg,Mechanics,unrelated,unrelated,unrelated,unrelated,unrelated
XXI4KS,GERMAN,1509,Nuremberg,Military Engineering,unrelated,unrelated,unrelated,unrelated,unrelated
XXI4KS,GERMAN,1509,Nuremberg,Music Theory,unrelated,unrelated,unrelated,unrelated,unrelated
XXI4KS,GERMAN,1509,Nuremberg,Navigation,unrelated,unrelated,unrelated,unrelated,unrelated
XXI4KS,GERMAN,1509,Nuremberg,Perspective,primary,primary,primary,primary,primary
XXI4KS,GERMAN,1509,Nuremberg,Practical Geometry,unrelated,secondary,unknown,secondary,unknown
XXI4KS,GERMAN,1509,Nuremberg,Surveying,unrelated,unrelated,unrelated,unrelated,unrelated
XXI4KS,GERMAN,1509,Nuremberg,Theoretical Mathematics,unrelated,unrelated,unknown,unrelated,unknown
XXI4KS,GERMAN,1509,Nuremberg,Trigonometry,unrelated,unrelated,unknown,secondary,unknown
YCXMIJ,FRENCH,1565,Paris,Architecture,unrelated,unknown,unrelated,unknown,unrelated
YCXMIJ,FRENCH,1565,Paris,Arithmetic,unrelated,unknown,unrelated,unknown,unknown
YCXMIJ,FRENCH,1565,Paris,Astronomy,unrelated,unknown,unknown,unknown,unknown
YCXMIJ,FRENCH,1565,Paris,Cartography,unrelated,unknown,unrelated,unknown,unrelated
YCXMIJ,FRENCH,1565,Paris,Commercial Mathematics,unrelated,unknown,unrelated,unknown,unrelated
YCXMIJ,FRENCH,1565,Paris,Construction,unrelated,unknown,unrelated,unknown,unrelated
YCXMIJ,FRENCH,1565,Paris,Cosmography,unrelated,unknown,unrelated,unknown,unknown
YCXMIJ,FRENCH,1565,Paris,Geography,unrelated,unknown,unrelated,unknown,unrelated
YCXMIJ,FRENCH,1565,Paris,Gnomonics & Horology,unrelated,unknown,unrelated,unknown,unknown
YCXMIJ,FRENCH,1565,Paris,Instrument Construction,unrelated,unknown,unrelated,unknown,unrelated
YCXMIJ,FRENCH,1565,Paris,Instrument Use,unrelated,unknown,unrelated,unknown,unrelated
YCXMIJ,FRENCH,1565,Paris,Mechanics,primary,unknown,secondary,primary,primary
YCXMIJ,FRENCH,1565,Paris,Military Engineering,unrelated,unknown,unrelated,unknown,unrelated
YCXMIJ,FRENCH,1565,Paris,Music Theory,unrelated,unknown,unrelated,unknown,unrelated
YCXMIJ,FRENCH,1565,Paris,Navigation,unrelated,unknown,unrelated,unknown,unrelated
YCXMIJ,FRENCH,1565,Paris,Perspective,unrelated,unknown,unrelated,unknown,unrelated
YCXMIJ,FRENCH,1565,Paris,Practical Geometry,unrelated,unknown,unrelated,unknown,unknown
YCXMIJ,FRENCH,1565,Paris,Surveying,unrelated,unknown,unrelated,unknown,unrelated
YCXMIJ,FRENCH,1565,Paris,Theoretical Mathematics,unrelated,unknown,primary,unknown,secondary
YCXMIJ,FRENCH,1565,Paris,Trigonometry,unrelated,unknown,unrelated,unknown,unknown
YPQYIR,FRENCH,1565,Paris,Architecture,unrelated,unrelated,unrelated,unrelated,unrelated
YPQYIR,FRENCH,1565,Paris,Arithmetic,unrelated,unknown,secondary,secondary,unrelated
YPQYIR,FRENCH,1565,Paris,Astronomy,unrelated,unrelated,unrelated,unrelated,unrelated
YPQYIR,FRENCH,1565,Paris,Cartography,unrelated,unrelated,unrelated,unrelated,unrelated
YPQYIR,FRENCH,1565,Paris,Commercial Mathematics,unrelated,unrelated,unrelated,unrelated,unrelated
YPQYIR,FRENCH,1565,Paris,Construction,unrelated,unrelated,unrelated,unrelated,unrelated
YPQYIR,FRENCH,1565,Paris,Cosmography,unrelated,unrelated,unrelated,unrelated,unrelated
YPQYIR,FRENCH,1565,Paris,Geography,unrelated,unrelated,unrelated,unrelated,unrelated
YPQYIR,FRENCH,1565,Paris,Gnomonics & Horology,unrelated,unrelated,unrelated,unrelated,unrelated
YPQYIR,FRENCH,1565,Paris,Instrument Construction,unrelated,unknown,unrelated,unrelated,unrelated
YPQYIR,FRENCH,1565,Paris,Instrument Use,unrelated,unknown,unrelated,unrelated,unrelated
YPQYIR,FRENCH,1565,Paris,Mechanics,primary,primary,secondary,primary,primary
YPQYIR,FRENCH,1565,Paris,Military Engineering,unrelated,unrelated,unrelated,unrelated,unrelated
YPQYIR,FRENCH,1565,Paris,Music Theory,unrelated,unrelated,unrelated,unrelated,unrelated
YPQYIR,FRENCH,1565,Paris,Navigation,unrelated,unrelated,unrelated,unrelated,unrelated
YPQYIR,FRENCH,1565,Paris,Perspective,unrelated,unrelated,unrelated,unrelated,unrelated
YPQYIR,FRENCH,1565,Paris,Practical Geometry,unrelated,unknown,primary,secondary,unrelated
YPQYIR,FRENCH,1565,Paris,Surveying,unrelated,unrelated,unrelated,unrelated,unrelated
YPQYIR,FRENCH,1565,Paris,Theoretical Mathematics,unrelated,primary,primary,secondary,secondary
YPQYIR,FRENCH,1565,Paris,Trigonometry,unrelated,unrelated,unrelated,unrelated,unrelated
YQDZSW,FRENCH,1565,Paris,Architecture,unrelated,unrelated,unrelated,unrelated,unrelated
YQDZSW,FRENCH,1565,Paris,Arithmetic,unrelated,unrelated,unrelated,unrelated,unrelated
YQDZSW,FRENCH,1565,Paris,Astronomy,unrelated,unrelated,unrelated,unrelated,unrelated
YQDZSW,FRENCH,1565,Paris,Cartography,unrelated,unrelated,unrelated,unrelated,unrelated
YQDZSW,FRENCH,1565,Paris,Commercial Mathematics,unrelated,unrelated,unrelated,unrelated,unrelated
YQDZSW,FRENCH,1565,Paris,Construction,unrelated,unrelated,unrelated,unrelated,unrelated
YQDZSW,FRENCH,1565,Paris,Cosmography,unrelated,unrelated,unrelated,unrelated,unrelated
YQDZSW,FRENCH,1565,Paris,Geography,unrelated,unrelated,unrelated,unrelated,unrelated
YQDZSW,FRENCH,1565,Paris,Gnomonics & Horology,unrelated,unrelated,unrelated,unrelated,unrelated
YQDZSW,FRENCH,1565,Paris,Instrument Construction,unrelated,unrelated,unrelated,unrelated,unrelated
YQDZSW,FRENCH,1565,Paris,Instrument Use,unrelated,unrelated,unrelated,unrelated,unrelated
YQDZSW,FRENCH,1565,Paris,Mechanics,primary,primary,primary,primary,primary
YQDZSW,FRENCH,1565,Paris,Military Engineering,unrelated,unrelated,unrelated,unrelated,unrelated
YQDZSW,FRENCH,1565,Paris,Music Theory,unrelated,unrelated,unrelated,unrelated,unrelated
YQDZSW,FRENCH,1565,Paris,Navigation,unrelated,unrelated,unrelated,unrelated,unrelated
YQDZSW,FRENCH,1565,Paris,Perspective,unrelated,unrelated,unrelated,unrelated,unrelated
YQDZSW,FRENCH,1565,Paris,Practical Geometry,unrelated,unknown,primary,secondary,unrelated
YQDZSW,FRENCH,1565,Paris,Surveying,unrelated,unrelated,unrelated,unrelated,unrelated
YQDZSW,FRENCH,1565,Paris,Theoretical Mathematics,unrelated,secondary,primary,secondary,primary
YQDZSW,FRENCH,1565,Paris,Trigonometry,unrelated,unrelated,unknown,unrelated,unrelated
Z0K13S,LATIN,1543,Nuremberg,Architecture,unrelated,unrelated,unrelated,unrelated,unrelated
Z0K13S,LATIN,1543,Nuremberg,Arithmetic,unrelated,secondary,secondary,secondary,unrelated
Z0K13S,LATIN,1543,Nuremberg,Astronomy,primary,primary,primary,primary,primary
Z0K13S,LATIN,1543,Nuremberg,Cartography,unrelated,unrelated,unrelated,unrelated,unrelated
Z0K13S,LATIN,1543,Nuremberg,Commercial Mathematics,unrelated,unrelated,unrelated,unrelated,unrelated
Z0K13S,LATIN,1543,Nuremberg,Construction,unrelated,unrelated,unrelated,unrelated,unrelated
Z0K13S,LATIN,1543,Nuremberg,Cosmography,unrelated,secondary,secondary,secondary,unrelated
Z0K13S,LATIN,1543,Nuremberg,Geography,unrelated,unrelated,unrelated,unrelated,unrelated
Z0K13S,LATIN,1543,Nuremberg,Gnomonics & Horology,unrelated,unrelated,unrelated,unrelated,unrelated
Z0K13S,LATIN,1543,Nuremberg,Instrument Construction,unrelated,unrelated,unrelated,unrelated,unrelated
Z0K13S,LATIN,1543,Nuremberg,Instrument Use,unrelated,unrelated,unrelated,unrelated,unrelated
Z0K13S,LATIN,1543,Nuremberg,Mechanics,unrelated,unrelated,unrelated,unrelated,unrelated
Z0K13S,LATIN,1543,Nuremberg,Military Engineering,unrelated,unrelated,unrelated,unrelated,unrelated
Z0K13S,LATIN,1543,Nuremberg,Music Theory,unrelated,unrelated,unrelated,unrelated,unrelated
Z0K13S,LATIN,1543,Nuremberg,Navigation,unrelated,unrelated,unrelated,unrelated,unrelated
Z0K13S,LATIN,1543,Nuremberg,Perspective,unrelated,unrelated,unrelated,unrelated,unrelated
Z0K13S,LATIN,1543,Nuremberg,Practical Geometry,unrelated,secondary,secondary,secondary,unrelated
Z0K13S,LATIN,1543,Nuremberg,Surveying,unrelated,unrelated,unrelated,unrelated,unrelated
Z0K13S,LATIN,1543,Nuremberg,Theoretical Mathematics,unrelated,secondary,secondary,secondary,unrelated
Z0K13S,LATIN,1543,Nuremberg,Trigonometry,unrelated,primary,secondary,secondary,unknown
ZGOHUR,LATIN,1581,Rome,Architecture,unrelated,unrelated,unrelated,unrelated,unrelated
ZGOHUR,LATIN,1581,Rome,Arithmetic,unrelated,unrelated,unrelated,secondary,unrelated
ZGOHUR,LATIN,1581,Rome,Astronomy,unrelated,secondary,secondary,secondary,secondary
ZGOHUR,LATIN,1581,Rome,Cartography,unrelated,unrelated,unrelated,unrelated,unrelated
ZGOHUR,LATIN,1581,Rome,Commercial Mathematics,unrelated,unrelated,unrelated,unrelated,unrelated
ZGOHUR,LATIN,1581,Rome,Construction,unrelated,unrelated,unrelated,secondary,unrelated
ZGOHUR,LATIN,1581,Rome,Cosmography,unrelated,unrelated,unrelated,unrelated,unrelated
ZGOHUR,LATIN,1581,Rome,Geography,unrelated,unrelated,unrelated,unrelated,unrelated
ZGOHUR,LATIN,1581,Rome,Gnomonics & Horology,primary,primary,primary,primary,primary
ZGOHUR,LATIN,1581,Rome,Instrument Construction,unrelated,primary,secondary,secondary,secondary
ZGOHUR,LATIN,1581,Rome,Instrument Use,unrelated,secondary,secondary,secondary,secondary
ZGOHUR,LATIN,1581,Rome,Mechanics,unrelated,unrelated,unrelated,unrelated,unrelated
ZGOHUR,LATIN,1581,Rome,Military Engineering,unrelated,unrelated,unrelated,unrelated,unrelated
ZGOHUR,LATIN,1581,Rome,Music Theory,unrelated,unrelated,unrelated,unrelated,unrelated
ZGOHUR,LATIN,1581,Rome,Navigation,unrelated,unrelated,unrelated,unrelated,unrelated
ZGOHUR,LATIN,1581,Rome,Perspective,unrelated,unrelated,unrelated,unrelated,unrelated
ZGOHUR,LATIN,1581,Rome,Practical Geometry,unrelated,primary,primary,primary,secondary
ZGOHUR,LATIN,1581,Rome,Surveying,unrelated,unrelated,unrelated,unrelated,unrelated
ZGOHUR,LATIN,1581,Rome,Theoretical Mathematics,unrelated,secondary,secondary,secondary,secondary
ZGOHUR,LATIN,1581,Rome,Trigonometry,unrelated,unknown,secondary,secondary,unknown
ZN24V0,GERMAN,1543,Nuremberg,Architecture,,primary,primary,primary,primary
ZN24V0,GERMAN,1543,Nuremberg,Arithmetic,,unrelated,unrelated,unrelated,unrelated
ZN24V0,GERMAN,1543,Nuremberg,Astronomy,,unrelated,unrelated,unrelated,unrelated
ZN24V0,GERMAN,1543,Nuremberg,Cartography,,unrelated,unrelated,unrelated,unrelated
ZN24V0,GERMAN,1543,Nuremberg,Commercial Mathematics,,unrelated,unrelated,unrelated,unrelated
ZN24V0,GERMAN,1543,Nuremberg,Construction,,secondary,unrelated,unrelated,unknown
ZN24V0,GERMAN,1543,Nuremberg,Cosmography,,unrelated,unrelated,unrelated,unrelated
ZN24V0,GERMAN,1543,Nuremberg,Geography,,unrelated,unrelated,unrelated,unrelated
ZN24V0,GERMAN,1543,Nuremberg,Gnomonics & Horology,,unrelated,unrelated,unrelated,unrelated
ZN24V0,GERMAN,1543,Nuremberg,Instrument Construction,,unrelated,unrelated,unrelated,unknown
ZN24V0,GERMAN,1543,Nuremberg,Instrument Use,,unrelated,unrelated,unrelated,unknown
ZN24V0,GERMAN,1543,Nuremberg,Mechanics,,unrelated,unrelated,unrelated,unknown
ZN24V0,GERMAN,1543,Nuremberg,Military Engineering,,unrelated,unrelated,unrelated,unrelated
ZN24V0,GERMAN,1543,Nuremberg,Music Theory,,unrelated,unrelated,unrelated,unrelated
ZN24V0,GERMAN,1543,Nuremberg,Navigation,,unrelated,unrelated,unrelated,unrelated
ZN24V0,GERMAN,1543,Nuremberg,Perspective,,primary,primary,primary,primary
ZN24V0,GERMAN,1543,Nuremberg,Practical Geometry,,primary,primary,primary,primary
ZN24V0,GERMAN,1543,Nuremberg,Surveying,,unrelated,unrelated,unknown,unknown
ZN24V0,GERMAN,1543,Nuremberg,Theoretical Mathematics,,primary,unknown,secondary,unknown
ZN24V0,GERMAN,1543,Nuremberg,Trigonometry,,unknown,unknown,unknown,unknown
ZQIHYL,LATIN,1531,Lyon,Architecture,unrelated,unknown,unknown,unknown,unrelated
ZQIHYL,LATIN,1531,Lyon,Arithmetic,unrelated,unknown,unknown,unknown,unrelated
ZQIHYL,LATIN,1531,Lyon,Astronomy,unrelated,unknown,unknown,unknown,unrelated
ZQIHYL,LATIN,1531,Lyon,Cartography,unrelated,unknown,unknown,unknown,unrelated
ZQIHYL,LATIN,1531,Lyon,Commercial Mathematics,unrelated,unknown,unknown,unknown,unrelated
ZQIHYL,LATIN,1531,Lyon,Construction,unrelated,unknown,unknown,unknown,unrelated
ZQIHYL,LATIN,1531,Lyon,Cosmography,unrelated,unknown,unknown,unknown,unrelated
ZQIHYL,LATIN,1531,Lyon,Geography,unrelated,unknown,unknown,unknown,unrelated
ZQIHYL,LATIN,1531,Lyon,Gnomonics & Horology,unrelated,unknown,unknown,unknown,unrelated
ZQIHYL,LATIN,1531,Lyon,Instrument Construction,unrelated,unknown,unknown,unknown,unrelated
ZQIHYL,LATIN,1531,Lyon,Instrument Use,unrelated,unknown,unknown,unknown,unrelated
ZQIHYL,LATIN,1531,Lyon,Mechanics,unrelated,unknown,unknown,unknown,unrelated
ZQIHYL,LATIN,1531,Lyon,Military Engineering,unrelated,unknown,unknown,unknown,unrelated
ZQIHYL,LATIN,1531,Lyon,Music Theory,unrelated,unknown,unknown,unknown,unrelated
ZQIHYL,LATIN,1531,Lyon,Navigation,unrelated,unknown,unknown,unknown,unrelated
ZQIHYL,LATIN,1531,Lyon,Perspective,unrelated,unknown,unknown,unknown,unrelated
ZQIHYL,LATIN,1531,Lyon,Practical Geometry,unrelated,unknown,unknown,unknown,unrelated
ZQIHYL,LATIN,1531,Lyon,Surveying,unrelated,unknown,unknown,unknown,unrelated
ZQIHYL,LATIN,1531,Lyon,Theoretical Mathematics,unrelated,unknown,unknown,unknown,unrelated
ZQIHYL,LATIN,1531,Lyon,Trigonometry,unrelated,unknown,unknown,unknown,unrelated
bib-1,FRENCH,1542,Paris,Architecture,unrelated,unrelated,unknown,secondary,unrelated
bib-1,FRENCH,1542,Paris,Arithmetic,unrelated,unrelated,unknown,unrelated,unrelated
bib-1,FRENCH,1542,Paris,Astronomy,unrelated,unrelated,unknown,unrelated,unrelated
bib-1,FRENCH,1542,Paris,Cartography,unrelated,unrelated,unknown,unrelated,unrelated
bib-1,FRENCH,1542,Paris,Commercial Mathematics,unrelated,unrelated,unknown,unrelated,unrelated
bib-1,FRENCH,1542,Paris,Construction,unrelated,unrelated,unknown,secondary,unrelated
bib-1,FRENCH,1542,Paris,Cosmography,unrelated,unrelated,unknown,unrelated,unrelated
bib-1,FRENCH,1542,Paris,Geography,unrelated,unrelated,unknown,unrelated,unrelated
bib-1,FRENCH,1542,Paris,Gnomonics & Horology,unrelated,unrelated,unknown,unrelated,unrelated
bib-1,FRENCH,1542,Paris,Instrument Construction,unrelated,unrelated,unknown,unknown,unrelated
bib-1,FRENCH,1542,Paris,Instrument Use,unrelated,unrelated,unknown,unknown,unrelated
bib-1,FRENCH,1542,Paris,Mechanics,unrelated,unrelated,unknown,unrelated,unrelated
bib-1,FRENCH,1542,Paris,Military Engineering,unrelated,unrelated,unknown,unrelated,unrelated
bib-1,FRENCH,1542,Paris,Music Theory,unrelated,unrelated,unknown,unrelated,unrelated
bib-1,FRENCH,1542,Paris,Navigation,unrelated,unrelated,unknown,unrelated,unrelated
bib-1,FRENCH,1542,Paris,Perspective,unrelated,unrelated,unknown,unrelated,unrelated
bib-1,FRENCH,1542,Paris,Practical Geometry,primary,primary,primary,primary,primary
bib-1,FRENCH,1542,Paris,Surveying,unrelated,unrelated,unknown,unknown,unrelated
bib-1,FRENCH,1542,Paris,Theoretical Mathematics,unrelated,unrelated,unknown,unknown,secondary
bib-1,FRENCH,1542,Paris,Trigonometry,unrelated,unrelated,unknown,unknown,unrelated
bib-10,FRENCH,1570,Paris,Architecture,unrelated,unrelated,unrelated,unrelated,unrelated
bib-10,FRENCH,1570,Paris,Arithmetic,unrelated,secondary,unrelated,unknown,secondary
bib-10,FRENCH,1570,Paris,Astronomy,unrelated,unrelated,unrelated,unrelated,unrelated
bib-10,FRENCH,1570,Paris,Cartography,unrelated,unrelated,unrelated,unrelated,unrelated
bib-10,FRENCH,1570,Paris,Commercial Mathematics,unrelated,unrelated,unrelated,unrelated,unrelated
bib-10,FRENCH,1570,Paris,Construction,unrelated,secondary,secondary,unrelated,unknown
bib-10,FRENCH,1570,Paris,Cosmography,unrelated,unrelated,unrelated,unrelated,unrelated
bib-10,FRENCH,1570,Paris,Geography,unrelated,unrelated,unrelated,unrelated,unrelated
bib-10,FRENCH,1570,Paris,Gnomonics & Horology,unrelated,unrelated,unrelated,unrelated,unrelated
bib-10,FRENCH,1570,Paris,Instrument Construction,unrelated,secondary,secondary,unknown,secondary
bib-10,FRENCH,1570,Paris,Instrument Use,unrelated,primary,primary,primary,primary
bib-10,FRENCH,1570,Paris,Mechanics,unrelated,unrelated,unrelated,unrelated,unrelated
bib-10,FRENCH,1570,Paris,Military Engineering,unrelated,unrelated,unrelated,unrelated,unrelated
bib-10,FRENCH,1570,Paris,Music Theory,unrelated,unrelated,unrelated,unrelated,unrelated
bib-10,FRENCH,1570,Paris,Navigation,unrelated,unrelated,unrelated,unrelated,unrelated
bib-10,FRENCH,1570,Paris,Perspective,unrelated,unrelated,unrelated,unrelated,unrelated
bib-10,FRENCH,1570,Paris,Practical Geometry,primary,primary,primary,primary,primary
bib-10,FRENCH,1570,Paris,Surveying,unrelated,secondary,primary,unknown,secondary
bib-10,FRENCH,1570,Paris,Theoretical Mathematics,unrelated,secondary,secondary,unknown,secondary
bib-10,FRENCH,1570,Paris,Trigonometry,unrelated,unknown,unrelated,unknown,unknown
bib-105,LATIN,1594,Nuremberg,Architecture,unrelated,unrelated,unrelated,unrelated,unrelated
bib-105,LATIN,1594,Nuremberg,Arithmetic,unrelated,unrelated,unknown,unrelated,unrelated
bib-105,LATIN,1594,Nuremberg,Astronomy,unrelated,unknown,unknown,unknown,unknown
bib-105,LATIN,1594,Nuremberg,Cartography,unrelated,unrelated,unrelated,unrelated,unrelated
bib-105,LATIN,1594,Nuremberg,Commercial Mathematics,unrelated,unrelated,unrelated,unrelated,unrelated
bib-105,LATIN,1594,Nuremberg,Construction,unrelated,unrelated,unrelated,unrelated,unrelated
bib-105,LATIN,1594,Nuremberg,Cosmography,unrelated,unrelated,unrelated,unrelated,unrelated
bib-105,LATIN,1594,Nuremberg,Geography,unrelated,unrelated,unknown,unrelated,unrelated
bib-105,LATIN,1594,Nuremberg,Gnomonics & Horology,unrelated,unrelated,unrelated,unrelated,unknown
bib-105,LATIN,1594,Nuremberg,Instrument Construction,unrelated,secondary,unknown,unknown,unknown
bib-105,LATIN,1594,Nuremberg,Instrument Use,unrelated,primary,primary,primary,primary
bib-105,LATIN,1594,Nuremberg,Mechanics,unrelated,unrelated,unrelated,unrelated,unknown
bib-105,LATIN,1594,Nuremberg,Military Engineering,unrelated,unrelated,unrelated,unrelated,unrelated
bib-105,LATIN,1594,Nuremberg,Music Theory,unrelated,unrelated,unrelated,unrelated,unrelated
bib-105,LATIN,1594,Nuremberg,Navigation,unrelated,unrelated,unknown,unknown,unknown
bib-105,LATIN,1594,Nuremberg,Perspective,unrelated,unrelated,unrelated,unrelated,unrelated
bib-105,LATIN,1594,Nuremberg,Practical Geometry,primary,primary,primary,primary,primary
bib-105,LATIN,1594,Nuremberg,Surveying,primary,secondary,primary,secondary,primary
bib-105,LATIN,1594,Nuremberg,Theoretical Mathematics,unrelated,secondary,unknown,unrelated,unrelated
bib-105,LATIN,1594,Nuremberg,Trigonometry,unrelated,secondary,unknown,secondary,unknown
bib-123,ITALIAN,1558,Lyon,Architecture,unrelated,unrelated,unrelated,unrelated,unknown
bib-123,ITALIAN,1558,Lyon,Arithmetic,primary,primary,primary,primary,primary
bib-123,ITALIAN,1558,Lyon,Astronomy,unrelated,unrelated,unrelated,unrelated,unrelated
bib-123,ITALIAN,1558,Lyon,Cartography,unrelated,unrelated,unrelated,unrelated,unrelated
bib-123,ITALIAN,1558,Lyon,Commercial Mathematics,unrelated,unrelated,unrelated,unrelated,unrelated
bib-123,ITALIAN,1558,Lyon,Construction,unrelated,unrelated,unrelated,unrelated,unknown
bib-123,ITALIAN,1558,Lyon,Cosmography,unrelated,unrelated,unrelated,unrelated,unrelated
bib-123,ITALIAN,1558,Lyon,Geography,unrelated,unrelated,unrelated,unrelated,unrelated
bib-123,ITALIAN,1558,Lyon,Gnomonics & Horology,unrelated,unrelated,unrelated,unrelated,unrelated
bib-123,ITALIAN,1558,Lyon,Instrument Construction,unrelated,unrelated,unrelated,unrelated,unrelated
bib-123,ITALIAN,1558,Lyon,Instrument Use,unrelated,unrelated,unrelated,unrelated,unrelated
bib-123,ITALIAN,1558,Lyon,Mechanics,unrelated,unrelated,unrelated,unrelated,unrelated
bib-123,ITALIAN,1558,Lyon,Military Engineering,unrelated,unrelated,unrelated,unrelated,unrelated
bib-123,ITALIAN,1558,Lyon,Music Theory,unrelated,unrelated,unrelated,unrelated,unrelated
bib-123,ITALIAN,1558,Lyon,Navigation,unrelated,unrelated,unrelated,unrelated,unrelated
bib-123,ITALIAN,1558,Lyon,Perspective,unrelated,unrelated,unrelated,unrelated,unrelated
bib-123,ITALIAN,1558,Lyon,Practical Geometry,primary,primary,primary,primary,primary
bib-123,ITALIAN,1558,Lyon,Surveying,unrelated,unknown,unrelated,unrelated,unknown
bib-123,ITALIAN,1558,Lyon,Theoretical Mathematics,unrelated,unknown,secondary,unknown,unknown
bib-123,ITALIAN,1558,Lyon,Trigonometry,unrelated,unknown,unrelated,unrelated,unknown
bib-127,LATIN,1598,Nuremberg,Architecture,unrelated,unrelated,unrelated,unrelated,unrelated
bib-127,LATIN,1598,Nuremberg,Arithmetic,unrelated,unrelated,unrelated,unknown,unrelated
bib-127,LATIN,1598,Nuremberg,Astronomy,unrelated,unrelated,unrelated,unrelated,unrelated
bib-127,LATIN,1598,Nuremberg,Cartography,unrelated,unrelated,unrelated,unrelated,unrelated
bib-127,LATIN,1598,Nuremberg,Commercial Mathematics,unrelated,unrelated,unrelated,unrelated,unrelated
bib-127,LATIN,1598,Nuremberg,Construction,unrelated,unrelated,unrelated,unrelated,unrelated
bib-127,LATIN,1598,Nuremberg,Cosmography,unrelated,unrelated,unrelated,unrelated,unrelated
bib-127,LATIN,1598,Nuremberg,Geography,unrelated,unrelated,unrelated,unrelated,unrelated
bib-127,LATIN,1598,Nuremberg,Gnomonics & Horology,unrelated,unrelated,unrelated,unrelated,unrelated
bib-127,LATIN,1598,Nuremberg,Instrument Construction,unrelated,unrelated,unrelated,unrelated,unrelated
bib-127,LATIN,1598,Nuremberg,Instrument Use,unrelated,unrelated,unrelated,unrelated,unrelated
bib-127,LATIN,1598,Nuremberg,Mechanics,unrelated,unrelated,unrelated,unrelated,unrelated
bib-127,LATIN,1598,Nuremberg,Military Engineering,unrelated,unrelated,unrelated,unrelated,unrelated
bib-127,LATIN,1598,Nuremberg,Music Theory,unrelated,unrelated,unrelated,unrelated,unrelated
bib-127,LATIN,1598,Nuremberg,Navigation,unrelated,unrelated,unrelated,unrelated,unrelated
bib-127,LATIN,1598,Nuremberg,Perspective,unrelated,unrelated,unrelated,unrelated,unrelated
bib-127,LATIN,1598,Nuremberg,Practical Geometry,unrelated,primary,primary,primary,primary
bib-127,LATIN,1598,Nuremberg,Surveying,unrelated,unrelated,unrelated,unrelated,unrelated
bib-127,LATIN,1598,Nuremberg,Theoretical Mathematics,primary,secondary,primary,secondary,secondary
bib-127,LATIN,1598,Nuremberg,Trigonometry,unrelated,unrelated,unrelated,unknown,unrelated
bib-128,LATIN,1580,Basel,Architecture,unrelated,unrelated,unrelated,unrelated,unknown
bib-128,LATIN,1580,Basel,Arithmetic,primary,primary,primary,primary,primary
bib-128,LATIN,1580,Basel,Astronomy,unrelated,unrelated,unrelated,unrelated,unknown
bib-128,LATIN,1580,Basel,Cartography,unrelated,unrelated,unrelated,unknown,unknown
bib-128,LATIN,1580,Basel,Commercial Mathematics,unrelated,unrelated,unrelated,unrelated,unrelated
bib-128,LATIN,1580,Basel,Construction,unrelated,unrelated,unrelated,unrelated,unknown
bib-128,LATIN,1580,Basel,Cosmography,unrelated,unrelated,unrelated,unrelated,unknown
bib-128,LATIN,1580,Basel,Geography,unrelated,unrelated,unrelated,unrelated,unknown
bib-128,LATIN,1580,Basel,Gnomonics & Horology,unrelated,unrelated,unrelated,unrelated,unknown
bib-128,LATIN,1580,Basel,Instrument Construction,unrelated,unrelated,unrelated,unrelated,unknown
bib-128,LATIN,1580,Basel,Instrument Use,unrelated,unrelated,unrelated,unrelated,unknown
bib-128,LATIN,1580,Basel,Mechanics,unrelated,unrelated,unrelated,unrelated,unknown
bib-128,LATIN,1580,Basel,Military Engineering,unrelated,unrelated,unrelated,unrelated,unrelated
bib-128,LATIN,1580,Basel,Music Theory,unrelated,unrelated,unrelated,unrelated,unrelated
bib-128,LATIN,1580,Basel,Navigation,unrelated,unrelated,unrelated,unrelated,unknown
bib-128,LATIN,1580,Basel,Perspective,unrelated,unrelated,unrelated,unknown,unknown
bib-128,LATIN,1580,Basel,Practical Geometry,primary,primary,primary,unknown,primary
bib-128,LATIN,1580,Basel,Surveying,unrelated,unrelated,unrelated,unknown,unknown
bib-128,LATIN,1580,Basel,Theoretical Mathematics,unrelated,secondary,unknown,unknown,primary
bib-128,LATIN,1580,Basel,Trigonometry,unrelated,unrelated,unrelated,unknown,unknown
bib-13,FRENCH,1565,Paris,Architecture,unrelated,unknown,unrelated,unknown,unknown
bib-13,FRENCH,1565,Paris,Arithmetic,unrelated,unknown,unrelated,unrelated,unknown
bib-13,FRENCH,1565,Paris,Astronomy,unrelated,unrelated,unrelated,unrelated,unknown
bib-13,FRENCH,1565,Paris,Cartography,unrelated,unrelated,unrelated,unrelated,unknown
bib-13,FRENCH,1565,Paris,Commercial Mathematics,unrelated,unrelated,unrelated,unrelated,unknown
bib-13,FRENCH,1565,Paris,Construction,unrelated,unknown,unrelated,unknown,unknown
bib-13,FRENCH,1565,Paris,Cosmography,unrelated,unrelated,unrelated,unrelated,unknown
bib-13,FRENCH,1565,Paris,Geography,unrelated,unrelated,unrelated,unrelated,unknown
bib-13,FRENCH,1565,Paris,Gnomonics & Horology,unrelated,unrelated,unrelated,unrelated,unknown
bib-13,FRENCH,1565,Paris,Instrument Construction,unrelated,unknown,unrelated,unknown,unknown
bib-13,FRENCH,1565,Paris,Instrument Use,unrelated,unknown,unrelated,unknown,unknown
bib-13,FRENCH,1565,Paris,Mechanics,unrelated,unrelated,unrelated,unrelated,unknown
bib-13,FRENCH,1565,Paris,Military Engineering,unrelated,unrelated,unrelated,unrelated,unknown
bib-13,FRENCH,1565,Paris,Music Theory,unrelated,unrelated,unrelated,unrelated,unknown
bib-13,FRENCH,1565,Paris,Navigation,unrelated,unrelated,unrelated,unrelated,unknown
bib-13,FRENCH,1565,Paris,Perspective,unrelated,unknown,unrelated,unknown,unknown
bib-13,FRENCH,1565,Paris,Practical Geometry,primary,primary,primary,primary,primary
bib-13,FRENCH,1565,Paris,Surveying,unrelated,unknown,unrelated,unknown,unknown
bib-13,FRENCH,1565,Paris,Theoretical Mathematics,unrelated,unknown,unrelated,unknown,unknown
bib-13,FRENCH,1565,Paris,Trigonometry,unrelated,unknown,unrelated,unknown,unknown
bib-131,ENGLISH,1574,London,Architecture,unrelated,unrelated,unrelated,unrelated,unrelated
bib-131,ENGLISH,1574,London,Arithmetic,unrelated,unrelated,unrelated,unrelated,unrelated
bib-131,ENGLISH,1574,London,Astronomy,unrelated,secondary,primary,secondary,secondary
bib-131,ENGLISH,1574,London,Cartography,unrelated,unrelated,unrelated,primary,primary
bib-131,ENGLISH,1574,London,Commercial Mathematics,unrelated,unrelated,unrelated,unrelated,unrelated
bib-131,ENGLISH,1574,London,Construction,unrelated,unrelated,unrelated,secondary,unrelated
bib-131,ENGLISH,1574,London,Cosmography,unrelated,unrelated,unrelated,unrelated,unrelated
bib-131,ENGLISH,1574,London,Geography,unrelated,unrelated,unrelated,secondary,unrelated
bib-131,ENGLISH,1574,London,Gnomonics & Horology,unrelated,unrelated,unrelated,unrelated,unrelated
bib-131,ENGLISH,1574,London,Instrument Construction,unrelated,unrelated,unrelated,secondary,secondary
bib-131,ENGLISH,1574,London,Instrument Use,unrelated,primary,primary,secondary,primary
bib-131,ENGLISH,1574,London,Mechanics,unrelated,unrelated,unrelated,unrelated,unrelated
bib-131,ENGLISH,1574,London,Military Engineering,unrelated,unrelated,unrelated,unrelated,unrelated
bib-131,ENGLISH,1574,London,Music Theory,unrelated,unrelated,unrelated,unrelated,unrelated
bib-131,ENGLISH,1574,London,Navigation,unrelated,unrelated,unrelated,unrelated,unrelated
bib-131,ENGLISH,1574,London,Perspective,unrelated,secondary,primary,secondary,unrelated
bib-131,ENGLISH,1574,London,Practical Geometry,primary,primary,primary,primary,primary
bib-131,ENGLISH,1574,London,Surveying,unrelated,unrelated,unrelated,secondary,unrelated
bib-131,ENGLISH,1574,London,Theoretical Mathematics,unrelated,secondary,secondary,primary,secondary
bib-131,ENGLISH,1574,London,Trigonometry,unrelated,unknown,unrelated,unknown,unrelated
bib-14,LATIN,1494,Venice,Architecture,unrelated,unrelated,unrelated,unrelated,unrelated
bib-14,LATIN,1494,Venice,Arithmetic,primary,primary,primary,primary,primary
bib-14,LATIN,1494,Venice,Astronomy,unrelated,unrelated,unrelated,unrelated,unrelated
bib-14,LATIN,1494,Venice,Cartography,unrelated,unrelated,unrelated,unrelated,unrelated
bib-14,LATIN,1494,Venice,Commercial Mathematics,unrelated,unrelated,unrelated,unrelated,unrelated
bib-14,LATIN,1494,Venice,Construction,unrelated,unrelated,unrelated,unrelated,unrelated
bib-14,LATIN,1494,Venice,Cosmography,unrelated,unrelated,unrelated,unrelated,unrelated
bib-14,LATIN,1494,Venice,Geography,unrelated,unrelated,unrelated,unrelated,unrelated
bib-14,LATIN,1494,Venice,Gnomonics & Horology,unrelated,unrelated,unrelated,unrelated,unrelated
bib-14,LATIN,1494,Venice,Instrument Construction,unrelated,unrelated,unrelated,unrelated,unrelated
bib-14,LATIN,1494,Venice,Instrument Use,unrelated,unrelated,unrelated,unrelated,unrelated
bib-14,LATIN,1494,Venice,Mechanics,unrelated,unrelated,unrelated,unrelated,unrelated
bib-14,LATIN,1494,Venice,Military Engineering,unrelated,unrelated,unrelated,unrelated,unrelated
bib-14,LATIN,1494,Venice,Music Theory,unrelated,unrelated,unrelated,unrelated,unrelated
bib-14,LATIN,1494,Venice,Navigation,unrelated,unrelated,unrelated,unrelated,unrelated
bib-14,LATIN,1494,Venice,Perspective,unrelated,unrelated,unrelated,unrelated,unrelated
bib-14,LATIN,1494,Venice,Practical Geometry,unrelated,secondary,secondary,secondary,unknown
bib-14,LATIN,1494,Venice,Surveying,unrelated,unrelated,unrelated,unrelated,unrelated
bib-14,LATIN,1494,Venice,Theoretical Mathematics,unrelated,primary,primary,primary,primary
bib-14,LATIN,1494,Venice,Trigonometry,unrelated,unrelated,unrelated,unrelated,unrelated
bib-147,ITALIAN,1557,Venice,Architecture,unrelated,primary,primary,secondary,primary
bib-147,ITALIAN,1557,Venice,Arithmetic,unrelated,unrelated,unrelated,unrelated,unrelated
bib-147,ITALIAN,1557,Venice,Astronomy,unrelated,unrelated,unrelated,unrelated,unrelated
bib-147,ITALIAN,1557,Venice,Cartography,unrelated,secondary,secondary,unrelated,unknown
bib-147,ITALIAN,1557,Venice,Commercial Mathematics,unrelated,unrelated,unrelated,unrelated,unrelated
bib-147,ITALIAN,1557,Venice,Construction,primary,secondary,primary,primary,secondary
bib-147,ITALIAN,1557,Venice,Cosmography,unrelated,unrelated,unrelated,unrelated,unrelated
bib-147,ITALIAN,1557,Venice,Geography,unrelated,secondary,secondary,secondary,unrelated
bib-147,ITALIAN,1557,Venice,Gnomonics & Horology,unrelated,unrelated,unrelated,unrelated,unrelated
bib-147,ITALIAN,1557,Venice,Instrument Construction,unrelated,unrelated,unrelated,unrelated,unrelated
bib-147,ITALIAN,1557,Venice,Instrument Use,unrelated,unrelated,unrelated,unrelated,unrelated
bib-147,ITALIAN,1557,Venice,Mechanics,unrelated,unrelated,unrelated,unrelated,unrelated
bib-147,ITALIAN,1557,Venice,Military Engineering,secondary,primary,primary,primary,primary
bib-147,ITALIAN,1557,Venice,Music Theory,unrelated,unrelated,unrelated,unrelated,unrelated
bib-147,ITALIAN,1557,Venice,Navigation,unrelated,unrelated,unrelated,unrelated,unrelated
bib-147,ITALIAN,1557,Venice,Perspective,unrelated,secondary,unknown,unrelated,unrelated
bib-147,ITALIAN,1557,Venice,Practical Geometry,primary,primary,primary,primary,primary
bib-147,ITALIAN,1557,Venice,Surveying,primary,secondary,unknown,secondary,unknown
bib-147,ITALIAN,1557,Venice,Theoretical Mathematics,unrelated,secondary,secondary,secondary,secondary
bib-147,ITALIAN,1557,Venice,Trigonometry,unrelated,unrelated,unrelated,unrelated,unrelated
bib-148,FRENCH,1598,Paris,Architecture,primary,primary,primary,primary,secondary
bib-148,FRENCH,1598,Paris,Arithmetic,unrelated,unrelated,unrelated,unrelated,unrelated
bib-148,FRENCH,1598,Paris,Astronomy,unrelated,unrelated,unrelated,unrelated,unrelated
bib-148,FRENCH,1598,Paris,Cartography,unrelated,unrelated,unrelated,unrelated,unrelated
bib-148,FRENCH,1598,Paris,Commercial Mathematics,unrelated,unrelated,unrelated,unrelated,unrelated
bib-148,FRENCH,1598,Paris,Construction,unrelated,secondary,secondary,primary,secondary
bib-148,FRENCH,1598,Paris,Cosmography,unrelated,unrelated,unrelated,unrelated,unrelated
bib-148,FRENCH,1598,Paris,Geography,unrelated,unrelated,unrelated,unrelated,unrelated
bib-148,FRENCH,1598,Paris,Gnomonics & Horology,unrelated,unrelated,unrelated,unrelated,unrelated
bib-148,FRENCH,1598,Paris,Instrument Construction,unrelated,unrelated,unrelated,unrelated,unrelated
bib-148,FRENCH,1598,Paris,Instrument Use,secondary,unrelated,unrelated,unrelated,unrelated
bib-148,FRENCH,1598,Paris,Mechanics,unrelated,secondary,secondary,primary,secondary
bib-148,FRENCH,1598,Paris,Military Engineering,primary,primary,primary,primary,primary
bib-148,FRENCH,1598,Paris,Music Theory,unrelated,unrelated,unrelated,unrelated,unrelated
bib-148,FRENCH,1598,Paris,Navigation,unrelated,unrelated,unrelated,unrelated,unknown
bib-148,FRENCH,1598,Paris,Perspective,primary,primary,primary,primary,primary
bib-148,FRENCH,1598,Paris,Practical Geometry,primary,primary,primary,primary,primary
bib-148,FRENCH,1598,Paris,Surveying,unrelated,unrelated,unrelated,unknown,unrelated
bib-148,FRENCH,1598,Paris,Theoretical Mathematics,unrelated,secondary,secondary,unrelated,unrelated
bib-148,FRENCH,1598,Paris,Trigonometry,unrelated,secondary,unknown,unknown,unrelated
bib-15,FRENCH,1554,Lyon,Architecture,unrelated,unrelated,unrelated,unrelated,unrelated
bib-15,FRENCH,1554,Lyon,Arithmetic,primary,primary,primary,primary,primary
bib-15,FRENCH,1554,Lyon,Astronomy,unrelated,unrelated,unrelated,unrelated,unrelated
bib-15,FRENCH,1554,Lyon,Cartography,unrelated,unrelated,unrelated,unrelated,unrelated
bib-15,FRENCH,1554,Lyon,Commercial Mathematics,unrelated,unrelated,unrelated,unrelated,unrelated
bib-15,FRENCH,1554,Lyon,Construction,unrelated,unrelated,unrelated,unrelated,unrelated
bib-15,FRENCH,1554,Lyon,Cosmography,unrelated,unrelated,unrelated,unrelated,unrelated
bib-15,FRENCH,1554,Lyon,Geography,unrelated,unrelated,unrelated,unrelated,unrelated
bib-15,FRENCH,1554,Lyon,Gnomonics & Horology,unrelated,unrelated,unrelated,unrelated,unrelated
bib-15,FRENCH,1554,Lyon,Instrument Construction,unrelated,unrelated,unrelated,unrelated,unrelated
bib-15,FRENCH,1554,Lyon,Instrument Use,unrelated,unrelated,unrelated,unrelated,unrelated
bib-15,FRENCH,1554,Lyon,Mechanics,unrelated,unrelated,unrelated,unrelated,unrelated
bib-15,FRENCH,1554,Lyon,Military Engineering,unrelated,unrelated,unrelated,unrelated,unrelated
bib-15,FRENCH,1554,Lyon,Music Theory,unrelated,unrelated,unrelated,unrelated,unrelated
bib-15,FRENCH,1554,Lyon,Navigation,unrelated,unrelated,unrelated,unrelated,unrelated
bib-15,FRENCH,1554,Lyon,Perspective,unrelated,unrelated,unrelated,unrelated,unrelated
bib-15,FRENCH,1554,Lyon,Practical Geometry,unrelated,unrelated,unrelated,unrelated,unrelated
bib-15,FRENCH,1554,Lyon,Surveying,unrelated,unrelated,unrelated,unrelated,unrelated
bib-15,FRENCH,1554,Lyon,Theoretical Mathematics,unrelated,unrelated,unknown,unrelated,unrelated
bib-15,FRENCH,1554,Lyon,Trigonometry,unrelated,unrelated,unrelated,unrelated,unrelated
bib-150,ENGLISH,1598,London,Architecture,unrelated,unrelated,unrelated,unrelated,unrelated
bib-150,ENGLISH,1598,London,Arithmetic,unrelated,secondary,unrelated,unrelated,unknown
bib-150,ENGLISH,1598,London,Astronomy,unrelated,unrelated,unrelated,unrelated,unrelated
bib-150,ENGLISH,1598,London,Cartography,unrelated,unrelated,unrelated,unrelated,unrelated
bib-150,ENGLISH,1598,London,Commercial Mathematics,unrelated,unrelated,unrelated,unrelated,unrelated
bib-150,ENGLISH,1598,London,Construction,unrelated,unrelated,unrelated,unrelated,unrelated
bib-150,ENGLISH,1598,London,Cosmography,unrelated,unrelated,unrelated,unrelated,unrelated
bib-150,ENGLISH,1598,London,Geography,unrelated,unrelated,unrelated,unrelated,unrelated
bib-150,ENGLISH,1598,London,Gnomonics & Horology,unrelated,unrelated,unrelated,unrelated,unrelated
bib-150,ENGLISH,1598,London,Instrument Construction,unrelated,unrelated,unrelated,unrelated,unrelated
bib-150,ENGLISH,1598,London,Instrument Use,unrelated,secondary,unrelated,unrelated,unrelated
bib-150,ENGLISH,1598,London,Mechanics,unrelated,secondary,secondary,unrelated,secondary
bib-150,ENGLISH,1598,London,Military Engineering,primary,primary,primary,primary,primary
bib-150,ENGLISH,1598,London,Music Theory,unrelated,unrelated,unrelated,unrelated,unrelated
bib-150,ENGLISH,1598,London,Navigation,unrelated,unrelated,unrelated,unrelated,unrelated
bib-150,ENGLISH,1598,London,Perspective,unrelated,unrelated,secondary,unrelated,unrelated
bib-150,ENGLISH,1598,London,Practical Geometry,unrelated,secondary,secondary,secondary,secondary
bib-150,ENGLISH,1598,London,Surveying,unrelated,unrelated,unrelated,unrelated,unrelated
bib-150,ENGLISH,1598,London,Theoretical Mathematics,unrelated,unrelated,unrelated,unrelated,unrelated
bib-150,ENGLISH,1598,London,Trigonometry,unrelated,unknown,secondary,unrelated,unknown
bib-151,ITALIAN,1567,Brescia,Architecture,unrelated,unrelated,unrelated,unrelated,unrelated
bib-151,ITALIAN,1567,Brescia,Arithmetic,unrelated,primary,primary,primary,secondary
bib-151,ITALIAN,1567,Brescia,Astronomy,unrelated,unrelated,unrelated,unrelated,unrelated
bib-151,ITALIAN,1567,Brescia,Cartography,unrelated,unrelated,unrelated,unrelated,unrelated
bib-151,ITALIAN,1567,Brescia,Commercial Mathematics,unrelated,unrelated,unrelated,unrelated,unrelated
bib-151,ITALIAN,1567,Brescia,Construction,unrelated,unrelated,unrelated,unrelated,unrelated
bib-151,ITALIAN,1567,Brescia,Cosmography,unrelated,unrelated,unrelated,unrelated,unrelated
bib-151,ITALIAN,1567,Brescia,Geography,unrelated,unrelated,unrelated,unrelated,unrelated
bib-151,ITALIAN,1567,Brescia,Gnomonics & Horology,unrelated,unrelated,unrelated,unrelated,unrelated
bib-151,ITALIAN,1567,Brescia,Instrument Construction,unrelated,unrelated,unrelated,unrelated,unrelated
bib-151,ITALIAN,1567,Brescia,Instrument Use,unrelated,unrelated,unrelated,unrelated,unrelated
bib-151,ITALIAN,1567,Brescia,Mechanics,unrelated,unrelated,unrelated,unrelated,unrelated
bib-151,ITALIAN,1567,Brescia,Military Engineering,primary,primary,primary,primary,primary
bib-151,ITALIAN,1567,Brescia,Music Theory,unrelated,unrelated,unrelated,unrelated,unrelated
bib-151,ITALIAN,1567,Brescia,Navigation,unrelated,unrelated,unrelated,unrelated,unrelated
bib-151,ITALIAN,1567,Brescia,Perspective,unrelated,unrelated,unrelated,unrelated,unrelated
bib-151,ITALIAN,1567,Brescia,Practical Geometry,unrelated,secondary,secondary,primary,unknown
bib-151,ITALIAN,1567,Brescia,Surveying,unrelated,unrelated,unrelated,unrelated,unrelated
bib-151,ITALIAN,1567,Brescia,Theoretical Mathematics,unrelated,unrelated,unrelated,unrelated,unrelated
bib-151,ITALIAN,1567,Brescia,Trigonometry,unrelated,unknown,unrelated,unknown,unrelated
bib-152,ITALIAN,1583,Venice,Architecture,unrelated,secondary,secondary,primary,unrelated
bib-152,ITALIAN,1583,Venice,Arithmetic,unrelated,secondary,secondary,secondary,unrelated
bib-152,ITALIAN,1583,Venice,Astronomy,unrelated,unrelated,unrelated,unrelated,unrelated
bib-152,ITALIAN,1583,Venice,Cartography,unrelated,unrelated,secondary,unrelated,unrelated
bib-152,ITALIAN,1583,Venice,Commercial Mathematics,unrelated,unrelated,unrelated,unrelated,unrelated
bib-152,ITALIAN,1583,Venice,Construction,unrelated,primary,primary,secondary,secondary
bib-152,ITALIAN,1583,Venice,Cosmography,unrelated,unrelated,unrelated,unrelated,unrelated
bib-152,ITALIAN,1583,Venice,Geography,unrelated,unrelated,secondary,unrelated,unrelated
bib-152,ITALIAN,1583,Venice,Gnomonics & Horology,unrelated,unrelated,unrelated,unrelated,unrelated
bib-152,ITALIAN,1583,Venice,Instrument Construction,unrelated,unrelated,secondary,unrelated,unrelated
bib-152,ITALIAN,1583,Venice,Instrument Use,unrelated,unrelated,secondary,unrelated,unrelated
bib-152,ITALIAN,1583,Venice,Mechanics,unrelated,unrelated,secondary,unrelated,unrelated
bib-152,ITALIAN,1583,Venice,Military Engineering,primary,primary,primary,primary,primary
bib-152,ITALIAN,1583,Venice,Music Theory,unrelated,unrelated,unrelated,unrelated,unrelated
bib-152,ITALIAN,1583,Venice,Navigation,unrelated,unrelated,unrelated,unrelated,unrelated
bib-152,ITALIAN,1583,Venice,Perspective,unrelated,unrelated,secondary,unrelated,unrelated
bib-152,ITALIAN,1583,Venice,Practical Geometry,unrelated,primary,primary,secondary,unrelated
bib-152,ITALIAN,1583,Venice,Surveying,unrelated,secondary,primary,secondary,unrelated
bib-152,ITALIAN,1583,Venice,Theoretical Mathematics,unrelated,unrelated,secondary,unrelated,unrelated
bib-152,ITALIAN,1583,Venice,Trigonometry,unrelated,secondary,secondary,secondary,unrelated
bib-153,ENGLISH,1579,London,Architecture,unrelated,unrelated,unrelated,unrelated,unrelated
bib-153,ENGLISH,1579,London,Arithmetic,primary,primary,primary,primary,primary
bib-153,ENGLISH,1579,London,Astronomy,unrelated,unrelated,unrelated,unrelated,unrelated
bib-153,ENGLISH,1579,London,Cartography,unrelated,unrelated,unrelated,unrelated,unrelated
bib-153,ENGLISH,1579,London,Commercial Mathematics,unrelated,unrelated,unrelated,unrelated,unrelated
bib-153,ENGLISH,1579,London,Construction,unrelated,unrelated,unrelated,unrelated,unrelated
bib-153,ENGLISH,1579,London,Cosmography,unrelated,unrelated,unrelated,unrelated,unrelated
bib-153,ENGLISH,1579,London,Geography,unrelated,unrelated,unrelated,unrelated,unrelated
bib-153,ENGLISH,1579,London,Gnomonics & Horology,unrelated,unrelated,unrelated,unrelated,unrelated
bib-153,ENGLISH,1579,London,Instrument Construction,unrelated,unrelated,unrelated,unknown,unrelated
bib-153,ENGLISH,1579,London,Instrument Use,unrelated,unrelated,unrelated,unknown,unrelated
bib-153,ENGLISH,1579,London,Mechanics,unrelated,unrelated,unrelated,secondary,secondary
bib-153,ENGLISH,1579,London,Military Engineering,primary,secondary,secondary,primary,secondary
bib-153,ENGLISH,1579,London,Music Theory,unrelated,unrelated,unrelated,unrelated,unrelated
bib-153,ENGLISH,1579,London,Navigation,unrelated,unrelated,unrelated,unrelated,unrelated
bib-153,ENGLISH,1579,London,Perspective,unrelated,unrelated,unrelated,unrelated,unrelated
bib-153,ENGLISH,1579,London,Practical Geometry,unrelated,unrelated,unrelated,unrelated,unrelated
bib-153,ENGLISH,1579,London,Surveying,unrelated,unrelated,unrelated,unrelated,unrelated
bib-153,ENGLISH,1579,London,Theoretical Mathematics,unrelated,secondary,secondary,secondary,secondary
bib-153,ENGLISH,1579,London,Trigonometry,unrelated,unrelated,unrelated,unknown,unrelated
bib-154,ENGLISH,1590,London,Architecture,unrelated,unrelated,unrelated,unrelated,unrelated
bib-154,ENGLISH,1590,London,Arithmetic,primary,primary,primary,primary,primary
bib-154,ENGLISH,1590,London,Astronomy,unrelated,unrelated,unrelated,unrelated,unrelated
bib-154,ENGLISH,1590,London,Cartography,unrelated,unrelated,unrelated,unrelated,unrelated
bib-154,ENGLISH,1590,London,Commercial Mathematics,unrelated,unrelated,unrelated,unrelated,unrelated
bib-154,ENGLISH,1590,London,Construction,unrelated,unrelated,unrelated,unrelated,unrelated
bib-154,ENGLISH,1590,London,Cosmography,unrelated,unrelated,unrelated,unrelated,unrelated
bib-154,ENGLISH,1590,London,Geography,unrelated,unrelated,unrelated,unrelated,unrelated
bib-154,ENGLISH,1590,London,Gnomonics & Horology,unrelated,unrelated,unrelated,unrelated,unrelated
bib-154,ENGLISH,1590,London,Instrument Construction,unrelated,unrelated,unrelated,unrelated,unrelated
bib-154,ENGLISH,1590,London,Instrument Use,unrelated,unrelated,unrelated,unrelated,unrelated
bib-154,ENGLISH,1590,London,Mechanics,unrelated,secondary,secondary,secondary,secondary
bib-154,ENGLISH,1590,London,Military Engineering,primary,primary,primary,primary,primary
bib-154,ENGLISH,1590,London,Music Theory,unrelated,unrelated,unrelated,unrelated,unrelated
bib-154,ENGLISH,1590,London,Navigation,unrelated,unrelated,unrelated,unrelated,unrelated
bib-154,ENGLISH,1590,London,Perspective,unrelated,unrelated,unrelated,unrelated,unrelated
bib-154,ENGLISH,1590,London,Practical Geometry,unrelated,unrelated,unrelated,unrelated,unrelated
bib-154,ENGLISH,1590,London,Surveying,unrelated,unrelated,unrelated,unrelated,unrelated
bib-154,ENGLISH,1590,London,Theoretical Mathematics,unrelated,secondary,secondary,secondary,secondary
bib-154,ENGLISH,1590,London,Trigonometry,unrelated,unrelated,unrelated,unrelated,unrelated
bib-155,LATIN,1503,Freiburg,Architecture,,unknown,unknown,unknown,unknown
bib-155,LATIN,1503,Freiburg,Arithmetic,,unknown,unknown,unknown,unknown
bib-155,LATIN,1503,Freiburg,Astronomy,,unknown,unknown,unknown,unknown
bib-155,LATIN,1503,Freiburg,Cartography,,unknown,unknown,unknown,unknown
bib-155,LATIN,1503,Freiburg,Commercial Mathematics,,unknown,unknown,unknown,unknown
bib-155,LATIN,1503,Freiburg,Construction,,unknown,unknown,unknown,unknown
bib-155,LATIN,1503,Freiburg,Cosmography,,unknown,unknown,unknown,unknown
bib-155,LATIN,1503,Freiburg,Geography,,unknown,unknown,unknown,unknown
bib-155,LATIN,1503,Freiburg,Gnomonics & Horology,,unknown,unknown,unknown,unknown
bib-155,LATIN,1503,Freiburg,Instrument Construction,,unknown,unknown,unknown,unknown
bib-155,LATIN,1503,Freiburg,Instrument Use,,unknown,unknown,unknown,unknown
bib-155,LATIN,1503,Freiburg,Mechanics,,unknown,unknown,unknown,unknown
bib-155,LATIN,1503,Freiburg,Military Engineering,,unknown,unknown,unknown,unknown
bib-155,LATIN,1503,Freiburg,Music Theory,,unknown,unknown,unknown,unknown
bib-155,LATIN,1503,Freiburg,Navigation,,unknown,unknown,unknown,unknown
bib-155,LATIN,1503,Freiburg,Perspective,,unknown,unknown,unknown,unknown
bib-155,LATIN,1503,Freiburg,Practical Geometry,,unknown,unknown,unknown,unknown
bib-155,LATIN,1503,Freiburg,Surveying,,unknown,unknown,unknown,unknown
bib-155,LATIN,1503,Freiburg,Theoretical Mathematics,,unknown,unknown,unknown,unknown
bib-155,LATIN,1503,Freiburg,Trigonometry,,unknown,unknown,unknown,unknown
bib-156,ITALIAN,1581,Venice,Architecture,unrelated,secondary,secondary,secondary,secondary
bib-156,ITALIAN,1581,Venice,Arithmetic,unrelated,unrelated,unknown,unknown,unknown
bib-156,ITALIAN,1581,Venice,Astronomy,unrelated,unrelated,unrelated,unrelated,unrelated
bib-156,ITALIAN,1581,Venice,Cartography,unrelated,unrelated,unrelated,unrelated,unrelated
bib-156,ITALIAN,1581,Venice,Commercial Mathematics,unrelated,unrelated,unrelated,unrelated,unrelated
bib-156,ITALIAN,1581,Venice,Construction,unrelated,secondary,secondary,secondary,secondary
bib-156,ITALIAN,1581,Venice,Cosmography,unrelated,unrelated,unrelated,unrelated,unrelated
bib-156,ITALIAN,1581,Venice,Geography,unrelated,unrelated,unrelated,unrelated,unrelated
bib-156,ITALIAN,1581,Venice,Gnomonics & Horology,unrelated,unrelated,unrelated,unrelated,unrelated
bib-156,ITALIAN,1581,Venice,Instrument Construction,unrelated,primary,primary,primary,primary
bib-156,ITALIAN,1581,Venice,Instrument Use,unrelated,primary,primary,primary,primary
bib-156,ITALIAN,1581,Venice,Mechanics,primary,primary,primary,primary,primary
bib-156,ITALIAN,1581,Venice,Military Engineering,unrelated,secondary,primary,secondary,secondary
bib-156,ITALIAN,1581,Venice,Music Theory,unrelated,unrelated,unrelated,unrelated,unrelated
bib-156,ITALIAN,1581,Venice,Navigation,unrelated,unrelated,unrelated,unrelated,unrelated
bib-156,ITALIAN,1581,Venice,Perspective,unrelated,unrelated,unrelated,unrelated,unrelated
bib-156,ITALIAN,1581,Venice,Practical Geometry,unrelated,unknown,unknown,unrelated,unknown
bib-156,ITALIAN,1581,Venice,Surveying,unrelated,unrelated,unrelated,unrelated,unrelated
bib-156,ITALIAN,1581,Venice,Theoretical Mathematics,unrelated,unrelated,unknown,unrelated,unknown
bib-156,ITALIAN,1581,Venice,Trigonometry,unrelated,unrelated,unknown,unknown,unknown
bib-16,FRENCH,1572,Paris,Architecture,unrelated,unknown,unrelated,unknown,unknown
bib-16,FRENCH,1572,Paris,Arithmetic,unrelated,unknown,unrelated,unknown,unrelated
bib-16,FRENCH,1572,Paris,Astronomy,unrelated,unrelated,unrelated,unrelated,unrelated
bib-16,FRENCH,1572,Paris,Cartography,unrelated,unrelated,unrelated,unrelated,unknown
bib-16,FRENCH,1572,Paris,Commercial Mathematics,unrelated,unrelated,unrelated,unrelated,unrelated
bib-16,FRENCH,1572,Paris,Construction,unrelated,unknown,unrelated,unknown,unrelated
bib-16,FRENCH,1572,Paris,Cosmography,unrelated,unrelated,unrelated,unrelated,unrelated
bib-16,FRENCH,1572,Paris,Geography,unrelated,unrelated,unrelated,unrelated,unrelated
bib-16,FRENCH,1572,Paris,Gnomonics & Horology,unrelated,unrelated,unrelated,unrelated,unrelated
bib-16,FRENCH,1572,Paris,Instrument Construction,unrelated,unrelated,unrelated,unknown,unknown
bib-16,FRENCH,1572,Paris,Instrument Use,unrelated,unrelated,unrelated,unknown,unknown
bib-16,FRENCH,1572,Paris,Mechanics,unrelated,unrelated,unrelated,unrelated,unrelated
bib-16,FRENCH,1572,Paris,Military Engineering,unrelated,unrelated,unrelated,unrelated,unrelated
bib-16,FRENCH,1572,Paris,Music Theory,unrelated,unrelated,unrelated,unrelated,unrelated
bib-16,FRENCH,1572,Paris,Navigation,unrelated,unrelated,unrelated,unrelated,unrelated
bib-16,FRENCH,1572,Paris,Perspective,unrelated,unknown,unrelated,unknown,unknown
bib-16,FRENCH,1572,Paris,Practical Geometry,primary,primary,primary,primary,primary
bib-16,FRENCH,1572,Paris,Surveying,unrelated,unknown,unrelated,unknown,unknown
bib-16,FRENCH,1572,Paris,Theoretical Mathematics,unrelated,unknown,secondary,unknown,unknown
bib-16,FRENCH,1572,Paris,Trigonometry,unrelated,unknown,unknown,unknown,unknown
bib-167,LATIN,1511,Paris,Architecture,unrelated,unrelated,unrelated,unrelated,unrelated
bib-167,LATIN,1511,Paris,Arithmetic,unrelated,primary,primary,primary,primary
bib-167,LATIN,1511,Paris,Astronomy,unrelated,unrelated,unrelated,unrelated,unrelated
bib-167,LATIN,1511,Paris,Cartography,unrelated,unrelated,unrelated,unrelated,unrelated
bib-167,LATIN,1511,Paris,Commercial Mathematics,unrelated,unrelated,unrelated,unrelated,unrelated
bib-167,LATIN,1511,Paris,Construction,unrelated,unrelated,unrelated,unrelated,unrelated
bib-167,LATIN,1511,Paris,Cosmography,unrelated,unrelated,unrelated,unrelated,unrelated
bib-167,LATIN,1511,Paris,Geography,unrelated,unrelated,unrelated,unrelated,unrelated
bib-167,LATIN,1511,Paris,Gnomonics & Horology,unrelated,unrelated,unrelated,unrelated,unrelated
bib-167,LATIN,1511,Paris,Instrument Construction,unrelated,unrelated,unrelated,unrelated,unrelated
bib-167,LATIN,1511,Paris,Instrument Use,unrelated,unrelated,unrelated,unrelated,unrelated
bib-167,LATIN,1511,Paris,Mechanics,unrelated,unrelated,unrelated,unrelated,unrelated
bib-167,LATIN,1511,Paris,Military Engineering,unrelated,unrelated,unrelated,unrelated,unrelated
bib-167,LATIN,1511,Paris,Music Theory,unrelated,unrelated,unrelated,unrelated,unrelated
bib-167,LATIN,1511,Paris,Navigation,unrelated,unrelated,unrelated,unrelated,unrelated
bib-167,LATIN,1511,Paris,Perspective,unrelated,unrelated,unrelated,unrelated,unrelated
bib-167,LATIN,1511,Paris,Practical Geometry,unrelated,unrelated,unrelated,secondary,unrelated
bib-167,LATIN,1511,Paris,Surveying,unrelated,unrelated,unrelated,unrelated,unrelated
bib-167,LATIN,1511,Paris,Theoretical Mathematics,primary,primary,primary,primary,primary
bib-167,LATIN,1511,Paris,Trigonometry,unrelated,unrelated,unknown,unrelated,unrelated
bib-168,LATIN,1513,Paris,Architecture,unrelated,unrelated,unrelated,unrelated,unrelated
bib-168,LATIN,1513,Paris,Arithmetic,unrelated,unrelated,unrelated,unrelated,unrelated
bib-168,LATIN,1513,Paris,Astronomy,unrelated,unrelated,unrelated,unrelated,unrelated
bib-168,LATIN,1513,Paris,Cartography,unrelated,unrelated,unrelated,unrelated,unrelated
bib-168,LATIN,1513,Paris,Commercial Mathematics,unrelated,unrelated,unrelated,unrelated,unrelated
bib-168,LATIN,1513,Paris,Construction,unrelated,unrelated,unrelated,unrelated,unrelated
bib-168,LATIN,1513,Paris,Cosmography,unrelated,unrelated,unrelated,unrelated,unrelated
bib-168,LATIN,1513,Paris,Geography,unrelated,unrelated,unrelated,unrelated,unrelated
bib-168,LATIN,1513,Paris,Gnomonics & Horology,unrelated,unrelated,unrelated,unrelated,unrelated
bib-168,LATIN,1513,Paris,Instrument Construction,unrelated,unrelated,unrelated,unrelated,unrelated
bib-168,LATIN,1513,Paris,Instrument Use,unrelated,unrelated,unrelated,unrelated,unrelated
bib-168,LATIN,1513,Paris,Mechanics,unrelated,unrelated,unrelated,unrelated,unrelated
bib-168,LATIN,1513,Paris,Military Engineering,unrelated,unrelated,unrelated,unrelated,unrelated
bib-168,LATIN,1513,Paris,Music Theory,unrelated,unrelated,unrelated,unrelated,unrelated
bib-168,LATIN,1513,Paris,Navigation,unrelated,unrelated,unrelated,unrelated,unrelated
bib-168,LATIN,1513,Paris,Perspective,unrelated,unrelated,unrelated,unrelated,unrelated
bib-168,LATIN,1513,Paris,Practical Geometry,unrelated,unrelated,unrelated,unrelated,unrelated
bib-168,LATIN,1513,Paris,Surveying,unrelated,unrelated,unrelated,unrelated,unrelated
bib-168,LATIN,1513,Paris,Theoretical Mathematics,unrelated,unrelated,unrelated,unrelated,unrelated
bib-168,LATIN,1513,Paris,Trigonometry,unrelated,unrelated,unrelated,unrelated,unrelated
bib-169,FRENCH,1552,Paris,Architecture,unrelated,unrelated,unrelated,unrelated,unrelated
bib-169,FRENCH,1552,Paris,Arithmetic,unrelated,unrelated,unknown,unrelated,unrelated
bib-169,FRENCH,1552,Paris,Astronomy,primary,primary,primary,primary,primary
bib-169,FRENCH,1552,Paris,Cartography,unrelated,unknown,unknown,primary,secondary
bib-169,FRENCH,1552,Paris,Commercial Mathematics,unrelated,unrelated,unrelated,unrelated,unrelated
bib-169,FRENCH,1552,Paris,Construction,unrelated,unrelated,unrelated,unrelated,unrelated
bib-169,FRENCH,1552,Paris,Cosmography,primary,primary,primary,primary,primary
bib-169,FRENCH,1552,Paris,Geography,primary,primary,primary,primary,primary
bib-169,FRENCH,1552,Paris,Gnomonics & Horology,unrelated,unrelated,unrelated,unrelated,unrelated
bib-169,FRENCH,1552,Paris,Instrument Construction,unrelated,unrelated,unknown,unrelated,unrelated
bib-169,FRENCH,1552,Paris,Instrument Use,unrelated,unrelated,unknown,unrelated,unrelated
bib-169,FRENCH,1552,Paris,Mechanics,unrelated,unrelated,unrelated,unrelated,unrelated
bib-169,FRENCH,1552,Paris,Military Engineering,unrelated,unrelated,unrelated,unrelated,unrelated
bib-169,FRENCH,1552,Paris,Music Theory,unrelated,unrelated,unrelated,unrelated,unrelated
bib-169,FRENCH,1552,Paris,Navigation,unrelated,secondary,unknown,primary,secondary
bib-169,FRENCH,1552,Paris,Perspective,unrelated,unrelated,unrelated,unrelated,unrelated
bib-169,FRENCH,1552,Paris,Practical Geometry,unrelated,unknown,unknown,unknown,unknown
bib-169,FRENCH,1552,Paris,Surveying,unrelated,unknown,unknown,primary,unknown
bib-169,FRENCH,1552,Paris,Theoretical Mathematics,unrelated,unknown,unknown,secondary,unknown
bib-169,FRENCH,1552,Paris,Trigonometry,unrelated,unknown,unknown,unknown,unknown
bib-17,FRENCH,1573,Paris,Architecture,unrelated,unrelated,unknown,unknown,unknown
bib-17,FRENCH,1573,Paris,Arithmetic,unrelated,unrelated,unrelated,unknown,unrelated
bib-17,FRENCH,1573,Paris,Astronomy,unrelated,unrelated,unknown,unknown,unrelated
bib-17,FRENCH,1573,Paris,Cartography,unrelated,unrelated,unknown,unknown,unrelated
bib-17,FRENCH,1573,Paris,Commercial Mathematics,unrelated,unrelated,unrelated,unknown,unrelated
bib-17,FRENCH,1573,Paris,Construction,unrelated,unrelated,unknown,unknown,unknown
bib-17,FRENCH,1573,Paris,Cosmography,unrelated,unrelated,unknown,unknown,unrelated
bib-17,FRENCH,1573,Paris,Geography,unrelated,unrelated,unknown,unknown,unrelated
bib-17,FRENCH,1573,Paris,Gnomonics & Horology,unrelated,unrelated,unknown,unknown,unrelated
bib-17,FRENCH,1573,Paris,Instrument Construction,unrelated,unrelated,unknown,unknown,unknown
bib-17,FRENCH,1573,Paris,Instrument Use,unrelated,unrelated,unknown,unknown,unknown
bib-17,FRENCH,1573,Paris,Mechanics,unrelated,unrelated,unknown,unknown,unrelated
bib-17,FRENCH,1573,Paris,Military Engineering,unrelated,unrelated,unrelated,unknown,unrelated
bib-17,FRENCH,1573,Paris,Music Theory,unrelated,unrelated,unrelated,unknown,unrelated
bib-17,FRENCH,1573,Paris,Navigation,unrelated,unrelated,unknown,unknown,unrelated
bib-17,FRENCH,1573,Paris,Perspective,unrelated,unrelated,unknown,unknown,unknown
bib-17,FRENCH,1573,Paris,Practical Geometry,primary,primary,primary,primary,primary
bib-17,FRENCH,1573,Paris,Surveying,unrelated,unrelated,unknown,unknown,unknown
bib-17,FRENCH,1573,Paris,Theoretical Mathematics,unrelated,unrelated,unknown,unknown,unknown
bib-17,FRENCH,1573,Paris,Trigonometry,unrelated,unrelated,unknown,unknown,unknown
bib-173,LATIN,1503,Paris,Architecture,unrelated,unrelated,unrelated,unrelated,unrelated
bib-173,LATIN,1503,Paris,Arithmetic,unrelated,unrelated,unrelated,unrelated,unrelated
bib-173,LATIN,1503,Paris,Astronomy,unrelated,unrelated,unrelated,unrelated,unrelated
bib-173,LATIN,1503,Paris,Cartography,unrelated,unrelated,unrelated,unrelated,unrelated
bib-173,LATIN,1503,Paris,Commercial Mathematics,unrelated,unrelated,unrelated,unrelated,unrelated
bib-173,LATIN,1503,Paris,Construction,unrelated,unrelated,unrelated,unrelated,unrelated
bib-173,LATIN,1503,Paris,Cosmography,unrelated,unrelated,unrelated,unrelated,unrelated
bib-173,LATIN,1503,Paris,Geography,unrelated,unrelated,unrelated,unrelated,unrelated
bib-173,LATIN,1503,Paris,Gnomonics & Horology,unrelated,unrelated,unrelated,unrelated,unrelated
bib-173,LATIN,1503,Paris,Instrument Construction,unrelated,unrelated,unrelated,unrelated,unrelated
bib-173,LATIN,1503,Paris,Instrument Use,unrelated,unrelated,unrelated,unrelated,unrelated
bib-173,LATIN,1503,Paris,Mechanics,unrelated,unrelated,unrelated,unrelated,unrelated
bib-173,LATIN,1503,Paris,Military Engineering,unrelated,unrelated,unrelated,unrelated,unrelated
bib-173,LATIN,1503,Paris,Music Theory,unrelated,unrelated,unrelated,unrelated,unrelated
bib-173,LATIN,1503,Paris,Navigation,unrelated,unrelated,unrelated,unrelated,unrelated
bib-173,LATIN,1503,Paris,Perspective,unrelated,unrelated,unrelated,unrelated,unrelated
bib-173,LATIN,1503,Paris,Practical Geometry,unrelated,unrelated,unrelated,unrelated,unrelated
bib-173,LATIN,1503,Paris,Surveying,unrelated,unrelated,unrelated,unrelated,unrelated
bib-173,LATIN,1503,Paris,Theoretical Mathematics,unrelated,unrelated,unrelated,unrelated,unrelated
bib-173,LATIN,1503,Paris,Trigonometry,unrelated,unrelated,unrelated,unrelated,unrelated
bib-174,LATIN,1503,Paris,Architecture,unrelated,unrelated,unrelated,unrelated,unrelated
bib-174,LATIN,1503,Paris,Arithmetic,primary,primary,primary,primary,primary
bib-174,LATIN,1503,Paris,Astronomy,unrelated,primary,primary,primary,primary
bib-174,LATIN,1503,Paris,Cartography,unrelated,unrelated,unrelated,unrelated,unrelated
bib-174,LATIN,1503,Paris,Commercial Mathematics,unrelated,unrelated,unrelated,unrelated,unrelated
bib-174,LATIN,1503,Paris,Construction,unrelated,unrelated,unrelated,unrelated,unrelated
bib-174,LATIN,1503,Paris,Cosmography,unrelated,unknown,unrelated,unrelated,unrelated
bib-174,LATIN,1503,Paris,Geography,unrelated,unrelated,unrelated,unrelated,unrelated
bib-174,LATIN,1503,Paris,Gnomonics & Horology,unrelated,unrelated,unrelated,unrelated,unrelated
bib-174,LATIN,1503,Paris,Instrument Construction,unrelated,unrelated,unrelated,unrelated,unrelated
bib-174,LATIN,1503,Paris,Instrument Use,unrelated,unrelated,unrelated,unrelated,unrelated
bib-174,LATIN,1503,Paris,Mechanics,unrelated,unrelated,unrelated,unrelated,unrelated
bib-174,LATIN,1503,Paris,Military Engineering,unrelated,unrelated,unrelated,unrelated,unrelated
bib-174,LATIN,1503,Paris,Music Theory,unrelated,unrelated,unrelated,unrelated,unrelated
bib-174,LATIN,1503,Paris,Navigation,unrelated,unrelated,unrelated,unrelated,unrelated
bib-174,LATIN,1503,Paris,Perspective,unrelated,unrelated,unrelated,unrelated,unrelated
bib-174,LATIN,1503,Paris,Practical Geometry,primary,primary,primary,primary,primary
bib-174,LATIN,1503,Paris,Surveying,unrelated,unrelated,unrelated,unrelated,unrelated
bib-174,LATIN,1503,Paris,Theoretical Mathematics,primary,secondary,secondary,secondary,secondary
bib-174,LATIN,1503,Paris,Trigonometry,unrelated,unrelated,unrelated,unrelated,unrelated
bib-176,LATIN,1514,Paris,Architecture,unrelated,unknown,unknown,unknown,unknown
bib-176,LATIN,1514,Paris,Arithmetic,unrelated,unknown,unknown,unknown,unknown
bib-176,LATIN,1514,Paris,Astronomy,unrelated,unknown,unknown,unknown,unknown
bib-176,LATIN,1514,Paris,Cartography,unrelated,unknown,unknown,unknown,unknown
bib-176,LATIN,1514,Paris,Commercial Mathematics,unrelated,unknown,unknown,unknown,unknown
bib-176,LATIN,1514,Paris,Construction,unrelated,unknown,unknown,unknown,unknown
bib-176,LATIN,1514,Paris,Cosmography,unrelated,unknown,unknown,unknown,unknown
bib-176,LATIN,1514,Paris,Geography,unrelated,unknown,unknown,unknown,unknown
bib-176,LATIN,1514,Paris,Gnomonics & Horology,unrelated,unknown,unknown,unknown,unknown
bib-176,LATIN,1514,Paris,Instrument Construction,unrelated,unknown,unknown,unknown,unknown
bib-176,LATIN,1514,Paris,Instrument Use,unrelated,unknown,unknown,unknown,unknown
bib-176,LATIN,1514,Paris,Mechanics,unrelated,unknown,unknown,unknown,unknown
bib-176,LATIN,1514,Paris,Military Engineering,unrelated,unknown,unknown,unknown,unknown
bib-176,LATIN,1514,Paris,Music Theory,unrelated,unknown,unknown,unknown,unknown
bib-176,LATIN,1514,Paris,Navigation,unrelated,unknown,unknown,unknown,unknown
bib-176,LATIN,1514,Paris,Perspective,unrelated,unknown,unknown,unknown,unknown
bib-176,LATIN,1514,Paris,Practical Geometry,unrelated,unknown,unknown,unknown,unknown
bib-176,LATIN,1514,Paris,Surveying,unrelated,unknown,unknown,unknown,unknown
bib-176,LATIN,1514,Paris,Theoretical Mathematics,primary,unknown,unknown,unknown,unknown
bib-176,LATIN,1514,Paris,Trigonometry,unrelated,unknown,unknown,unknown,unknown
bib-18,SPANISH,1568,Salamanca,Architecture,unrelated,unrelated,unrelated,unrelated,unrelated
bib-18,SPANISH,1568,Salamanca,Arithmetic,unrelated,unrelated,unrelated,unknown,unrelated
bib-18,SPANISH,1568,Salamanca,Astronomy,primary,primary,primary,primary,primary
bib-18,SPANISH,1568,Salamanca,Cartography,unrelated,unknown,secondary,unrelated,unknown
bib-18,SPANISH,1568,Salamanca,Commercial Mathematics,unrelated,unrelated,unrelated,unrelated,unrelated
bib-18,SPANISH,1568,Salamanca,Construction,unrelated,unrelated,unrelated,unrelated,unrelated
bib-18,SPANISH,1568,Salamanca,Cosmography,unrelated,unknown,secondary,unknown,unknown
bib-18,SPANISH,1568,Salamanca,Geography,primary,primary,primary,primary,primary
bib-18,SPANISH,1568,Salamanca,Gnomonics & Horology,unrelated,primary,primary,primary,primary
bib-18,SPANISH,1568,Salamanca,Instrument Construction,primary,secondary,secondary,unknown,unknown
bib-18,SPANISH,1568,Salamanca,Instrument Use,primary,secondary,secondary,secondary,primary
bib-18,SPANISH,1568,Salamanca,Mechanics,unrelated,unrelated,unrelated,unrelated,unrelated
bib-18,SPANISH,1568,Salamanca,Military Engineering,unrelated,unrelated,unrelated,unrelated,unrelated
bib-18,SPANISH,1568,Salamanca,Music Theory,unrelated,unrelated,unrelated,unrelated,unrelated
bib-18,SPANISH,1568,Salamanca,Navigation,primary,primary,primary,primary,primary
bib-18,SPANISH,1568,Salamanca,Perspective,unrelated,unrelated,unrelated,unrelated,unrelated
bib-18,SPANISH,1568,Salamanca,Practical Geometry,primary,primary,primary,primary,primary
bib-18,SPANISH,1568,Salamanca,Surveying,unrelated,unknown,unrelated,unknown,unknown
bib-18,SPANISH,1568,Salamanca,Theoretical Mathematics,unrelated,secondary,secondary,unknown,unknown
bib-18,SPANISH,1568,Salamanca,Trigonometry,unrelated,unknown,unrelated,unknown,unknown
bib-181,LATIN,1584,Paris,Architecture,unrelated,unrelated,unrelated,unrelated,unrelated
bib-181,LATIN,1584,Paris,Arithmetic,unrelated,primary,primary,primary,primary
bib-181,LATIN,1584,Paris,Astronomy,unrelated,unrelated,unrelated,unrelated,unrelated
bib-181,LATIN,1584,Paris,Cartography,unrelated,unrelated,unrelated,unrelated,unrelated
bib-181,LATIN,1584,Paris,Commercial Mathematics,unrelated,unrelated,unrelated,unrelated,unrelated
bib-181,LATIN,1584,Paris,Construction,unrelated,unrelated,unrelated,unrelated,unrelated
bib-181,LATIN,1584,Paris,Cosmography,unrelated,unrelated,unrelated,unrelated,unrelated
bib-181,LATIN,1584,Paris,Geography,unrelated,unrelated,unrelated,unrelated,unrelated
bib-181,LATIN,1584,Paris,Gnomonics & Horology,unrelated,unrelated,unrelated,unrelated,unrelated
bib-181,LATIN,1584,Paris,Instrument Construction,unrelated,unrelated,unrelated,unrelated,unrelated
bib-181,LATIN,1584,Paris,Instrument Use,unrelated,unrelated,unrelated,unrelated,unrelated
bib-181,LATIN,1584,Paris,Mechanics,unrelated,unrelated,unrelated,unrelated,unrelated
bib-181,LATIN,1584,Paris,Military Engineering,unrelated,unrelated,unrelated,unrelated,unrelated
bib-181,LATIN,1584,Paris,Music Theory,unrelated,unrelated,unrelated,unrelated,unrelated
bib-181,LATIN,1584,Paris,Navigation,unrelated,unrelated,unrelated,unrelated,unrelated
bib-181,LATIN,1584,Paris,Perspective,unrelated,unrelated,unrelated,unrelated,unrelated
bib-181,LATIN,1584,Paris,Practical Geometry,unrelated,unrelated,unrelated,unrelated,unrelated
bib-181,LATIN,1584,Paris,Surveying,unrelated,unrelated,unrelated,unrelated,unrelated
bib-181,LATIN,1584,Paris,Theoretical Mathematics,unrelated,unrelated,unrelated,unrelated,unrelated
bib-181,LATIN,1584,Paris,Trigonometry,unrelated,unrelated,unrelated,unrelated,unrelated
bib-185,DUTCH,1582,Antwerp,Architecture,unrelated,unrelated,unrelated,unrelated,unrelated
bib-185,DUTCH,1582,Antwerp,Arithmetic,unrelated,primary,primary,primary,secondary
bib-185,DUTCH,1582,Antwerp,Astronomy,unrelated,unrelated,unrelated,unrelated,unrelated
bib-185,DUTCH,1582,Antwerp,Cartography,unrelated,unrelated,unrelated,unrelated,unrelated
bib-185,DUTCH,1582,Antwerp,Commercial Mathematics,primary,primary,primary,primary,primary
bib-185,DUTCH,1582,Antwerp,Construction,unrelated,unrelated,unrelated,unrelated,unrelated
bib-185,DUTCH,1582,Antwerp,Cosmography,unrelated,unrelated,unrelated,unrelated,unrelated
bib-185,DUTCH,1582,Antwerp,Geography,unrelated,unrelated,unrelated,unrelated,unrelated
bib-185,DUTCH,1582,Antwerp,Gnomonics & Horology,unrelated,unrelated,unrelated,unrelated,unrelated
bib-185,DUTCH,1582,Antwerp,Instrument Construction,unrelated,unrelated,unrelated,unrelated,unrelated
bib-185,DUTCH,1582,Antwerp,Instrument Use,unrelated,unrelated,unrelated,unrelated,unrelated
bib-185,DUTCH,1582,Antwerp,Mechanics,unrelated,unrelated,unrelated,unrelated,unrelated
bib-185,DUTCH,1582,Antwerp,Military Engineering,unrelated,unrelated,unrelated,unrelated,unrelated
bib-185,DUTCH,1582,Antwerp,Music Theory,unrelated,unrelated,unrelated,unrelated,unrelated
bib-185,DUTCH,1582,Antwerp,Navigation,unrelated,unrelated,unrelated,unrelated,unrelated
bib-185,DUTCH,1582,Antwerp,Perspective,unrelated,unrelated,unrelated,unrelated,unrelated
bib-185,DUTCH,1582,Antwerp,Practical Geometry,unrelated,unrelated,unrelated,unrelated,unrelated
bib-185,DUTCH,1582,Antwerp,Surveying,unrelated,unrelated,unrelated,unrelated,unrelated
bib-185,DUTCH,1582,Antwerp,Theoretical Mathematics,unrelated,unrelated,unrelated,unrelated,unrelated
bib-185,DUTCH,1582,Antwerp,Trigonometry,unrelated,unrelated,unrelated,unrelated,unrelated
bib-186,FRENCH,1585,Leiden,Architecture,unrelated,unrelated,unrelated,unrelated,unrelated
bib-186,FRENCH,1585,Leiden,Arithmetic,primary,primary,primary,primary,primary
bib-186,FRENCH,1585,Leiden,Astronomy,unrelated,unrelated,unrelated,unrelated,unrelated
bib-186,FRENCH,1585,Leiden,Cartography,unrelated,unrelated,unrelated,unrelated,unrelated
bib-186,FRENCH,1585,Leiden,Commercial Mathematics,unrelated,primary,secondary,secondary,unrelated
bib-186,FRENCH,1585,Leiden,Construction,unrelated,unrelated,unrelated,unrelated,unrelated
bib-186,FRENCH,1585,Leiden,Cosmography,unrelated,unrelated,unrelated,unrelated,unrelated
bib-186,FRENCH,1585,Leiden,Geography,unrelated,unrelated,unrelated,unrelated,unrelated
bib-186,FRENCH,1585,Leiden,Gnomonics & Horology,unrelated,unrelated,unrelated,unrelated,unrelated
bib-186,FRENCH,1585,Leiden,Instrument Construction,unrelated,unrelated,unrelated,unrelated,unrelated
bib-186,FRENCH,1585,Leiden,Instrument Use,unrelated,unrelated,unrelated,unrelated,unrelated
bib-186,FRENCH,1585,Leiden,Mechanics,unrelated,unrelated,unrelated,unrelated,unrelated
bib-186,FRENCH,1585,Leiden,Military Engineering,unrelated,unrelated,unrelated,unrelated,unrelated
bib-186,FRENCH,1585,Leiden,Music Theory,unrelated,unrelated,unrelated,unrelated,unrelated
bib-186,FRENCH,1585,Leiden,Navigation,unrelated,unrelated,unrelated,unrelated,unrelated
bib-186,FRENCH,1585,Leiden,Perspective,unrelated,unrelated,unrelated,unrelated,unrelated
bib-186,FRENCH,1585,Leiden,Practical Geometry,unrelated,unrelated,unrelated,unrelated,unrelated
bib-186,FRENCH,1585,Leiden,Surveying,unrelated,unrelated,unrelated,unrelated,unrelated
bib-186,FRENCH,1585,Leiden,Theoretical Mathematics,primary,primary,primary,primary,primary
bib-186,FRENCH,1585,Leiden,Trigonometry,unrelated,unrelated,unrelated,unrelated,unrelated
bib-19,SPANISH,1583,Alcala,Architecture,unrelated,unknown,unrelated,unrelated,unrelated
bib-19,SPANISH,1583,Alcala,Arithmetic,unrelated,unknown,unknown,unrelated,unrelated
bib-19,SPANISH,1583,Alcala,Astronomy,unrelated,unrelated,unrelated,unrelated,unrelated
bib-19,SPANISH,1583,Alcala,Cartography,unrelated,unknown,unrelated,unrelated,unrelated
bib-19,SPANISH,1583,Alcala,Commercial Mathematics,unrelated,unrelated,unrelated,unrelated,unrelated
bib-19,SPANISH,1583,Alcala,Construction,unrelated,unknown,unrelated,unrelated,unrelated
bib-19,SPANISH,1583,Alcala,Cosmography,unrelated,unrelated,unrelated,unrelated,unrelated
bib-19,SPANISH,1583,Alcala,Geography,unrelated,unrelated,unrelated,unrelated,unrelated
bib-19,SPANISH,1583,Alcala,Gnomonics & Horology,unrelated,unrelated,unrelated,unrelated,unrelated
bib-19,SPANISH,1583,Alcala,Instrument Construction,unrelated,unknown,unknown,unrelated,unrelated
bib-19,SPANISH,1583,Alcala,Instrument Use,unrelated,unknown,unknown,unrelated,unrelated
bib-19,SPANISH,1583,Alcala,Mechanics,unrelated,unknown,unrelated,unrelated,unrelated
bib-19,SPANISH,1583,Alcala,Military Engineering,unrelated,unrelated,unrelated,unrelated,unrelated
bib-19,SPANISH,1583,Alcala,Music Theory,unrelated,unrelated,unrelated,unrelated,unrelated
bib-19,SPANISH,1583,Alcala,Navigation,unrelated,unrelated,unrelated,unrelated,unrelated
bib-19,SPANISH,1583,Alcala,Perspective,unrelated,unknown,unknown,unrelated,unrelated
bib-19,SPANISH,1583,Alcala,Practical Geometry,primary,primary,primary,primary,primary
bib-19,SPANISH,1583,Alcala,Surveying,unrelated,unknown,unknown,unrelated,unrelated
bib-19,SPANISH,1583,Alcala,Theoretical Mathematics,unrelated,primary,primary,primary,primary
bib-19,SPANISH,1583,Alcala,Trigonometry,unrelated,unknown,unknown,unknown,unknown
bib-2,FRENCH,1547,Paris,Architecture,unrelated,unrelated,unrelated,unrelated,unknown
bib-2,FRENCH,1547,Paris,Arithmetic,unrelated,unrelated,unknown,unrelated,unknown
bib-2,FRENCH,1547,Paris,Astronomy,unrelated,unrelated,unrelated,unrelated,unknown
bib-2,FRENCH,1547,Paris,Cartography,unrelated,unrelated,unrelated,unrelated,unknown
bib-2,FRENCH,1547,Paris,Commercial Mathematics,unrelated,unrelated,unrelated,unrelated,unknown
bib-2,FRENCH,1547,Paris,Construction,unrelated,unrelated,unknown,unrelated,unknown
bib-2,FRENCH,1547,Paris,Cosmography,unrelated,unrelated,unrelated,unrelated,unknown
bib-2,FRENCH,1547,Paris,Geography,unrelated,unrelated,unrelated,unrelated,unknown
bib-2,FRENCH,1547,Paris,Gnomonics & Horology,unrelated,unrelated,unrelated,unrelated,unknown
bib-2,FRENCH,1547,Paris,Instrument Construction,unrelated,unrelated,unrelated,unrelated,unknown
bib-2,FRENCH,1547,Paris,Instrument Use,unrelated,unrelated,unrelated,unrelated,unknown
bib-2,FRENCH,1547,Paris,Mechanics,unrelated,unrelated,unrelated,unrelated,unknown
bib-2,FRENCH,1547,Paris,Military Engineering,unrelated,unrelated,unrelated,unrelated,unknown
bib-2,FRENCH,1547,Paris,Music Theory,unrelated,unrelated,unrelated,unrelated,unknown
bib-2,FRENCH,1547,Paris,Navigation,unrelated,unrelated,unrelated,unrelated,unknown
bib-2,FRENCH,1547,Paris,Perspective,unrelated,unrelated,unrelated,unrelated,unknown
bib-2,FRENCH,1547,Paris,Practical Geometry,primary,primary,primary,primary,primary
bib-2,FRENCH,1547,Paris,Surveying,unrelated,unrelated,unknown,unrelated,unknown
bib-2,FRENCH,1547,Paris,Theoretical Mathematics,unrelated,unrelated,unknown,unrelated,unknown
bib-2,FRENCH,1547,Paris,Trigonometry,unrelated,unrelated,unknown,unrelated,unknown
bib-20,ITALIAN,1599,Rome,Architecture,secondary,secondary,secondary,secondary,secondary
bib-20,ITALIAN,1599,Rome,Arithmetic,unrelated,secondary,secondary,unrelated,unrelated
bib-20,ITALIAN,1599,Rome,Astronomy,unrelated,unrelated,unknown,unrelated,unrelated
bib-20,ITALIAN,1599,Rome,Cartography,secondary,secondary,secondary,secondary,secondary
bib-20,ITALIAN,1599,Rome,Commercial Mathematics,unrelated,unrelated,unrelated,unrelated,unrelated
bib-20,ITALIAN,1599,Rome,Construction,primary,primary,primary,secondary,secondary
bib-20,ITALIAN,1599,Rome,Cosmography,secondary,secondary,secondary,secondary,secondary
bib-20,ITALIAN,1599,Rome,Geography,secondary,secondary,secondary,secondary,secondary
bib-20,ITALIAN,1599,Rome,Gnomonics & Horology,unrelated,unrelated,unrelated,unrelated,unrelated
bib-20,ITALIAN,1599,Rome,Instrument Construction,unrelated,unrelated,unknown,unrelated,unrelated
bib-20,ITALIAN,1599,Rome,Instrument Use,unrelated,unrelated,unknown,unrelated,unrelated
bib-20,ITALIAN,1599,Rome,Mechanics,unrelated,unrelated,unrelated,secondary,unrelated
bib-20,ITALIAN,1599,Rome,Military Engineering,primary,primary,secondary,secondary,secondary
bib-20,ITALIAN,1599,Rome,Music Theory,unrelated,unrelated,unrelated,unrelated,unrelated
bib-20,ITALIAN,1599,Rome,Navigation,unrelated,unrelated,unrelated,unrelated,unrelated
bib-20,ITALIAN,1599,Rome,Perspective,secondary,unrelated,unrelated,unrelated,unrelated
bib-20,ITALIAN,1599,Rome,Practical Geometry,primary,primary,primary,primary,primary
bib-20,ITALIAN,1599,Rome,Surveying,primary,primary,primary,secondary,primary
bib-20,ITALIAN,1599,Rome,Theoretical Mathematics,unrelated,secondary,secondary,secondary,secondary
bib-20,ITALIAN,1599,Rome,Trigonometry,unrelated,unknown,secondary,secondary,unknown
bib-209,DUTCH,1600,Leiden,Architecture,unrelated,unrelated,unrelated,unrelated,unrelated
bib-209,DUTCH,1600,Leiden,Arithmetic,unrelated,primary,secondary,secondary,secondary
bib-209,DUTCH,1600,Leiden,Astronomy,unrelated,unrelated,unrelated,unrelated,unrelated
bib-209,DUTCH,1600,Leiden,Cartography,unrelated,unknown,unrelated,unrelated,unrelated
bib-209,DUTCH,1600,Leiden,Commercial Mathematics,unrelated,unrelated,unrelated,unrelated,unrelated
bib-209,DUTCH,1600,Leiden,Construction,unrelated,unrelated,unrelated,unrelated,unrelated
bib-209,DUTCH,1600,Leiden,Cosmography,unrelated,unrelated,unrelated,unrelated,unrelated
bib-209,DUTCH,1600,Leiden,Geography,unrelated,unknown,unrelated,secondary,unrelated
bib-209,DUTCH,1600,Leiden,Gnomonics & Horology,unrelated,unrelated,unrelated,unrelated,unrelated
bib-209,DUTCH,1600,Leiden,Instrument Construction,unrelated,unrelated,unrelated,unrelated,unrelated
bib-209,DUTCH,1600,Leiden,Instrument Use,unrelated,primary,primary,secondary,secondary
bib-209,DUTCH,1600,Leiden,Mechanics,unrelated,unrelated,unrelated,unrelated,unrelated
bib-209,DUTCH,1600,Leiden,Military Engineering,unrelated,unrelated,unrelated,unrelated,unrelated
bib-209,DUTCH,1600,Leiden,Music Theory,unrelated,unrelated,unrelated,unrelated,unrelated
bib-209,DUTCH,1600,Leiden,Navigation,unrelated,unrelated,unrelated,unrelated,unrelated
bib-209,DUTCH,1600,Leiden,Perspective,unrelated,unrelated,unrelated,unrelated,unrelated
bib-209,DUTCH,1600,Leiden,Practical Geometry,primary,primary,primary,primary,primary
bib-209,DUTCH,1600,Leiden,Surveying,primary,primary,primary,primary,primary
bib-209,DUTCH,1600,Leiden,Theoretical Mathematics,unrelated,secondary,unrelated,unrelated,unrelated
bib-209,DUTCH,1600,Leiden,Trigonometry,unrelated,secondary,secondary,unknown,unknown
bib-21,LATIN,1569,Basel,Architecture,unrelated,unknown,unrelated,unrelated,unrelated
bib-21,LATIN,1569,Basel,Arithmetic,primary,primary,primary,primary,primary
bib-21,LATIN,1569,Basel,Astronomy,unrelated,unknown,unrelated,unrelated,unrelated
bib-21,LATIN,1569,Basel,Cartography,unrelated,unknown,unrelated,unrelated,unrelated
bib-21,LATIN,1569,Basel,Commercial Mathematics,unrelated,unknown,unrelated,unrelated,unrelated
bib-21,LATIN,1569,Basel,Construction,unrelated,unknown,unrelated,unrelated,unrelated
bib-21,LATIN,1569,Basel,Cosmography,unrelated,unknown,unrelated,unrelated,unrelated
bib-21,LATIN,1569,Basel,Geography,unrelated,unknown,unrelated,unrelated,unrelated
bib-21,LATIN,1569,Basel,Gnomonics & Horology,unrelated,unknown,unrelated,unrelated,unrelated
bib-21,LATIN,1569,Basel,Instrument Construction,unrelated,unknown,unrelated,unrelated,unrelated
bib-21,LATIN,1569,Basel,Instrument Use,unrelated,unknown,unrelated,unrelated,unrelated
bib-21,LATIN,1569,Basel,Mechanics,unrelated,unknown,unrelated,unrelated,unrelated
bib-21,LATIN,1569,Basel,Military Engineering,unrelated,unknown,unrelated,unrelated,unrelated
bib-21,LATIN,1569,Basel,Music Theory,unrelated,unknown,unrelated,unrelated,unrelated
bib-21,LATIN,1569,Basel,Navigation,unrelated,unknown,unrelated,unrelated,unrelated
bib-21,LATIN,1569,Basel,Perspective,unrelated,unknown,unrelated,unrelated,unrelated
bib-21,LATIN,1569,Basel,Practical Geometry,primary,unknown,unknown,unknown,unknown
bib-21,LATIN,1569,Basel,Surveying,unrelated,unknown,unrelated,unrelated,unrelated
bib-21,LATIN,1569,Basel,Theoretical Mathematics,unrelated,primary,primary,secondary,primary
bib-21,LATIN,1569,Basel,Trigonometry,unrelated,unknown,unrelated,unknown,unknown
bib-210,DUTCH,1600,Leiden,Architecture,unrelated,secondary,unrelated,secondary,secondary
bib-210,DUTCH,1600,Leiden,Arithmetic,unrelated,secondary,secondary,secondary,unrelated
bib-210,DUTCH,1600,Leiden,Astronomy,unrelated,unrelated,unrelated,unrelated,unrelated
bib-210,DUTCH,1600,Leiden,Cartography,primary,primary,primary,primary,primary
bib-210,DUTCH,1600,Leiden,Commercial Mathematics,unrelated,unrelated,unrelated,unrelated,unrelated
bib-210,DUTCH,1600,Leiden,Construction,unrelated,unrelated,unrelated,unrelated,unrelated
bib-210,DUTCH,1600,Leiden,Cosmography,unrelated,unrelated,secondary,secondary,unrelated
bib-210,DUTCH,1600,Leiden,Geography,unrelated,primary,primary,primary,secondary
bib-210,DUTCH,1600,Leiden,Gnomonics & Horology,unrelated,unrelated,unrelated,unrelated,unrelated
bib-210,DUTCH,1600,Leiden,Instrument Construction,unrelated,secondary,unknown,unknown,unrelated
bib-210,DUTCH,1600,Leiden,Instrument Use,primary,primary,primary,primary,primary
bib-210,DUTCH,1600,Leiden,Mechanics,unrelated,unrelated,unrelated,unrelated,unrelated
bib-210,DUTCH,1600,Leiden,Military Engineering,primary,secondary,unrelated,secondary,unrelated
bib-210,DUTCH,1600,Leiden,Music Theory,unrelated,unrelated,unrelated,unrelated,unrelated
bib-210,DUTCH,1600,Leiden,Navigation,unrelated,unrelated,unrelated,unrelated,unrelated
bib-210,DUTCH,1600,Leiden,Perspective,unrelated,unrelated,unrelated,unrelated,unrelated
bib-210,DUTCH,1600,Leiden,Practical Geometry,primary,primary,primary,primary,primary
bib-210,DUTCH,1600,Leiden,Surveying,primary,primary,primary,primary,primary
bib-210,DUTCH,1600,Leiden,Theoretical Mathematics,unrelated,secondary,unrelated,unknown,unrelated
bib-210,DUTCH,1600,Leiden,Trigonometry,unrelated,secondary,secondary,unknown,unrelated
bib-211,DUTCH,1547,Antwerp,Architecture,unrelated,unknown,unrelated,unrelated,unrelated
bib-211,DUTCH,1547,Antwerp,Arithmetic,unrelated,unrelated,secondary,unrelated,unrelated
bib-211,DUTCH,1547,Antwerp,Astronomy,unrelated,unrelated,unrelated,unrelated,unrelated
bib-211,DUTCH,1547,Antwerp,Cartography,unrelated,unrelated,unrelated,unrelated,unrelated
bib-211,DUTCH,1547,Antwerp,Commercial Mathematics,unrelated,unrelated,unrelated,unrelated,unrelated
bib-211,DUTCH,1547,Antwerp,Construction,unrelated,unknown,secondary,unrelated,secondary
bib-211,DUTCH,1547,Antwerp,Cosmography,unrelated,unrelated,unrelated,unrelated,unrelated
bib-211,DUTCH,1547,Antwerp,Geography,unrelated,unrelated,unrelated,unrelated,unrelated
bib-211,DUTCH,1547,Antwerp,Gnomonics & Horology,unrelated,unrelated,unrelated,unrelated,unrelated
bib-211,DUTCH,1547,Antwerp,Instrument Construction,unrelated,unknown,primary,unknown,unrelated
bib-211,DUTCH,1547,Antwerp,Instrument Use,unrelated,primary,primary,primary,secondary
bib-211,DUTCH,1547,Antwerp,Mechanics,unrelated,secondary,unrelated,unrelated,unrelated
bib-211,DUTCH,1547,Antwerp,Military Engineering,unrelated,unrelated,unrelated,unrelated,unrelated
bib-211,DUTCH,1547,Antwerp,Music Theory,unrelated,unrelated,unrelated,unrelated,unrelated
bib-211,DUTCH,1547,Antwerp,Navigation,unrelated,unrelated,unrelated,unrelated,unrelated
bib-211,DUTCH,1547,Antwerp,Perspective,unrelated,unrelated,unrelated,unrelated,unrelated
bib-211,DUTCH,1547,Antwerp,Practical Geometry,primary,primary,primary,primary,primary
bib-211,DUTCH,1547,Antwerp,Surveying,unrelated,secondary,secondary,unrelated,secondary
bib-211,DUTCH,1547,Antwerp,Theoretical Mathematics,unrelated,secondary,secondary,primary,unrelated
bib-211,DUTCH,1547,Antwerp,Trigonometry,unrelated,unknown,secondary,unrelated,unrelated
bib-212,DUTCH,1603,Amsterdam,Architecture,unrelated,unrelated,unrelated,unrelated,unrelated
bib-212,DUTCH,1603,Amsterdam,Arithmetic,primary,primary,primary,primary,primary
bib-212,DUTCH,1603,Amsterdam,Astronomy,unrelated,unrelated,unrelated,unrelated,unrelated
bib-212,DUTCH,1603,Amsterdam,Cartography,unrelated,unrelated,unrelated,unrelated,unrelated
bib-212,DUTCH,1603,Amsterdam,Commercial Mathematics,unrelated,secondary,primary,primary,primary
bib-212,DUTCH,1603,Amsterdam,Construction,unrelated,unrelated,unrelated,unrelated,unrelated
bib-212,DUTCH,1603,Amsterdam,Cosmography,unrelated,unrelated,unrelated,unrelated,unrelated
bib-212,DUTCH,1603,Amsterdam,Geography,unrelated,unrelated,unrelated,unrelated,unrelated
bib-212,DUTCH,1603,Amsterdam,Gnomonics & Horology,unrelated,unrelated,unrelated,unrelated,unrelated
bib-212,DUTCH,1603,Amsterdam,Instrument Construction,unrelated,unrelated,unrelated,unrelated,unrelated
bib-212,DUTCH,1603,Amsterdam,Instrument Use,unrelated,unrelated,unrelated,unrelated,unrelated
bib-212,DUTCH,1603,Amsterdam,Mechanics,unrelated,unrelated,unrelated,unrelated,unrelated
bib-212,DUTCH,1603,Amsterdam,Military Engineering,unrelated,unrelated,unrelated,unrelated,unrelated
bib-212,DUTCH,1603,Amsterdam,Music Theory,unrelated,unrelated,unrelated,unrelated,unrelated
bib-212,DUTCH,1603,Amsterdam,Navigation,unrelated,unrelated,unrelated,unrelated,unrelated
bib-212,DUTCH,1603,Amsterdam,Perspective,unrelated,unrelated,unrelated,unrelated,unrelated
bib-212,DUTCH,1603,Amsterdam,Practical Geometry,primary,unrelated,unknown,unrelated,unrelated
bib-212,DUTCH,1603,Amsterdam,Surveying,unrelated,unrelated,unrelated,unrelated,unrelated
bib-212,DUTCH,1603,Amsterdam,Theoretical Mathematics,unrelated,unrelated,unrelated,unrelated,unrelated
bib-212,DUTCH,1603,Amsterdam,Trigonometry,unrelated,unrelated,unrelated,unrelated,unrelated
bib-222,ENGLISH,1546,London,Architecture,unrelated,unrelated,unrelated,unrelated,unrelated
bib-222,ENGLISH,1546,London,Arithmetic,primary,primary,primary,primary,primary
bib-222,ENGLISH,1546,London,Astronomy,unrelated,unrelated,unrelated,unrelated,unrelated
bib-222,ENGLISH,1546,London,Cartography,unrelated,unrelated,unrelated,unrelated,unrelated
bib-222,ENGLISH,1546,London,Commercial Mathematics,primary,unrelated,unrelated,unrelated,unknown
bib-222,ENGLISH,1546,London,Construction,unrelated,unrelated,unrelated,unrelated,unrelated
bib-222,ENGLISH,1546,London,Cosmography,unrelated,unrelated,unrelated,unrelated,unrelated
bib-222,ENGLISH,1546,London,Geography,unrelated,unrelated,unrelated,unrelated,unrelated
bib-222,ENGLISH,1546,London,Gnomonics & Horology,unrelated,unrelated,unrelated,unrelated,unrelated
bib-222,ENGLISH,1546,London,Instrument Construction,unrelated,unrelated,unrelated,unrelated,unrelated
bib-222,ENGLISH,1546,London,Instrument Use,unrelated,unrelated,unrelated,unrelated,unrelated
bib-222,ENGLISH,1546,London,Mechanics,unrelated,unrelated,unrelated,unrelated,unrelated
bib-222,ENGLISH,1546,London,Military Engineering,unrelated,unrelated,unrelated,unrelated,unrelated
bib-222,ENGLISH,1546,London,Music Theory,unrelated,unrelated,unrelated,unrelated,unrelated
bib-222,ENGLISH,1546,London,Navigation,unrelated,unrelated,unrelated,unrelated,unrelated
bib-222,ENGLISH,1546,London,Perspective,unrelated,unrelated,unrelated,unrelated,unrelated
bib-222,ENGLISH,1546,London,Practical Geometry,unrelated,unrelated,unrelated,unrelated,unrelated
bib-222,ENGLISH,1546,London,Surveying,unrelated,unrelated,unrelated,unrelated,unrelated
bib-222,ENGLISH,1546,London,Theoretical Mathematics,unrelated,secondary,unrelated,secondary,secondary
bib-222,ENGLISH,1546,London,Trigonometry,unrelated,unrelated,unrelated,unrelated,unrelated
bib-223,GERMAN,1572,Frankfurt,Architecture,unrelated,unrelated,unrelated,unrelated,unrelated
bib-223,GERMAN,1572,Frankfurt,Arithmetic,primary,primary,primary,primary,primary
bib-223,GERMAN,1572,Frankfurt,Astronomy,unrelated,unrelated,unrelated,unrelated,unrelated
bib-223,GERMAN,1572,Frankfurt,Cartography,unrelated,unrelated,unrelated,unrelated,unrelated
bib-223,GERMAN,1572,Frankfurt,Commercial Mathematics,unrelated,primary,primary,primary,primary
bib-223,GERMAN,1572,Frankfurt,Construction,unrelated,secondary,unrelated,unrelated,unrelated
bib-223,GERMAN,1572,Frankfurt,Cosmography,unrelated,unrelated,unrelated,unrelated,unrelated
bib-223,GERMAN,1572,Frankfurt,Geography,unrelated,unrelated,unrelated,unrelated,unrelated
bib-223,GERMAN,1572,Frankfurt,Gnomonics & Horology,unrelated,unrelated,unrelated,unrelated,unrelated
bib-223,GERMAN,1572,Frankfurt,Instrument Construction,unrelated,secondary,secondary,secondary,secondary
bib-223,GERMAN,1572,Frankfurt,Instrument Use,unrelated,unrelated,secondary,secondary,unrelated
bib-223,GERMAN,1572,Frankfurt,Mechanics,unrelated,unrelated,unrelated,unrelated,unrelated
bib-223,GERMAN,1572,Frankfurt,Military Engineering,unrelated,unrelated,unrelated,unrelated,unrelated
bib-223,GERMAN,1572,Frankfurt,Music Theory,unrelated,secondary,secondary,secondary,secondary
bib-223,GERMAN,1572,Frankfurt,Navigation,unrelated,unrelated,unrelated,unrelated,unrelated
bib-223,GERMAN,1572,Frankfurt,Perspective,unrelated,unrelated,unrelated,unrelated,unrelated
bib-223,GERMAN,1572,Frankfurt,Practical Geometry,unrelated,primary,primary,primary,secondary
bib-223,GERMAN,1572,Frankfurt,Surveying,unrelated,unrelated,unrelated,unrelated,unrelated
bib-223,GERMAN,1572,Frankfurt,Theoretical Mathematics,unrelated,secondary,secondary,secondary,secondary
bib-223,GERMAN,1572,Frankfurt,Trigonometry,unrelated,secondary,secondary,unrelated,unrelated
bib-225,GERMAN,1518,Augsburg,Architecture,,unrelated,unrelated,unrelated,unrelated
bib-225,GERMAN,1518,Augsburg,Arithmetic,,primary,primary,primary,primary
bib-225,GERMAN,1518,Augsburg,Astronomy,,unrelated,unrelated,unrelated,unrelated
bib-225,GERMAN,1518,Augsburg,Cartography,,unrelated,unrelated,unrelated,unrelated
bib-225,GERMAN,1518,Augsburg,Commercial Mathematics,,unrelated,unknown,unrelated,unrelated
bib-225,GERMAN,1518,Augsburg,Construction,,unrelated,unrelated,unrelated,unrelated
bib-225,GERMAN,1518,Augsburg,Cosmography,,unrelated,unrelated,unrelated,unrelated
bib-225,GERMAN,1518,Augsburg,Geography,,unrelated,unrelated,unrelated,unrelated
bib-225,GERMAN,1518,Augsburg,Gnomonics & Horology,,unrelated,unrelated,unrelated,unrelated
bib-225,GERMAN,1518,Augsburg,Instrument Construction,,unrelated,unrelated,unrelated,unrelated
bib-225,GERMAN,1518,Augsburg,Instrument Use,,unrelated,unrelated,unrelated,unrelated
bib-225,GERMAN,1518,Augsburg,Mechanics,,unrelated,unrelated,unrelated,unrelated
bib-225,GERMAN,1518,Augsburg,Military Engineering,,unrelated,unrelated,unrelated,unrelated
bib-225,GERMAN,1518,Augsburg,Music Theory,,unrelated,unrelated,unrelated,unrelated
bib-225,GERMAN,1518,Augsburg,Navigation,,unrelated,unrelated,unrelated,unrelated
bib-225,GERMAN,1518,Augsburg,Perspective,,unrelated,unrelated,unrelated,unrelated
bib-225,GERMAN,1518,Augsburg,Practical Geometry,,unrelated,unknown,unrelated,unrelated
bib-225,GERMAN,1518,Augsburg,Surveying,,unrelated,unrelated,unrelated,unrelated
bib-225,GERMAN,1518,Augsburg,Theoretical Mathematics,,unrelated,unrelated,unrelated,secondary
bib-225,GERMAN,1518,Augsburg,Trigonometry,,unrelated,unknown,unrelated,unrelated
bib-23,ITALIAN,1556,Venice,Architecture,,unrelated,unrelated,unrelated,unrelated
bib-23,ITALIAN,1556,Venice,Arithmetic,,primary,primary,primary,primary
bib-23,ITALIAN,1556,Venice,Astronomy,,unrelated,unrelated,unrelated,unrelated
bib-23,ITALIAN,1556,Venice,Cartography,,unrelated,unrelated,unrelated,unrelated
bib-23,ITALIAN,1556,Venice,Commercial Mathematics,,unrelated,unrelated,unrelated,unrelated
bib-23,ITALIAN,1556,Venice,Construction,,unrelated,unrelated,unrelated,unrelated
bib-23,ITALIAN,1556,Venice,Cosmography,,unrelated,unrelated,unrelated,unrelated
bib-23,ITALIAN,1556,Venice,Geography,,unrelated,unrelated,unrelated,unrelated
bib-23,ITALIAN,1556,Venice,Gnomonics & Horology,,unrelated,unrelated,unrelated,unrelated
bib-23,ITALIAN,1556,Venice,Instrument Construction,,unrelated,unrelated,unrelated,unrelated
bib-23,ITALIAN,1556,Venice,Instrument Use,,unrelated,unrelated,unrelated,unrelated
bib-23,ITALIAN,1556,Venice,Mechanics,,unrelated,unrelated,unrelated,unrelated
bib-23,ITALIAN,1556,Venice,Military Engineering,,unrelated,unrelated,unrelated,unrelated
bib-23,ITALIAN,1556,Venice,Music Theory,,unrelated,unrelated,unrelated,unrelated
bib-23,ITALIAN,1556,Venice,Navigation,,unrelated,unrelated,unrelated,unrelated
bib-23,ITALIAN,1556,Venice,Perspective,,unrelated,unrelated,unrelated,unrelated
bib-23,ITALIAN,1556,Venice,Practical Geometry,,unrelated,unrelated,unrelated,unrelated
bib-23,ITALIAN,1556,Venice,Surveying,,unrelated,unrelated,unrelated,unrelated
bib-23,ITALIAN,1556,Venice,Theoretical Mathematics,,secondary,secondary,secondary,secondary
bib-23,ITALIAN,1556,Venice,Trigonometry,,unrelated,unrelated,unrelated,unrelated
bib-239,GERMAN,1521,Nuremberg,Architecture,,unrelated,unrelated,unrelated,unrelated
bib-239,GERMAN,1521,Nuremberg,Arithmetic,,primary,primary,primary,primary
bib-239,GERMAN,1521,Nuremberg,Astronomy,,unrelated,unrelated,unknown,unknown
bib-239,GERMAN,1521,Nuremberg,Cartography,,unrelated,unrelated,unrelated,unrelated
bib-239,GERMAN,1521,Nuremberg,Commercial Mathematics,,primary,primary,primary,primary
bib-239,GERMAN,1521,Nuremberg,Construction,,unrelated,unrelated,unrelated,unrelated
bib-239,GERMAN,1521,Nuremberg,Cosmography,,unrelated,unrelated,unrelated,unrelated
bib-239,GERMAN,1521,Nuremberg,Geography,,unrelated,unrelated,unrelated,unrelated
bib-239,GERMAN,1521,Nuremberg,Gnomonics & Horology,,unrelated,unrelated,unrelated,unknown
bib-239,GERMAN,1521,Nuremberg,Instrument Construction,,secondary,primary,unrelated,unknown
bib-239,GERMAN,1521,Nuremberg,Instrument Use,,secondary,secondary,secondary,unknown
bib-239,GERMAN,1521,Nuremberg,Mechanics,,unrelated,unrelated,unrelated,unrelated
bib-239,GERMAN,1521,Nuremberg,Military Engineering,,unrelated,unrelated,unrelated,unrelated
bib-239,GERMAN,1521,Nuremberg,Music Theory,,primary,primary,primary,secondary
bib-239,GERMAN,1521,Nuremberg,Navigation,,unrelated,unrelated,unrelated,unrelated
bib-239,GERMAN,1521,Nuremberg,Perspective,,unrelated,unknown,unrelated,unrelated
bib-239,GERMAN,1521,Nuremberg,Practical Geometry,,primary,primary,primary,primary
bib-239,GERMAN,1521,Nuremberg,Surveying,,unrelated,unrelated,unrelated,unrelated
bib-239,GERMAN,1521,Nuremberg,Theoretical Mathematics,,primary,secondary,secondary,unrelated
bib-239,GERMAN,1521,Nuremberg,Trigonometry,,primary,secondary,secondary,unrelated
bib-24,LATIN,1575,Bordeaux,Architecture,unrelated,unrelated,unrelated,unrelated,unrelated
bib-24,LATIN,1575,Bordeaux,Arithmetic,unrelated,unrelated,unrelated,unknown,unrelated
bib-24,LATIN,1575,Bordeaux,Astronomy,unrelated,unrelated,unrelated,unrelated,unrelated
bib-24,LATIN,1575,Bordeaux,Cartography,unrelated,unrelated,unrelated,unrelated,unrelated
bib-24,LATIN,1575,Bordeaux,Commercial Mathematics,unrelated,unrelated,unrelated,unrelated,unrelated
bib-24,LATIN,1575,Bordeaux,Construction,unrelated,unrelated,unrelated,unrelated,unrelated
bib-24,LATIN,1575,Bordeaux,Cosmography,unrelated,unrelated,unrelated,unrelated,unrelated
bib-24,LATIN,1575,Bordeaux,Geography,unrelated,unrelated,unrelated,unrelated,unrelated
bib-24,LATIN,1575,Bordeaux,Gnomonics & Horology,unrelated,unrelated,unrelated,unrelated,unrelated
bib-24,LATIN,1575,Bordeaux,Instrument Construction,unrelated,unrelated,unrelated,unrelated,unrelated
bib-24,LATIN,1575,Bordeaux,Instrument Use,unrelated,unrelated,unrelated,unrelated,unrelated
bib-24,LATIN,1575,Bordeaux,Mechanics,unrelated,unrelated,unrelated,unrelated,unrelated
bib-24,LATIN,1575,Bordeaux,Military Engineering,unrelated,unrelated,unrelated,unrelated,unrelated
bib-24,LATIN,1575,Bordeaux,Music Theory,unrelated,unrelated,unrelated,unrelated,unrelated
bib-24,LATIN,1575,Bordeaux,Navigation,unrelated,unrelated,unrelated,unrelated,unrelated
bib-24,LATIN,1575,Bordeaux,Perspective,unrelated,unrelated,unrelated,unrelated,unrelated
bib-24,LATIN,1575,Bordeaux,Practical Geometry,unrelated,primary,secondary,unrelated,unrelated
bib-24,LATIN,1575,Bordeaux,Surveying,unrelated,unrelated,unrelated,unrelated,unrelated
bib-24,LATIN,1575,Bordeaux,Theoretical Mathematics,primary,primary,primary,primary,primary
bib-24,LATIN,1575,Bordeaux,Trigonometry,unrelated,unrelated,unrelated,unknown,unrelated
bib-247,ITALIAN,1484,Venice,Architecture,unrelated,unrelated,unrelated,unrelated,unrelated
bib-247,ITALIAN,1484,Venice,Arithmetic,primary,primary,primary,primary,secondary
bib-247,ITALIAN,1484,Venice,Astronomy,unrelated,unrelated,unrelated,unrelated,unrelated
bib-247,ITALIAN,1484,Venice,Cartography,unrelated,unrelated,unrelated,unrelated,unrelated
bib-247,ITALIAN,1484,Venice,Commercial Mathematics,unrelated,primary,primary,primary,primary
bib-247,ITALIAN,1484,Venice,Construction,unrelated,unrelated,unrelated,unrelated,unrelated
bib-247,ITALIAN,1484,Venice,Cosmography,unrelated,unrelated,unrelated,unrelated,unrelated
bib-247,ITALIAN,1484,Venice,Geography,unrelated,unrelated,unrelated,unrelated,unrelated
bib-247,ITALIAN,1484,Venice,Gnomonics & Horology,unrelated,unrelated,unrelated,unrelated,unrelated
bib-247,ITALIAN,1484,Venice,Instrument Construction,unrelated,unrelated,unrelated,unrelated,unrelated
bib-247,ITALIAN,1484,Venice,Instrument Use,unrelated,unrelated,unrelated,unrelated,unrelated
bib-247,ITALIAN,1484,Venice,Mechanics,unrelated,unrelated,unrelated,unrelated,unrelated
bib-247,ITALIAN,1484,Venice,Military Engineering,unrelated,unrelated,unrelated,unrelated,unrelated
bib-247,ITALIAN,1484,Venice,Music Theory,unrelated,unrelated,unrelated,unrelated,unrelated
bib-247,ITALIAN,1484,Venice,Navigation,unrelated,unrelated,unrelated,unrelated,unrelated
bib-247,ITALIAN,1484,Venice,Perspective,unrelated,unrelated,unrelated,unrelated,unrelated
bib-247,ITALIAN,1484,Venice,Practical Geometry,unrelated,unrelated,unrelated,unrelated,unrelated
bib-247,ITALIAN,1484,Venice,Surveying,unrelated,unrelated,unrelated,unrelated,unrelated
bib-247,ITALIAN,1484,Venice,Theoretical Mathematics,unrelated,unrelated,unrelated,unrelated,unrelated
bib-247,ITALIAN,1484,Venice,Trigonometry,unrelated,unrelated,unrelated,unrelated,unrelated
bib-248,ITALIAN,1491/1492,Florence,Architecture,unrelated,unrelated,unrelated,unrelated,unrelated
bib-248,ITALIAN,1491/1492,Florence,Arithmetic,primary,primary,primary,primary,primary
bib-248,ITALIAN,1491/1492,Florence,Astronomy,unrelated,unrelated,unrelated,unrelated,unrelated
bib-248,ITALIAN,1491/1492,Florence,Cartography,unrelated,unrelated,unrelated,unrelated,unrelated
bib-248,ITALIAN,1491/1492,Florence,Commercial Mathematics,unrelated,unknown,unrelated,unrelated,unrelated
bib-248,ITALIAN,1491/1492,Florence,Construction,unrelated,unrelated,unrelated,unrelated,unrelated
bib-248,ITALIAN,1491/1492,Florence,Cosmography,unrelated,unrelated,unrelated,unrelated,unrelated
bib-248,ITALIAN,1491/1492,Florence,Geography,unrelated,unrelated,unrelated,unrelated,unrelated
bib-248,ITALIAN,1491/1492,Florence,Gnomonics & Horology,unrelated,unrelated,unrelated,unrelated,unrelated
bib-248,ITALIAN,1491/1492,Florence,Instrument Construction,unrelated,unknown,unrelated,unrelated,unrelated
bib-248,ITALIAN,1491/1492,Florence,Instrument Use,unrelated,unknown,unrelated,unrelated,unrelated
bib-248,ITALIAN,1491/1492,Florence,Mechanics,unrelated,unrelated,unrelated,unrelated,unrelated
bib-248,ITALIAN,1491/1492,Florence,Military Engineering,unrelated,unrelated,unrelated,unrelated,unrelated
bib-248,ITALIAN,1491/1492,Florence,Music Theory,unrelated,unrelated,unrelated,unrelated,unrelated
bib-248,ITALIAN,1491/1492,Florence,Navigation,unrelated,unrelated,unrelated,unrelated,unrelated
bib-248,ITALIAN,1491/1492,Florence,Perspective,unrelated,unrelated,unrelated,unrelated,unrelated
bib-248,ITALIAN,1491/1492,Florence,Practical Geometry,unrelated,unknown,unrelated,unrelated,unrelated
bib-248,ITALIAN,1491/1492,Florence,Surveying,unrelated,unrelated,unrelated,unrelated,unrelated
bib-248,ITALIAN,1491/1492,Florence,Theoretical Mathematics,unrelated,secondary,unknown,unrelated,unrelated
bib-248,ITALIAN,1491/1492,Florence,Trigonometry,unrelated,unknown,unrelated,unrelated,unrelated
bib-25,FRENCH,1577,Bordeaux,Architecture,unrelated,unrelated,unrelated,unrelated,unrelated
bib-25,FRENCH,1577,Bordeaux,Arithmetic,unrelated,secondary,secondary,unknown,unknown
bib-25,FRENCH,1577,Bordeaux,Astronomy,unrelated,unrelated,unrelated,unrelated,unrelated
bib-25,FRENCH,1577,Bordeaux,Cartography,unrelated,unrelated,unrelated,unrelated,unrelated
bib-25,FRENCH,1577,Bordeaux,Commercial Mathematics,unrelated,unrelated,unrelated,unrelated,unrelated
bib-25,FRENCH,1577,Bordeaux,Construction,unrelated,unrelated,unrelated,unrelated,unrelated
bib-25,FRENCH,1577,Bordeaux,Cosmography,unrelated,unrelated,unrelated,unrelated,unrelated
bib-25,FRENCH,1577,Bordeaux,Geography,unrelated,secondary,unrelated,secondary,unrelated
bib-25,FRENCH,1577,Bordeaux,Gnomonics & Horology,unrelated,unrelated,unrelated,unrelated,unrelated
bib-25,FRENCH,1577,Bordeaux,Instrument Construction,unrelated,unknown,unrelated,unknown,unknown
bib-25,FRENCH,1577,Bordeaux,Instrument Use,unrelated,unknown,unrelated,unknown,unknown
bib-25,FRENCH,1577,Bordeaux,Mechanics,unrelated,unrelated,unrelated,unrelated,unrelated
bib-25,FRENCH,1577,Bordeaux,Military Engineering,unrelated,unrelated,unrelated,unrelated,unrelated
bib-25,FRENCH,1577,Bordeaux,Music Theory,unrelated,unrelated,unrelated,unrelated,unrelated
bib-25,FRENCH,1577,Bordeaux,Navigation,unrelated,unrelated,unrelated,unrelated,unrelated
bib-25,FRENCH,1577,Bordeaux,Perspective,unrelated,unrelated,unrelated,unrelated,unrelated
bib-25,FRENCH,1577,Bordeaux,Practical Geometry,primary,primary,primary,primary,primary
bib-25,FRENCH,1577,Bordeaux,Surveying,primary,primary,primary,primary,primary
bib-25,FRENCH,1577,Bordeaux,Theoretical Mathematics,unrelated,secondary,secondary,secondary,unrelated
bib-25,FRENCH,1577,Bordeaux,Trigonometry,unrelated,unknown,unknown,unknown,unknown
bib-251,LATIN,1560,Cologne,Architecture,unrelated,unrelated,unrelated,unrelated,unrelated
bib-251,LATIN,1560,Cologne,Arithmetic,unrelated,unrelated,secondary,unknown,unrelated
bib-251,LATIN,1560,Cologne,Astronomy,primary,primary,primary,primary,primary
bib-251,LATIN,1560,Cologne,Cartography,unrelated,unrelated,unrelated,unrelated,unrelated
bib-251,LATIN,1560,Cologne,Commercial Mathematics,unrelated,unrelated,unrelated,unrelated,unrelated
bib-251,LATIN,1560,Cologne,Construction,unrelated,unrelated,unrelated,unrelated,unrelated
bib-251,LATIN,1560,Cologne,Cosmography,unrelated,unrelated,secondary,unrelated,secondary
bib-251,LATIN,1560,Cologne,Geography,unrelated,unrelated,unrelated,unrelated,unrelated
bib-251,LATIN,1560,Cologne,Gnomonics & Horology,unrelated,unrelated,unrelated,unrelated,unrelated
bib-251,LATIN,1560,Cologne,Instrument Construction,unrelated,unrelated,unrelated,unrelated,unrelated
bib-251,LATIN,1560,Cologne,Instrument Use,unrelated,unrelated,unrelated,unrelated,unrelated
bib-251,LATIN,1560,Cologne,Mechanics,unrelated,unrelated,unrelated,unrelated,unrelated
bib-251,LATIN,1560,Cologne,Military Engineering,unrelated,unrelated,unrelated,unrelated,unrelated
bib-251,LATIN,1560,Cologne,Music Theory,unrelated,unrelated,unrelated,unrelated,unrelated
bib-251,LATIN,1560,Cologne,Navigation,unrelated,unrelated,unrelated,unrelated,unrelated
bib-251,LATIN,1560,Cologne,Perspective,unrelated,unrelated,unrelated,unrelated,unrelated
bib-251,LATIN,1560,Cologne,Practical Geometry,unrelated,unrelated,unrelated,unrelated,unrelated
bib-251,LATIN,1560,Cologne,Surveying,unrelated,unrelated,unrelated,unrelated,unrelated
bib-251,LATIN,1560,Cologne,Theoretical Mathematics,unrelated,unrelated,unrelated,unrelated,unrelated
bib-251,LATIN,1560,Cologne,Trigonometry,unrelated,unrelated,unknown,unknown,unrelated
bib-252,LATIN,1570,,Architecture,unrelated,unrelated,unrelated,unrelated,unrelated
bib-252,LATIN,1570,,Arithmetic,unrelated,unrelated,unknown,unrelated,unknown
bib-252,LATIN,1570,,Astronomy,primary,primary,primary,primary,primary
bib-252,LATIN,1570,,Cartography,unrelated,unrelated,unrelated,unrelated,unrelated
bib-252,LATIN,1570,,Commercial Mathematics,unrelated,unrelated,unrelated,unrelated,unrelated
bib-252,LATIN,1570,,Construction,unrelated,unrelated,unrelated,unrelated,unrelated
bib-252,LATIN,1570,,Cosmography,unrelated,unrelated,unknown,unrelated,unrelated
bib-252,LATIN,1570,,Geography,unrelated,unrelated,unrelated,unrelated,unrelated
bib-252,LATIN,1570,,Gnomonics & Horology,unrelated,unrelated,unknown,secondary,unknown
bib-252,LATIN,1570,,Instrument Construction,unrelated,unrelated,unrelated,unrelated,unknown
bib-252,LATIN,1570,,Instrument Use,unrelated,unrelated,unknown,unrelated,unknown
bib-252,LATIN,1570,,Mechanics,unrelated,unrelated,unrelated,unrelated,unrelated
bib-252,LATIN,1570,,Military Engineering,unrelated,unrelated,unrelated,unrelated,unrelated
bib-252,LATIN,1570,,Music Theory,unrelated,unrelated,unrelated,unrelated,unrelated
bib-252,LATIN,1570,,Navigation,unrelated,unrelated,unknown,secondary,unknown
bib-252,LATIN,1570,,Perspective,unrelated,unrelated,unrelated,unrelated,unrelated
bib-252,LATIN,1570,,Practical Geometry,unrelated,unrelated,unknown,unrelated,unknown
bib-252,LATIN,1570,,Surveying,unrelated,unrelated,unrelated,unrelated,unrelated
bib-252,LATIN,1570,,Theoretical Mathematics,unrelated,unrelated,unknown,unrelated,unknown
bib-252,LATIN,1570,,Trigonometry,unrelated,unrelated,unknown,secondary,unknown
bib-253,LATIN,1583,Lyon,Architecture,unrelated,unrelated,unrelated,unrelated,unrelated
bib-253,LATIN,1583,Lyon,Arithmetic,unrelated,unrelated,secondary,secondary,unknown
bib-253,LATIN,1583,Lyon,Astronomy,primary,primary,primary,primary,primary
bib-253,LATIN,1583,Lyon,Cartography,unrelated,unrelated,unrelated,unrelated,unrelated
bib-253,LATIN,1583,Lyon,Commercial Mathematics,unrelated,unrelated,unrelated,unrelated,unrelated
bib-253,LATIN,1583,Lyon,Construction,unrelated,unrelated,unrelated,unrelated,unrelated
bib-253,LATIN,1583,Lyon,Cosmography,unrelated,secondary,secondary,secondary,secondary
bib-253,LATIN,1583,Lyon,Geography,secondary,unrelated,unrelated,unknown,unknown
bib-253,LATIN,1583,Lyon,Gnomonics & Horology,unrelated,unrelated,secondary,unrelated,unrelated
bib-253,LATIN,1583,Lyon,Instrument Construction,unrelated,unrelated,unrelated,unrelated,unrelated
bib-253,LATIN,1583,Lyon,Instrument Use,unrelated,unrelated,unrelated,unrelated,unrelated
bib-253,LATIN,1583,Lyon,Mechanics,unrelated,unrelated,unrelated,unrelated,unrelated
bib-253,LATIN,1583,Lyon,Military Engineering,unrelated,unrelated,unrelated,unrelated,unrelated
bib-253,LATIN,1583,Lyon,Music Theory,unrelated,unrelated,unrelated,unrelated,unrelated
bib-253,LATIN,1583,Lyon,Navigation,secondary,unrelated,unrelated,unknown,unknown
bib-253,LATIN,1583,Lyon,Perspective,unrelated,unrelated,unrelated,unrelated,unrelated
bib-253,LATIN,1583,Lyon,Practical Geometry,unrelated,secondary,unrelated,unrelated,unknown
bib-253,LATIN,1583,Lyon,Surveying,unrelated,unrelated,unrelated,unrelated,unrelated
bib-253,LATIN,1583,Lyon,Theoretical Mathematics,unrelated,secondary,secondary,unrelated,unknown
bib-253,LATIN,1583,Lyon,Trigonometry,unrelated,secondary,primary,unknown,unknown
bib-255,LATIN,1574,Cologne,Architecture,unrelated,unrelated,unrelated,unknown,unrelated
bib-255,LATIN,1574,Cologne,Arithmetic,unrelated,unrelated,unrelated,unknown,unrelated
bib-255,LATIN,1574,Cologne,Astronomy,primary,unknown,secondary,unknown,unrelated
bib-255,LATIN,1574,Cologne,Cartography,primary,unknown,secondary,unknown,unrelated
bib-255,LATIN,1574,Cologne,Commercial Mathematics,unrelated,unrelated,unrelated,unknown,unrelated
bib-255,LATIN,1574,Cologne,Construction,unrelated,unrelated,unrelated,unknown,unrelated
bib-255,LATIN,1574,Cologne,Cosmography,primary,primary,primary,primary,primary
bib-255,LATIN,1574,Cologne,Geography,primary,unknown,primary,secondary,unrelated
bib-255,LATIN,1574,Cologne,Gnomonics & Horology,unrelated,unrelated,unrelated,unknown,unrelated
bib-255,LATIN,1574,Cologne,Instrument Construction,unrelated,unrelated,unknown,unknown,unrelated
bib-255,LATIN,1574,Cologne,Instrument Use,primary,unrelated,unknown,unknown,unrelated
bib-255,LATIN,1574,Cologne,Mechanics,unrelated,unrelated,unrelated,unknown,unrelated
bib-255,LATIN,1574,Cologne,Military Engineering,unrelated,unrelated,unrelated,unknown,unrelated
bib-255,LATIN,1574,Cologne,Music Theory,unrelated,unrelated,unrelated,unknown,unrelated
bib-255,LATIN,1574,Cologne,Navigation,primary,unknown,unrelated,unknown,unrelated
bib-255,LATIN,1574,Cologne,Perspective,unrelated,unknown,unknown,unknown,unrelated
bib-255,LATIN,1574,Cologne,Practical Geometry,unrelated,unknown,unrelated,unknown,unrelated
bib-255,LATIN,1574,Cologne,Surveying,unrelated,unknown,unrelated,unknown,unrelated
bib-255,LATIN,1574,Cologne,Theoretical Mathematics,unrelated,unknown,secondary,unknown,unrelated
bib-255,LATIN,1574,Cologne,Trigonometry,unrelated,unrelated,unrelated,unknown,unrelated
bib-258,DUTCH,1585,Leiden,Architecture,unrelated,unrelated,unrelated,unrelated,unrelated
bib-258,DUTCH,1585,Leiden,Arithmetic,primary,primary,primary,primary,primary
bib-258,DUTCH,1585,Leiden,Astronomy,unrelated,unrelated,unrelated,unrelated,unrelated
bib-258,DUTCH,1585,Leiden,Cartography,unrelated,unrelated,unrelated,unrelated,unrelated
bib-258,DUTCH,1585,Leiden,Commercial Mathematics,primary,secondary,unknown,unrelated,unknown
bib-258,DUTCH,1585,Leiden,Construction,unrelated,unrelated,unrelated,unrelated,unrelated
bib-258,DUTCH,1585,Leiden,Cosmography,unrelated,unrelated,unrelated,unrelated,unrelated
bib-258,DUTCH,1585,Leiden,Geography,unrelated,unrelated,unrelated,unrelated,unrelated
bib-258,DUTCH,1585,Leiden,Gnomonics & Horology,unrelated,unrelated,unrelated,unrelated,unrelated
bib-258,DUTCH,1585,Leiden,Instrument Construction,unrelated,unrelated,unrelated,unrelated,unrelated
bib-258,DUTCH,1585,Leiden,Instrument Use,unrelated,unrelated,unrelated,unrelated,unrelated
bib-258,DUTCH,1585,Leiden,Mechanics,unrelated,unrelated,unrelated,unrelated,unrelated
bib-258,DUTCH,1585,Leiden,Military Engineering,unrelated,unrelated,unrelated,unrelated,unrelated
bib-258,DUTCH,1585,Leiden,Music Theory,unrelated,unrelated,unrelated,unrelated,unrelated
bib-258,DUTCH,1585,Leiden,Navigation,unrelated,unrelated,unrelated,unrelated,unrelated
bib-258,DUTCH,1585,Leiden,Perspective,unrelated,unrelated,unrelated,unrelated,unrelated
bib-258,DUTCH,1585,Leiden,Practical Geometry,unrelated,unrelated,unrelated,unrelated,unrelated
bib-258,DUTCH,1585,Leiden,Surveying,unrelated,unrelated,unrelated,unrelated,unrelated
bib-258,DUTCH,1585,Leiden,Theoretical Mathematics,primary,secondary,secondary,secondary,unrelated
bib-258,DUTCH,1585,Leiden,Trigonometry,unrelated,unrelated,unrelated,unrelated,unrelated
bib-259,LATIN,1591,Tours,Architecture,unrelated,unrelated,unrelated,unrelated,unrelated
bib-259,LATIN,1591,Tours,Arithmetic,primary,primary,primary,primary,primary
bib-259,LATIN,1591,Tours,Astronomy,unrelated,unrelated,unrelated,secondary,unrelated
bib-259,LATIN,1591,Tours,Cartography,unrelated,unrelated,unrelated,unrelated,unrelated
bib-259,LATIN,1591,Tours,Commercial Mathematics,unrelated,unrelated,unrelated,unrelated,unrelated
bib-259,LATIN,1591,Tours,Construction,unrelated,unrelated,unrelated,unrelated,unrelated
bib-259,LATIN,1591,Tours,Cosmography,unrelated,unrelated,unrelated,unrelated,unrelated
bib-259,LATIN,1591,Tours,Geography,unrelated,unrelated,unrelated,unrelated,unrelated
bib-259,LATIN,1591,Tours,Gnomonics & Horology,unrelated,unrelated,unrelated,unrelated,unrelated
bib-259,LATIN,1591,Tours,Instrument Construction,unrelated,unrelated,unrelated,unrelated,unrelated
bib-259,LATIN,1591,Tours,Instrument Use,unrelated,unrelated,unrelated,unrelated,unrelated
bib-259,LATIN,1591,Tours,Mechanics,unrelated,unrelated,unrelated,unrelated,unrelated
bib-259,LATIN,1591,Tours,Military Engineering,unrelated,unrelated,unrelated,unrelated,unrelated
bib-259,LATIN,1591,Tours,Music Theory,primary,primary,primary,primary,primary
bib-259,LATIN,1591,Tours,Navigation,unrelated,unrelated,unrelated,unrelated,unrelated
bib-259,LATIN,1591,Tours,Perspective,unrelated,unrelated,unrelated,unrelated,unrelated
bib-259,LATIN,1591,Tours,Practical Geometry,primary,primary,primary,secondary,unknown
bib-259,LATIN,1591,Tours,Surveying,unrelated,unrelated,unrelated,unrelated,unrelated
bib-259,LATIN,1591,Tours,Theoretical Mathematics,unrelated,unknown,secondary,primary,primary
bib-259,LATIN,1591,Tours,Trigonometry,unrelated,unrelated,unrelated,secondary,unknown
bib-26,ITALIAN,1568,Venice,Architecture,,unrelated,unrelated,unrelated,unrelated
bib-26,ITALIAN,1568,Venice,Arithmetic,,unrelated,unrelated,unrelated,unrelated
bib-26,ITALIAN,1568,Venice,Astronomy,,unrelated,unrelated,unrelated,unrelated
bib-26,ITALIAN,1568,Venice,Cartography,,unrelated,unrelated,unrelated,unrelated
bib-26,ITALIAN,1568,Venice,Commercial Mathematics,,unrelated,unrelated,unrelated,unrelated
bib-26,ITALIAN,1568,Venice,Construction,,unrelated,unrelated,unrelated,unrelated
bib-26,ITALIAN,1568,Venice,Cosmography,,unrelated,unrelated,unrelated,unrelated
bib-26,ITALIAN,1568,Venice,Geography,,unrelated,unrelated,unrelated,unrelated
bib-26,ITALIAN,1568,Venice,Gnomonics & Horology,,unrelated,unrelated,unrelated,unrelated
bib-26,ITALIAN,1568,Venice,Instrument Construction,,unrelated,unrelated,unrelated,unrelated
bib-26,ITALIAN,1568,Venice,Instrument Use,,unrelated,unrelated,unrelated,unrelated
bib-26,ITALIAN,1568,Venice,Mechanics,,unrelated,unrelated,unrelated,unrelated
bib-26,ITALIAN,1568,Venice,Military Engineering,,unrelated,unrelated,unrelated,unrelated
bib-26,ITALIAN,1568,Venice,Music Theory,,unrelated,unrelated,unrelated,unrelated
bib-26,ITALIAN,1568,Venice,Navigation,,unrelated,unrelated,unrelated,unrelated
bib-26,ITALIAN,1568,Venice,Perspective,,unrelated,unrelated,unknown,unrelated
bib-26,ITALIAN,1568,Venice,Practical Geometry,,unrelated,unrelated,unknown,unrelated
bib-26,ITALIAN,1568,Venice,Surveying,,unrelated,unrelated,unrelated,unrelated
bib-26,ITALIAN,1568,Venice,Theoretical Mathematics,,unrelated,unrelated,unrelated,unrelated
bib-26,ITALIAN,1568,Venice,Trigonometry,,unrelated,unrelated,unrelated,unrelated
bib-262,FRENCH,1582,Antwerp,Architecture,unrelated,unrelated,unrelated,unrelated,unrelated
bib-262,FRENCH,1582,Antwerp,Arithmetic,primary,primary,primary,primary,primary
bib-262,FRENCH,1582,Antwerp,Astronomy,unrelated,unrelated,unrelated,unrelated,unrelated
bib-262,FRENCH,1582,Antwerp,Cartography,unrelated,unrelated,unrelated,unrelated,unrelated
bib-262,FRENCH,1582,Antwerp,Commercial Mathematics,unrelated,unrelated,unrelated,unrelated,unrelated
bib-262,FRENCH,1582,Antwerp,Construction,unrelated,unrelated,unrelated,unrelated,unrelated
bib-262,FRENCH,1582,Antwerp,Cosmography,unrelated,unrelated,unrelated,unrelated,unrelated
bib-262,FRENCH,1582,Antwerp,Geography,unrelated,unrelated,unrelated,unrelated,unrelated
bib-262,FRENCH,1582,Antwerp,Gnomonics & Horology,unrelated,unrelated,unrelated,unrelated,unrelated
bib-262,FRENCH,1582,Antwerp,Instrument Construction,unrelated,unrelated,unrelated,unrelated,unrelated
bib-262,FRENCH,1582,Antwerp,Instrument Use,unrelated,unrelated,unrelated,unrelated,unrelated
bib-262,FRENCH,1582,Antwerp,Mechanics,unrelated,unrelated,unrelated,unrelated,unrelated
bib-262,FRENCH,1582,Antwerp,Military Engineering,unrelated,unrelated,unrelated,unrelated,unrelated
bib-262,FRENCH,1582,Antwerp,Music Theory,unrelated,unrelated,unrelated,unrelated,unrelated
bib-262,FRENCH,1582,Antwerp,Navigation,unrelated,unrelated,unrelated,unrelated,unrelated
bib-262,FRENCH,1582,Antwerp,Perspective,unrelated,unrelated,unrelated,unrelated,unrelated
bib-262,FRENCH,1582,Antwerp,Practical Geometry,unrelated,unrelated,unrelated,unrelated,unrelated
bib-262,FRENCH,1582,Antwerp,Surveying,unrelated,unrelated,unrelated,unrelated,unrelated
bib-262,FRENCH,1582,Antwerp,Theoretical Mathematics,unrelated,unrelated,unrelated,unknown,unrelated
bib-262,FRENCH,1582,Antwerp,Trigonometry,unrelated,unrelated,unrelated,unknown,unrelated
bib-264,FRENCH,1573,Antwerp,Architecture,unrelated,unrelated,unrelated,unrelated,unrelated
bib-264,FRENCH,1573,Antwerp,Arithmetic,primary,primary,primary,primary,primary
bib-264,FRENCH,1573,Antwerp,Astronomy,unrelated,unrelated,unrelated,unrelated,unrelated
bib-264,FRENCH,1573,Antwerp,Cartography,unrelated,unrelated,unrelated,unrelated,unrelated
bib-264,FRENCH,1573,Antwerp,Commercial Mathematics,unrelated,primary,primary,primary,primary
bib-264,FRENCH,1573,Antwerp,Construction,unrelated,unrelated,unrelated,unrelated,unrelated
bib-264,FRENCH,1573,Antwerp,Cosmography,unrelated,unrelated,unrelated,unrelated,unrelated
bib-264,FRENCH,1573,Antwerp,Geography,unrelated,unrelated,unrelated,unrelated,unrelated
bib-264,FRENCH,1573,Antwerp,Gnomonics & Horology,unrelated,unrelated,unrelated,unrelated,unrelated
bib-264,FRENCH,1573,Antwerp,Instrument Construction,unrelated,unrelated,unrelated,unrelated,unrelated
bib-264,FRENCH,1573,Antwerp,Instrument Use,unrelated,unrelated,unrelated,unrelated,unrelated
bib-264,FRENCH,1573,Antwerp,Mechanics,unrelated,unrelated,unrelated,unrelated,unrelated
bib-264,FRENCH,1573,Antwerp,Military Engineering,unrelated,unrelated,unrelated,unrelated,unrelated
bib-264,FRENCH,1573,Antwerp,Music Theory,unrelated,unrelated,unrelated,unrelated,unrelated
bib-264,FRENCH,1573,Antwerp,Navigation,unrelated,unrelated,unrelated,unrelated,unrelated
bib-264,FRENCH,1573,Antwerp,Perspective,unrelated,unrelated,unrelated,unrelated,unrelated
bib-264,FRENCH,1573,Antwerp,Practical Geometry,unrelated,secondary,secondary,unrelated,secondary
bib-264,FRENCH,1573,Antwerp,Surveying,unrelated,unrelated,unrelated,unrelated,unrelated
bib-264,FRENCH,1573,Antwerp,Theoretical Mathematics,unrelated,secondary,secondary,secondary,secondary
bib-264,FRENCH,1573,Antwerp,Trigonometry,unrelated,secondary,secondary,primary,primary
bib-266,FRENCH,1563,Antwerp,Architecture,unrelated,unrelated,unrelated,unrelated,unrelated
bib-266,FRENCH,1563,Antwerp,Arithmetic,primary,primary,primary,primary,primary
bib-266,FRENCH,1563,Antwerp,Astronomy,unrelated,unrelated,unrelated,unrelated,unrelated
bib-266,FRENCH,1563,Antwerp,Cartography,unrelated,unrelated,unrelated,unrelated,unrelated
bib-266,FRENCH,1563,Antwerp,Commercial Mathematics,unrelated,primary,primary,primary,primary
bib-266,FRENCH,1563,Antwerp,Construction,unrelated,unrelated,unrelated,unrelated,unrelated
bib-266,FRENCH,1563,Antwerp,Cosmography,unrelated,unrelated,unrelated,unrelated,unrelated
bib-266,FRENCH,1563,Antwerp,Geography,unrelated,unrelated,unrelated,unrelated,unrelated
bib-266,FRENCH,1563,Antwerp,Gnomonics & Horology,unrelated,unrelated,unrelated,unrelated,unrelated
bib-266,FRENCH,1563,Antwerp,Instrument Construction,unrelated,unrelated,unrelated,unrelated,unrelated
bib-266,FRENCH,1563,Antwerp,Instrument Use,unrelated,unrelated,unrelated,unrelated,unrelated
bib-266,FRENCH,1563,Antwerp,Mechanics,unrelated,unrelated,unrelated,unrelated,unrelated
bib-266,FRENCH,1563,Antwerp,Military Engineering,unrelated,unrelated,unrelated,unrelated,unrelated
bib-266,FRENCH,1563,Antwerp,Music Theory,unrelated,unrelated,unrelated,unrelated,unrelated
bib-266,FRENCH,1563,Antwerp,Navigation,unrelated,unrelated,unrelated,unrelated,unrelated
bib-266,FRENCH,1563,Antwerp,Perspective,unrelated,unrelated,unrelated,unrelated,unrelated
bib-266,FRENCH,1563,Antwerp,Practical Geometry,unrelated,unrelated,unrelated,unrelated,unrelated
bib-266,FRENCH,1563,Antwerp,Surveying,unrelated,unrelated,unrelated,unrelated,unrelated
bib-266,FRENCH,1563,Antwerp,Theoretical Mathematics,unrelated,unrelated,unrelated,unrelated,unrelated
bib-266,FRENCH,1563,Antwerp,Trigonometry,unrelated,unrelated,unrelated,unrelated,unrelated
bib-27,ITALIAN,1565,Venice,Architecture,primary,primary,primary,primary,primary
bib-27,ITALIAN,1565,Venice,Arithmetic,unrelated,unrelated,unrelated,unrelated,unrelated
bib-27,ITALIAN,1565,Venice,Astronomy,unrelated,unrelated,unrelated,unrelated,unrelated
bib-27,ITALIAN,1565,Venice,Cartography,unrelated,unrelated,unrelated,unrelated,unrelated
bib-27,ITALIAN,1565,Venice,Commercial Mathematics,unrelated,unrelated,unrelated,unrelated,unrelated
bib-27,ITALIAN,1565,Venice,Construction,unrelated,unknown,unrelated,secondary,unknown
bib-27,ITALIAN,1565,Venice,Cosmography,unrelated,unrelated,unrelated,unrelated,unrelated
bib-27,ITALIAN,1565,Venice,Geography,unrelated,unrelated,unrelated,unrelated,unrelated
bib-27,ITALIAN,1565,Venice,Gnomonics & Horology,unrelated,unrelated,unrelated,unrelated,unrelated
bib-27,ITALIAN,1565,Venice,Instrument Construction,unrelated,unrelated,unrelated,unrelated,unknown
bib-27,ITALIAN,1565,Venice,Instrument Use,unrelated,unrelated,unrelated,unrelated,unknown
bib-27,ITALIAN,1565,Venice,Mechanics,unrelated,unrelated,unrelated,unrelated,unknown
bib-27,ITALIAN,1565,Venice,Military Engineering,unrelated,unrelated,unrelated,unrelated,unrelated
bib-27,ITALIAN,1565,Venice,Music Theory,unrelated,unrelated,unrelated,unrelated,unrelated
bib-27,ITALIAN,1565,Venice,Navigation,unrelated,unrelated,unrelated,unrelated,unrelated
bib-27,ITALIAN,1565,Venice,Perspective,unrelated,unknown,unrelated,secondary,unknown
bib-27,ITALIAN,1565,Venice,Practical Geometry,unrelated,unknown,unrelated,secondary,unknown
bib-27,ITALIAN,1565,Venice,Surveying,unrelated,unknown,unrelated,unrelated,unknown
bib-27,ITALIAN,1565,Venice,Theoretical Mathematics,unrelated,unrelated,unrelated,unrelated,unknown
bib-27,ITALIAN,1565,Venice,Trigonometry,unrelated,unrelated,unrelated,unrelated,unknown
bib-276,LATIN,1560,Padua,Architecture,unrelated,unrelated,unrelated,unrelated,unrelated
bib-276,LATIN,1560,Padua,Arithmetic,unrelated,secondary,secondary,secondary,unrelated
bib-276,LATIN,1560,Padua,Astronomy,unrelated,unrelated,unrelated,unrelated,unrelated
bib-276,LATIN,1560,Padua,Cartography,unrelated,unrelated,unrelated,unrelated,unrelated
bib-276,LATIN,1560,Padua,Commercial Mathematics,unrelated,unrelated,unrelated,unrelated,unrelated
bib-276,LATIN,1560,Padua,Construction,unrelated,unrelated,unrelated,unrelated,unrelated
bib-276,LATIN,1560,Padua,Cosmography,unrelated,unrelated,unrelated,unrelated,unrelated
bib-276,LATIN,1560,Padua,Geography,unrelated,unrelated,unrelated,unrelated,unrelated
bib-276,LATIN,1560,Padua,Gnomonics & Horology,unrelated,unrelated,unrelated,unrelated,unrelated
bib-276,LATIN,1560,Padua,Instrument Construction,unrelated,unrelated,unrelated,unrelated,unrelated
bib-276,LATIN,1560,Padua,Instrument Use,unrelated,unrelated,unrelated,unrelated,unrelated
bib-276,LATIN,1560,Padua,Mechanics,unrelated,unrelated,unrelated,unrelated,unrelated
bib-276,LATIN,1560,Padua,Military Engineering,unrelated,unrelated,unrelated,unrelated,unrelated
bib-276,LATIN,1560,Padua,Music Theory,unrelated,unrelated,unrelated,unrelated,unrelated
bib-276,LATIN,1560,Padua,Navigation,unrelated,unrelated,unrelated,unrelated,unrelated
bib-276,LATIN,1560,Padua,Perspective,unrelated,unrelated,unrelated,unrelated,unrelated
bib-276,LATIN,1560,Padua,Practical Geometry,primary,secondary,secondary,unknown,primary
bib-276,LATIN,1560,Padua,Surveying,unrelated,unrelated,unrelated,unrelated,unrelated
bib-276,LATIN,1560,Padua,Theoretical Mathematics,unrelated,primary,primary,primary,primary
bib-276,LATIN,1560,Padua,Trigonometry,unrelated,unrelated,unrelated,unrelated,unrelated
bib-277,GERMAN,1514,Augsburg,Architecture,unrelated,unrelated,unrelated,unrelated,unrelated
bib-277,GERMAN,1514,Augsburg,Arithmetic,primary,primary,primary,primary,primary
bib-277,GERMAN,1514,Augsburg,Astronomy,unrelated,unrelated,unrelated,unrelated,unrelated
bib-277,GERMAN,1514,Augsburg,Cartography,unrelated,unrelated,unrelated,unrelated,unrelated
bib-277,GERMAN,1514,Augsburg,Commercial Mathematics,primary,secondary,unrelated,primary,secondary
bib-277,GERMAN,1514,Augsburg,Construction,unrelated,unrelated,unrelated,unrelated,unrelated
bib-277,GERMAN,1514,Augsburg,Cosmography,unrelated,unrelated,unrelated,unrelated,unrelated
bib-277,GERMAN,1514,Augsburg,Geography,unrelated,unrelated,unrelated,unrelated,unrelated
bib-277,GERMAN,1514,Augsburg,Gnomonics & Horology,unrelated,unrelated,unrelated,unrelated,unrelated
bib-277,GERMAN,1514,Augsburg,Instrument Construction,unrelated,unrelated,unrelated,unrelated,unrelated
bib-277,GERMAN,1514,Augsburg,Instrument Use,unrelated,unrelated,unrelated,unrelated,unrelated
bib-277,GERMAN,1514,Augsburg,Mechanics,unrelated,unrelated,unrelated,unrelated,unrelated
bib-277,GERMAN,1514,Augsburg,Military Engineering,unrelated,unrelated,unrelated,unrelated,unrelated
bib-277,GERMAN,1514,Augsburg,Music Theory,unrelated,unrelated,unrelated,unrelated,unrelated
bib-277,GERMAN,1514,Augsburg,Navigation,unrelated,unrelated,unrelated,unrelated,unrelated
bib-277,GERMAN,1514,Augsburg,Perspective,unrelated,unrelated,unrelated,unrelated,unrelated
bib-277,GERMAN,1514,Augsburg,Practical Geometry,unrelated,unknown,secondary,unknown,unknown
bib-277,GERMAN,1514,Augsburg,Surveying,unrelated,unrelated,unrelated,unrelated,unrelated
bib-277,GERMAN,1514,Augsburg,Theoretical Mathematics,unrelated,unrelated,unrelated,unrelated,unknown
bib-277,GERMAN,1514,Augsburg,Trigonometry,unrelated,unrelated,unrelated,unrelated,unrelated
bib-278,GERMAN,1527,Augsburg,Architecture,unrelated,unknown,unrelated,unrelated,unrelated
bib-278,GERMAN,1527,Augsburg,Arithmetic,primary,primary,primary,primary,primary
bib-278,GERMAN,1527,Augsburg,Astronomy,unrelated,unknown,unrelated,unrelated,unrelated
bib-278,GERMAN,1527,Augsburg,Cartography,unrelated,unknown,unrelated,unrelated,unrelated
bib-278,GERMAN,1527,Augsburg,Commercial Mathematics,primary,unknown,unrelated,primary,primary
bib-278,GERMAN,1527,Augsburg,Construction,unrelated,unknown,unrelated,unrelated,unrelated
bib-278,GERMAN,1527,Augsburg,Cosmography,unrelated,unknown,unrelated,unrelated,unrelated
bib-278,GERMAN,1527,Augsburg,Geography,unrelated,unknown,unrelated,unrelated,unrelated
bib-278,GERMAN,1527,Augsburg,Gnomonics & Horology,unrelated,unknown,unrelated,unrelated,unrelated
bib-278,GERMAN,1527,Augsburg,Instrument Construction,unrelated,unknown,unrelated,unrelated,unrelated
bib-278,GERMAN,1527,Augsburg,Instrument Use,unrelated,unknown,unrelated,unrelated,unrelated
bib-278,GERMAN,1527,Augsburg,Mechanics,unrelated,unknown,unrelated,unrelated,unrelated
bib-278,GERMAN,1527,Augsburg,Military Engineering,unrelated,unknown,unrelated,unrelated,unrelated
bib-278,GERMAN,1527,Augsburg,Music Theory,unrelated,unknown,unrelated,unrelated,unrelated
bib-278,GERMAN,1527,Augsburg,Navigation,unrelated,unknown,unrelated,unrelated,unrelated
bib-278,GERMAN,1527,Augsburg,Perspective,unrelated,unknown,unrelated,unrelated,unrelated
bib-278,GERMAN,1527,Augsburg,Practical Geometry,unrelated,unknown,unrelated,unrelated,unrelated
bib-278,GERMAN,1527,Augsburg,Surveying,unrelated,unknown,unrelated,unrelated,unrelated
bib-278,GERMAN,1527,Augsburg,Theoretical Mathematics,unrelated,unknown,unrelated,unrelated,unrelated
bib-278,GERMAN,1527,Augsburg,Trigonometry,unrelated,unknown,unrelated,unrelated,unrelated
bib-28,FRENCH,1576,Paris,Architecture,unrelated,primary,secondary,secondary,unknown
bib-28,FRENCH,1576,Paris,Arithmetic,unrelated,unrelated,unrelated,unrelated,unrelated
bib-28,FRENCH,1576,Paris,Astronomy,unrelated,unrelated,unrelated,unrelated,unrelated
bib-28,FRENCH,1576,Paris,Cartography,unrelated,unrelated,unrelated,unrelated,unrelated
bib-28,FRENCH,1576,Paris,Commercial Mathematics,unrelated,unrelated,unrelated,unrelated,unrelated
bib-28,FRENCH,1576,Paris,Construction,unrelated,unrelated,unrelated,secondary,unrelated
bib-28,FRENCH,1576,Paris,Cosmography,unrelated,unrelated,unrelated,unrelated,unrelated
bib-28,FRENCH,1576,Paris,Geography,unrelated,unrelated,unrelated,unrelated,unrelated
bib-28,FRENCH,1576,Paris,Gnomonics & Horology,unrelated,unrelated,unrelated,unrelated,unrelated
bib-28,FRENCH,1576,Paris,Instrument Construction,unrelated,unrelated,unrelated,unrelated,unrelated
bib-28,FRENCH,1576,Paris,Instrument Use,unrelated,unrelated,unrelated,unrelated,unknown
bib-28,FRENCH,1576,Paris,Mechanics,unrelated,unrelated,unrelated,unrelated,unrelated
bib-28,FRENCH,1576,Paris,Military Engineering,unrelated,unrelated,unrelated,unrelated,unrelated
bib-28,FRENCH,1576,Paris,Music Theory,unrelated,unrelated,unrelated,unrelated,unrelated
bib-28,FRENCH,1576,Paris,Navigation,unrelated,unrelated,unrelated,unrelated,unrelated
bib-28,FRENCH,1576,Paris,Perspective,primary,primary,primary,primary,primary
bib-28,FRENCH,1576,Paris,Practical Geometry,unrelated,secondary,secondary,secondary,unknown
bib-28,FRENCH,1576,Paris,Surveying,unrelated,unrelated,unrelated,unrelated,unrelated
bib-28,FRENCH,1576,Paris,Theoretical Mathematics,unrelated,unrelated,secondary,secondary,unknown
bib-28,FRENCH,1576,Paris,Trigonometry,unrelated,secondary,secondary,secondary,unknown
bib-280,FRENCH,1600,Paris,Architecture,unrelated,secondary,secondary,secondary,secondary
bib-280,FRENCH,1600,Paris,Arithmetic,unrelated,unknown,unrelated,unknown,unknown
bib-280,FRENCH,1600,Paris,Astronomy,unrelated,unrelated,unrelated,unrelated,unrelated
bib-280,FRENCH,1600,Paris,Cartography,unrelated,unrelated,unrelated,unrelated,unrelated
bib-280,FRENCH,1600,Paris,Commercial Mathematics,unrelated,unrelated,unrelated,unrelated,unrelated
bib-280,FRENCH,1600,Paris,Construction,unrelated,secondary,secondary,primary,secondary
bib-280,FRENCH,1600,Paris,Cosmography,unrelated,unrelated,unrelated,unrelated,unrelated
bib-280,FRENCH,1600,Paris,Geography,unrelated,unknown,unrelated,unrelated,unrelated
bib-280,FRENCH,1600,Paris,Gnomonics & Horology,unrelated,unrelated,unrelated,unrelated,unrelated
bib-280,FRENCH,1600,Paris,Instrument Construction,unrelated,unrelated,unrelated,unrelated,unknown
bib-280,FRENCH,1600,Paris,Instrument Use,unrelated,unrelated,unrelated,unrelated,unknown
bib-280,FRENCH,1600,Paris,Mechanics,unrelated,unknown,unrelated,secondary,unknown
bib-280,FRENCH,1600,Paris,Military Engineering,primary,primary,primary,primary,primary
bib-280,FRENCH,1600,Paris,Music Theory,unrelated,unrelated,unrelated,unrelated,unrelated
bib-280,FRENCH,1600,Paris,Navigation,unrelated,unrelated,unrelated,unrelated,unrelated
bib-280,FRENCH,1600,Paris,Perspective,unrelated,unknown,unrelated,secondary,unrelated
bib-280,FRENCH,1600,Paris,Practical Geometry,unrelated,secondary,secondary,primary,secondary
bib-280,FRENCH,1600,Paris,Surveying,unrelated,secondary,unrelated,secondary,unknown
bib-280,FRENCH,1600,Paris,Theoretical Mathematics,unrelated,unrelated,unrelated,unrelated,unknown
bib-280,FRENCH,1600,Paris,Trigonometry,unrelated,unknown,unrelated,secondary,unknown
bib-282,FRENCH,1563,Paris,Architecture,unrelated,unrelated,unrelated,unrelated,unrelated
bib-282,FRENCH,1563,Paris,Arithmetic,primary,primary,primary,primary,primary
bib-282,FRENCH,1563,Paris,Astronomy,unrelated,unrelated,unrelated,unrelated,unrelated
bib-282,FRENCH,1563,Paris,Cartography,unrelated,unrelated,unrelated,unrelated,unrelated
bib-282,FRENCH,1563,Paris,Commercial Mathematics,unrelated,unrelated,unrelated,unrelated,unrelated
bib-282,FRENCH,1563,Paris,Construction,unrelated,unrelated,unrelated,unrelated,unrelated
bib-282,FRENCH,1563,Paris,Cosmography,unrelated,unrelated,unrelated,unrelated,unrelated
bib-282,FRENCH,1563,Paris,Geography,unrelated,unrelated,unrelated,unrelated,unrelated
bib-282,FRENCH,1563,Paris,Gnomonics & Horology,unrelated,unrelated,unrelated,unrelated,unrelated
bib-282,FRENCH,1563,Paris,Instrument Construction,unrelated,unrelated,unrelated,unrelated,unrelated
bib-282,FRENCH,1563,Paris,Instrument Use,unrelated,unrelated,unrelated,unrelated,unrelated
bib-282,FRENCH,1563,Paris,Mechanics,unrelated,unrelated,unrelated,unrelated,unrelated
bib-282,FRENCH,1563,Paris,Military Engineering,unrelated,secondary,secondary,secondary,secondary
bib-282,FRENCH,1563,Paris,Music Theory,unrelated,unrelated,unrelated,unrelated,unrelated
bib-282,FRENCH,1563,Paris,Navigation,unrelated,unrelated,unrelated,unrelated,unrelated
bib-282,FRENCH,1563,Paris,Perspective,unrelated,unrelated,unrelated,unrelated,unrelated
bib-282,FRENCH,1563,Paris,Practical Geometry,unrelated,secondary,primary,secondary,secondary
bib-282,FRENCH,1563,Paris,Surveying,unrelated,unrelated,unrelated,unrelated,unrelated
bib-282,FRENCH,1563,Paris,Theoretical Mathematics,unrelated,secondary,secondary,unknown,unrelated
bib-282,FRENCH,1563,Paris,Trigonometry,unrelated,unrelated,unrelated,unrelated,unrelated
bib-283,ENGLISH,1603,London,Architecture,unrelated,unrelated,unrelated,unrelated,unrelated
bib-283,ENGLISH,1603,London,Arithmetic,primary,primary,primary,primary,primary
bib-283,ENGLISH,1603,London,Astronomy,unrelated,unrelated,unrelated,unrelated,unrelated
bib-283,ENGLISH,1603,London,Cartography,unrelated,unrelated,unrelated,unrelated,unrelated
bib-283,ENGLISH,1603,London,Commercial Mathematics,unrelated,secondary,primary,secondary,secondary
bib-283,ENGLISH,1603,London,Construction,unrelated,unrelated,unrelated,unrelated,unrelated
bib-283,ENGLISH,1603,London,Cosmography,unrelated,unrelated,unrelated,unrelated,unrelated
bib-283,ENGLISH,1603,London,Geography,unrelated,unrelated,unrelated,unrelated,unrelated
bib-283,ENGLISH,1603,London,Gnomonics & Horology,unrelated,unrelated,unrelated,unrelated,unrelated
bib-283,ENGLISH,1603,London,Instrument Construction,unrelated,unrelated,unrelated,unrelated,unrelated
bib-283,ENGLISH,1603,London,Instrument Use,unrelated,unrelated,unrelated,unrelated,unrelated
bib-283,ENGLISH,1603,London,Mechanics,unrelated,unrelated,unrelated,unrelated,unrelated
bib-283,ENGLISH,1603,London,Military Engineering,unrelated,unrelated,unrelated,unrelated,unrelated
bib-283,ENGLISH,1603,London,Music Theory,unrelated,unrelated,unrelated,unrelated,unrelated
bib-283,ENGLISH,1603,London,Navigation,unrelated,unrelated,unrelated,unrelated,unrelated
bib-283,ENGLISH,1603,London,Perspective,unrelated,unrelated,unrelated,unrelated,unrelated
bib-283,ENGLISH,1603,London,Practical Geometry,unrelated,unrelated,unrelated,unrelated,unrelated
bib-283,ENGLISH,1603,London,Surveying,unrelated,unrelated,unrelated,unrelated,unrelated
bib-283,ENGLISH,1603,London,Theoretical Mathematics,unrelated,unrelated,unrelated,unrelated,unrelated
bib-283,ENGLISH,1603,London,Trigonometry,unrelated,unrelated,unrelated,unrelated,unrelated
bib-285,ENGLISH,1564,London,Architecture,unrelated,unrelated,unrelated,unrelated,unrelated
bib-285,ENGLISH,1564,London,Arithmetic,primary,primary,primary,primary,primary
bib-285,ENGLISH,1564,London,Astronomy,unrelated,unrelated,unrelated,unrelated,unrelated
bib-285,ENGLISH,1564,London,Cartography,unrelated,unrelated,unrelated,unrelated,unrelated
bib-285,ENGLISH,1564,London,Commercial Mathematics,unrelated,primary,secondary,secondary,secondary
bib-285,ENGLISH,1564,London,Construction,unrelated,unrelated,unrelated,secondary,unrelated
bib-285,ENGLISH,1564,London,Cosmography,unrelated,unrelated,unrelated,unrelated,unrelated
bib-285,ENGLISH,1564,London,Geography,unrelated,unrelated,unrelated,unrelated,unrelated
bib-285,ENGLISH,1564,London,Gnomonics & Horology,unrelated,unrelated,unrelated,unrelated,unrelated
bib-285,ENGLISH,1564,London,Instrument Construction,unrelated,unrelated,unrelated,unrelated,unrelated
bib-285,ENGLISH,1564,London,Instrument Use,unrelated,unrelated,unrelated,unrelated,unrelated
bib-285,ENGLISH,1564,London,Mechanics,unrelated,unrelated,unrelated,unrelated,unrelated
bib-285,ENGLISH,1564,London,Military Engineering,unrelated,unrelated,unrelated,unrelated,unrelated
bib-285,ENGLISH,1564,London,Music Theory,unrelated,unrelated,unrelated,unrelated,unrelated
bib-285,ENGLISH,1564,London,Navigation,unrelated,unrelated,unrelated,unrelated,unrelated
bib-285,ENGLISH,1564,London,Perspective,unrelated,unrelated,unrelated,unrelated,unrelated
bib-285,ENGLISH,1564,London,Practical Geometry,unrelated,unrelated,unrelated,unrelated,unrelated
bib-285,ENGLISH,1564,London,Surveying,unrelated,unrelated,unrelated,unrelated,unrelated
bib-285,ENGLISH,1564,London,Theoretical Mathematics,unrelated,unrelated,unrelated,unrelated,unrelated
bib-285,ENGLISH,1564,London,Trigonometry,unrelated,unrelated,unrelated,unrelated,unrelated
bib-29,FRENCH,1582,Paris,Architecture,primary,primary,primary,primary,primary
bib-29,FRENCH,1582,Paris,Arithmetic,unrelated,unrelated,unrelated,secondary,secondary
bib-29,FRENCH,1582,Paris,Astronomy,unrelated,unrelated,unrelated,unrelated,unrelated
bib-29,FRENCH,1582,Paris,Cartography,unrelated,unrelated,unrelated,unrelated,unrelated
bib-29,FRENCH,1582,Paris,Commercial Mathematics,unrelated,unrelated,unrelated,secondary,secondary
bib-29,FRENCH,1582,Paris,Construction,unrelated,primary,secondary,primary,primary
bib-29,FRENCH,1582,Paris,Cosmography,unrelated,unrelated,unrelated,unrelated,unrelated
bib-29,FRENCH,1582,Paris,Geography,unrelated,unrelated,unrelated,unrelated,unrelated
bib-29,FRENCH,1582,Paris,Gnomonics & Horology,unrelated,unrelated,unrelated,unrelated,unrelated
bib-29,FRENCH,1582,Paris,Instrument Construction,unrelated,unrelated,unrelated,unrelated,unrelated
bib-29,FRENCH,1582,Paris,Instrument Use,unrelated,unrelated,unrelated,unrelated,unrelated
bib-29,FRENCH,1582,Paris,Mechanics,unrelated,unrelated,unrelated,unrelated,unrelated
bib-29,FRENCH,1582,Paris,Military Engineering,unrelated,unrelated,unrelated,unrelated,unrelated
bib-29,FRENCH,1582,Paris,Music Theory,unrelated,unrelated,unrelated,unrelated,unrelated
bib-29,FRENCH,1582,Paris,Navigation,unrelated,unrelated,unrelated,unrelated,unrelated
bib-29,FRENCH,1582,Paris,Perspective,unrelated,unrelated,unrelated,unrelated,unrelated
bib-29,FRENCH,1582,Paris,Practical Geometry,unrelated,unknown,unknown,secondary,unrelated
bib-29,FRENCH,1582,Paris,Surveying,unrelated,unrelated,unrelated,unrelated,unrelated
bib-29,FRENCH,1582,Paris,Theoretical Mathematics,unrelated,unrelated,unrelated,unrelated,unrelated
bib-29,FRENCH,1582,Paris,Trigonometry,unrelated,unrelated,unrelated,unrelated,unrelated
bib-33,ITALIAN,1564,Venice,Architecture,unrelated,unrelated,unrelated,secondary,unrelated
bib-33,ITALIAN,1564,Venice,Arithmetic,unrelated,secondary,unknown,secondary,unknown
bib-33,ITALIAN,1564,Venice,Astronomy,unrelated,unrelated,unrelated,unrelated,unrelated
bib-33,ITALIAN,1564,Venice,Cartography,unrelated,secondary,secondary,secondary,secondary
bib-33,ITALIAN,1564,Venice,Commercial Mathematics,unrelated,unrelated,unrelated,unrelated,unrelated
bib-33,ITALIAN,1564,Venice,Construction,unrelated,unrelated,unrelated,unrelated,unrelated
bib-33,ITALIAN,1564,Venice,Cosmography,unrelated,unrelated,unrelated,unrelated,unrelated
bib-33,ITALIAN,1564,Venice,Geography,unrelated,secondary,secondary,primary,secondary
bib-33,ITALIAN,1564,Venice,Gnomonics & Horology,unrelated,unrelated,unrelated,unrelated,unrelated
bib-33,ITALIAN,1564,Venice,Instrument Construction,unrelated,unrelated,unrelated,unrelated,unrelated
bib-33,ITALIAN,1564,Venice,Instrument Use,unrelated,unrelated,unrelated,unrelated,unrelated
bib-33,ITALIAN,1564,Venice,Mechanics,unrelated,unrelated,unrelated,unrelated,unrelated
bib-33,ITALIAN,1564,Venice,Military Engineering,unrelated,unrelated,unrelated,unrelated,unrelated
bib-33,ITALIAN,1564,Venice,Music Theory,unrelated,unrelated,unrelated,unrelated,unrelated
bib-33,ITALIAN,1564,Venice,Navigation,unrelated,unrelated,unrelated,unrelated,unrelated
bib-33,ITALIAN,1564,Venice,Perspective,unrelated,primary,primary,primary,primary
bib-33,ITALIAN,1564,Venice,Practical Geometry,primary,primary,primary,primary,primary
bib-33,ITALIAN,1564,Venice,Surveying,unrelated,primary,primary,primary,primary
bib-33,ITALIAN,1564,Venice,Theoretical Mathematics,unrelated,secondary,secondary,secondary,secondary
bib-33,ITALIAN,1564,Venice,Trigonometry,unrelated,unknown,unknown,secondary,unknown
bib-35,LATIN,1585,Turin,Architecture,,unknown,unknown,unrelated,unrelated
bib-35,LATIN,1585,Turin,Arithmetic,,unknown,unknown,unknown,unknown
bib-35,LATIN,1585,Turin,Astronomy,,unknown,unknown,unknown,unknown
bib-35,LATIN,1585,Turin,Cartography,,unknown,unknown,unrelated,unrelated
bib-35,LATIN,1585,Turin,Commercial Mathematics,,unknown,unknown,unrelated,unrelated
bib-35,LATIN,1585,Turin,Construction,,unknown,unknown,unrelated,unrelated
bib-35,LATIN,1585,Turin,Cosmography,,unknown,unknown,unknown,unrelated
bib-35,LATIN,1585,Turin,Geography,,unknown,unknown,unrelated,unrelated
bib-35,LATIN,1585,Turin,Gnomonics & Horology,,unknown,unknown,unrelated,unrelated
bib-35,LATIN,1585,Turin,Instrument Construction,,unknown,unknown,unrelated,unknown
bib-35,LATIN,1585,Turin,Instrument Use,,unknown,unknown,unrelated,unknown
bib-35,LATIN,1585,Turin,Mechanics,,unknown,unknown,unknown,unknown
bib-35,LATIN,1585,Turin,Military Engineering,,unknown,unknown,unrelated,unrelated
bib-35,LATIN,1585,Turin,Music Theory,,unknown,unknown,unrelated,unrelated
bib-35,LATIN,1585,Turin,Navigation,,unknown,unknown,unrelated,unrelated
bib-35,LATIN,1585,Turin,Perspective,,unknown,unknown,unrelated,unrelated
bib-35,LATIN,1585,Turin,Practical Geometry,,unknown,unknown,unknown,unknown
bib-35,LATIN,1585,Turin,Surveying,,unknown,unknown,unrelated,unrelated
bib-35,LATIN,1585,Turin,Theoretical Mathematics,,unknown,unknown,primary,primary
bib-35,LATIN,1585,Turin,Trigonometry,,unknown,unknown,unknown,unknown
bib-39,ITALIAN,1564,Venice,Architecture,unrelated,primary,primary,primary,secondary
bib-39,ITALIAN,1564,Venice,Arithmetic,unrelated,secondary,unrelated,secondary,unrelated
bib-39,ITALIAN,1564,Venice,Astronomy,unrelated,unrelated,unrelated,unrelated,unrelated
bib-39,ITALIAN,1564,Venice,Cartography,unrelated,unrelated,unrelated,unrelated,unrelated
bib-39,ITALIAN,1564,Venice,Commercial Mathematics,unrelated,unrelated,unrelated,unrelated,unrelated
bib-39,ITALIAN,1564,Venice,Construction,unrelated,primary,primary,primary,secondary
bib-39,ITALIAN,1564,Venice,Cosmography,unrelated,unrelated,unrelated,unrelated,unrelated
bib-39,ITALIAN,1564,Venice,Geography,unrelated,unrelated,unrelated,unrelated,unrelated
bib-39,ITALIAN,1564,Venice,Gnomonics & Horology,unrelated,unrelated,unrelated,unrelated,unrelated
bib-39,ITALIAN,1564,Venice,Instrument Construction,unrelated,unrelated,unrelated,unrelated,unrelated
bib-39,ITALIAN,1564,Venice,Instrument Use,unrelated,unrelated,unrelated,unrelated,unrelated
bib-39,ITALIAN,1564,Venice,Mechanics,unrelated,secondary,unrelated,unrelated,unrelated
bib-39,ITALIAN,1564,Venice,Military Engineering,primary,primary,primary,primary,primary
bib-39,ITALIAN,1564,Venice,Music Theory,unrelated,unrelated,unrelated,unrelated,unrelated
bib-39,ITALIAN,1564,Venice,Navigation,unrelated,unrelated,unrelated,unrelated,unrelated
bib-39,ITALIAN,1564,Venice,Perspective,unrelated,unrelated,unrelated,secondary,unknown
bib-39,ITALIAN,1564,Venice,Practical Geometry,unrelated,primary,primary,primary,unknown
bib-39,ITALIAN,1564,Venice,Surveying,unrelated,secondary,secondary,primary,unknown
bib-39,ITALIAN,1564,Venice,Theoretical Mathematics,unrelated,unrelated,unrelated,unrelated,unrelated
bib-39,ITALIAN,1564,Venice,Trigonometry,unrelated,secondary,unrelated,secondary,unknown
bib-4,FRENCH,1564,Paris,Architecture,unrelated,unrelated,secondary,secondary,unrelated
bib-4,FRENCH,1564,Paris,Arithmetic,unrelated,unrelated,unknown,unrelated,unrelated
bib-4,FRENCH,1564,Paris,Astronomy,unrelated,unrelated,unrelated,unrelated,unrelated
bib-4,FRENCH,1564,Paris,Cartography,unrelated,unrelated,unrelated,unrelated,unrelated
bib-4,FRENCH,1564,Paris,Commercial Mathematics,unrelated,unrelated,unrelated,unrelated,unrelated
bib-4,FRENCH,1564,Paris,Construction,unrelated,unrelated,unrelated,unrelated,unrelated
bib-4,FRENCH,1564,Paris,Cosmography,unrelated,unrelated,unrelated,unrelated,unrelated
bib-4,FRENCH,1564,Paris,Geography,unrelated,unrelated,unrelated,unrelated,unrelated
bib-4,FRENCH,1564,Paris,Gnomonics & Horology,primary,primary,primary,primary,primary
bib-4,FRENCH,1564,Paris,Instrument Construction,unrelated,unknown,unknown,unknown,secondary
bib-4,FRENCH,1564,Paris,Instrument Use,unrelated,unknown,unknown,unknown,secondary
bib-4,FRENCH,1564,Paris,Mechanics,unrelated,unrelated,unrelated,unknown,unrelated
bib-4,FRENCH,1564,Paris,Military Engineering,unrelated,unrelated,unrelated,unrelated,unrelated
bib-4,FRENCH,1564,Paris,Music Theory,unrelated,unrelated,unrelated,unrelated,unrelated
bib-4,FRENCH,1564,Paris,Navigation,unrelated,unrelated,unrelated,unrelated,unrelated
bib-4,FRENCH,1564,Paris,Perspective,unrelated,unrelated,unrelated,unrelated,unrelated
bib-4,FRENCH,1564,Paris,Practical Geometry,unrelated,primary,primary,primary,primary
bib-4,FRENCH,1564,Paris,Surveying,unrelated,unrelated,unknown,unrelated,unrelated
bib-4,FRENCH,1564,Paris,Theoretical Mathematics,unrelated,unrelated,unrelated,unrelated,unrelated
bib-4,FRENCH,1564,Paris,Trigonometry,unrelated,unrelated,unknown,unknown,unrelated
bib-40,GERMAN,1596,Delft,Architecture,unrelated,unrelated,unrelated,unrelated,unrelated
bib-40,GERMAN,1596,Delft,Arithmetic,unrelated,secondary,primary,secondary,secondary
bib-40,GERMAN,1596,Delft,Astronomy,unrelated,unrelated,unrelated,unrelated,unrelated
bib-40,GERMAN,1596,Delft,Cartography,unrelated,unrelated,unrelated,unrelated,unrelated
bib-40,GERMAN,1596,Delft,Commercial Mathematics,unrelated,secondary,secondary,secondary,secondary
bib-40,GERMAN,1596,Delft,Construction,unrelated,unrelated,unrelated,unrelated,unrelated
bib-40,GERMAN,1596,Delft,Cosmography,unrelated,unrelated,unrelated,unrelated,unrelated
bib-40,GERMAN,1596,Delft,Geography,unrelated,secondary,unrelated,unrelated,unrelated
bib-40,GERMAN,1596,Delft,Gnomonics & Horology,unrelated,unrelated,unrelated,unrelated,unrelated
bib-40,GERMAN,1596,Delft,Instrument Construction,unrelated,unrelated,unrelated,unrelated,unrelated
bib-40,GERMAN,1596,Delft,Instrument Use,unrelated,unrelated,unrelated,unknown,unknown
bib-40,GERMAN,1596,Delft,Mechanics,unrelated,unrelated,unrelated,unrelated,unrelated
bib-40,GERMAN,1596,Delft,Military Engineering,unrelated,unrelated,unrelated,unrelated,unrelated
bib-40,GERMAN,1596,Delft,Music Theory,unrelated,unrelated,unrelated,unrelated,unrelated
bib-40,GERMAN,1596,Delft,Navigation,unrelated,unrelated,unrelated,unrelated,unrelated
bib-40,GERMAN,1596,Delft,Perspective,unrelated,unrelated,unrelated,unrelated,unrelated
bib-40,GERMAN,1596,Delft,Practical Geometry,primary,primary,primary,primary,primary
bib-40,GERMAN,1596,Delft,Surveying,primary,primary,primary,primary,primary
bib-40,GERMAN,1596,Delft,Theoretical Mathematics,primary,primary,primary,primary,primary
bib-40,GERMAN,1596,Delft,Trigonometry,primary,primary,primary,primary,primary
bib-41,LATIN,1558,Venice,Architecture,unrelated,unrelated,unrelated,unrelated,unrelated
bib-41,LATIN,1558,Venice,Arithmetic,unrelated,unrelated,unrelated,unrelated,unrelated
bib-41,LATIN,1558,Venice,Astronomy,primary,primary,primary,secondary,secondary
bib-41,LATIN,1558,Venice,Cartography,unrelated,unrelated,unrelated,secondary,secondary
bib-41,LATIN,1558,Venice,Commercial Mathematics,unrelated,unrelated,unrelated,unrelated,unrelated
bib-41,LATIN,1558,Venice,Construction,unrelated,unrelated,unrelated,unrelated,unrelated
bib-41,LATIN,1558,Venice,Cosmography,unrelated,unknown,secondary,unknown,secondary
bib-41,LATIN,1558,Venice,Geography,unrelated,unrelated,unrelated,unrelated,unrelated
bib-41,LATIN,1558,Venice,Gnomonics & Horology,unrelated,unrelated,unrelated,unrelated,unrelated
bib-41,LATIN,1558,Venice,Instrument Construction,unrelated,unknown,secondary,unrelated,unrelated
bib-41,LATIN,1558,Venice,Instrument Use,unrelated,unknown,secondary,unrelated,unrelated
bib-41,LATIN,1558,Venice,Mechanics,unrelated,unrelated,unrelated,unrelated,unrelated
bib-41,LATIN,1558,Venice,Military Engineering,unrelated,unrelated,unrelated,unrelated,unrelated
bib-41,LATIN,1558,Venice,Music Theory,unrelated,unrelated,unrelated,unrelated,unrelated
bib-41,LATIN,1558,Venice,Navigation,unrelated,unrelated,unknown,unrelated,unrelated
bib-41,LATIN,1558,Venice,Perspective,primary,primary,primary,primary,primary
bib-41,LATIN,1558,Venice,Practical Geometry,unrelated,primary,secondary,secondary,secondary
bib-41,LATIN,1558,Venice,Surveying,unrelated,unrelated,unrelated,unrelated,unrelated
bib-41,LATIN,1558,Venice,Theoretical Mathematics,primary,secondary,secondary,unrelated,secondary
bib-41,LATIN,1558,Venice,Trigonometry,unrelated,secondary,secondary,unknown,unknown
bib-42,LATIN,1570,Pesaro,Architecture,unrelated,unrelated,unknown,unrelated,unrelated
bib-42,LATIN,1570,Pesaro,Arithmetic,unrelated,unrelated,unknown,unrelated,secondary
bib-42,LATIN,1570,Pesaro,Astronomy,unrelated,unrelated,unknown,unrelated,unrelated
bib-42,LATIN,1570,Pesaro,Cartography,unrelated,unrelated,unknown,unrelated,unrelated
bib-42,LATIN,1570,Pesaro,Commercial Mathematics,unrelated,unrelated,unknown,unrelated,unrelated
bib-42,LATIN,1570,Pesaro,Construction,unrelated,unrelated,unknown,unrelated,unrelated
bib-42,LATIN,1570,Pesaro,Cosmography,unrelated,unrelated,unknown,unrelated,unrelated
bib-42,LATIN,1570,Pesaro,Geography,unrelated,unrelated,unknown,unrelated,unrelated
bib-42,LATIN,1570,Pesaro,Gnomonics & Horology,unrelated,unrelated,unknown,unrelated,unrelated
bib-42,LATIN,1570,Pesaro,Instrument Construction,unrelated,unrelated,unknown,unrelated,unrelated
bib-42,LATIN,1570,Pesaro,Instrument Use,unrelated,unrelated,unknown,unrelated,unrelated
bib-42,LATIN,1570,Pesaro,Mechanics,unrelated,unrelated,unknown,unrelated,unrelated
bib-42,LATIN,1570,Pesaro,Military Engineering,unrelated,unrelated,unknown,unrelated,unrelated
bib-42,LATIN,1570,Pesaro,Music Theory,unrelated,unrelated,unknown,unrelated,unrelated
bib-42,LATIN,1570,Pesaro,Navigation,unrelated,unrelated,unknown,unrelated,unrelated
bib-42,LATIN,1570,Pesaro,Perspective,unrelated,unrelated,unknown,unrelated,unrelated
bib-42,LATIN,1570,Pesaro,Practical Geometry,primary,primary,primary,primary,primary
bib-42,LATIN,1570,Pesaro,Surveying,unrelated,secondary,secondary,unrelated,unknown
bib-42,LATIN,1570,Pesaro,Theoretical Mathematics,unrelated,primary,secondary,primary,secondary
bib-42,LATIN,1570,Pesaro,Trigonometry,unrelated,unknown,unknown,unrelated,unknown
bib-44,FRENCH,1567,Paris,Architecture,primary,primary,primary,primary,primary
bib-44,FRENCH,1567,Paris,Arithmetic,unrelated,unrelated,unrelated,unrelated,unrelated
bib-44,FRENCH,1567,Paris,Astronomy,unrelated,unrelated,unrelated,unrelated,unrelated
bib-44,FRENCH,1567,Paris,Cartography,unrelated,unrelated,unrelated,unrelated,unrelated
bib-44,FRENCH,1567,Paris,Commercial Mathematics,unrelated,unrelated,unrelated,unrelated,unrelated
bib-44,FRENCH,1567,Paris,Construction,unrelated,unrelated,primary,secondary,unknown
bib-44,FRENCH,1567,Paris,Cosmography,unrelated,unrelated,unrelated,unrelated,unrelated
bib-44,FRENCH,1567,Paris,Geography,unrelated,unrelated,unrelated,unrelated,unrelated
bib-44,FRENCH,1567,Paris,Gnomonics & Horology,unrelated,unrelated,unrelated,unrelated,unrelated
bib-44,FRENCH,1567,Paris,Instrument Construction,unrelated,unrelated,secondary,unrelated,unrelated
bib-44,FRENCH,1567,Paris,Instrument Use,unrelated,unrelated,secondary,unrelated,unrelated
bib-44,FRENCH,1567,Paris,Mechanics,unrelated,unrelated,secondary,unrelated,unrelated
bib-44,FRENCH,1567,Paris,Military Engineering,unrelated,unrelated,unrelated,unrelated,unrelated
bib-44,FRENCH,1567,Paris,Music Theory,unrelated,unrelated,unrelated,unrelated,unrelated
bib-44,FRENCH,1567,Paris,Navigation,unrelated,unrelated,unrelated,unrelated,unrelated
bib-44,FRENCH,1567,Paris,Perspective,unrelated,unrelated,secondary,secondary,unknown
bib-44,FRENCH,1567,Paris,Practical Geometry,unrelated,unrelated,primary,secondary,unknown
bib-44,FRENCH,1567,Paris,Surveying,unrelated,unrelated,secondary,unrelated,unknown
bib-44,FRENCH,1567,Paris,Theoretical Mathematics,unrelated,unrelated,secondary,unrelated,unrelated
bib-44,FRENCH,1567,Paris,Trigonometry,unrelated,unrelated,secondary,unrelated,unrelated
bib-45,ITALIAN,1587,Venice,Architecture,unrelated,unrelated,unrelated,unrelated,unrelated
bib-45,ITALIAN,1587,Venice,Arithmetic,primary,primary,primary,primary,primary
bib-45,ITALIAN,1587,Venice,Astronomy,unrelated,unknown,secondary,secondary,secondary
bib-45,ITALIAN,1587,Venice,Cartography,unrelated,unknown,secondary,unrelated,secondary
bib-45,ITALIAN,1587,Venice,Commercial Mathematics,unrelated,unrelated,unrelated,unrelated,unrelated
bib-45,ITALIAN,1587,Venice,Construction,unrelated,unrelated,unrelated,unrelated,unrelated
bib-45,ITALIAN,1587,Venice,Cosmography,primary,primary,primary,primary,primary
bib-45,ITALIAN,1587,Venice,Geography,unrelated,unknown,secondary,secondary,secondary
bib-45,ITALIAN,1587,Venice,Gnomonics & Horology,primary,unrelated,primary,primary,primary
bib-45,ITALIAN,1587,Venice,Instrument Construction,unrelated,unrelated,secondary,secondary,secondary
bib-45,ITALIAN,1587,Venice,Instrument Use,unrelated,unrelated,secondary,secondary,secondary
bib-45,ITALIAN,1587,Venice,Mechanics,unrelated,unrelated,secondary,secondary,unrelated
bib-45,ITALIAN,1587,Venice,Military Engineering,unrelated,unrelated,unrelated,unrelated,unrelated
bib-45,ITALIAN,1587,Venice,Music Theory,unrelated,unrelated,unrelated,unrelated,unrelated
bib-45,ITALIAN,1587,Venice,Navigation,unrelated,unrelated,unrelated,unrelated,unrelated
bib-45,ITALIAN,1587,Venice,Perspective,unrelated,unrelated,unrelated,unrelated,unknown
bib-45,ITALIAN,1587,Venice,Practical Geometry,primary,unknown,secondary,secondary,primary
bib-45,ITALIAN,1587,Venice,Surveying,unrelated,unrelated,unrelated,unrelated,unknown
bib-45,ITALIAN,1587,Venice,Theoretical Mathematics,unrelated,primary,secondary,primary,secondary
bib-45,ITALIAN,1587,Venice,Trigonometry,unrelated,unknown,unknown,unrelated,unknown
bib-46,FRENCH,1555,Paris,Architecture,unrelated,unrelated,unrelated,unrelated,unrelated
bib-46,FRENCH,1555,Paris,Arithmetic,unrelated,unrelated,unrelated,secondary,unrelated
bib-46,FRENCH,1555,Paris,Astronomy,unrelated,unrelated,unrelated,unrelated,unrelated
bib-46,FRENCH,1555,Paris,Cartography,unrelated,primary,primary,primary,secondary
bib-46,FRENCH,1555,Paris,Commercial Mathematics,unrelated,unrelated,unrelated,unrelated,unrelated
bib-46,FRENCH,1555,Paris,Construction,unrelated,unrelated,unrelated,unrelated,unrelated
bib-46,FRENCH,1555,Paris,Cosmography,unrelated,unrelated,unrelated,unrelated,unrelated
bib-46,FRENCH,1555,Paris,Geography,unrelated,secondary,primary,secondary,secondary
bib-46,FRENCH,1555,Paris,Gnomonics & Horology,unrelated,unrelated,unrelated,unrelated,unrelated
bib-46,FRENCH,1555,Paris,Instrument Construction,primary,secondary,unknown,secondary,secondary
bib-46,FRENCH,1555,Paris,Instrument Use,primary,primary,primary,primary,primary
bib-46,FRENCH,1555,Paris,Mechanics,unrelated,unrelated,unrelated,unrelated,unrelated
bib-46,FRENCH,1555,Paris,Military Engineering,unrelated,unrelated,unrelated,unrelated,unrelated
bib-46,FRENCH,1555,Paris,Music Theory,unrelated,unrelated,unrelated,unrelated,unrelated
bib-46,FRENCH,1555,Paris,Navigation,unrelated,unrelated,unrelated,unrelated,unrelated
bib-46,FRENCH,1555,Paris,Perspective,unrelated,unrelated,unknown,unrelated,unrelated
bib-46,FRENCH,1555,Paris,Practical Geometry,unrelated,primary,primary,primary,primary
bib-46,FRENCH,1555,Paris,Surveying,primary,primary,primary,primary,primary
bib-46,FRENCH,1555,Paris,Theoretical Mathematics,unrelated,unrelated,unrelated,unrelated,unrelated
bib-46,FRENCH,1555,Paris,Trigonometry,unrelated,unrelated,unrelated,unrelated,unknown
bib-47,FRENCH,1561,Paris,Architecture,,unrelated,unrelated,unrelated,unrelated
bib-47,FRENCH,1561,Paris,Arithmetic,,secondary,unrelated,unrelated,unrelated
bib-47,FRENCH,1561,Paris,Astronomy,,unrelated,unrelated,unrelated,unrelated
bib-47,FRENCH,1561,Paris,Cartography,,primary,primary,primary,primary
bib-47,FRENCH,1561,Paris,Commercial Mathematics,,unrelated,unrelated,unrelated,unrelated
bib-47,FRENCH,1561,Paris,Construction,,unrelated,unrelated,unrelated,unrelated
bib-47,FRENCH,1561,Paris,Cosmography,,unrelated,unrelated,unrelated,unrelated
bib-47,FRENCH,1561,Paris,Geography,,primary,secondary,primary,secondary
bib-47,FRENCH,1561,Paris,Gnomonics & Horology,,unrelated,unrelated,unrelated,unrelated
bib-47,FRENCH,1561,Paris,Instrument Construction,,secondary,primary,unknown,secondary
bib-47,FRENCH,1561,Paris,Instrument Use,,primary,primary,primary,primary
bib-47,FRENCH,1561,Paris,Mechanics,,unrelated,unrelated,unrelated,unrelated
bib-47,FRENCH,1561,Paris,Military Engineering,,unrelated,unrelated,unrelated,unrelated
bib-47,FRENCH,1561,Paris,Music Theory,,unrelated,unrelated,unrelated,unrelated
bib-47,FRENCH,1561,Paris,Navigation,,unrelated,unrelated,unrelated,unrelated
bib-47,FRENCH,1561,Paris,Perspective,,unrelated,unrelated,unrelated,unrelated
bib-47,FRENCH,1561,Paris,Practical Geometry,,primary,primary,primary,primary
bib-47,FRENCH,1561,Paris,Surveying,,primary,primary,primary,primary
bib-47,FRENCH,1561,Paris,Theoretical Mathematics,,unrelated,unrelated,unrelated,unrelated
bib-47,FRENCH,1561,Paris,Trigonometry,,unknown,unrelated,unrelated,unrelated
bib-5,FRENCH,1585,Paris,Architecture,unrelated,unrelated,unrelated,unrelated,unrelated
bib-5,FRENCH,1585,Paris,Arithmetic,unrelated,unrelated,unrelated,unrelated,unrelated
bib-5,FRENCH,1585,Paris,Astronomy,unrelated,unknown,unknown,unknown,unknown
bib-5,FRENCH,1585,Paris,Cartography,unrelated,unrelated,unrelated,unrelated,unrelated
bib-5,FRENCH,1585,Paris,Commercial Mathematics,unrelated,unrelated,unrelated,unrelated,unrelated
bib-5,FRENCH,1585,Paris,Construction,unrelated,unrelated,unrelated,unrelated,unrelated
bib-5,FRENCH,1585,Paris,Cosmography,unrelated,unknown,unknown,unknown,unknown
bib-5,FRENCH,1585,Paris,Geography,unrelated,unknown,unrelated,unrelated,unrelated
bib-5,FRENCH,1585,Paris,Gnomonics & Horology,unrelated,unrelated,unknown,unrelated,unknown
bib-5,FRENCH,1585,Paris,Instrument Construction,unrelated,primary,primary,secondary,primary
bib-5,FRENCH,1585,Paris,Instrument Use,unrelated,primary,primary,primary,primary
bib-5,FRENCH,1585,Paris,Mechanics,unrelated,secondary,unknown,unrelated,unrelated
bib-5,FRENCH,1585,Paris,Military Engineering,unrelated,unrelated,unrelated,unrelated,unrelated
bib-5,FRENCH,1585,Paris,Music Theory,unrelated,unrelated,unrelated,unrelated,unrelated
bib-5,FRENCH,1585,Paris,Navigation,unrelated,unrelated,unrelated,unrelated,unrelated
bib-5,FRENCH,1585,Paris,Perspective,unrelated,secondary,unknown,unrelated,unrelated
bib-5,FRENCH,1585,Paris,Practical Geometry,primary,primary,primary,primary,primary
bib-5,FRENCH,1585,Paris,Surveying,unrelated,secondary,unknown,unknown,unrelated
bib-5,FRENCH,1585,Paris,Theoretical Mathematics,unrelated,secondary,secondary,secondary,secondary
bib-5,FRENCH,1585,Paris,Trigonometry,unrelated,secondary,unknown,unknown,unrelated
bib-52,LATIN,1592,Venice,Architecture,unrelated,secondary,primary,secondary,secondary
bib-52,LATIN,1592,Venice,Arithmetic,unrelated,unknown,secondary,secondary,unrelated
bib-52,LATIN,1592,Venice,Astronomy,unrelated,secondary,secondary,secondary,secondary
bib-52,LATIN,1592,Venice,Cartography,unrelated,secondary,unrelated,unrelated,unrelated
bib-52,LATIN,1592,Venice,Commercial Mathematics,unrelated,unrelated,unrelated,unrelated,unrelated
bib-52,LATIN,1592,Venice,Construction,unrelated,unrelated,secondary,unrelated,unrelated
bib-52,LATIN,1592,Venice,Cosmography,unrelated,unrelated,unrelated,unrelated,unrelated
bib-52,LATIN,1592,Venice,Geography,unrelated,secondary,secondary,secondary,secondary
bib-52,LATIN,1592,Venice,Gnomonics & Horology,unrelated,unrelated,unrelated,unrelated,unrelated
bib-52,LATIN,1592,Venice,Instrument Construction,unrelated,unknown,unknown,secondary,secondary
bib-52,LATIN,1592,Venice,Instrument Use,unrelated,secondary,primary,primary,primary
bib-52,LATIN,1592,Venice,Mechanics,unrelated,secondary,secondary,secondary,secondary
bib-52,LATIN,1592,Venice,Military Engineering,unrelated,secondary,secondary,secondary,secondary
bib-52,LATIN,1592,Venice,Music Theory,unrelated,unrelated,unrelated,unrelated,unrelated
bib-52,LATIN,1592,Venice,Navigation,unrelated,unrelated,unrelated,secondary,unrelated
bib-52,LATIN,1592,Venice,Perspective,unrelated,unrelated,unrelated,unrelated,unrelated
bib-52,LATIN,1592,Venice,Practical Geometry,primary,primary,primary,primary,primary
bib-52,LATIN,1592,Venice,Surveying,unrelated,primary,primary,primary,primary
bib-52,LATIN,1592,Venice,Theoretical Mathematics,unrelated,unrelated,primary,primary,secondary
bib-52,LATIN,1592,Venice,Trigonometry,unrelated,secondary,secondary,primary,primary
bib-59,LATIN,1594,Leiden,Architecture,unrelated,unrelated,unrelated,unrelated,unrelated
bib-59,LATIN,1594,Leiden,Arithmetic,unrelated,unrelated,primary,secondary,secondary
bib-59,LATIN,1594,Leiden,Astronomy,unrelated,unrelated,unrelated,unrelated,unrelated
bib-59,LATIN,1594,Leiden,Cartography,unrelated,unrelated,unrelated,unrelated,unrelated
bib-59,LATIN,1594,Leiden,Commercial Mathematics,unrelated,unrelated,unrelated,unrelated,unrelated
bib-59,LATIN,1594,Leiden,Construction,unrelated,unrelated,unrelated,unrelated,unrelated
bib-59,LATIN,1594,Leiden,Cosmography,unrelated,unrelated,unrelated,unrelated,unrelated
bib-59,LATIN,1594,Leiden,Geography,unrelated,unrelated,unrelated,unrelated,unrelated
bib-59,LATIN,1594,Leiden,Gnomonics & Horology,unrelated,unrelated,unrelated,unrelated,unrelated
bib-59,LATIN,1594,Leiden,Instrument Construction,unrelated,unrelated,unrelated,unrelated,unrelated
bib-59,LATIN,1594,Leiden,Instrument Use,unrelated,unrelated,unrelated,unrelated,unrelated
bib-59,LATIN,1594,Leiden,Mechanics,unrelated,unrelated,unrelated,unrelated,unrelated
bib-59,LATIN,1594,Leiden,Military Engineering,unrelated,unrelated,unrelated,unrelated,unrelated
bib-59,LATIN,1594,Leiden,Music Theory,unrelated,unrelated,unrelated,unrelated,unrelated
bib-59,LATIN,1594,Leiden,Navigation,unrelated,unrelated,unrelated,unrelated,unrelated
bib-59,LATIN,1594,Leiden,Perspective,unrelated,unrelated,unrelated,unrelated,unrelated
bib-59,LATIN,1594,Leiden,Practical Geometry,unrelated,primary,primary,primary,primary
bib-59,LATIN,1594,Leiden,Surveying,unrelated,unrelated,unrelated,unrelated,unrelated
bib-59,LATIN,1594,Leiden,Theoretical Mathematics,primary,primary,primary,primary,primary
bib-59,LATIN,1594,Leiden,Trigonometry,unrelated,unknown,unknown,unknown,secondary
bib-64,LATIN,1579,Paris,Architecture,unrelated,unrelated,unrelated,unrelated,unrelated
bib-64,LATIN,1579,Paris,Arithmetic,unrelated,unrelated,unrelated,secondary,unrelated
bib-64,LATIN,1579,Paris,Astronomy,unrelated,unrelated,unrelated,unrelated,unrelated
bib-64,LATIN,1579,Paris,Cartography,unrelated,unrelated,unrelated,unrelated,unrelated
bib-64,LATIN,1579,Paris,Commercial Mathematics,unrelated,unrelated,unrelated,unrelated,unrelated
bib-64,LATIN,1579,Paris,Construction,unrelated,unrelated,unrelated,unrelated,unrelated
bib-64,LATIN,1579,Paris,Cosmography,unrelated,unrelated,unrelated,unrelated,unrelated
bib-64,LATIN,1579,Paris,Geography,unrelated,unrelated,unrelated,unrelated,unrelated
bib-64,LATIN,1579,Paris,Gnomonics & Horology,unrelated,unrelated,unrelated,unrelated,unrelated
bib-64,LATIN,1579,Paris,Instrument Construction,unrelated,unknown,unrelated,unrelated,unrelated
bib-64,LATIN,1579,Paris,Instrument Use,unrelated,unknown,unrelated,unrelated,unrelated
bib-64,LATIN,1579,Paris,Mechanics,unrelated,unrelated,unrelated,unrelated,unrelated
bib-64,LATIN,1579,Paris,Military Engineering,unrelated,unrelated,unrelated,unrelated,unrelated
bib-64,LATIN,1579,Paris,Music Theory,unrelated,unrelated,unrelated,unrelated,unrelated
bib-64,LATIN,1579,Paris,Navigation,unrelated,unrelated,unrelated,unrelated,unrelated
bib-64,LATIN,1579,Paris,Perspective,unrelated,unrelated,unrelated,unrelated,unrelated
bib-64,LATIN,1579,Paris,Practical Geometry,unrelated,primary,primary,primary,primary
bib-64,LATIN,1579,Paris,Surveying,unrelated,unknown,secondary,secondary,unrelated
bib-64,LATIN,1579,Paris,Theoretical Mathematics,unrelated,primary,primary,primary,primary
bib-64,LATIN,1579,Paris,Trigonometry,primary,secondary,primary,primary,secondary
bib-67,LATIN,1595,Paris,Architecture,unrelated,unrelated,unrelated,unrelated,unknown
bib-67,LATIN,1595,Paris,Arithmetic,unrelated,unrelated,unrelated,unrelated,unknown
bib-67,LATIN,1595,Paris,Astronomy,unrelated,unrelated,unrelated,unrelated,unrelated
bib-67,LATIN,1595,Paris,Cartography,unrelated,unrelated,unrelated,unrelated,unrelated
bib-67,LATIN,1595,Paris,Commercial Mathematics,unrelated,unrelated,unrelated,unrelated,unrelated
bib-67,LATIN,1595,Paris,Construction,unrelated,unrelated,unrelated,unrelated,unknown
bib-67,LATIN,1595,Paris,Cosmography,unrelated,unrelated,unrelated,unrelated,unrelated
bib-67,LATIN,1595,Paris,Geography,unrelated,unrelated,unrelated,unrelated,unrelated
bib-67,LATIN,1595,Paris,Gnomonics & Horology,unrelated,unrelated,unrelated,unrelated,unrelated
bib-67,LATIN,1595,Paris,Instrument Construction,unrelated,unrelated,unrelated,unrelated,unknown
bib-67,LATIN,1595,Paris,Instrument Use,unrelated,unrelated,unrelated,unrelated,unknown
bib-67,LATIN,1595,Paris,Mechanics,unrelated,unrelated,unrelated,unrelated,unknown
bib-67,LATIN,1595,Paris,Military Engineering,unrelated,unrelated,unrelated,unrelated,unrelated
bib-67,LATIN,1595,Paris,Music Theory,unrelated,unrelated,unrelated,unrelated,unrelated
bib-67,LATIN,1595,Paris,Navigation,unrelated,unrelated,unrelated,unrelated,unrelated
bib-67,LATIN,1595,Paris,Perspective,unrelated,unrelated,unrelated,unrelated,unknown
bib-67,LATIN,1595,Paris,Practical Geometry,unrelated,primary,primary,primary,primary
bib-67,LATIN,1595,Paris,Surveying,unrelated,unknown,unrelated,unrelated,unknown
bib-67,LATIN,1595,Paris,Theoretical Mathematics,primary,unknown,unknown,secondary,unknown
bib-67,LATIN,1595,Paris,Trigonometry,unrelated,unknown,unknown,unknown,unknown
bib-7,ENGLISH,1571,London,Architecture,unrelated,unrelated,unrelated,unrelated,unrelated
bib-7,ENGLISH,1571,London,Arithmetic,unrelated,secondary,unrelated,secondary,secondary
bib-7,ENGLISH,1571,London,Astronomy,unrelated,unrelated,unrelated,unrelated,unrelated
bib-7,ENGLISH,1571,London,Cartography,primary,secondary,secondary,secondary,secondary
bib-7,ENGLISH,1571,London,Commercial Mathematics,unrelated,unrelated,unrelated,unrelated,unrelated
bib-7,ENGLISH,1571,London,Construction,unrelated,unrelated,unrelated,secondary,unrelated
bib-7,ENGLISH,1571,London,Cosmography,unrelated,unrelated,unrelated,unrelated,unrelated
bib-7,ENGLISH,1571,London,Geography,unrelated,secondary,secondary,secondary,secondary
bib-7,ENGLISH,1571,London,Gnomonics & Horology,unrelated,unrelated,unrelated,unrelated,unrelated
bib-7,ENGLISH,1571,London,Instrument Construction,secondary,unrelated,unrelated,unrelated,unrelated
bib-7,ENGLISH,1571,London,Instrument Use,unrelated,secondary,primary,primary,secondary
bib-7,ENGLISH,1571,London,Mechanics,unrelated,unrelated,unrelated,unrelated,unrelated
bib-7,ENGLISH,1571,London,Military Engineering,unrelated,unrelated,unrelated,unrelated,unrelated
bib-7,ENGLISH,1571,London,Music Theory,unrelated,unrelated,unrelated,unrelated,unrelated
bib-7,ENGLISH,1571,London,Navigation,unrelated,unrelated,unrelated,unrelated,unrelated
bib-7,ENGLISH,1571,London,Perspective,unrelated,secondary,secondary,secondary,secondary
bib-7,ENGLISH,1571,London,Practical Geometry,primary,primary,primary,primary,primary
bib-7,ENGLISH,1571,London,Surveying,primary,secondary,primary,secondary,secondary
bib-7,ENGLISH,1571,London,Theoretical Mathematics,unrelated,secondary,primary,primary,secondary
bib-7,ENGLISH,1571,London,Trigonometry,unrelated,unknown,unrelated,unrelated,unknown
bib-71,LATIN,1567,Venice,Architecture,primary,primary,primary,primary,primary
bib-71,LATIN,1567,Venice,Arithmetic,unrelated,unrelated,secondary,unrelated,unrelated
bib-71,LATIN,1567,Venice,Astronomy,unrelated,unknown,secondary,unrelated,unrelated
bib-71,LATIN,1567,Venice,Cartography,unrelated,unrelated,unrelated,unrelated,unrelated
bib-71,LATIN,1567,Venice,Commercial Mathematics,unrelated,unrelated,unrelated,unrelated,unrelated
bib-71,LATIN,1567,Venice,Construction,unrelated,primary,primary,primary,secondary
bib-71,LATIN,1567,Venice,Cosmography,unrelated,unrelated,unrelated,unrelated,unrelated
bib-71,LATIN,1567,Venice,Geography,unrelated,unrelated,secondary,unrelated,unrelated
bib-71,LATIN,1567,Venice,Gnomonics & Horology,unrelated,secondary,primary,secondary,secondary
bib-71,LATIN,1567,Venice,Instrument Construction,unrelated,unknown,secondary,unrelated,unrelated
bib-71,LATIN,1567,Venice,Instrument Use,unrelated,unknown,secondary,unrelated,unrelated
bib-71,LATIN,1567,Venice,Mechanics,unrelated,secondary,primary,secondary,secondary
bib-71,LATIN,1567,Venice,Military Engineering,unrelated,unrelated,secondary,unrelated,unrelated
bib-71,LATIN,1567,Venice,Music Theory,unrelated,unrelated,unrelated,unrelated,unrelated
bib-71,LATIN,1567,Venice,Navigation,unrelated,unrelated,unrelated,unrelated,unrelated
bib-71,LATIN,1567,Venice,Perspective,unrelated,unrelated,secondary,unrelated,unrelated
bib-71,LATIN,1567,Venice,Practical Geometry,unrelated,secondary,primary,secondary,secondary
bib-71,LATIN,1567,Venice,Surveying,unrelated,unknown,secondary,unrelated,unrelated
bib-71,LATIN,1567,Venice,Theoretical Mathematics,unrelated,unrelated,secondary,secondary,secondary
bib-71,LATIN,1567,Venice,Trigonometry,unrelated,unknown,secondary,unrelated,unrelated
bib-76,LATIN,1598,Venice,Architecture,unrelated,unrelated,unrelated,unrelated,unrelated
bib-76,LATIN,1598,Venice,Arithmetic,primary,secondary,secondary,secondary,secondary
bib-76,LATIN,1598,Venice,Astronomy,primary,primary,primary,unknown,primary
bib-76,LATIN,1598,Venice,Cartography,unrelated,unknown,unknown,unknown,unknown
bib-76,LATIN,1598,Venice,Commercial Mathematics,unrelated,unrelated,unrelated,unrelated,unrelated
bib-76,LATIN,1598,Venice,Construction,unrelated,unrelated,unrelated,unrelated,unrelated
bib-76,LATIN,1598,Venice,Cosmography,primary,primary,primary,primary,primary
bib-76,LATIN,1598,Venice,Geography,unrelated,primary,primary,secondary,primary
bib-76,LATIN,1598,Venice,Gnomonics & Horology,unrelated,unrelated,unrelated,unrelated,unrelated
bib-76,LATIN,1598,Venice,Instrument Construction,unrelated,unknown,unrelated,unrelated,unknown
bib-76,LATIN,1598,Venice,Instrument Use,unrelated,unknown,unrelated,unrelated,unknown
bib-76,LATIN,1598,Venice,Mechanics,unrelated,unrelated,unrelated,unrelated,unrelated
bib-76,LATIN,1598,Venice,Military Engineering,unrelated,unrelated,unrelated,unrelated,unrelated
bib-76,LATIN,1598,Venice,Music Theory,unrelated,unrelated,unrelated,unrelated,unrelated
bib-76,LATIN,1598,Venice,Navigation,unrelated,unknown,unrelated,unrelated,unknown
bib-76,LATIN,1598,Venice,Perspective,unrelated,unrelated,unrelated,unrelated,unrelated
bib-76,LATIN,1598,Venice,Practical Geometry,primary,unknown,secondary,unknown,secondary
bib-76,LATIN,1598,Venice,Surveying,unrelated,unknown,unrelated,unknown,unknown
bib-76,LATIN,1598,Venice,Theoretical Mathematics,unrelated,secondary,secondary,secondary,secondary
bib-76,LATIN,1598,Venice,Trigonometry,unrelated,unknown,unrelated,unknown,unknown
bib-8,GERMAN,1525,Nuremberg,Architecture,,unrelated,secondary,secondary,unrelated
bib-8,GERMAN,1525,Nuremberg,Arithmetic,,unrelated,unrelated,secondary,unrelated
bib-8,GERMAN,1525,Nuremberg,Astronomy,,unrelated,unrelated,unrelated,unrelated
bib-8,GERMAN,1525,Nuremberg,Cartography,,unrelated,unrelated,unrelated,unrelated
bib-8,GERMAN,1525,Nuremberg,Commercial Mathematics,,unrelated,unrelated,unrelated,unrelated
bib-8,GERMAN,1525,Nuremberg,Construction,,unrelated,secondary,unrelated,unrelated
bib-8,GERMAN,1525,Nuremberg,Cosmography,,unrelated,unrelated,unrelated,unrelated
bib-8,GERMAN,1525,Nuremberg,Geography,,unrelated,unrelated,unrelated,unrelated
bib-8,GERMAN,1525,Nuremberg,Gnomonics & Horology,,unrelated,unrelated,unrelated,unrelated
bib-8,GERMAN,1525,Nuremberg,Instrument Construction,,unrelated,unrelated,unrelated,unrelated
bib-8,GERMAN,1525,Nuremberg,Instrument Use,,primary,primary,primary,secondary
bib-8,GERMAN,1525,Nuremberg,Mechanics,,unrelated,unrelated,unrelated,unrelated
bib-8,GERMAN,1525,Nuremberg,Military Engineering,,unrelated,unrelated,unrelated,unrelated
bib-8,GERMAN,1525,Nuremberg,Music Theory,,unrelated,unrelated,unrelated,unrelated
bib-8,GERMAN,1525,Nuremberg,Navigation,,unrelated,unrelated,unrelated,unrelated
bib-8,GERMAN,1525,Nuremberg,Perspective,,unknown,secondary,primary,secondary
bib-8,GERMAN,1525,Nuremberg,Practical Geometry,,primary,primary,primary,primary
bib-8,GERMAN,1525,Nuremberg,Surveying,,unrelated,secondary,secondary,unrelated
bib-8,GERMAN,1525,Nuremberg,Theoretical Mathematics,,secondary,primary,secondary,unrelated
bib-8,GERMAN,1525,Nuremberg,Trigonometry,,unrelated,unrelated,unrelated,unrelated
bib-82,LATIN,1554,Lyon,Architecture,unrelated,secondary,secondary,unrelated,unrelated
bib-82,LATIN,1554,Lyon,Arithmetic,secondary,secondary,unknown,secondary,secondary
bib-82,LATIN,1554,Lyon,Astronomy,unrelated,unrelated,unrelated,unrelated,unrelated
bib-82,LATIN,1554,Lyon,Cartography,unrelated,unrelated,unrelated,unrelated,unrelated
bib-82,LATIN,1554,Lyon,Commercial Mathematics,unrelated,secondary,secondary,secondary,secondary
bib-82,LATIN,1554,Lyon,Construction,primary,secondary,secondary,primary,secondary
bib-82,LATIN,1554,Lyon,Cosmography,unrelated,unrelated,unrelated,unrelated,unrelated
bib-82,LATIN,1554,Lyon,Geography,unrelated,secondary,secondary,unrelated,unrelated
bib-82,LATIN,1554,Lyon,Gnomonics & Horology,unrelated,unrelated,unrelated,unrelated,unrelated
bib-82,LATIN,1554,Lyon,Instrument Construction,primary,unrelated,secondary,unrelated,secondary
bib-82,LATIN,1554,Lyon,Instrument Use,unrelated,unrelated,unrelated,unrelated,secondary
bib-82,LATIN,1554,Lyon,Mechanics,primary,secondary,secondary,primary,secondary
bib-82,LATIN,1554,Lyon,Military Engineering,secondary,unrelated,unrelated,unrelated,unrelated
bib-82,LATIN,1554,Lyon,Music Theory,unrelated,unrelated,secondary,unrelated,unrelated
bib-82,LATIN,1554,Lyon,Navigation,unrelated,unrelated,unrelated,unrelated,unrelated
bib-82,LATIN,1554,Lyon,Perspective,unrelated,unrelated,unrelated,unrelated,unrelated
bib-82,LATIN,1554,Lyon,Practical Geometry,primary,primary,primary,primary,primary
bib-82,LATIN,1554,Lyon,Surveying,primary,secondary,secondary,secondary,secondary
bib-82,LATIN,1554,Lyon,Theoretical Mathematics,primary,primary,primary,primary,primary
bib-82,LATIN,1554,Lyon,Trigonometry,unrelated,unrelated,unknown,unrelated,unrelated
bib-83,LATIN,1559,Lyon,Architecture,unrelated,secondary,secondary,unrelated,unrelated
bib-83,LATIN,1559,Lyon,Arithmetic,unrelated,primary,primary,secondary,secondary
bib-83,LATIN,1559,Lyon,Astronomy,unrelated,unrelated,unrelated,unrelated,unrelated
bib-83,LATIN,1559,Lyon,Cartography,unrelated,unrelated,unrelated,unrelated,unrelated
bib-83,LATIN,1559,Lyon,Commercial Mathematics,unrelated,secondary,secondary,secondary,secondary
bib-83,LATIN,1559,Lyon,Construction,primary,primary,secondary,secondary,primary
bib-83,LATIN,1559,Lyon,Cosmography,unrelated,unrelated,unrelated,unrelated,unrelated
bib-83,LATIN,1559,Lyon,Geography,unrelated,secondary,secondary,secondary,unrelated
bib-83,LATIN,1559,Lyon,Gnomonics & Horology,unrelated,unrelated,unrelated,unrelated,unrelated
bib-83,LATIN,1559,Lyon,Instrument Construction,unrelated,unknown,unrelated,secondary,unknown
bib-83,LATIN,1559,Lyon,Instrument Use,unrelated,unknown,unrelated,secondary,unknown
bib-83,LATIN,1559,Lyon,Mechanics,secondary,primary,secondary,primary,secondary
bib-83,LATIN,1559,Lyon,Military Engineering,unrelated,unrelated,unrelated,secondary,secondary
bib-83,LATIN,1559,Lyon,Music Theory,unrelated,secondary,unrelated,unrelated,unrelated
bib-83,LATIN,1559,Lyon,Navigation,unrelated,unrelated,unrelated,unrelated,unrelated
bib-83,LATIN,1559,Lyon,Perspective,unrelated,unrelated,unrelated,unrelated,unknown
bib-83,LATIN,1559,Lyon,Practical Geometry,primary,primary,primary,primary,primary
bib-83,LATIN,1559,Lyon,Surveying,secondary,secondary,secondary,secondary,secondary
bib-83,LATIN,1559,Lyon,Theoretical Mathematics,unrelated,primary,primary,primary,primary
bib-83,LATIN,1559,Lyon,Trigonometry,unrelated,unknown,unrelated,unknown,unknown
bib-87,ITALIAN,1584,Brescia,Architecture,unrelated,secondary,secondary,secondary,unrelated
bib-87,ITALIAN,1584,Brescia,Arithmetic,unrelated,unknown,secondary,secondary,secondary
bib-87,ITALIAN,1584,Brescia,Astronomy,unrelated,unrelated,unrelated,unrelated,unrelated
bib-87,ITALIAN,1584,Brescia,Cartography,unrelated,unrelated,unrelated,unrelated,unknown
bib-87,ITALIAN,1584,Brescia,Commercial Mathematics,unrelated,unrelated,unrelated,secondary,secondary
bib-87,ITALIAN,1584,Brescia,Construction,secondary,primary,primary,primary,primary
bib-87,ITALIAN,1584,Brescia,Cosmography,unrelated,unrelated,unrelated,unrelated,unrelated
bib-87,ITALIAN,1584,Brescia,Geography,unrelated,secondary,secondary,unrelated,secondary
bib-87,ITALIAN,1584,Brescia,Gnomonics & Horology,unrelated,unrelated,unrelated,unrelated,unrelated
bib-87,ITALIAN,1584,Brescia,Instrument Construction,unrelated,unknown,unrelated,unknown,unknown
bib-87,ITALIAN,1584,Brescia,Instrument Use,unrelated,unknown,unrelated,unknown,unknown
bib-87,ITALIAN,1584,Brescia,Mechanics,unrelated,unrelated,unrelated,unrelated,unknown
bib-87,ITALIAN,1584,Brescia,Military Engineering,unrelated,unrelated,unrelated,unrelated,unrelated
bib-87,ITALIAN,1584,Brescia,Music Theory,unrelated,unrelated,unrelated,unrelated,unrelated
bib-87,ITALIAN,1584,Brescia,Navigation,unrelated,unrelated,unrelated,unrelated,unrelated
bib-87,ITALIAN,1584,Brescia,Perspective,unrelated,unrelated,unrelated,unrelated,unrelated
bib-87,ITALIAN,1584,Brescia,Practical Geometry,primary,primary,primary,primary,primary
bib-87,ITALIAN,1584,Brescia,Surveying,primary,primary,primary,primary,primary
bib-87,ITALIAN,1584,Brescia,Theoretical Mathematics,unrelated,unrelated,unrelated,unrelated,unknown
bib-87,ITALIAN,1584,Brescia,Trigonometry,unrelated,unrelated,unknown,unrelated,unknown
bib-9,LATIN,1544,Strasbourg,Architecture,unrelated,unrelated,secondary,secondary,unrelated
bib-9,LATIN,1544,Strasbourg,Arithmetic,unrelated,unrelated,secondary,secondary,unrelated
bib-9,LATIN,1544,Strasbourg,Astronomy,unrelated,unrelated,unrelated,unrelated,unrelated
bib-9,LATIN,1544,Strasbourg,Cartography,unrelated,unrelated,unrelated,unrelated,unrelated
bib-9,LATIN,1544,Strasbourg,Commercial Mathematics,unrelated,unrelated,unrelated,unrelated,unrelated
bib-9,LATIN,1544,Strasbourg,Construction,unrelated,secondary,secondary,secondary,unrelated
bib-9,LATIN,1544,Strasbourg,Cosmography,unrelated,unrelated,unrelated,unrelated,unrelated
bib-9,LATIN,1544,Strasbourg,Geography,unrelated,unrelated,unrelated,unrelated,unrelated
bib-9,LATIN,1544,Strasbourg,Gnomonics & Horology,unrelated,unrelated,unrelated,unrelated,unrelated
bib-9,LATIN,1544,Strasbourg,Instrument Construction,unrelated,unrelated,secondary,secondary,secondary
bib-9,LATIN,1544,Strasbourg,Instrument Use,unrelated,secondary,secondary,secondary,secondary
bib-9,LATIN,1544,Strasbourg,Mechanics,unrelated,secondary,secondary,secondary,secondary
bib-9,LATIN,1544,Strasbourg,Military Engineering,unrelated,unrelated,unrelated,unrelated,unrelated
bib-9,LATIN,1544,Strasbourg,Music Theory,unrelated,unrelated,unrelated,unrelated,unrelated
bib-9,LATIN,1544,Strasbourg,Navigation,unrelated,unrelated,unrelated,unrelated,unrelated
bib-9,LATIN,1544,Strasbourg,Perspective,unrelated,unrelated,unrelated,unrelated,unrelated
bib-9,LATIN,1544,Strasbourg,Practical Geometry,primary,primary,primary,primary,primary
bib-9,LATIN,1544,Strasbourg,Surveying,unrelated,secondary,secondary,secondary,secondary
bib-9,LATIN,1544,Strasbourg,Theoretical Mathematics,unrelated,secondary,secondary,secondary,secondary
bib-9,LATIN,1544,Strasbourg,Trigonometry,unrelated,unrelated,unrelated,unknown,unrelated
bib-90,FRENCH,1585,Paris,Architecture,unrelated,unrelated,unrelated,unrelated,unrelated
bib-90,FRENCH,1585,Paris,Arithmetic,unrelated,unknown,secondary,unrelated,unrelated
bib-90,FRENCH,1585,Paris,Astronomy,unrelated,unknown,unknown,unknown,unknown
bib-90,FRENCH,1585,Paris,Cartography,unrelated,unrelated,unrelated,unrelated,unrelated
bib-90,FRENCH,1585,Paris,Commercial Mathematics,unrelated,unrelated,unrelated,unrelated,unrelated
bib-90,FRENCH,1585,Paris,Construction,unrelated,unrelated,unrelated,unrelated,unrelated
bib-90,FRENCH,1585,Paris,Cosmography,unrelated,unrelated,unknown,unknown,unknown
bib-90,FRENCH,1585,Paris,Geography,unrelated,unrelated,unrelated,unrelated,unrelated
bib-90,FRENCH,1585,Paris,Gnomonics & Horology,unrelated,unknown,unknown,unknown,unrelated
bib-90,FRENCH,1585,Paris,Instrument Construction,unrelated,primary,primary,primary,primary
bib-90,FRENCH,1585,Paris,Instrument Use,unrelated,primary,primary,primary,primary
bib-90,FRENCH,1585,Paris,Mechanics,unrelated,unknown,unrelated,unrelated,unknown
bib-90,FRENCH,1585,Paris,Military Engineering,unrelated,unrelated,unrelated,unrelated,unrelated
bib-90,FRENCH,1585,Paris,Music Theory,unrelated,unrelated,unrelated,unrelated,unrelated
bib-90,FRENCH,1585,Paris,Navigation,unrelated,unrelated,unrelated,unrelated,unrelated
bib-90,FRENCH,1585,Paris,Perspective,unrelated,unrelated,unrelated,unrelated,unrelated
bib-90,FRENCH,1585,Paris,Practical Geometry,primary,primary,primary,primary,primary
bib-90,FRENCH,1585,Paris,Surveying,unrelated,unknown,secondary,unrelated,unknown
bib-90,FRENCH,1585,Paris,Theoretical Mathematics,unrelated,secondary,secondary,unrelated,secondary
bib-90,FRENCH,1585,Paris,Trigonometry,unrelated,unknown,secondary,unrelated,unknown
bib-91,ITALIAN,1563,Venice,Architecture,unrelated,secondary,unrelated,unrelated,unrelated
bib-91,ITALIAN,1563,Venice,Arithmetic,primary,primary,primary,primary,primary
bib-91,ITALIAN,1563,Venice,Astronomy,unrelated,unrelated,unrelated,unrelated,unrelated
bib-91,ITALIAN,1563,Venice,Cartography,unrelated,unrelated,unrelated,unrelated,unrelated
bib-91,ITALIAN,1563,Venice,Commercial Mathematics,unrelated,unrelated,unrelated,unrelated,unrelated
bib-91,ITALIAN,1563,Venice,Construction,unrelated,secondary,secondary,unrelated,unrelated
bib-91,ITALIAN,1563,Venice,Cosmography,unrelated,unrelated,unrelated,unrelated,unrelated
bib-91,ITALIAN,1563,Venice,Geography,unrelated,unrelated,unrelated,unrelated,unrelated
bib-91,ITALIAN,1563,Venice,Gnomonics & Horology,unrelated,unrelated,unrelated,unrelated,unrelated
bib-91,ITALIAN,1563,Venice,Instrument Construction,unrelated,secondary,unrelated,unrelated,unrelated
bib-91,ITALIAN,1563,Venice,Instrument Use,unrelated,secondary,unrelated,unrelated,unrelated
bib-91,ITALIAN,1563,Venice,Mechanics,unrelated,secondary,secondary,unrelated,unrelated
bib-91,ITALIAN,1563,Venice,Military Engineering,unrelated,unrelated,unrelated,unrelated,unrelated
bib-91,ITALIAN,1563,Venice,Music Theory,unrelated,unrelated,unrelated,unrelated,unrelated
bib-91,ITALIAN,1563,Venice,Navigation,unrelated,unrelated,unrelated,unrelated,unrelated
bib-91,ITALIAN,1563,Venice,Perspective,unrelated,unrelated,unrelated,unrelated,unrelated
bib-91,ITALIAN,1563,Venice,Practical Geometry,primary,primary,primary,primary,primary
bib-91,ITALIAN,1563,Venice,Surveying,unrelated,unrelated,unknown,unrelated,unrelated
bib-91,ITALIAN,1563,Venice,Theoretical Mathematics,unrelated,primary,primary,primary,primary
bib-91,ITALIAN,1563,Venice,Trigonometry,unrelated,unrelated,unrelated,unrelated,unrelated
bib-93,ITALIAN,1603,Venice,Architecture,unrelated,unrelated,unrelated,unrelated,unrelated
bib-93,ITALIAN,1603,Venice,Arithmetic,primary,primary,primary,primary,primary
bib-93,ITALIAN,1603,Venice,Astronomy,unrelated,unrelated,unrelated,unrelated,unrelated
bib-93,ITALIAN,1603,Venice,Cartography,unrelated,unrelated,unrelated,unrelated,unrelated
bib-93,ITALIAN,1603,Venice,Commercial Mathematics,primary,unrelated,unrelated,unrelated,unrelated
bib-93,ITALIAN,1603,Venice,Construction,unrelated,unrelated,unrelated,unrelated,unrelated
bib-93,ITALIAN,1603,Venice,Cosmography,unrelated,unrelated,unrelated,unrelated,unrelated
bib-93,ITALIAN,1603,Venice,Geography,unrelated,unrelated,secondary,unrelated,unrelated
bib-93,ITALIAN,1603,Venice,Gnomonics & Horology,unrelated,unrelated,unrelated,unrelated,unrelated
bib-93,ITALIAN,1603,Venice,Instrument Construction,unrelated,unrelated,unknown,unrelated,unrelated
bib-93,ITALIAN,1603,Venice,Instrument Use,unrelated,unrelated,unknown,unknown,unrelated
bib-93,ITALIAN,1603,Venice,Mechanics,unrelated,unrelated,unrelated,unrelated,unrelated
bib-93,ITALIAN,1603,Venice,Military Engineering,unrelated,unrelated,unrelated,unrelated,unrelated
bib-93,ITALIAN,1603,Venice,Music Theory,unrelated,unrelated,unrelated,unrelated,unrelated
bib-93,ITALIAN,1603,Venice,Navigation,unrelated,unrelated,unrelated,unrelated,unrelated
bib-93,ITALIAN,1603,Venice,Perspective,unrelated,unrelated,unrelated,unrelated,unrelated
bib-93,ITALIAN,1603,Venice,Practical Geometry,primary,primary,primary,primary,primary
bib-93,ITALIAN,1603,Venice,Surveying,primary,primary,secondary,primary,primary
bib-93,ITALIAN,1603,Venice,Theoretical Mathematics,unrelated,unrelated,secondary,secondary,unrelated
bib-93,ITALIAN,1603,Venice,Trigonometry,unrelated,unknown,secondary,secondary,unknown
ustc-16,FRENCH,1604,Paris,Architecture,unrelated,unrelated,unrelated,unrelated,unrelated
ustc-16,FRENCH,1604,Paris,Arithmetic,unrelated,unrelated,unrelated,unrelated,unrelated
ustc-16,FRENCH,1604,Paris,Astronomy,secondary,primary,primary,primary,primary
ustc-16,FRENCH,1604,Paris,Cartography,unrelated,unrelated,unrelated,unrelated,unrelated
ustc-16,FRENCH,1604,Paris,Commercial Mathematics,unrelated,unrelated,unrelated,unrelated,unrelated
ustc-16,FRENCH,1604,Paris,Construction,unrelated,unrelated,unrelated,unrelated,unrelated
ustc-16,FRENCH,1604,Paris,Cosmography,unrelated,unrelated,unrelated,unrelated,unrelated
ustc-16,FRENCH,1604,Paris,Geography,unrelated,secondary,unrelated,unrelated,unrelated
ustc-16,FRENCH,1604,Paris,Gnomonics & Horology,unrelated,unrelated,unrelated,unrelated,unrelated
ustc-16,FRENCH,1604,Paris,Instrument Construction,primary,primary,primary,primary,primary
ustc-16,FRENCH,1604,Paris,Instrument Use,primary,primary,primary,primary,primary
ustc-16,FRENCH,1604,Paris,Mechanics,unrelated,secondary,secondary,secondary,unrelated
ustc-16,FRENCH,1604,Paris,Military Engineering,unrelated,unrelated,unrelated,unrelated,unrelated
ustc-16,FRENCH,1604,Paris,Music Theory,unrelated,unrelated,unrelated,unrelated,unrelated
ustc-16,FRENCH,1604,Paris,Navigation,primary,secondary,unrelated,secondary,secondary
ustc-16,FRENCH,1604,Paris,Perspective,unrelated,unrelated,unrelated,unrelated,unrelated
ustc-16,FRENCH,1604,Paris,Practical Geometry,unrelated,primary,primary,primary,secondary
ustc-16,FRENCH,1604,Paris,Surveying,unrelated,unrelated,unrelated,unrelated,unrelated
ustc-16,FRENCH,1604,Paris,Theoretical Mathematics,unrelated,unrelated,unrelated,secondary,unrelated
ustc-16,FRENCH,1604,Paris,Trigonometry,unrelated,unrelated,unknown,unknown,unrelated
ustc-29,FRENCH,1602,Paris,Architecture,unrelated,unknown,unknown,unrelated,unknown
ustc-29,FRENCH,1602,Paris,Arithmetic,unrelated,unrelated,unrelated,unknown,unknown
ustc-29,FRENCH,1602,Paris,Astronomy,unrelated,unrelated,unrelated,unrelated,unrelated
ustc-29,FRENCH,1602,Paris,Cartography,unrelated,unrelated,unrelated,unrelated,unrelated
ustc-29,FRENCH,1602,Paris,Commercial Mathematics,unrelated,unrelated,unrelated,unrelated,unrelated
ustc-29,FRENCH,1602,Paris,Construction,unrelated,unknown,unknown,secondary,secondary
ustc-29,FRENCH,1602,Paris,Cosmography,unrelated,unrelated,unrelated,unrelated,unrelated
ustc-29,FRENCH,1602,Paris,Geography,unrelated,unrelated,unrelated,unrelated,unrelated
ustc-29,FRENCH,1602,Paris,Gnomonics & Horology,unrelated,unrelated,unrelated,unrelated,unrelated
ustc-29,FRENCH,1602,Paris,Instrument Construction,unrelated,unrelated,unknown,unknown,unknown
ustc-29,FRENCH,1602,Paris,Instrument Use,unrelated,unknown,unknown,unknown,secondary
ustc-29,FRENCH,1602,Paris,Mechanics,unrelated,unrelated,unrelated,unrelated,unknown
ustc-29,FRENCH,1602,Paris,Military Engineering,unrelated,unrelated,unrelated,secondary,secondary
ustc-29,FRENCH,1602,Paris,Music Theory,unrelated,unrelated,unrelated,unrelated,unrelated
ustc-29,FRENCH,1602,Paris,Navigation,unrelated,unrelated,unrelated,unrelated,unrelated
ustc-29,FRENCH,1602,Paris,Perspective,unrelated,unknown,unrelated,unrelated,unrelated
ustc-29,FRENCH,1602,Paris,Practical Geometry,primary,primary,primary,primary,primary
ustc-29,FRENCH,1602,Paris,Surveying,unrelated,unknown,unknown,secondary,secondary
ustc-29,FRENCH,1602,Paris,Theoretical Mathematics,unrelated,unknown,unknown,unknown,unrelated
ustc-29,FRENCH,1602,Paris,Trigonometry,unrelated,unknown,unknown,unknown,secondary
ustc-32,FRENCH,1578,Paris,Architecture,unrelated,unrelated,unrelated,unrelated,unrelated
ustc-32,FRENCH,1578,Paris,Arithmetic,primary,primary,primary,primary,primary
ustc-32,FRENCH,1578,Paris,Astronomy,unrelated,unrelated,unrelated,unrelated,unrelated
ustc-32,FRENCH,1578,Paris,Cartography,unrelated,unrelated,unrelated,unrelated,unrelated
ustc-32,FRENCH,1578,Paris,Commercial Mathematics,unrelated,unrelated,unrelated,unrelated,unrelated
ustc-32,FRENCH,1578,Paris,Construction,unrelated,unrelated,unrelated,unrelated,unrelated
ustc-32,FRENCH,1578,Paris,Cosmography,unrelated,unrelated,unrelated,unrelated,unrelated
ustc-32,FRENCH,1578,Paris,Geography,unrelated,unrelated,unrelated,unrelated,unrelated
ustc-32,FRENCH,1578,Paris,Gnomonics & Horology,unrelated,unrelated,unrelated,unrelated,unrelated
ustc-32,FRENCH,1578,Paris,Instrument Construction,unrelated,unrelated,unrelated,unrelated,unrelated
ustc-32,FRENCH,1578,Paris,Instrument Use,unrelated,unrelated,unrelated,unrelated,unrelated
ustc-32,FRENCH,1578,Paris,Mechanics,unrelated,unrelated,unrelated,unrelated,unrelated
ustc-32,FRENCH,1578,Paris,Military Engineering,unrelated,unrelated,unrelated,unrelated,unrelated
ustc-32,FRENCH,1578,Paris,Music Theory,unrelated,unrelated,unrelated,unrelated,unrelated
ustc-32,FRENCH,1578,Paris,Navigation,unrelated,unrelated,unrelated,unrelated,unrelated
ustc-32,FRENCH,1578,Paris,Perspective,unrelated,unrelated,unrelated,unrelated,unrelated
ustc-32,FRENCH,1578,Paris,Practical Geometry,unrelated,unrelated,unrelated,unrelated,unrelated
ustc-32,FRENCH,1578,Paris,Surveying,unrelated,unrelated,unrelated,unrelated,unrelated
ustc-32,FRENCH,1578,Paris,Theoretical Mathematics,unrelated,secondary,unrelated,unrelated,secondary
ustc-32,FRENCH,1578,Paris,Trigonometry,unrelated,unrelated,unrelated,unrelated,unrelated
ustc-44,FRENCH,1555,Paris,Architecture,unrelated,unknown,unknown,unknown,unrelated
ustc-44,FRENCH,1555,Paris,Arithmetic,unrelated,unknown,unknown,unknown,unrelated
ustc-44,FRENCH,1555,Paris,Astronomy,unrelated,unrelated,unknown,unknown,unrelated
ustc-44,FRENCH,1555,Paris,Cartography,unrelated,unrelated,unknown,unknown,unrelated
ustc-44,FRENCH,1555,Paris,Commercial Mathematics,unrelated,unrelated,unknown,unrelated,unrelated
ustc-44,FRENCH,1555,Paris,Construction,unrelated,unknown,unknown,unknown,unrelated
ustc-44,FRENCH,1555,Paris,Cosmography,unrelated,unrelated,unknown,unknown,unrelated
ustc-44,FRENCH,1555,Paris,Geography,unrelated,unrelated,unknown,unknown,unrelated
ustc-44,FRENCH,1555,Paris,Gnomonics & Horology,unrelated,unrelated,unknown,unknown,unrelated
ustc-44,FRENCH,1555,Paris,Instrument Construction,unrelated,unknown,unknown,unknown,unknown
ustc-44,FRENCH,1555,Paris,Instrument Use,unrelated,unknown,unknown,unknown,unknown
ustc-44,FRENCH,1555,Paris,Mechanics,unrelated,unrelated,unknown,unknown,unrelated
ustc-44,FRENCH,1555,Paris,Military Engineering,unrelated,unrelated,unknown,unrelated,unrelated
ustc-44,FRENCH,1555,Paris,Music Theory,unrelated,unrelated,unknown,unrelated,unrelated
ustc-44,FRENCH,1555,Paris,Navigation,unrelated,unrelated,unknown,unknown,unrelated
ustc-44,FRENCH,1555,Paris,Perspective,unrelated,unknown,unknown,unknown,unrelated
ustc-44,FRENCH,1555,Paris,Practical Geometry,primary,primary,primary,primary,primary
ustc-44,FRENCH,1555,Paris,Surveying,unrelated,unknown,unknown,unknown,unknown
ustc-44,FRENCH,1555,Paris,Theoretical Mathematics,unrelated,unknown,unknown,unknown,unrelated
ustc-44,FRENCH,1555,Paris,Trigonometry,unrelated,unknown,unknown,unknown,unknown
