classification_key,year,city,language,format_group,primary_subject_family,is_metadata_elements_representative,elements_books_group,euclid_elements_dominant_mode,visual_title_claim,metadata_diagrams_any,fig_proof_apparatus,fig_practical_operation,fig_visual_pedagogy,fig_edition_furnishing,fig_ancient_learned_apparatus,rich_claim_text_raw,rich_social_text_raw,deductive_part_evidence
Paris_1500,1500,Paris,LATIN,folio,Cosmos/Earth,True,unknown_books,euclid_composite_workshop,True,True,False,True,False,True,True,adiecta | illustratus | Geometria Euclidis | Academie illustratus | expositione Anuli Astronomici | Johannis de Sacro Bosco | Iacobi Lefranc | Geometria Euclidis | cum additione | adiecta | Nouo commentario nuper coito | De Sphe ra Johannis de Sa- cro bosco | Anuli Astronomici Iacobi Lefranc | Anuli Astronomici | De Sphe ra Johannis de Sa- cro bosco | Nouo commentario nuper coito adutilitate studii philosophici | Lili expositione Anuli Astro- nomici Iacobi Lefranc | Euclidis,Academie | Academie illustratus | expositione Anuli Astronomici | Johannis de Sacro Bosco | Iacobi Lefranc,adiecta | illustratus | geometria euclidis | academie illustratus | expositione anuli astronomici | johannis de sacro bosco | iacobi lefranc | geometria euclidis | cum additione | adiecta | nouo commentario nuper coito | de sphe ra johannis de sa- cro bosco | anuli astronomici iacobi lefranc | anuli astronomici | de sphe ra johannis de sa- cro bosco | nouo commentario nuper coito adutilitate studii philosophici | lili expositione anuli astro- nomici iacobi lefranc | euclidis | adiecta illustratus cum additione adiecta nouo commentario nuper coito de sphe ra johannis de sa cro bosco anuli astronomici iacobi lefranc anuli astronomici de sphe ra johannis de sa cro bosco nouo commentario nuper coito adutilitate studii philosophici lili expositione anuli astro nomici iacobi lefranc johannis de sacro bosco iacobi lefranc geometria euclidis euclidis | adiecta illustratus cum additione adiecta nouo commentario nuper coito de sphe ra johannis de sa cro bosco anuli astronomici iacobi lefranc anuli astronomici de sphe ra johannis de sa cro bosco nouo commentario nuper coito adutilitate studii philosophici lili expositione anuli astro nomici iacobi lefranc academie johannis de sacro bosco iacobi lefranc geometria euclidis euclidis academie illustratus expositione anuli astronomici lili | Geometria Euclidis | cum additione | adiecta | Nouo commentario nuper coito | De Sphe ra Johannis de Sa- cro bosco | Anuli Astronomici Iacobi Lefranc | Geometria (extract) | False | False | False
Paris_1507,1507,Paris,LATIN,folio,Cosmos/Earth,True,unknown_books,euclid_composite_workshop,True,False,False,False,False,True,True,adiecta | edito | illustratus | studentium Philosophice Parisiensis | Geometria Euclidis Megarensis | Cum additione (quan-tum necessarium est) adiecta | Nouo commentario nuper edito | Academie illustratus | Geometria Euclidis Megarensis | Cum additione (quan-tum necessarium est) adiecta | Nouo commentario nuper edito | Cum Compositione Anuli Astronomici Boni Latensis | De Sphera Iohannis de Sacrobosco | Compositione Anuli Astronomici Boni Latensis | De Sphera Iohannis de Sacrobosco | Compositione Anuli Astronomici Boni Latensis | Euclidis Megarensis | Euclidis Megarensis,studentium Philosophice Parisiensis | Academie | Academie illustratus,adiecta | edito | illustratus | studentium philosophice parisiensis | geometria euclidis megarensis | cum additione (quan-tum necessarium est) adiecta | nouo commentario nuper edito | academie illustratus | geometria euclidis megarensis | cum additione (quan-tum necessarium est) adiecta | nouo commentario nuper edito | cum compositione anuli astronomici boni latensis | de sphera iohannis de sacrobosco | compositione anuli astronomici boni latensis | de sphera iohannis de sacrobosco | compositione anuli astronomici boni latensis | euclidis megarensis | euclidis megarensis | adiecta edito illustratus cum additione quan tum necessarium est adiecta nouo commentario nuper edito cum additione quan tum necessarium est adiecta nouo commentario nuper edito cum compositione anuli astronomici boni latensis de sphera iohannis de sacrobosco compositione anuli astronomici boni latensis de sphera iohannis de sacrobosco compositione anuli astronomici boni latensis geometria euclidis megarensis euclidis megarensis euclidis megarensis | adiecta edito illustratus cum additione quan tum necessarium est adiecta nouo commentario nuper edito cum additione quan tum necessarium est adiecta nouo commentario nuper edito cum compositione anuli astronomici boni latensis de sphera iohannis de sacrobosco compositione anuli astronomici boni latensis de sphera iohannis de sacrobosco compositione anuli astronomici boni latensis studentium philosophice parisiensis academie geometria euclidis megarensis euclidis megarensis euclidis megarensis academie illustratus | Geometria Euclidis Megarensis | Cum additione (quan-tum necessarium est) adiecta | Nouo commentario nuper edito | Cum Compositione Anuli Astronomici Boni Latensis | Cum additione (quan-tum necessarium est) adiecta | Nouo commentario nuper edito | De Sphera Iohannis de Sacrobosco | Compositione Anuli Astronomici Boni Latensis | Geometria | False | False | False
Venice_1509,1509,Venice,LATIN,folio,No primary family,True,near_complete_or_expanded,euclid_composite_workshop,True,False,False,False,False,True,True,tralata | emen-dauit | detersit | concinnauit | addidit | aperuit | enarrauit | illustrauit | prestitit | Euclidis megarensis philosophi acutissimi mathematicorumque omnium sine controuersia principis opera | Que cum antea librariorum detestanda culpa mendis fedissimis adeo deformia essent: vt vix Euclidem ipsum agnoscere-mus | a Campano interprete fidissimo tralata | interprete fidissimo | Lucas paciolus theologus insignis | Euclidis megarensis philosophi acutissimi mathematicorumque omnium sine controuersia principis opera | Figuras centum et vndetriginta que in alijs codicibus inuerse et deformate erant: ad rectam symmetriam concinnauit: et multas necessarias addidit | plurimis locis intellectu diicilem commentariolis sane luculentis et eruditiss | aperuit: enarrauit: illustrauit | megarensis philosophi acutissimi mathematicorumque omnium sine controuersia principis | Euclidis | Euclidem,interprete fidissimo | Scipio vegius mediol | Lucas paciolus theologus insignis,Euclidis megarensis philosophi acutissimi mathematicorumque omnium sine controversia principis opera | tralata | emen-dauit | detersit | concinnauit | addidit | aperuit | enarrauit | illustrauit | prestitit | euclidis megarensis philosophi acutissimi mathematicorumque omnium sine controuersia principis opera | que cum antea librariorum detestanda culpa mendis fedissimis adeo deformia essent: vt vix euclidem ipsum agnoscere-mus | a campano interprete fidissimo tralata | interprete fidissimo | lucas paciolus theologus insignis | euclidis megarensis philosophi acutissimi mathematicorumque omnium sine controuersia principis opera | figuras centum et vndetriginta que in alijs codicibus inuerse et deformate erant: ad rectam symmetriam concinnauit: et multas necessarias addidit | plurimis locis intellectu diicilem commentariolis sane luculentis et eruditiss | aperuit: enarrauit: illustrauit | megarensis philosophi acutissimi mathematicorumque omnium sine controuersia principis | euclidis | euclidem | tralata emen dauit detersit concinnauit addidit aperuit enarrauit illustrauit prestitit a campano interprete fidissimo tralata que cum antea librariorum detestanda culpa mendis fedissimis adeo deformia essent vt vix euclidem ipsum agnoscere mus figuras centum et vndetriginta que in alijs codicibus inuerse et deformate erant ad rectam symmetriam concinnauit et multas necessarias addidit plurimis locis intellectu diicilem commentariolis sane luculentis et eruditiss aperuit enarrauit illustrauit lucas paciolus theologus insignis euclidis megarensis philosophi acutissimi mathematicorumque omnium sine controuersia principis opera euclidis euclidem megarensis philosophi acutissimi mathematicorumque omnium sine controuersia principis | tralata emen dauit detersit concinnauit addidit aperuit enarrauit illustrauit prestitit a campano interprete fidissimo tralata que cum antea librariorum detestanda culpa mendis fedissimis adeo deformia essent vt vix euclidem ipsum agnoscere mus figuras centum et vndetriginta que in alijs codicibus inuerse et deformate erant ad rectam symmetriam concinnauit et multas necessarias addidit plurimis locis intellectu diicilem commentariolis sane luculentis et eruditiss aperuit enarrauit illustrauit lucas paciolus theologus insignis euclidis megarensis philosophi acutissimi mathematicorumque omnium sine controuersia principis opera euclidis euclidem megarensis philosophi acutissimi mathematicorumque omnium sine controuersia principis interprete fidissimo campano | Que cum antea librariorum detestanda culpa mendis fedissimis adeo deformia essent: vt vix Euclidem ipsum agnoscere-mus | Euclidis megarensis philosophi acutissimi mathematicorumque omnium sine controuersia principis opera | Figuras centum et vndetriginta que in alijs codicibus inuerse et deformate erant: ad rectam symmetriam concinnauit: et multas necessarias addidit | plurimis locis intellectu diicilem commentariolis sane luculentis et eruditiss | aperuit: enarrauit: illustrauit | a Campano interprete fidissimo tralata | False | False | False
Paris_1511,1511,Paris,LATIN,folio,Cosmos/Earth,True,unknown_books,euclid_composite_workshop,True,False,False,False,False,True,True,adiecta | nuper edito | illustratus | studentium Philosophice Parisiensis | Geometria Euclidis Megarensis | Cum additione (quan-  tum necessarium est) adiecta | Nouo commentario nuper edito | Johannis de Sacrobosco | Boni Latensis | Geometria Euclidis Megarensis | Cum additione (quan-  tum necessarium est) adiecta | Nouo commentario nuper edito | TEXtus De Sphera Johannis de Sacrobosco | Compositione Anuli Astronomici Boni Latensis | De Sphera | Compositione Anuli Astronomici | Euclidis Megarensis | Euclidis Megarensis,studentium Philosophice Parisiensis | Academie | Johannis de Sacrobosco | Boni Latensis,adiecta | nuper edito | illustratus | studentium philosophice parisiensis | geometria euclidis megarensis | cum additione (quan- tum necessarium est) adiecta | nouo commentario nuper edito | johannis de sacrobosco | boni latensis | geometria euclidis megarensis | cum additione (quan- tum necessarium est) adiecta | nouo commentario nuper edito | textus de sphera johannis de sacrobosco | compositione anuli astronomici boni latensis | de sphera | compositione anuli astronomici | euclidis megarensis | euclidis megarensis | adiecta nuper edito illustratus cum additione quan tum necessarium est adiecta nouo commentario nuper edito cum additione quan tum necessarium est adiecta nouo commentario nuper edito textus de sphera johannis de sacrobosco compositione anuli astronomici boni latensis de sphera compositione anuli astronomici johannis de sacrobosco boni latensis geometria euclidis megarensis euclidis megarensis euclidis megarensis | adiecta nuper edito illustratus cum additione quan tum necessarium est adiecta nouo commentario nuper edito cum additione quan tum necessarium est adiecta nouo commentario nuper edito textus de sphera johannis de sacrobosco compositione anuli astronomici boni latensis de sphera compositione anuli astronomici studentium philosophice parisiensis academie johannis de sacrobosco boni latensis geometria euclidis megarensis euclidis megarensis euclidis megarensis | Geometria Euclidis Megarensis | Cum additione (quan-  tum necessarium est) adiecta | Nouo commentario nuper edito | Cum additione (quan-  tum necessarium est) adiecta | Nouo commentario nuper edito | TEXtus De Sphera Johannis de Sacrobosco | Compositione Anuli Astronomici Boni Latensis | Geometria | False | False | False
Paris_1516a,1516,Paris,LATIN,folio,Geometry/Theory | Instruments/Measurement | Cosmos/Earth,True,unknown_books,euclid_composite_workshop,True,False,False,False,False,True,True,adjecta | edito | illustratus | studentium Philosophice Parisiensis | Geometria Eu-clidis Megarensis | Nouo commentario nuper edito | Joannis de Sacrobosco | Boneti Latensis | Geometria Eu-clidis Megarensis | additione (quan-tum necessarium est) adjecta | Nouo commentario nuper edito | Compositione Anuli Astronomici Boneti Latensis | Textus De Sphera Joannis de Sacrobosco | Textus De Sphera Joannis de Sacrobosco | Eu-clidis Megarensis | Eu-clidis,studentium Philosophice Parisiensis | Academie | Joannis de Sacrobosco | Boneti Latensis,adjecta | edito | illustratus | studentium philosophice parisiensis | geometria eu-clidis megarensis | nouo commentario nuper edito | joannis de sacrobosco | boneti latensis | geometria eu-clidis megarensis | additione (quan-tum necessarium est) adjecta | nouo commentario nuper edito | compositione anuli astronomici boneti latensis | textus de sphera joannis de sacrobosco | textus de sphera joannis de sacrobosco | eu-clidis megarensis | eu-clidis | adjecta edito illustratus nouo commentario nuper edito additione quan tum necessarium est adjecta nouo commentario nuper edito compositione anuli astronomici boneti latensis textus de sphera joannis de sacrobosco textus de sphera joannis de sacrobosco joannis de sacrobosco boneti latensis geometria eu clidis megarensis eu clidis eu clidis megarensis | adjecta edito illustratus nouo commentario nuper edito additione quan tum necessarium est adjecta nouo commentario nuper edito compositione anuli astronomici boneti latensis textus de sphera joannis de sacrobosco textus de sphera joannis de sacrobosco studentium philosophice parisiensis academie joannis de sacrobosco boneti latensis geometria eu clidis megarensis eu clidis eu clidis megarensis | Geometria Eu-clidis Megarensis | additione (quan-tum necessarium est) adjecta | Nouo commentario nuper edito | Compositione Anuli Astronomici Boneti Latensis | Nouo commentario nuper edito | Textus De Sphera Joannis de Sacrobosco | Geometria | False | False | False
Paris_1521,1521,Paris,LATIN,folio,Instruments/Measurement | Cosmos/Earth,True,unknown_books,euclid_composite_workshop,True,False,False,False,False,True,True,ADditione | illustratus | studentium philosophiæ Parisiensis Academiæ | Geometria Euclidis Megarensis | INTRODVCTORIA ADditione (quantum necessarium est) commentarioque | Cum compositione Annuli astronomici Boneti Latensis | Boneti | Geometria Euclidis Megarensis | INTRODVCTORIA ADditione (quantum necessarium est) commentarioque | Annuli astronomici Boneti Latensis | Geometria Euclidis Megarensis | Annuli astronomici Boneti Latensis | Geometria Euclidis Megarensis | Euclidis Megarensis | Euclidis,studentium philosophiæ Parisiensis Academiæ | Parisiensis Academiæ | Boneti,"Textus de Sphaera, introductoria additione commentarioque ad utilitatem studentium philosophiae Parisiensis Academiae illustratus, cum compositione annuli astronomici et geometria | additione | illustratus | studentium philosophiæ parisiensis academiæ | geometria euclidis megarensis | introdvctoria additione (quantum necessarium est) commentarioque | cum compositione annuli astronomici boneti latensis | boneti | geometria euclidis megarensis | introdvctoria additione (quantum necessarium est) commentarioque | annuli astronomici boneti latensis | geometria euclidis megarensis | annuli astronomici boneti latensis | geometria euclidis megarensis | euclidis megarensis | euclidis | additione illustratus introdvctoria additione quantum necessarium est commentarioque cum compositione annuli astronomici boneti latensis introdvctoria additione quantum necessarium est commentarioque annuli astronomici boneti latensis geometria euclidis megarensis annuli astronomici boneti latensis geometria euclidis megarensis boneti geometria euclidis megarensis euclidis euclidis megarensis | additione illustratus introdvctoria additione quantum necessarium est commentarioque cum compositione annuli astronomici boneti latensis introdvctoria additione quantum necessarium est commentarioque annuli astronomici boneti latensis geometria euclidis megarensis annuli astronomici boneti latensis geometria euclidis megarensis studentium philosophi parisiensis academi parisiensis academi boneti geometria euclidis megarensis euclidis euclidis megarensis ioannis de sacrobosco | Geometria Euclidis Megarensis | INTRODVCTORIA ADditione (quantum necessarium est) commentarioque | INTRODVCTORIA ADditione (quantum necessarium est) commentarioque | Cum compositione Annuli astronomici Boneti Latensis | Annuli astronomici Boneti Latensis | Geometria Euclidis Megarensis | Geometria | False | False | False"
Paris_1527,1527,Paris,LATIN,folio,Cosmos/Earth,True,unknown_books,euclid_composite_workshop,True,False,False,False,False,True,True,ADDITIONE | illustratus | studentium philosophiæ Parisiensis Academiæ | studentium Philosophiæ Parisiensis Academiæ | Geometria Euclidis Megarensis | INTRODVCTORIA ADDITIONE (QVANtum necessarium est) commentarióque | Academiæ illustratus | Boneti Latensis | IOANNIS DE SACROBOSCO | Boneti Latensis | Geometria Euclidis Megarensis | INTRODVCTORIA ADDITIONE (quantum necessarium est) commentarióque | INTRODVCTORIA ADDITIONE | INTRODVCTORIA ADDITIONE (QVANtum necessarium est) commentarióque | Annuli astronomici Boneti Latensis | Geometria Euclidis Megarensis | TEXTVS DE SPHAERA IOANNIS DE SACROBOSCO | Annuli astronomici Boneti Latensis | Annuli astronomici Boneti Latensis | Annuli astronomici Boneti Latensis | Geometria Euclidis Megarensis | TEXTVS DE SPHAERA | Annuli astronomici | Annuli astronomici Boneti Latensis | Euclidis Megarensis | Euclidis Megarensis,studentium philosophiæ Parisiensis Academiæ | studentium Philosophiæ Parisiensis Academiæ | Parisiensis Academiæ | Philosophiæ Parisiensis Academiæ | Academiæ illustratus | Boneti Latensis | IOANNIS DE SACROBOSCO | Boneti Latensis,additione | illustratus | studentium philosophiæ parisiensis academiæ | studentium philosophiæ parisiensis academiæ | geometria euclidis megarensis | introdvctoria additione (qvantum necessarium est) commentarióque | academiæ illustratus | boneti latensis | ioannis de sacrobosco | boneti latensis | geometria euclidis megarensis | introdvctoria additione (quantum necessarium est) commentarióque | introdvctoria additione | introdvctoria additione (qvantum necessarium est) commentarióque | annuli astronomici boneti latensis | geometria euclidis megarensis | textvs de sphaera ioannis de sacrobosco | annuli astronomici boneti latensis | annuli astronomici boneti latensis | annuli astronomici boneti latensis | geometria euclidis megarensis | textvs de sphaera | annuli astronomici | annuli astronomici boneti latensis | euclidis megarensis | euclidis megarensis | additione illustratus introdvctoria additione qvantum necessarium est commentarioque introdvctoria additione quantum necessarium est commentarioque introdvctoria additione introdvctoria additione qvantum necessarium est commentarioque annuli astronomici boneti latensis geometria euclidis megarensis textvs de sphaera ioannis de sacrobosco annuli astronomici boneti latensis annuli astronomici boneti latensis annuli astronomici boneti latensis geometria euclidis megarensis textvs de sphaera annuli astronomici annuli astronomici boneti latensis boneti latensis ioannis de sacrobosco boneti latensis geometria euclidis megarensis euclidis megarensis euclidis megarensis | additione illustratus introdvctoria additione qvantum necessarium est commentarioque introdvctoria additione quantum necessarium est commentarioque introdvctoria additione introdvctoria additione qvantum necessarium est commentarioque annuli astronomici boneti latensis geometria euclidis megarensis textvs de sphaera ioannis de sacrobosco annuli astronomici boneti latensis annuli astronomici boneti latensis annuli astronomici boneti latensis geometria euclidis megarensis textvs de sphaera annuli astronomici annuli astronomici boneti latensis studentium philosophi parisiensis academi studentium philosophi parisiensis academi parisiensis academi philosophi parisiensis academi boneti latensis ioannis de sacrobosco boneti latensis geometria euclidis megarensis euclidis megarensis euclidis megarensis academi illustratus ioannis de sacrobosco | Geometria Euclidis Megarensis | INTRODVCTORIA ADDITIONE (quantum necessarium est) commentarióque | INTRODVCTORIA ADDITIONE | INTRODVCTORIA ADDITIONE (QVANtum necessarium est) commentarióque | INTRODVCTORIA ADDITIONE (QVANtum necessarium est) commentarióque | Annuli astronomici Boneti Latensis | Geometria Euclidis Megarensis | TEXTVS DE SPHAERA IOANNIS DE SACROBOSCO | Annuli astronomici Boneti Latensis | Annuli astronomici Boneti Latensis | Geometria | False | False | False
Paris_1538,1538,Paris,LATIN,folio,Cosmos/Earth,True,unknown_books,euclid_composite_workshop,True,False,False,False,False,True,True,illustratus | studentium Philosophiæ Parisiensis Academiæ | Geometria Euclidis Megarensis | Boneti Latensis | Geometria Euclidis Megarensis | INTRODVCTORIA ADditione (quantum necessarium est) commen-tarióque | TEXTVS  DE  SPHAERA  IOANNIS  DE  SACROBOSCO | Annuli astronomici Boneti Latensis | TEXTVS  DE  SPHAERA  IOANNIS  DE  SACROBOSCO | Annuli astronomici Boneti Latensis | Euclidis Megarensis | Euclidis | Euclidis Megarensis,studentium Philosophiæ Parisiensis Academiæ | Philosophiæ Parisiensis Academiæ | Boneti Latensis,
Basel_1546a,1546,Basel,"DUTCH, LATIN",folio,Arithmetic/Commerce | Music,True,unknown_books,not_euclid_elements,True,False,False,False,False,True,False,emendauimus | illustrauit | restituit | Aristoteles | HENRICHVS LORITVS GLAREANVS | MARTIANVS ROTA | Boëthi,monasterio S. Georgij | Aristoteles | HENRICHVS LORITVS GLAREANVS | MARTIANVS ROTA | Boëthi,
Basel_1562,1562,Basel,GERMAN,folio,Geometry/Theory,True,books_1_6,euclid_geometry_theory_primary,True,False,False,False,False,False,True,"gebracht | erklärt | geziert | gegeben | genant | den Kunstliebenden Teütschen | Die Sechs Erste Bücher Euclidis | Vom anfang oder grund der Geometrj | von Augspurg | Die Sechs Erste Bücher Euclidis | aigenttlich erklärt | verstentlichen Exempeln, gründlichen Figurn | allerlaj den nutz füraugen stellenden Anhängen | Griechischer | Teütsch | Euclidis",den Kunstliebenden Teütschen | von Augspurg,"Die sechs ersten Bücher Euclidis, vom Anfang oder Grund der Geometrie | gebracht | erklärt | geziert | gegeben | genant | den kunstliebenden teütschen | die sechs erste bücher euclidis | vom anfang oder grund der geometrj | von augspurg | die sechs erste bücher euclidis | aigenttlich erklärt | verstentlichen exempeln, gründlichen figurn | allerlaj den nutz füraugen stellenden anhängen | griechischer | teütsch | euclidis | gebracht erklart geziert gegeben genant vom anfang oder grund der geometrj aigenttlich erklart verstentlichen exempeln grundlichen figurn allerlaj den nutz furaugen stellenden anhangen griechischer teutsch die sechs erste bucher euclidis euclidis | gebracht erklart geziert gegeben genant vom anfang oder grund der geometrj aigenttlich erklart verstentlichen exempeln grundlichen figurn allerlaj den nutz furaugen stellenden anhangen den kunstliebenden teutschen griechischer teutsch die sechs erste bucher euclidis euclidis von augspurg wilhelm holtzman | Vom anfang oder grund der Geometrj | Die Sechs Erste Bücher Euclidis | aigenttlich erklärt | verstentlichen Exempeln, gründlichen Figurn | allerlaj den nutz füraugen stellenden Anhängen | False | False | False"
Strasbourg_1564a,1564,Strasbourg,"GREEK, LATIN",octavo,Geometry/Theory,True,selected_later_books,euclid_composite_workshop,True,False,True,False,False,True,True,"ΤΩΝ ΠΕΝΤΕ ΚΑΙ ΔΕΚΑ ΣΤΟΙ- ΧΕΙΩΝ | EVCLIDIS QVINDECIM elementorum Geometriae | συνουσιῶν τὸ δεύτερον | scholae Argentinæ= sis Professorem | Theonis commentarijs | Barlaam monachi Arithmetica demonſtra- tio eorum, quae in secundo libro elementorum sunt in lineis & figuris planis demonstrata | Octo propositiones Stereometricae, eiusdem cum præ- cedentibus argumenti | Arithmetica | Octo propositiones Stereometricae | Graecè | Latinè | ΕΥΚΛΕΙΔΟΥ | EVCLIDIS",scholae Argentinæ= sis | scholae Argentinæ= sis Professorem | Theonis commentarijs,"Euclides: Eukleidu Tōn Pente Kai Deka Stoicheiōn Ek Tōn Tu Theōnos synusiōn to deuteron | των πεντε και δεκα στοι- χειων | evclidis qvindecim elementorum geometriae | συνουσιῶν τὸ δεύτερον | scholae argentinæ= sis professorem | theonis commentarijs | barlaam monachi arithmetica demonſtra- tio eorum, quae in secundo libro elementorum sunt in lineis & figuris planis demonstrata | octo propositiones stereometricae, eiusdem cum præ- cedentibus argumenti | arithmetica | octo propositiones stereometricae | graecè | latinè | ευκλειδου | evclidis | barlaam monachi arithmetica demonstra tio eorum quae in secundo libro elementorum sunt in lineis figuris planis demonstrata octo propositiones stereometricae eiusdem cum pr cedentibus argumenti arithmetica octo propositiones stereometricae graece latine theonis commentarijs evclidis |  barlaam monachi arithmetica demonstra tio eorum quae in secundo libro elementorum sunt in lineis figuris planis demonstrata octo propositiones stereometricae eiusdem cum pr cedentibus argumenti arithmetica octo propositiones stereometricae scholae argentin sis theonis commentarijs graece latine evclidis scholae argentin sis professorem cunradum da sypodium | συνουσιῶν τὸ δεύτερον | ΤΩΝ ΠΕΝΤΕ ΚΑΙ ΔΕΚΑ ΣΤΟΙ- ΧΕΙΩΝ | EVCLIDIS QVINDECIM elementorum Geometriae | Barlaam monachi Arithmetica demonſtra- tio eorum, quae in secundo libro elementorum sunt in lineis & figuris planis demonstrata | Octo propositiones Stereometricae, eiusdem cum præ- cedentibus argumenti | False | False | False"
Basel_1570,1570,Basel,"DUTCH, LATIN",folio,Geometry/Theory | Arithmetic/Commerce | Music,True,unknown_books,not_euclid_elements,True,False,True,False,False,True,True,"recognita | emendatiss | prodeunt | ACCESSERVNT | restituit | illustrauit | descripsit | ANITII MANLII SEVERINI BOETHI, PHILOSOPHORVM ET THEOLOGORVM PRINCIPIS OPERA omnia | præter uniuersæ philosophiæ exactissimam doctrinam, pluri-morum in diuinis mysteriorum, & diiciliorum locorum in Platone, Aristotele alijsque Græcis & Latinis autoribus luculentissimæ expli-cationes | nunc denuò per doctos uiros recognita | primùm emendatiss. in lucem prodeunt | Episcopi Pictauiensis | Ioannis Murmelij | Rodolphi Agricolæ | Gilberti Porretæ | HENRICVS LORITVS GLAREANVS | MAR-TIANVS ROTA | Plato | Gilberti Porretæ, Episcopi Pictauiensis | demonstrationibus & figuris | Ioannis Murmelij in v. Lib. De Consolatione Philosophiæ commentaria | Rodolphi Agricolæ Enarrationes | Gilberti Porretæ, Episcopi Pictauiensis in IIII. Lib. de Trinitate commentarij | HENRICVS LORITVS GLAREANVS, Arithmeticam & Musicam demonstrationibus & figuris auctiorem redditam | MAR-TIANVS ROTA, opus de tota differendi ratione, hoc est, organum, Dialecticæ & Rhetoricæ studiosis necessarium | De Consolatione Philosophiæ | Enarrationes | de Trinitate | Arithmeticam & Musicam | opus de tota differendi ratione","monasterio S. Georgij | Episcopi Pictauiensis | Ioannis Murmelij | Rodolphi Agricolæ | Gilberti Porretæ | HENRICVS LORITVS GLAREANVS | MAR-TIANVS ROTA | Plato | Gilberti Porretæ, Episcopi Pictauiensis","recognita | emendatiss | prodeunt | accesservnt | restituit | illustrauit | descripsit | anitii manlii severini boethi, philosophorvm et theologorvm principis opera omnia | præter uniuersæ philosophiæ exactissimam doctrinam, pluri-morum in diuinis mysteriorum, & diiciliorum locorum in platone, aristotele alijsque græcis & latinis autoribus luculentissimæ expli-cationes | nunc denuò per doctos uiros recognita | primùm emendatiss. in lucem prodeunt | episcopi pictauiensis | ioannis murmelij | rodolphi agricolæ | gilberti porretæ | henricvs loritvs glareanvs | mar-tianvs rota | plato | gilberti porretæ, episcopi pictauiensis | demonstrationibus & figuris | ioannis murmelij in v. lib. de consolatione philosophiæ commentaria | rodolphi agricolæ enarrationes | gilberti porretæ, episcopi pictauiensis in iiii. lib. de trinitate commentarij | henricvs loritvs glareanvs, arithmeticam & musicam demonstrationibus & figuris auctiorem redditam | mar-tianvs rota, opus de tota differendi ratione, hoc est, organum, dialecticæ & rhetoricæ studiosis necessarium | de consolatione philosophiæ | enarrationes | de trinitate | arithmeticam & musicam | opus de tota differendi ratione | recognita emendatiss prodeunt accesservnt restituit illustrauit descripsit nunc denuo per doctos uiros recognita primum emendatiss in lucem prodeunt prter uniuers philosophi exactissimam doctrinam pluri morum in diuinis mysteriorum diiciliorum locorum in platone aristotele alijsque grcis latinis autoribus luculentissim expli cationes demonstrationibus figuris ioannis murmelij in v lib de consolatione philosophi commentaria rodolphi agricol enarrationes gilberti porret episcopi pictauiensis in iiii lib de trinitate commentarij henricvs loritvs glareanvs arithmeticam musicam demonstrationibus figuris auctiorem redditam mar tianvs rota opus de tota differendi ratione hoc est organum dialectic rhetoric studiosis necessarium de consolatione philosophi enarrationes de trinitate arithmeticam musicam opus de tota differendi ratione ioannis murmelij rodolphi agricol gilberti porret henricvs loritvs glareanvs mar tianvs rota plato gilberti porret episcopi pictauiensis | recognita emendatiss prodeunt accesservnt restituit illustrauit descripsit nunc denuo per doctos uiros recognita primum emendatiss in lucem prodeunt prter uniuers philosophi exactissimam doctrinam pluri morum in diuinis mysteriorum diiciliorum locorum in platone aristotele alijsque grcis latinis autoribus luculentissim expli cationes demonstrationibus figuris ioannis murmelij in v lib de consolatione philosophi commentaria rodolphi agricol enarrationes gilberti porret episcopi pictauiensis in iiii lib de trinitate commentarij henricvs loritvs glareanvs arithmeticam musicam demonstrationibus figuris auctiorem redditam mar tianvs rota opus de tota differendi ratione hoc est organum dialectic rhetoric studiosis necessarium de consolatione philosophi enarrationes de trinitate arithmeticam musicam opus de tota differendi ratione monasterio s georgij ioannis murmelij rodolphi agricol gilberti porret henricvs loritvs glareanvs mar tianvs rota plato gilberti porret episcopi pictauiensis episcopi pictauiensis | præter uniuersæ philosophiæ exactissimam doctrinam, pluri-morum in diuinis mysteriorum, & diiciliorum locorum in Platone, Aristotele alijsque Græcis & Latinis autoribus luculentissimæ expli-cationes | ANITII MANLII SEVERINI BOETHI, PHILOSOPHORVM ET THEOLOGORVM PRINCIPIS OPERA omnia | demonstrationibus & figuris | nunc denuò per doctos uiros recognita | primùm emendatiss. in lucem prodeunt | Ioannis Murmelij in v. Lib. De Consolatione Philosophiæ commentaria | Rodolphi Agricolæ Enarrationes | Gilberti Porretæ, Episcopi Pictauiensis in IIII. Lib. de Trinitate commentarij | HENRICVS LORITVS GLAREANVS, Arithmeticam & Musicam demonstrationibus & figuris auctiorem redditam | MAR-TIANVS ROTA, opus de tota differendi ratione, hoc est, organum, Dialecticæ & Rhetoricæ studiosis necessarium | Geometria | False | False | False"
Pesaro_1572,1572,Pesaro,LATIN,folio,Geometry/Theory,True,near_complete_or_expanded,euclid_composite_workshop,True,False,False,False,False,True,True,conuersi | illustrati | EVCLIDIS ELEMENTORVM LIBRI XV | Vnà cum Scholijs antiquis | À FEDERICO COMMANDINO VRBINATE NVPER IN LATINVM conuersi | VRBINATE NVPER | EVCLIDIS ELEMENTORVM LIBRI XV | commentarijsque quibusdam illustrati | LATINVM | EVCLIDIS,VRBINATE NVPER,Euclidis elementorum libri XV una cum scholiis antiquis | conuersi | illustrati | evclidis elementorvm libri xv | vnà cum scholijs antiquis | à federico commandino vrbinate nvper in latinvm conuersi | vrbinate nvper | evclidis elementorvm libri xv | commentarijsque quibusdam illustrati | latinvm | evclidis | conuersi illustrati a federico commandino vrbinate nvper in latinvm conuersi vna cum scholijs antiquis commentarijsque quibusdam illustrati latinvm evclidis elementorvm libri xv evclidis | conuersi illustrati a federico commandino vrbinate nvper in latinvm conuersi vna cum scholijs antiquis commentarijsque quibusdam illustrati latinvm evclidis elementorvm libri xv evclidis vrbinate nvper federico commandino | Vnà cum Scholijs antiquis | EVCLIDIS ELEMENTORVM LIBRI XV | commentarijsque quibusdam illustrati | À FEDERICO COMMANDINO VRBINATE NVPER IN LATINVM conuersi | False | False | False
Urbino_1575,1575,Urbino,ITALIAN,folio,Geometry/Theory,True,near_complete_or_expanded,euclid_composite_workshop,True,False,True,False,False,True,True,"Volgarizzati | reuisti | ristampati | illustrati | TRADOTTI | illustrati | TRASPORTATI | riueduti | DE GLI ELEMENTI D’EVCLIDE LIBRI QVINDICI | CON GLI SCHOLII ANTICHI | Volgarizzati già d’ordine del famosissimo Matematico FEDERIGO COMMANDINO DA VRBINO | con diligenza reuisti, e ristampati | famosissimo Matematico | M | DE GLI ELEMENTI D’EVCLIDE LIBRI QVINDICI | Commentarij illustrati | con Commentarij illustrati | ET HORA D’ORDINE DELL’ISTESSO TRASPORTATI NELLA NOSTRA VVLGAre | GLI SCHOLII ANTICHI | GLI SCHOLII ANTICHI | LATINA | EVCLIDE",famosissimo Matematico | M | SERENISSIMO DON FEDERIGO FELTRIO DELLA ROVERE PRENCIPE D’VRBINO,"De gli elementi d’Euclide libri quindici con gli scolii antichi | volgarizzati | reuisti | ristampati | illustrati | tradotti | illustrati | trasportati | riueduti | de gli elementi d’evclide libri qvindici | con gli scholii antichi | volgarizzati già d’ordine del famosissimo matematico federigo commandino da vrbino | con diligenza reuisti, e ristampati | famosissimo matematico | m | de gli elementi d’evclide libri qvindici | commentarij illustrati | con commentarij illustrati | et hora d’ordine dell’istesso trasportati nella nostra vvlgare | gli scholii antichi | gli scholii antichi | latina | evclide | volgarizzati reuisti ristampati illustrati tradotti illustrati trasportati riueduti volgarizzati gia dordine del famosissimo matematico federigo commandino da vrbino con diligenza reuisti e ristampati con gli scholii antichi commentarij illustrati con commentarij illustrati et hora dordine dellistesso trasportati nella nostra vvlgare gli scholii antichi gli scholii antichi latina de gli elementi devclide libri qvindici evclide | volgarizzati reuisti ristampati illustrati tradotti illustrati trasportati riueduti volgarizzati gia dordine del famosissimo matematico federigo commandino da vrbino con diligenza reuisti e ristampati con gli scholii antichi commentarij illustrati con commentarij illustrati et hora dordine dellistesso trasportati nella nostra vvlgare gli scholii antichi gli scholii antichi latina de gli elementi devclide libri qvindici evclide famosissimo matematico m federigo commandino da vrbino federico commandino da vrbino | CON GLI SCHOLII ANTICHI | DE GLI ELEMENTI D’EVCLIDE LIBRI QVINDICI | Commentarij illustrati | con Commentarij illustrati | ET HORA D’ORDINE DELL’ISTESSO TRASPORTATI NELLA NOSTRA VVLGAre | Volgarizzati già d’ordine del famosissimo Matematico FEDERIGO COMMANDINO DA VRBINO | con diligenza reuisti, e ristampati | GLI SCHOLII ANTICHI | False | False | False"
Rome_1589,1589,Rome,LATIN,octavo,Geometry/Theory,True,near_complete_or_expanded,euclid_procedural_pedagogical,True,False,True,False,False,False,True,"ACCES- SIT | AC-CESSIT | illustrati | editi | locupletati | illustrati | EVCLIDIS ELEMENTORVM LIBRI XV | EVCLIDIS POSTERIORES Libri sex a x. ad xv | EVCLIDIS ELEMENTORVM LIB. XV | EVCLIDIS POSTERIORES LIB. IX | OMNES PERSPICVIS DEmonstrationibus, accuratisque scholijs illustrati | nunc iterum editi, ac multarum rerum accessione locupletati | SOCI-ETATIS IESV | AVCTORE | È SOCIETATE IESV | EVCLIDIS ELEMENTORVM LIBRI XV | EVCLIDIS POSTERIORES Libri sex a x. ad xv | EVCLIDIS ELEMENTORVM LIB. XV | EVCLIDIS POSTERIORES LIB. IX | scholijs illustrati | multarum rerum accessione | scholijs illustrati | DE SOLIDORUM REGULARIUM comparatione | DE SOLIDORVM | DE SOLIDORUM REGULARIUM | DE SOLIDORVM | EVCLIDIS",SOCI-ETATIS IESV | SOCIETATE IESV | SOCI-ETATIS IESV | AVCTORE | È SOCIETATE IESV,"Euclidis elementorum libri XV | acces- sit | ac-cessit | illustrati | editi | locupletati | illustrati | evclidis elementorvm libri xv | evclidis posteriores libri sex a x. ad xv | evclidis elementorvm lib. xv | evclidis posteriores lib. ix | omnes perspicvis demonstrationibus, accuratisque scholijs illustrati | nunc iterum editi, ac multarum rerum accessione locupletati | soci-etatis iesv | avctore | è societate iesv | evclidis elementorvm libri xv | evclidis posteriores libri sex a x. ad xv | evclidis elementorvm lib. xv | evclidis posteriores lib. ix | scholijs illustrati | multarum rerum accessione | scholijs illustrati | de solidorum regularium comparatione | de solidorvm | de solidorum regularium | de solidorvm | evclidis | acces sit ac cessit illustrati editi locupletati illustrati nunc iterum editi ac multarum rerum accessione locupletati omnes perspicvis demonstrationibus accuratisque scholijs illustrati scholijs illustrati multarum rerum accessione scholijs illustrati de solidorum regularium comparatione de solidorvm de solidorum regularium de solidorvm evclidis elementorvm libri xv evclidis posteriores libri sex a x ad xv evclidis elementorvm lib xv evclidis posteriores lib ix evclidis | acces sit ac cessit illustrati editi locupletati illustrati nunc iterum editi ac multarum rerum accessione locupletati omnes perspicvis demonstrationibus accuratisque scholijs illustrati scholijs illustrati multarum rerum accessione scholijs illustrati de solidorum regularium comparatione de solidorvm de solidorum regularium de solidorvm soci etatis iesv societate iesv evclidis elementorvm libri xv evclidis posteriores libri sex a x ad xv evclidis elementorvm lib xv evclidis posteriores lib ix evclidis soci etatis iesv avctore e societate iesv christophoro clavio bambergensi christophoro clavio bamber gensi christophoro clavio bambergensi | OMNES PERSPICVIS DEmonstrationibus, accuratisque scholijs illustrati | EVCLIDIS ELEMENTORVM LIBRI XV | EVCLIDIS POSTERIORES Libri sex a x. ad xv | EVCLIDIS ELEMENTORVM LIB. XV | EVCLIDIS POSTERIORES LIB. IX | scholijs illustrati | multarum rerum accessione | scholijs illustrati | nunc iterum editi, ac multarum rerum accessione locupletati | DE SOLIDORUM REGULARIUM comparatione | DE SOLIDORVM | False | False | False"
Cologne_1591,1591,Cologne,LATIN,quarto,Geometry/Theory,True,near_complete_or_expanded,euclid_composite_workshop,True,False,True,False,False,True,True,"Accessit | editi | recogniti | emendati | illustrati | locupletati | EVCLIDIS ELEMENTORVM LIBRI XV | EVCLIDIS POSTERIORES LIBRI IX | Omnes perspicuis DEMONSTRATIONIBVS, accuratisque SCHOLIIS illustrati | Nunc tertiò editi, summaque diligentia recogniti, atque emendati | Nunc tertiò editi, ac multarum rerum accessione locupletati | è Societate IESV | EVCLIDIS ELEMENTORVM LIBRI XV | EVCLIDIS POSTERIORES LIBRI IX | ac multarum rerum accessione locupletati | de SOLIDORVM REGVLARIVM | XVI | SOLIDORVM REGVLARIVM | EVCLIDIS",Societate IESV | è Societate IESV,"Euclidis elementorum libri XV; accessit XVI de solidorum regularium cuiuslibet intra quodlibet comparatione | accessit | editi | recogniti | emendati | illustrati | locupletati | evclidis elementorvm libri xv | evclidis posteriores libri ix | omnes perspicuis demonstrationibvs, accuratisque scholiis illustrati | nunc tertiò editi, summaque diligentia recogniti, atque emendati | nunc tertiò editi, ac multarum rerum accessione locupletati | è societate iesv | evclidis elementorvm libri xv | evclidis posteriores libri ix | ac multarum rerum accessione locupletati | de solidorvm regvlarivm | xvi | solidorvm regvlarivm | evclidis | accessit editi recogniti emendati illustrati locupletati nunc tertio editi summaque diligentia recogniti atque emendati nunc tertio editi ac multarum rerum accessione locupletati omnes perspicuis demonstrationibvs accuratisque scholiis illustrati ac multarum rerum accessione locupletati de solidorvm regvlarivm xvi solidorvm regvlarivm evclidis elementorvm libri xv evclidis posteriores libri ix evclidis | accessit editi recogniti emendati illustrati locupletati nunc tertio editi summaque diligentia recogniti atque emendati nunc tertio editi ac multarum rerum accessione locupletati omnes perspicuis demonstrationibvs accuratisque scholiis illustrati ac multarum rerum accessione locupletati de solidorvm regvlarivm xvi solidorvm regvlarivm societate iesv evclidis elementorvm libri xv evclidis posteriores libri ix evclidis e societate iesv christophoro clavio bambergensi | Omnes perspicuis DEMONSTRATIONIBVS, accuratisque SCHOLIIS illustrati | EVCLIDIS ELEMENTORVM LIBRI XV | EVCLIDIS POSTERIORES LIBRI IX | ac multarum rerum accessione locupletati | Nunc tertiò editi, summaque diligentia recogniti, atque emendati | Nunc tertiò editi, ac multarum rerum accessione locupletati | de SOLIDORVM REGVLARIVM | XVI | False | False | False"
Rome_1591,1591,Rome,LATIN,quarto,Cosmos/Earth,True,unknown_books,euclid_humanist_transfer,True,False,False,False,True,True,True,conuersa | illustrata | ad-ditæ sunt | EVCLIDIS PHAENOMENA | Scholijs antiquis: & figuris optimis illustrata: & de Græca lingua in Latinam conuersa | Post Zamberti: & Maurolyci edi-tionem | EVCLIDIS PHAENOMENA | Scholijs antiquis | figuris optimis | de Græca lingua in Latinam conuersa | Maurolyci breues aliquot annotationes | de Græca lingua | in Latinam | EVCLIDIS,VATICANA. BIBLIOTHECA | BIBLIOTHE-CARIVM | ANTONIVM. COLVMNAM. S.R.E. CARD. EPISCOPVM. PRAENESTINVM,"Phaenomena post Zamberti, & Maurolyci editionem, nunc tandem de Vaticana. bibliotheca deprompta. Scholiis antiquis: & figuris optimis illustrata: & de Graeca lingua in Latinam conversa. A Iosepho. Auria. Neapolitano. His additae sunt Maurolyci breves aliquot annotationes | conuersa | illustrata | ad-ditæ sunt | evclidis phaenomena | scholijs antiquis: & figuris optimis illustrata: & de græca lingua in latinam conuersa | post zamberti: & maurolyci edi-tionem | evclidis phaenomena | scholijs antiquis | figuris optimis | de græca lingua in latinam conuersa | maurolyci breues aliquot annotationes | de græca lingua | in latinam | evclidis | conuersa illustrata ad dit sunt post zamberti maurolyci edi tionem scholijs antiquis figuris optimis illustrata de grca lingua in latinam conuersa scholijs antiquis figuris optimis de grca lingua in latinam conuersa maurolyci breues aliquot annotationes de grca lingua in latinam evclidis phaenomena evclidis | conuersa illustrata ad dit sunt post zamberti maurolyci edi tionem scholijs antiquis figuris optimis illustrata de grca lingua in latinam conuersa scholijs antiquis figuris optimis de grca lingua in latinam conuersa maurolyci breues aliquot annotationes vaticana bibliotheca bibliothe carivm de grca lingua in latinam evclidis phaenomena evclidis iosepho avria neapolitano | Scholijs antiquis: & figuris optimis illustrata: & de Græca lingua in Latinam conuersa | EVCLIDIS PHAENOMENA | Scholijs antiquis | figuris optimis | de Græca lingua in Latinam conuersa | Maurolyci breues aliquot annotationes | Post Zamberti: & Maurolyci edi-tionem | Phaenomena | False | False | False"
Rome_1603,1603,Rome,LATIN,octavo,Geometry/Theory,True,near_complete_or_expanded,euclid_composite_workshop,True,False,True,False,False,True,True,"Accessit | editi | locupletati | illustrati | EVCLIDIS ELEMENTORVM LIBRI XV | EVCLIDIS POSTERIORES LIBRI IX | nunc quarto editi, ac multarum rerum accessione post primam editionem locupletati | e Societate IESV | EVCLIDIS ELEMENTORVM LIBRI XV | EVCLIDIS POSTERIORES LIBRI IX | OMNES PERSPICVIS DEMONSTRATIONIBVS, accuratisque scholijs illustrati | LIBER XVI. De Solidorum Regularium cuiuslibet intra quodlibet comparatione | LIBER XVI. De Solidorum Regularium",Societate IESV | e Societate IESV,"accessit | editi | locupletati | illustrati | evclidis elementorvm libri xv | evclidis posteriores libri ix | nunc quarto editi, ac multarum rerum accessione post primam editionem locupletati | e societate iesv | evclidis elementorvm libri xv | evclidis posteriores libri ix | omnes perspicvis demonstrationibvs, accuratisque scholijs illustrati | liber xvi. de solidorum regularium cuiuslibet intra quodlibet comparatione | liber xvi. de solidorum regularium | accessit editi locupletati illustrati nunc quarto editi ac multarum rerum accessione post primam editionem locupletati omnes perspicvis demonstrationibvs accuratisque scholijs illustrati liber xvi de solidorum regularium cuiuslibet intra quodlibet comparatione liber xvi de solidorum regularium evclidis elementorvm libri xv evclidis posteriores libri ix | accessit editi locupletati illustrati nunc quarto editi ac multarum rerum accessione post primam editionem locupletati omnes perspicvis demonstrationibvs accuratisque scholijs illustrati liber xvi de solidorum regularium cuiuslibet intra quodlibet comparatione liber xvi de solidorum regularium societate iesv evclidis elementorvm libri xv evclidis posteriores libri ix e societate iesv christo phoro clavio bambergensi christophoro clavio bambergensi | EVCLIDIS ELEMENTORVM LIBRI XV | EVCLIDIS POSTERIORES LIBRI IX | OMNES PERSPICVIS DEMONSTRATIONIBVS, accuratisque scholijs illustrati | nunc quarto editi, ac multarum rerum accessione post primam editionem locupletati | LIBER XVI. De Solidorum Regularium cuiuslibet intra quodlibet comparatione | False | False | False"
Leiden_1606,1606,Leiden,DUTCH,quarto,Geometry/Theory,True,books_1_6,euclid_procedural_pedagogical,True,False,True,False,False,False,True,verclaert | Over-gheset | uytgheleyt | De ses eerste boucken EVCLIDIS | Van de beginselen ende fon-damenten der Geometri | der stadt Leyden Lantmeter ende Wijn-roeyer | De ses eerste boucken EVCLIDIS | een cort byvouchsel | de specien in Geometrische figueren | EVCLIDIS,der stadt Leyden Lantmeter ende Wijn-roeyer,De ses eerste boucken Euclidis | verclaert | over-gheset | uytgheleyt | de ses eerste boucken evclidis | van de beginselen ende fon-damenten der geometri | der stadt leyden lantmeter ende wijn-roeyer | de ses eerste boucken evclidis | een cort byvouchsel | de specien in geometrische figueren | evclidis | verclaert over gheset uytgheleyt van de beginselen ende fon damenten der geometri een cort byvouchsel de specien in geometrische figueren de ses eerste boucken evclidis evclidis | verclaert over gheset uytgheleyt van de beginselen ende fon damenten der geometri een cort byvouchsel de specien in geometrische figueren de ses eerste boucken evclidis evclidis der stadt leyden lantmeter ende wijn roeyer ian pieterszoon dov | Van de beginselen ende fon-damenten der Geometri | De ses eerste boucken EVCLIDIS | een cort byvouchsel | de specien in Geometrische figueren | False | False | False
Frankfurt_1607,1607,Frankfurt,LATIN,octavo,Geometry/Theory,True,near_complete_or_expanded,euclid_composite_workshop,True,False,True,False,False,True,True,"Accessit | nunc quartò editi | locupletati | EVCLIDIS ELEMENTORVM LIBRI XV | EVCLIDIS POSTERIORES LIBRI IX | nunc quartò editi, ac multarum rerum accessione post primam editionem locupletati | Bambergensi è Societate IESV | EVCLIDIS ELEMENTORVM LIBRI XV | EVCLIDIS POSTERIORES LIBRI IX | OMNES PERSPICVIS DEMONSTRAtionibus, accuratísque scholiis illustrati | liber XVI. De Solidorum Regularium cuiuslibet intra quodlibet comparatione | De Solidorum Regularium | EVCLIDIS",Societate IESV | Bambergensi è Societate IESV,"accessit | nunc quartò editi | locupletati | evclidis elementorvm libri xv | evclidis posteriores libri ix | nunc quartò editi, ac multarum rerum accessione post primam editionem locupletati | bambergensi è societate iesv | evclidis elementorvm libri xv | evclidis posteriores libri ix | omnes perspicvis demonstrationibus, accuratísque scholiis illustrati | liber xvi. de solidorum regularium cuiuslibet intra quodlibet comparatione | de solidorum regularium | evclidis | accessit nunc quarto editi locupletati nunc quarto editi ac multarum rerum accessione post primam editionem locupletati omnes perspicvis demonstrationibus accuratisque scholiis illustrati liber xvi de solidorum regularium cuiuslibet intra quodlibet comparatione de solidorum regularium evclidis elementorvm libri xv evclidis posteriores libri ix evclidis | accessit nunc quarto editi locupletati nunc quarto editi ac multarum rerum accessione post primam editionem locupletati omnes perspicvis demonstrationibus accuratisque scholiis illustrati liber xvi de solidorum regularium cuiuslibet intra quodlibet comparatione de solidorum regularium societate iesv evclidis elementorvm libri xv evclidis posteriores libri ix evclidis bambergensi e societate iesv christophoro clavio | EVCLIDIS ELEMENTORVM LIBRI XV | EVCLIDIS POSTERIORES LIBRI IX | OMNES PERSPICVIS DEMONSTRAtionibus, accuratísque scholiis illustrati | nunc quartò editi, ac multarum rerum accessione post primam editionem locupletati | liber XVI. De Solidorum Regularium cuiuslibet intra quodlibet comparatione | False | False | False"
Leiden_1607,1607,Leiden,DUTCH,quarto,Geometry/Theory,True,books_1_6,euclid_method_access,True,False,True,True,True,True,True,"gevoecht | Overgheset | verclaert | uytgheleyt | alle leergierige, liefhebbers der selver vryer Conste | De ses eerste Boucken EVCLIDIS | Van de beginselen ende fonda-menten der Geometri | der stadt Leyden Lantmeter ende Wijnroeyer | De ses eerste Boucken EVCLIDIS | by gevoecht sijn eenige nutticheden, uyt de selve Boecken ghetrocken | Mitsgaders de Specien in Geometrische figuren, als ’tmaecken, veranderen, ’t samenvougen, aftrecken, ver-menichvuldigen, ende deelen | Overgheset, verclaert, ende uytgheleyt | EVCLIDIS","alle leergierige, liefhebbers der selver vryer Conste | der stadt Leyden Lantmeter ende Wijnroeyer","gevoecht | overgheset | verclaert | uytgheleyt | alle leergierige, liefhebbers der selver vryer conste | de ses eerste boucken evclidis | van de beginselen ende fonda-menten der geometri | der stadt leyden lantmeter ende wijnroeyer | de ses eerste boucken evclidis | by gevoecht sijn eenige nutticheden, uyt de selve boecken ghetrocken | mitsgaders de specien in geometrische figuren, als ’tmaecken, veranderen, ’t samenvougen, aftrecken, ver-menichvuldigen, ende deelen | overgheset, verclaert, ende uytgheleyt | evclidis | gevoecht overgheset verclaert uytgheleyt van de beginselen ende fonda menten der geometri by gevoecht sijn eenige nutticheden uyt de selve boecken ghetrocken mitsgaders de specien in geometrische figuren als tmaecken veranderen t samenvougen aftrecken ver menichvuldigen ende deelen overgheset verclaert ende uytgheleyt de ses eerste boucken evclidis evclidis | gevoecht overgheset verclaert uytgheleyt van de beginselen ende fonda menten der geometri by gevoecht sijn eenige nutticheden uyt de selve boecken ghetrocken mitsgaders de specien in geometrische figuren als tmaecken veranderen t samenvougen aftrecken ver menichvuldigen ende deelen overgheset verclaert ende uytgheleyt alle leergierige liefhebbers der selver vryer conste de ses eerste boucken evclidis evclidis der stadt leyden lantmeter ende wijnroeyer ian pieterszoon dov | Van de beginselen ende fonda-menten der Geometri | De ses eerste Boucken EVCLIDIS | by gevoecht sijn eenige nutticheden, uyt de selve Boecken ghetrocken | Mitsgaders de Specien in Geometrische figuren, als ’tmaecken, veranderen, ’t samenvougen, aftrecken, ver-menichvuldigen, ende deelen | Overgheset, verclaert, ende uytgheleyt | False | False | False"
Rome_1609,1609,Rome,LATIN,quarto,Geometry/Theory | Cosmos/Earth,True,unknown_books,euclid_composite_workshop,True,False,False,False,True,True,True,"deprompta | illustrata | conuersa | addita sunt | EVCLIDIS PHAENOMENA | Post Zamberti, & Maurolyci edi-tionem | His addita sunt Maurolyci breues aliquot annotationes | NEAPOLITANO | Zamberti | Maurolyci | EVCLIDIS PHAENOMENA | Scholijs antiquis, & figuris optimis illustrata | Maurolyci breues aliquot annotationes | de Græca lingua | in Latinam | EVCLIDIS",NEAPOLITANO | SERENISSIMVM FRANCISCVM MARIAM VRBINI DVCEM VI | Zamberti | Maurolyci,"deprompta | illustrata | conuersa | addita sunt | evclidis phaenomena | post zamberti, & maurolyci edi-tionem | his addita sunt maurolyci breues aliquot annotationes | neapolitano | zamberti | maurolyci | evclidis phaenomena | scholijs antiquis, & figuris optimis illustrata | maurolyci breues aliquot annotationes | de græca lingua | in latinam | evclidis | deprompta illustrata conuersa addita sunt post zamberti maurolyci edi tionem his addita sunt maurolyci breues aliquot annotationes scholijs antiquis figuris optimis illustrata maurolyci breues aliquot annotationes de grca lingua in latinam zamberti maurolyci evclidis phaenomena evclidis | deprompta illustrata conuersa addita sunt post zamberti maurolyci edi tionem his addita sunt maurolyci breues aliquot annotationes scholijs antiquis figuris optimis illustrata maurolyci breues aliquot annotationes zamberti maurolyci de grca lingua in latinam evclidis phaenomena evclidis neapolitano iosepho avria | EVCLIDIS PHAENOMENA | Scholijs antiquis, & figuris optimis illustrata | Maurolyci breues aliquot annotationes | Post Zamberti, & Maurolyci edi-tionem | His addita sunt Maurolyci breues aliquot annotationes | Phaenomena | False | False | False"
Ansbach_1610,1610,Ansbach,"GERMAN, LATIN",folio,Geometry/Theory,True,books_1_6,euclid_procedural_pedagogical,True,False,False,False,False,False,True,"übergesetzet | erkläret | jenigen, so sich der Geometria, im Rechnen, Kriegsswesen, Feldtmässen, Bauen, vnd andern Künsten vnnd Handtwerckern zugebrauchen haben | Die Ersten Sechs Bücher Elementorum EVCLIDIS | In welchen die Anfäng vnd Gründe der Geometria ordenlich gelehret, vnd gründtlich erwiesen werden | Franc. Fürstlichen Brandenb | Die Ersten Sechs Bücher Elementorum EVCLIDIS | mit verständtlichen Exempeln in Linien vnd gemeinen Rational Zahlen | Auch mit Newen Figuren | Griechischer | deutsche | EVCLIDIS","jenigen, so sich der Geometria, im Rechnen, Kriegsswesen, Feldtmässen, Bauen, vnd andern Künsten vnnd Handtwerckern zugebrauchen haben | Franc. Fürstlichen Brandenb | Hanss Philip Fuchss von Bimbach, zu Möhrn, Alten Rechenberg vnd Schwaningen, Obristen","Die ersten sechs Bücher Elementorum Euclidis | übergesetzet | erkläret | jenigen, so sich der geometria, im rechnen, kriegsswesen, feldtmässen, bauen, vnd andern künsten vnnd handtwerckern zugebrauchen haben | die ersten sechs bücher elementorum evclidis | in welchen die anfäng vnd gründe der geometria ordenlich gelehret, vnd gründtlich erwiesen werden | franc. fürstlichen brandenb | die ersten sechs bücher elementorum evclidis | mit verständtlichen exempeln in linien vnd gemeinen rational zahlen | auch mit newen figuren | griechischer | deutsche | evclidis | ubergesetzet erklaret in welchen die anfang vnd grunde der geometria ordenlich gelehret vnd grundtlich erwiesen werden mit verstandtlichen exempeln in linien vnd gemeinen rational zahlen auch mit newen figuren griechischer deutsche die ersten sechs bucher elementorum evclidis evclidis | ubergesetzet erklaret in welchen die anfang vnd grunde der geometria ordenlich gelehret vnd grundtlich erwiesen werden mit verstandtlichen exempeln in linien vnd gemeinen rational zahlen auch mit newen figuren jenigen so sich der geometria im rechnen kriegsswesen feldtmassen bauen vnd andern kunsten vnnd handtwerckern zugebrauchen haben griechischer deutsche die ersten sechs bucher elementorum evclidis evclidis franc furstlichen brandenb simonem marium guntzenhu sanum | In welchen die Anfäng vnd Gründe der Geometria ordenlich gelehret, vnd gründtlich erwiesen werden | Die Ersten Sechs Bücher Elementorum EVCLIDIS | mit verständtlichen Exempeln in Linien vnd gemeinen Rational Zahlen | Auch mit Newen Figuren | False | False | False"
Amsterdam_1616,1616,Amsterdam,DUTCH,octavo,Geometry/Theory,True,books_1_6,euclid_composite_workshop,True,False,True,True,True,True,True,"ghevoecht | Overgeset | verclaert | uytgeleyt | oversien | verbetert | vermeerdert | van alle leergierighe, liefhebbers der selver vryer Conste | De ses eerste Boucken EVCLIDIS | Van de beginselen ende fondamenten der Geometrie | Van nieus oversien, ende verbetert | der stadt Leyden Landtmeter ende Wijnroeyer | De ses eerste Boucken EVCLIDIS | eenighe nut-ticheden, uyt de selve Boecken ghetrocken | Specien in Geometrische figueren | bygevouchde nutticheden mette spetien in Geometrische figueren | EVCLIDIS","van alle leergierighe, liefhebbers der selver vryer Conste | der stadt Leyden Landtmeter ende Wijnroeyer","ghevoecht | overgeset | verclaert | uytgeleyt | oversien | verbetert | vermeerdert | van alle leergierighe, liefhebbers der selver vryer conste | de ses eerste boucken evclidis | van de beginselen ende fondamenten der geometrie | van nieus oversien, ende verbetert | der stadt leyden landtmeter ende wijnroeyer | de ses eerste boucken evclidis | eenighe nut-ticheden, uyt de selve boecken ghetrocken | specien in geometrische figueren | bygevouchde nutticheden mette spetien in geometrische figueren | evclidis | ghevoecht overgeset verclaert uytgeleyt oversien verbetert vermeerdert van nieus oversien ende verbetert van de beginselen ende fondamenten der geometrie eenighe nut ticheden uyt de selve boecken ghetrocken specien in geometrische figueren bygevouchde nutticheden mette spetien in geometrische figueren de ses eerste boucken evclidis evclidis | ghevoecht overgeset verclaert uytgeleyt oversien verbetert vermeerdert van nieus oversien ende verbetert van de beginselen ende fondamenten der geometrie eenighe nut ticheden uyt de selve boecken ghetrocken specien in geometrische figueren bygevouchde nutticheden mette spetien in geometrische figueren van alle leergierighe liefhebbers der selver vryer conste de ses eerste boucken evclidis evclidis der stadt leyden landtmeter ende wijnroeyer ian pieterszoon dov | Van de beginselen ende fondamenten der Geometrie | De ses eerste Boucken EVCLIDIS | eenighe nut-ticheden, uyt de selve Boecken ghetrocken | Specien in Geometrische figueren | bygevouchde nutticheden mette spetien in Geometrische figueren | Van nieus oversien, ende verbetert | False | False | False"
Amsterdam_1618,1618,Amsterdam,GERMAN,quarto,No primary family,True,books_1_6,euclid_procedural_pedagogical,True,False,True,False,False,False,True,"angefüget | verteutscht | Die sechs ersten Bücher EVCLIDIS | Von den anfängen vnd fundamenten der Geometriæ | Niderlandischen andern Edition | H. Ioann Petersz Dou | Die sechs ersten Bücher EVCLIDIS | angefüget seind: sampt den Speciebus inn Geometrischen figurn, als machen, verändern, zusammenfügen, abziehen, vielfältigen vnnd theilen | Per Demonstra-tiones Lineales | Desz höchgelärten weit-berümbten, Griechischen Philosophi und Mathematici | Niderlandischen | Griechischen | EVCLIDIS",Teütschen Schuln in Nurnberg | H. Ioann Petersz Dou,
Paris_1622,1622,Paris,"FRENCH, LATIN",octavo,No primary family,True,near_complete_or_expanded,euclid_composite_workshop,True,False,True,False,False,True,True,"Traduicts | augmentez | LES QVINZE LIVRES DES ELEMENTS GEOMETRIQVES D’EVCLIDE | Traduicts de Grec en François, et augmentez de plusieurs figures et demonstrations, auec la correction des erreurs commises es autres traductions | Professeur es Mathematiques | QVINZE LIVRES DES ELEMENTS GEOMETRIQVES D’EVCLIDE | plusieurs figures et demonstrations | la correction des erreurs commises es autres traductions | Grec | François | D’EVCLIDE",Professeur es Mathematiques | MONSEIGNEVR L’illustrissime & Reuerendissime Cardinal de la ROCHEFOVCAVLT,"traduicts | augmentez | les qvinze livres des elements geometriqves d’evclide | traduicts de grec en françois, et augmentez de plusieurs figures et demonstrations, auec la correction des erreurs commises es autres traductions | professeur es mathematiques | qvinze livres des elements geometriqves d’evclide | plusieurs figures et demonstrations | la correction des erreurs commises es autres traductions | grec | françois | d’evclide | traduicts augmentez traduicts de grec en francois et augmentez de plusieurs figures et demonstrations auec la correction des erreurs commises es autres traductions plusieurs figures et demonstrations la correction des erreurs commises es autres traductions grec francois qvinze livres des elements geometriqves devclide devclide | traduicts augmentez traduicts de grec en francois et augmentez de plusieurs figures et demonstrations auec la correction des erreurs commises es autres traductions plusieurs figures et demonstrations la correction des erreurs commises es autres traductions grec francois qvinze livres des elements geometriqves devclide devclide professeur es mathematiques p le mardele | LES QVINZE LIVRES DES ELEMENTS GEOMETRIQVES D’EVCLIDE | plusieurs figures et demonstrations | la correction des erreurs commises es autres traductions | Traduicts de Grec en François, et augmentez de plusieurs figures et demonstrations, auec la correction des erreurs commises es autres traductions | False | False | False"
Amsterdam_1626,1626,Amsterdam,DUTCH,octavo,No primary family,True,books_1_6,euclid_composite_workshop,True,False,True,True,True,True,True,"ghevoecht | Overgheset | verclaert | uytgheleyt | over-sien | verbetert | vermeerdert | alle leergierighe liefhebbers der selver vryer Conste | De ses eerste Boecken EVCLIDIS | Van de beginselen ende fondamenten der Geometrie | Van nieus over-sien, ende verbetert | der stadt Leyden Landtmeter ende Wijnroeyer | De ses eerste Boecken EVCLIDIS | Waer by ghevoecht zijn eenighe nut-ticheden, uyt de selve Boecken ghetrocken; Mitsgaders de Specien in Geometrische figueren, als ’tmaken, veranderen, t’samen-voeghen, af-trecken, vermenichvuldighen, ende deelen | Mitsgaders de byghevoechde nutticheden, mette specien in Geometrische figueren breeder verclaert ende vermeerdert deur den selven Autheur | EVCLIDIS",alle leergierighe liefhebbers der selver vryer Conste | der stadt Leyden Landtmeter ende Wijnroeyer,"ghevoecht | overgheset | verclaert | uytgheleyt | over-sien | verbetert | vermeerdert | alle leergierighe liefhebbers der selver vryer conste | de ses eerste boecken evclidis | van de beginselen ende fondamenten der geometrie | van nieus over-sien, ende verbetert | der stadt leyden landtmeter ende wijnroeyer | de ses eerste boecken evclidis | waer by ghevoecht zijn eenighe nut-ticheden, uyt de selve boecken ghetrocken; mitsgaders de specien in geometrische figueren, als ’tmaken, veranderen, t’samen-voeghen, af-trecken, vermenichvuldighen, ende deelen | mitsgaders de byghevoechde nutticheden, mette specien in geometrische figueren breeder verclaert ende vermeerdert deur den selven autheur | evclidis | ghevoecht overgheset verclaert uytgheleyt over sien verbetert vermeerdert van nieus over sien ende verbetert van de beginselen ende fondamenten der geometrie waer by ghevoecht zijn eenighe nut ticheden uyt de selve boecken ghetrocken mitsgaders de specien in geometrische figueren als tmaken veranderen tsamen voeghen af trecken vermenichvuldighen ende deelen mitsgaders de byghevoechde nutticheden mette specien in geometrische figueren breeder verclaert ende vermeerdert deur den selven autheur de ses eerste boecken evclidis evclidis | ghevoecht overgheset verclaert uytgheleyt over sien verbetert vermeerdert van nieus over sien ende verbetert van de beginselen ende fondamenten der geometrie waer by ghevoecht zijn eenighe nut ticheden uyt de selve boecken ghetrocken mitsgaders de specien in geometrische figueren als tmaken veranderen tsamen voeghen af trecken vermenichvuldighen ende deelen mitsgaders de byghevoechde nutticheden mette specien in geometrische figueren breeder verclaert ende vermeerdert deur den selven autheur alle leergierighe liefhebbers der selver vryer conste de ses eerste boecken evclidis evclidis der stadt leyden landtmeter ende wijnroeyer ian pieterszoon dov | Van de beginselen ende fondamenten der Geometrie | De ses eerste Boecken EVCLIDIS | Waer by ghevoecht zijn eenighe nut-ticheden, uyt de selve Boecken ghetrocken; Mitsgaders de Specien in Geometrische figueren, als ’tmaken, veranderen, t’samen-voeghen, af-trecken, vermenichvuldighen, ende deelen | Mitsgaders de byghevoechde nutticheden, mette specien in Geometrische figueren breeder verclaert ende vermeerdert deur den selven Autheur | Van nieus over-sien, ende verbetert | False | False | False"
Paris_1632,1632,Paris,FRENCH,quarto,Geometry/Theory,True,near_complete_or_expanded,euclid_composite_workshop,True,False,False,False,True,True,True,Traduicts | imprimez | reueus | corrigez | traduict | imprimé | LES QVINZE LIVRES DES ELEMENTS GEOMETRIQVES D’EVCLIDE | reueus & corrigez du viuant de l’Autheur | Professeur és Mathematiques | LES QVINZE LIVRES DES ELEMENTS GEOMETRIQVES D’EVCLIDE | Commentaires beaucoup plus amples & faciles | figures en plus grand nombre | le Liure des DONNEZ du mesme Euclide | DONNEZ | François | D’EVCLIDE | Euclide,Professeur és Mathematiques,Les quinze livres des éléments géométriques d'Euclide | traduicts | imprimez | reueus | corrigez | traduict | imprimé | les qvinze livres des elements geometriqves d’evclide | reueus & corrigez du viuant de l’autheur | professeur és mathematiques | les qvinze livres des elements geometriqves d’evclide | commentaires beaucoup plus amples & faciles | figures en plus grand nombre | le liure des donnez du mesme euclide | donnez | françois | d’evclide | euclide | traduicts imprimez reueus corrigez traduict imprime reueus corrigez du viuant de lautheur commentaires beaucoup plus amples faciles figures en plus grand nombre le liure des donnez du mesme euclide donnez francois les qvinze livres des elements geometriqves devclide devclide euclide | traduicts imprimez reueus corrigez traduict imprime reueus corrigez du viuant de lautheur commentaires beaucoup plus amples faciles figures en plus grand nombre le liure des donnez du mesme euclide donnez francois les qvinze livres des elements geometriqves devclide devclide euclide professeur es mathematiques d henrion | LES QVINZE LIVRES DES ELEMENTS GEOMETRIQVES D’EVCLIDE | Commentaires beaucoup plus amples & faciles | figures en plus grand nombre | reueus & corrigez du viuant de l’Autheur | le Liure des DONNEZ du mesme Euclide | Data | True | False | False
Paris_1632a,1632,Paris,FRENCH,octavo,No primary family,True,near_complete_or_expanded,euclid_composite_workshop,True,False,True,False,False,True,True,Traduicts | augmentez | LES QVINZE LIVRES DES ELEMENTS GEOMETRIQVES D’EVCLIDE | seconde edition | Professeur es Mathematiques | LES QVINZE LIVRES DES ELEMENTS GEOMETRIQVES D’EVCLIDE | plusieurs figures et demonstrations | la correction des erreurs commises es autres traductions | Grec | François | D’EVCLIDE,Professeur es Mathematiques | MONSEIGNEVR L’illustrissime & Reuerendissime Cardinal de Lÿon,traduicts | augmentez | les qvinze livres des elements geometriqves d’evclide | seconde edition | professeur es mathematiques | les qvinze livres des elements geometriqves d’evclide | plusieurs figures et demonstrations | la correction des erreurs commises es autres traductions | grec | françois | d’evclide | traduicts augmentez seconde edition plusieurs figures et demonstrations la correction des erreurs commises es autres traductions grec francois les qvinze livres des elements geometriqves devclide devclide | traduicts augmentez seconde edition plusieurs figures et demonstrations la correction des erreurs commises es autres traductions grec francois les qvinze livres des elements geometriqves devclide devclide professeur es mathematiques p le mardele | LES QVINZE LIVRES DES ELEMENTS GEOMETRIQVES D’EVCLIDE | plusieurs figures et demonstrations | la correction des erreurs commises es autres traductions | seconde edition | False | False | False
Rotterdam_1632,1632,Rotterdam,DUTCH,octavo,Geometry/Theory,True,books_1_6,euclid_composite_workshop,True,False,True,True,True,True,True,ghevoeght | Overgheset | verk-laert | uytgheleyt | oversien | verbetert | byghevoeghde | verklaert | vermeerdert | van alle leergierighe lief hebbers der selver vryer Konste | De ses eerste Boecken EVCLIDIS | Van de beginselen ende fondamenten der Geometrie | Van nieus oversien ende verbetert | der stadt Leyden Lant-meter ende Wijnroeyer | De ses eerste Boecken EVCLIDIS | eenighe nut-tigheden | Specien in Geometrische figueren | byghevoeghde nut-tigheden | EVCLIDIS,van alle leergierighe lief hebbers der selver vryer Konste | der stadt Leyden Lant-meter ende Wijnroeyer,ghevoeght | overgheset | verk-laert | uytgheleyt | oversien | verbetert | byghevoeghde | verklaert | vermeerdert | van alle leergierighe lief hebbers der selver vryer konste | de ses eerste boecken evclidis | van de beginselen ende fondamenten der geometrie | van nieus oversien ende verbetert | der stadt leyden lant-meter ende wijnroeyer | de ses eerste boecken evclidis | eenighe nut-tigheden | specien in geometrische figueren | byghevoeghde nut-tigheden | evclidis | ghevoeght overgheset verk laert uytgheleyt oversien verbetert byghevoeghde verklaert vermeerdert van nieus oversien ende verbetert van de beginselen ende fondamenten der geometrie eenighe nut tigheden specien in geometrische figueren byghevoeghde nut tigheden de ses eerste boecken evclidis evclidis | ghevoeght overgheset verk laert uytgheleyt oversien verbetert byghevoeghde verklaert vermeerdert van nieus oversien ende verbetert van de beginselen ende fondamenten der geometrie eenighe nut tigheden specien in geometrische figueren byghevoeghde nut tigheden van alle leergierighe lief hebbers der selver vryer konste de ses eerste boecken evclidis evclidis der stadt leyden lant meter ende wijnroeyer ian pietersz dou | Van de beginselen ende fondamenten der Geometrie | De ses eerste Boecken EVCLIDIS | eenighe nut-tigheden | Specien in Geometrische figueren | byghevoeghde nut-tigheden | Van nieus oversien ende verbetert | False | False | False
Amsterdam_1634,1634,Amsterdam,"GERMAN, LATIN",octavo,Geometry/Theory,True,books_1_6,euclid_composite_workshop,True,False,True,False,False,True,True,"angefüget | verteutscht | Die sechs ersten Bücher EVCLIDIS | Von den Anfängen vnd fundamenten der Geometriæ | Auss H. Ioann Petersz Dou Niderländischen andern Edition verteutscht | Arithmeticum & G. Verordneten Inspectorn vnd Visitatorn der Teuschen Schuln in Nürnberg | H. Ioann Petersz | Die sechs ersten Bücher EVCLIDIS | Nutzbarkeiten angefüget | Speciebus in Geometrischen Figuren | Per Demonstra-tiones Lineales | Dess hochgelährten weit-berümbten, Griechischen Philosophi vnd Mathematici | Niderländischen | EVCLIDIS",der Teuschen Schuln in Nürnberg | Arithmeticum & G. Verordneten Inspectorn vnd Visitatorn der Teuschen Schuln in Nürnberg | H. Ioann Petersz,"Die sechs ersten Bücher Euclidis, Deß Hochgelährten weitberümbten, Griechischen Philosophi und Mathematici: Von den Anfängen und fundamenten der Geometriae : Dabey dann mancherley auß diesen Büchern gezogene Nutzbarkeiten angefüget seind: sampt den Specie | angefüget | verteutscht | die sechs ersten bücher evclidis | von den anfängen vnd fundamenten der geometriæ | auss h. ioann petersz dou niderländischen andern edition verteutscht | arithmeticum & g. verordneten inspectorn vnd visitatorn der teuschen schuln in nürnberg | h. ioann petersz | die sechs ersten bücher evclidis | nutzbarkeiten angefüget | speciebus in geometrischen figuren | per demonstra-tiones lineales | dess hochgelährten weit-berümbten, griechischen philosophi vnd mathematici | niderländischen | evclidis | angefuget verteutscht auss h ioann petersz dou niderlandischen andern edition verteutscht von den anfangen vnd fundamenten der geometri nutzbarkeiten angefuget speciebus in geometrischen figuren per demonstra tiones lineales niderlandischen h ioann petersz die sechs ersten bucher evclidis evclidis dess hochgelahrten weit berumbten griechischen philosophi vnd mathematici | angefuget verteutscht auss h ioann petersz dou niderlandischen andern edition verteutscht von den anfangen vnd fundamenten der geometri nutzbarkeiten angefuget speciebus in geometrischen figuren per demonstra tiones lineales der teuschen schuln in nurnberg h ioann petersz niderlandischen die sechs ersten bucher evclidis evclidis dess hochgelahrten weit berumbten griechischen philosophi vnd mathematici arithmeticum g verordneten inspectorn vnd visitatorn der teuschen schuln in nurnberg sebastianum curtium | Von den Anfängen vnd fundamenten der Geometriæ | Die sechs ersten Bücher EVCLIDIS | Nutzbarkeiten angefüget | Speciebus in Geometrischen Figuren | Per Demonstra-tiones Lineales | Auss H. Ioann Petersz Dou Niderländischen andern Edition verteutscht | False | False | False"
Graz_1636,1636,Graz,LATIN,duodecimo,No primary family,True,books_1_6,euclid_composite_workshop,True,False,False,False,False,True,True,"contracti | Accessit | EVCLIDIS SEX PRIMI ELEMENTORUM GEOMETRICO- RUM LIBRI CUM PARTE UNDECIMI | Ex majoribus Clavij com-mentarijs in commodiorem formam contracti | è SOCIETATE JESU | HONORATVM DVRANDVM EIVSDEM SOCIETATIS | EVCLIDIS SEX PRIMI ELEMENTORUM GEOMETRICORUM LIBRI CUM PARTE UNDECIMI | ferme ex Clavio BREVIS TRIGNONOMEtria planorum, cum Tabulis Sinuum, Tangentium, & Secantium, ad partes Radij 100000 per sex prima scrupula graduum | BREVIS TRIGNONOMEtria | EVCLIDIS",SOC IETATE JESU | EIVSDEM SOCIETATIS | è SOCIETATE JESU | HONORATVM DVRANDVM EIVSDEM SOCIETATIS,"Euclidis sex primi elementorum geometricorum libri cum parte undecimi ex majoribus Clavij commentarijs in commodiorem forma contracti | contracti | accessit | evclidis sex primi elementorum geometrico- rum libri cum parte undecimi | ex majoribus clavij com-mentarijs in commodiorem formam contracti | è societate jesu | honoratvm dvrandvm eivsdem societatis | evclidis sex primi elementorum geometricorum libri cum parte undecimi | ferme ex clavio brevis trignonometria planorum, cum tabulis sinuum, tangentium, & secantium, ad partes radij 100000 per sex prima scrupula graduum | brevis trignonometria | evclidis | contracti accessit ex majoribus clavij com mentarijs in commodiorem formam contracti ferme ex clavio brevis trignonometria planorum cum tabulis sinuum tangentium secantium ad partes radij 100000 per sex prima scrupula graduum brevis trignonometria evclidis sex primi elementorum geometricorum libri cum parte undecimi evclidis | contracti accessit ex majoribus clavij com mentarijs in commodiorem formam contracti ferme ex clavio brevis trignonometria planorum cum tabulis sinuum tangentium secantium ad partes radij 100000 per sex prima scrupula graduum brevis trignonometria soc ietate jesu eivsdem societatis evclidis sex primi elementorum geometricorum libri cum parte undecimi evclidis e societate jesu honoratvm dvrandvm eivsdem societatis p christopho rum grienbergerum p jacobvm | Ex majoribus Clavij com-mentarijs in commodiorem formam contracti | EVCLIDIS SEX PRIMI ELEMENTORUM GEOMETRICO- RUM LIBRI CUM PARTE UNDECIMI | ferme ex Clavio BREVIS TRIGNONOMEtria planorum, cum Tabulis Sinuum, Tangentium, & Secantium, ad partes Radij 100000 per sex prima scrupula graduum | False | False | False"
Antwerp_1645,1645,Antwerp,LATIN,folio,Geometry/Theory,True,near_complete_or_expanded,euclid_procedural_pedagogical,True,False,True,False,False,False,True,"illustrauit | locupletauit | EVCLIDIS ELEMENTORVM GEOMETRICORVM LIBROS TREDECIM ISIDORVM | Immissionemq´ ue duarum rectarum linearum continué proportionalium inter duas rectas, tàm secundùm Antiquos, quàm se-cundùm Recentiores Geometras, nouis vbique ferè demonstrationibus illustrauit, & multis definitionibus, axiomatibus, propositionibus, corollariis, & animaduersionibus, ad Geometriam rectè intelligen-dam necessariis, locupletauit | E Societate IESV Sacerdos, patria Ornacensis in libero Comitatu Burgundiæ, & Regius Mathematicarum Professor | EVCLIDIS ELEMENTORVM GEOMETRICORVM LIBROS TREDECIM ISIDORVM | Immissionemq´ ue duarum rectarum linearum continué proportionalium inter duas rectas | nouis vbique ferè demonstrationibus | multis definitionibus, axiomatibus, propositionibus, corollariis, & animaduersionibus | HYPSICLEM | Recentiores de Corporibus Regularibus | PROCLI PROPOSITIONES GEO-METRICAS | HYPSICLEM | Recentiores de Corporibus Regularibus | PROCLI PROPOSITIONES GEO-METRICAS | EVCLIDIS","Societate IESV | E Societate IESV Sacerdos, patria Ornacensis in libero Comitatu Burgundiæ, & Regius Mathematicarum Professor | PHILIPPO IIII. HISPANIARVM ET INDIARVM REGI CATHOLICO","Euclidis elementorum geometricorum libros tredecim Isidorum et Hypsiclem & recentiores de corporibus regularibus, & Procli propositiones geometricas | illustrauit | locupletauit | evclidis elementorvm geometricorvm libros tredecim isidorvm | immissionemq´ ue duarum rectarum linearum continué proportionalium inter duas rectas, tàm secundùm antiquos, quàm se-cundùm recentiores geometras, nouis vbique ferè demonstrationibus illustrauit, & multis definitionibus, axiomatibus, propositionibus, corollariis, & animaduersionibus, ad geometriam rectè intelligen-dam necessariis, locupletauit | e societate iesv sacerdos, patria ornacensis in libero comitatu burgundiæ, & regius mathematicarum professor | evclidis elementorvm geometricorvm libros tredecim isidorvm | immissionemq´ ue duarum rectarum linearum continué proportionalium inter duas rectas | nouis vbique ferè demonstrationibus | multis definitionibus, axiomatibus, propositionibus, corollariis, & animaduersionibus | hypsiclem | recentiores de corporibus regularibus | procli propositiones geo-metricas | hypsiclem | recentiores de corporibus regularibus | procli propositiones geo-metricas | evclidis | illustrauit locupletauit immissionemq ue duarum rectarum linearum continue proportionalium inter duas rectas tam secundum antiquos quam se cundum recentiores geometras nouis vbique fere demonstrationibus illustrauit multis definitionibus axiomatibus propositionibus corollariis animaduersionibus ad geometriam recte intelligen dam necessariis locupletauit immissionemq ue duarum rectarum linearum continue proportionalium inter duas rectas nouis vbique fere demonstrationibus multis definitionibus axiomatibus propositionibus corollariis animaduersionibus hypsiclem recentiores de corporibus regularibus procli propositiones geo metricas hypsiclem recentiores de corporibus regularibus procli propositiones geo metricas evclidis elementorvm geometricorvm libros tredecim isidorvm evclidis | illustrauit locupletauit immissionemq ue duarum rectarum linearum continue proportionalium inter duas rectas tam secundum antiquos quam se cundum recentiores geometras nouis vbique fere demonstrationibus illustrauit multis definitionibus axiomatibus propositionibus corollariis animaduersionibus ad geometriam recte intelligen dam necessariis locupletauit immissionemq ue duarum rectarum linearum continue proportionalium inter duas rectas nouis vbique fere demonstrationibus multis definitionibus axiomatibus propositionibus corollariis animaduersionibus hypsiclem recentiores de corporibus regularibus procli propositiones geo metricas hypsiclem recentiores de corporibus regularibus procli propositiones geo metricas societate iesv evclidis elementorvm geometricorvm libros tredecim isidorvm evclidis e societate iesv sacerdos patria ornacensis in libero comitatu burgundi regius mathematicarum professor clavdivs richardvs | Immissionemq´ ue duarum rectarum linearum continué proportionalium inter duas rectas, tàm secundùm Antiquos, quàm se-cundùm Recentiores Geometras, nouis vbique ferè demonstrationibus illustrauit, & multis definitionibus, axiomatibus, propositionibus, corollariis, & animaduersionibus, ad Geometriam rectè intelligen-dam necessariis, locupletauit | EVCLIDIS ELEMENTORVM GEOMETRICORVM LIBROS TREDECIM ISIDORVM | Immissionemq´ ue duarum rectarum linearum continué proportionalium inter duas rectas | nouis vbique ferè demonstrationibus | multis definitionibus, axiomatibus, propositionibus, corollariis, & animaduersionibus | HYPSICLEM | Recentiores de Corporibus Regularibus | PROCLI PROPOSITIONES GEO-METRICAS | False | False | False"
Lyon_1645,1645,Lyon,FRENCH,octavo,Geometry/Theory,True,near_complete_or_expanded,euclid_composite_workshop,True,False,True,False,False,True,True,"Traduits | augmentez | LES QVINZE LIVRES DES ELEMENTS GEOMETRIQVES D’EVCLIDE | Traduits de Grec en François, & augmentez de plusieurs figures & demonstrations, auec la correction des erreurs commises és autres traductions | Professeur és Mathematiques | LES QVINZE LIVRES DES ELEMENTS GEOMETRIQVES D’EVCLIDE | augmentez de plusieurs figures & demonstrations | la correction des erreurs commises és autres traductions | D’EVCLIDE MEGARIEN | Grec | François | D’EVCLIDE",Professeur és Mathematiques | MONSEIGNEVR l’Illustrissime & Reuerendissime CARDINAL de Lyon,"traduits | augmentez | les qvinze livres des elements geometriqves d’evclide | traduits de grec en françois, & augmentez de plusieurs figures & demonstrations, auec la correction des erreurs commises és autres traductions | professeur és mathematiques | les qvinze livres des elements geometriqves d’evclide | augmentez de plusieurs figures & demonstrations | la correction des erreurs commises és autres traductions | d’evclide megarien | grec | françois | d’evclide | traduits augmentez traduits de grec en francois augmentez de plusieurs figures demonstrations auec la correction des erreurs commises es autres traductions augmentez de plusieurs figures demonstrations la correction des erreurs commises es autres traductions grec francois les qvinze livres des elements geometriqves devclide devclide devclide megarien | traduits augmentez traduits de grec en francois augmentez de plusieurs figures demonstrations auec la correction des erreurs commises es autres traductions augmentez de plusieurs figures demonstrations la correction des erreurs commises es autres traductions grec francois les qvinze livres des elements geometriqves devclide devclide devclide megarien professeur es mathematiques pierre mardele | LES QVINZE LIVRES DES ELEMENTS GEOMETRIQVES D’EVCLIDE | augmentez de plusieurs figures & demonstrations | la correction des erreurs commises és autres traductions | Traduits de Grec en François, & augmentez de plusieurs figures & demonstrations, auec la correction des erreurs commises és autres traductions | False | False | False"
Lyon_1646,1646,Lyon,FRENCH,octavo,Geometry/Theory,True,near_complete_or_expanded,euclid_composite_workshop,True,False,True,False,False,True,True,Traduits | augmentez | LES QVINZE LIVRES DES ELEMENTS GEOMETRIQVES D’EVCLIDE | Traduits de Grec en François | Professeur és Mathematiques | LES QVINZE LIVRES DES ELEMENTS GEOMETRIQVES D’EVCLIDE | plusieurs figures & demonstrations | la correction des erreurs commises és autres traductions | Grec | François | D’EVCLIDE,Professeur és Mathematiques | MONSEIGNEVR l’Illustrissime & Reuerendissime CARDINAL de Lyon,traduits | augmentez | les qvinze livres des elements geometriqves d’evclide | traduits de grec en françois | professeur és mathematiques | les qvinze livres des elements geometriqves d’evclide | plusieurs figures & demonstrations | la correction des erreurs commises és autres traductions | grec | françois | d’evclide | traduits augmentez traduits de grec en francois plusieurs figures demonstrations la correction des erreurs commises es autres traductions grec francois les qvinze livres des elements geometriqves devclide devclide | traduits augmentez traduits de grec en francois plusieurs figures demonstrations la correction des erreurs commises es autres traductions grec francois les qvinze livres des elements geometriqves devclide devclide professeur es mathematiques pierre mardele | LES QVINZE LIVRES DES ELEMENTS GEOMETRIQVES D’EVCLIDE | plusieurs figures & demonstrations | la correction des erreurs commises és autres traductions | Traduits de Grec en François | False | False | False
Rotterdam_1647,1647,Rotterdam,DUTCH,octavo,No primary family,True,books_1_6,euclid_composite_workshop,True,False,True,True,True,True,True,"bygevoeght | Overgeset | verklaert | uytgeleyt | oversien | verbetert | vermeerdert | breeder verklaert | bygevoeght | Overgeset | verklaert | uytgeleyt | oversien | verbetert | vermeerdert | alle leergierige liefhebbers der selver vrye Konste | De ses eerste Boecken EUCLIDIS | Van de beginselen ende fonda-menten der Geometrie | Waer bygevoeght zijn eenige nuttigheden | Van nieus oversien ende verbetert | der stadt Leyden Lant-meter ende Wijnroyer | De ses eerste Boecken EUCLIDIS | eenige nuttigheden, uyt de selve Boecken getrocken | de Specien in Geometrische figuren, als ’tmaken, veranderen, t’samenvoegen, aftrecken, ver-menigvuldigen ende deelen | de bygevoegde nuttigheden, met de specien in Geometrische figuren | eenige nuttigheden, uyt de selve Boecken getrocken | Specien in Geometrische figuren | bygevoegde nuttigheden, met de specien in Geometrische figuren | EUCLIDIS",alle leergierige liefhebbers der selver vrye Konste | der stadt Leyden Lant-meter ende Wijnroyer,"bygevoeght | overgeset | verklaert | uytgeleyt | oversien | verbetert | vermeerdert | breeder verklaert | bygevoeght | overgeset | verklaert | uytgeleyt | oversien | verbetert | vermeerdert | alle leergierige liefhebbers der selver vrye konste | de ses eerste boecken euclidis | van de beginselen ende fonda-menten der geometrie | waer bygevoeght zijn eenige nuttigheden | van nieus oversien ende verbetert | der stadt leyden lant-meter ende wijnroyer | de ses eerste boecken euclidis | eenige nuttigheden, uyt de selve boecken getrocken | de specien in geometrische figuren, als ’tmaken, veranderen, t’samenvoegen, aftrecken, ver-menigvuldigen ende deelen | de bygevoegde nuttigheden, met de specien in geometrische figuren | eenige nuttigheden, uyt de selve boecken getrocken | specien in geometrische figuren | bygevoegde nuttigheden, met de specien in geometrische figuren | euclidis | bygevoeght overgeset verklaert uytgeleyt oversien verbetert vermeerdert breeder verklaert bygevoeght overgeset verklaert uytgeleyt oversien verbetert vermeerdert waer bygevoeght zijn eenige nuttigheden van nieus oversien ende verbetert van de beginselen ende fonda menten der geometrie eenige nuttigheden uyt de selve boecken getrocken de specien in geometrische figuren als tmaken veranderen tsamenvoegen aftrecken ver menigvuldigen ende deelen de bygevoegde nuttigheden met de specien in geometrische figuren eenige nuttigheden uyt de selve boecken getrocken specien in geometrische figuren bygevoegde nuttigheden met de specien in geometrische figuren de ses eerste boecken euclidis euclidis | bygevoeght overgeset verklaert uytgeleyt oversien verbetert vermeerdert breeder verklaert bygevoeght overgeset verklaert uytgeleyt oversien verbetert vermeerdert waer bygevoeght zijn eenige nuttigheden van nieus oversien ende verbetert van de beginselen ende fonda menten der geometrie eenige nuttigheden uyt de selve boecken getrocken de specien in geometrische figuren als tmaken veranderen tsamenvoegen aftrecken ver menigvuldigen ende deelen de bygevoegde nuttigheden met de specien in geometrische figuren eenige nuttigheden uyt de selve boecken getrocken specien in geometrische figuren bygevoegde nuttigheden met de specien in geometrische figuren alle leergierige liefhebbers der selver vrye konste de ses eerste boecken euclidis euclidis der stadt leyden lant meter ende wijnroyer jan pieterse dou | Van de beginselen ende fonda-menten der Geometrie | De ses eerste Boecken EUCLIDIS | eenige nuttigheden, uyt de selve Boecken getrocken | de Specien in Geometrische figuren, als ’tmaken, veranderen, t’samenvoegen, aftrecken, ver-menigvuldigen ende deelen | de bygevoegde nuttigheden, met de specien in Geometrische figuren | eenige nuttigheden, uyt de selve Boecken getrocken | Specien in Geometrische figuren | bygevoegde nuttigheden, met de specien in Geometrische figuren | Waer bygevoeght zijn eenige nuttigheden | Van nieus oversien ende verbetert | False | False | False"
Frankfurt_1654,1654,Frankfurt,LATIN,octavo,Geometry/Theory,True,near_complete_or_expanded,euclid_composite_workshop,True,False,True,False,False,True,True,"Accessit | editi | locupletati | illustrati | EUCLIDIS ELEMENTORUM LIBRI XV | EUCLIDIS POSTERIORES LIBRI IX | OMNES PERSPICVIS DEMONSTRATIONIbus accuratisque scholiis illustrati | OMNES PERSPICUIS DEMONSTRAtionibus, accuratisque scholiis illustrati | nunc quartò editi | post primam editionem locupletati | Bambergensi è Societate IESV | Bambergensi è Societate IESU | EUCLIDIS ELEMENTORUM LIBRI XV | EUCLIDIS POSTERIORES LIBRI IX | ac multarum rerum accessione | post primam editionem locupletati | scholiis illustrati | Accessit liber XVI. De Solidorum Regularium | De Solidorum Regularium | EUCLIDIS",Societate IESV | Societate IESU | Bambergensi è Societate IESV | Bambergensi è Societate IESU,"Euclidis Posteriores Libri IX Accessit liber XVI. De Solidorum Regularium cuiuslibet intra quodlibet comparatione, Omnes Perspicuis Demonstrationibus, accuratisque scholiis illustrati Auctore Christophoro Clavio Bambergensi e Societate Jesu: nunc quarto editi, ac multarum rerum accessione post primam editionem locupletati | accessit | editi | locupletati | illustrati | euclidis elementorum libri xv | euclidis posteriores libri ix | omnes perspicvis demonstrationibus accuratisque scholiis illustrati | omnes perspicuis demonstrationibus, accuratisque scholiis illustrati | nunc quartò editi | post primam editionem locupletati | bambergensi è societate iesv | bambergensi è societate iesu | euclidis elementorum libri xv | euclidis posteriores libri ix | ac multarum rerum accessione | post primam editionem locupletati | scholiis illustrati | accessit liber xvi. de solidorum regularium | de solidorum regularium | euclidis | accessit editi locupletati illustrati nunc quarto editi post primam editionem locupletati omnes perspicvis demonstrationibus accuratisque scholiis illustrati omnes perspicuis demonstrationibus accuratisque scholiis illustrati ac multarum rerum accessione post primam editionem locupletati scholiis illustrati accessit liber xvi de solidorum regularium de solidorum regularium euclidis elementorum libri xv euclidis posteriores libri ix euclidis | accessit editi locupletati illustrati nunc quarto editi post primam editionem locupletati omnes perspicvis demonstrationibus accuratisque scholiis illustrati omnes perspicuis demonstrationibus accuratisque scholiis illustrati ac multarum rerum accessione post primam editionem locupletati scholiis illustrati accessit liber xvi de solidorum regularium de solidorum regularium societate iesv societate iesu euclidis elementorum libri xv euclidis posteriores libri ix euclidis bambergensi e societate iesv bambergensi e societate iesu christophoro clavio | OMNES PERSPICVIS DEMONSTRATIONIbus accuratisque scholiis illustrati | OMNES PERSPICUIS DEMONSTRAtionibus, accuratisque scholiis illustrati | EUCLIDIS ELEMENTORUM LIBRI XV | EUCLIDIS POSTERIORES LIBRI IX | ac multarum rerum accessione | post primam editionem locupletati | scholiis illustrati | nunc quartò editi | post primam editionem locupletati | Accessit liber XVI. De Solidorum Regularium | False | False | False"
Rotterdam_1661,1661,Rotterdam,DUTCH,octavo,Geometry/Theory,True,books_1_6,euclid_composite_workshop,True,False,True,False,True,True,True,by-gevoeght | Over-geset | verklaert | uyt-geleydt | oversien | verbetert | vermeerdert | by-gevoeghde | alle leer-gierige Liefhebbers der selver vrye Konste | De ses eerste Boecken EUCLIDIS | Van de beginselen ende fonda-menten der Geometrie | Van nieuws oversien ende verbetert | Landt-meter ende Wijn-roeyer der Stadt LEYDEN | De ses eerste Boecken EUCLIDIS | eenige nuttigheden | Specien in Geometrische figuren | by-gevoeghde nuttigheden | EUCLIDIS,alle leer-gierige Liefhebbers der selver vrye Konste | Landt-meter ende Wijn-roeyer der Stadt LEYDEN,by-gevoeght | over-geset | verklaert | uyt-geleydt | oversien | verbetert | vermeerdert | by-gevoeghde | alle leer-gierige liefhebbers der selver vrye konste | de ses eerste boecken euclidis | van de beginselen ende fonda-menten der geometrie | van nieuws oversien ende verbetert | landt-meter ende wijn-roeyer der stadt leyden | de ses eerste boecken euclidis | eenige nuttigheden | specien in geometrische figuren | by-gevoeghde nuttigheden | euclidis | by gevoeght over geset verklaert uyt geleydt oversien verbetert vermeerdert by gevoeghde van nieuws oversien ende verbetert van de beginselen ende fonda menten der geometrie eenige nuttigheden specien in geometrische figuren by gevoeghde nuttigheden de ses eerste boecken euclidis euclidis | by gevoeght over geset verklaert uyt geleydt oversien verbetert vermeerdert by gevoeghde van nieuws oversien ende verbetert van de beginselen ende fonda menten der geometrie eenige nuttigheden specien in geometrische figuren by gevoeghde nuttigheden alle leer gierige liefhebbers der selver vrye konste de ses eerste boecken euclidis euclidis landt meter ende wijn roeyer der stadt leyden jan pietersz dou | Van de beginselen ende fonda-menten der Geometrie | De ses eerste Boecken EUCLIDIS | eenige nuttigheden | Specien in Geometrische figuren | by-gevoeghde nuttigheden | Van nieuws oversien ende verbetert | False | False | False
Rouen_1676,1676,Rouen,FRENCH,octavo,Geometry/Theory,True,near_complete_or_expanded,euclid_composite_workshop,True,False,False,False,True,True,True,Traduits | reveus & corrigez | traduit | LES QUINZE LIVRES DES ELEMENTS D’EUCLIDE | Traduits en François par D. HENRION | reveus & corrigez | aussi traduit en François par ledit Henrion | Professeur és Mathematiques | LES QUINZE LIVRES DES ELEMENTS D’EUCLIDE | avec des Commentaires beaucoup plus amples & faciles | des figures en plus grand nombre | le Livre des DONNEZ du même Euclide | DONNEZ | François | D’EUCLIDE | Euclide,Professeur és Mathematiques,traduits | reveus & corrigez | traduit | les quinze livres des elements d’euclide | traduits en françois par d. henrion | reveus & corrigez | aussi traduit en françois par ledit henrion | professeur és mathematiques | les quinze livres des elements d’euclide | avec des commentaires beaucoup plus amples & faciles | des figures en plus grand nombre | le livre des donnez du même euclide | donnez | françois | d’euclide | euclide | traduits reveus corrigez traduit traduits en francois par d henrion reveus corrigez aussi traduit en francois par ledit henrion avec des commentaires beaucoup plus amples faciles des figures en plus grand nombre le livre des donnez du meme euclide donnez francois les quinze livres des elements deuclide deuclide euclide | traduits reveus corrigez traduit traduits en francois par d henrion reveus corrigez aussi traduit en francois par ledit henrion avec des commentaires beaucoup plus amples faciles des figures en plus grand nombre le livre des donnez du meme euclide donnez francois les quinze livres des elements deuclide deuclide euclide professeur es mathematiques d henrion | LES QUINZE LIVRES DES ELEMENTS D’EUCLIDE | avec des Commentaires beaucoup plus amples & faciles | des figures en plus grand nombre | Traduits en François par D. HENRION | reveus & corrigez | aussi traduit en François par ledit Henrion | le Livre des DONNEZ du même Euclide | Data | True | False | False
Rouen_and_Paris_1677,1677,"Rouen, Paris",FRENCH,octavo,Geometry/Theory,True,near_complete_or_expanded,euclid_composite_workshop,True,False,False,False,False,True,True,Traduits | commentez | Reveuë | augmentée | Les quinze livres des elemens geometriques d’Euclide | Derniere edition | Reveuë et augmentée de plusieurs figures | Mathematicien | Les quinze livres des elemens geometriques d’Euclide | plusieurs figures | du Livre des Donnez du même Auteur | Livre des Donnez | Euclide,Mathematicien,traduits | commentez | reveuë | augmentée | les quinze livres des elemens geometriques d’euclide | derniere edition | reveuë et augmentée de plusieurs figures | mathematicien | les quinze livres des elemens geometriques d’euclide | plusieurs figures | du livre des donnez du même auteur | livre des donnez | euclide | traduits commentez reveue augmentee derniere edition reveue et augmentee de plusieurs figures plusieurs figures du livre des donnez du meme auteur livre des donnez les quinze livres des elemens geometriques deuclide euclide | traduits commentez reveue augmentee derniere edition reveue et augmentee de plusieurs figures plusieurs figures du livre des donnez du meme auteur livre des donnez les quinze livres des elemens geometriques deuclide euclide mathematicien d henrion | Les quinze livres des elemens geometriques d’Euclide | plusieurs figures | Derniere edition | Reveuë et augmentée de plusieurs figures | du Livre des Donnez du même Auteur | Data | True | False | False
Rotterdam_1681,1681,Rotterdam,DUTCH,octavo,No primary family,True,books_1_6,euclid_composite_workshop,True,False,True,False,True,True,True,"by-gevoeght | Over-geset | verklaert | uyt-geleydt | oversien | verbetert | vermeerdert | alle leer-gierige Liefhebbers der selver vrye Konste | De ses eerste Boecken EUCLIDIS | Van de beginselen ende fondamenten der Geometrie | Desen laetsten druck, van nieuws oversien ende verbetert | Landt-meter ende Wijn-roeyer der Stadt LEYDEN | De ses eerste Boecken EUCLIDIS | eenige nut-tigheden | Specien in Geometrische figuren | by-gevoegde nuttigheden | EUCLIDIS",alle leer-gierige Liefhebbers der selver vrye Konste | Landt-meter ende Wijn-roeyer der Stadt LEYDEN,"by-gevoeght | over-geset | verklaert | uyt-geleydt | oversien | verbetert | vermeerdert | alle leer-gierige liefhebbers der selver vrye konste | de ses eerste boecken euclidis | van de beginselen ende fondamenten der geometrie | desen laetsten druck, van nieuws oversien ende verbetert | landt-meter ende wijn-roeyer der stadt leyden | de ses eerste boecken euclidis | eenige nut-tigheden | specien in geometrische figuren | by-gevoegde nuttigheden | euclidis | by gevoeght over geset verklaert uyt geleydt oversien verbetert vermeerdert desen laetsten druck van nieuws oversien ende verbetert van de beginselen ende fondamenten der geometrie eenige nut tigheden specien in geometrische figuren by gevoegde nuttigheden de ses eerste boecken euclidis euclidis | by gevoeght over geset verklaert uyt geleydt oversien verbetert vermeerdert desen laetsten druck van nieuws oversien ende verbetert van de beginselen ende fondamenten der geometrie eenige nut tigheden specien in geometrische figuren by gevoegde nuttigheden alle leer gierige liefhebbers der selver vrye konste de ses eerste boecken euclidis euclidis landt meter ende wijn roeyer der stadt leyden jan pietersz dou | Van de beginselen ende fondamenten der Geometrie | De ses eerste Boecken EUCLIDIS | eenige nut-tigheden | Specien in Geometrische figuren | by-gevoegde nuttigheden | Desen laetsten druck, van nieuws oversien ende verbetert | False | False | False"
Rouen_and_Paris_1683,1683,"Rouen, Paris",FRENCH,octavo,No primary family,True,near_complete_or_expanded,euclid_composite_workshop,True,False,False,False,False,True,True,Traduits | commentez | Reveuë | augmentée | LES QUINZE LIVRES DES ELEMENS GEOMETRIQUES D’EUCLIDE | DERNIERE EDITION | Mathematicien | LES QUINZE LIVRES DES ELEMENS GEOMETRIQUES D’EUCLIDE | plusieurs figures | du Livre des DONNEZ du même Auteur | Livre des DONNEZ | D’EUCLIDE,Mathematicien,traduits | commentez | reveuë | augmentée | les quinze livres des elemens geometriques d’euclide | derniere edition | mathematicien | les quinze livres des elemens geometriques d’euclide | plusieurs figures | du livre des donnez du même auteur | livre des donnez | d’euclide | traduits commentez reveue augmentee derniere edition plusieurs figures du livre des donnez du meme auteur livre des donnez les quinze livres des elemens geometriques deuclide deuclide | traduits commentez reveue augmentee derniere edition plusieurs figures du livre des donnez du meme auteur livre des donnez les quinze livres des elemens geometriques deuclide deuclide mathematicien d henrion | LES QUINZE LIVRES DES ELEMENS GEOMETRIQUES D’EUCLIDE | plusieurs figures | DERNIERE EDITION | du Livre des DONNEZ du même Auteur | Data | True | False | False
London_1685a,1685,London,ENGLISH,duodecimo,No primary family,True,books_1_6_plus_solids,euclid_composite_workshop,True,False,True,False,True,True,True,"Explained | Demonstrated | Done out of | Corrected | Augmented | Illustrated | THE ELEMENTS OF EUCLID | Explained and Demonstrated in a New and most easie Method. With the USES of each PROPOSI-TION In all the Parts of the MATHEMATICKS | Done out of FRENCH, Corrected and Augmented | a Jesuite | THE ELEMENTS OF EUCLID | Illustrated with Nine Copper Plates | the Effigies of EVCLID | FRENCH | EUCLID | EVCLID",a Jesuite,"explained | demonstrated | done out of | corrected | augmented | illustrated | the elements of euclid | explained and demonstrated in a new and most easie method. with the uses of each proposi-tion in all the parts of the mathematicks | done out of french, corrected and augmented | a jesuite | the elements of euclid | illustrated with nine copper plates | the effigies of evclid | french | euclid | evclid | explained demonstrated done out of corrected augmented illustrated done out of french corrected and augmented explained and demonstrated in a new and most easie method with the uses of each proposi tion in all the parts of the mathematicks illustrated with nine copper plates the effigies of evclid french the elements of euclid euclid evclid | explained demonstrated done out of corrected augmented illustrated done out of french corrected and augmented explained and demonstrated in a new and most easie method with the uses of each proposi tion in all the parts of the mathematicks illustrated with nine copper plates the effigies of evclid french the elements of euclid euclid evclid a jesuite claude francois milliet dchales | Explained and Demonstrated in a New and most easie Method. With the USES of each PROPOSI-TION In all the Parts of the MATHEMATICKS | THE ELEMENTS OF EUCLID | Illustrated with Nine Copper Plates | the Effigies of EVCLID | Done out of FRENCH, Corrected and Augmented | False | False | False"
Amsterdam_1700b,1700,Amsterdam,DUTCH,octavo,Geometry/Theory,True,books_1_6,euclid_composite_workshop,True,False,True,True,True,True,True,"by-gevoeght | Over-geset | verklaert | uyt-geleyt | oversien | verbetert | vermeerdert | by-gevoegde | van alle leer-gierige Liefhebbers der selver vrye Konste | De zes eerste Boecken EUCLIDIS | Van de beginselen ende fon-damenten der Geometrie | Desen laetsten Druk, van nieuws oversien en verbetert | Lant-meter ende Wijn-roeyer der Stadt LEYDEN | De zes eerste Boecken EUCLIDIS | by-gevoeght zijn eenige nuttigheden, uyt deselve Boecken getroken | Mitsgaders de Specien in Geometrische figuren, als ’t maken, veranderen, t’samen voegen, aftrecken, ver-meenighvuldigen, ende deelen | Mitsgaders de by-gevoegde nuttigheden, met de specien in Geometrische figuren breeder verklaert ende vermeerdert | EUCLIDIS",van alle leer-gierige Liefhebbers der selver vrye Konste | Lant-meter ende Wijn-roeyer der Stadt LEYDEN,"by-gevoeght | over-geset | verklaert | uyt-geleyt | oversien | verbetert | vermeerdert | by-gevoegde | van alle leer-gierige liefhebbers der selver vrye konste | de zes eerste boecken euclidis | van de beginselen ende fon-damenten der geometrie | desen laetsten druk, van nieuws oversien en verbetert | lant-meter ende wijn-roeyer der stadt leyden | de zes eerste boecken euclidis | by-gevoeght zijn eenige nuttigheden, uyt deselve boecken getroken | mitsgaders de specien in geometrische figuren, als ’t maken, veranderen, t’samen voegen, aftrecken, ver-meenighvuldigen, ende deelen | mitsgaders de by-gevoegde nuttigheden, met de specien in geometrische figuren breeder verklaert ende vermeerdert | euclidis | by gevoeght over geset verklaert uyt geleyt oversien verbetert vermeerdert by gevoegde desen laetsten druk van nieuws oversien en verbetert van de beginselen ende fon damenten der geometrie by gevoeght zijn eenige nuttigheden uyt deselve boecken getroken mitsgaders de specien in geometrische figuren als t maken veranderen tsamen voegen aftrecken ver meenighvuldigen ende deelen mitsgaders de by gevoegde nuttigheden met de specien in geometrische figuren breeder verklaert ende vermeerdert de zes eerste boecken euclidis euclidis | by gevoeght over geset verklaert uyt geleyt oversien verbetert vermeerdert by gevoegde desen laetsten druk van nieuws oversien en verbetert van de beginselen ende fon damenten der geometrie by gevoeght zijn eenige nuttigheden uyt deselve boecken getroken mitsgaders de specien in geometrische figuren als t maken veranderen tsamen voegen aftrecken ver meenighvuldigen ende deelen mitsgaders de by gevoegde nuttigheden met de specien in geometrische figuren breeder verklaert ende vermeerdert van alle leer gierige liefhebbers der selver vrye konste de zes eerste boecken euclidis euclidis lant meter ende wijn roeyer der stadt leyden jan pietersz dou | Van de beginselen ende fon-damenten der Geometrie | De zes eerste Boecken EUCLIDIS | by-gevoeght zijn eenige nuttigheden, uyt deselve Boecken getroken | Mitsgaders de Specien in Geometrische figuren, als ’t maken, veranderen, t’samen voegen, aftrecken, ver-meenighvuldigen, ende deelen | Mitsgaders de by-gevoegde nuttigheden, met de specien in Geometrische figuren breeder verklaert ende vermeerdert | Desen laetsten Druk, van nieuws oversien en verbetert | False | False | False"
Amsterdam_1701,1701,Amsterdam,DUTCH,octavo,Geometry/Theory,True,books_1_6,euclid_composite_workshop,True,False,True,True,True,True,True,"by-gevoeght | by-gevoegde | Over-geset | verklaert | uyt-geleyt | oversien | verbeter t | vermeerdert | alle leer-gierige Liefhebbers der selver vrye Konste | De zes eerste Boecken EUCLIDIS | Van de beginselen ende fondamenten der Geometrie | Desen laetsten Druk, van nieuws oversien en verbetert | Lant-meter ende Wijn-roeyer der Stadt LEYDEN | De zes eerste Boecken EUCLIDIS | by-gevoeght zijn eenige nut-tigheden, uyt deselve Boecken getrocken: Mitsgaders de Specien in Geometrische figuren, als ’t maken, veranderen, t’samen voegen, aftrecken, vermeenighvuldigen, ende deelen | Over-geset, verklaert, ende uyt-geleyt tot vorderinge ende oeffeninge van alle leer-gierige Liefhebbers der selver vrye Konste | by-gevoegde nuttigheden, met de specien in Geometrische figuren breeder verklaert ende vermeerdert | EUCLIDIS",alle leer-gierige Liefhebbers der selver vrye Konste | Lant-meter ende Wijn-roeyer der Stadt LEYDEN,"by-gevoeght | by-gevoegde | over-geset | verklaert | uyt-geleyt | oversien | verbeter t | vermeerdert | alle leer-gierige liefhebbers der selver vrye konste | de zes eerste boecken euclidis | van de beginselen ende fondamenten der geometrie | desen laetsten druk, van nieuws oversien en verbetert | lant-meter ende wijn-roeyer der stadt leyden | de zes eerste boecken euclidis | by-gevoeght zijn eenige nut-tigheden, uyt deselve boecken getrocken: mitsgaders de specien in geometrische figuren, als ’t maken, veranderen, t’samen voegen, aftrecken, vermeenighvuldigen, ende deelen | over-geset, verklaert, ende uyt-geleyt tot vorderinge ende oeffeninge van alle leer-gierige liefhebbers der selver vrye konste | by-gevoegde nuttigheden, met de specien in geometrische figuren breeder verklaert ende vermeerdert | euclidis | by gevoeght by gevoegde over geset verklaert uyt geleyt oversien verbeter t vermeerdert desen laetsten druk van nieuws oversien en verbetert van de beginselen ende fondamenten der geometrie by gevoeght zijn eenige nut tigheden uyt deselve boecken getrocken mitsgaders de specien in geometrische figuren als t maken veranderen tsamen voegen aftrecken vermeenighvuldigen ende deelen over geset verklaert ende uyt geleyt tot vorderinge ende oeffeninge van alle leer gierige liefhebbers der selver vrye konste by gevoegde nuttigheden met de specien in geometrische figuren breeder verklaert ende vermeerdert de zes eerste boecken euclidis euclidis | by gevoeght by gevoegde over geset verklaert uyt geleyt oversien verbeter t vermeerdert desen laetsten druk van nieuws oversien en verbetert van de beginselen ende fondamenten der geometrie by gevoeght zijn eenige nut tigheden uyt deselve boecken getrocken mitsgaders de specien in geometrische figuren als t maken veranderen tsamen voegen aftrecken vermeenighvuldigen ende deelen over geset verklaert ende uyt geleyt tot vorderinge ende oeffeninge van alle leer gierige liefhebbers der selver vrye konste by gevoegde nuttigheden met de specien in geometrische figuren breeder verklaert ende vermeerdert alle leer gierige liefhebbers der selver vrye konste de zes eerste boecken euclidis euclidis lant meter ende wijn roeyer der stadt leyden jan pietersz dou | Van de beginselen ende fondamenten der Geometrie | De zes eerste Boecken EUCLIDIS | by-gevoeght zijn eenige nut-tigheden, uyt deselve Boecken getrocken: Mitsgaders de Specien in Geometrische figuren, als ’t maken, veranderen, t’samen voegen, aftrecken, vermeenighvuldigen, ende deelen | Over-geset, verklaert, ende uyt-geleyt tot vorderinge ende oeffeninge van alle leer-gierige Liefhebbers der selver vrye Konste | by-gevoegde nuttigheden, met de specien in Geometrische figuren breeder verklaert ende vermeerdert | Desen laetsten Druk, van nieuws oversien en verbetert | False | False | False"
Cambridge_1703,1703,Cambridge,LATIN,octavo,No primary family,True,books_1_6_plus_solids,elements_language_no_euclid,True,False,True,False,False,False,True,accedunt | emendata | illustrata | accommodata | ELEMENTA GEOMETRIÆ PLANÆ AC SOLIDÆ | in hac nova Editione | Summa cura emendata | A. M. Math-eseωs Professore LUCASIANO apud CANTABRIGIENSES | ARCHIMEDE | ELEMENTA GEOMETRIÆ PLANÆ AC SOLIDÆ | COROLLARIA non pauca illustrandis Elementis accommodata | varios propositionum pluri-marum USUS continentia | XL Schematibus novis æri incisis illustrata | SELECTA EX ARCHIMEDE THEOREMATA | SELECTA EX ARCHIMEDE THEOREMATA,SOC. JESU | CANTABRIGIENSES | A. M. Math-eseωs Professore LUCASIANO apud CANTABRIGIENSES | V. CL. ANDREÆ TACQUET SOC. JESU Sacerdotis | ARCHIMEDE,accedunt | emendata | illustrata | accommodata | elementa geometriæ planæ ac solidæ | in hac nova editione | summa cura emendata | a. m. math-eseωs professore lucasiano apud cantabrigienses | archimede | elementa geometriæ planæ ac solidæ | corollaria non pauca illustrandis elementis accommodata | varios propositionum pluri-marum usus continentia | xl schematibus novis æri incisis illustrata | selecta ex archimede theoremata | selecta ex archimede theoremata | accedunt emendata illustrata accommodata in hac nova editione summa cura emendata corollaria non pauca illustrandis elementis accommodata varios propositionum pluri marum usus continentia xl schematibus novis ri incisis illustrata selecta ex archimede theoremata selecta ex archimede theoremata archimede elementa geometri plan ac solid | accedunt emendata illustrata accommodata in hac nova editione summa cura emendata corollaria non pauca illustrandis elementis accommodata varios propositionum pluri marum usus continentia xl schematibus novis ri incisis illustrata selecta ex archimede theoremata selecta ex archimede theoremata soc jesu cantabrigienses archimede elementa geometri plan ac solid a m math eses professore lucasiano apud cantabrigienses gvlielmo whiston | ELEMENTA GEOMETRIÆ PLANÆ AC SOLIDÆ | COROLLARIA non pauca illustrandis Elementis accommodata | varios propositionum pluri-marum USUS continentia | XL Schematibus novis æri incisis illustrata | in hac nova Editione | Summa cura emendata | SELECTA EX ARCHIMEDE THEOREMATA | False | False | False
London_1703,1703,London,ENGLISH,duodecimo,No primary family,True,books_1_6_plus_solids,euclid_composite_workshop,True,False,True,False,True,True,True,Explained | Demonstrated | Corrected | Augmented | Illustrated | Done | THE ELEMENTS OF EUCLID | Explained and Demonstrated in a New and most Easy Method | With the Uses of each PROPOSI-TION In all the Parts of the MATHEMATICKS | Corrected and Augmented | Done out of FRENCH | a Jesuite | THE ELEMENTS OF EUCLID | Illustrated with Nine Copper Plates | the Effigies of EVCLID | FRENCH | EUCLID | EVCLID,a Jesuite,explained | demonstrated | corrected | augmented | illustrated | done | the elements of euclid | explained and demonstrated in a new and most easy method | with the uses of each proposi-tion in all the parts of the mathematicks | corrected and augmented | done out of french | a jesuite | the elements of euclid | illustrated with nine copper plates | the effigies of evclid | french | euclid | evclid | explained demonstrated corrected augmented illustrated done corrected and augmented done out of french explained and demonstrated in a new and most easy method with the uses of each proposi tion in all the parts of the mathematicks illustrated with nine copper plates the effigies of evclid french the elements of euclid euclid evclid | explained demonstrated corrected augmented illustrated done corrected and augmented done out of french explained and demonstrated in a new and most easy method with the uses of each proposi tion in all the parts of the mathematicks illustrated with nine copper plates the effigies of evclid french the elements of euclid euclid evclid a jesuite claude francois milliet dchales | Explained and Demonstrated in a New and most Easy Method | With the Uses of each PROPOSI-TION In all the Parts of the MATHEMATICKS | THE ELEMENTS OF EUCLID | Illustrated with Nine Copper Plates | the Effigies of EVCLID | Corrected and Augmented | Done out of FRENCH | False | False | False
RSEIPO,1731,Florence,ITALIAN,missing/unknown,Geometry/Theory,True,books_1_6_plus_solids,euclid_procedural_pedagogical,True,False,False,False,True,False,True,"POSTI BREVEMENTE IN VOLGARE | ILLUSTRATI CON VARIE ANNOTAZIONI | STUDIOSA GIOVENTÙ DELLA SUA SCUOLA | ELEMENTI GEOMETRICI PIANI, E SOLIDI DI EUCLIDE | REVERENDISS. PADRE ABATE | CAMALDOLESE | PROFESSORE DI MATTEMATICA | NELL' UNIVERSITA' DI PISA | CARLO ANDREINI | ELEMENTI GEOMETRICI PIANI, E SOLIDI DI EUCLIDE | ILLUSTRATI CON VARIE ANNOTAZIONI | IN VOLGARE | EUCLIDE",STUDIOSA GIOVENTÙ DELLA SUA SCUOLA | UNIVERSITA' DI PISA | SEMINARIO FIORENTINO | REVERENDISS. PADRE ABATE | CAMALDOLESE | PROFESSORE DI MATTEMATICA | NELL' UNIVERSITA' DI PISA | CARLO ANDREINI,
Paris_1739,1739,Paris,FRENCH,folio,Geometry/Theory,True,unknown_books,euclid_composite_workshop,True,False,False,True,False,True,True,CONTENANT | travaillé | enrichi de | à l’usage de ceux qui ne sont point versés dans l’Algebre | Élemens d’Euclide | non seulement ce qui est compris dans les Élemens d’Euclide | M. l’Abbé | Élemens d’Euclide | enrichi de quarante-sept Planches en Taille-douce | Euclide,à l’usage de ceux qui ne sont point versés dans l’Algebre | M. l’Abbé,La science des géomètres | contenant | travaillé | enrichi de | à l’usage de ceux qui ne sont point versés dans l’algebre | élemens d’euclide | non seulement ce qui est compris dans les élemens d’euclide | m. l’abbé | élemens d’euclide | enrichi de quarante-sept planches en taille-douce | euclide | contenant travaille enrichi de non seulement ce qui est compris dans les elemens deuclide enrichi de quarante sept planches en taille douce elemens deuclide euclide | contenant travaille enrichi de non seulement ce qui est compris dans les elemens deuclide enrichi de quarante sept planches en taille douce a lusage de ceux qui ne sont point verses dans lalgebre elemens deuclide euclide m labbe deidier | non seulement ce qui est compris dans les Élemens d’Euclide | Élemens d’Euclide | enrichi de quarante-sept Planches en Taille-douce | False | False | False
Nuremberg_1821,1821,Nuremberg,GERMAN,octavo,No primary family,True,selected_later_books,euclid_no_primary_subject,True,False,False,False,False,False,True,des ersten Buchs der Elemente Euclid’s | Professor der Mathematik am Gymnasium zu Nürnberg | ersten Buchs der Elemente Euclid’s | Mit einer Kupfertafel | Euclid’s,Gymnasium zu Nürnberg | Professor der Mathematik am Gymnasium zu Nürnberg,
Berlin_1824,1824,Berlin,"GREEK, LATIN",octavo,No primary family,True,books_1_6,euclid_composite_workshop,True,False,False,False,False,True,True,"EDIDIT | COMPLECTENS | LIBRI SEX PRIORES | COMPLECTENS LIBR. I–III | GYMNASII STUTTGARDIANI RECTOR | PFLEIDERERI | EUCLIDIS ELEMENTORUM LIBRI SEX PRIORES | COMMENTARIO E SCRIPTIS VETERUM AC RECENTIORUM MATHEMATICORUM ET PFLEIDERERI, MAXIME ILLUSTRATI | CUM X. TABULIS | GRAECE | LATINE | GRAECE | LATINE | EUCLIDIS",GYMNASII STUTTGARDIANI | GYMNASII STUTTGARDIANI RECTOR | PFLEIDERERI,"EUCLIDIS ELEMENTORUM LIBRI SEX PRIORES   | edidit | complectens | libri sex priores | complectens libr. i–iii | gymnasii stuttgardiani rector | pfleidereri | euclidis elementorum libri sex priores | commentario e scriptis veterum ac recentiorum mathematicorum et pfleidereri, maxime illustrati | cum x. tabulis | graece | latine | graece | latine | euclidis | edidit complectens complectens libr iiii commentario e scriptis veterum ac recentiorum mathematicorum et pfleidereri maxime illustrati cum x tabulis graece latine graece latine pfleidereri euclidis elementorum libri sex priores euclidis | edidit complectens complectens libr iiii commentario e scriptis veterum ac recentiorum mathematicorum et pfleidereri maxime illustrati cum x tabulis gymnasii stuttgardiani pfleidereri graece latine graece latine euclidis elementorum libri sex priores euclidis gymnasii stuttgardiani rector ioannes guilelmus camer | LIBRI SEX PRIORES | COMMENTARIO E SCRIPTIS VETERUM AC RECENTIORUM MATHEMATICORUM ET PFLEIDERERI, MAXIME ILLUSTRATI | CUM X. TABULIS | COMPLECTENS LIBR. I–III | False | False | False"
Venice_1491,1491,Venice,LATIN,folio,No primary family,True,unknown_books,not_euclid_elements,False,True,False,False,False,False,False,,,
Venice_1498a,1498,Venice,LATIN,folio,Geometry/Theory,True,selected_later_books,euclid_composite_workshop,False,True,False,False,False,False,False,Euclidis quartus decimus elementorum | Interprete | Nicephorus | Georgii Valle | Proclus | Aristarchi Sami | Timeus | Cleonidis | Eusebii Pamphili | Cleomedes | Athenagorae philosophi | Aristotelis | Rhazes | Galenus | Zalchi | Alexander Aphrodiseus | Platus | Nicephori logica | Georgii Valle libellus de argumentis | Hypothesis interpretatio eiusdem libri Euclidis | Nicephorus de astrolabio | Proclus de astrolabio | Aristarchi Sami de magnitudinibus et distantijs solis et lune | Timeus de mundo | Cleonidis musica | Eusebii Pamphili de quibusdam theologicis ambiguitatibus | Cleomedes de mundo | Athenagorae philosophi de resurrectione | Aristotelis de celo | Aristotelis magna ethica | Aristotelis ars poetica | Rhazes de pestilentia | Galenus de inaequali intemperantia | Galenus de bono corporis habitu | Galenus de confirmatione corporis humani | Galenus de pestigura | Galenus de pestagio | Zalchi introductiorium | Galenus de succidanéis | Alexander Aphrodiseus de causis ebriorum | Platus de victu humano | logica | libellus de argumentis | Hypothesis | astrolabio | magnitudinibus et distantijs solis et lune | mundo | musica | theologicis ambiguitatibus | resurrectione | celo | magna ethica | ars poetica | pestilentia | inaequali intemperantia | bono corporis habitu | confirmatione corporis humani | pestigura | pestagio | introductiorium | succidanéis | causis ebriorum | victu humano | Euclidis,Interprete | Nicephorus | Georgii Valle | Proclus | Aristarchi Sami | Timeus | Cleonidis | Eusebii Pamphili | Cleomedes | Athenagorae philosophi | Aristotelis | Rhazes | Galenus | Zalchi | Alexander Aphrodiseus | Platus,
T4DFPF,1558,Basel,LATIN,folio,Geometry/Theory,True,near_complete_or_expanded,euclid_humanist_transfer,False,True,False,False,False,False,False,donata | Elementorum geometricorum libri XV | Veneto | Theonis | Campani | Hypsiclis Alexandrini | Marini | Leui | Elementorum geometricorum libri XV | expositione Theonis | Phaenomena Catoptrica | Optica | Protheoria Marini | Data | Opusculum de Leui & Ponderoso | Theonis | Phaenomena Catoptrica | Optica | Protheoria Marini | Data | Opusculum de Leui & Ponderoso | megarensis mathematici clarissimi | latinitate | Euclidis,Veneto | Theonis | Campani | Hypsiclis Alexandrini | Marini | Leui,
ZNLALU,1560,Paris,FRENCH,quarto,Arithmetic/Commerce,True,unknown_books,not_euclid_elements,False,True,False,False,False,False,False,Traduite | illustrée | L'ARITHMETIQVE de Gemme Phrison | professeur ordinaire des Mathe- matiques | de comme- taires | plusieurs inuentions nouuelles dudit Forcadel | en François,professeur ordinaire des Mathe- matiques,
Florence_1573,1573,Florence,ITALIAN,quarto,Visual/Spatial Arts,True,unknown_books,euclid_humanist_transfer,False,True,False,False,False,False,False,"Tradotta | data | LA PROSPETTIVA DI EVCLIDE | Nella quale si tratta di quelle cose, che per raggi diritti si veggono: & di quelle, che con raggi ref-lessi nelli SPECCHI appariscono | nuouamente data in luce | R. P. M | Cosmografo del Seren. Gran Duca di Toscana | LA PROSPETTIVA DI EVCLIDE | Con alcune sue An-notationi de’luoghi piu importanti | LA PROSPET-TIVA DI Eliodoro Larisseo Cauata della Libreria Vaticana | LA PROSPET-TIVA DI Eliodoro Larisseo | EVCLIDE",Libreria Vaticana | R. P. M | Cosmografo del Seren. Gran Duca di Toscana,"tradotta | data | la prospettiva di evclide | nella quale si tratta di quelle cose, che per raggi diritti si veggono: & di quelle, che con raggi ref-lessi nelli specchi appariscono | nuouamente data in luce | r. p. m | cosmografo del seren. gran duca di toscana | la prospettiva di evclide | con alcune sue an-notationi de’luoghi piu importanti | la prospet-tiva di eliodoro larisseo cauata della libreria vaticana | la prospet-tiva di eliodoro larisseo | evclide | tradotta data nuouamente data in luce nella quale si tratta di quelle cose che per raggi diritti si veggono di quelle che con raggi ref lessi nelli specchi appariscono con alcune sue an notationi deluoghi piu importanti la prospet tiva di eliodoro larisseo cauata della libreria vaticana la prospet tiva di eliodoro larisseo la prospettiva di evclide evclide | tradotta data nuouamente data in luce nella quale si tratta di quelle cose che per raggi diritti si veggono di quelle che con raggi ref lessi nelli specchi appariscono con alcune sue an notationi deluoghi piu importanti la prospet tiva di eliodoro larisseo cauata della libreria vaticana la prospet tiva di eliodoro larisseo libreria vaticana la prospettiva di evclide evclide r p m cosmografo del seren gran duca di toscana egnatio danti | Nella quale si tratta di quelle cose, che per raggi diritti si veggono: & di quelle, che con raggi ref-lessi nelli SPECCHI appariscono | LA PROSPETTIVA DI EVCLIDE | Con alcune sue An-notationi de’luoghi piu importanti | nuouamente data in luce | LA PROSPET-TIVA DI Eliodoro Larisseo Cauata della Libreria Vaticana | Optica, Catoptrica | False | True | False"
Geneva_1611,1611,Geneva,FRENCH,quarto,No primary family,True,books_1_6,euclid_composite_workshop,False,True,False,False,False,False,False,Traduicts | dediés | LES SIX PREMIERS LIVRES DES ELEMENTS GEOME- TRIQVES D’EVCLIDE | LES SIX PREMIERS LIVRES DES ELEMENTS GEOMETRIQVES D’EVCLIDE | du Mans | LES SIX PREMIERS LIVRES DES ELEMENTS GEOME- TRIQVES D’EVCLIDE | LES SIX PREMIERS LIVRES DES ELEMENTS GEOMETRIQVES D’EVCLIDE | AVEC LES DEMONSTRA- tions | LES DEMONSTRATIONS DE IACQVES PELETIER du Mans | LES DEMONSTRATIONS DE IACQVES PELETIER | françois | EVCLIDE,du Mans | Noblesse françoise,Les six premiers livres des Eléments géométriques | traduicts | dediés | les six premiers livres des elements geome- triqves d’evclide | les six premiers livres des elements geometriqves d’evclide | du mans | les six premiers livres des elements geome- triqves d’evclide | les six premiers livres des elements geometriqves d’evclide | avec les demonstra- tions | les demonstrations de iacqves peletier du mans | les demonstrations de iacqves peletier | françois | evclide | traduicts dedies avec les demonstra tions les demonstrations de iacqves peletier du mans les demonstrations de iacqves peletier francois les six premiers livres des elements geome triqves devclide les six premiers livres des elements geometriqves devclide evclide | traduicts dedies avec les demonstra tions les demonstrations de iacqves peletier du mans les demonstrations de iacqves peletier francois les six premiers livres des elements geome triqves devclide les six premiers livres des elements geometriqves devclide evclide du mans jaques peletier | LES SIX PREMIERS LIVRES DES ELEMENTS GEOME- TRIQVES D’EVCLIDE | LES SIX PREMIERS LIVRES DES ELEMENTS GEOMETRIQVES D’EVCLIDE | AVEC LES DEMONSTRA- tions | LES DEMONSTRATIONS DE IACQVES PELETIER du Mans | False | False | False
Pesaro_1619,1619,Pesaro,LATIN,folio,Geometry/Theory,True,near_complete_or_expanded,euclid_composite_workshop,False,True,False,False,False,False,False,conuersi | vendicati | DICATI | EVCLIDIS ELEMENTORVM LIBRI XV | VNA CVM SCHO-LIIS ANTIQVIS A FEDERICO COMMANDINO Vrbinate in latinum conuersi | Ac nuper a multis mendis quibus antea scatebat vendicati | Vrbinate | EVCLIDIS ELEMENTORVM LIBRI XV | VNA CVM SCHO-LIIS ANTIQVIS A FEDERICO COMMANDINO Vrbinate in latinum conuersi | latinum | EVCLIDIS,Vrbinate | CAROLO MEDICEO S.R.E. CARD,
Paris_1667,1667,Paris,FRENCH,quarto,Geometry/Theory,True,near_complete_or_expanded,elements_language_no_euclid,False,True,False,False,False,False,False,"contenant | CONTENANT | NOVVEAVX ELEMENS DE GEOMETRIE | NOUVEAUX ELEMENS DE GEOMETRIE | Outre un ordre tout nouveau, & de nouvelles demonstrations des propositions les plus com- munes,  De nouveaux moyens de faire voir quelles lignes sont incommensurables,  De nouvelles mesures de l’angle, dont on ne s’estoit point encore avisé,  Et de nouvelles manières de trouver & de demonstrer la proportion des Lignes | SECONDE EDITION | NOVVEAVX ELEMENS DE GEOMETRIE | NOUVEAUX ELEMENS DE GEOMETRIE | de nouvelles demonstrations des propositions les plus com- munes | De nouveaux moyens de faire voir quelles lignes sont incommensurables | De nouvelles mesures de l’angle, dont on ne s’estoit point encore avisé | Et de nouvelles manières de trouver & de demonstrer la proportion des Lignes | un ordre tout nouveau | de nouvelles démonstrations des Propositions les plus communes | De nouveaux moyens de faire voir quelles Lignes sont incommensurables | De nouvelles mesures des Angles, dont on ne s’étoit point encore avisé | Et de nouvelles manières de trouver & de démontrer la proportion des Lignes | un Traité tout nouveau des Proportions | Traité tout nouveau des Proportions",,"Nouveaux Élémens de géométrie | contenant | contenant | novveavx elemens de geometrie | nouveaux elemens de geometrie | outre un ordre tout nouveau, & de nouvelles demonstrations des propositions les plus com- munes, de nouveaux moyens de faire voir quelles lignes sont incommensurables, de nouvelles mesures de l’angle, dont on ne s’estoit point encore avisé, et de nouvelles manières de trouver & de demonstrer la proportion des lignes | seconde edition | novveavx elemens de geometrie | nouveaux elemens de geometrie | de nouvelles demonstrations des propositions les plus com- munes | de nouveaux moyens de faire voir quelles lignes sont incommensurables | de nouvelles mesures de l’angle, dont on ne s’estoit point encore avisé | et de nouvelles manières de trouver & de demonstrer la proportion des lignes | un ordre tout nouveau | de nouvelles démonstrations des propositions les plus communes | de nouveaux moyens de faire voir quelles lignes sont incommensurables | de nouvelles mesures des angles, dont on ne s’étoit point encore avisé | et de nouvelles manières de trouver & de démontrer la proportion des lignes | un traité tout nouveau des proportions | traité tout nouveau des proportions | contenant contenant seconde edition outre un ordre tout nouveau de nouvelles demonstrations des propositions les plus com munes de nouveaux moyens de faire voir quelles lignes sont incommensurables de nouvelles mesures de langle dont on ne sestoit point encore avise et de nouvelles manieres de trouver de demonstrer la proportion des lignes de nouvelles demonstrations des propositions les plus com munes de nouveaux moyens de faire voir quelles lignes sont incommensurables de nouvelles mesures de langle dont on ne sestoit point encore avise et de nouvelles manieres de trouver de demonstrer la proportion des lignes un ordre tout nouveau de nouvelles demonstrations des propositions les plus communes de nouveaux moyens de faire voir quelles lignes sont incommensurables de nouvelles mesures des angles dont on ne setoit point encore avise et de nouvelles manieres de trouver de demontrer la proportion des lignes un traite tout nouveau des proportions traite tout nouveau des proportions novveavx elemens de geometrie nouveaux elemens de geometrie | contenant contenant seconde edition outre un ordre tout nouveau de nouvelles demonstrations des propositions les plus com munes de nouveaux moyens de faire voir quelles lignes sont incommensurables de nouvelles mesures de langle dont on ne sestoit point encore avise et de nouvelles manieres de trouver de demonstrer la proportion des lignes de nouvelles demonstrations des propositions les plus com munes de nouveaux moyens de faire voir quelles lignes sont incommensurables de nouvelles mesures de langle dont on ne sestoit point encore avise et de nouvelles manieres de trouver de demonstrer la proportion des lignes un ordre tout nouveau de nouvelles demonstrations des propositions les plus communes de nouveaux moyens de faire voir quelles lignes sont incommensurables de nouvelles mesures des angles dont on ne setoit point encore avise et de nouvelles manieres de trouver de demontrer la proportion des lignes un traite tout nouveau des proportions traite tout nouveau des proportions novveavx elemens de geometrie nouveaux elemens de geometrie | Outre un ordre tout nouveau, & de nouvelles demonstrations des propositions les plus com- munes,  De nouveaux moyens de faire voir quelles lignes sont incommensurables,  De nouvelles mesures de l’angle, dont on ne s’estoit point encore avisé,  Et de nouvelles manières de trouver & de demonstrer la proportion des Lignes | NOVVEAVX ELEMENS DE GEOMETRIE | NOUVEAUX ELEMENS DE GEOMETRIE | de nouvelles demonstrations des propositions les plus com- munes | De nouveaux moyens de faire voir quelles lignes sont incommensurables | De nouvelles mesures de l’angle, dont on ne s’estoit point encore avisé | Et de nouvelles manières de trouver & de demonstrer la proportion des Lignes | un ordre tout nouveau | de nouvelles démonstrations des Propositions les plus communes | De nouveaux moyens de faire voir quelles Lignes sont incommensurables | De nouvelles mesures des Angles, dont on ne s’étoit point encore avisé | Et de nouvelles manières de trouver & de démontrer la proportion des Lignes | SECONDE EDITION | un Traité tout nouveau des Proportions | False | False | False"
bib-277,1514,Augsburg,GERMAN,missing/unknown,Arithmetic/Commerce,False,unknown_books,not_euclid_elements,True,True,False,False,False,False,False,den Jungen | mit Rechen pfenningen | mit figuren und Exempeln,den Jungen,den jungen | mit rechen pfenningen | mit figuren und exempeln | mit rechen pfenningen mit figuren und exempeln | mit rechen pfenningen mit figuren und exempeln den jungen | mit Rechen pfenningen | mit figuren und Exempeln | False | False | False
bib-8,1525,Nuremberg,GERMAN,missing/unknown,Geometry/Theory,False,unknown_books,not_euclid_elements,True,True,False,False,True,False,False,zu sammen getzogë | allen kunstlieb habenden | Underweysung der messung | mit dem zirckel vñ richt- scheyt | in Linien ebnen vñnd gantzen corporen | mit zugehörigen figuren | mit zugehörigen figuren,allen kunstlieb habenden,Underweysung der messung mit dem zirckel und richtscheyt in linien ebnen unnd gantzen corporen durch Albrecht duerer zu samen getzogen mit zu gehoerigen figuren | zu sammen getzogë | allen kunstlieb habenden | underweysung der messung | mit dem zirckel vñ richt- scheyt | in linien ebnen vñnd gantzen corporen | mit zugehörigen figuren | mit zugehörigen figuren | zu sammen getzoge mit dem zirckel vn richt scheyt in linien ebnen vnnd gantzen corporen mit zugehorigen figuren mit zugehorigen figuren | zu sammen getzoge mit dem zirckel vn richt scheyt in linien ebnen vnnd gantzen corporen mit zugehorigen figuren mit zugehorigen figuren allen kunstlieb habenden albrecht durer | mit dem zirckel vñ richt- scheyt | in Linien ebnen vñnd gantzen corporen | mit zugehörigen figuren | Underweysung der messung | mit zugehörigen figuren | False | False | False
C8SLYQ,1531,Simmern,GERMAN,folio,Geometry/Theory | Visual/Spatial Arts,False,unknown_books,not_euclid_elements,True,True,False,False,True,False,False,Zu nutz allen kunstliebhabern / fürnemlich den Malern / Bildhauwern / Goldschmiden / Seidenstickern / Steynmetzen / Schreinern / auch allen andern | Perspectiua | Eyn schön nützlich büchlin vnd vnderweisung der kunst des Messens / mit dem Zir- ckel / Richtscheidt oder Linial | mit vil schö- nen darzu dienenden figuren | mit viel schö- nen darzu dienenden figuren | latein,Zu nutz allen kunstliebhabern / fürnemlich den Malern / Bildhauwern / Goldschmiden / Seidenstickern / Steynmetzen / Schreinern / auch allen andern,"EYn schön nützlich büchlin und underweisung der kunst des messens, mit dem Zirckel, Richtscheidt oder linial. Zu nutz allen kunstliebhabern, fürnemlich den Malern, Bildhawern, Goldschmiden, Seidenstickern, Steynmetzen, schreinern, auch allen denen, so sich der kunst des Augenmes <Perspectiva zu Latin gnant> zugebrauchen lust Haben. Dariñ Man auch solche kunst leichter, Dañ aus etzlichen hieuor Getruckten büchern, Begreiffen uñ lernen Mag, mit vil schönen Darzu dienenden figuren. | zu nutz allen kunstliebhabern / fürnemlich den malern / bildhauwern / goldschmiden / seidenstickern / steynmetzen / schreinern / auch allen andern | perspectiua | eyn schön nützlich büchlin vnd vnderweisung der kunst des messens / mit dem zir- ckel / richtscheidt oder linial | mit vil schö- nen darzu dienenden figuren | mit viel schö- nen darzu dienenden figuren | latein | eyn schon nutzlich buchlin vnd vnderweisung der kunst des messens mit dem zir ckel richtscheidt oder linial mit vil scho nen darzu dienenden figuren mit viel scho nen darzu dienenden figuren latein | eyn schon nutzlich buchlin vnd vnderweisung der kunst des messens mit dem zir ckel richtscheidt oder linial mit vil scho nen darzu dienenden figuren mit viel scho nen darzu dienenden figuren zu nutz allen kunstliebhabern furnemlich den malern bildhauwern goldschmiden seidenstickern steynmetzen schreinern auch allen andern latein | Eyn schön nützlich büchlin vnd vnderweisung der kunst des Messens / mit dem Zir- ckel / Richtscheidt oder Linial | Perspectiua | mit vil schö- nen darzu dienenden figuren | mit viel schö- nen darzu dienenden figuren | False | False | False"
Z0K13S,1543,Nuremberg,LATIN,missing/unknown,Cosmos/Earth,False,unknown_books,not_euclid_elements,True,True,False,False,False,True,True,"recens nato | edito | eme | lege | fruere | studiose lector | ἀμαθὴς μή τις εἴσιτο | DE REVOLVTIONIBVS ORBI- um coelestium, Libri VI | Motus stellarum, tam fixarum, quam erraticarum, cum excentricis, tum etiam excentricis observationibus restitutos | iam recens nato, & edito | novis insuper ac admirabilibus hypothesibus ornatos | Tabulas expeditissimas",studiose lector | ἀμαθὴς μή τις εἴσιτο,"De revolutionibus orbium coelestium, libri VI. | recens nato | edito | eme | lege | fruere | studiose lector | ἀμαθὴς μή τις εἴσιτο | de revolvtionibvs orbi- um coelestium, libri vi | motus stellarum, tam fixarum, quam erraticarum, cum excentricis, tum etiam excentricis observationibus restitutos | iam recens nato, & edito | novis insuper ac admirabilibus hypothesibus ornatos | tabulas expeditissimas | recens nato edito eme lege fruere iam recens nato edito motus stellarum tam fixarum quam erraticarum cum excentricis tum etiam excentricis observationibus restitutos novis insuper ac admirabilibus hypothesibus ornatos tabulas expeditissimas | recens nato edito eme lege fruere iam recens nato edito motus stellarum tam fixarum quam erraticarum cum excentricis tum etiam excentricis observationibus restitutos novis insuper ac admirabilibus hypothesibus ornatos tabulas expeditissimas studiose lector  | Motus stellarum, tam fixarum, quam erraticarum, cum excentricis, tum etiam excentricis observationibus restitutos | DE REVOLVTIONIBVS ORBI- um coelestium, Libri VI | novis insuper ac admirabilibus hypothesibus ornatos | Tabulas expeditissimas | iam recens nato, & edito | False | False | False"
bib-82,1554,Lyon,LATIN,missing/unknown,Geometry/Theory,False,unknown_books,not_euclid_elements,True,True,False,True,False,True,False,"De arca Noe, cuius formæ, capacitatisq; fuerit | De sublicio ponte Caesaris | Confutatio quadraturæ circuli ab Orontio Finæo factæ | Ad locum Quintiliani geometricum explanatio | Ad problema cubi duplicandi | Emendatio figurationis organi a Columella descripti | De libra & statera | De fluentis aquæ mensura | De precio margaritarum | De fluviaticis Insulis secundum Ius civile diuidendis. vbi confutatur Tyberias Bartoli | De diuisione fructus arboris in confinio natæ | Geometriæ cognitionem Iureconsulto necessariam | Ad legem Papiniani, Divortio | Ad legem Iuliani, Sitta scriptum | Ad legem Aphricani, Qui quadringerta | De arca Noe | De sublicio ponte Caesaris | Confutatio quadraturæ circuli | Ad locum Quintiliani geometricum | Ad problema cubi duplicandi | Emendatio figurationis organi | De libra & statera | De fluentis aquæ mensura | De precio margaritarum | De fluviaticis Insulis | De diuisione fructus arboris | Geometriæ cognitionem | Ad legem Papiniani | Ad legem Iuliani | Ad legem Aphricani",,"Io. Buteonis delphinatici opera geometrica | de arca noe, cuius formæ, capacitatisq; fuerit | de sublicio ponte caesaris | confutatio quadraturæ circuli ab orontio finæo factæ | ad locum quintiliani geometricum explanatio | ad problema cubi duplicandi | emendatio figurationis organi a columella descripti | de libra & statera | de fluentis aquæ mensura | de precio margaritarum | de fluviaticis insulis secundum ius civile diuidendis. vbi confutatur tyberias bartoli | de diuisione fructus arboris in confinio natæ | geometriæ cognitionem iureconsulto necessariam | ad legem papiniani, divortio | ad legem iuliani, sitta scriptum | ad legem aphricani, qui quadringerta | de arca noe | de sublicio ponte caesaris | confutatio quadraturæ circuli | ad locum quintiliani geometricum | ad problema cubi duplicandi | emendatio figurationis organi | de libra & statera | de fluentis aquæ mensura | de precio margaritarum | de fluviaticis insulis | de diuisione fructus arboris | geometriæ cognitionem | ad legem papiniani | ad legem iuliani | ad legem aphricani | de arca noe cuius form capacitatisq fuerit de sublicio ponte caesaris confutatio quadratur circuli ab orontio fino fact ad locum quintiliani geometricum explanatio ad problema cubi duplicandi emendatio figurationis organi a columella descripti de libra statera de fluentis aqu mensura de precio margaritarum de fluviaticis insulis secundum ius civile diuidendis vbi confutatur tyberias bartoli de diuisione fructus arboris in confinio nat geometri cognitionem iureconsulto necessariam ad legem papiniani divortio ad legem iuliani sitta scriptum ad legem aphricani qui quadringerta de arca noe de sublicio ponte caesaris confutatio quadratur circuli ad locum quintiliani geometricum ad problema cubi duplicandi emendatio figurationis organi de libra statera de fluentis aqu mensura de precio margaritarum de fluviaticis insulis de diuisione fructus arboris geometri cognitionem ad legem papiniani ad legem iuliani ad legem aphricani | de arca noe cuius form capacitatisq fuerit de sublicio ponte caesaris confutatio quadratur circuli ab orontio fino fact ad locum quintiliani geometricum explanatio ad problema cubi duplicandi emendatio figurationis organi a columella descripti de libra statera de fluentis aqu mensura de precio margaritarum de fluviaticis insulis secundum ius civile diuidendis vbi confutatur tyberias bartoli de diuisione fructus arboris in confinio nat geometri cognitionem iureconsulto necessariam ad legem papiniani divortio ad legem iuliani sitta scriptum ad legem aphricani qui quadringerta de arca noe de sublicio ponte caesaris confutatio quadratur circuli ad locum quintiliani geometricum ad problema cubi duplicandi emendatio figurationis organi de libra statera de fluentis aqu mensura de precio margaritarum de fluviaticis insulis de diuisione fructus arboris geometri cognitionem ad legem papiniani ad legem iuliani ad legem aphricani | De arca Noe, cuius formæ, capacitatisq; fuerit | De sublicio ponte Caesaris | Confutatio quadraturæ circuli ab Orontio Finæo factæ | Ad locum Quintiliani geometricum explanatio | Ad problema cubi duplicandi | Emendatio figurationis organi a Columella descripti | De libra & statera | De fluentis aquæ mensura | De precio margaritarum | De fluviaticis Insulis secundum Ius civile diuidendis. vbi confutatur Tyberias Bartoli | De diuisione fructus arboris in confinio natæ | Geometriæ cognitionem Iureconsulto necessariam | Ad legem Papiniani, Divortio | Ad legem Iuliani, Sitta scriptum | Ad legem Aphricani, Qui quadringerta | False | False | False"
bib-147,1557,Venice,ITALIAN,quarto,Geometry/Theory | Visual/Spatial Arts | Applied Mechanics/Military,False,unknown_books,euclid_geometry_theory_primary,True,True,False,False,False,False,True,"S’INTRODVCE | DEL MODO DI DISEGNARE LE piante delle fortezze secondo Euclide | ET DEL MODO DI COMPORRE I MODELLI, & torre in disegno le piante delle Città | Nouarese | ingegnero Veronese | Euclide",Nouarese | ingegnero Veronese | M. IACOMO DE’ LANTERI,
bib-251,1560,Cologne,LATIN,missing/unknown,Cosmos/Earth,False,unknown_books,not_euclid_elements,True,False,False,False,False,True,True,REGIVM ET DV- CIS SABAVDIAE MATHEMATICVM | de fixis stellis Commentarius | de fixis stellis Commentarius,"REGIVM ET DV- CIS SABAVDIAE MATHEMATICVM | ILLVSTRISSIMUM REVERENDIS- SIMUMQVE PRINCIPEM D. ROBERTVM DE BERGIS, Leodii Episcopum, Bullionii Ducem, Co- mitem Losfensem, &c","De fixis stellis commentarius tabulae bergenses aequabilis et adparentis motus orbium coelestium. Ad illustrissimum principem D. Robertum de bergis, leodii episcopum per Joannem stadium, regium et ducis sabaudiae mathematicum. Quae decem canonibus ad omnium seculorum memoriam planetarum et siderum vera loca cum observationum historiis congruentia suppeditant. Item de fixis stellis commentarius | regivm et dv- cis sabavdiae mathematicvm | de fixis stellis commentarius | de fixis stellis commentarius | de fixis stellis commentarius de fixis stellis commentarius | de fixis stellis commentarius de fixis stellis commentarius regivm et dv cis sabavdiae mathematicvm ioannem stadivm | de fixis stellis Commentarius | False | False | False"
bib-276,1560,Padua,LATIN,folio,Geometry/Theory,False,unknown_books,euclid_composite_workshop,True,True,False,False,False,True,True,"expurgati | aucti | donati | editi | PRIMUM EUCLIDIS Elementorum librum | COMMENTARIORUM AD UNIVERSAM MATHEMATICAM DISCIPLINAM PRINCIPIUM ERUDITIONIS TRADENTIUM | summa opera, cura, ac diligentia cunctis mendis expurgati: Scholiis, & Figuris, quæ in græco codice omnes desiderabantur, aucti: Primùm iam in Romanâ linguae venustate donati, & nunc recens editi | PROCLI DIADOCHI LYCII | PRIMUM EUCLIDIS Elementorum librum | Scholiis, & Figuris | Catalogo Deorum, & Virorum Illustrium, atque Auctorum | Catalogo Deorum | græco codice | Romanâ linguae | EUCLIDIS",PROCLI DIADOCHI LYCII,"Procli Diadochi Lycii philosophi platonici ac mathematici probatissimi In primum Euclidis Elementorum librum commentariorum ad vniuersam mathematicam disciplinam principium eruditionis tradentium libri IIII. A Francisco Barocio patritio Veneto summa opera, cura, ac diligentia cunctis mendis expurgati: scholiis, & figuris, quae in graeco codice omnes desiderabantnr [!] aucti: primùm iam Romanae linguae venustate donati, et nunc recèns editi. Cum catalogo deorum, & virorum illustrium, atque autorum ... & indice locupleti notabilium omnium in opere contentorum | expurgati | aucti | donati | editi | primum euclidis elementorum librum | commentariorum ad universam mathematicam disciplinam principium eruditionis tradentium | summa opera, cura, ac diligentia cunctis mendis expurgati: scholiis, & figuris, quæ in græco codice omnes desiderabantur, aucti: primùm iam in romanâ linguae venustate donati, & nunc recens editi | procli diadochi lycii | primum euclidis elementorum librum | scholiis, & figuris | catalogo deorum, & virorum illustrium, atque auctorum | catalogo deorum | græco codice | romanâ linguae | euclidis | expurgati aucti donati editi summa opera cura ac diligentia cunctis mendis expurgati scholiis figuris qu in grco codice omnes desiderabantur aucti primum iam in romana linguae venustate donati nunc recens editi commentariorum ad universam mathematicam disciplinam principium eruditionis tradentium scholiis figuris catalogo deorum virorum illustrium atque auctorum catalogo deorum grco codice romana linguae procli diadochi lycii primum euclidis elementorum librum euclidis | expurgati aucti donati editi summa opera cura ac diligentia cunctis mendis expurgati scholiis figuris qu in grco codice omnes desiderabantur aucti primum iam in romana linguae venustate donati nunc recens editi commentariorum ad universam mathematicam disciplinam principium eruditionis tradentium scholiis figuris catalogo deorum virorum illustrium atque auctorum catalogo deorum procli diadochi lycii grco codice romana linguae primum euclidis elementorum librum euclidis francisco barocio patritio veneto | COMMENTARIORUM AD UNIVERSAM MATHEMATICAM DISCIPLINAM PRINCIPIUM ERUDITIONIS TRADENTIUM | PRIMUM EUCLIDIS Elementorum librum | Scholiis, & Figuris | summa opera, cura, ac diligentia cunctis mendis expurgati: Scholiis, & Figuris, quæ in græco codice omnes desiderabantur, aucti: Primùm iam in Romanâ linguae venustate donati, & nunc recens editi | Catalogo Deorum, & Virorum Illustrium, atque Auctorum | False | False | False"
S105XB,1564,Frankfurt,GERMAN,folio,Geometry/Theory | Visual/Spatial Arts | Instruments/Measurement,False,unknown_books,not_euclid_elements,True,True,False,False,False,False,False,gegeben | aller anfahenden Jugent | andern liebhabern dieser Kunst | Goldschmiden | Malern | Bildhauwern | Steinmetzen | Schrei- nern | Des Cirtkels vnnd Richtscheyts | auch der Perspe- ctiua / vnd Proportion der Menschen vnd Rosse / kurtze / doch gründt- liche vnderweisung / deß rechten gebrauchs. Mit vil schönen Figuren | Goldschmid vnd Maler | zu Franckfurt am Mayn | Mit vil schönen Figuren,aller anfahenden Jugent | andern liebhabern dieser Kunst | Goldschmiden | Malern | Bildhauwern | Steinmetzen | Schrei- nern | Goldschmid vnd Maler | zu Franckfurt am Mayn,Des circkels unnd richtscheyts auch der perspectiua und proportion der menschen und rosse kurtze doch gruendtliche underweisung deß rechten gebrauchs | gegeben | aller anfahenden jugent | andern liebhabern dieser kunst | goldschmiden | malern | bildhauwern | steinmetzen | schrei- nern | des cirtkels vnnd richtscheyts | auch der perspe- ctiua / vnd proportion der menschen vnd rosse / kurtze / doch gründt- liche vnderweisung / deß rechten gebrauchs. mit vil schönen figuren | goldschmid vnd maler | zu franckfurt am mayn | mit vil schönen figuren | gegeben auch der perspe ctiua vnd proportion der menschen vnd rosse kurtze doch grundt liche vnderweisung de rechten gebrauchs mit vil schonen figuren mit vil schonen figuren | gegeben auch der perspe ctiua vnd proportion der menschen vnd rosse kurtze doch grundt liche vnderweisung de rechten gebrauchs mit vil schonen figuren mit vil schonen figuren aller anfahenden jugent andern liebhabern dieser kunst goldschmiden malern bildhauwern steinmetzen schrei nern goldschmid vnd maler zu franckfurt am mayn heinrich lautensack | auch der Perspe- ctiua / vnd Proportion der Menschen vnd Rosse / kurtze / doch gründt- liche vnderweisung / deß rechten gebrauchs. Mit vil schönen Figuren | Des Cirtkels vnnd Richtscheyts | Mit vil schönen Figuren | False | False | False
bib-151,1567,Brescia,ITALIAN,missing/unknown,Arithmetic/Commerce | Applied Mechanics/Military,False,unknown_books,not_euclid_elements,True,True,False,False,False,False,False,"APPRESSO | APPROVATO | AGGIONTE | ampliate | da cento fin’à ventimilia huomini | PER SAPERE CON PRESTEZZA QVANTE FILE VANNO A FORMare VNA GVISTISSIMA BATTAGLIA | DI NVOVO AGGIONTE, ET LARGAMENTE ampliate, tanto nella dichiaratione, come in esse tavole, dal medesimo autore | DI NVOVO AGGIONTE, ET LARGAMENTE ampliate",da cento fin’à ventimilia huomini,
bib-71,1567,Venice,LATIN,missing/unknown,Visual/Spatial Arts,False,unknown_books,not_euclid_elements,True,True,False,True,False,True,True,"auctis | illustratis | DE ARCHITECTVRA LIBRI DECEM | MVLTIS AEDIFICIORVM, HOROLOGIORVM, ET MACHINARVM DESCRIPTIONIBVS | DANIELIS BARBARI, ELECTI PATRIARCHAE AQVILEIENSIS | CVM COMMENTARIIS | auctis & illustratis","DANIELIS BARBARI, ELECTI PATRIARCHAE AQVILEIENSIS","auctis | illustratis | de architectvra libri decem | mvltis aedificiorvm, horologiorvm, et machinarvm descriptionibvs | danielis barbari, electi patriarchae aqvileiensis | cvm commentariis | auctis & illustratis | auctis illustratis mvltis aedificiorvm horologiorvm et machinarvm descriptionibvs cvm commentariis auctis illustratis danielis barbari electi patriarchae aqvileiensis | auctis illustratis mvltis aedificiorvm horologiorvm et machinarvm descriptionibvs cvm commentariis auctis illustratis danielis barbari electi patriarchae aqvileiensis | MVLTIS AEDIFICIORVM, HOROLOGIORVM, ET MACHINARVM DESCRIPTIONIBVS | DE ARCHITECTVRA LIBRI DECEM | CVM COMMENTARIIS | auctis & illustratis | False | False | False"
JXC181,1569,Venice,ITALIAN,folio,Visual/Spatial Arts,False,unknown_books,not_euclid_elements,True,True,False,False,False,False,False,"a Pittori, a Scultori, & ad Architetti | ELETTO PATRIARCA D'AQVILEIA | Con due tavole, una de' capitoli principali, l'altra delle cose più notabili contenute nella presente opera","a Pittori, a Scultori, & ad Architetti | ELETTO PATRIARCA D'AQVILEIA","La pratica della perspettiva | a pittori, a scultori, & ad architetti | eletto patriarca d'aqvileia | con due tavole, una de' capitoli principali, l'altra delle cose più notabili contenute nella presente opera | con due tavole una de capitoli principali l altra delle cose piu notabili contenute nella presente opera | con due tavole una de capitoli principali l altra delle cose piu notabili contenute nella presente opera a pittori a scultori ad architetti eletto patriarca d aqvileia daniel barbaro | Con due tavole, una de' capitoli principali, l'altra delle cose più notabili contenute nella presente opera | False | False | False"
bib-10,1570,Paris,FRENCH,quarto,Geometry/Theory | Instruments/Measurement,False,unknown_books,not_euclid_elements,True,True,True,False,False,True,False,"Reueuë | traduicte | LA PRACTIQVE DE LA GEOME TRIE D’ORONCE | en laquelle est comprins l’vſage du Quarré Geometrique, & de pluſieurs autres inſtrumens ſeruans à meſ me effect: Enſemble la maniere de bien meſu rer toutes ſortes de plans & quantitez corporel les: Auec les figures & demonſtrations | Reueuë & traduicte par Pierre Forcadel, le cteur du Roy és Mathematiques | le cteur du Roy és Mathematiques | Auec les figures & demonſtrations",le cteur du Roy és Mathematiques | M. le Duc de Guyſe,"La practique de la geometrie | reueuë | traduicte | la practiqve de la geome trie d’oronce | en laquelle est comprins l’vſage du quarré geometrique, & de pluſieurs autres inſtrumens ſeruans à meſ me effect: enſemble la maniere de bien meſu rer toutes ſortes de plans & quantitez corporel les: auec les figures & demonſtrations | reueuë & traduicte par pierre forcadel, le cteur du roy és mathematiques | le cteur du roy és mathematiques | auec les figures & demonſtrations | reueue traduicte reueue traduicte par pierre forcadel le cteur du roy es mathematiques en laquelle est comprins lvsage du quarre geometrique de plusieurs autres instrumens seruans a mes me effect ensemble la maniere de bien mesu rer toutes sortes de plans quantitez corporel les auec les figures demonstrations auec les figures demonstrations | reueue traduicte reueue traduicte par pierre forcadel le cteur du roy es mathematiques en laquelle est comprins lvsage du quarre geometrique de plusieurs autres instrumens seruans a mes me effect ensemble la maniere de bien mesu rer toutes sortes de plans quantitez corporel les auec les figures demonstrations auec les figures demonstrations le cteur du roy es mathematiques pierre forcadel | en laquelle est comprins l’vſage du Quarré Geometrique, & de pluſieurs autres inſtrumens ſeruans à meſ me effect: Enſemble la maniere de bien meſu rer toutes ſortes de plans & quantitez corporel les: Auec les figures & demonſtrations | LA PRACTIQVE DE LA GEOME TRIE D’ORONCE | Auec les figures & demonſtrations | Reueuë & traduicte par Pierre Forcadel, le cteur du Roy és Mathematiques | False | False | False"
bib-255,1574,Cologne,LATIN,missing/unknown,Cosmos/Earth,False,unknown_books,not_euclid_elements,True,True,False,False,False,True,True,"aucta | illustrata | Additis | COSMOGRAPHIA | MEDICVM ET MATHE- MATICVM INSIGNEM | aucta, & annotationibus marginalibus illustrata | Additis eiusdem argumenti libellis ipsius Gemma Frisij",APVD LOVANIENSES | MEDICVM ET MATHE- MATICVM INSIGNEM,"Cosmographia | aucta | illustrata | additis | cosmographia | medicvm et mathe- maticvm insignem | aucta, & annotationibus marginalibus illustrata | additis eiusdem argumenti libellis ipsius gemma frisij | aucta illustrata additis aucta annotationibus marginalibus illustrata additis eiusdem argumenti libellis ipsius gemma frisij | aucta illustrata additis aucta annotationibus marginalibus illustrata additis eiusdem argumenti libellis ipsius gemma frisij apvd lovanienses medicvm et mathe maticvm insignem petri apiani | COSMOGRAPHIA | aucta, & annotationibus marginalibus illustrata | Additis eiusdem argumenti libellis ipsius Gemma Frisij | False | False | False"
5V691B,1583,Basel,LATIN,octavo,No primary family,False,unknown_books,euclid_composite_workshop,True,False,True,False,False,True,True,illustratur | demonstratur | in Euclidis & Rami ἐννέαϐι- ϐλια | in quibus Logica veterum Mathematicorum illustratur & demonstratur | in Euclidis & Rami ἐννέαϐι- ϐλια | Euclidis,,Epiloimia seu liber tristium Joan.thomae freigii quaestiones geometricae et stereometricae in euclidis & rami stoicheiosin: in quibus logica veterum mathematicorum illustratur et demonstratur. | illustratur | demonstratur | in euclidis & rami ἐννέαϐι- ϐλια | in quibus logica veterum mathematicorum illustratur & demonstratur | in euclidis & rami ἐννέαϐι- ϐλια | euclidis | illustratur demonstratur in quibus logica veterum mathematicorum illustratur demonstratur in euclidis rami euclidis | illustratur demonstratur in quibus logica veterum mathematicorum illustratur demonstratur in euclidis rami euclidis ioan thom freigii | in quibus Logica veterum Mathematicorum illustratur & demonstratur | in Euclidis & Rami ἐννέαϐι- ϐλια | False | False | False
bib-253,1583,Lyon,LATIN,missing/unknown,Cosmos/Earth,False,unknown_books,not_euclid_elements,True,True,False,False,False,True,False,accommodatae | accesserunt | EPHEMERIDES | Secundum Antuerpiae longitudinem ex tabulis Prutenicis supputatae ab anno 1583. usque ad annum 1606 | Et ad S. D. N. Gregorii XIII. anni refor- mationem accuratissime accommodatae | Florentino Sacrae Theologiae Doctore | Schematæ | praedictiones annuæ mundi | Eclipsi- um luminarium | Schematæ | praedictiones annuæ mundi | Eclipsi- um luminarium | Schematæ | praedictiones annuæ mundi | Eclipsi um luminarium,Florentino Sacrae Theologiae Doctore,accommodatae | accesserunt | ephemerides | secundum antuerpiae longitudinem ex tabulis prutenicis supputatae ab anno 1583. usque ad annum 1606 | et ad s. d. n. gregorii xiii. anni refor- mationem accuratissime accommodatae | florentino sacrae theologiae doctore | schematæ | praedictiones annuæ mundi | eclipsi- um luminarium | schematæ | praedictiones annuæ mundi | eclipsi- um luminarium | schematæ | praedictiones annuæ mundi | eclipsi um luminarium | accommodatae accesserunt et ad s d n gregorii xiii anni refor mationem accuratissime accommodatae secundum antuerpiae longitudinem ex tabulis prutenicis supputatae ab anno 1583 usque ad annum 1606 schemat praedictiones annu mundi eclipsi um luminarium schemat praedictiones annu mundi eclipsi um luminarium schemat praedictiones annu mundi eclipsi um luminarium | accommodatae accesserunt et ad s d n gregorii xiii anni refor mationem accuratissime accommodatae secundum antuerpiae longitudinem ex tabulis prutenicis supputatae ab anno 1583 usque ad annum 1606 schemat praedictiones annu mundi eclipsi um luminarium schemat praedictiones annu mundi eclipsi um luminarium schemat praedictiones annu mundi eclipsi um luminarium florentino sacrae theologiae doctore francisco ivnctino | Secundum Antuerpiae longitudinem ex tabulis Prutenicis supputatae ab anno 1583. usque ad annum 1606 | EPHEMERIDES | Schematæ | praedictiones annuæ mundi | Eclipsi- um luminarium | Et ad S. D. N. Gregorii XIII. anni refor- mationem accuratissime accommodatae | Schematæ | praedictiones annuæ mundi | Eclipsi- um luminarium | False | False | False
MYFHIS,1584,Venice,ITALIAN,quarto,Visual/Spatial Arts,False,unknown_books,not_euclid_elements,True,True,False,False,True,False,False,"la aggiunta | ristampate | corrette | gli Architetti | TVTTE L'OPERE D'ARCHITETTVRA, ET PRROSPETIVA | Doue si mettono in disegno tutte le maniere di edificij, e si trattano di quelle cose, che sono più necessarie a sapere gli Architetti | Di nuouo ristampate, e corrette | BOLOGNESE | Con la aggiunta delle inuentioni di cinquanta Porte, e gran numero di palazzi publici, e pri- uati nella Città, & in Villa, e varij accidenti, che possono occorrere nel fabricare | Con vn' Indice copiosissimo con molte Considerationi, & vn breue Discorso sopra questa materia, raccolto",gli Architetti | BOLOGNESE,
bib-186,1585,Leiden,FRENCH,missing/unknown,Arithmetic/Commerce,False,unknown_books,euclid_composite_workshop,True,True,False,False,False,True,True,traduits | Dixiesme Livre d’Euclide | Diophante d’Alexandrie | Dixiesme Livre d’Euclide | Les Tables d’Interest | La Dîme | un traité des Incommensurables grandeurs | l’Explication du Dixiesme Livre d’Euclide | les quatre premiers liures d’Algebre de Diophante d’Alexandrie | un liure particulier de la Practique d’Arithmetique | les quatre premiers liures d’Algebre de Diophante d’Alexandrie | un liure particulier de la Practique d’Arithmetique | en François | Dixiesme Livre d’Euclide,Diophante d’Alexandrie,
bib-5,1585,Paris,FRENCH,missing/unknown,Geometry/Theory | Instruments/Measurement,False,unknown_books,not_euclid_elements,True,True,True,True,False,False,False,"LA PRATIQVE VNIVER- SELLE DE GEOMETRIE DE IAC- QVES CHAVVET CHAMPENOIS | contenant l’explication de son Cosmomètre & de tous instrumens Geome- triques, auec les figures & démonstrations trè- utiles & necessaires pour l’intelligence d’iceux | Pro- fesseur & Lecteur ordinaire és Mathematiques, en l’Vniuersité de Paris | l’explication de son Cosmomètre & de tous instrumens Geome- triques, auec les figures & démonstrations trè- utiles & necessaires","l’Vniuersité de Paris | Pro- fesseur & Lecteur ordinaire és Mathematiques, en l’Vniuersité de Paris | Messire Anne d’Anglu- re","la pratiqve vniver- selle de geometrie de iac- qves chavvet champenois | contenant l’explication de son cosmomètre & de tous instrumens geome- triques, auec les figures & démonstrations trè- utiles & necessaires pour l’intelligence d’iceux | pro- fesseur & lecteur ordinaire és mathematiques, en l’vniuersité de paris | l’explication de son cosmomètre & de tous instrumens geome- triques, auec les figures & démonstrations trè- utiles & necessaires | contenant lexplication de son cosmometre de tous instrumens geome triques auec les figures demonstrations tre utiles necessaires pour lintelligence diceux lexplication de son cosmometre de tous instrumens geome triques auec les figures demonstrations tre utiles necessaires | contenant lexplication de son cosmometre de tous instrumens geome triques auec les figures demonstrations tre utiles necessaires pour lintelligence diceux lexplication de son cosmometre de tous instrumens geome triques auec les figures demonstrations tre utiles necessaires lvniuersite de paris pro fesseur lecteur ordinaire es mathematiques en lvniuersite de paris iac qves chavvet champenois | contenant l’explication de son Cosmomètre & de tous instrumens Geome- triques, auec les figures & démonstrations trè- utiles & necessaires pour l’intelligence d’iceux | LA PRATIQVE VNIVER- SELLE DE GEOMETRIE DE IAC- QVES CHAVVET CHAMPENOIS | l’explication de son Cosmomètre & de tous instrumens Geome- triques, auec les figures & démonstrations trè- utiles & necessaires | False | False | False"
bib-90,1585,Paris,FRENCH,missing/unknown,Geometry/Theory | Instruments/Measurement,False,unknown_books,not_euclid_elements,True,True,True,True,False,False,False,"PRATIQVE VNIVER- SELLE DE GEOMETRIE DE IAC- QVES CHAVVET CHAMPENOIS | contenant l'explication de son Cosmometre & de tous instrumens Geome- triques, auec les figures & démonstrations tres- utiles & nécessaires pour l'intelligence d’iceux | PRO- fesseur & Lecteur ordinaire és Mathematiques, en l'Vniuersité de Paris","l'Vniuersité de Paris | PRO- fesseur & Lecteur ordinaire és Mathematiques, en l'Vniuersité de Paris | Seigneur Messire Anné d’Anglu- re","pratiqve vniver- selle de geometrie de iac- qves chavvet champenois | contenant l'explication de son cosmometre & de tous instrumens geome- triques, auec les figures & démonstrations tres- utiles & nécessaires pour l'intelligence d’iceux | pro- fesseur & lecteur ordinaire és mathematiques, en l'vniuersité de paris | contenant l explication de son cosmometre de tous instrumens geome triques auec les figures demonstrations tres utiles necessaires pour l intelligence diceux | contenant l explication de son cosmometre de tous instrumens geome triques auec les figures demonstrations tres utiles necessaires pour l intelligence diceux l vniuersite de paris pro fesseur lecteur ordinaire es mathematiques en l vniuersite de paris iac qves chavvet champenois | contenant l'explication de son Cosmometre & de tous instrumens Geome- triques, auec les figures & démonstrations tres- utiles & nécessaires pour l'intelligence d’iceux | PRATIQVE VNIVER- SELLE DE GEOMETRIE DE IAC- QVES CHAVVET CHAMPENOIS | False | False | False"
X5YBIB,1586,Paris,FRENCH,quarto,Geometry/Theory | Instruments/Measurement,False,unknown_books,not_euclid_elements,True,True,True,False,False,True,False,"Reueué | traduicte | LAPRACTIQVE DE LA GEOME- TRIE D'ORONCE | en laquelle est comprins l'vsage du Quarré Geometrique, & de plusieurs autres instrumens seruans à mes- me effect: Ensemble la maniere de bien mesu- rer toutes sortes de plans & quantitez corporel- les: Auec les figures & demonstrations | Reueué & traduicte par Pierre Forcadel | le- cteur du Roy és Mathematiques",le- cteur du Roy és Mathematiques | Mr le Duc de Guyse,"La practique de la geometrie  | reueué | traduicte | lapractiqve de la geome- trie d'oronce | en laquelle est comprins l'vsage du quarré geometrique, & de plusieurs autres instrumens seruans à mes- me effect: ensemble la maniere de bien mesu- rer toutes sortes de plans & quantitez corporel- les: auec les figures & demonstrations | reueué & traduicte par pierre forcadel | le- cteur du roy és mathematiques | reueue traduicte reueue traduicte par pierre forcadel en laquelle est comprins l vsage du quarre geometrique de plusieurs autres instrumens seruans a mes me effect ensemble la maniere de bien mesu rer toutes sortes de plans quantitez corporel les auec les figures demonstrations | reueue traduicte reueue traduicte par pierre forcadel en laquelle est comprins l vsage du quarre geometrique de plusieurs autres instrumens seruans a mes me effect ensemble la maniere de bien mesu rer toutes sortes de plans quantitez corporel les auec les figures demonstrations le cteur du roy es mathematiques pierre forcadel | en laquelle est comprins l'vsage du Quarré Geometrique, & de plusieurs autres instrumens seruans à mes- me effect: Ensemble la maniere de bien mesu- rer toutes sortes de plans & quantitez corporel- les: Auec les figures & demonstrations | LAPRACTIQVE DE LA GEOME- TRIE D'ORONCE | Reueué & traduicte par Pierre Forcadel | False | False | False"
bib-105,1594,Nuremberg,LATIN,missing/unknown,Geometry/Theory | Instruments/Measurement,False,unknown_books,not_euclid_elements,True,True,True,False,False,True,False,"Addita | editus | DE QVADRANTE GEOMETRICO LIBELLVS | IN QVO QVIDQVID AD LINEARVM ET SVPERFICIERUM, VT POTE ALTITVDINVM ET LATITVDINVM, DI= mensiones facit lucidissime demonstratur | Sumptibus & expensis CORNELII DE IUDAEIS editus | Addita figura aenea XXVII. ad maiorem doctrinae intelligentiam & lucem hactenus non ita exposita",,"addita | editus | de qvadrante geometrico libellvs | in qvo qvidqvid ad linearvm et svperficierum, vt pote altitvdinvm et latitvdinvm, di= mensiones facit lucidissime demonstratur | sumptibus & expensis cornelii de iudaeis editus | addita figura aenea xxvii. ad maiorem doctrinae intelligentiam & lucem hactenus non ita exposita | addita editus sumptibus expensis cornelii de iudaeis editus in qvo qvidqvid ad linearvm et svperficierum vt pote altitvdinvm et latitvdinvm di mensiones facit lucidissime demonstratur addita figura aenea xxvii ad maiorem doctrinae intelligentiam lucem hactenus non ita exposita | addita editus sumptibus expensis cornelii de iudaeis editus in qvo qvidqvid ad linearvm et svperficierum vt pote altitvdinvm et latitvdinvm di mensiones facit lucidissime demonstratur addita figura aenea xxvii ad maiorem doctrinae intelligentiam lucem hactenus non ita exposita | IN QVO QVIDQVID AD LINEARVM ET SVPERFICIERUM, VT POTE ALTITVDINVM ET LATITVDINVM, DI= mensiones facit lucidissime demonstratur | DE QVADRANTE GEOMETRICO LIBELLVS | Addita figura aenea XXVII. ad maiorem doctrinae intelligentiam & lucem hactenus non ita exposita | Sumptibus & expensis CORNELII DE IUDAEIS editus | False | False | False"
bib-77,1595,Venice,ITALIAN,missing/unknown,Geometry/Theory | Instruments/Measurement,False,unknown_books,not_euclid_elements,True,True,False,False,True,False,False,"QVATTRO LIBRI GEOMETRICI | Il Primo del Misurare con la vista | NEL QVALE S’INSEGNA, SENZA TRAVAGLIAR con numeri, à misurar facilissimamente le distantie, l’altezze, & le profondità con il Quadrato Geometrico, e con altri istrumenti, de’ quali facilmente si può provedere con le Figure",,"qvattro libri geometrici | il primo del misurare con la vista | nel qvale s’insegna, senza travagliar con numeri, à misurar facilissimamente le distantie, l’altezze, & le profondità con il quadrato geometrico, e con altri istrumenti, de’ quali facilmente si può provedere con le figure | il primo del misurare con la vista nel qvale sinsegna senza travagliar con numeri a misurar facilissimamente le distantie laltezze le profondita con il quadrato geometrico e con altri istrumenti de quali facilmente si puo provedere con le figure | il primo del misurare con la vista nel qvale sinsegna senza travagliar con numeri a misurar facilissimamente le distantie laltezze le profondita con il quadrato geometrico e con altri istrumenti de quali facilmente si puo provedere con le figure | Il Primo del Misurare con la vista | NEL QVALE S’INSEGNA, SENZA TRAVAGLIAR con numeri, à misurar facilissimamente le distantie, l’altezze, & le profondità con il Quadrato Geometrico, e con altri istrumenti, de’ quali facilmente si può provedere con le Figure | QVATTRO LIBRI GEOMETRICI | False | False | False"
bib-150,1598,London,ENGLISH,missing/unknown,Applied Mechanics/Military,False,unknown_books,not_euclid_elements,True,True,True,False,False,True,False,"Discoursed | VVritten | Comprehended | THE THEORIKE AND PRACTIKE OF MODERNE WARRES | VVHEREIN IS DECLARED THE NEGLECT OF Martiall discipline: the inconuenience thereof: the imperfections of manie training Captaines: a redresse by due regard had: the fittest weapons for our Moderne VVarre: the vse of the same: the parts of a perfect souldier in generall and in particular: the Officers in degrees, with their seuerall duties: the imbattailing of men in formes now most in vse: with figures and Tables to the same: with sundrie other martiall points | with figures and Tables to the same | with sundrie other martiall points",,"The theorike and practike of moderne warres discoursed in dialogue wise | discoursed | vvritten | comprehended | the theorike and practike of moderne warres | vvherein is declared the neglect of martiall discipline: the inconuenience thereof: the imperfections of manie training captaines: a redresse by due regard had: the fittest weapons for our moderne vvarre: the vse of the same: the parts of a perfect souldier in generall and in particular: the officers in degrees, with their seuerall duties: the imbattailing of men in formes now most in vse: with figures and tables to the same: with sundrie other martiall points | with figures and tables to the same | with sundrie other martiall points | discoursed vvritten comprehended vvherein is declared the neglect of martiall discipline the inconuenience thereof the imperfections of manie training captaines a redresse by due regard had the fittest weapons for our moderne vvarre the vse of the same the parts of a perfect souldier in generall and in particular the officers in degrees with their seuerall duties the imbattailing of men in formes now most in vse with figures and tables to the same with sundrie other martiall points with figures and tables to the same with sundrie other martiall points | discoursed vvritten comprehended vvherein is declared the neglect of martiall discipline the inconuenience thereof the imperfections of manie training captaines a redresse by due regard had the fittest weapons for our moderne vvarre the vse of the same the parts of a perfect souldier in generall and in particular the officers in degrees with their seuerall duties the imbattailing of men in formes now most in vse with figures and tables to the same with sundrie other martiall points with figures and tables to the same with sundrie other martiall points robert barret | VVHEREIN IS DECLARED THE NEGLECT OF Martiall discipline: the inconuenience thereof: the imperfections of manie training Captaines: a redresse by due regard had: the fittest weapons for our Moderne VVarre: the vse of the same: the parts of a perfect souldier in generall and in particular: the Officers in degrees, with their seuerall duties: the imbattailing of men in formes now most in vse: with figures and Tables to the same: with sundrie other martiall points | THE THEORIKE AND PRACTIKE OF MODERNE WARRES | with figures and Tables to the same | with sundrie other martiall points | False | False | False"
bib-20,1599,Rome,ITALIAN,missing/unknown,Geometry/Theory,False,unknown_books,euclid_utility_public,True,True,False,True,False,False,True,"TRATTA | descritta | Dichiarata | ad un buon Geometra | à Misuratori di terreni, di fabriche, et altri simili | à Geografi, Cosmografi, Architetti Civili, et Militari | à Bombardieri, Soldati privati, Capitani, Maestri di Campo | à qual si Voglia altra persona Virtuosa | Elementi d’Euclide | Mathematico eccellentissimo | Mathematico | Elementi d’Euclide | 150. Tavole di Rame | Euclide","ad un buon Geometra | à Misuratori di terreni, di fabriche, et altri simili | à Geografi, Cosmografi, Architetti Civili, et Militari | à Bombardieri, Soldati privati, Capitani, Maestri di Campo | à qual si Voglia altra persona Virtuosa | Mathematico eccellentissimo | Mathematico",
bib-283,1603,London,ENGLISH,missing/unknown,Arithmetic/Commerce,False,unknown_books,not_euclid_elements,True,False,False,True,False,True,False,"perused | augmented | amended | added | The Well spring of SCIENCES | Which teacheth the perfect worke and practise of Arithme-  ticke, both in whole Numbers and Fractions, set forth | once againe perused, augmented, and amended in all the three parts, by the said Author | Londoner | certaine Tables of the agreement of measures and waights, of di- vers places in EVROPE the one with the other, as by the Table appeareth",Londoner,
YB32U5,1604,Leiden,FRENCH,folio,Visual/Spatial Arts,False,unknown_books,not_euclid_elements,True,False,False,True,True,True,True,"Inuenté | pour tous Peintres, Tailleurs en Cuivre, Imaginaires, Orfevres, Architectes, Ingenieurs, Tailleurs de Pierre, Menuisiers, Charpentiers, & tous Amateurs des arts | PERSPECTIVE | C'est a dire, le tresrenommé art du poinct oculaire d'vne veuë dedans où travers regardante, estant sur vne muraille vnie, sur vn tableau, ou sur dela toile, en laquelle il y ayt quelques edifi- ces, soyt d'Eglises, Temples, Palais, Sales, Chambres, Galeries, Places, Allées, Iardins, Marchés & Ruës, a l'Antique ou Moderne, & autres telles choses icy de- monstrées, le tout posé sur les lignes fondamentales, & le fondement d'icelles clairement expliquées par descriptions, fort vtile & necessaire","pour tous Peintres, Tailleurs en Cuivre, Imaginaires, Orfevres, Architectes, Ingenieurs, Tailleurs de Pierre, Menuisiers, Charpentiers, & tous Amateurs des arts",
ustc-8,1605,Paris,FRENCH,missing/unknown,Geometry/Theory,False,unknown_books,euclid_composite_workshop,True,False,False,False,False,True,True,"COMPOSEE | augmenté | tiré | contenus | COMPOSEE | augmenté | L’Art de mesurer toutes superficies Rectilignes | Elemens d'Euclide | des Elemens d’Euclide | COMPOSEE | augmenté par iceluy de quelques Annotations | augmenté par iceluy de quelques Annotations | NOBLE PHILOSOPHE | Chanoine de Noyon | tres-excellent Mathematicien | Lecteur & Professeur du Roy ès Mathematiques | NOBLE PHILOSOPHE | iadis Chanoine de Noyon | tres-excellent Mathematicien | Lecteur & Professeur du Roy és Mathematiques | M. Iean Pierre de Mesmes | M. Iean des Mersliers d’Amiens | Elemens d’Euclide | Elemens d'Euclide | quelques Annotations | Tables des chapitres | augmenté par iceluy de quelques Annotations | Avec Tables des chapitres contenus es faits liures | Vn Traicté des mesures Geometriques, des hauteurs accessibles, ou inaccessibles: & de toutes choses pleines ou profondes, selon leur longueur, largeur, & profondeur, par M. Iean Pierre de Mesmes, tres-excellent Mathematicien, augmenté par iceluy de quelques Annotations | Vn Traicté des mesures Geometriques, des hauteurs accessibles, ou inaccessibles. Co de toutes choses plienes ou profondes, selon leur longueur, largeur, & profondeur | PLUS L'Art de mesurer toutes superficies Rectilignes tiré des Elemens d'Euclide | Traicté des mesures Geometriques | Vn Traicté des mesures Geometriques, des hauteurs accessibles, ou inaccessibles | L'Art de mesurer toutes superficies Rectilignes | Elemens d’Euclide | Elemens d'Euclide",NOBLE PHILOSOPHE | Chanoine de Noyon | tres-excellent Mathematicien | Lecteur & Professeur du Roy ès Mathematiques | NOBLE PHILOSOPHE | iadis Chanoine de Noyon | tres-excellent Mathematicien | Lecteur & Professeur du Roy és Mathematiques | M. Iean Pierre de Mesmes | M. Iean des Mersliers d’Amiens,"Géométrie practique composée par... Charles de Bouëlles avec un Traicté des mesures géométriques, des hauteurs accessibles ou inaccessibles et de toutes choses pleines ou profondes, selon leur longueur, largeur et profondité, par M. Jean-Pierre de Mes | composee | augmenté | tiré | contenus | composee | augmenté | l’art de mesurer toutes superficies rectilignes | elemens d'euclide | des elemens d’euclide | composee | augmenté par iceluy de quelques annotations | augmenté par iceluy de quelques annotations | noble philosophe | chanoine de noyon | tres-excellent mathematicien | lecteur & professeur du roy ès mathematiques | noble philosophe | iadis chanoine de noyon | tres-excellent mathematicien | lecteur & professeur du roy és mathematiques | m. iean pierre de mesmes | m. iean des mersliers d’amiens | elemens d’euclide | elemens d'euclide | quelques annotations | tables des chapitres | augmenté par iceluy de quelques annotations | avec tables des chapitres contenus es faits liures | vn traicté des mesures geometriques, des hauteurs accessibles, ou inaccessibles: & de toutes choses pleines ou profondes, selon leur longueur, largeur, & profondeur, par m. iean pierre de mesmes, tres-excellent mathematicien, augmenté par iceluy de quelques annotations | vn traicté des mesures geometriques, des hauteurs accessibles, ou inaccessibles. co de toutes choses plienes ou profondes, selon leur longueur, largeur, & profondeur | plus l'art de mesurer toutes superficies rectilignes tiré des elemens d'euclide | traicté des mesures geometriques | vn traicté des mesures geometriques, des hauteurs accessibles, ou inaccessibles | l'art de mesurer toutes superficies rectilignes | elemens d’euclide | elemens d'euclide | composee augmente tire contenus composee augmente composee augmente par iceluy de quelques annotations augmente par iceluy de quelques annotations des elemens deuclide quelques annotations tables des chapitres augmente par iceluy de quelques annotations avec tables des chapitres contenus es faits liures vn traicte des mesures geometriques des hauteurs accessibles ou inaccessibles de toutes choses pleines ou profondes selon leur longueur largeur profondeur par m iean pierre de mesmes tres excellent mathematicien augmente par iceluy de quelques annotations vn traicte des mesures geometriques des hauteurs accessibles ou inaccessibles co de toutes choses plienes ou profondes selon leur longueur largeur profondeur plus l art de mesurer toutes superficies rectilignes tire des elemens d euclide traicte des mesures geometriques vn traicte des mesures geometriques des hauteurs accessibles ou inaccessibles l art de mesurer toutes superficies rectilignes m iean pierre de mesmes m iean des mersliers damiens elemens deuclide elemens d euclide elemens deuclide elemens d euclide | composee augmente tire contenus composee augmente composee augmente par iceluy de quelques annotations augmente par iceluy de quelques annotations des elemens deuclide quelques annotations tables des chapitres augmente par iceluy de quelques annotations avec tables des chapitres contenus es faits liures vn traicte des mesures geometriques des hauteurs accessibles ou inaccessibles de toutes choses pleines ou profondes selon leur longueur largeur profondeur par m iean pierre de mesmes tres excellent mathematicien augmente par iceluy de quelques annotations vn traicte des mesures geometriques des hauteurs accessibles ou inaccessibles co de toutes choses plienes ou profondes selon leur longueur largeur profondeur plus l art de mesurer toutes superficies rectilignes tire des elemens d euclide traicte des mesures geometriques vn traicte des mesures geometriques des hauteurs accessibles ou inaccessibles l art de mesurer toutes superficies rectilignes m iean pierre de mesmes m iean des mersliers damiens elemens deuclide elemens d euclide elemens deuclide elemens d euclide noble philosophe chanoine de noyon tres excellent mathematicien lecteur professeur du roy es mathematiques noble philosophe iadis chanoine de noyon tres excellent mathematicien lecteur professeur du roy es mathematiques m charles de bouelles m iean pierre de mesmes m iean des mersliers damiens m charles de bouielles m iean pierre de melmes m iean des meliers d amiens | des Elemens d’Euclide | L’Art de mesurer toutes superficies Rectilignes | Elemens d'Euclide | quelques Annotations | Tables des chapitres | augmenté par iceluy de quelques Annotations | Avec Tables des chapitres contenus es faits liures | COMPOSEE | augmenté par iceluy de quelques Annotations | augmenté par iceluy de quelques Annotations | Vn Traicté des mesures Geometriques, des hauteurs accessibles, ou inaccessibles: & de toutes choses pleines ou profondes, selon leur longueur, largeur, & profondeur, par M. Iean Pierre de Mesmes, tres-excellent Mathematicien, augmenté par iceluy de quelques Annotations | Vn Traicté des mesures Geometriques, des hauteurs accessibles, ou inaccessibles. Co de toutes choses plienes ou profondes, selon leur longueur, largeur, & profondeur | PLUS L'Art de mesurer toutes superficies Rectilignes tiré des Elemens d'Euclide | False | False | False"
ustc-14,1608,Paris,FRENCH,missing/unknown,Geometry/Theory | Instruments/Measurement,False,unknown_books,not_euclid_elements,True,False,False,False,False,True,False,"CONTENANT | expoſé | contenuz | GEOMETRIE. ET HORLOGIOGRAPHIE PRATIQVE | LA DESCRIPTION, FABRICATION & vsage des Horloges Solaires | d’Oronce Finé Dauphinois, Lecteur & Profeſſeur du Roy es ſciences Ma- thematiques | Pierre Appian excellent Mathe- maticien | Tables des Chapitres","Monſeigneur le Duc de Montmorancy, Pair & Conneſtable de France | d’Oronce Finé Dauphinois, Lecteur & Profeſſeur du Roy es ſciences Ma- thematiques | Pierre Appian excellent Mathe- maticien",
ustc-54,1608,Paris,FRENCH,missing/unknown,Geometry/Theory,False,unknown_books,euclid_composite_workshop,True,False,False,False,False,True,True,"COMPOSEE | augmenté | tiré | Elemens d’Euclide | L’Art de mesurer toutes superficies Rectilignes | COMPOSEE | augmenté | NOBLE PHILOSOPHE | Chanoin de Noyon | tres-excellent Mathematicien | iadis Chanoin de Noyon | Lecteur & Profeſſeur du Roy ès Mathematiques | Elemens d’Euclide | de quelques Annotations | Tables des chapitres | Vn Traité des mesures Geometriques, des hanteurs accesſibles, ou inaccesſibles : & de toutes choſes pleines ou proſondes, ſelon leur longueur, largeur, & profondeur ; par M. Iean Pierre de Memes, tres-excellent Mathematicien, augmenté par ice- luy de quelques Annotations | Traité des mesures Geometriques | Elemens d’Euclide",NOBLE PHILOSOPHE | Chanoin de Noyon | tres-excellent Mathematicien | iadis Chanoin de Noyon | Lecteur & Profeſſeur du Roy ès Mathematiques,"composee | augmenté | tiré | elemens d’euclide | l’art de mesurer toutes superficies rectilignes | composee | augmenté | noble philosophe | chanoin de noyon | tres-excellent mathematicien | iadis chanoin de noyon | lecteur & profeſſeur du roy ès mathematiques | elemens d’euclide | de quelques annotations | tables des chapitres | vn traité des mesures geometriques, des hanteurs accesſibles, ou inaccesſibles : & de toutes choſes pleines ou proſondes, ſelon leur longueur, largeur, & profondeur ; par m. iean pierre de memes, tres-excellent mathematicien, augmenté par ice- luy de quelques annotations | traité des mesures geometriques | elemens d’euclide | composee augmente tire composee augmente lart de mesurer toutes superficies rectilignes de quelques annotations tables des chapitres vn traite des mesures geometriques des hanteurs accessibles ou inaccessibles de toutes choses pleines ou prosondes selon leur longueur largeur profondeur par m iean pierre de memes tres excellent mathematicien augmente par ice luy de quelques annotations traite des mesures geometriques elemens deuclide elemens deuclide | composee augmente tire composee augmente lart de mesurer toutes superficies rectilignes de quelques annotations tables des chapitres vn traite des mesures geometriques des hanteurs accessibles ou inaccessibles de toutes choses pleines ou prosondes selon leur longueur largeur profondeur par m iean pierre de memes tres excellent mathematicien augmente par ice luy de quelques annotations traite des mesures geometriques elemens deuclide elemens deuclide noble philosophe chanoin de noyon tres excellent mathematicien iadis chanoin de noyon lecteur professeur du roy es mathematiques m charles de bouilles m iean pierre de memes m iean des merliers damiens | L’Art de mesurer toutes superficies Rectilignes | Elemens d’Euclide | de quelques Annotations | Tables des chapitres | COMPOSEE | augmenté | Vn Traité des mesures Geometriques, des hanteurs accesſibles, ou inaccesſibles : & de toutes choſes pleines ou proſondes, ſelon leur longueur, largeur, & profondeur ; par M. Iean Pierre de Memes, tres-excellent Mathematicien, augmenté par ice- luy de quelques Annotations | False | False | False"
ustc-18,1613,Paris,FRENCH,missing/unknown,Geometry/Theory | Arithmetic/Commerce | Visual/Spatial Arts | Applied Mechanics/Military,False,unknown_books,not_euclid_elements,True,False,False,True,False,True,False,"RECVEILLIS | DRESSEZ | EN FAVEVR DE LA NOBLESSE | MEMOIRES MATHEMATIQVES RECVEILLIS ET DRESSEZ | Auquel eft traité De l'Arithmetique militaire; con£lru£Hon des tables des Sinus, Tou- chantes & Coupantes; Doctrine des Triangles Rectilignes ; prati- que de diuers Problermes Geometriques ; Dimenfion des lignes droi£tes, fuperfcies & Corps; pratique du Compas de proportion ; De la Conflru£Hon & Fabrique des Forterel/es, feruans d'explication & augmentation es deux & troi£iefmes liures des Fortifications de Mon- fieur Errard | PREMIER VOLVME | Mathematicien | Mon- fieur Errard | feruans d'explication & augmentation",EN FAVEVR DE LA NOBLESSE | Mathematicien | Françoise | Mon- fieur Errard,
Leiden_1615,1615,Leiden,LATIN,missing/unknown,Geometry/Theory | Arithmetic/Commerce,False,unknown_books,elements_language_no_euclid,True,True,True,True,False,True,False,"translatae | FUNDAMENTA ARITHMETICA ET GEOMETRICA | cum communi usu In variis problematis, Geometricis, partim solo linearum ductu, partim per numeros irrationales, & tabulas sinuum, & Algebram solutis | vernaculo | in Latinum",,"translatae | fundamenta arithmetica et geometrica | cum communi usu in variis problematis, geometricis, partim solo linearum ductu, partim per numeros irrationales, & tabulas sinuum, & algebram solutis | vernaculo | in latinum | translatae cum communi usu in variis problematis geometricis partim solo linearum ductu partim per numeros irrationales tabulas sinuum algebram solutis vernaculo in latinum | translatae cum communi usu in variis problematis geometricis partim solo linearum ductu partim per numeros irrationales tabulas sinuum algebram solutis vernaculo in latinum wil sn r f | cum communi usu In variis problematis, Geometricis, partim solo linearum ductu, partim per numeros irrationales, & tabulas sinuum, & Algebram solutis | FUNDAMENTA ARITHMETICA ET GEOMETRICA | False | False | False"
bib-187,1615,Leiden,DUTCH,missing/unknown,Geometry/Theory | Arithmetic/Commerce | Instruments/Measurement,False,unknown_books,not_euclid_elements,True,False,False,True,False,True,False,"gecor- rigieerde | oversien | verbeteret | verbetert | vermeerdert | by-voeghselen | ghehouden | uyt-ghegeven | beschreven | ghebracht | gheproeft | voor de Land-meters | VANDEN CIRCKEL | Daer in gheleert werdt te vinden  den naesten proportie des Circkels-Diameters teghen sijn om-  loop / daer door alle Circkels (met alle Figuren / ofte Lijnen met com-  munen hoeken) recht ghemeten kunnen werden | Item alle Figurens-  nyden in den Circkel beschreven / beginnende van den 3,4,5,6,7,8 tot  in Fractionale getallen te beschrijven, al hadde hy de figure heel   hondert-duysent hoeken | Item / by 7,11,13,17,19,23. gecor-  rigieerde proportien soecken | Twee­de Editie | Van nieuws oversien / ende van alle de voor-gaende fauten verbeteret / ende aen-ghevuld vermeerdert met by-voeghselen | met het ghebruyck van dien, hoogh-noodigh voor de Land-meters | Met veel andere konstighe stucken, dierghelijcke noyt in druck uyt-ghegeven | Met noch seer hantvvoedige dingen | Noch de Tafelen Sinuum, Tangentium, ende Secantium, met het ghebruyck van dien, hoogh-noodigh voor de Land-meters: Met veel andere konstighe stucken, dierghelijcke noyt in druck uyt-ghegeven | Ten laetsten, van Interest / met alderhande Tafelen daer toe dienende / met het ghebruyck / door veel constighe Exempelen gheleert, ende door 't gheheel werk beschreven, ende gheproeft | Van nieuws oversien / ende van alle de voor-gaende fauten verbeteret / ende   aen-ghevuld vermeerdert met by-voeghselen / waer in door den Autheur uber-  langhe tijden verbetert, int hembaer quaet ghehouden des circkels / uyt-ghegeven   door Symon vander Eycke. Met noch seer hantvvoedige dingen / in   aenghecleende Geometrische questien | de Tafelen Sinuum, Tangentium, ende Secantium | van Interest | Tafelen Sinuum, Tangentium, ende Secantium | Interest",voor de Land-meters,"gecor- rigieerde | oversien | verbeteret | verbetert | vermeerdert | by-voeghselen | ghehouden | uyt-ghegeven | beschreven | ghebracht | gheproeft | voor de land-meters | vanden circkel | daer in gheleert werdt te vinden den naesten proportie des circkels-diameters teghen sijn om- loop / daer door alle circkels (met alle figuren / ofte lijnen met com- munen hoeken) recht ghemeten kunnen werden | item alle figurens- nyden in den circkel beschreven / beginnende van den 3,4,5,6,7,8 tot in fractionale getallen te beschrijven, al hadde hy de figure heel hondert-duysent hoeken | item / by 7,11,13,17,19,23. gecor- rigieerde proportien soecken | twee­de editie | van nieuws oversien / ende van alle de voor-gaende fauten verbeteret / ende aen-ghevuld vermeerdert met by-voeghselen | met het ghebruyck van dien, hoogh-noodigh voor de land-meters | met veel andere konstighe stucken, dierghelijcke noyt in druck uyt-ghegeven | met noch seer hantvvoedige dingen | noch de tafelen sinuum, tangentium, ende secantium, met het ghebruyck van dien, hoogh-noodigh voor de land-meters: met veel andere konstighe stucken, dierghelijcke noyt in druck uyt-ghegeven | ten laetsten, van interest / met alderhande tafelen daer toe dienende / met het ghebruyck / door veel constighe exempelen gheleert, ende door 't gheheel werk beschreven, ende gheproeft | van nieuws oversien / ende van alle de voor-gaende fauten verbeteret / ende aen-ghevuld vermeerdert met by-voeghselen / waer in door den autheur uber- langhe tijden verbetert, int hembaer quaet ghehouden des circkels / uyt-ghegeven door symon vander eycke. met noch seer hantvvoedige dingen / in aenghecleende geometrische questien | de tafelen sinuum, tangentium, ende secantium | van interest | tafelen sinuum, tangentium, ende secantium | interest | gecor rigieerde oversien verbeteret verbetert vermeerdert by voeghselen ghehouden uyt ghegeven beschreven ghebracht gheproeft tweede editie van nieuws oversien ende van alle de voor gaende fauten verbeteret ende aen ghevuld vermeerdert met by voeghselen daer in gheleert werdt te vinden den naesten proportie des circkels diameters teghen sijn om loop daer door alle circkels met alle figuren ofte lijnen met com munen hoeken recht ghemeten kunnen werden item alle figurens nyden in den circkel beschreven beginnende van den 3 4 5 6 7 8 tot in fractionale getallen te beschrijven al hadde hy de figure heel hondert duysent hoeken item by 7 11 13 17 19 23 gecor rigieerde proportien soecken met het ghebruyck van dien hoogh noodigh voor de land meters met veel andere konstighe stucken dierghelijcke noyt in druck uyt ghegeven met noch seer hantvvoedige dingen noch de tafelen sinuum tangentium ende secantium met het ghebruyck van dien hoogh noodigh voor de land meters met veel andere konstighe stucken dierghelijcke noyt in druck uyt ghegeven ten laetsten van interest met alderhande tafelen daer toe dienende met het ghebruyck door veel constighe exempelen gheleert ende door t gheheel werk beschreven ende gheproeft van nieuws oversien ende van alle de voor gaende fauten verbeteret ende aen ghevuld vermeerdert met by voeghselen waer in door den autheur uber langhe tijden verbetert int hembaer quaet ghehouden des circkels uyt ghegeven door symon vander eycke met noch seer hantvvoedige dingen in aenghecleende geometrische questien de tafelen sinuum tangentium ende secantium van interest tafelen sinuum tangentium ende secantium interest | gecor rigieerde oversien verbeteret verbetert vermeerdert by voeghselen ghehouden uyt ghegeven beschreven ghebracht gheproeft tweede editie van nieuws oversien ende van alle de voor gaende fauten verbeteret ende aen ghevuld vermeerdert met by voeghselen daer in gheleert werdt te vinden den naesten proportie des circkels diameters teghen sijn om loop daer door alle circkels met alle figuren ofte lijnen met com munen hoeken recht ghemeten kunnen werden item alle figurens nyden in den circkel beschreven beginnende van den 3 4 5 6 7 8 tot in fractionale getallen te beschrijven al hadde hy de figure heel hondert duysent hoeken item by 7 11 13 17 19 23 gecor rigieerde proportien soecken met het ghebruyck van dien hoogh noodigh voor de land meters met veel andere konstighe stucken dierghelijcke noyt in druck uyt ghegeven met noch seer hantvvoedige dingen noch de tafelen sinuum tangentium ende secantium met het ghebruyck van dien hoogh noodigh voor de land meters met veel andere konstighe stucken dierghelijcke noyt in druck uyt ghegeven ten laetsten van interest met alderhande tafelen daer toe dienende met het ghebruyck door veel constighe exempelen gheleert ende door t gheheel werk beschreven ende gheproeft van nieuws oversien ende van alle de voor gaende fauten verbeteret ende aen ghevuld vermeerdert met by voeghselen waer in door den autheur uber langhe tijden verbetert int hembaer quaet ghehouden des circkels uyt ghegeven door symon vander eycke met noch seer hantvvoedige dingen in aenghecleende geometrische questien de tafelen sinuum tangentium ende secantium van interest tafelen sinuum tangentium ende secantium interest voor de land meters lydoif van ceulen symon vander eycke | Daer in gheleert werdt te vinden  den naesten proportie des Circkels-Diameters teghen sijn om-  loop / daer door alle Circkels (met alle Figuren / ofte Lijnen met com-  munen hoeken) recht ghemeten kunnen werden | Item alle Figurens-  nyden in den Circkel beschreven / beginnende van den 3,4,5,6,7,8 tot  in Fractionale getallen te beschrijven, al hadde hy de figure heel   hondert-duysent hoeken | Item / by 7,11,13,17,19,23. gecor-  rigieerde proportien soecken | VANDEN CIRCKEL | met het ghebruyck van dien, hoogh-noodigh voor de Land-meters | Met veel andere konstighe stucken, dierghelijcke noyt in druck uyt-ghegeven | Met noch seer hantvvoedige dingen | Noch de Tafelen Sinuum, Tangentium, ende Secantium, met het ghebruyck van dien, hoogh-noodigh voor de Land-meters: Met veel andere konstighe stucken, dierghelijcke noyt in druck uyt-ghegeven | Ten laetsten, van Interest / met alderhande Tafelen daer toe dienende / met het ghebruyck / door veel constighe Exempelen gheleert, ende door 't gheheel werk beschreven, ende gheproeft | Van nieuws oversien / ende van alle de voor-gaende fauten verbeteret / ende   aen-ghevuld vermeerdert met by-voeghselen / waer in door den Autheur uber-  langhe tijden verbetert, int hembaer quaet ghehouden des circkels / uyt-ghegeven   door Symon vander Eycke. Met noch seer hantvvoedige dingen / in   aenghecleende Geometrische questien | Twee­de Editie | Van nieuws oversien / ende van alle de voor-gaende fauten verbeteret / ende aen-ghevuld vermeerdert met by-voeghselen | de Tafelen Sinuum, Tangentium, ende Secantium | van Interest | False | False | False"
bib-188,1619,Leiden,LATIN,missing/unknown,Geometry/Theory,False,unknown_books,not_euclid_elements,True,False,False,False,False,True,True,"fecit | illustravit | accesserunt | CIRCULO & ADSCRIPTIS LIBER | In quo plurimorum polygonorum latera per irrationalium numerorum griphos, quorum libet autem per numeros absolutos secundum Algebraicarum aequationum leges explicantur | annotationibus illustravit | pagina versa | vernaculo Latina",,"fecit | illustravit | accesserunt | circulo & adscriptis liber | in quo plurimorum polygonorum latera per irrationalium numerorum griphos, quorum libet autem per numeros absolutos secundum algebraicarum aequationum leges explicantur | annotationibus illustravit | pagina versa | vernaculo latina | fecit illustravit accesserunt in quo plurimorum polygonorum latera per irrationalium numerorum griphos quorum libet autem per numeros absolutos secundum algebraicarum aequationum leges explicantur annotationibus illustravit pagina versa vernaculo latina | fecit illustravit accesserunt in quo plurimorum polygonorum latera per irrationalium numerorum griphos quorum libet autem per numeros absolutos secundum algebraicarum aequationum leges explicantur annotationibus illustravit pagina versa vernaculo latina willebrodus snellius r f | In quo plurimorum polygonorum latera per irrationalium numerorum griphos, quorum libet autem per numeros absolutos secundum Algebraicarum aequationum leges explicantur | CIRCULO & ADSCRIPTIS LIBER | annotationibus illustravit | pagina versa | False | False | False"
UQI2BV,1620,Strasbourg,LATIN,quarto,Geometry/Theory,False,unknown_books,elements_language_no_euclid,True,False,False,False,False,True,False,"collecta | elaboratis | ELEMENTA GEOMETRICA | IN VSVM GEOMETRIÆ | Studiosorum ex varijs Authoribus collecta | Philo-Geometram | ELEMENTA GEOMETRICA | Cum Figuris & Schematismis, in 32. tabulis æneis diligen- ter elaboratis, ob oculos positis",Philo-Geometram,"Elementa Geometrica : In Usum Geometriae Studiosorum ex variis Authoribus collecta , Per M. Eberhardum Welperum, Philo-Geometram : Cum Figuris [et] Schematismis, in 32. tabulis aeneis diligenter elaboratis, ob oculos positis | collecta | elaboratis | elementa geometrica | in vsvm geometriæ | studiosorum ex varijs authoribus collecta | philo-geometram | elementa geometrica | cum figuris & schematismis, in 32. tabulis æneis diligen- ter elaboratis, ob oculos positis | collecta elaboratis in vsvm geometri studiosorum ex varijs authoribus collecta cum figuris schematismis in 32 tabulis neis diligen ter elaboratis ob oculos positis elementa geometrica | collecta elaboratis in vsvm geometri studiosorum ex varijs authoribus collecta cum figuris schematismis in 32 tabulis neis diligen ter elaboratis ob oculos positis elementa geometrica philo geometram m eberhardum welperum | IN VSVM GEOMETRIÆ | Studiosorum ex varijs Authoribus collecta | ELEMENTA GEOMETRICA | Cum Figuris & Schematismis, in 32. tabulis æneis diligen- ter elaboratis, ob oculos positis | False | False | False"
ustc-36,1622,Rouen,FRENCH,missing/unknown,Arithmetic/Commerce,False,unknown_books,not_euclid_elements,True,False,True,False,False,False,False,"diuisee | REVEVE | CORRIGEE | amplifiee | METHODIQVES INSTITVTIONS DE LA VRAYE ET PARFAITE ARITHMETIQVE de IACQVES CHAVVET | diuisee en six parties | diuisee en six parties | REVEVE, CORRIGEE, ET amplifiee | professeur ordinaire és Mathematiques en l'Vniuersité de Paris | d'Exemples Geometriques, extra- ction des racines Quarrees, & Cubes, & au- tres choses appartenantes à la Geome- trie, auec les figures & prati- que d'icelles",l'Vniuersité de Paris | professeur ordinaire és Mathematiques en l'Vniuersité de Paris,"diuisee | reveve | corrigee | amplifiee | methodiqves institvtions de la vraye et parfaite arithmetiqve de iacqves chavvet | diuisee en six parties | diuisee en six parties | reveve, corrigee, et amplifiee | professeur ordinaire és mathematiques en l'vniuersité de paris | d'exemples geometriques, extra- ction des racines quarrees, & cubes, & au- tres choses appartenantes à la geome- trie, auec les figures & prati- que d'icelles | diuisee reveve corrigee amplifiee diuisee en six parties reveve corrigee et amplifiee diuisee en six parties d exemples geometriques extra ction des racines quarrees cubes au tres choses appartenantes a la geome trie auec les figures prati que d icelles | diuisee reveve corrigee amplifiee diuisee en six parties reveve corrigee et amplifiee diuisee en six parties d exemples geometriques extra ction des racines quarrees cubes au tres choses appartenantes a la geome trie auec les figures prati que d icelles l vniuersite de paris professeur ordinaire es mathematiques en l vniuersite de paris p taillefer | diuisee en six parties | METHODIQVES INSTITVTIONS DE LA VRAYE ET PARFAITE ARITHMETIQVE de IACQVES CHAVVET | d'Exemples Geometriques, extra- ction des racines Quarrees, & Cubes, & au- tres choses appartenantes à la Geome- trie, auec les figures & prati- que d'icelles | diuisee en six parties | REVEVE, CORRIGEE, ET amplifiee | False | False | False"
MorisS-16-1,1623,Paris,FRENCH,missing/unknown,Geometry/Theory | Arithmetic/Commerce | Visual/Spatial Arts | Applied Mechanics/Military,False,unknown_books,not_euclid_elements,True,False,True,True,False,True,False,"reueuë | corrigée | augmentée | EN FAVEVR DE LA NOBLESSE Françoiſe | De l’Arithmetique militaire | Construction des tables des Sinus, Tou‑chantes & Couppantes ; Doctrine des triangles Rectilignes ; Pratique de diuers Problemes Geometriques ; Dimenſion des lignes droictes, Su‑perficies & Corps ; Pratique du Compas de proportions ; & de la Conſtruction des Fortereſſes, ſeruans d’explication & augmentation | SECONDE EDITION, reueuë, corrigée & augmentée en diuers en‑droicts, & meſme d’vn traicté entier, co[n]tenant vne brieue inſtru‑ ction pour conſtruire les fortifications pratiquées aux pays bas | Mathematicien | Monſieur Errard | d’explication & augmentation | vne brieue instruction | De l’Arithmetique militaire | Conſtruction des tables des Sinus, Tou- chantes & Couppantes | Doctrine des triangles Rectilignes | Pratique de diuers Problemes Geometriques | Dimenſion des lignes droictes, Su- perficies & Corps | Pratique du Compas de proportions | de la Conſtruction des Fortereſſes, ſeruans d’explication & augmentation és deux & troiſieſmes Liures des Fortifications de Monſieur Errard | vn traicté entier, co[n]tenant vne brieue inſtru- ction pour conſtruire les fortifications pratiquées aux pays bas | Fortifications de Monſieur Errard | Françoiſe",EN FAVEVR DE LA NOBLESSE Françoiſe | Mathematicien | Monſieur Errard,"reueuë | corrigée | augmentée | en favevr de la noblesse françoiſe | de l’arithmetique militaire | construction des tables des sinus, tou‑chantes & couppantes ; doctrine des triangles rectilignes ; pratique de diuers problemes geometriques ; dimenſion des lignes droictes, su‑perficies & corps ; pratique du compas de proportions ; & de la conſtruction des fortereſſes, ſeruans d’explication & augmentation | seconde edition, reueuë, corrigée & augmentée en diuers en‑droicts, & meſme d’vn traicté entier, co[n]tenant vne brieue inſtru‑ ction pour conſtruire les fortifications pratiquées aux pays bas | mathematicien | monſieur errard | d’explication & augmentation | vne brieue instruction | de l’arithmetique militaire | conſtruction des tables des sinus, tou- chantes & couppantes | doctrine des triangles rectilignes | pratique de diuers problemes geometriques | dimenſion des lignes droictes, su- perficies & corps | pratique du compas de proportions | de la conſtruction des fortereſſes, ſeruans d’explication & augmentation és deux & troiſieſmes liures des fortifications de monſieur errard | vn traicté entier, co[n]tenant vne brieue inſtru- ction pour conſtruire les fortifications pratiquées aux pays bas | fortifications de monſieur errard | françoiſe | reueue corrigee augmentee seconde edition reueue corrigee augmentee en diuers endroicts mesme dvn traicte entier co n tenant vne brieue instru ction pour construire les fortifications pratiquees aux pays bas construction des tables des sinus touchantes couppantes doctrine des triangles rectilignes pratique de diuers problemes geometriques dimension des lignes droictes superficies corps pratique du compas de proportions de la construction des forteresses seruans dexplication augmentation dexplication augmentation vne brieue instruction de larithmetique militaire construction des tables des sinus tou chantes couppantes doctrine des triangles rectilignes pratique de diuers problemes geometriques dimension des lignes droictes su perficies corps pratique du compas de proportions de la construction des forteresses seruans dexplication augmentation es deux troisiesmes liures des fortifications de monsieur errard vn traicte entier co n tenant vne brieue instru ction pour construire les fortifications pratiquees aux pays bas fortifications de monsieur errard francoise monsieur errard | reueue corrigee augmentee seconde edition reueue corrigee augmentee en diuers endroicts mesme dvn traicte entier co n tenant vne brieue instru ction pour construire les fortifications pratiquees aux pays bas construction des tables des sinus touchantes couppantes doctrine des triangles rectilignes pratique de diuers problemes geometriques dimension des lignes droictes superficies corps pratique du compas de proportions de la construction des forteresses seruans dexplication augmentation dexplication augmentation vne brieue instruction de larithmetique militaire construction des tables des sinus tou chantes couppantes doctrine des triangles rectilignes pratique de diuers problemes geometriques dimension des lignes droictes su perficies corps pratique du compas de proportions de la construction des forteresses seruans dexplication augmentation es deux troisiesmes liures des fortifications de monsieur errard vn traicte entier co n tenant vne brieue instru ction pour construire les fortifications pratiquees aux pays bas fortifications de monsieur errard en favevr de la noblesse francoise monsieur errard francoise mathematicien d henrion | Construction des tables des Sinus, Tou‑chantes & Couppantes ; Doctrine des triangles Rectilignes ; Pratique de diuers Problemes Geometriques ; Dimenſion des lignes droictes, Su‑perficies & Corps ; Pratique du Compas de proportions ; & de la Conſtruction des Fortereſſes, ſeruans d’explication & augmentation | De l’Arithmetique militaire | d’explication & augmentation | vne brieue instruction | SECONDE EDITION, reueuë, corrigée & augmentée en diuers en‑droicts, & meſme d’vn traicté entier, co[n]tenant vne brieue inſtru‑ ction pour conſtruire les fortifications pratiquées aux pays bas | De l’Arithmetique militaire | Conſtruction des tables des Sinus, Tou- chantes & Couppantes | Doctrine des triangles Rectilignes | Pratique de diuers Problemes Geometriques | Dimenſion des lignes droictes, Su- perficies & Corps | Pratique du Compas de proportions | de la Conſtruction des Fortereſſes, ſeruans d’explication & augmentation és deux & troiſieſmes Liures des Fortifications de Monſieur Errard | vn traicté entier, co[n]tenant vne brieue inſtru- ction pour conſtruire les fortifications pratiquées aux pays bas | False | False | False"
bib-124,1624,Rome,ITALIAN,missing/unknown,Geometry/Theory,False,unknown_books,euclid_procedural_pedagogical,True,False,False,False,True,False,True,"Cauata da | Matematici | Architetti | Geografi | Cosmografi | Bombardieri | Ingegneri | Soldati | tutti gli studiosi d’essi | gli elementi d’Euclide | In cinquanta Tavole, scolpite in Rame, dalle quali con facilità possono apprendere tutte le cose, che al buon Geometra s’appartengono | Matematico | gli elementi d’Euclide | In cinquanta Tavole, scolpite in Rame | Euclide",Matematici | Architetti | Geografi | Cosmografi | Bombardieri | Ingegneri | Soldati | tutti gli studiosi d’essi | Matematico | SIG. PAOLO SAVELLO,
ustc-11,1624,Paris,FRENCH,missing/unknown,Geometry/Theory | Instruments/Measurement,False,unknown_books,not_euclid_elements,True,False,True,False,True,True,False,"Enrichie de plusieurs Figures | NOVVELLEMENT MISE EN LVMIERE | Enrichie | MISE EN LVMIERE | LA GEOMETRIE OV MESVRE DES LIGNES DROITES ESLOIGNEES PAR LE QVARRE´ GEOMETRIQVE | Deux methodes tres-faciles pour mesurer toutes sor- tes de longueurs, hanteurs, largeurs, tant acces- sibles que inaccessibles, sans qu’il soit besoin d’au- cun calcul | NOVVELLEMENT MISE EN LVMIERE | Lecteur du Roy | Enrichie de plusieurs Figures | plusieurs Figures",Lecteur du Roy,"Géométrie, ou Mesure des lignes droites esloignées, par le quarré géométrique enrichie de plusieurs figures, nouvellement mise en lumière par le sieur Boulenger, | enrichie de plusieurs figures | novvellement mise en lvmiere | enrichie | mise en lvmiere | la geometrie ov mesvre des lignes droites esloignees par le qvarre´ geometriqve | deux methodes tres-faciles pour mesurer toutes sor- tes de longueurs, hanteurs, largeurs, tant acces- sibles que inaccessibles, sans qu’il soit besoin d’au- cun calcul | novvellement mise en lvmiere | lecteur du roy | enrichie de plusieurs figures | plusieurs figures | enrichie de plusieurs figures novvellement mise en lvmiere enrichie mise en lvmiere novvellement mise en lvmiere deux methodes tres faciles pour mesurer toutes sor tes de longueurs hanteurs largeurs tant acces sibles que inaccessibles sans quil soit besoin dau cun calcul enrichie de plusieurs figures plusieurs figures | enrichie de plusieurs figures novvellement mise en lvmiere enrichie mise en lvmiere novvellement mise en lvmiere deux methodes tres faciles pour mesurer toutes sor tes de longueurs hanteurs largeurs tant acces sibles que inaccessibles sans quil soit besoin dau cun calcul enrichie de plusieurs figures plusieurs figures lecteur du roy bovlenger sieur bovlenger | Deux methodes tres-faciles pour mesurer toutes sor- tes de longueurs, hanteurs, largeurs, tant acces- sibles que inaccessibles, sans qu’il soit besoin d’au- cun calcul | LA GEOMETRIE OV MESVRE DES LIGNES DROITES ESLOIGNEES PAR LE QVARRE´ GEOMETRIQVE | Enrichie de plusieurs Figures | plusieurs Figures | NOVVELLEMENT MISE EN LVMIERE | False | False | False"
Strasbourg_1625,1625,Strasbourg,LATIN,missing/unknown,Arithmetic/Commerce | Cosmos/Earth,False,unknown_books,elements_language_no_euclid,True,True,True,False,False,True,False,"collecta | digesta | aucta | explicata | declarata | illustrata | Elementa | Nunc verò plurimis additionibus aucta | ARGENTINENSIS, Phil. & Med. Doct | JOSEPHI LANGII CAESAREMONTANI | ELEMENTALE MATHEMATICUM | plurimis additionibus aucta | notis explicata | exemplis declarata | figuris illustrata | ARITHMETICAE VULGARIS | LOGISTICAE ASTRONOMICAE | GEOMETRIAE | ASTRONOMIAE SPHARICAE | THEORICAE PLANETARUM | GEOGRAPHIAE | ARITHMETICAE VULGARIS | LOGISTICAE ASTRONOMICAE | GEOMETRIAE | ASTRONOMIAE SPHARICAE | THEORICAE PLANETARUM | GEOGRAPHIAE","ARGENTINENSIS, Phil. & Med. Doct | JOSEPHI LANGII CAESAREMONTANI","collecta | digesta | aucta | explicata | declarata | illustrata | elementa | nunc verò plurimis additionibus aucta | argentinensis, phil. & med. doct | josephi langii caesaremontani | elementale mathematicum | plurimis additionibus aucta | notis explicata | exemplis declarata | figuris illustrata | arithmeticae vulgaris | logisticae astronomicae | geometriae | astronomiae spharicae | theoricae planetarum | geographiae | arithmeticae vulgaris | logisticae astronomicae | geometriae | astronomiae spharicae | theoricae planetarum | geographiae | collecta digesta aucta explicata declarata illustrata nunc vero plurimis additionibus aucta plurimis additionibus aucta notis explicata exemplis declarata figuris illustrata arithmeticae vulgaris logisticae astronomicae geometriae astronomiae spharicae theoricae planetarum geographiae arithmeticae vulgaris logisticae astronomicae geometriae astronomiae spharicae theoricae planetarum geographiae josephi langii caesaremontani elementale mathematicum | collecta digesta aucta explicata declarata illustrata nunc vero plurimis additionibus aucta plurimis additionibus aucta notis explicata exemplis declarata figuris illustrata arithmeticae vulgaris logisticae astronomicae geometriae astronomiae spharicae theoricae planetarum geographiae arithmeticae vulgaris logisticae astronomicae geometriae astronomiae spharicae theoricae planetarum geographiae josephi langii caesaremontani elementale mathematicum argentinensis phil med doct isaaci habrechti | Elementa | plurimis additionibus aucta | notis explicata | exemplis declarata | figuris illustrata | Nunc verò plurimis additionibus aucta | ARITHMETICAE VULGARIS | LOGISTICAE ASTRONOMICAE | GEOMETRIAE | ASTRONOMIAE SPHARICAE | THEORICAE PLANETARUM | GEOGRAPHIAE | False | False | False"
MorisS-14-1,1626,The Hague,FRENCH,missing/unknown,Geometry/Theory,False,unknown_books,not_euclid_elements,True,False,False,True,False,True,False,"mises en lumière | aux apprentif | aux plus doctes practiciens des Mathematiques | TABLES DES SINVS TANGENTES & SECANTES, SELON LE RAID DE 100000 PARTIES | un traité succinct de la Tri- gonometire tant des triangles plans, que Spheriques | Trigonometire",aux apprentif | aux plus doctes practiciens des Mathematiques,
VRHOHN,1626,Paris,FRENCH,missing/unknown,Visual/Spatial Arts,False,unknown_books,not_euclid_elements,True,False,False,True,False,True,False,"augmentée | tous Architectes, & Maistres | Architecture | OEUVRE ENTIERE CONTENANT ONZE LIVRES, augmentée de deux, & autres figures non encores veuës, tant pour desseins qu'ornemens de maisons | CONSEILLER ET AVMOSNIER ORDINAIRE DV ROY, ET ABBÉ DE sainct Serge lez Angers | augmentée de deux, & autres figures non encores veuës | AVEC VNE BELLE INVENTION POUR BIEN bastir, & à petits frais","tous Architectes, & Maistres | sainct Serge | CONSEILLER ET AVMOSNIER ORDINAIRE DV ROY, ET ABBÉ DE sainct Serge lez Angers | AV ROY","Œuvres de Philibert de l’Orme | augmentée | tous architectes, & maistres | architecture | oeuvre entiere contenant onze livres, augmentée de deux, & autres figures non encores veuës, tant pour desseins qu'ornemens de maisons | conseiller et avmosnier ordinaire dv roy, et abbé de sainct serge lez angers | augmentée de deux, & autres figures non encores veuës | avec vne belle invention pour bien bastir, & à petits frais | augmentee oeuvre entiere contenant onze livres augmentee de deux autres figures non encores veues tant pour desseins qu ornemens de maisons augmentee de deux autres figures non encores veues avec vne belle invention pour bien bastir a petits frais | augmentee oeuvre entiere contenant onze livres augmentee de deux autres figures non encores veues tant pour desseins qu ornemens de maisons augmentee de deux autres figures non encores veues avec vne belle invention pour bien bastir a petits frais tous architectes maistres sainct serge conseiller et avmosnier ordinaire dv roy et abbe de sainct serge lez angers philibert de l orme | OEUVRE ENTIERE CONTENANT ONZE LIVRES, augmentée de deux, & autres figures non encores veuës, tant pour desseins qu'ornemens de maisons | Architecture | augmentée de deux, & autres figures non encores veuës | AVEC VNE BELLE INVENTION POUR BIEN bastir, & à petits frais | False | False | False"
ustc-23,1626,Paris,FRENCH,missing/unknown,Geometry/Theory,False,unknown_books,not_euclid_elements,True,False,False,False,False,False,False,ceux qui ſe deſlectent en la pra- etique des diuiines Mathematiques | Mathematicien,ceux qui ſe deſlectent en la pra- etique des diuiines Mathematiques | Mathematicien,"Logocanon, ou Règle proportionnelle sur laquelle sont appliquées plusieurs lignes et figures... en faveur de ceux qui se délectent en la practique des divines mathématiques, par D. Henrion | ceux qui ſe deſlectent en la pra- etique des diuiines mathematiques | mathematicien | ceux qui se deslectent en la pra etique des diuiines mathematiques mathematicien d henrion | False | False | False"
MorisS-16-10,1627,Lyon,FRENCH,missing/unknown,No primary family,False,unknown_books,not_euclid_elements,True,False,True,True,False,True,False,COMPOSEE | Augmentée | adioustées | Augmentée en cette derniere Edition | Figures adioustées | plusieurs Problemes non encore veus,,composee | augmentée | adioustées | augmentée en cette derniere edition | figures adioustées | plusieurs problemes non encore veus | composee augmentee adioustees augmentee en cette derniere edition figures adioustees plusieurs problemes non encore veus | composee augmentee adioustees augmentee en cette derniere edition figures adioustees plusieurs problemes non encore veus | Figures adioustées | plusieurs Problemes non encore veus | Augmentée en cette derniere Edition | False | False | False
ustc-26,1627,Paris,FRENCH,missing/unknown,Geometry/Theory | Arithmetic/Commerce | Visual/Spatial Arts | Instruments/Measurement | Applied Mechanics/Military,False,unknown_books,not_euclid_elements,True,False,True,True,True,True,False,"reueuë | corrigée | augmentée | EN FAVEVR DE LA NOBLESSE FRANÇOISE | MEMOIRES MATHEMATIQVES | De l’Arithmetique militaire ; Conſtruction des tables des Sinus, chanzes & Coupantes ; Doctrine des triangles Recitilignes ; Pratique de diuers problemes Geometriques ; Dimeſon des lignes droites, perficies & Corps ; Pratique du Compas de proportion ; ȣ de la Conſtruction des Fortereſses, ſeruant d’application & augmentacion eſ deux & troisſiemes Liures des Fortifications de Monſieur Errard | SECONDE EDITION, reueuë, corrigée & augmentée en diuers en droicts ; & meſme d'vn traicté entier, contenant vne briefve inconſtr tion pour conſtruire les fortifications pées aux pays bas | Mathematicien",EN FAVEVR DE LA NOBLESSE FRANÇOISE | Mathematicien,"Mémoires mathématiques recueillis et dressez en faveur de la noblesse françoise. Premier [-second] volume | reueuë | corrigée | augmentée | en favevr de la noblesse françoise | memoires mathematiqves | de l’arithmetique militaire ; conſtruction des tables des sinus, chanzes & coupantes ; doctrine des triangles recitilignes ; pratique de diuers problemes geometriques ; dimeſon des lignes droites, perficies & corps ; pratique du compas de proportion ; ȣ de la conſtruction des fortereſses, ſeruant d’application & augmentacion eſ deux & troisſiemes liures des fortifications de monſieur errard | seconde edition, reueuë, corrigée & augmentée en diuers en droicts ; & meſme d'vn traicté entier, contenant vne briefve inconſtr tion pour conſtruire les fortifications pées aux pays bas | mathematicien | reueue corrigee augmentee seconde edition reueue corrigee augmentee en diuers en droicts mesme d vn traicte entier contenant vne briefve inconstr tion pour construire les fortifications pees aux pays bas de larithmetique militaire construction des tables des sinus chanzes coupantes doctrine des triangles recitilignes pratique de diuers problemes geometriques dimeson des lignes droites perficies corps pratique du compas de proportion de la construction des forteresses seruant dapplication augmentacion es deux troissiemes liures des fortifications de monsieur errard | reueue corrigee augmentee seconde edition reueue corrigee augmentee en diuers en droicts mesme d vn traicte entier contenant vne briefve inconstr tion pour construire les fortifications pees aux pays bas de larithmetique militaire construction des tables des sinus chanzes coupantes doctrine des triangles recitilignes pratique de diuers problemes geometriques dimeson des lignes droites perficies corps pratique du compas de proportion de la construction des forteresses seruant dapplication augmentacion es deux troissiemes liures des fortifications de monsieur errard en favevr de la noblesse francoise mathematicien d henrion | De l’Arithmetique militaire ; Conſtruction des tables des Sinus, chanzes & Coupantes ; Doctrine des triangles Recitilignes ; Pratique de diuers problemes Geometriques ; Dimeſon des lignes droites, perficies & Corps ; Pratique du Compas de proportion ; ȣ de la Conſtruction des Fortereſses, ſeruant d’application & augmentacion eſ deux & troisſiemes Liures des Fortifications de Monſieur Errard | MEMOIRES MATHEMATIQVES | SECONDE EDITION, reueuë, corrigée & augmentée en diuers en droicts ; & meſme d'vn traicté entier, contenant vne briefve inconſtr tion pour conſtruire les fortifications pées aux pays bas | False | False | False"
bib-70,1628,Lyon,FRENCH,missing/unknown,Geometry/Theory | Visual/Spatial Arts | Applied Mechanics/Military,False,unknown_books,not_euclid_elements,True,False,False,False,False,True,False,"representé | en cinquante-cinq Planches, avec leurs Plantes, Profils, Estimations, & Paisages",,"representé | en cinquante-cinq planches, avec leurs plantes, profils, estimations, & paisages | represente en cinquante cinq planches avec leurs plantes profils estimations paisages | represente en cinquante cinq planches avec leurs plantes profils estimations paisages | en cinquante-cinq Planches, avec leurs Plantes, Profils, Estimations, & Paisages | False | False | False"
Bologna_1629a,1629,Bologna,LATIN,missing/unknown,No primary family,False,unknown_books,euclid_procedural_pedagogical,True,False,True,False,False,False,True,"repraesentans | enodans | Illustrissimos, & Sapientissimos SENATVS BONONIENSIS Quinquaginta Viros | SPECVLVM EVCLIDIANVM | Totam Euclidis Planimetriam, Quæ absoluta dicitur; & Extranea nonnulla, Geometrica tamen, internotata unico in Schemaste lineariter repraesentans, Omniaque propriis, firmisque Demonstrationibus clarè, atq; particulatim enodans | Philosophiæ & Medicinæ Doctore Collegiatò Bonon. & publico Patriæ Archigymnasij Professore | SPECVLVM EVCLIDIANVM | EVCLIDIANVM | Euclidis","Illustrissimos, & Sapientissimos SENATVS BONONIENSIS Quinquaginta Viros | Collegiatò Bonon | Patriæ Archigymnasij | SENATVS BONONIENSIS | Philosophiæ & Medicinæ Doctore Collegiatò Bonon. & publico Patriæ Archigymnasij Professore | SENATVS BONONIENSIS Quinquaginta Viros","repraesentans | enodans | illustrissimos, & sapientissimos senatvs bononiensis quinquaginta viros | specvlvm evclidianvm | totam euclidis planimetriam, quæ absoluta dicitur; & extranea nonnulla, geometrica tamen, internotata unico in schemaste lineariter repraesentans, omniaque propriis, firmisque demonstrationibus clarè, atq; particulatim enodans | philosophiæ & medicinæ doctore collegiatò bonon. & publico patriæ archigymnasij professore | specvlvm evclidianvm | evclidianvm | euclidis | repraesentans enodans totam euclidis planimetriam qu absoluta dicitur extranea nonnulla geometrica tamen internotata unico in schemaste lineariter repraesentans omniaque propriis firmisque demonstrationibus clare atq particulatim enodans specvlvm evclidianvm evclidianvm euclidis | repraesentans enodans totam euclidis planimetriam qu absoluta dicitur extranea nonnulla geometrica tamen internotata unico in schemaste lineariter repraesentans omniaque propriis firmisque demonstrationibus clare atq particulatim enodans illustrissimos sapientissimos senatvs bononiensis quinquaginta viros collegiato bonon patri archigymnasij senatvs bononiensis specvlvm evclidianvm evclidianvm euclidis philosophi medicin doctore collegiato bonon publico patri archigymnasij professore ovidio montalbano | Totam Euclidis Planimetriam, Quæ absoluta dicitur; & Extranea nonnulla, Geometrica tamen, internotata unico in Schemaste lineariter repraesentans, Omniaque propriis, firmisque Demonstrationibus clarè, atq; particulatim enodans | SPECVLVM EVCLIDIANVM | False | False | False"
XAFNOE,1629,Frankfurt,GERMAN,folio,Applied Mechanics/Military,False,unknown_books,not_euclid_elements,True,False,False,False,True,True,False,verfasst | erkläret | Den Teutschen Künstlern | vnderschiedlicher Liebhaber | Medicum & Mathematicum Hassiacum | mit ausführlichen Kupfferfiguren,Den Teutschen Künstlern | vnderschiedlicher Liebhaber | Hassiacum | Medicum & Mathematicum Hassiacum,
XOIASP,1630,Paris,FRENCH,octavo,Visual/Spatial Arts,False,unknown_books,not_euclid_elements,True,False,False,True,False,False,False,Mathematic,Mathematic,"Perspective cilindrique et conique, ou Traicté des apparences veuës par le moyen des miroirs cilindriques & côniques, soient convexes ou concaves; ensemble la construction et position des figures objectées au mesmes miroirs, afin que leurs apparences soie | mathematic | mathematic i l sr de vavlezard | False | False | False"
GD0NV0,1631,Rome,LATIN,quarto,Geometry/Theory | Visual/Spatial Arts | Instruments/Measurement,False,unknown_books,not_euclid_elements,True,False,True,False,False,False,False,explicata | illustrata | Demonstrationibus Geometricis illustrata,SOCIETATE IESV GERMANO-SVEVI,"Pantographice, seu ars delineandi res quaslibet per parallelogrammum lineare seu cauum, mechanicum, mobile, libellis duobus explicata, & demonstrationibus geometricis illustrata | explicata | illustrata | demonstrationibus geometricis illustrata | explicata illustrata demonstrationibus geometricis illustrata | explicata illustrata demonstrationibus geometricis illustrata societate iesv germano svevi christophori scheiner | Demonstrationibus Geometricis illustrata | False | False | False"
MorisS-28-1,1631,Brussels,FRENCH,missing/unknown,Geometry/Theory | Instruments/Measurement,False,unknown_books,not_euclid_elements,True,False,True,True,True,True,False,"LA CONSTRVCTION | L’VSAGE | Composé | Capitaine & Chastellain pour sa Majesté au Chasteau Dornans, Conseillier, & General de ses Monnoyes, au Comté de Bourgongne | Construction de la Table des sinus, de minute en minutes successiue- ment par vn seul maxime | Abregé desdictes tables en vne petite demye page auec son vsage | methode de trouuer les angles d’vn triangle par la cognoissance des costez","Capitaine & Chastellain pour sa Majesté au Chasteau Dornans, Conseillier, & General de ses Monnoyes, au Comté de Bourgongne","la constrvction | l’vsage | composé | capitaine & chastellain pour sa majesté au chasteau dornans, conseillier, & general de ses monnoyes, au comté de bourgongne | construction de la table des sinus, de minute en minutes successiue- ment par vn seul maxime | abregé desdictes tables en vne petite demye page auec son vsage | methode de trouuer les angles d’vn triangle par la cognoissance des costez | la constrvction lvsage compose construction de la table des sinus de minute en minutes successiue ment par vn seul maxime abrege desdictes tables en vne petite demye page auec son vsage methode de trouuer les angles dvn triangle par la cognoissance des costez | la constrvction lvsage compose construction de la table des sinus de minute en minutes successiue ment par vn seul maxime abrege desdictes tables en vne petite demye page auec son vsage methode de trouuer les angles dvn triangle par la cognoissance des costez capitaine chastellain pour sa majeste au chasteau dornans conseillier general de ses monnoyes au comte de bourgongne pierre vernier | Construction de la Table des sinus, de minute en minutes successiue- ment par vn seul maxime | Abregé desdictes tables en vne petite demye page auec son vsage | methode de trouuer les angles d’vn triangle par la cognoissance des costez | False | False | False"
ustc-28,1631,Rouen,FRENCH,missing/unknown,Arithmetic/Commerce,False,unknown_books,not_euclid_elements,True,False,False,False,False,False,False,"diuifée | REVEE | CORRIGEE | amplifiée | METHOIQVES INSTITV TIONS DE LA VRAYE ET PARFAICTE ARITHMETIQVE | extraction des racines Quarrees, & Cubes , & autres choses appartenantes à la Geo- metrie , auec les figures & pra - tique d’icelles | REVEE, CORRIGEE, ET amplifiée d’Exemples Geometriques | profeßeur ordinaire éß Mathematiques en l’V niuerßité de Paris | d’Exemples Geometriques | extraction des racines Quarrees, & Cubes , & autres choses appartenantes à la Geo- metrie , auec les figures & pra - tique d’icelles",l’V niuerßité de Paris | profeßeur ordinaire éß Mathematiques en l’V niuerßité de Paris,"diuifée | revee | corrigee | amplifiée | methoiqves institv tions de la vraye et parfaicte arithmetiqve | extraction des racines quarrees, & cubes , & autres choses appartenantes à la geo- metrie , auec les figures & pra - tique d’icelles | revee, corrigee, et amplifiée d’exemples geometriques | profeßeur ordinaire éß mathematiques en l’v niuerßité de paris | d’exemples geometriques | extraction des racines quarrees, & cubes , & autres choses appartenantes à la geo- metrie , auec les figures & pra - tique d’icelles | diuifee revee corrigee amplifiee revee corrigee et amplifiee dexemples geometriques extraction des racines quarrees cubes autres choses appartenantes a la geo metrie auec les figures pra tique dicelles dexemples geometriques extraction des racines quarrees cubes autres choses appartenantes a la geo metrie auec les figures pra tique dicelles | diuifee revee corrigee amplifiee revee corrigee et amplifiee dexemples geometriques extraction des racines quarrees cubes autres choses appartenantes a la geo metrie auec les figures pra tique dicelles dexemples geometriques extraction des racines quarrees cubes autres choses appartenantes a la geo metrie auec les figures pra tique dicelles lv niuerite de paris profeeur ordinaire e mathematiques en lv niuerite de paris p taillieur | extraction des racines Quarrees, & Cubes , & autres choses appartenantes à la Geo- metrie , auec les figures & pra - tique d’icelles | METHOIQVES INSTITV TIONS DE LA VRAYE ET PARFAICTE ARITHMETIQVE | d’Exemples Geometriques | extraction des racines Quarrees, & Cubes , & autres choses appartenantes à la Geo- metrie , auec les figures & pra - tique d’icelles | REVEE, CORRIGEE, ET amplifiée d’Exemples Geometriques | False | False | False"
MorisS-22-3,1633,Paris,LATIN,missing/unknown,Geometry/Theory,False,unknown_books,not_euclid_elements,True,False,False,False,False,False,False,"ADIVNGITVR LIBER QVARTVS | apud Gallos è Belleiocensibus Francopolitano, Doctore Medico, & Regio Parisiis Mathematicarum Professore | LIBER QVARTVS, PRO calculi Tabulis logarithmorum | LIBER QVARTVS","apud Gallos è Belleiocensibus Francopolitano, Doctore Medico, & Regio Parisiis Mathematicarum Professore | ALPHONSVM LVDOYICVM DV PLESSIS DE RICHELIEV, Archiepiscopum & Comitem Lugdunensem, Galliarum Primatem, Magnú Franciæ Elemosynarium","adivngitvr liber qvartvs | apud gallos è belleiocensibus francopolitano, doctore medico, & regio parisiis mathematicarum professore | liber qvartvs, pro calculi tabulis logarithmorum | liber qvartvs | adivngitvr liber qvartvs liber qvartvs pro calculi tabulis logarithmorum liber qvartvs | adivngitvr liber qvartvs liber qvartvs pro calculi tabulis logarithmorum liber qvartvs apud gallos e belleiocensibus francopolitano doctore medico regio parisiis mathematicarum professore ioanne baptista morino | LIBER QVARTVS, PRO calculi Tabulis logarithmorum | False | False | False"
MorisS-26-1,1634,Paris,FRENCH,missing/unknown,Instruments/Measurement,False,unknown_books,not_euclid_elements,True,False,False,True,False,True,False,"augmentée | augmentée des tables de la pesanteur & grandeur des metaux & plusieurs autres corps | reduction de toutes les mesures & de tous les poids d’Europe, d’Afrique & d’Asie, à la mesure & au poids de Paris | construction & l’vsage du Talisso, ou Calibre d’Artillerie",,"augmentée | augmentée des tables de la pesanteur & grandeur des metaux & plusieurs autres corps | reduction de toutes les mesures & de tous les poids d’europe, d’afrique & d’asie, à la mesure & au poids de paris | construction & l’vsage du talisso, ou calibre d’artillerie | augmentee augmentee des tables de la pesanteur grandeur des metaux plusieurs autres corps reduction de toutes les mesures de tous les poids deurope dafrique dasie a la mesure au poids de paris construction lvsage du talisso ou calibre dartillerie | augmentee augmentee des tables de la pesanteur grandeur des metaux plusieurs autres corps reduction de toutes les mesures de tous les poids deurope dafrique dasie a la mesure au poids de paris construction lvsage du talisso ou calibre dartillerie p petit bovrbonnois | augmentée des tables de la pesanteur & grandeur des metaux & plusieurs autres corps | reduction de toutes les mesures & de tous les poids d’Europe, d’Afrique & d’Asie, à la mesure & au poids de Paris | construction & l’vsage du Talisso, ou Calibre d’Artillerie | False | False | False"
bib-218,1634,London,ENGLISH,missing/unknown,Arithmetic/Commerce,False,unknown_books,elements_language_no_euclid,True,False,False,True,True,True,False,"making | THE PRINCIPLES of Arithmetick | WITH Helpfull Observations, making the Entrance easie, and the Practice pleasant | WITH Helpfull Observations | With new and notable Abridgements | with extraordinarie Helps | some excellent Observations | TEACHING The five ordinary parts of ARITHME- TICK, the usuall way | Rules of PRACTICE, with extraordinarie Helps | The doctrine of FRACTIONS, The foure Rules of ARITHMETICK | Recreations extraordinary; or the easie perfor- mance of (seeming) Impossibilities | The five ordinary parts of ARITHME- TICK | Rules of PRACTICE | The doctrine of FRACTIONS | Recreations extraordinary",,"making | the principles of arithmetick | with helpfull observations, making the entrance easie, and the practice pleasant | with helpfull observations | with new and notable abridgements | with extraordinarie helps | some excellent observations | teaching the five ordinary parts of arithme- tick, the usuall way | rules of practice, with extraordinarie helps | the doctrine of fractions, the foure rules of arithmetick | recreations extraordinary; or the easie perfor- mance of (seeming) impossibilities | the five ordinary parts of arithme- tick | rules of practice | the doctrine of fractions | recreations extraordinary | making with helpfull observations making the entrance easie and the practice pleasant with helpfull observations with new and notable abridgements with extraordinarie helps some excellent observations teaching the five ordinary parts of arithme tick the usuall way rules of practice with extraordinarie helps the doctrine of fractions the foure rules of arithmetick recreations extraordinary or the easie perfor mance of seeming impossibilities the five ordinary parts of arithme tick rules of practice the doctrine of fractions recreations extraordinary | making with helpfull observations making the entrance easie and the practice pleasant with helpfull observations with new and notable abridgements with extraordinarie helps some excellent observations teaching the five ordinary parts of arithme tick the usuall way rules of practice with extraordinarie helps the doctrine of fractions the foure rules of arithmetick recreations extraordinary or the easie perfor mance of seeming impossibilities the five ordinary parts of arithme tick rules of practice the doctrine of fractions recreations extraordinary william webster | WITH Helpfull Observations, making the Entrance easie, and the Practice pleasant | THE PRINCIPLES of Arithmetick | WITH Helpfull Observations | With new and notable Abridgements | with extraordinarie Helps | some excellent Observations | TEACHING The five ordinary parts of ARITHME- TICK, the usuall way | Rules of PRACTICE, with extraordinarie Helps | The doctrine of FRACTIONS, The foure Rules of ARITHMETICK | Recreations extraordinary; or the easie perfor- mance of (seeming) Impossibilities | False | False | False"
MorisS-22-4,1640,Paris,LATIN,missing/unknown,Cosmos/Earth,False,unknown_books,not_euclid_elements,True,False,False,False,False,True,False,"RESTITVTA | optatæ | condendis | apud Gallos è Belleiocensibus Francopolitano Doctore Medico, & Parisiis Regio Mathematicum Professore | Astronomicis Tabulis exactissimè condendis","apud Gallos è Belleiocensibus Francopolitano Doctore Medico, & Parisiis Regio Mathematicum Professore | CARDINALEM RICHELIEVM; DVCEM ET FRANCIAE PAREM","restitvta | optatæ | condendis | apud gallos è belleiocensibus francopolitano doctore medico, & parisiis regio mathematicum professore | astronomicis tabulis exactissimè condendis | restitvta optat condendis astronomicis tabulis exactissime condendis | restitvta optat condendis astronomicis tabulis exactissime condendis apud gallos e belleiocensibus francopolitano doctore medico parisiis regio mathematicum professore ioanne baptista morino | Astronomicis Tabulis exactissimè condendis | False | False | False"
ustc-20,1641,Paris,FRENCH,missing/unknown,No primary family,False,unknown_books,not_euclid_elements,True,False,False,False,True,False,False,"REPRESENTE | expliqué | qui veulent apprendre les Mathematiques en peu de temps | PAR FIGVRES, & cartes | clairement expliqué",qui veulent apprendre les Mathematiques en peu de temps,"Le cours de mathématiques représenté par figures, & cartes, & clairement expliqué dans toutes ses parties, avec quantité de connaissances & pratiques nouvelles. Le tout en faveur de ceux qui veulent apprendre les mathématiques en peu de temps. Première pa | represente | expliqué | qui veulent apprendre les mathematiques en peu de temps | par figvres, & cartes | clairement expliqué | represente explique par figvres cartes clairement explique | represente explique par figvres cartes clairement explique qui veulent apprendre les mathematiques en peu de temps | PAR FIGVRES, & cartes | clairement expliqué | False | False | False"
35H84Y,1642,Bologna,LATIN,missing/unknown,Applied Mechanics/Military,False,unknown_books,euclid_utility_public,True,False,True,True,True,True,True,"traducta | confirmata | refertum | ornatum | distributum | ACCESSIT | dicata | APPLICATVS | conditus | Philosophis Mathematicis, sed & Physicis, Anatomicis, Militaribus viris, Machinariæ, Musicæ, Poeticæ, Agrariæ, Architecturæ, Mercaturæ professoribus | EVCLIDES APPLICATVS | E SOC. IESV, olim in publico Parmensi Gymnasio Philosophiæ Mathematicæ, & Philosophiæ Moralis Lectore | EVCLIDES APPLICATVS | noua pleraque Machinamenta ad vsus eximios traducta | facillimis demonstrationibus confirmata | curiosissimis inuentis refertum | figurarum æreis formis cusarum numerosa | speciosa varietate ornatum | gemino copiosissimo Indice | EVCLIDES APPLICATVS | EVCLIDES APPLICATVS | EVCLIDES | Euclideorum","Philosophis Mathematicis, sed & Physicis, Anatomicis, Militaribus viris, Machinariæ, Musicæ, Poeticæ, Agrariæ, Architecturæ, Mercaturæ professoribus | Coll. Tridentino Soc. Iesu | Parmensi Gymnasio Philosophiæ Mathematicæ | Parmensi Gymnasio | E SOC. IESV, olim in publico Parmensi Gymnasio Philosophiæ Mathematicæ, & Philosophiæ Moralis Lectore | MATTHIAE GALASSO SAC. ROM. IMPERII COMITI, &c","Apiaria uninversae philosophiae mathematicae, in quibus paradoxa, et nova pleraque machinamenta ad usus eximios traducta, & facillimis demonstrationibus confirmata […] Tomus primus (1) | traducta | confirmata | refertum | ornatum | distributum | accessit | dicata | applicatvs | conditus | philosophis mathematicis, sed & physicis, anatomicis, militaribus viris, machinariæ, musicæ, poeticæ, agrariæ, architecturæ, mercaturæ professoribus | evclides applicatvs | e soc. iesv, olim in publico parmensi gymnasio philosophiæ mathematicæ, & philosophiæ moralis lectore | evclides applicatvs | noua pleraque machinamenta ad vsus eximios traducta | facillimis demonstrationibus confirmata | curiosissimis inuentis refertum | figurarum æreis formis cusarum numerosa | speciosa varietate ornatum | gemino copiosissimo indice | evclides applicatvs | evclides applicatvs | evclides | euclideorum | traducta confirmata refertum ornatum distributum accessit dicata applicatvs conditus noua pleraque machinamenta ad vsus eximios traducta facillimis demonstrationibus confirmata curiosissimis inuentis refertum figurarum reis formis cusarum numerosa speciosa varietate ornatum gemino copiosissimo indice evclides applicatvs evclides applicatvs evclides applicatvs evclides euclideorum | traducta confirmata refertum ornatum distributum accessit dicata applicatvs conditus noua pleraque machinamenta ad vsus eximios traducta facillimis demonstrationibus confirmata curiosissimis inuentis refertum figurarum reis formis cusarum numerosa speciosa varietate ornatum gemino copiosissimo indice evclides applicatvs evclides applicatvs philosophis mathematicis sed physicis anatomicis militaribus viris machinari music poetic agrari architectur mercatur professoribus coll tridentino soc iesu parmensi gymnasio philosophi mathematic parmensi gymnasio evclides applicatvs evclides euclideorum e soc iesv olim in publico parmensi gymnasio philosophi mathematic philosophi moralis lectore mario bettino bononiensi | EVCLIDES APPLICATVS | noua pleraque Machinamenta ad vsus eximios traducta | facillimis demonstrationibus confirmata | curiosissimis inuentis refertum | figurarum æreis formis cusarum numerosa | speciosa varietate ornatum | gemino copiosissimo Indice | EVCLIDES APPLICATVS | False | False | False"
MorisS-17-3,1642,Paris,LATIN,missing/unknown,Geometry/Theory,False,unknown_books,not_euclid_elements,True,False,True,False,False,True,False,"Continens | contenant | SVPPLEMENTVM | Professeur és Mathematiques | Geometricas æquationum cubicarum purarum, atque affectarum Effectiones | les Effections Geometri- ques des equations cubiques, pures & affectées | L’vsage de l’Algebre | La methode de mettre en Per- spective toutes sortes d’objets par le moyen du Com- pas de proportion | La Theorie des Planetes, distinguée selon les hypotheses de la terre immobile & mobile | L’Introduction en la Chronologie, avec une Table des choses plus notables par ordre alphabetique | un Catalogue des meilleurs Auteurs des Mathema- tiques",Professeur és Mathematiques,"Supplementum cursus mathematici, continens geometricas aequationum cubicarum... effectiones... par Pierre Herigone | continens | contenant | svpplementvm | professeur és mathematiques | geometricas æquationum cubicarum purarum, atque affectarum effectiones | les effections geometri- ques des equations cubiques, pures & affectées | l’vsage de l’algebre | la methode de mettre en per- spective toutes sortes d’objets par le moyen du com- pas de proportion | la theorie des planetes, distinguée selon les hypotheses de la terre immobile & mobile | l’introduction en la chronologie, avec une table des choses plus notables par ordre alphabetique | un catalogue des meilleurs auteurs des mathema- tiques | continens contenant svpplementvm geometricas quationum cubicarum purarum atque affectarum effectiones les effections geometri ques des equations cubiques pures affectees lvsage de lalgebre la methode de mettre en per spective toutes sortes dobjets par le moyen du com pas de proportion la theorie des planetes distinguee selon les hypotheses de la terre immobile mobile lintroduction en la chronologie avec une table des choses plus notables par ordre alphabetique un catalogue des meilleurs auteurs des mathema tiques | continens contenant svpplementvm geometricas quationum cubicarum purarum atque affectarum effectiones les effections geometri ques des equations cubiques pures affectees lvsage de lalgebre la methode de mettre en per spective toutes sortes dobjets par le moyen du com pas de proportion la theorie des planetes distinguee selon les hypotheses de la terre immobile mobile lintroduction en la chronologie avec une table des choses plus notables par ordre alphabetique un catalogue des meilleurs auteurs des mathema tiques professeur es mathematiques pierre herigone | Geometricas æquationum cubicarum purarum, atque affectarum Effectiones | les Effections Geometri- ques des equations cubiques, pures & affectées | L’vsage de l’Algebre | La methode de mettre en Per- spective toutes sortes d’objets par le moyen du Com- pas de proportion | La Theorie des Planetes, distinguée selon les hypotheses de la terre immobile & mobile | L’Introduction en la Chronologie, avec une Table des choses plus notables par ordre alphabetique | un Catalogue des meilleurs Auteurs des Mathema- tiques | SVPPLEMENTVM | False | False | False"
MorisS-4-3,1645,Paris,FRENCH,missing/unknown,Visual/Spatial Arts,False,unknown_books,not_euclid_elements,True,False,False,False,False,False,False,"TRAICTE’ DES MANIERES DE GRAVER EN TAILLE DOVCE SVR L’AIRIN | Par le Moyen des Eaux Fortes, & des Vernix Durs & Mols | Ensemble de la façon d’en Imprimer les Planches & d’en Construire la Presse, & autres choses concernans lesdits Arts | Graueur en Taille Douce",Graueur en Taille Douce,"traicte’ des manieres de graver en taille dovce svr l’airin | par le moyen des eaux fortes, & des vernix durs & mols | ensemble de la façon d’en imprimer les planches & d’en construire la presse, & autres choses concernans lesdits arts | graueur en taille douce | par le moyen des eaux fortes des vernix durs mols ensemble de la facon den imprimer les planches den construire la presse autres choses concernans lesdits arts | par le moyen des eaux fortes des vernix durs mols ensemble de la facon den imprimer les planches den construire la presse autres choses concernans lesdits arts graueur en taille douce a bosse | Par le Moyen des Eaux Fortes, & des Vernix Durs & Mols | Ensemble de la façon d’en Imprimer les Planches & d’en Construire la Presse, & autres choses concernans lesdits Arts | TRAICTE’ DES MANIERES DE GRAVER EN TAILLE DOVCE SVR L’AIRIN | False | False | False"
ustc-53,1646,Paris,FRENCH,missing/unknown,Arithmetic/Commerce | Instruments/Measurement,False,unknown_books,not_euclid_elements,True,False,True,True,True,True,False,"CONTENANT | augmenté | TRAICTE ARITHMETIQVE | les Regles necessaires tant pour les Finances, que pour la Marchandife, auec vne Methode facile & familiere | Dans lequel les Tables necessaires pour cette faci- lité auec leur vfage, font comprises | Ensemble un Abrege de l' Arithmetique aux Iettons, que l'on appelle grand Iet | Nouuellement augmenté d'vn traicté d'Arpentage | Arithmeticien | d'vn traicté d'Arpentage",Arithmeticien,
bib-219,1647,London,ENGLISH,missing/unknown,Arithmetic/Commerce,False,unknown_books,not_euclid_elements,True,False,False,False,False,True,False,"added | The fifth Edition with very large Additions | With a necessary addition concerning half yearly and quarterly payments | Whereunto is now added, Certain Tables, very necessary for the ready reducing of gold and silver into Standard | with very large Additions",,
bib-158,1649,London,ENGLISH,missing/unknown,Geometry/Theory | Cosmos/Earth,False,unknown_books,not_euclid_elements,True,False,False,True,False,True,False,"added | Calculated | compared | made | for the benefit of Sea-men | Practitioners in the Mathematicks | diverse Rules and Tables, of extraordinary use in NAVIGATION | in the English Tongue",for the benefit of Sea-men | Practitioners in the Mathematicks,"Urania practica: or, Practical astronomie: in VI parts, containing, I. An explanation of the vulgar notes used every year, with the order how to finde them for ever, in the Julian and Gregorian accompts, both arithmetically, and by new invented tables. II | added | calculated | compared | made | for the benefit of sea-men | practitioners in the mathematicks | diverse rules and tables, of extraordinary use in navigation | in the english tongue | added calculated compared made diverse rules and tables of extraordinary use in navigation in the english tongue | added calculated compared made diverse rules and tables of extraordinary use in navigation for the benefit of sea men in the english tongue practitioners in the mathematicks vincent wing will leybourn | diverse Rules and Tables, of extraordinary use in NAVIGATION | False | False | False"
bib-161,1649,Leiden,LATIN,missing/unknown,Geometry/Theory,False,unknown_books,not_euclid_elements,True,False,False,False,False,True,True,"edita | versa | illustrata | GEOMETRIA | Anno 1637 Gallicè edita; nunc autem | à SCHOOTEN, Leydensis, in Academiâ Lugduno-Batavâ, Mathefeos Professoris, Belgicè docentis | FLORIMONDI DE BEAVNE | cum Notis FLORIMONDI DE BEAVNE | commentariis illustrata | Gallicè | In linguam Latinam","Curiâ Blesensi Consiliarii Regii | Academiâ Lugduno-Batavâ | à SCHOOTEN, Leydensis, in Academiâ Lugduno-Batavâ, Mathefeos Professoris, Belgicè docentis | FLORIMONDI DE BEAVNE","edita | versa | illustrata | geometria | anno 1637 gallicè edita; nunc autem | à schooten, leydensis, in academiâ lugduno-batavâ, mathefeos professoris, belgicè docentis | florimondi de beavne | cum notis florimondi de beavne | commentariis illustrata | gallicè | in linguam latinam | edita versa illustrata anno 1637 gallice edita nunc autem cum notis florimondi de beavne commentariis illustrata gallice in linguam latinam florimondi de beavne | edita versa illustrata anno 1637 gallice edita nunc autem cum notis florimondi de beavne commentariis illustrata curia blesensi consiliarii regii academia lugduno batava florimondi de beavne gallice in linguam latinam a schooten leydensis in academia lugduno batava mathefeos professoris belgice docentis francisci | GEOMETRIA | cum Notis FLORIMONDI DE BEAVNE | commentariis illustrata | Anno 1637 Gallicè edita; nunc autem | False | False | False"
bib-191,1649,London,ENGLISH,missing/unknown,Arithmetic/Commerce,False,unknown_books,not_euclid_elements,True,False,False,True,True,True,False,"added | ARITHMETICK | The first of Vulgar Arithmetick with easie Rules to worke all the first four parts of Arithmetick, in whole Numbers and Fractions | The second of Decimall Arithmetick, whereby all Fractionall Operations are wrought in whole Number, in Mer- chants Accompts, without Reducti- ons, with the perfect working of Interests and Annuities | The First Edition | Surveyer, and   Practitioner in the Mathematicks | Tables of Interest exactly calculated at 10, 8, 7, and 6 per cent | The Reduction of Weights, Value of Leases and Annuities | The weight and value of English Gold | Rebate at 8 per cent","Surveyer, and   Practitioner in the Mathematicks","added | arithmetick | the first of vulgar arithmetick with easie rules to worke all the first four parts of arithmetick, in whole numbers and fractions | the second of decimall arithmetick, whereby all fractionall operations are wrought in whole number, in mer- chants accompts, without reducti- ons, with the perfect working of interests and annuities | the first edition | surveyer, and practitioner in the mathematicks | tables of interest exactly calculated at 10, 8, 7, and 6 per cent | the reduction of weights, value of leases and annuities | the weight and value of english gold | rebate at 8 per cent | added the first edition the first of vulgar arithmetick with easie rules to worke all the first four parts of arithmetick in whole numbers and fractions the second of decimall arithmetick whereby all fractionall operations are wrought in whole number in mer chants accompts without reducti ons with the perfect working of interests and annuities tables of interest exactly calculated at 10 8 7 and 6 per cent the reduction of weights value of leases and annuities the weight and value of english gold rebate at 8 per cent | added the first edition the first of vulgar arithmetick with easie rules to worke all the first four parts of arithmetick in whole numbers and fractions the second of decimall arithmetick whereby all fractionall operations are wrought in whole number in mer chants accompts without reducti ons with the perfect working of interests and annuities tables of interest exactly calculated at 10 8 7 and 6 per cent the reduction of weights value of leases and annuities the weight and value of english gold rebate at 8 per cent surveyer and practitioner in the mathematicks john johnson | The first of Vulgar Arithmetick with easie Rules to worke all the first four parts of Arithmetick, in whole Numbers and Fractions | The second of Decimall Arithmetick, whereby all Fractionall Operations are wrought in whole Number, in Mer- chants Accompts, without Reducti- ons, with the perfect working of Interests and Annuities | ARITHMETICK | Tables of Interest exactly calculated at 10, 8, 7, and 6 per cent | The Reduction of Weights, Value of Leases and Annuities | The weight and value of English Gold | Rebate at 8 per cent | The First Edition | False | False | False"
bib-133,1650,London,ENGLISH,missing/unknown,Geometry/Theory | Arithmetic/Commerce | Instruments/Measurement,False,unknown_books,not_euclid_elements,True,False,True,True,True,True,False,"A Worke very necessary for all Men, but principally for Surveyors of Land, Engineers, and all other Students in the Mathematicks | PRACTICAL GEOMETRY | In Two Parts:  The First, Shewing how to perform the four Species of ARITHMETICK, (viz. Addition, Substraction, Multiplication, and Division,) Together with Reduction, and the Rule of Proportion in FIGURES.  The Second, Containing A Hundred GEOMETRICALL QUESTIONS, With their Solutions and Demonstrations, some of them being performed Arithmetically, and others Geometri- cally, yet all without the help of Algebra.  A Worke very necessary for all Men, but principally for Surveyors of Land, Engineers, and all other Students in the Mathematicks | chief Engineer to his late MAJESTY","A Worke very necessary for all Men, but principally for Surveyors of Land, Engineers, and all other Students in the Mathematicks | chief Engineer to his late MAJESTY","Practical geometry, in two parts: the first, shewing how to perform the four species of arithmetick, (viz. addition, substraction [sic], multiplication, and division,) together with reduction, and the rule of proportion in figures. The second, containing | a worke very necessary for all men, but principally for surveyors of land, engineers, and all other students in the mathematicks | practical geometry | in two parts: the first, shewing how to perform the four species of arithmetick, (viz. addition, substraction, multiplication, and division,) together with reduction, and the rule of proportion in figures. the second, containing a hundred geometricall questions, with their solutions and demonstrations, some of them being performed arithmetically, and others geometri- cally, yet all without the help of algebra. a worke very necessary for all men, but principally for surveyors of land, engineers, and all other students in the mathematicks | chief engineer to his late majesty | in two parts the first shewing how to perform the four species of arithmetick viz addition substraction multiplication and division together with reduction and the rule of proportion in figures the second containing a hundred geometricall questions with their solutions and demonstrations some of them being performed arithmetically and others geometri cally yet all without the help of algebra a worke very necessary for all men but principally for surveyors of land engineers and all other students in the mathematicks | in two parts the first shewing how to perform the four species of arithmetick viz addition substraction multiplication and division together with reduction and the rule of proportion in figures the second containing a hundred geometricall questions with their solutions and demonstrations some of them being performed arithmetically and others geometri cally yet all without the help of algebra a worke very necessary for all men but principally for surveyors of land engineers and all other students in the mathematicks a worke very necessary for all men but principally for surveyors of land engineers and all other students in the mathematicks chief engineer to his late majesty captain thomas rudd | In Two Parts:  The First, Shewing how to perform the four Species of ARITHMETICK, (viz. Addition, Substraction, Multiplication, and Division,) Together with Reduction, and the Rule of Proportion in FIGURES.  The Second, Containing A Hundred GEOMETRICALL QUESTIONS, With their Solutions and Demonstrations, some of them being performed Arithmetically, and others Geometri- cally, yet all without the help of Algebra.  A Worke very necessary for all Men, but principally for Surveyors of Land, Engineers, and all other Students in the Mathematicks | PRACTICAL GEOMETRY | False | False | False"
bib-236,1654,London,ENGLISH,missing/unknown,Geometry/Theory,False,unknown_books,not_euclid_elements,True,False,False,True,True,True,False,"Institutio Mathematica | Shewing the Construction and use of the Naturall and Artificiall Sines, Tangents, and Secants, in Decimal Numbers, and also of the Table of Logarithms | In the general solution of any Triangle, whether Plain or Spherical | WITH Their more particular application in  ASTRONOMIE, DIALLING, and NAVIGATION | WITH Their more particular application in  ASTRONOMIE, DIALLING, and NAVIGATION",,"institutio mathematica | shewing the construction and use of the naturall and artificiall sines, tangents, and secants, in decimal numbers, and also of the table of logarithms | in the general solution of any triangle, whether plain or spherical | with their more particular application in astronomie, dialling, and navigation | with their more particular application in astronomie, dialling, and navigation | shewing the construction and use of the naturall and artificiall sines tangents and secants in decimal numbers and also of the table of logarithms in the general solution of any triangle whether plain or spherical with their more particular application in astronomie dialling and navigation with their more particular application in astronomie dialling and navigation | shewing the construction and use of the naturall and artificiall sines tangents and secants in decimal numbers and also of the table of logarithms in the general solution of any triangle whether plain or spherical with their more particular application in astronomie dialling and navigation with their more particular application in astronomie dialling and navigation john newton | Shewing the Construction and use of the Naturall and Artificiall Sines, Tangents, and Secants, in Decimal Numbers, and also of the Table of Logarithms | In the general solution of any Triangle, whether Plain or Spherical | WITH Their more particular application in  ASTRONOMIE, DIALLING, and NAVIGATION | Institutio Mathematica | WITH Their more particular application in  ASTRONOMIE, DIALLING, and NAVIGATION | False | False | False"
MorisS-3-3,1656,Dijon,LATIN,missing/unknown,Cosmos/Earth,False,unknown_books,not_euclid_elements,True,False,True,False,True,True,False,"Adiectus est | TABULAE LODOICAE SEV | Universa Eclipsium doctrina tabulis, praeceptis ac demonstrationibus explicata | Compendiensi, Societatis IESV | Calculus | aliquot Eclipsium Solis & Lunae","Societatis IESV | Compendiensi, Societatis IESV","adiectus est | tabulae lodoicae sev | universa eclipsium doctrina tabulis, praeceptis ac demonstrationibus explicata | compendiensi, societatis iesv | calculus | aliquot eclipsium solis & lunae | adiectus est universa eclipsium doctrina tabulis praeceptis ac demonstrationibus explicata calculus aliquot eclipsium solis lunae | adiectus est universa eclipsium doctrina tabulis praeceptis ac demonstrationibus explicata calculus aliquot eclipsium solis lunae societatis iesv compendiensi societatis iesv p iacobo de billy | Universa Eclipsium doctrina tabulis, praeceptis ac demonstrationibus explicata | TABULAE LODOICAE SEV | Calculus | aliquot Eclipsium Solis & Lunae | False | False | False"
MorisS-22-6,1657,Paris,FRENCH,missing/unknown,Geometry/Theory,False,unknown_books,not_euclid_elements,True,False,True,True,True,True,False,"Divisée | SVIVIS | contenant | DEDIE | TRIGONOMETRIE CANONIQVE | Divisée en trois Livres | de Villefranche en Beaujollois, Docteur en Medecine, & Professeur du Roy aux Mathematiques à Paris | les Tables des logarithmes | AVSQVELS LA THEORIE ET PRATIQVE des Triangles plans & spheriques | SVIVIS D’VN QVATRIEME LIVRE, contenant les Tables des logarithmes pour le calcul; à sçavoir leur construction, & leur usage tres-ample & facile | AVSQVELS LA THEORIE ET PRATIQVE | SVIVIS D’VN QVATRIEME LIVRE","des Mines de France | de Villefranche en Beaujollois, Docteur en Medecine, & Professeur du Roy aux Mathematiques à Paris | TRES-ILLVSTRE ET GENEREX SEIGNEVR Messire Martin Rvze, Marquis d’Effiat et de Longemeau, Conseiller du Roy en son Conseil d’Estat, Grand Maistre des Mines de France, & Gouverneur de la Province de Bourbonnois","divisée | svivis | contenant | dedie | trigonometrie canoniqve | divisée en trois livres | de villefranche en beaujollois, docteur en medecine, & professeur du roy aux mathematiques à paris | les tables des logarithmes | avsqvels la theorie et pratiqve des triangles plans & spheriques | svivis d’vn qvatrieme livre, contenant les tables des logarithmes pour le calcul; à sçavoir leur construction, & leur usage tres-ample & facile | avsqvels la theorie et pratiqve | svivis d’vn qvatrieme livre | divisee svivis contenant dedie divisee en trois livres les tables des logarithmes avsqvels la theorie et pratiqve des triangles plans spheriques svivis dvn qvatrieme livre contenant les tables des logarithmes pour le calcul a scavoir leur construction leur usage tres ample facile avsqvels la theorie et pratiqve svivis dvn qvatrieme livre | divisee svivis contenant dedie divisee en trois livres les tables des logarithmes avsqvels la theorie et pratiqve des triangles plans spheriques svivis dvn qvatrieme livre contenant les tables des logarithmes pour le calcul a scavoir leur construction leur usage tres ample facile avsqvels la theorie et pratiqve svivis dvn qvatrieme livre des mines de france de villefranche en beaujollois docteur en medecine professeur du roy aux mathematiques a paris iean baptiste morin | Divisée en trois Livres | TRIGONOMETRIE CANONIQVE | les Tables des logarithmes | AVSQVELS LA THEORIE ET PRATIQVE des Triangles plans & spheriques | SVIVIS D’VN QVATRIEME LIVRE, contenant les Tables des logarithmes pour le calcul; à sçavoir leur construction, & leur usage tres-ample & facile | False | False | False"
bib-226,1657,London,ENGLISH,missing/unknown,Arithmetic/Commerce | Cosmos/Earth,False,unknown_books,not_euclid_elements,True,False,False,False,False,True,False,,,"A help to calculation. Or Two tables: the one of decimal numbers, and the other of their logarithmes, for the ready converting of sexagenary tables into decimal, and the contrary. And for the finding of the part proportional in all sexagenary tables. As also tables of declination, right and oblique ascensions, ascensional difference, and other tables of the primum mobile, for the speedy and exact erecting of a figure: in all which the use of the former tables | j newton | False | False | False"
MorisS-3-6,1661,Dijon,LATIN,missing/unknown,Cosmos/Earth,False,unknown_books,not_euclid_elements,True,False,True,False,True,True,False,"OPVS ASTRONOMICVM | Siderum omnium hypotheses, eorum motus tum medij, tum veri, Tabularum condendarum ratio, eclipsium putandarum methodus, ob- servationum praxes, caeterorumque omnium quae ab astronomis pertractantur, scientificus calculus, brevi ac facili via exponuntur | Societatis IESV Compendiensi",Societatis IESV | Societatis IESV Compendiensi,
Paris_1661,1661,Paris,FRENCH,missing/unknown,Geometry/Theory | Instruments/Measurement | Applied Mechanics/Military,False,unknown_books,not_euclid_elements,True,False,False,True,False,False,False,CONTENANT EN CENT FIGVRES | Contenant de plus | TROISIÈME ÉDITION | le R. P | de la Compagnie de Iesvs | un Traité de l’usage du Globe terrestre | un autre de l’Optique Dioptrique & Catoptrique | Traité de l’usage du Globe terrestre | Optique Dioptrique & Catoptrique,Compagnie de Iesvs | le R. P | de la Compagnie de Iesvs | LA NOBLESSE,"Le cours de mathématique, contenant en cent figures une idée générale de toutes les parties de cette science | contenant en cent figvres | contenant de plus | troisième édition | le r. p | de la compagnie de iesvs | un traité de l’usage du globe terrestre | un autre de l’optique dioptrique & catoptrique | traité de l’usage du globe terrestre | optique dioptrique & catoptrique | contenant en cent figvres contenant de plus troisieme edition un traite de lusage du globe terrestre un autre de loptique dioptrique catoptrique traite de lusage du globe terrestre optique dioptrique catoptrique | contenant en cent figvres contenant de plus troisieme edition un traite de lusage du globe terrestre un autre de loptique dioptrique catoptrique traite de lusage du globe terrestre optique dioptrique catoptrique compagnie de iesvs le r p de la compagnie de iesvs bovrdin | TROISIÈME ÉDITION | un Traité de l’usage du Globe terrestre | un autre de l’Optique Dioptrique & Catoptrique | False | False | False"
bib-126,1667,Rome,ITALIAN,missing/unknown,Geometry/Theory,False,unknown_books,euclid_geometry_theory_primary,True,False,False,False,False,False,True,"Cauata | espositione | Ridotta | à Misuratori, ad Architetti, à Geografi, à Cosmografi, à Bombardieri, à Ingegneri, à Soldati, & à Capitani d’Eserciti | gl’elementi d’Euclide | Matematico | gl’elementi d’Euclide | cinquanta Tavole, scolpite in Rame | Euclide","à Misuratori, ad Architetti, à Geografi, à Cosmografi, à Bombardieri, à Ingegneri, à Soldati, & à Capitani d’Eserciti | Matematico | ALL’EMINENTISS. E REVERENDISS. SIG IL SIG CARDINALE IACOMO NINI",
bib-135,1667,Nuremberg,GERMAN,missing/unknown,Geometry/Theory | Instruments/Measurement,False,unknown_books,not_euclid_elements,True,False,True,True,True,True,False,"gegeben | vermehrt | Allen Professionen, und insonderheit der Geometriæ Liebhabern | GEOMETRIÆ PRACTICÆ NOVÆ ET AUCTÆ LIBRI IV | Im I. Aus rechtem Fundament gewiesen wird; wie man in der Geometria, auf dem Papyr und Lande, mit denen dazu gehörigen Instrumenten, ja zur Noth ohne die- selben, verfahren und practicien solle | Im II. Wie ohne einig künstlich Geometrisch Instrument, allein mit der Meßruthe und etlichen Stäben, das Land zu messen | Im III. Die Beschreibung deß nützlichen Geometrischen Tisch- leins M. Johannis Pratorii | Im IV. Die Erfindung Camillæ Ravertræ, aus einem Stand das Land zu messen | Architect, & Ingenieur | M. Johannis Pratorii | Camillæ Ravertræ | mit vielen nütz- lichen Additionen und neuen Figuren","Allen Professionen, und insonderheit der Geometriæ Liebhabern | Architect, & Ingenieur | M. Johannis Pratorii | Camillæ Ravertræ","gegeben | vermehrt | allen professionen, und insonderheit der geometriæ liebhabern | geometriæ practicæ novæ et auctæ libri iv | im i. aus rechtem fundament gewiesen wird; wie man in der geometria, auf dem papyr und lande, mit denen dazu gehörigen instrumenten, ja zur noth ohne die- selben, verfahren und practicien solle | im ii. wie ohne einig künstlich geometrisch instrument, allein mit der meßruthe und etlichen stäben, das land zu messen | im iii. die beschreibung deß nützlichen geometrischen tisch- leins m. johannis pratorii | im iv. die erfindung camillæ ravertræ, aus einem stand das land zu messen | architect, & ingenieur | m. johannis pratorii | camillæ ravertræ | mit vielen nütz- lichen additionen und neuen figuren | gegeben vermehrt im i aus rechtem fundament gewiesen wird wie man in der geometria auf dem papyr und lande mit denen dazu gehorigen instrumenten ja zur noth ohne die selben verfahren und practicien solle im ii wie ohne einig kunstlich geometrisch instrument allein mit der meruthe und etlichen staben das land zu messen im iii die beschreibung de nutzlichen geometrischen tisch leins m johannis pratorii im iv die erfindung camill ravertr aus einem stand das land zu messen mit vielen nutz lichen additionen und neuen figuren m johannis pratorii camill ravertr | gegeben vermehrt im i aus rechtem fundament gewiesen wird wie man in der geometria auf dem papyr und lande mit denen dazu gehorigen instrumenten ja zur noth ohne die selben verfahren und practicien solle im ii wie ohne einig kunstlich geometrisch instrument allein mit der meruthe und etlichen staben das land zu messen im iii die beschreibung de nutzlichen geometrischen tisch leins m johannis pratorii im iv die erfindung camill ravertr aus einem stand das land zu messen mit vielen nutz lichen additionen und neuen figuren allen professionen und insonderheit der geometri liebhabern m johannis pratorii camill ravertr architect ingenieur georgium andream bocklern | Im I. Aus rechtem Fundament gewiesen wird; wie man in der Geometria, auf dem Papyr und Lande, mit denen dazu gehörigen Instrumenten, ja zur Noth ohne die- selben, verfahren und practicien solle | Im II. Wie ohne einig künstlich Geometrisch Instrument, allein mit der Meßruthe und etlichen Stäben, das Land zu messen | Im III. Die Beschreibung deß nützlichen Geometrischen Tisch- leins M. Johannis Pratorii | Im IV. Die Erfindung Camillæ Ravertræ, aus einem Stand das Land zu messen | GEOMETRIÆ PRACTICÆ NOVÆ ET AUCTÆ LIBRI IV | mit vielen nütz- lichen Additionen und neuen Figuren | False | False | False"
Turin_1671,1671,Turin,LATIN,missing/unknown,Geometry/Theory,False,unknown_books,euclid_procedural_pedagogical,True,True,True,False,False,True,True,"ADAVCTVS | EVCLIDES ADAVCTVS ET METHODICVS MATHEMATICAE UNIVERSALIS | Quae ne dum propositionum dependentiam, sed & rerum ordinem observat. Et complectitur ea omnia, quae de quantitate tum discreta, tum continua abstracta speculari queunt. Rescissis superfluis demonstrationibus, & requisitis omnibus profusè coadunatis | ADAVCTVS ET METHODICVS | MVTINENSI C. R. THÉATINO | Philosofo, Theologo & eiusdem R. C. Mathematico | EVCLIDES | Singuli quoque Tractatus novis propositionibus aucti sunt | aliqui etiam ex integro adornati | Omnesque tum figuris, tum verbis clare, dulciloquèque propositi | EVCLIDES","MVTINENSI C. R. THÉATINO | Philosofo, Theologo & eiusdem R. C. Mathematico | CAROLO EMANVELI II. SABAVDIAE DVCI PEDEMONTIVM PRINCIPI REGI CYPRI, &c","adavctvs | evclides adavctvs et methodicvs mathematicae universalis | quae ne dum propositionum dependentiam, sed & rerum ordinem observat. et complectitur ea omnia, quae de quantitate tum discreta, tum continua abstracta speculari queunt. rescissis superfluis demonstrationibus, & requisitis omnibus profusè coadunatis | adavctvs et methodicvs | mvtinensi c. r. théatino | philosofo, theologo & eiusdem r. c. mathematico | evclides | singuli quoque tractatus novis propositionibus aucti sunt | aliqui etiam ex integro adornati | omnesque tum figuris, tum verbis clare, dulciloquèque propositi | evclides | adavctvs adavctvs et methodicvs quae ne dum propositionum dependentiam sed rerum ordinem observat et complectitur ea omnia quae de quantitate tum discreta tum continua abstracta speculari queunt rescissis superfluis demonstrationibus requisitis omnibus profuse coadunatis singuli quoque tractatus novis propositionibus aucti sunt aliqui etiam ex integro adornati omnesque tum figuris tum verbis clare dulciloqueque propositi evclides evclides | adavctvs adavctvs et methodicvs quae ne dum propositionum dependentiam sed rerum ordinem observat et complectitur ea omnia quae de quantitate tum discreta tum continua abstracta speculari queunt rescissis superfluis demonstrationibus requisitis omnibus profuse coadunatis singuli quoque tractatus novis propositionibus aucti sunt aliqui etiam ex integro adornati omnesque tum figuris tum verbis clare dulciloqueque propositi evclides evclides mvtinensi c r theatino philosofo theologo eiusdem r c mathematico d gvarino gvarino | Quae ne dum propositionum dependentiam, sed & rerum ordinem observat. Et complectitur ea omnia, quae de quantitate tum discreta, tum continua abstracta speculari queunt. Rescissis superfluis demonstrationibus, & requisitis omnibus profusè coadunatis | EVCLIDES ADAVCTVS ET METHODICVS MATHEMATICAE UNIVERSALIS | Singuli quoque Tractatus novis propositionibus aucti sunt | aliqui etiam ex integro adornati | Omnesque tum figuris, tum verbis clare, dulciloquèque propositi | ADAVCTVS ET METHODICVS | False | False | False"
bib-84,1673,Cremona,ITALIAN,missing/unknown,Geometry/Theory | Visual/Spatial Arts,False,unknown_books,not_euclid_elements,True,False,False,False,False,False,False,"Ristampate | accre- scìute | à patroni delle fa- briche | agl’Illustriss. Signori DECVRIONI DELLA CITTÀ DI CREMONA | LE DVE PRIME PARTI DELLA GEOMETRIA FAMIGLIARE D’ALESSANDRO CAPRA ARCHITETTO CREMONESE | Ristampate dall’istesso Autore | accre- scìute nella prima parte di molti auer- timenti necessarij | Con l’aggiunta dell’usiaggi de’ sienì sopra delle Cassine, e la regola da misurarli, con la tavola delle cose più notabili",à patroni delle fa- briche | agl’Illustriss. Signori DECVRIONI DELLA CITTÀ DI CREMONA | DECVRIONI,"ristampate | accre- scìute | à patroni delle fa- briche | agl’illustriss. signori decvrioni della città di cremona | le dve prime parti della geometria famigliare d’alessandro capra architetto cremonese | ristampate dall’istesso autore | accre- scìute nella prima parte di molti auer- timenti necessarij | con l’aggiunta dell’usiaggi de’ sienì sopra delle cassine, e la regola da misurarli, con la tavola delle cose più notabili | ristampate accre sciute ristampate dallistesso autore accre sciute nella prima parte di molti auer timenti necessarij con laggiunta dellusiaggi de sieni sopra delle cassine e la regola da misurarli con la tavola delle cose piu notabili | ristampate accre sciute ristampate dallistesso autore accre sciute nella prima parte di molti auer timenti necessarij con laggiunta dellusiaggi de sieni sopra delle cassine e la regola da misurarli con la tavola delle cose piu notabili a patroni delle fa briche aglillustriss signori decvrioni della citta di cremona | LE DVE PRIME PARTI DELLA GEOMETRIA FAMIGLIARE D’ALESSANDRO CAPRA ARCHITETTO CREMONESE | Con l’aggiunta dell’usiaggi de’ sienì sopra delle Cassine, e la regola da misurarli, con la tavola delle cose più notabili | Ristampate dall’istesso Autore | accre- scìute nella prima parte di molti auer- timenti necessarij | False | False | False"
bib-256,1677,London,ENGLISH,missing/unknown,Geometry/Theory,False,unknown_books,not_euclid_elements,True,False,False,True,True,True,False,Explained and Applied | Mathematical Manual | CONTAINING TABLES OF LOGARITHMES | The manifold Use thereof briefly,,
bib-54,1677,Paris,FRENCH,missing/unknown,Visual/Spatial Arts | Applied Mechanics/Military,False,unknown_books,not_euclid_elements,True,False,False,False,False,True,False,enrichy | R. P | de la Compagnie de Jesus | Figures en taille douce,Compagnie de Jesus | R. P | de la Compagnie de Jesus,enrichy | r. p | de la compagnie de jesus | figures en taille douce | enrichy figures en taille douce | enrichy figures en taille douce compagnie de jesus r p de la compagnie de jesus claude francois milliet dechales | Figures en taille douce | False | False | False
bib-88,1682,Brescia,ITALIAN,missing/unknown,Geometry/Theory | Instruments/Measurement,False,unknown_books,not_euclid_elements,True,False,False,True,False,False,False,"nuova aggiunta | gli Agrimensori | una nuova aggiunta di molte Figure, & dichiarationi molto utili",gli Agrimensori,"nuova aggiunta | gli agrimensori | una nuova aggiunta di molte figure, & dichiarationi molto utili | nuova aggiunta una nuova aggiunta di molte figure dichiarationi molto utili | nuova aggiunta una nuova aggiunta di molte figure dichiarationi molto utili gli agrimensori m giroliamo cataneo novarese | una nuova aggiunta di molte Figure, & dichiarationi molto utili | False | False | False"
bib-273,1685,Amsterdam,FRENCH,missing/unknown,Visual/Spatial Arts | Applied Mechanics/Military,False,unknown_books,not_euclid_elements,True,False,False,True,False,True,False,"enrichi de plus de quatre cens Planches gravées en Taille-douce | Dernière Edition | Maistre de Mathématiques des Pages de la petite Ecurie de Sa Majesté, cy-devant Ingenieur & Sergent Major d’Artillerie en Portugal | plus de quatre cens Planches gravées en Taille-douce","la petite Ecurie de Sa Majesté | Maistre de Mathématiques des Pages de la petite Ecurie de Sa Majesté, cy-devant Ingenieur & Sergent Major d’Artillerie en Portugal | AU ROY","enrichi de plus de quatre cens planches gravées en taille-douce | dernière edition | maistre de mathématiques des pages de la petite ecurie de sa majesté, cy-devant ingenieur & sergent major d’artillerie en portugal | plus de quatre cens planches gravées en taille-douce | enrichi de plus de quatre cens planches gravees en taille douce derniere edition plus de quatre cens planches gravees en taille douce | enrichi de plus de quatre cens planches gravees en taille douce derniere edition plus de quatre cens planches gravees en taille douce la petite ecurie de sa majeste maistre de mathematiques des pages de la petite ecurie de sa majeste cy devant ingenieur sergent major dartillerie en portugal allain manesson mallet | plus de quatre cens Planches gravées en Taille-douce | Dernière Edition | False | False | False"
bib-284,1687,London,ENGLISH,missing/unknown,Arithmetic/Commerce,False,unknown_books,not_euclid_elements,True,False,False,True,True,True,False,"Added | intermixed | Corrected | Contracted | made | Arithmetick | The perfect Work and Practice of ARITHMETICK both in Whole Numbers & Fractions | Newly Corrected and Contracted, and made more plain and easie | Many RULES and TABLES of Interest, Rebate, and Purchases, &c | The Art of DECIMAL FRACTIONS, intermixed with Common Fractions | Many RULES and TABLES of Interest, Rebate, and Purchases, &c | The Art of DECIMAL FRACTIONS | RULES and TABLES of Interest, Rebate, and Purchases | The Art of DECIMAL FRACTIONS",,
bib-143,1690,Rome,LATIN,missing/unknown,No primary family,False,unknown_books,elements_language_no_euclid,True,False,False,False,True,True,False,"additis | Rerum omnium ad universam planè Mathesim quocunque modo, directè, vel indirectè spectantium | Tyronum | Continens Terminum, praesertim exoticorum, dilucidationem, Nominis rationem, atque Etymologiam, Principia, Praecepta communia, Axiomata, &c. ac brevem, & exactam Doctrinae traditionem | additis, ubi opus est, schematibus","Rerum omnium ad universam planè Mathesim quocunque modo, directè, vel indirectè spectantium | Tyronum","additis | rerum omnium ad universam planè mathesim quocunque modo, directè, vel indirectè spectantium | tyronum | continens terminum, praesertim exoticorum, dilucidationem, nominis rationem, atque etymologiam, principia, praecepta communia, axiomata, &c. ac brevem, & exactam doctrinae traditionem | additis, ubi opus est, schematibus | additis continens terminum praesertim exoticorum dilucidationem nominis rationem atque etymologiam principia praecepta communia axiomata c ac brevem exactam doctrinae traditionem additis ubi opus est schematibus | additis continens terminum praesertim exoticorum dilucidationem nominis rationem atque etymologiam principia praecepta communia axiomata c ac brevem exactam doctrinae traditionem additis ubi opus est schematibus rerum omnium ad universam plane mathesim quocunque modo directe vel indirecte spectantium tyronum hieronymo vitali | Continens Terminum, praesertim exoticorum, dilucidationem, Nominis rationem, atque Etymologiam, Principia, Praecepta communia, Axiomata, &c. ac brevem, & exactam Doctrinae traditionem | additis, ubi opus est, schematibus | False | False | False"
bib-125,1691,Rome,ITALIAN,missing/unknown,Geometry/Theory,False,unknown_books,euclid_geometry_theory_primary,True,False,False,False,False,False,True,Cauata da | Ridotta | à Misuratori | ad Architetti | à Geografi | à Cosmografi | à Bombardieri | à Ingegneri | à Soldati | à Capitani d’Eserciti | gl’elementi d’Euclide | Ridotta in cinquanta Tavole | Matematico | gl’elementi d’Euclide | l’espositione | cinquanta Tavole | Euclide,à Misuratori | ad Architetti | à Geografi | à Cosmografi | à Bombardieri | à Ingegneri | à Soldati | à Capitani d’Eserciti | Matematico | IL SIG CARDINALE IACOMO NINI,
bib-137,1693,Altdorf,LATIN,missing/unknown,Geometry/Theory | Arithmetic/Commerce | Visual/Spatial Arts | Instruments/Measurement | Applied Mechanics/Military,False,unknown_books,not_euclid_elements,True,False,False,False,False,True,False,"auctior | emendatiorq | edita | adornata | comprehenſa | illustrata | In tyronum usum pro Collegiis privatis | nunc altera vice, auctior emendatiorq edita | Philos. Natur. & Mathem. P. P | comprehenſa & Figuris aëri incisis illustrata | adornata",In tyronum usum pro Collegiis privatis | Philos. Natur. & Mathem. P. P,
bib-279,1696,London,ENGLISH,missing/unknown,Arithmetic/Commerce,False,unknown_books,elements_language_no_euclid,True,False,False,False,True,True,False,"Surveighed and Reviewed | ARITHMETICK | Wherein the Nature of Numbers absolutely abstract, generally and specially contract, with their Simple and Comparative Elements, are plainly declared, and fully handled | Surveighed and Reviewed | Senior | together with divers Etymologies, Symboles, Characters, and Abbreviations for Artificial Termes, Words, Names, and Denominations | Illustrated by sundry Tables, Diagrams, and very many Examples",Senior,"Logistikēlogia, or Arithmetick surveighed and reviewed: in four books. Viz. 1 book 1 part intergers. 2 part fractions. 2 book 1 part geodæticals. 2. part figurals 3 book 1 part decimals. 2 part astronomicals. 3 part logarithmes. 4 part coffics. 5 part surds. 6 part species. 4 book 1 part ratios. 2 part proportions disjunct. 3 part proportions continued. 4 part Æquations. Wherein the nature of numbers absolutely abstract, generally and specially contract, | surveighed and reviewed | arithmetick | wherein the nature of numbers absolutely abstract, generally and specially contract, with their simple and comparative elements, are plainly declared, and fully handled | surveighed and reviewed | senior | together with divers etymologies, symboles, characters, and abbreviations for artificial termes, words, names, and denominations | illustrated by sundry tables, diagrams, and very many examples | surveighed and reviewed surveighed and reviewed wherein the nature of numbers absolutely abstract generally and specially contract with their simple and comparative elements are plainly declared and fully handled together with divers etymologies symboles characters and abbreviations for artificial termes words names and denominations illustrated by sundry tables diagrams and very many examples | surveighed and reviewed surveighed and reviewed wherein the nature of numbers absolutely abstract generally and specially contract with their simple and comparative elements are plainly declared and fully handled together with divers etymologies symboles characters and abbreviations for artificial termes words names and denominations illustrated by sundry tables diagrams and very many examples senior samuel jeake | Wherein the Nature of Numbers absolutely abstract, generally and specially contract, with their Simple and Comparative Elements, are plainly declared, and fully handled | ARITHMETICK | together with divers Etymologies, Symboles, Characters, and Abbreviations for Artificial Termes, Words, Names, and Denominations | Illustrated by sundry Tables, Diagrams, and very many Examples | Surveighed and Reviewed | False | False | False"
bib-99,1697,Nuremberg,GERMAN,missing/unknown,Geometry/Theory | Visual/Spatial Arts | Instruments/Measurement | Applied Mechanics/Military,False,unknown_books,not_euclid_elements,True,False,True,True,False,False,False,"aufgesetzt | zusammen getragen | jedermanns | Majorn | mit gehörigen Figuren | GEOMETRIÆ THEORETICÆ, der Erdmeß‑Kunst | ARCHITECTURÆ CIVILIS, der Bürgerli- chen Bau=Kunst | ARCHITECTURÆ MILITARIS, der Forti- fication oder Kriegs=Bau=Kunst | ARTIS TORMENTARIÆ, der Artillerie oder Büchsen=Meisteren | PYROTECHNIÆ DAMNOSÆ, des Ernst= Feuer=Wercks | PYROTECHNIÆ JUCUNDÆ, des Lust= Feuer=Wercks | GEOMETRIÆ THEORETICÆ | ARCHITECTURÆ CIVILIS | ARCHITECTURÆ MILITARIS | ARTIS TORMENTARIÆ | PYROTECHNIÆ DAMNOSÆ | PYROTECHNIÆ JUCUNDÆ",jedermanns | Majorn,"aufgesetzt | zusammen getragen | jedermanns | majorn | mit gehörigen figuren | geometriæ theoreticæ, der erdmeß‑kunst | architecturæ civilis, der bürgerli- chen bau=kunst | architecturæ militaris, der forti- fication oder kriegs=bau=kunst | artis tormentariæ, der artillerie oder büchsen=meisteren | pyrotechniæ damnosæ, des ernst= feuer=wercks | pyrotechniæ jucundæ, des lust= feuer=wercks | geometriæ theoreticæ | architecturæ civilis | architecturæ militaris | artis tormentariæ | pyrotechniæ damnosæ | pyrotechniæ jucundæ | aufgesetzt zusammen getragen mit gehorigen figuren geometri theoretic der erdmekunst architectur civilis der burgerli chen bau kunst architectur militaris der forti fication oder kriegs bau kunst artis tormentari der artillerie oder buchsen meisteren pyrotechni damnos des ernst feuer wercks pyrotechni jucund des lust feuer wercks geometri theoretic architectur civilis architectur militaris artis tormentari pyrotechni damnos pyrotechni jucund | aufgesetzt zusammen getragen mit gehorigen figuren geometri theoretic der erdmekunst architectur civilis der burgerli chen bau kunst architectur militaris der forti fication oder kriegs bau kunst artis tormentari der artillerie oder buchsen meisteren pyrotechni damnos des ernst feuer wercks pyrotechni jucund des lust feuer wercks geometri theoretic architectur civilis architectur militaris artis tormentari pyrotechni damnos pyrotechni jucund jedermanns majorn joh sebastian grubern | mit gehörigen Figuren | GEOMETRIÆ THEORETICÆ, der Erdmeß‑Kunst | ARCHITECTURÆ CIVILIS, der Bürgerli- chen Bau=Kunst | ARCHITECTURÆ MILITARIS, der Forti- fication oder Kriegs=Bau=Kunst | ARTIS TORMENTARIÆ, der Artillerie oder Büchsen=Meisteren | PYROTECHNIÆ DAMNOSÆ, des Ernst= Feuer=Wercks | PYROTECHNIÆ JUCUNDÆ, des Lust= Feuer=Wercks | False | False | False"
bib-194,1700,London,ENGLISH,missing/unknown,Geometry/Theory | Instruments/Measurement | Cosmos/Earth,False,unknown_books,not_euclid_elements,True,False,False,True,False,True,False,"annexed | Of divers Kinds,  Calculated for several Elevations of the Pole (or Latitudes) very useful, and really subservient to the ART OF DIALLING | TABLE of Natural Sines, TANGENTS, and SECANTS, (hereunto annexed | SCALE (or Sector rather) having Equal Parts upon it | other FURNITURE",,
bib-195,1700,London,ENGLISH,missing/unknown,Geometry/Theory | Instruments/Measurement,False,unknown_books,not_euclid_elements,True,False,True,False,False,True,False,"Corrected | added | Collected | Methodized | Published | Performed | The Second Edition Corrected, and two New Tractates added | two New Tractates added | Illustrated with SCULPTURES, Engraven in COPPER",,
bib-190,1701,London,ENGLISH,missing/unknown,Arithmetic/Commerce,False,unknown_books,elements_language_no_euclid,True,False,False,True,True,True,True,"added | Explain’d | Declared | Handled | Illustrated | digested | delivered | Merchants, and all that would understand ACCOUNTS, or the Mathematical  and Mechanical ARTS and SCIENCES | Body of Arithmetick | WHEREIN THE  Whole Nature of NUMBERS, with their Simple and Comparative  Elements in all the Parts of ARITHMETICK, are plainly Declared,  and fully Handled | Merchant | Excellent RULES of PRACTICE | Many Large and Exact TABLES of all Sorts of Coins, Weights,  Measures, &c. Ancient and Modern, in most Countries, reduced to our own | divers Etymologies, Symbols, Characters,  and Abbreviations for Artificial Terms, Words, Names,  and Denominations | Illustrated by sundry Tables, Diagrams, and very  many Examples","Merchants, and all that would understand ACCOUNTS, or the Mathematical  and Mechanical ARTS and SCIENCES | Merchant","added | explain’d | declared | handled | illustrated | digested | delivered | merchants, and all that would understand accounts, or the mathematical and mechanical arts and sciences | body of arithmetick | wherein the whole nature of numbers, with their simple and comparative elements in all the parts of arithmetick, are plainly declared, and fully handled | merchant | excellent rules of practice | many large and exact tables of all sorts of coins, weights, measures, &c. ancient and modern, in most countries, reduced to our own | divers etymologies, symbols, characters, and abbreviations for artificial terms, words, names, and denominations | illustrated by sundry tables, diagrams, and very many examples | added explaind declared handled illustrated digested delivered wherein the whole nature of numbers with their simple and comparative elements in all the parts of arithmetick are plainly declared and fully handled excellent rules of practice many large and exact tables of all sorts of coins weights measures c ancient and modern in most countries reduced to our own divers etymologies symbols characters and abbreviations for artificial terms words names and denominations illustrated by sundry tables diagrams and very many examples | added explaind declared handled illustrated digested delivered wherein the whole nature of numbers with their simple and comparative elements in all the parts of arithmetick are plainly declared and fully handled excellent rules of practice many large and exact tables of all sorts of coins weights measures c ancient and modern in most countries reduced to our own divers etymologies symbols characters and abbreviations for artificial terms words names and denominations illustrated by sundry tables diagrams and very many examples merchants and all that would understand accounts or the mathematical and mechanical arts and sciences merchant samuel jeake | WHEREIN THE  Whole Nature of NUMBERS, with their Simple and Comparative  Elements in all the Parts of ARITHMETICK, are plainly Declared,  and fully Handled | Body of Arithmetick | Excellent RULES of PRACTICE | Many Large and Exact TABLES of all Sorts of Coins, Weights,  Measures, &c. Ancient and Modern, in most Countries, reduced to our own | divers Etymologies, Symbols, Characters,  and Abbreviations for Artificial Terms, Words, Names,  and Denominations | Illustrated by sundry Tables, Diagrams, and very  many Examples | False | False | False"
bib-235,1702,London,ENGLISH,missing/unknown,Geometry/Theory | Instruments/Measurement | Cosmos/Earth,False,unknown_books,elements_language_no_euclid,True,False,True,True,True,True,False,"The Elements of Plain Trigonometry | and it’s Application to Plain, Mercator’s and Middle-Latitude Sailing | The Elements of Plain Trigonometry | New Tables of the Sun’s Declination | the most Useful and Necessary Problems in Astronomy | The Method of finding the Variation of the Compass, Working an Observation, the Reason and Use of the Log-Line, Allowances for Lee-way: With New Tables of the Sun’s Declination, &c | Problems in Astronomy | The Method of finding the Variation of the Compass",,"the elements of plain trigonometry | and it’s application to plain, mercator’s and middle-latitude sailing | the elements of plain trigonometry | new tables of the sun’s declination | the most useful and necessary problems in astronomy | the method of finding the variation of the compass, working an observation, the reason and use of the log-line, allowances for lee-way: with new tables of the sun’s declination, &c | problems in astronomy | the method of finding the variation of the compass | and its application to plain mercators and middle latitude sailing new tables of the suns declination the most useful and necessary problems in astronomy the method of finding the variation of the compass working an observation the reason and use of the log line allowances for lee way with new tables of the suns declination c problems in astronomy the method of finding the variation of the compass the elements of plain trigonometry | and its application to plain mercators and middle latitude sailing new tables of the suns declination the most useful and necessary problems in astronomy the method of finding the variation of the compass working an observation the reason and use of the log line allowances for lee way with new tables of the suns declination c problems in astronomy the method of finding the variation of the compass the elements of plain trigonometry william jones | and it’s Application to Plain, Mercator’s and Middle-Latitude Sailing | The Elements of Plain Trigonometry | New Tables of the Sun’s Declination | the most Useful and Necessary Problems in Astronomy | The Method of finding the Variation of the Compass, Working an Observation, the Reason and Use of the Log-Line, Allowances for Lee-way: With New Tables of the Sun’s Declination, &c | False | False | False"
bib-238,1716,Paris,FRENCH,missing/unknown,Instruments/Measurement,False,unknown_books,not_euclid_elements,True,False,False,True,False,True,False,"revue | corrigée | augmentée | TRAITÉ DE LA CONSTRUCTION ET DES PRINCIPAUX USAGES DES INSTRUMENS DE MATHÉMATIQUE | Seconde Édition, revue, corrigée & augmentée | Juge- nier du Roy pour les Instrumens de Mathématique, Quay de l’Horloge du Palais, où l’on trouve tous ces Instrumens dans leur perfection | Avec les Figures nécessaires pour l’intelligence de ce Traité","Juge- nier du Roy pour les Instrumens de Mathématique, Quay de l’Horloge du Palais, où l’on trouve tous ces Instrumens dans leur perfection | Son Altesse Royale, MONSEIGNEUR LE DUC D’ORLÉANS, Régent du Royaume","revue | corrigée | augmentée | traité de la construction et des principaux usages des instrumens de mathématique | seconde édition, revue, corrigée & augmentée | juge- nier du roy pour les instrumens de mathématique, quay de l’horloge du palais, où l’on trouve tous ces instrumens dans leur perfection | avec les figures nécessaires pour l’intelligence de ce traité | revue corrigee augmentee seconde edition revue corrigee augmentee avec les figures necessaires pour lintelligence de ce traite | revue corrigee augmentee seconde edition revue corrigee augmentee avec les figures necessaires pour lintelligence de ce traite juge nier du roy pour les instrumens de mathematique quay de lhorloge du palais ou lon trouve tous ces instrumens dans leur perfection le sr n bion | TRAITÉ DE LA CONSTRUCTION ET DES PRINCIPAUX USAGES DES INSTRUMENS DE MATHÉMATIQUE | Avec les Figures nécessaires pour l’intelligence de ce Traité | Seconde Édition, revue, corrigée & augmentée | False | False | False"
bib-192,1722,London,ENGLISH,missing/unknown,Instruments/Measurement,False,unknown_books,not_euclid_elements,True,False,False,True,True,True,False,"Altered | Amended | added | examin’d | Added | Compleat Surveyor | Or, the WHOLE ART of SURVEYING OF LAND, BY A New INSTRUMENT lately invented; As also by the Plain Table, Circumferentor, the Theodolite as now improv’d, or by the Chain only | The Whole Altered and Amended, and Two entire Books added by the AUTHOR long before his Death | THE FIFTH EDITION, in IX BOOKS | Two entire Books added | APPENDIX Added to the Whole, Consisting of Practical Observations in Land Surveying",,"altered | amended | added | examin’d | added | compleat surveyor | or, the whole art of surveying of land, by a new instrument lately invented; as also by the plain table, circumferentor, the theodolite as now improv’d, or by the chain only | the whole altered and amended, and two entire books added by the author long before his death | the fifth edition, in ix books | two entire books added | appendix added to the whole, consisting of practical observations in land surveying | altered amended added examind added the whole altered and amended and two entire books added by the author long before his death the fifth edition in ix books or the whole art of surveying of land by a new instrument lately invented as also by the plain table circumferentor the theodolite as now improvd or by the chain only two entire books added appendix added to the whole consisting of practical observations in land surveying | altered amended added examind added the whole altered and amended and two entire books added by the author long before his death the fifth edition in ix books or the whole art of surveying of land by a new instrument lately invented as also by the plain table circumferentor the theodolite as now improvd or by the chain only two entire books added appendix added to the whole consisting of practical observations in land surveying william leybourn samuel cunn | Or, the WHOLE ART of SURVEYING OF LAND, BY A New INSTRUMENT lately invented; As also by the Plain Table, Circumferentor, the Theodolite as now improv’d, or by the Chain only | Compleat Surveyor | Two entire Books added | APPENDIX Added to the Whole, Consisting of Practical Observations in Land Surveying | The Whole Altered and Amended, and Two entire Books added by the AUTHOR long before his Death | THE FIFTH EDITION, in IX BOOKS | False | False | False"
bib-196,1752,London,ENGLISH,missing/unknown,Arithmetic/Commerce,False,unknown_books,not_euclid_elements,True,False,False,True,False,True,False,"Containing | Adapted to the USE of | Cast up | Shewing | Added | Merchants, Grocers, Mercers, Brewers, Bankers, Weavers, Drapers, And Haberdashers. Goldsmiths,   And All who Deal by Wholesale, or Retail | Carpenters, Plaisterers, Bricklayers, Plummers, Joyners, And Painters; Glaziers,   And All other MECHANICKS | For all Purchasers of Houses or Lands | The Tenth Edition | A TABLE of Commission, or Brokage, for ½, ¾, 1, 1 ½, 2, 2 ½, and 3 per Cent","Merchants, Grocers, Mercers, Brewers, Bankers, Weavers, Drapers, And Haberdashers. Goldsmiths,   And All who Deal by Wholesale, or Retail | Carpenters, Plaisterers, Bricklayers, Plummers, Joyners, And Painters; Glaziers,   And All other MECHANICKS | For all Purchasers of Houses or Lands",
DDUZGF,1488,Augsburg,LATIN,quarto,Arithmetic/Commerce,False,unknown_books,not_euclid_elements,False,True,False,False,False,False,False,,,
bib-248,1491/1492,Florence,ITALIAN,missing/unknown,Arithmetic/Commerce,False,unknown_books,not_euclid_elements,False,True,False,False,False,False,False,,,
bib-14,1494,Venice,LATIN,missing/unknown,Geometry/Theory | Arithmetic/Commerce,False,unknown_books,not_euclid_elements,False,True,False,False,False,False,False,,,
1496,1496,,LATIN,missing/unknown,Arithmetic/Commerce | Music,False,unknown_books,not_euclid_elements,False,True,False,False,False,False,False,,,Arithmetica decem libris demonstrata | False | False | False
bib-155,1503,Freiburg,LATIN,missing/unknown,No primary family,False,unknown_books,not_euclid_elements,False,True,False,False,False,False,False,,,
bib-174,1503,Paris,LATIN,missing/unknown,Geometry/Theory | Arithmetic/Commerce | Cosmos/Earth,False,unknown_books,not_euclid_elements,False,True,False,False,False,False,False,,,"Epitome compendiosaque introductio in libros arithmeticos divi Severini Boetii, adjecto familiari commentario dilucidata. Praxis numerandi certis quibusdam regulis constricta. Introductio in geometriam sex libris distincta | False | False | False"
93PZQ5,1505,Toul,"LATIN, FRENCH",folio,Visual/Spatial Arts,False,unknown_books,not_euclid_elements,False,True,False,False,False,False,False,,,
XXI4KS,1509,Nuremberg,GERMAN,folio,Visual/Spatial Arts,False,unknown_books,not_euclid_elements,False,True,False,False,False,False,False,,,
bib-167,1511,Paris,LATIN,missing/unknown,Geometry/Theory,False,unknown_books,not_euclid_elements,False,True,False,False,False,False,False,continetur | Liber de intellectu | Liber de sensu | Liber de nichilo | Ars oppositorum | Liber de generatione | Liber de sapiente | Liber de duodecim numeris | Epistole complures | De Numeris Perfectis | De Mathematicis Rosis | De Geometricis Corporibus | De Geometricis Supplementis | Liber de intellectu | Liber de sensu | Liber de nichilo | Ars oppositorum | Liber de generatione | Liber de sapiente | Liber de duodecim numeris | Epistole complures | De Numeris Perfectis | De Mathematicis Rosis | De Geometricis Corporibus | De Geometricis Supplementis,,
bib-176,1514,Paris,LATIN,missing/unknown,No primary family,False,unknown_books,not_euclid_elements,False,True,False,False,False,False,False,RECENTER EMISSA EST | RECENTER EMISSA EST,OFFICINA ASCENSIA,
N000JX,1516,Alcala,LATIN,folio,Arithmetic/Commerce | Cosmos/Earth | Music,False,unknown_books,not_euclid_elements,False,True,False,False,False,False,False,recollegit | correxit | Cursus quattuor mathematica- rum artium liberalium | quas recollegit atque correxit | magister | theologus simul & philosophus,magister | theologus simul & philosophus,
bib-224,1520,Augsburg,GERMAN,missing/unknown,Arithmetic/Commerce,False,unknown_books,not_euclid_elements,False,True,False,False,False,False,False,"geordnet | Den angenden Schülern | den kindern | Rechenbüchlein mitt den Zyffern | Inhalent die siben species Algorithmi mit sampt der Regel de Tri, mit sechs reglen der zylich und der regel falsit mit vil andern güten frag | neu geordnet",Den angenden Schülern | den kindern,
bib-239,1521,Nuremberg,GERMAN,missing/unknown,Geometry/Theory | Arithmetic/Commerce,False,unknown_books,not_euclid_elements,False,True,False,False,False,False,False,Geschriben,hoch Schul zu Wien in Osterreich,
6PMNRZ,1526,Paris,LATIN,folio,Arithmetic/Commerce,False,unknown_books,not_euclid_elements,False,True,False,False,False,False,False,vindicata | te collatio huius æditionis cum priore palam doctura est | Thoma Rhæto,Thoma Rhæto,Arithmetica theoricen praxinque luculenter complexa | vindicata | te collatio huius æditionis cum priore palam doctura est | thoma rhæto | vindicata te collatio huius ditionis cum priore palam doctura est thoma rhto | vindicata te collatio huius ditionis cum priore palam doctura est thoma rhto ca ioannis martini silicei | te collatio huius æditionis cum priore palam doctura est | False | False | False
bib-278,1527,Augsburg,GERMAN,missing/unknown,Arithmetic/Commerce,False,unknown_books,not_euclid_elements,False,True,False,False,False,False,False,ge- macht,,
Strasbourg_1529,1529,Strasbourg,LATIN,missing/unknown,No primary family,False,unknown_books,euclid_no_primary_subject,False,True,False,False,False,False,False,"decerptum | omnium Mathematicæ studiosorum | Lectori | ELEMEN- TALE GEOMETRICVM, EX EVCLI- dis Geometria | Geometria | decerptum | Haylpronensi | ELEMEN- TALE GEOMETRICVM, EX EVCLI- dis Geometria | EVCLI",omnium Mathematicæ studiosorum | Lectori | Haylpronensi,
Paris_1532,1532,Paris,LATIN,missing/unknown,Geometry/Theory,False,unknown_books,not_euclid_elements,False,True,False,False,False,False,False,"feliciter emissum | PROTOMATHESIS | Opus varium, ac scitu non minus utile quàm iucundum | nunc primum in lucem feliciter emissum | LIBERALIUM DISCIPLINARUM PROFESSORIS REGII",LIBERALIUM DISCIPLINARUM PROFESSORIS REGII,
Nuremberg_1539,1539,Nuremberg,GERMAN,missing/unknown,Geometry/Theory,False,unknown_books,euclid_geometry_theory_primary,False,True,False,False,False,False,False,"Getruckt | allen liebhabern der selben | allen künstlichen werckleuten | Das erst buch der Geometria | Ein kurtze unterweisung, was vnd worauff Geometria gegründet sey, vnd wie man / nach anweisung der selben / mit dem Circkel vnd Richtscheydt / allerley Lini / Flech / vnd Cörper außztheylen / vnd in fürgegebener propozition / machen soll | Rechen-meyster zu Bamberg | Das erst buch der Geometria | Euclide",allen liebhabern der selben | allen künstlichen werckleuten | Rechen-meyster zu Bamberg,
bib-1,1542,Paris,FRENCH,missing/unknown,Geometry/Theory,False,unknown_books,not_euclid_elements,False,True,False,False,False,False,False,Composé | Liure singulier & vti- le | touchant l’art et pra- ctique de Geometrie | Composé nouuellement | maistre | Chanoyne de Noyon | en Francoys,maistre | Chanoyne de Noyon,
ZN24V0,1543,Nuremberg,GERMAN,quarto,Geometry/Theory | Visual/Spatial Arts,False,unknown_books,not_euclid_elements,False,True,False,False,False,False,False,BRING | GEOMETRIA,RO. KO. MA,
bib-9,1544,Strasbourg,LATIN,missing/unknown,Geometry/Theory,False,unknown_books,euclid_procedural_pedagogical,False,True,False,False,False,False,False,"emissus | LIBER DE GEOMETRIA PRACTICA | SIVE DE practicis longitudinum, planorum & so- lidorum: hoc est, linearum, superficio- rum, & corporum mensonibus; aliisqꝫ mechanicis, ex demonstratis EVCLIDIS elementis corollarius | NUNC PRIMVM APVD GERMA- nos in lucem emissus | LUTETIAE LIBERALIVM disciplinarum Professoris regij | EVCLIDIS elementis | ex demonstratis EVCLIDIS elementis corollarius | EVCLIDIS",LUTETIAE LIBERALIVM disciplinarum Professoris regij,"emissus | liber de geometria practica | sive de practicis longitudinum, planorum & so- lidorum: hoc est, linearum, superficio- rum, & corporum mensonibus; aliisqꝫ mechanicis, ex demonstratis evclidis elementis corollarius | nunc primvm apvd germa- nos in lucem emissus | lutetiae liberalivm disciplinarum professoris regij | evclidis elementis | ex demonstratis evclidis elementis corollarius | evclidis | emissus nunc primvm apvd germa nos in lucem emissus sive de practicis longitudinum planorum so lidorum hoc est linearum superficio rum corporum mensonibus aliisq mechanicis ex demonstratis evclidis elementis corollarius ex demonstratis evclidis elementis corollarius evclidis elementis evclidis | emissus nunc primvm apvd germa nos in lucem emissus sive de practicis longitudinum planorum so lidorum hoc est linearum superficio rum corporum mensonibus aliisq mechanicis ex demonstratis evclidis elementis corollarius ex demonstratis evclidis elementis corollarius evclidis elementis evclidis lutetiae liberalivm disciplinarum professoris regij orontii finei delphina tis | SIVE DE practicis longitudinum, planorum & so- lidorum: hoc est, linearum, superficio- rum, & corporum mensonibus; aliisqꝫ mechanicis, ex demonstratis EVCLIDIS elementis corollarius | LIBER DE GEOMETRIA PRACTICA | ex demonstratis EVCLIDIS elementis corollarius | NUNC PRIMVM APVD GERMA- nos in lucem emissus | False | False | False"
QWCWLH,1545,Paris,"FRENCH, ITALIAN",quarto,Visual/Spatial Arts,False,unknown_books,not_euclid_elements,False,True,False,False,False,False,False,mis en langue Françoyse | IL PRIMO libro d’Architet- tura | Secretaire de monseigneur le Reuerendissime CAR- DINAL DE LENONCOVRT | Françoyse,Secretaire de monseigneur le Reuerendissime CAR- DINAL DE LENONCOVRT,
bib-222,1546,London,ENGLISH,missing/unknown,Arithmetic/Commerce,False,unknown_books,not_euclid_elements,False,True,False,False,False,False,False,newly corrected | added | newly corrected | therevnto added | certayne nota-ble and goodly rules of false positions | in our Englysshe tonge,,"An introduction for to lerne to recken with the pen or with the counters, accordyng to the trewe cast of algorisme, in hole numbers or in broken | newly corrected | added | newly corrected | therevnto added | certayne nota-ble and goodly rules of false positions | in our englysshe tonge | newly corrected added newly corrected therevnto added certayne nota ble and goodly rules of false positions in our englysshe tonge | newly corrected added newly corrected therevnto added certayne nota ble and goodly rules of false positions in our englysshe tonge | certayne nota-ble and goodly rules of false positions | newly corrected | therevnto added | False | False | False"
6X6R6Y,1547,Nuremberg,GERMAN,folio,Geometry/Theory | Visual/Spatial Arts,False,unknown_books,not_euclid_elements,False,True,False,False,False,False,False,abgetheilet | Allen Künstlichen Handtwerckern / Werckmeistern / Steinmetzen / Bawmeistern / Zeug oder Büxenmeiste- ren / Maleren / Bildhaweren / Goldschmiden / Schreineren | Medi. & Math | Vitruuij | Mit ge- trewer vnterweisung | Mit sonderlicher abtheilung | Der newen Perspectiua das .1. buch | Weiteren inhalt des II. vnd III. Buchs der Geometrischen Büxenmei- sterey / vnd Geometrischen Messung | Perspectiua | Geometrischen Büxenmei- sterey | Geometrischen Messung,Allen Künstlichen Handtwerckern / Werckmeistern / Steinmetzen / Bawmeistern / Zeug oder Büxenmeiste- ren / Maleren / Bildhaweren / Goldschmiden / Schreineren | Medi. & Math | Vitruuij,
bib-169,1552,Paris,FRENCH,missing/unknown,Cosmos/Earth,False,unknown_books,elements_language_no_euclid,False,True,False,False,False,False,False,"composée | divisée | comprenant | touchant | L’SPHERE DU MON- DE | PROPREMENT DITTE COS- mographie, composée nouvellement en françois, & divisée en cinq livres, comprenant la première partie de l’astronomie, & les principes universels de la géographie & hydrographie | NATIF DU Daulphiné | lecteur Mathematicien du tres-chrestien Roy de France en l’université de Paris | Avec une épistre, touchant la dignité, perfection & utilité des sciences mathematiques | en françois",l’université de Paris | NATIF DU Daulphiné | lecteur Mathematicien du tres-chrestien Roy de France en l’université de Paris,"composée | divisée | comprenant | touchant | l’sphere du mon- de | proprement ditte cos- mographie, composée nouvellement en françois, & divisée en cinq livres, comprenant la première partie de l’astronomie, & les principes universels de la géographie & hydrographie | natif du daulphiné | lecteur mathematicien du tres-chrestien roy de france en l’université de paris | avec une épistre, touchant la dignité, perfection & utilité des sciences mathematiques | en françois | composee divisee comprenant touchant proprement ditte cos mographie composee nouvellement en francois divisee en cinq livres comprenant la premiere partie de lastronomie les principes universels de la geographie hydrographie avec une epistre touchant la dignite perfection utilite des sciences mathematiques en francois | composee divisee comprenant touchant proprement ditte cos mographie composee nouvellement en francois divisee en cinq livres comprenant la premiere partie de lastronomie les principes universels de la geographie hydrographie avec une epistre touchant la dignite perfection utilite des sciences mathematiques luniversite de paris en francois natif du daulphine lecteur mathematicien du tres chrestien roy de france en luniversite de paris oronce fine | PROPREMENT DITTE COS- mographie, composée nouvellement en françois, & divisée en cinq livres, comprenant la première partie de l’astronomie, & les principes universels de la géographie & hydrographie | L’SPHERE DU MON- DE | Avec une épistre, touchant la dignité, perfection & utilité des sciences mathematiques | False | False | False"
5KCP5R,1553,Antwerp,DUTCH,folio,Visual/Spatial Arts,False,unknown_books,not_euclid_elements,False,True,False,False,False,False,False,Overgheset | Ghedruct | doen | Schildere der K. Maiesteyt | Sebastiani Serlij | vten Italiaen- sche | in nederlandts,Schildere der K. Maiesteyt | Mayken verhulst | Sebastiani Serlij,
bib-15,1554,Lyon,FRENCH,missing/unknown,Arithmetic/Commerce,False,unknown_books,not_euclid_elements,False,True,False,False,False,False,False,Reuieüe | augmentee | L’ARITHMETI-QUE DE IAQVES | Reuieüe & augmentee par l’Autheur,,
E7J0Y4,1556,Paris,FRENCH,quarto,Arithmetic/Commerce,False,unknown_books,not_euclid_elements,False,True,False,False,False,False,False,"nouuellement inuenté | LE SECOND LIVRE DE L'ARITHMETIQVE | AVQVEL SERONT DECLAREES LES fractions vulgaires, auec leurs demonstrations, par les quantitez continues, & premieres causes des esgallissemens de l'Algebre",,"Le second livre de l'arithmetique  | nouuellement inuenté | le second livre de l'arithmetiqve | avqvel seront declarees les fractions vulgaires, auec leurs demonstrations, par les quantitez continues, & premieres causes des esgallissemens de l'algebre | nouuellement inuente avqvel seront declarees les fractions vulgaires auec leurs demonstrations par les quantitez continues premieres causes des esgallissemens de l algebre | nouuellement inuente avqvel seront declarees les fractions vulgaires auec leurs demonstrations par les quantitez continues premieres causes des esgallissemens de l algebre p for cadel de beziers | AVQVEL SERONT DECLAREES LES fractions vulgaires, auec leurs demonstrations, par les quantitez continues, & premieres causes des esgallissemens de l'Algebre | LE SECOND LIVRE DE L'ARITHMETIQVE | False | False | False"
0CKY65,1557,Paris,FRENCH,quarto,Arithmetic/Commerce,False,unknown_books,not_euclid_elements,False,True,False,False,False,False,False,"L'ARITHMETICQVE | quatre reigles briefues, qui contiennent les deux cents quarante anciennes & plusieurs autres reigles, pour l'exercice des nombres entiers, par lesquels on peut facilement paruenir à la cognoissance de l'Algebre | DE BEZIERS",DE BEZIERS,
6AMYTJ,1557,Paris,FRENCH,quarto,Arithmetic/Commerce,False,unknown_books,not_euclid_elements,False,True,False,False,False,False,False,"TROYSIESME LI- VRE DE L'ARITHMETIQVE | AVQVEL SONT TRAICTEES LES DE- monstrations de toutes les sortes de racines, auecques l'entiere pra- ctique de l'extraction d'icelles, ensemble plusieurs questions, reigles, & demonstrations Mathematiques, auecques le propre subiect de l'Algebre",,"Le troysiesme livre de l'arithmetique  | troysiesme li- vre de l'arithmetiqve | avqvel sont traictees les de- monstrations de toutes les sortes de racines, auecques l'entiere pra- ctique de l'extraction d'icelles, ensemble plusieurs questions, reigles, & demonstrations mathematiques, auecques le propre subiect de l'algebre | avqvel sont traictees les de monstrations de toutes les sortes de racines auecques l entiere pra ctique de l extraction d icelles ensemble plusieurs questions reigles demonstrations mathematiques auecques le propre subiect de l algebre | avqvel sont traictees les de monstrations de toutes les sortes de racines auecques l entiere pra ctique de l extraction d icelles ensemble plusieurs questions reigles demonstrations mathematiques auecques le propre subiect de l algebre p forcadel de beziers | AVQVEL SONT TRAICTEES LES DE- monstrations de toutes les sortes de racines, auecques l'entiere pra- ctique de l'extraction d'icelles, ensemble plusieurs questions, reigles, & demonstrations Mathematiques, auecques le propre subiect de l'Algebre | TROYSIESME LI- VRE DE L'ARITHMETIQVE | False | False | False"
VWMZ7L,1557,Paris,LATIN,octavo,Geometry/Theory | Arithmetic/Commerce | Cosmos/Earth | Music,False,unknown_books,not_euclid_elements,False,True,False,False,False,False,False,Santone interprete | Proclus de Sphæra | Proclus de Sphæra,Santone interprete,
bib-123,1558,Lyon,ITALIAN,missing/unknown,Geometry/Theory | Arithmetic/Commerce,False,unknown_books,not_euclid_elements,False,True,False,False,False,False,False,gentiluomini | artegiani | Il primo d’Arithmetica | l’altro di Geometria | Arithmetica | Geometria,gentiluomini | artegiani | Sig. Gio. Francesco Peverone di Cuneo,
bib-41,1558,Venice,LATIN,missing/unknown,Visual/Spatial Arts | Cosmos/Earth,False,unknown_books,not_euclid_elements,False,True,False,False,False,False,False,traditur | confirmatur | universa Scenographices ratio,,
bib-83,1559,Lyon,LATIN,missing/unknown,Geometry/Theory,False,unknown_books,not_euclid_elements,False,True,False,False,False,False,False,,,
2I9HSY,1560,Paris,FRENCH,folio,Visual/Spatial Arts,False,unknown_books,not_euclid_elements,False,True,False,False,False,False,False,"Senonois, maistre Painctre à Paris","Senonois, maistre Painctre à Paris",
bib-47,1561,Paris,FRENCH,missing/unknown,Geometry/Theory | Instruments/Measurement | Cosmos/Earth,False,unknown_books,not_euclid_elements,False,True,False,False,False,False,False,"Inuenté | a ceus qui veulent promptement, & sans aucune subiection d’Arithmetique | ET DESCRIPTION DE L’HOLOMETRE | POUR SCAVOIR MESVRER toutes choses qui sont soubs l’estanduë de l’œil: Tant en longueur & largeur, qu’en hau­ teur & profondeur | Vallet de chambre du Roy","a ceus qui veulent promptement, & sans aucune subiection d’Arithmetique | Vallet de chambre du Roy",
bib-3,1562,Paris,FRENCH,missing/unknown,Geometry/Theory | Instruments/Measurement,False,unknown_books,not_euclid_elements,False,True,False,False,False,False,False,AR- chitecte de haut & puissant seigneur,"AR- chitecte de haut & puissant seigneur | Mon- seigneur le duc de Montmorency, Pair, & Cunestable de France",
bib-282,1563,Paris,FRENCH,missing/unknown,Arithmetic/Commerce,False,unknown_books,not_euclid_elements,False,True,False,False,False,False,False,"Composé | Reueu | augmenté | tant pour l'art militaire, que pour la Geometrie, & au- tres calculations | L'ART D'ARITHME- TIQVE | CONTENANT TOVTE DIMENSION: TRES- fingulier & commode | Reueu & augmenté | professeur des Mathematiques","tant pour l'art militaire, que pour la Geometrie, & au- tres calculations | professeur des Mathematiques",
bib-91,1563,Venice,ITALIAN,quarto,Geometry/Theory | Arithmetic/Commerce,False,unknown_books,not_euclid_elements,False,True,False,False,False,False,False,Composto | Stampato | Intitulato | Nuouamente Stampato | per maestro | Libro di Arithmetica & Geometria | Speculatiua & praticale | Nuouamente Stampato,per maestro,
L3XLGB,1564,Poitiers,FRENCH,quarto,Instruments/Measurement,False,unknown_books,not_euclid_elements,False,True,False,False,False,False,False,,,
bib-33,1564,Venice,ITALIAN,quarto,Geometry/Theory | Visual/Spatial Arts | Instruments/Measurement,False,unknown_books,euclid_geometry_theory_primary,False,True,False,False,False,False,False,"le vere regole d’Euclide | DEL MODO DI MISVRARE le distantie, le superficie, i corpi, le piante, le prouincie, le prospettive, &  tutte le altre cose terrene, che posso­ no occorrere a gli huomini | GENTIL’HUOMO, ET | ACCADEMICO FIORENTINO | d’Euclide","GENTIL’HUOMO, ET | ACCADEMICO FIORENTINO",
bib-39,1564,Venice,ITALIAN,missing/unknown,Applied Mechanics/Military,False,unknown_books,not_euclid_elements,False,True,False,False,False,False,False,"CAPITAN FRANCESCO MONTEMELLINO | CAPITAN GIOVACCHINO DA CONIANO | CASTRIOTTO | Discorso del medesimo Maggi sopra la Fortificatione de gli alloggiamenti de gli esserciti | Discorso del Capitan Francesco Montemellino sopra la fortificatione del Borgo di Roma | Trattato dell’Ordinanze, & nero Battaglie del Capitan Giovacchino da Coniano | Ragionamento del sudetto Castriotto sopra le fortezze della Francia | Discorso del medesimo Maggi sopra la Fortificatione de gli alloggiamenti de gli esserciti | Discorso del Capitan Francesco Montemellino sopra la fortificatione del Borgo di Roma | Trattato dell’Ordinanze, & nero Battaglie del Capitan Giovacchino da Coniano | Ragionamento del sudetto Castriotto sopra le fortezze della Francia",CAPITAN FRANCESCO MONTEMELLINO | CAPITAN GIOVACCHINO DA CONIANO | CASTRIOTTO,
bib-48,1564,Venice,ITALIAN,missing/unknown,Geometry/Theory | Instruments/Measurement,False,unknown_books,not_euclid_elements,False,True,False,False,False,False,False,"A QUELLI, CHE VOGLIONO","A QUELLI, CHE VOGLIONO | Abel Fullone Valletto di Camera del Re di Francia",
UEIZFO,1565,Paris,FRENCH,quarto,Arithmetic/Commerce,False,unknown_books,not_euclid_elements,False,True,False,False,False,False,False,ABREGEE | ARITHMETIQVE | ENTIERE ET ABREGEE | LECTEVR DV ROY ES MATHEMATIQVES,LECTEVR DV ROY ES MATHEMATIQVES,
YCXMIJ,1565,Paris,FRENCH,missing/unknown,Applied Mechanics/Military,False,unknown_books,not_euclid_elements,False,True,False,False,False,False,False,"TRADVICTZ | COM- mentés | DEVX LIVRES DE PROCLVS, DV MOVVE- MENT | lecteur ordinaire du Roy és Mathematiques en l'vniuerfité de Paris | TRADVICTZ ET COM- mentés",l'vniuerfité de Paris | lecteur ordinaire du Roy és Mathematiques en l'vniuerfité de Paris,"Deux livres de Proclus du mouvement, traduict et commenté  | tradvictz | com- mentés | devx livres de proclvs, dv movve- ment | lecteur ordinaire du roy és mathematiques en l'vniuerfité de paris | tradvictz et com- mentés | tradvictz com mentes tradvictz et com mentes | tradvictz com mentes tradvictz et com mentes l vniuerfite de paris lecteur ordinaire du roy es mathematiques en l vniuerfite de paris pierre forcadel de be zies | DEVX LIVRES DE PROCLVS, DV MOVVE- MENT | TRADVICTZ ET COM- mentés | False | False | False"
YPQYIR,1565,Paris,FRENCH,missing/unknown,Applied Mechanics/Military,False,unknown_books,euclid_humanist_transfer,False,True,False,False,False,False,False,TRADVICT | COMMEN-  té | traduit | com- menté | intitu- lé | Liure d'Euclide | du leger & du pesant | lecteur ordinaire du Roy es Mathematiques en l'V-  niuerfité de Paris | Liure d'Euclide | Liure d'Euclide intitu-  lé du leger & du pesant traduit & com-  menté par le mesme Forcadel | Liure d'Euclide | Euclide,l'V-  niuerfité de Paris | lecteur ordinaire du Roy es Mathematiques en l'V-  niuerfité de Paris,
YQDZSW,1565,Paris,FRENCH,quarto,Applied Mechanics/Military,False,unknown_books,not_euclid_elements,False,True,False,False,False,False,False,"Traduict | commenté | LE PREMIER LIVRE D'ARCHIMEDE DES CHOSES EGALEMENT PESANTES | lecteur ordi- naire du Roy és Mathema- tiques, en l'vniuerfité de Paris","l'vniuerfité de Paris | lecteur ordi- naire du Roy és Mathema- tiques, en l'vniuerfité de Paris","Le premier livre des choses egallement pesantes  | traduict | commenté | le premier livre d'archimede des choses egalement pesantes | lecteur ordi- naire du roy és mathema- tiques, en l'vniuerfité de paris | traduict commente | traduict commente l vniuerfite de paris lecteur ordi naire du roy es mathema tiques en l vniuerfite de paris pierre forcadel de bezies | LE PREMIER LIVRE D'ARCHIMEDE DES CHOSES EGALEMENT PESANTES | False | False | False"
bib-13,1565,Paris,FRENCH,missing/unknown,Geometry/Theory,False,unknown_books,not_euclid_elements,False,True,False,False,False,False,False,DESCRIPTE | DEMONSTREE | PROFESSEVR DV ROY és Mathematiques,"PROFESSEVR DV ROY és Mathematiques | MONSEIGNEVR MON- sieur le Febure Sieur de Caumartin, Conseillier du Roy, & General de ses finances en la charge d’outre Seine & Yone",
bib-27,1565,Venice,ITALIAN,missing/unknown,Visual/Spatial Arts,False,unknown_books,not_euclid_elements,False,True,False,False,False,False,False,"TRADOTTA | aggiunta | Gentilhuomo, & Academico Fiorentino | Con la aggiunta de’ disegni | LINGVA Fiorentina","Gentilhuomo, & Academico Fiorentino",
bib-44,1567,Paris,FRENCH,missing/unknown,Visual/Spatial Arts,False,unknown_books,not_euclid_elements,False,True,False,False,False,False,False,,,
bib-18,1568,Salamanca,SPANISH,missing/unknown,Geometry/Theory | Instruments/Measurement | Cosmos/Earth,False,unknown_books,not_euclid_elements,False,True,False,False,False,False,False,"INTITVLADA | Ordenada | OBRA INTITVLADA FRAGMENTOS MATHEMATICOS | En que se tratan cosas de Geometria, y Astronomia, y Geographia, y Philosophia natural, y Sphera, y Astrolabio, y Navegacion, y Reloxes | el Bachiller | na tural de Santisteuan del Puerto",el Bachiller | na tural de Santisteuan del Puerto,
bib-26,1568,Venice,ITALIAN,missing/unknown,No primary family,False,unknown_books,not_euclid_elements,False,True,False,False,False,False,False,"Tradotti | parte corretti | Tradotti, & parte corretti",,
JTRIRS,1569,Venice,ITALIAN,folio,Visual/Spatial Arts,False,unknown_books,not_euclid_elements,False,True,False,False,False,False,False,"A PITTORI, SCVLTORI, ET ARCHITETTI | LA PRATICA DELLA PERSPETTIVA | MONSIGNOR | ELETTO PATRIARCA D'AQVILEIA","A PITTORI, SCVLTORI, ET ARCHITETTI | MONSIGNOR | ELETTO PATRIARCA D'AQVILEIA",
Valencia_1569,1569,Valencia,LATIN,missing/unknown,Geometry/Theory,False,unknown_books,euclid_sparse_canonical,False,True,False,False,False,False,False,"AD disciplinas omnes | ELEMENTA Arithmeticæ, ac GEOMETRIÆ | Aristoteleam praesertim Dialecticam, ac Philosophiam apprime necessaria | auctor | ELEMENTA Arithmeticæ, ac GEOMETRIÆ | Euclide",AD disciplinas omnes | auctor,
bib-129,1569,Basel,LATIN,missing/unknown,Arithmetic/Commerce,False,unknown_books,euclid_sparse_canonical,False,True,False,False,False,False,False,GEOMETRIAE SEPTEM ET VIGINTI | GEOMETRIAE SEPTEM ET VIGINTI | ARITHMETICAE LIBRI DUO | ARITHMETICAE LIBRI DUO,,
bib-42,1570,Pesaro,LATIN,missing/unknown,Geometry/Theory,False,unknown_books,not_euclid_elements,False,True,False,False,False,False,False,ASCRIPTUS | editus | NUNC PRIMUM,FEDERICI COMMANDINI,
Q4F538,1571,Nuremberg,GERMAN,folio,Geometry/Theory | Visual/Spatial Arts,False,unknown_books,not_euclid_elements,False,True,False,False,False,False,False,beschrieben | eröffnet | gegeben wird | gebracht werden mag | verzückt | vnuerrückt | allen liebhabern guter künsten | PERSPECTIVA | Hierinnen auffs kürtzte beschrieben / mit exempeln eröffnet vnd an tag gegeben wird / ein newer besonder kurtzer / doch gerechter vnnd sehr leichter weg / wie allerley ding / es seyen Corpora / Gebew / oder was möglich zuerdencken vnd in grund zulegen ist / verzückt oder vnuerrückt / ferner in die Perspectyf gebracht werden mag / on eini- ge vergebliche linie / riß vñ puncten / 2c. dergleichen weg bißhero noch nit bekant gewese | mit exempeln,allen liebhabern guter künsten,Perspectiva hierinnen auffs kürtzte beschrieben mit exempeln eroeffnet und an tag gegeben wird ein newer besonder kurtzer doch gerechter unnd sehr leichter weg wie allerley ding in die perspectyf gebracht werden mag dergleichen weg bißhero noch nit bekant gewesen | beschrieben | eröffnet | gegeben wird | gebracht werden mag | verzückt | vnuerrückt | allen liebhabern guter künsten | perspectiva | hierinnen auffs kürtzte beschrieben / mit exempeln eröffnet vnd an tag gegeben wird / ein newer besonder kurtzer / doch gerechter vnnd sehr leichter weg / wie allerley ding / es seyen corpora / gebew / oder was möglich zuerdencken vnd in grund zulegen ist / verzückt oder vnuerrückt / ferner in die perspectyf gebracht werden mag / on eini- ge vergebliche linie / riß vñ puncten / 2c. dergleichen weg bißhero noch nit bekant gewese | mit exempeln | beschrieben eroffnet gegeben wird gebracht werden mag verzuckt vnuerruckt hierinnen auffs kurtzte beschrieben mit exempeln eroffnet vnd an tag gegeben wird ein newer besonder kurtzer doch gerechter vnnd sehr leichter weg wie allerley ding es seyen corpora gebew oder was moglich zuerdencken vnd in grund zulegen ist verzuckt oder vnuerruckt ferner in die perspectyf gebracht werden mag on eini ge vergebliche linie ri vn puncten 2c dergleichen weg bihero noch nit bekant gewese mit exempeln | beschrieben eroffnet gegeben wird gebracht werden mag verzuckt vnuerruckt hierinnen auffs kurtzte beschrieben mit exempeln eroffnet vnd an tag gegeben wird ein newer besonder kurtzer doch gerechter vnnd sehr leichter weg wie allerley ding es seyen corpora gebew oder was moglich zuerdencken vnd in grund zulegen ist verzuckt oder vnuerruckt ferner in die perspectyf gebracht werden mag on eini ge vergebliche linie ri vn puncten 2c dergleichen weg bihero noch nit bekant gewese mit exempeln allen liebhabern guter kunsten hansen lencker burger | Hierinnen auffs kürtzte beschrieben / mit exempeln eröffnet vnd an tag gegeben wird / ein newer besonder kurtzer / doch gerechter vnnd sehr leichter weg / wie allerley ding / es seyen Corpora / Gebew / oder was möglich zuerdencken vnd in grund zulegen ist / verzückt oder vnuerrückt / ferner in die Perspectyf gebracht werden mag / on eini- ge vergebliche linie / riß vñ puncten / 2c. dergleichen weg bißhero noch nit bekant gewese | PERSPECTIVA | mit exempeln | False | False | False
bib-7,1571,London,ENGLISH,missing/unknown,Geometry/Theory,False,unknown_books,not_euclid_elements,False,True,False,False,False,False,False,"named | diuided | framed | finished | adioyned | A GEOMETRICAL Practise, named PANTOMETRIA | diuided into three Bookes, Longimetra, Planimetra and Stereometria, containing Rules manifolde for mensuration of all lines, Superficies and Solides: with sundry strange conclusions both by instrument and without, and also by perspectiue glasses, to set forth the true description or exact plat of any whole Region | Gentleman | his sonne | adioyned a Mathematicall treatise of the fiue regulare Platonical solides, and their Metamorphosis or transformation into fiue other equilater and uniforme solides Geometricall, of his owne inuention, hitherto not mentioned of by any geometricians",Gentleman | his sonne,
bib-16,1572,Paris,FRENCH,missing/unknown,Geometry/Theory,False,unknown_books,not_euclid_elements,False,True,False,False,False,False,False,"DE VSVO GEOME TRIÆ, LIBER VNVS",CAROLUM EMANUELEM,
bib-223,1572,Frankfurt,GERMAN,missing/unknown,Arithmetic/Commerce,False,unknown_books,not_euclid_elements,False,True,False,False,False,False,False,auff alle kauffmannschafft,auff alle kauffmannschafft,
bib-17,1573,Paris,FRENCH,missing/unknown,Geometry/Theory,False,unknown_books,not_euclid_elements,False,True,False,False,False,False,False,DE L’VSAGE DE GEOMETRIE | MEDECIN ET MATHEMATICIEN,MEDECIN ET MATHEMATICIEN | A TRESILLVSTRE SEIGNEVR MESSIRE ALBERT DEGONDY COMTE DE RETZ,
bib-24,1575,Bordeaux,LATIN,missing/unknown,Geometry/Theory,False,unknown_books,euclid_sparse_canonical,False,True,False,False,False,False,False,"INTERPRETATÆ | ELEMENTI QVINCTI, ET SEXTI, EVCLIDIS | DEFINITIONES | ELEMENTI QVINCTI, ET SEXTI, EVCLIDIS | EVCLIDIS",,"interpretatæ | elementi qvincti, et sexti, evclidis | definitiones | elementi qvincti, et sexti, evclidis | evclidis | interpretat definitiones elementi qvincti et sexti evclidis evclidis | interpretat definitiones elementi qvincti et sexti evclidis evclidis elia vineto santone | DEFINITIONES | ELEMENTI QVINCTI, ET SEXTI, EVCLIDIS | False | False | False"
bib-28,1576,Paris,FRENCH,missing/unknown,Visual/Spatial Arts,False,unknown_books,not_euclid_elements,False,True,False,False,False,False,False,"LEÇONS DE PERSPECTIVE POSITIVE | du Cerceau, Architecte","du Cerceau, Architecte",
bib-25,1577,Bordeaux,FRENCH,missing/unknown,Geometry/Theory | Instruments/Measurement,False,unknown_books,not_euclid_elements,False,True,False,False,False,False,False,,,
ustc-32,1578,Paris,FRENCH,missing/unknown,Arithmetic/Commerce,False,unknown_books,not_euclid_elements,False,True,False,False,False,False,False,"Diuisée | Recueillie | traduite | L'ARITHMETIQVE DE NICOLAS TARTAGLIA BRESCIAN | Diuisée en deux parties | Recueillie, & traduite d'Italien en François | de Caen | Auec toutes les démonstrations Mathematiques | plusieurs inventions audit GOSSELIN | d'Italien | en François","de Caen | Princesse MA R. GVERITE de France, Royne de Nauarre","diuisée | recueillie | traduite | l'arithmetiqve de nicolas tartaglia brescian | diuisée en deux parties | recueillie, & traduite d'italien en françois | de caen | auec toutes les démonstrations mathematiques | plusieurs inventions audit gosselin | d'italien | en françois | diuisee recueillie traduite diuisee en deux parties recueillie traduite d italien en francois auec toutes les demonstrations mathematiques plusieurs inventions audit gosselin d italien en francois | diuisee recueillie traduite diuisee en deux parties recueillie traduite d italien en francois auec toutes les demonstrations mathematiques plusieurs inventions audit gosselin d italien en francois de caen gvillavme gosselin | L'ARITHMETIQVE DE NICOLAS TARTAGLIA BRESCIAN | Auec toutes les démonstrations Mathematiques | plusieurs inventions audit GOSSELIN | Diuisée en deux parties | Recueillie, & traduite d'Italien en François | False | False | False"
bib-153,1579,London,ENGLISH,missing/unknown,Arithmetic/Commerce,False,unknown_books,not_euclid_elements,False,True,False,False,False,False,False,"Augmented | digested | finished | adjoyned | for the Profession of a Soldiour | Long since attempted by LEONARD DIGGES Gentleman | Augmented, digested, and lately finished, by THOMAS DIGGES, his Sonne | Gentleman | adjoyned certaine Questions of great Ordinance | the Moderne Militare Discipline, Offices, Lawes and Duties in every wel governed Campe and Armie | his other Treatize of Pyrotechny and great Artillerie | Moderne Militare Discipline, Offices, Lawes and Duties | Treatize of Pyrotechny and great Artillerie",for the Profession of a Soldiour | Gentleman,
bib-128,1580,Basel,LATIN,missing/unknown,Geometry/Theory | Arithmetic/Commerce,False,unknown_books,not_euclid_elements,False,True,False,False,False,False,False,GEOMETRIAE SEPTEM ET VIGINTI | ARITHMETICAE LIBRI DUO | ARITHMETICAE LIBRI DUO,,
ZGOHUR,1581,Rome,LATIN,missing/unknown,Instruments/Measurement,False,unknown_books,not_euclid_elements,False,True,False,False,False,False,False,"GNOMONICES LIBRI OCTO | IN QUIBUS Non solum horologiorum solarium, sed aliarum quoque rerum, quae ex gnomonis umbra cognosci possunt, descriptiones Geometrice demonstrantur | Societatis IESU | Maiorum germisu",Societatis IESU | Societatis IESU | Maiorum germisu,
bib-156,1581,Venice,ITALIAN,missing/unknown,Instruments/Measurement | Applied Mechanics/Military,False,unknown_books,not_euclid_elements,False,True,False,False,False,False,False,"TRADOTTE | chi si diletta di questa nobilissima Scienza | Capitani di guerra | Ingegneri | Architetti | Artefice | la vera Dottrina di tutti gli Instrumenti principali da mouer pesi grandissimi con picciola forza | SIG | i vocaboli, & luoghi più difficili | IN VOLGARE",chi si diletta di questa nobilissima Scienza | Capitani di guerra | Ingegneri | Architetti | Artefice | SIG | ILLVSTRISS. SIG. GVIDO VBALDO DE’ MARCHESI DEL MONTE,"tradotte | chi si diletta di questa nobilissima scienza | capitani di guerra | ingegneri | architetti | artefice | la vera dottrina di tutti gli instrumenti principali da mouer pesi grandissimi con picciola forza | sig | i vocaboli, & luoghi più difficili | in volgare | tradotte la vera dottrina di tutti gli instrumenti principali da mouer pesi grandissimi con picciola forza i vocaboli luoghi piu difficili in volgare | tradotte la vera dottrina di tutti gli instrumenti principali da mouer pesi grandissimi con picciola forza i vocaboli luoghi piu difficili chi si diletta di questa nobilissima scienza capitani di guerra ingegneri architetti artefice in volgare sig filippo pigafetta | la vera Dottrina di tutti gli Instrumenti principali da mouer pesi grandissimi con picciola forza | i vocaboli, & luoghi più difficili | False | False | False"
bib-262,1582,Antwerp,FRENCH,missing/unknown,Arithmetic/Commerce,False,unknown_books,not_euclid_elements,False,True,False,False,False,False,False,Traduite | illustrée | contenans | L’ARITHMETIQUE  de Gemme Phrison | professeur ordinaire des Mathe- matiques | illustrée de commentaires | contenans plusieurs inventions  nouvelles dudit Forcadel | en François,professeur ordinaire des Mathe- matiques,traduite | illustrée | contenans | l’arithmetique de gemme phrison | professeur ordinaire des mathe- matiques | illustrée de commentaires | contenans plusieurs inventions nouvelles dudit forcadel | en françois | traduite illustree contenans illustree de commentaires contenans plusieurs inventions nouvelles dudit forcadel en francois | traduite illustree contenans illustree de commentaires contenans plusieurs inventions nouvelles dudit forcadel en francois professeur ordinaire des mathe matiques pierre forcadel de beziers | L’ARITHMETIQUE  de Gemme Phrison | illustrée de commentaires | contenans plusieurs inventions  nouvelles dudit Forcadel | False | False | False
612FNN,1583,Rome,ITALIAN,folio,Visual/Spatial Arts,False,unknown_books,not_euclid_elements,False,True,False,False,False,False,False,dell'ordine de Predicatori Matematico dello Studio di Bologna | R.P.M | Con i comentarij del R.P.M,ordine de Predicatori | Studio di Bologna | dell'ordine de Predicatori Matematico dello Studio di Bologna | IACOMO BVONCOMPAGNI Duca di Sora et d'Arce Signor d'Arpino Marchese di Vignola Cap. Gen. degl' huomini d'arme del Re Catt | R.P.M,Le due regole della prospettiva pratica di m. Iacomo Barozzi da Vignola con i commentarii del reverendo padre maestro Egnatio Danti dell'Ordine de predicatori matematico dello studio di Bologna | dell'ordine de predicatori matematico dello studio di bologna | r.p.m | con i comentarij del r.p.m | con i comentarij del r p m r p m | con i comentarij del r p m ordine de predicatori studio di bologna r p m dell ordine de predicatori matematico dello studio di bologna egnatio danti | Con i comentarij del R.P.M | False | False | False
bib-152,1583,Venice,ITALIAN,missing/unknown,Visual/Spatial Arts | Applied Mechanics/Military,False,unknown_books,not_euclid_elements,False,True,False,False,False,False,False,"DELLA FORTIFICATIONE DELLE CITTA | Ne’ quali, oltre le molte inventioni di questi Autori, si contiene tutto quello di più importanza, che fino ad hora è stato scritto di questa materia; con infinite cose, che da molti Signori, Capitani, & Ingegneri dell’età nostra si sono hautue | Discorso del medesimo MAGGI sopra la Fortificatione de gli alloggiamenti de gli esserciti | Discorso del Capitan FRANCESCO MONTEMELINO sopra la fortificatione del Borgo di Roma | Trattato dell’Ordinanze, ouero Battaglie del Capitan GIOVACHINO da Coniano | Ragionamento del sudetto CASTRIOTTO sopra le fortezze della Francia | Discorso del medesimo MAGGI | Discorso del Capitan FRANCESCO MONTEMELINO | Trattato dell’Ordinanze, ouero Battaglie | Ragionamento del sudetto CASTRIOTTO",,
bib-19,1583,Alcala,SPANISH,missing/unknown,Geometry/Theory,False,unknown_books,not_euclid_elements,False,True,False,False,False,False,False,"TRATADO DE GEO metria | Práctica, y Speculatiua | EL BACHILLER",EL BACHILLER,
bib-87,1584,Brescia,ITALIAN,missing/unknown,Geometry/Theory | Instruments/Measurement,False,unknown_books,not_euclid_elements,False,True,False,False,False,False,False,"DELL’ARTE DEL MISURARE LIBRI DVE | NEL PRIMO DE’ QVALI S’INSEGNA A MISVRARE, ET PARTIR I CAMPI.  NEL SECONDO A MISVRAR LE MVRAGLIE, imbottar Grani, Vini, Fieni, & Strami; col liuellar dell’Acque, & altre cose necessarie à gli Agrimensori | M",M,
TJONV6,1585,Paris,FRENCH,octavo,Arithmetic/Commerce,False,unknown_books,not_euclid_elements,False,True,False,False,False,False,False,Traduite en François | illustree de Commentaires | contenans plu- sieurs inuentions nouuelles dudit FORCADEL | Augmentee en ceste derniere Edition | L'ARITHMETIQVE DE GEMME PHRISON | Augmentee en ceste derniere Edition | Professeur és Mathematiques | Commentaires | plusieurs inuentions nouuelles dudit FORCADEL | Commentaires sur les reigles des Fractions | en François,Professeur és Mathematiques,L'arithmetique  | traduite en françois | illustree de commentaires | contenans plu- sieurs inuentions nouuelles dudit forcadel | augmentee en ceste derniere edition | l'arithmetiqve de gemme phrison | augmentee en ceste derniere edition | professeur és mathematiques | commentaires | plusieurs inuentions nouuelles dudit forcadel | commentaires sur les reigles des fractions | en françois | traduite en francois illustree de commentaires contenans plu sieurs inuentions nouuelles dudit forcadel augmentee en ceste derniere edition augmentee en ceste derniere edition commentaires plusieurs inuentions nouuelles dudit forcadel commentaires sur les reigles des fractions en francois | traduite en francois illustree de commentaires contenans plu sieurs inuentions nouuelles dudit forcadel augmentee en ceste derniere edition augmentee en ceste derniere edition commentaires plusieurs inuentions nouuelles dudit forcadel commentaires sur les reigles des fractions en francois professeur es mathematiques pierre forcadel de be ziers | L'ARITHMETIQVE DE GEMME PHRISON | Commentaires | plusieurs inuentions nouuelles dudit FORCADEL | Commentaires sur les reigles des Fractions | Augmentee en ceste derniere Edition | False | False | False
bib-258,1585,Leiden,DUTCH,missing/unknown,Arithmetic/Commerce,False,unknown_books,not_euclid_elements,False,True,False,False,False,False,False,"Beschreven | DE THIENDE | Leerende door onghehoorde lichticheyt allen rekeningen onder den Menschen noodich vallende, afveerdighen door heele ghetalen sonder ghebrokenen",,
bib-35,1585,Turin,LATIN,missing/unknown,No primary family,False,unknown_books,not_euclid_elements,False,True,False,False,False,False,False,,"CAROLUM EMANUELEM ALLOBROGUM, ET SUBALPINORUM DUCEM INVICTISSIMUM",
144JC3,1586,Ferrara,ITALIAN,quarto,Geometry/Theory,False,unknown_books,not_euclid_elements,False,True,False,False,False,False,False,"DELLA NVOVA GEOMETRIA DI FRANC. PATRICI LIBRI XV | Ne’ quali con mirabile ordine, e con dimostra- zioni à marauiglia più facili, e più forti del le vſate si vede che le Matematiche per via Regia, e più piana che da gli antichi fatto non si è, si possono trattare",SERENISSIMO CARLO EMANVELE DVCA DI SAVOIA,"Della nuova geometria di Franc. Patrici libri XV. Ne' quali con mirabile ordine, e con dimostrazioni a maraviglia più facili, e più forti delle usate si vede che le matematiche per via regia, e più piana che da gli antichi fatto non si è, si possonotrattare | della nvova geometria di franc. patrici libri xv | ne’ quali con mirabile ordine, e con dimostra- zioni à marauiglia più facili, e più forti del le vſate si vede che le matematiche per via regia, e più piana che da gli antichi fatto non si è, si possono trattare | ne quali con mirabile ordine e con dimostra zioni a marauiglia piu facili e piu forti del le vsate si vede che le matematiche per via regia e piu piana che da gli antichi fatto non si e si possono trattare | ne quali con mirabile ordine e con dimostra zioni a marauiglia piu facili e piu forti del le vsate si vede che le matematiche per via regia e piu piana che da gli antichi fatto non si e si possono trattare | Ne’ quali con mirabile ordine, e con dimostra- zioni à marauiglia più facili, e più forti del le vſate si vede che le Matematiche per via Regia, e più piana che da gli antichi fatto non si è, si possono trattare | DELLA NVOVA GEOMETRIA DI FRANC. PATRICI LIBRI XV | False | False | False"
X2T7PY,1586,Rome,LATIN,missing/unknown,Instruments/Measurement,False,unknown_books,not_euclid_elements,False,True,False,False,False,False,False,"ACCESSIT | BAMBERGENSI SOCIETATIS IESV | RATIO DESCRIBENDARUM horarum a meridie & media nocte exquisitissima, & nunquam ante hac in lucem edita",SOCIETATIS IESV | BAMBERGENSI SOCIETATIS IESV,
Ferrara_1587,1587,Ferrara,ITALIAN,missing/unknown,Geometry/Theory,False,unknown_books,not_euclid_elements,False,True,False,False,False,False,False,"LE VOLENTI | Ne' quali con mirabile ordine, e con dimostrazioni d'amarauglia più facili, e più forti del le usate | si vede che le Matematiche per via Regia, e più piana che da gli antichi fatto non s'è, si possono trattare",LE VOLENTI | Serenissimo Carlo Emanuele Duca di Savoia,"Della nuova geometria | le volenti | ne' quali con mirabile ordine, e con dimostrazioni d'amarauglia più facili, e più forti del le usate | si vede che le matematiche per via regia, e più piana che da gli antichi fatto non s'è, si possono trattare | ne quali con mirabile ordine e con dimostrazioni d amarauglia piu facili e piu forti del le usate si vede che le matematiche per via regia e piu piana che da gli antichi fatto non s e si possono trattare | ne quali con mirabile ordine e con dimostrazioni d amarauglia piu facili e piu forti del le usate si vede che le matematiche per via regia e piu piana che da gli antichi fatto non s e si possono trattare le volenti franc patrici | Ne' quali con mirabile ordine, e con dimostrazioni d'amarauglia più facili, e più forti del le usate | si vede che le Matematiche per via Regia, e più piana che da gli antichi fatto non s'è, si possono trattare | False | False | False"
bib-45,1587,Venice,ITALIAN,missing/unknown,Geometry/Theory | Arithmetic/Commerce | Instruments/Measurement | Cosmos/Earth,False,unknown_books,not_euclid_elements,False,True,False,False,False,False,False,"Diuise in cinque Parti | TRADOTTE | Tradotti | Nuouamente poste in luce | OPERE DI ORONTIO FINEO DEL DELFINATO | Diuise in cinque Parti; Aritmetica, Geometria, Cosmografia, e Oriuoli | Nuouamente poste in luce | Gentilhuomo, & Academico Fiorentino | Gentilhuomo Bolognese | Et gli Specchi | gli Specchi","Gentilhuomo, & Academico Fiorentino | Gentilhuomo Bolognese",
bib-154,1590,London,ENGLISH,missing/unknown,Arithmetic/Commerce | Applied Mechanics/Military,False,unknown_books,not_euclid_elements,False,True,False,False,False,False,False,"augmented | reuiwed | corrected | published | for the profession of a Souldier | ARITHMETICAL VVARLIKE TREATISE NAMED STRATIOTICOS | Compendiously teaching the Science of Numbers as well in Fractions as Integers, and so much of the Rules and Æquations Algebraicall, and Art of Num- bers Cossicall, as are requisite for the profession of a Souldier | reuiwed and corrected by the author him selfe | augmented with sundry additions | First published by Thomas Digges Esquire Anno Salutis 1579 | sundry additions | the Moderne Militare Discipline, Offices, Lawes and orders | Moderne Militare Discipline",for the profession of a Souldier | the right Honourable Earle of Lei- cester,
bib-259,1591,Tours,LATIN,missing/unknown,Geometry/Theory | Arithmetic/Commerce | Music,False,unknown_books,not_euclid_elements,False,True,False,False,False,False,False,"Accessit | In usum studiosæ Iuventutis Academiæ Turonensis Societ. Iesv | ARITHMETICA, MVSICA, ET GEO- METRIA | Accessit in hac ultima editione singulorum librorum | interprete | PROCLI SPHAERA | PROCLI SPHAERA",In usum studiosæ Iuventutis Academiæ Turonensis Societ. Iesv | Academiæ Turonensis Societ | interprete,
XHZ2XV,1592,Tournon,LATIN,duodecimo,Geometry/Theory | Arithmetic/Commerce | Music,False,unknown_books,not_euclid_elements,False,True,False,False,False,False,False,Accessit | interprete | studiosæ Iuventutis Academiæ Turnoniæ | in hac vltima editione | Accessit | percommoda distributio | PROCLI SPHÆRA | PROCLI SPHÆRA,studiosæ Iuventutis Academiæ Turnoniæ | Academiæ Turnoniæ Societ. IESV,
bib-52,1592,Venice,LATIN,missing/unknown,Geometry/Theory | Instruments/Measurement,False,unknown_books,not_euclid_elements,False,True,False,False,False,False,False,omnibus Mathematicarum professoribus | Mathematicarum in Almo Bononiensi Gymnasio professoris,omnibus Mathematicarum professoribus | Almo Bononiensi Gymnasio | Mathematicarum in Almo Bononiensi Gymnasio professoris,
Tours_1593,1593,Tours,LATIN,missing/unknown,Geometry/Theory,False,unknown_books,not_euclid_elements,False,True,False,False,False,False,False,Ad usum Mathematici Canonis Methodica,Ad usum Mathematici Canonis Methodica,
bib-67,1595,Paris,LATIN,missing/unknown,Geometry/Theory,False,unknown_books,not_euclid_elements,False,True,False,False,False,False,False,adiuncta | Ex Geometricis Schediasmatis | alia quædam adiuncta CAPITVLA,,
GGD02E,1596,Venice,ITALIAN,folio,Visual/Spatial Arts,False,unknown_books,not_euclid_elements,False,True,False,False,False,False,False,,"AL SER.MO FERDINANDO MEDICI GRANDVCA Di Toscana | AL SER.MO ET INVITTISS.MO LADISLAO SIGISMONDO PRINCIPE DI POLONIA, E DI SVEZIA",
bib-40,1596,Delft,GERMAN,missing/unknown,Geometry/Theory,False,unknown_books,not_euclid_elements,False,True,False,False,False,False,False,"gheleert | beschreven | ghebracht | gheproeft | de Tafelen Sinvvm, Tangentivm, ende Secantivm | alderhande Tafelen daertoe dienende | veel constighe Exempelen",,"gheleert | beschreven | ghebracht | gheproeft | de tafelen sinvvm, tangentivm, ende secantivm | alderhande tafelen daertoe dienende | veel constighe exempelen | gheleert beschreven ghebracht gheproeft de tafelen sinvvm tangentivm ende secantivm alderhande tafelen daertoe dienende veel constighe exempelen | gheleert beschreven ghebracht gheproeft de tafelen sinvvm tangentivm ende secantivm alderhande tafelen daertoe dienende veel constighe exempelen ludolph van ceulen | de Tafelen Sinvvm, Tangentivm, ende Secantivm | alderhande Tafelen daertoe dienende | veel constighe Exempelen | False | False | False"
2BRI1Z,1598,Oxford,ENGLISH,folio,No primary family,False,unknown_books,not_euclid_elements,False,True,False,False,False,False,False,,,
bib-127,1598,Nuremberg,LATIN,missing/unknown,Geometry/Theory,False,unknown_books,not_euclid_elements,False,True,False,False,False,False,False,expli- catum | PRAETORIO IOACHIMICO | Aliquot modis expli- catum,PRAETORIO IOACHIMICO,
bib-148,1598,Paris,FRENCH,missing/unknown,Geometry/Theory | Visual/Spatial Arts | Applied Mechanics/Military,False,unknown_books,not_euclid_elements,False,True,False,False,False,False,False,Imprimé | le curieux de Geo- metrie | CAPITAINE INGENIEVR DV ROY,le curieux de Geo- metrie | CAPITAINE INGENIEVR DV ROY,
bib-76,1598,Venice,LATIN,missing/unknown,Cosmos/Earth,False,unknown_books,elements_language_no_euclid,False,True,False,False,False,False,False,"DISTRIBVTA | recognita | aucta | COSMOGRAPHIA | IN QUATVOR LIBROS DISTRIBVTA,  SVMMO ORDINE, MIRAQ. FACILITATE, ac brevitate ad Magnam Ptolemaei Mathematicam Constructionem, ad universamque Astrologiam instituens | nuper in hac secunda editione ab ipso Authore | IACOBI FILIO, PATRITIO VENETO | Ioannis de Sacrobosco | aucta | Communia Mathematica | Arithmetica | Geometrica principia | Index eorum | Communia Mathematica | Arithmetica | Geometrica principia | Index","IACOBI FILIO, PATRITIO VENETO | Ioannis de Sacrobosco","distribvta | recognita | aucta | cosmographia | in quatvor libros distribvta, svmmo ordine, miraq. facilitate, ac brevitate ad magnam ptolemaei mathematicam constructionem, ad universamque astrologiam instituens | nuper in hac secunda editione ab ipso authore | iacobi filio, patritio veneto | ioannis de sacrobosco | aucta | communia mathematica | arithmetica | geometrica principia | index eorum | communia mathematica | arithmetica | geometrica principia | index | distribvta recognita aucta nuper in hac secunda editione ab ipso authore in quatvor libros distribvta svmmo ordine miraq facilitate ac brevitate ad magnam ptolemaei mathematicam constructionem ad universamque astrologiam instituens aucta communia mathematica arithmetica geometrica principia index eorum communia mathematica arithmetica geometrica principia index ioannis de sacrobosco | distribvta recognita aucta nuper in hac secunda editione ab ipso authore in quatvor libros distribvta svmmo ordine miraq facilitate ac brevitate ad magnam ptolemaei mathematicam constructionem ad universamque astrologiam instituens aucta communia mathematica arithmetica geometrica principia index eorum communia mathematica arithmetica geometrica principia index ioannis de sacrobosco iacobi filio patritio veneto francisco barocio | IN QUATVOR LIBROS DISTRIBVTA,  SVMMO ORDINE, MIRAQ. FACILITATE, ac brevitate ad Magnam Ptolemaei Mathematicam Constructionem, ad universamque Astrologiam instituens | COSMOGRAPHIA | aucta | nuper in hac secunda editione ab ipso Authore | Communia Mathematica | Arithmetica | Geometrica principia | Index eorum | False | False | False"
WHEESV,1600,Pesaro,LATIN,folio,Visual/Spatial Arts,False,unknown_books,not_euclid_elements,False,True,False,False,False,False,False,PERSPECTIVAE LIBRI SEX,E MARCHIONIBVS MONTIS,
bib-209,1600,Leiden,DUTCH,missing/unknown,Geometry/Theory | Instruments/Measurement,False,unknown_books,not_euclid_elements,False,True,False,False,False,False,False,ghecomponeert | ghegheven | geadmitteert | nieuws | geadmitteert Lantmeeter by den Hove van West-Vrieslant | geadmitteert Lantmeeter by den Hove van Hollant | nieuw gehaeculeerde Tafelen,den Hove van West-Vrieslant | den Hove van Hollant | geadmitteert Lantmeeter by den Hove van West-Vrieslant | geadmitteert Lantmeeter by den Hove van Hollant,
bib-210,1600,Leiden,DUTCH,missing/unknown,Geometry/Theory | Instruments/Measurement | Cosmos/Earth,False,unknown_books,not_euclid_elements,False,True,False,False,False,False,False,ghecomponeert | ghegheven,,
bib-280,1600,Paris,FRENCH,missing/unknown,Visual/Spatial Arts | Applied Mechanics/Military,False,unknown_books,not_euclid_elements,False,True,False,False,False,False,False,REDVICTE | Ingenieur du Treschrestien Roy de France et de Navarre,Ingenieur du Treschrestien Roy de France et de Navarre | sa Maiesté,
ustc-29,1602,Paris,FRENCH,missing/unknown,Geometry/Theory,False,unknown_books,not_euclid_elements,False,True,False,False,False,False,False,LA GEOMETRIE ET PRACTIQVE GENERALLE D'ICELLE | ET PRACTIQVE GENERALLE D'ICELLE | SECONDE EDITION | Ingenieur ordinaire de ſa Maieſté,Ingenieur ordinaire de ſa Maieſté | Tref-Chreſtien Roy de France & de Nauarre,
bib-212,1603,Amsterdam,DUTCH,missing/unknown,Arithmetic/Commerce,False,unknown_books,not_euclid_elements,False,True,False,False,False,False,False,"Gestelt | int corte | Arithmetica | Practicque omme int corte te leeren spheren naer alderleyse Coophandel inghe, met som- mighe Exemplen ghesolvert deur die Cabiça, Cost, tot profyte van alle Coopluijden | met som- mighe Exemplen",int corte,
bib-93,1603,Venice,ITALIAN,missing/unknown,Geometry/Theory | Arithmetic/Commerce | Instruments/Measurement,False,unknown_books,not_euclid_elements,False,True,False,False,False,False,False,"NUOVAMENTE POSTA IN LVCE | PRATICA D’ARITHMETICA E GEOMETRIA | De Minori conventuali di S. Franc. nella qual si dimostra un ve- ro, & facilissimo modo da risolver ogni sorte di ragioni,  Da misurar tutte le superficie terrene, e corpi regolari, da misurar con l’aspetto le distanze, l’altezze, e le profondità,  Con il modo da leuar le piante senza bussola: si copronsi in essa alcuni errori di certi Autori | NUOVAMENTE POSTA IN LVCE",Minori conventuali di S. Franc | R. P. F. Lorenzo Forestani da Pescia,"nuovamente posta in lvce | pratica d’arithmetica e geometria | de minori conventuali di s. franc. nella qual si dimostra un ve- ro, & facilissimo modo da risolver ogni sorte di ragioni, da misurar tutte le superficie terrene, e corpi regolari, da misurar con l’aspetto le distanze, l’altezze, e le profondità, con il modo da leuar le piante senza bussola: si copronsi in essa alcuni errori di certi autori | nuovamente posta in lvce | nuovamente posta in lvce nuovamente posta in lvce de minori conventuali di s franc nella qual si dimostra un ve ro facilissimo modo da risolver ogni sorte di ragioni da misurar tutte le superficie terrene e corpi regolari da misurar con laspetto le distanze laltezze e le profondita con il modo da leuar le piante senza bussola si copronsi in essa alcuni errori di certi autori | nuovamente posta in lvce nuovamente posta in lvce de minori conventuali di s franc nella qual si dimostra un ve ro facilissimo modo da risolver ogni sorte di ragioni da misurar tutte le superficie terrene e corpi regolari da misurar con laspetto le distanze laltezze e le profondita con il modo da leuar le piante senza bussola si copronsi in essa alcuni errori di certi autori minori conventuali di s franc | De Minori conventuali di S. Franc. nella qual si dimostra un ve- ro, & facilissimo modo da risolver ogni sorte di ragioni,  Da misurar tutte le superficie terrene, e corpi regolari, da misurar con l’aspetto le distanze, l’altezze, e le profondità,  Con il modo da leuar le piante senza bussola: si copronsi in essa alcuni errori di certi Autori | PRATICA D’ARITHMETICA E GEOMETRIA | NUOVAMENTE POSTA IN LVCE | False | False | False"
ustc-16,1604,Paris,FRENCH,missing/unknown,Instruments/Measurement | Cosmos/Earth,False,unknown_books,not_euclid_elements,False,True,False,False,False,False,False,"INVENTE | DEDIE | DEDIE | naïf de Cheuerain en Haynault, & Bachelier en la faculté de Medecine à Paris | natifs de Cheurenain en Haynault, & Bachelier en la faculté de Medecine à Paris","la faculté de Medecine à Paris | faculté de Medecine à Paris | Archeuesque de Sens | naïf de Cheuerain en Haynault, & Bachelier en la faculté de Medecine à Paris | natifs de Cheurenain en Haynault, & Bachelier en la faculté de Medecine à Paris | Monseigneur le Reuerendissime Archeuesque de Sens, Primat des Gaules, & de Germanie, grand Aumosnier de France, & Confeiller du Roy en ses Confeils d'Estat & Priué, &c | Monseigneur le Reueren­dissime Archeuesque de Sens, Primat des Gaules, & de Germanie, grand Aumosnier de France & Conseiller du Roy en ses Conseils d'Estat & Priué, &c",
bib-12,1614,The Hague,FRENCH,missing/unknown,Visual/Spatial Arts | Applied Mechanics/Military,False,unknown_books,not_euclid_elements,False,True,False,False,False,False,False,,,
Arnhem_1620,1620,Arnhem,LATIN,missing/unknown,Geometry/Theory,False,unknown_books,euclid_humanist_transfer,False,True,False,False,False,False,False,"corriguntur | reijciuntur | edita | donata | Euclidea Elementa | nonnulla corriguntur, nonnulla ut falsa reijciuntur | NOVA REPERTA GEOMETRICA | Hispanice edita, jam vero latinitate donata | Euclidea Elementa | Hispanice | latinitate | Euclidea",NICOLAO IANSONIO Arnh. Geldro,
Jena_1628,1628,Jena,GERMAN,missing/unknown,Geometry/Theory,False,unknown_books,euclid_sparse_canonical,False,True,False,False,False,False,False,"Teutscher Eu- CLIDES | Das ist, seiner GEOMETRIAE Erster Theil Von derselben Elementen | PROFESSORIS MATHEMATICI in der Universität Jehna | Teutscher Eu- CLIDES | Teutscher Eu- CLIDES | Eu- CLIDES",Universität Jehna | PROFESSORIS MATHEMATICI in der Universität Jehna,
ustc-41,1630,Paris,FRENCH,missing/unknown,Applied Mechanics/Military,False,unknown_books,not_euclid_elements,False,True,False,False,False,False,False,"Escuyer Sieur de la Maillarde, Conseiller du Roy, & Tréso- rier general de France en Picardie","Escuyer Sieur de la Maillarde, Conseiller du Roy, & Tréso- rier general de France en Picardie","Examen du livre des récréations mathématiques et de ses problèmes en géométrie méchanique optique & catoptrique où sont aussi discutées et restablies plusieurs expériences physiques y proposées par Claude Mydorge | escuyer sieur de la maillarde, conseiller du roy, & tréso- rier general de france en picardie | escuyer sieur de la maillarde conseiller du roy treso rier general de france en picardie clavde mydorge | False | False | False"
Innsbruck_1634,1634,Innsbruck,LATIN,missing/unknown,No primary family,False,unknown_books,euclid_method_access,False,True,False,False,False,False,False,APERITUR | Accommodavit | SELEGIT | Accommodavit | ADITUS | APERITUR | PER VISITATORES | EUCLIDIS SEX PRIORIBUS ELEMENTORUM LIBRIS | ET FACILIOREM AD CAPTUM | ET FACILIOREM AD CAPTVM | S. I | EUCLIDIS SEX PRIORIBUS ELEMENTORUM LIBRIS | DEMONSTRATIONES | EUCLIDIS,PER VISITATORES | S. I | S. I,aperitur | accommodavit | selegit | accommodavit | aditus | aperitur | per visitatores | euclidis sex prioribus elementorum libris | et faciliorem ad captum | et faciliorem ad captvm | s. i | euclidis sex prioribus elementorum libris | demonstrationes | euclidis | aperitur accommodavit selegit accommodavit aditus aperitur et faciliorem ad captum et faciliorem ad captvm demonstrationes euclidis sex prioribus elementorum libris euclidis | aperitur accommodavit selegit accommodavit aditus aperitur et faciliorem ad captum et faciliorem ad captvm demonstrationes per visitatores s i euclidis sex prioribus elementorum libris euclidis s i andreas arzet s i andreas arzet | ET FACILIOREM AD CAPTUM | ET FACILIOREM AD CAPTVM | EUCLIDIS SEX PRIORIBUS ELEMENTORUM LIBRIS | DEMONSTRATIONES | False | False | False
BKH4JK,1656,Oxford,LATIN,quarto,Geometry/Theory,False,unknown_books,not_euclid_elements,False,True,False,False,False,False,False,DE ANGULO CONTACTUS ET SEMICIRCULI | Disquisitio Geometrica | GEOMETRIAE PROFESSORIS SAVILIANI in Celeberrimâ Academiâ OXONIENSI,Academiâ OXONIENSI | GEOMETRIAE PROFESSORIS SAVILIANI in Celeberrimâ Academiâ OXONIENSI,
Bologna_1663,1663,Bologna,ITALIAN,missing/unknown,Geometry/Theory,False,unknown_books,euclid_method_access,False,True,False,False,False,False,False,"RINNOVATO | Volgarizzato | reuisito | corretto | ridotti | Gl’ antichi Elementi della Geometria | ridotti à maggior breuità, e facilità, In cui con nuovo, e più sicuro modo si dimostra il trattato delle Proporzioni | RINNOVATO | reuisito, e corretto | Fiorentino | Gl’ antichi Elementi della Geometria | EVCLIDE",Studio di Messina | Fiorentino | SIG. GIO. ALFONSO BORELLI,"Euclide rinnovato ovvero gli antichi elementi della geometria | rinnovato | volgarizzato | reuisito | corretto | ridotti | gl’ antichi elementi della geometria | ridotti à maggior breuità, e facilità, in cui con nuovo, e più sicuro modo si dimostra il trattato delle proporzioni | rinnovato | reuisito, e corretto | fiorentino | gl’ antichi elementi della geometria | evclide | rinnovato volgarizzato reuisito corretto ridotti rinnovato reuisito e corretto ridotti a maggior breuita e facilita in cui con nuovo e piu sicuro modo si dimostra il trattato delle proporzioni gl antichi elementi della geometria evclide | rinnovato volgarizzato reuisito corretto ridotti rinnovato reuisito e corretto ridotti a maggior breuita e facilita in cui con nuovo e piu sicuro modo si dimostra il trattato delle proporzioni studio di messina gl antichi elementi della geometria evclide fiorentino domenico magni | ridotti à maggior breuità, e facilità, In cui con nuovo, e più sicuro modo si dimostra il trattato delle Proporzioni | Gl’ antichi Elementi della Geometria | RINNOVATO | reuisito, e corretto | False | False | False"
Amsterdam_1672,1672,Amsterdam,DUTCH,missing/unknown,Geometry/Theory | Instruments/Measurement,False,unknown_books,euclid_procedural_pedagogical,False,True,False,False,False,False,False,"Voorgesteld | de ses eerste Boecken Euclidis | Handeldt van de Meetkonstige Werckstucken | de ses eerste Boecken Euclidis | Alleenigh met een Passer te wercken (sonder Rye ofte Liniael te gebruycken) door Snijding van Roeden | Geeft aanleyding om verscheyde Werckstucken te maecken, als van Snijding, Raecking, Deeling, Perspectie en Sonnewijssers | aanleyding om verscheyde Werckstucken te maecken | EUCLIDES DANICUS | EUCLIDES DANICUS | Euclidis",,
Florence_1674,1674,Florence,ITALIAN,missing/unknown,Geometry/Theory,False,unknown_books,euclid_geometry_theory_primary,False,True,False,False,False,False,False,"difesa | pubblicata | spiegata | QVINTO LIBRO DEGLI ELEMENTI D’EVCLIDE | SCIENZA VNIVERSALE DELLE PROPORZIONI SPIEGATA COLLA DOTTRINA DEL GALILEO | Con nuovo ordine difesa, e per la prima volta pubblicata | ultimo suo Discepolo | GALILEO | TORRICELLI | QVINTO LIBRO DEGLI ELEMENTI D’EVCLIDE | cose varie | I Ragguali | del TORRICELLI | I Ragguali | Aggiuntivi cose varie, e del GALILEO, e del TORRICELLI; I Ragguali dell’ultime Opere loro, con altro, che dall’Indice si manifesta | TORRICELLI | I Ragguali | GALILEO | D’EVCLIDE",ultimo suo Discepolo | PRINCIPE CARDINALE DE’ MEDICI | GALILEO | TORRICELLI,
London_1678a,1678,London,LATIN,missing/unknown,Geometry/Theory,False,unknown_books,euclid_procedural_pedagogical,False,True,False,False,False,False,False,"DEMONSTRATA | EVCLIDIS ELEMENTA GEOMETRICA | EUCLIDIS ELEMENTA GEOMETRICA | NOVO ORDINE AC METHODO FERÈ DEMONSTRATA | Novo Ordine ac Methodo FERE, DEMONSTRATA | Introductione brevi, Quâ Magnitudinum Ortus ex genuinis Principiis, & ortarum Affectiones ex ipsa Genesi derivantur | EVCLIDIS ELEMENTA GEOMETRICA | EUCLIDIS ELEMENTA GEOMETRICA | Introductione brevi | NICOLAI MERCATORIS IN GEOMETRIAM | IN GEOMETRIAM | EVCLIDIS | EUCLIDIS",,"Euclidis Elementa Geometrica Novo Ordine ac Methodo fere demonstrata | demonstrata | evclidis elementa geometrica | euclidis elementa geometrica | novo ordine ac methodo ferè demonstrata | novo ordine ac methodo fere, demonstrata | introductione brevi, quâ magnitudinum ortus ex genuinis principiis, & ortarum affectiones ex ipsa genesi derivantur | evclidis elementa geometrica | euclidis elementa geometrica | introductione brevi | nicolai mercatoris in geometriam | in geometriam | evclidis | euclidis | demonstrata novo ordine ac methodo fere demonstrata novo ordine ac methodo fere demonstrata introductione brevi qua magnitudinum ortus ex genuinis principiis ortarum affectiones ex ipsa genesi derivantur introductione brevi nicolai mercatoris in geometriam in geometriam evclidis elementa geometrica euclidis elementa geometrica evclidis euclidis | demonstrata novo ordine ac methodo fere demonstrata novo ordine ac methodo fere demonstrata introductione brevi qua magnitudinum ortus ex genuinis principiis ortarum affectiones ex ipsa genesi derivantur introductione brevi nicolai mercatoris in geometriam in geometriam evclidis elementa geometrica euclidis elementa geometrica evclidis euclidis | NOVO ORDINE AC METHODO FERÈ DEMONSTRATA | Novo Ordine ac Methodo FERE, DEMONSTRATA | Introductione brevi, Quâ Magnitudinum Ortus ex genuinis Principiis, & ortarum Affectiones ex ipsa Genesi derivantur | EVCLIDIS ELEMENTA GEOMETRICA | EUCLIDIS ELEMENTA GEOMETRICA | Introductione brevi | NICOLAI MERCATORIS IN GEOMETRIAM | False | False | False"
Paris_1689,1689,Paris,FRENCH,missing/unknown,Geometry/Theory,False,unknown_books,elements_language_no_euclid,False,True,False,False,False,False,False,"MIEUX DIGEREE | NOUVEAUX ELEMENS | OU PRINCIPES GENERAUX DE TOUTES LES SCIENCES Qui ont les grandeurs pour objet | SECONDE EDITION, PLUS AMPLE ET MIEUX DIGEREE | Prêtre, ci-devant Professeur des Mathématiques dans les Universitez d’Angers & de Nantes | NOUVEAUX ELEMENS","Universitez d’Angers & de Nantes | Prêtre, ci-devant Professeur des Mathématiques dans les Universitez d’Angers & de Nantes","Nouveaux elemens des mathematiques, ou principes generaux de toutes les sciences qui ont les grandeurs pour objet | mieux digeree | nouveaux elemens | ou principes generaux de toutes les sciences qui ont les grandeurs pour objet | seconde edition, plus ample et mieux digeree | prêtre, ci-devant professeur des mathématiques dans les universitez d’angers & de nantes | nouveaux elemens | mieux digeree seconde edition plus ample et mieux digeree ou principes generaux de toutes les sciences qui ont les grandeurs pour objet nouveaux elemens | mieux digeree seconde edition plus ample et mieux digeree ou principes generaux de toutes les sciences qui ont les grandeurs pour objet universitez dangers de nantes nouveaux elemens pretre ci devant professeur des mathematiques dans les universitez dangers de nantes jean prestet | OU PRINCIPES GENERAUX DE TOUTES LES SCIENCES Qui ont les grandeurs pour objet | NOUVEAUX ELEMENS | SECONDE EDITION, PLUS AMPLE ET MIEUX DIGEREE | False | False | False"
