title,page_count,href,exists_in_commentaria,mathematics_related,subjects
100001_Augurello1515_Chrysopoeia_GB_Noscemus,133,https://app.transkribus.org/sites/noscemus/doc/713324?colId=88639,,False,alchemy
100069_Severinus1571_Idea_medicinae_philosophicae_GB_Noscemus,463,https://app.transkribus.org/sites/noscemus/doc/726765?colId=88639,,False,medicine; philosophy
100070_Libavius1597_Alchemia_ER_Noscemus,469,https://app.transkribus.org/sites/noscemus/doc/597737?colId=88639,,False,chemistry; alchemy
100087_Beguin1612_Tyrocinium_chymicum_GB_Noscemus,213,https://app.transkribus.org/sites/noscemus/doc/971293?colId=88639,,False,chemistry
Abhandlungen der Churfürstlich-baierischen Akademie der Wissenschaften. Bd. 4. 1767 Munich.pdf,485,https://app.transkribus.org/sites/noscemus/doc/702832?colId=88639,,Unknown,multidisciplinary science
"Achrelius, Daniel - Scientiarum magnes. Turku 1690.pdf",81,https://app.transkribus.org/sites/noscemus/doc/705665?colId=88639,,Unknown,multidisciplinary science
"Acosta, José de - De natura novi orbis. Salamanca 1589.pdf",672,https://app.transkribus.org/sites/noscemus/doc/713323?colId=88639,,Unknown,physics
Acta eruditorum 1682. Leipzig 1682pdf,1061,https://app.transkribus.org/sites/noscemus/doc/720611?colId=88639,,Unknown,multidisciplinary science
Acta eruditorum 1684. Leipzig 1684.pdf,638,https://app.transkribus.org/sites/noscemus/doc/928187?colId=88639,,Unknown,multidisciplinary science
Acta eruditorum 1700. Leipzig 1700.pdf,634,https://app.transkribus.org/sites/noscemus/doc/863736?colId=88639,,Unknown,multidisciplinary science
Acta eruditorum 1705. Leipzig 1705.pdf,635,https://app.transkribus.org/sites/noscemus/doc/657725?colId=88639,,Unknown,multidisciplinary science
Acta eruditorum 1729. Leipzig 1729.pdf,588,https://app.transkribus.org/sites/noscemus/doc/640824?colId=88639,,Unknown,multidisciplinary science
Acta Helvetica physico-mathematico-medica.pdf,971,https://app.transkribus.org/sites/noscemus/doc/648164?colId=88639,,True,mathematics; physics; medicine
Acta literaria Sueciae. Vol. 1. Uppsala [1723–1725],28,https://app.transkribus.org/sites/noscemus/doc/1365811?colId=88639,,Unknown,multidisciplinary science
Acta litteraria regni Poloniae et magni ducatus Lithuaniae anno MDCCLV publicata. Trimestre primum. Warsaw 1755.pdf,76,https://app.transkribus.org/sites/noscemus/doc/720610?colId=88639,,Unknown,multidisciplinary science
Acta Societatis Regiae Scientiarum Upsaliensis ad annum MDCCXL. Stockholm 1744.pdf,154,https://app.transkribus.org/sites/noscemus/doc/720612?colId=88639,,Unknown,multidisciplinary science
"Adam, Melchior - Vitae Germanorum medicorum. Heidelberg 1620.pdf",517,https://app.transkribus.org/sites/noscemus/doc/693148?colId=88639,,False,medicine; biography
"Agardh, Carl A. - Aphorismi botanici. Lund 1817-1826.pdf",278,https://app.transkribus.org/sites/noscemus/doc/1479057?colId=88639,,False,botany
"Agerius, Nicolaus & Reusser, Johann Philipp - Diaskepsis physike de nive. Strasbourg 1627",9,https://app.transkribus.org/sites/noscemus/doc/670589?colId=88639,,Unknown,snow and ice
"Agricola, Georg - Bermannus. Basel 1530",149,https://app.transkribus.org/sites/noscemus/doc/598104?colId=88639,,Unknown,unknown
"Agricola, Georg - Bermannus. Leipzig 1546.pdf",97,https://app.transkribus.org/sites/noscemus/doc/705019?colId=88639,,Unknown,unknown
"Agricola, Georg - Bermannus. Paris 1541.pdf",135,https://app.transkribus.org/sites/noscemus/doc/705020?colId=88639,,Unknown,unknown
"Agricola, Georg - De ortu et causis subterraneorum libri V ... Basel 1546.pdf",553,https://app.transkribus.org/sites/noscemus/doc/616637?colId=88639,,False,mineralogy
"Agricola, Georg - De re metallica. Basel 1556.pdf",605,https://app.transkribus.org/sites/noscemus/doc/658534?colId=88639,,False,chemistry; mineralogy
"Albertus de Saxonia & Vettori, Benedetto - Commentaria in Tractatum proportionum Alberti de Saxonia. Bologna 1506.pdf",121,https://app.transkribus.org/sites/noscemus/doc/735146?colId=88639,,True,geometry
"Albrecht, Johann Wilhelm - De effectibus musices in corpus animatum. Leipzig 1734.pdf",147,https://app.transkribus.org/sites/noscemus/doc/740095?colId=88639,,Unknown,music
"Aldrovandi, Ulisse - De quadrupedibus digitatis. Bologna 1637.pdf",751,https://app.transkribus.org/sites/noscemus/doc/750211?colId=88639,,False,zoology
"Aldrovandi, Ulisse - Serpentum et draconum historia. Bologna 1640.pdf",471,https://app.transkribus.org/sites/noscemus/doc/749215?colId=88639,,False,zoology; history
"Alessandrini, Giulio - De medicina et medico dialogus. Zurich 1557.pdf",393,https://app.transkribus.org/sites/noscemus/doc/599722?colId=88639,,False,medicine; literature
Alfraganus et al. - Continentur in hoc libro Rudimenta astronomica Alfragani ... Nuremberg 1537.pdf,259,https://app.transkribus.org/sites/noscemus/doc/732892?colId=88639,,True,astronomy
"Allioni, Carlo - Flora Pedemontana. Vol. 1. Turin 1785.pdf",387,https://app.transkribus.org/sites/noscemus/doc/747388?colId=88639,,False,botany
"Allioni, Carlo - Flora Pedemontana. Vol. 2. Turin 1785.pdf",421,https://app.transkribus.org/sites/noscemus/doc/747387?colId=88639,,False,botany
"Allioni, Carlo - Flora Pedemontana. Vol. 3. Turin 1785.pdf",223,https://app.transkribus.org/sites/noscemus/doc/747386?colId=88639,,False,botany
"Alpino, Prospero - De balsamo dialogus. Venice 1591.pdf",79,https://app.transkribus.org/sites/noscemus/doc/599723?colId=88639,,False,literature
"Alsario della Croce, Vincenzo - Vesuvius ardens. Rome 1632.pdf",341,https://app.transkribus.org/sites/noscemus/doc/775166?colId=88639,,False,geology
"Alsted, Johann Heinrich - Physica harmonica. Herborn 1616.pdf",297,https://app.transkribus.org/sites/noscemus/doc/839338?colId=88639,,Unknown,physics; music
"Alsted, Johann Heinrich - Triumphus Bibliorum sacrorum. Frankfurt am Main 1625.pdf",647,https://app.transkribus.org/sites/noscemus/doc/718447?colId=88639,,False,theology
"Altavilla, Benedetto - Animadversiones in ephemeridas. Turin 1580.pdf",33,https://app.transkribus.org/sites/noscemus/doc/900764?colId=88639,,True,astronomy
"Amann, Nils Nilsson - Flora Alpina. Uppsala 1756.pdf",32,https://app.transkribus.org/sites/noscemus/doc/662863?colId=88639,,False,botany
Amataus Lusitanus - Curationum medicinalium centuria prima. Florence 1551.pdf,411,https://app.transkribus.org/sites/noscemus/doc/702145?colId=88639,,False,medicine
"Anghiera, Pietro Martire d' - De orbe novo decades octo. Alcalá de Henares 1530.pdf",256,https://app.transkribus.org/sites/noscemus/doc/696815?colId=88639,,Unknown,geography
Anonymi - Carmina quadragesimalia. Oxford 1723.pdf,205,https://app.transkribus.org/sites/noscemus/doc/691442?colId=88639,,False,literature
Anonymus 15 - Symbolum Oenipontanum. Innsbruck 1620.pdf,1,https://app.transkribus.org/sites/noscemus/doc/928693?colId=88639,,Unknown,unknown
Anonymus 19 - Ars dirigendae mentis. Vol. 3. Venice 1739.pdf,381,https://app.transkribus.org/sites/noscemus/doc/750212?colId=88639,,Unknown,psychology
Anonymus 19 - Ars dirigendae mentis. Vol. 4. Venice 1739.pdf,499,https://app.transkribus.org/sites/noscemus/doc/750213?colId=88639,,Unknown,psychology
"Anonymus 20 - Review of Isaaci Nevvton, Philosophiae naturalis principia mathematica – Acta eruditorum. Leipzig 1688.pdf",59,https://app.transkribus.org/sites/noscemus/doc/1528734?colId=88639,,True,mathematics; philosophy; multidisciplinary science
Anonymus 5 - Enchiridion medicinae. Basel 1573.pdf,51,https://app.transkribus.org/sites/noscemus/doc/608626?colId=88639,,False,medicine; education
"Apian, Petrus - Cosmographicus liber. Landshut 1524.pdf",131,https://app.transkribus.org/sites/noscemus/doc/902261?colId=88639,,True,astronomy
"Apian, Petrus - Quadrans Apiani astronomicus. Ingolstadt 1532.pdf",62,https://app.transkribus.org/sites/noscemus/doc/918508?colId=88639,,True,astronomy
"Apollonius Pergaeus et al. - Apolloni Pergaei Conicorum libri V, VI, VII. Florence 1661.pdf",461,https://app.transkribus.org/sites/noscemus/doc/708106?colId=88639,,True,geometry
"Apollonius Pergaeus & Halley, Edmond - Apollonii Pergaei Conicorum libri octo. Oxford 1710.pdf",549,https://app.transkribus.org/sites/noscemus/doc/708107?colId=88639,,True,geometry
Applausus poetici. Innsbruck 1726.pdf,17,https://app.transkribus.org/sites/noscemus/doc/804028?colId=88639,,False,literature
Arcadum carmina. Vol. 1. Rome 1721.pdf,335,https://app.transkribus.org/sites/noscemus/doc/704344?colId=88639,,False,literature
Arcadum carmina. Vol. 2 Rome 1756.pdf,328,https://app.transkribus.org/sites/noscemus/doc/710270?colId=88639,,False,literature
"Archimedes & Gaurico, Luca - Tetragonismus. Venice 1503.pdf",73,https://app.transkribus.org/sites/noscemus/doc/915172?colId=88639,,True,mathematics
"Argenterio, Giovanni - De somno et vigilia. Florence 1556.pdf",435,https://app.transkribus.org/sites/noscemus/doc/658378?colId=88639,,Unknown,psychology
"Aristotle & Gaza, Theodorus - De animalibus. Venice 1476.pdf",512,https://app.transkribus.org/sites/noscemus/doc/808106?colId=88639,,False,zoology; philosophy
"Aselli, Gaspare - De lactibus. Basel 1628.pdf",97,https://app.transkribus.org/sites/noscemus/doc/605241?colId=88639,,False,anatomy
"Avicenna & Gentilis, de Fulgineo & degli Emanuelli, Bartolomeo - Super dicta Gentilis super definitione de febre data ab Avicenna. Rome 1524.pdf",55,https://app.transkribus.org/sites/noscemus/doc/831512?colId=88639,,False,medicine
"Bacci, Andrea & Gabelkover, Wolfgang - De monocerote seu unicornu. Stuttgart 1598.pdf",213,https://app.transkribus.org/sites/noscemus/doc/1424044?colId=88639,,False,zoology
"Bacon, Francis & Gruter, Jacob - Silva silvarum. Amsterdam 1661.pdf",711,https://app.transkribus.org/sites/noscemus/doc/801657?colId=88639,,False,natural history
"Bacon, Francis - Instauratio magna. London 1620.pdf",412,https://app.transkribus.org/sites/noscemus/doc/1031760?colId=88639,,Unknown,scientific method
"Baffi, Giovanni Battista - De cometis libri tres. Perugia 1580.pdf",257,https://app.transkribus.org/sites/noscemus/doc/668490?colId=88639,,True,astronomy
"Baglivi, Giorgio - De praxi medica ad priscam observandi rationem revocanda. Rome 1696.pdf",405,https://app.transkribus.org/sites/noscemus/doc/668491?colId=88639,,False,medicine
"Baglivi, Giorgio - Opera omnia medico-practica et anatomica. Lyon 1704.pdf",761,https://app.transkribus.org/sites/noscemus/doc/691444?colId=88639,,False,medicine; anatomy
"Barbarus, Hermolaus Iunior & Barbarus Hermolaus - Compendium scientiae naturalis ex Aristotele. Venice 1545.pdf",159,https://app.transkribus.org/sites/noscemus/doc/720097?colId=88639,,Unknown,philosophy; education
"Barbereini, Maffeo - Maffaei sanctae Romanae ecclesiae cardinalis Barberini ... poemata. Paris 1620.pdf",121,https://app.transkribus.org/sites/noscemus/doc/775165?colId=88639,,False,theology; literature
"Barlaeus, Caspar - Poemata. Vol. 2. Amsterdam 1646.pdf",604,https://app.transkribus.org/sites/noscemus/doc/928694?colId=88639,,False,literature
"Baron, Hacinthe-Théodore - Quaestionum medicarum series chornologica. Paris 1752-1763.pdf",386,https://app.transkribus.org/sites/noscemus/doc/605910?colId=88639,,False,medicine
"Barozzi, Francesco - Cosmographia in quattuor libros distributa. Venice 1585.pdf",523,https://app.transkribus.org/sites/noscemus/doc/704343?colId=88639,,True,astronomy
"Barrow, Isaac - Mathematicae professoris Lucasiani lectiones. London 1683.pdf",205,https://app.transkribus.org/sites/noscemus/doc/702144?colId=88639,,True,mathematics
"Bartholin, Caspar - Anatomicae institutiones. Wittenberg 1611.pdf",589,https://app.transkribus.org/sites/noscemus/doc/807625?colId=88639,,False,anatomy; education
"Bartholin, Rasmus - Experimenta crystalli Islandici disdiaclastici. Copenhagen 1699.pdf",93,https://app.transkribus.org/sites/noscemus/doc/706763?colId=88639,,Unknown,crystallography; scientific method
"Bartholin, Rasmus - Specimen recognitionis nuper editarum Observantionum astronomicarum Tychonis Brahe. Copenhagen 1668.pdf",57,https://app.transkribus.org/sites/noscemus/doc/657726?colId=88639,,True,astronomy
"Bartholin, Thomas - De nivis usu medico observationes variae. Copenhagen 1661.pdf",325,https://app.transkribus.org/sites/noscemus/doc/694898?colId=88639,,False,medicine; scientific method
"Bartholin, Thomas - De unicornu observationes novae. Padua 1645.pdf",344,https://app.transkribus.org/sites/noscemus/doc/706097?colId=88639,,False,zoology; scientific method
Bartholomaeus de Montagna - Consilia. Venice 1565.pdf,820,https://app.transkribus.org/sites/noscemus/doc/901145?colId=88639,,Unknown,unknown
"Basini, Basinio - Basini Parmensis poetae opera praestantiora. Vol. 1. Rimini 1794.pdf",560,https://app.transkribus.org/sites/noscemus/doc/701785?colId=88639,,False,literature
"Bauhin, Caspar - ΠΙΝΑΞ (Pinax) theatri botanici. Basel 1623.pdf",581,https://app.transkribus.org/sites/noscemus/doc/632437?colId=88639,,False,botany
"Bauhin, Johann & Gessner, Conrad - De plantis a divis sanctisve nomen habentibus. Basel 1591.pdf",177,https://app.transkribus.org/sites/noscemus/doc/658379?colId=88639,,False,botany
"Bayer, Johann - Uranomatria. Augsburg 1603.pdf",169,https://app.transkribus.org/sites/noscemus/doc/752861?colId=88639,,True,astronomy
"Becher, Johann Joachim et al. - Ichnographia chymiae fundamentalis. Büdingen 1722.pdf",33,https://app.transkribus.org/sites/noscemus/doc/797710?colId=88639,,False,chemistry
"Beckher, Daniel & Lindemann, Thomas - Disquisitio physica de glacie cruenta. Königsberg 1634.pdf",18,https://app.transkribus.org/sites/noscemus/doc/694624?colId=88639,,Unknown,physics; snow and ice
"Bellanti, Lucio - De astrologica veritate liber quaestionum ... Basel 1554 .pdf",327,https://app.transkribus.org/sites/noscemus/doc/733808?colId=88639,,Unknown,astrology
"Belon, Pierre - De aquatilibus. Pairs 1553.pdf",496,https://app.transkribus.org/sites/noscemus/doc/664559?colId=88639,,False,zoology
"Bembo, Pietro - De Aetna. Venice 1496.pdf",70,https://app.transkribus.org/sites/noscemus/doc/599724?colId=88639,,False,geology
"Benedetti, Giovanni Battista - Diversarum speculationum mathematicarum et physicarum liber. Turin 1585.pdf",921,https://app.transkribus.org/sites/noscemus/doc/841471?colId=88639,bib-35,True,mathematics; physics
"Benedetti, Giovanni Battista - Resolutio omnium Euclidis problematum. Venice 1553.pdf",145,https://app.transkribus.org/sites/noscemus/doc/928628?colId=88639,4D3V3G,True,geometry
"Bergman, Torbern - Opuscula physica et chemica. Stockholm et al. 1779-1790.pdf",2664,https://app.transkribus.org/sites/noscemus/doc/605035?colId=88639,,False,physics; chemistry
"Bergman, Torbern - Sciagraphia regni mineralis. Leipzig & Desau 1782.pdf",177,https://app.transkribus.org/sites/noscemus/doc/694478?colId=88639,,False,mineralogy
"Bergsträsser, Johann Andreas Benignus - Icones papilionum diurnorum. 3 vols. Hanau 1779-1781.pdf",93,https://app.transkribus.org/sites/noscemus/doc/756850?colId=88639,,False,zoology
"Beringer, Johann Bartholomäus Adam & Hueber, Georg Ludwig - Lithographia Wirceburgensis. Würzburg 1726.pdf",135,https://app.transkribus.org/sites/noscemus/doc/695640?colId=88639,,False,geology
"Bernoulli, Daniel (II) - Vita Danielis Bernoulli. Basel 1787.pdf",42,https://app.transkribus.org/sites/noscemus/doc/604894?colId=88639,,False,biography
"Bernoulli, Jakob - Ars conectandi. Basel 1713.pdf",358,https://app.transkribus.org/sites/noscemus/doc/807388?colId=88639,,True,mathematics
"Bernoulli, Johann - De motu musculorum. Basel 1694.pdf",21,https://app.transkribus.org/sites/noscemus/doc/607707?colId=88639,,True,mechanics; anatomy
"Beroaldo, Filippo - Opusculum de terremotu et pestilentia. Bologna 1505.pdf",93,https://app.transkribus.org/sites/noscemus/doc/706764?colId=88639,,False,geology; medicine
"Bessel, Friedrich Wilhelm - Tabulae Regimontanae reductionum. Königsberg 1830.pdf",637,https://app.transkribus.org/sites/noscemus/doc/915239?colId=88639,,True,astronomy
"Bettini, Mario - Aerarium philosophiae mathematicae. Vol. 1. Bologna 1648.pdf",775,https://app.transkribus.org/sites/noscemus/doc/807622?colId=88639,,True,mathematics; philosophy
"Bettini, Mario - Aerarium philosophiae mathematicae. Vol. 2. Bologna 1648.pdf",507,https://app.transkribus.org/sites/noscemus/doc/807623?colId=88639,,True,mathematics; philosophy
"Bettini, Mario - Aerarium philosophiae mathematicae. Vol. 3. Bologna 1648.pdf",742,https://app.transkribus.org/sites/noscemus/doc/807624?colId=88639,,True,mathematics; philosophy
"Beughem, Cornelis à - Bibliographia mathematica. Amsterdam 1688.pdf",551,https://app.transkribus.org/sites/noscemus/doc/653294?colId=88639,,True,mathematics; bibliography
"Biancani, Giuseppe - Aristotelis loca mathematica ex universis ipsius operibus collecta et explicata. Bologna 1615.pdf",373,https://app.transkribus.org/sites/noscemus/doc/653295?colId=88639,,True,mathematics; philosophy
"Biancani, Giuseppe - Sphaera mundi. Bologna 1620.pdf",481,https://app.transkribus.org/sites/noscemus/doc/912314?colId=88639,,True,astronomy
"Biese, Nicolas - De natura libri V. Antwerp 1573.pdf",401,https://app.transkribus.org/sites/noscemus/doc/608625?colId=88639,,Unknown,physics
"Biese, Nicolas - De universitate libri tres. Antwerp 1556.pdf",259,https://app.transkribus.org/sites/noscemus/doc/706768?colId=88639,,Unknown,unknown
"Bilberg, Johannes & Björner, Roland - Disputatio physica de glacie (1689). Uppsala 1689.pdf",59,https://app.transkribus.org/sites/noscemus/doc/694621?colId=88639,,Unknown,physics; snow and ice
"Biwald, Leopold - Physica generalis. Graz 1767.pdf",499,https://app.transkribus.org/sites/noscemus/doc/708108?colId=88639,,Unknown,physics
"Blaesing, David & Mittelpfort Jacob - Disquisitio physica de nive. Königsberg 1686.pdf",28,https://app.transkribus.org/sites/noscemus/doc/694625?colId=88639,,Unknown,physics; snow and ice
"Blaeu, Joan - Theatrum Sabaudiae. Vol. 1. Amsterdam 1682.pdf",288,https://app.transkribus.org/sites/noscemus/doc/928887?colId=88639,,Unknown,geography
"Blaeu, Joan - Theatrum Sabaudiae. Vol. 2. Amsterdam 1682.pdf",341,https://app.transkribus.org/sites/noscemus/doc/928886?colId=88639,,Unknown,geography
"Blankaart, Steven - Lexicon medicum Graeco-Latinum. Ed. Kühn. Vol. 1. Leipzig 1832.pdf",929,https://app.transkribus.org/sites/noscemus/doc/888131?colId=88639,,False,medicine; language
"Blankaart, Steven - Lexicon medicum Graeco-Latinum. Ed. Kühn. Vol. 2. Leipzig 1832.pdf",865,https://app.transkribus.org/sites/noscemus/doc/888130?colId=88639,,False,medicine; language
"Blasius, Gerardus Leonardus - Anatome medullae spinalis et nervorum inde provenientium. Amsterdam 1666.pdf",95,https://app.transkribus.org/sites/noscemus/doc/696410?colId=88639,,False,anatomy
"Blondel, François - Thermarum Aquisgranensium et Porcetanarum descriptio. Aachen 1671.pdf",281,https://app.transkribus.org/sites/noscemus/doc/801655?colId=88639,,Unknown,unknown
"Blumenbach, Johann Friedrich - De generis humani varietate nativa. Göttingen 1776.pdf",121,https://app.transkribus.org/sites/noscemus/doc/668492?colId=88639,,Unknown,unknown
"Bochart, Samuel - Hierozoicon. Vol. 1. London 1663.pdf",771,https://app.transkribus.org/sites/noscemus/doc/725075?colId=88639,,Unknown,unknown
"Bochart, Samuel - Hierozoicon. Vol. 2. London 1663.pdf",579,https://app.transkribus.org/sites/noscemus/doc/725076?colId=88639,,Unknown,unknown
"Boerhaave, Hermann - Institutiones medicae. Leiden 1708.pdf",271,https://app.transkribus.org/sites/noscemus/doc/746789?colId=88639,,False,medicine; education
"Boerhaave, Herman - Sermo academicus de chemia suos errores expurgante. Leiden 1718.pdf",47,https://app.transkribus.org/sites/noscemus/doc/658891?colId=88639,,False,chemistry
"Boerhaave, Herman - Sermo academicus de comparando certo. Leiden 1715.pdf",65,https://app.transkribus.org/sites/noscemus/doc/658512?colId=88639,,Unknown,unknown
"Boincontri, Lorenzo - Vaticinum. Rome 1488.pdf",16,https://app.transkribus.org/sites/noscemus/doc/701508?colId=88639,,Unknown,unknown
"Boisser de la Croix de Sauvages, Francois - Nosologia methodica. Amsterdam 1763.pdf",426,https://app.transkribus.org/sites/noscemus/doc/605034?colId=88639,,False,medicine; scientific method
"Boissier de la Croix de Sauvages, François - Nosologia methodica. Vol. 1. Amsterdam 1763.pdf",516,https://app.transkribus.org/sites/noscemus/doc/756870?colId=88639,,False,medicine; scientific method
"Boissier de la Croix de Sauvages, François - Nosologia methodica. Vol. 2,1. Amsterdam 1763.pdf",544,https://app.transkribus.org/sites/noscemus/doc/756869?colId=88639,,False,medicine; scientific method
"Boissier de la Croix de Sauvages, François - Nosologia methodica. Vol. 2,2. Amsterdam 1763.pdf",472,https://app.transkribus.org/sites/noscemus/doc/756868?colId=88639,,False,medicine; scientific method
"Boissier de la Croix de Sauvages, François - Nosologia methodica. Vol. 3,2. Amsterdam 1763.pdf",571,https://app.transkribus.org/sites/noscemus/doc/756867?colId=88639,,False,medicine; scientific method
"Bolyai, Farkas - Tentamen iuventutem studiosam in elementa matheseos purae introducendi. Târgu Mureș 1832.pdf",654,https://app.transkribus.org/sites/noscemus/doc/906157?colId=88639,,True,mathematics; geometry
"Boncompagni, Baldassarre & al-Khwarizmi, Muhammad ibn Musa - De numero Indorum. Rome 1857.pdf",26,https://app.transkribus.org/sites/noscemus/doc/904419?colId=88639,,True,number theory
"Boncompagni, Baldassarre & Leonardus, Pisanus - Liber abaci. Rome 1857.pdf",473,https://app.transkribus.org/sites/noscemus/doc/906163?colId=88639,,True,arithmetic
"Bongo, Pietro - Numerorum Mysteria. Bergamo 1599.pdf",827,https://app.transkribus.org/sites/noscemus/doc/767766?colId=88639,,True,arithmetic; number theory
"Bonincontri, Lorenzo - De rebus coelestibus libri tres. Basel 1540.pdf",127,https://app.transkribus.org/sites/noscemus/doc/701786?colId=88639,,True,astronomy
"Boodt, Anselmus de - Gemmarum et lapidum historia. Leiden 1636.pdf",617,https://app.transkribus.org/sites/noscemus/doc/726757?colId=88639,,False,mineralogy; history
"Borch, Ole - De ortu et progressu chemiae dissertatio. Copenhagen 1668.pdf",169,https://app.transkribus.org/sites/noscemus/doc/702146?colId=88639,,False,chemistry
"Borch, Ole - Lingua pharmacopoeorum. Copenhagen 1670.pdf",103,https://app.transkribus.org/sites/noscemus/doc/797707?colId=88639,,False,pharmacology; language
"Bordinus, Franciscus - Quaesitorum et responsionum mathematicae disciplinae chilias. Bologna 1573.pdf",393,https://app.transkribus.org/sites/noscemus/doc/912315?colId=88639,,True,mathematics
"Borelli, Giovanni Alfonos - Historia et meteorologia incendii Aetnaei. Reggio di Calabria 1670.pdf",188,https://app.transkribus.org/sites/noscemus/doc/683331?colId=88639,,False,meteorology; history
"Borelli, Giovanni Alfonso - De motu animalium. Vol. 1. Rome 1680.pdf",953,https://app.transkribus.org/sites/noscemus/doc/808107?colId=88639,,True,mechanics; zoology
"Borelli, Giovanni Alfonso - De motu animalium. Vol. 2. Rome 1681.pdf",557,https://app.transkribus.org/sites/noscemus/doc/808110?colId=88639,,True,mechanics; zoology
"Borel, Pierre - Bibliotheca chimica. Paris 1654.pdf",297,https://app.transkribus.org/sites/noscemus/doc/630005?colId=88639,,Unknown,bibliography
"Borel, Pierre - De vero telescopii inventore. The Hague 1655.pdf",203,https://app.transkribus.org/sites/noscemus/doc/653296?colId=88639,,True,optics; meteorology; scientific instruments
"Borgondio, Orazio - De telluris motu. Rome 1714.pdf",751,https://app.transkribus.org/sites/noscemus/doc/904450?colId=88639,,True,mechanics; geography
"Borrhaus, Martin - ΜΑΘΗΜΑΤΩΝ ΣΤΟΙΧΕΙΑ (Mathematon stoicheia). Strasbourg 1539.pdf",85,https://app.transkribus.org/sites/noscemus/doc/918505?colId=88639,,True,mathematics
"Bošković, Ruđer Josip - De proximo Veneris sub sole transitu. London 1759.pdf",24,https://app.transkribus.org/sites/noscemus/doc/782227?colId=88639,,True,astronomy
"Bošković, Ruđer Josip - De solis ac lunae defectibus. London 1760.pdf",273,https://app.transkribus.org/sites/noscemus/doc/702831?colId=88639,,True,astronomy
"Bošković, Ruđer Josip - Dissertatio de maris aestu. Rome 1747.pdf",51,https://app.transkribus.org/sites/noscemus/doc/743610?colId=88639,,Unknown,oceanography
"Bošković, Ruđer Josip - Dissertatio de maris aestu. Rome 1747.pdf",26,https://app.transkribus.org/sites/noscemus/doc/837030?colId=88639,,Unknown,oceanography
"Botallo, Leonardo - De curandis vulneribus sclopettorum. Lyon 1550.pdf",161,https://app.transkribus.org/sites/noscemus/doc/949394?colId=88639,,False,medicine; surgery
"Boulliau, Ismael - Philolaus. Amsterdam 1639.pdf",169,https://app.transkribus.org/sites/noscemus/doc/599725?colId=88639,MorisS-5-2,True,astronomy
"Boussuet, François - De natura aquatilium carmen. Lyon 1558.pdf",411,https://app.transkribus.org/sites/noscemus/doc/695622?colId=88639,,False,physics; zoology
Boyle Robert & Anonymus 16 - Chymista scepticus. Rotterdam 1668.pdf,787,https://app.transkribus.org/sites/noscemus/doc/695817?colId=88639,,False,chemistry
"Boym, Michał Piotr - Flora Sinensis. Vienna 1656.pdf",88,https://app.transkribus.org/sites/noscemus/doc/747381?colId=88639,,False,botany
"Brahe, Tycho & Curtz, Albert von - Historia coelestis. Augsburg 1666.pdf",1142,https://app.transkribus.org/sites/noscemus/doc/804025?colId=88639,,True,astronomy; history
"Brahe, Tycho - De disciplinis mathematicis oratio. Hamburg 1621 (Brahe).pdf",33,https://app.transkribus.org/sites/noscemus/doc/702147?colId=88639,,True,mathematics
"Brahe, Tycho - De mundi aetherei recentioribus phaenomenis. Prague 1603.pdf",499,https://app.transkribus.org/sites/noscemus/doc/731624?colId=88639,,True,astronomy
"Brahe, Tycho - De mundi aetherei recentioribus phaenomenis. Uraniborg 1588.pdf",481,https://app.transkribus.org/sites/noscemus/doc/731623?colId=88639,,True,astronomy
"Brahe, Tycho - De nova stella. Copenhagen 1573.pdf",91,https://app.transkribus.org/sites/noscemus/doc/731625?colId=88639,,True,astronomy
"Brahe, Tycho et al. - Epistolae astronomicae. Uraniborg 1596.pdf",355,https://app.transkribus.org/sites/noscemus/doc/804026?colId=88639,,True,astronomy; literature
"Brasavola, Antonio Musa - Examen omnium simplicium medicamentorum. Rome 1536.pdf",269,https://app.transkribus.org/sites/noscemus/doc/696081?colId=88639,,False,medicine; pharmacology
"Brasavola, Antonio Musa - Index refertissimus in omnes Galeni libros. Venice 1586.pdf",1119,https://app.transkribus.org/sites/noscemus/doc/833195?colId=88639,,False,medicine; bibliography
"Brendel, Adam & Oertel, Johann Gottfried - De Homero medico. Wittenberg 1700.pdf",29,https://app.transkribus.org/sites/noscemus/doc/689822?colId=88639,,False,medicine
"Breyn, Johann Philipp - Epistola de melonibus petrefactis. Leipzig 1722.pdf",60,https://app.transkribus.org/sites/noscemus/doc/657735?colId=88639,,False,literature
"Brisson, Mathruin-Jacques - Regnum animale in classes IX distributum. Paris 1756.pdf",417,https://app.transkribus.org/sites/noscemus/doc/737710?colId=88639,,False,zoology
"Brisson, Mathurin-Jacques - Ornithologia-Ornithologie. Vol. 1. Paris 1760.pdf",802,https://app.transkribus.org/sites/noscemus/doc/756878?colId=88639,,False,zoology
"Brisson, Mathurin-Jacques - Ornithologia-Ornithologie. Vol. 2. Paris 1760.pdf",790,https://app.transkribus.org/sites/noscemus/doc/756877?colId=88639,,False,zoology
"Brisson, Mathurin-Jacques - Ornithologia-Ornithologie. Vol. 3. Paris 1760.pdf",996,https://app.transkribus.org/sites/noscemus/doc/756876?colId=88639,,False,zoology
"Brisson, Mathurin-Jacques - Ornithologia-Ornithologie. Vol. 4. Paris 1760.pdf",842,https://app.transkribus.org/sites/noscemus/doc/756874?colId=88639,,False,zoology
"Brisson, Mathurin-Jacques - Ornithologia-Ornithologie. Vol. 5. Paris 1760.pdf",792,https://app.transkribus.org/sites/noscemus/doc/756873?colId=88639,,False,zoology
"Brisson, Mathurin-Jacques - Ornithologia-Ornithologie. Vol. 6. Paris 1760.pdf",1008,https://app.transkribus.org/sites/noscemus/doc/756875?colId=88639,,False,zoology
"Brożek, Jan - In duos συγχρόνους cosmographiae ocellos. Cracow 1618.pdf",10,https://app.transkribus.org/sites/noscemus/doc/617655?colId=88639,,True,astronomy
"Brożek, Jan - In Ptolemaeum et Copernicum duo naturae miracula. Cracow 1618.pdf",41,https://app.transkribus.org/sites/noscemus/doc/617654?colId=88639,,True,astronomy; theology
"Brożek, Jan - In turrim, quam Copernicus incolatu suo et opere revolutionum ibi confecto illustrem reddidit. Cracow 1618.pdf",10,https://app.transkribus.org/sites/noscemus/doc/617656?colId=88639,,True,astronomy
"Brumoy, Pierre - De arte vitraria. Caen 1712.pdf",62,https://app.transkribus.org/sites/noscemus/doc/749366?colId=88639,,False,chemistry
"Brumoy, Pierre - De arte vitraria. Paris 1741.pdf",307,https://app.transkribus.org/sites/noscemus/doc/618462?colId=88639,,False,chemistry
"Brunfels, Otto - Catalogus illustrium medicorum. Strasbourg 1530.pdf",97,https://app.transkribus.org/sites/noscemus/doc/693176?colId=88639,,False,medicine
"Brunfels, Otto - Herbarum vivae eicones. Vol. 3. Strasbourg 1536.pdf",245,https://app.transkribus.org/sites/noscemus/doc/676442?colId=88639,,False,botany
"Brunfels, Otto - Herbarum vivae eicones. Vols. 1-2. Strasbourg 1530-1531.pdf",651,https://app.transkribus.org/sites/noscemus/doc/915173?colId=88639,,False,botany
"Brunfels, Otto - Onomasticon medicinae. Strasbourg 1534.pdf",373,https://app.transkribus.org/sites/noscemus/doc/888136?colId=88639,,False,medicine
"Bruno, Giordano - De innumerabilibus, immenso et infigurabili. Frankfurt am Main 1591.pdf",689,https://app.transkribus.org/sites/noscemus/doc/668493?colId=88639,,Unknown,unknown
"Buchanan, George - Sphaera. Herborn 1586.pdf",117,https://app.transkribus.org/sites/noscemus/doc/709641?colId=88639,,True,astronomy
"Buonanni, Filippo - Observationes circa viventia. Rome 1691.pdf",618,https://app.transkribus.org/sites/noscemus/doc/742068?colId=88639,,False,zoology; scientific method
"Burnet, Thomas - Telluris theoria sacra. London 1681.pdf",341,https://app.transkribus.org/sites/noscemus/doc/839339?colId=88639,,False,geography; theology
"Bussingius, Caspar - De situ telluris Paradisiacae et chiliasticae Burnetiano ad eclipticam recto. Hamburg 1695.pdf",52,https://app.transkribus.org/sites/noscemus/doc/692921?colId=88639,,Unknown,geography
"Büttner, Daniel & Bötticher, Bernhard - Chiologia seu disputatio de nive. Hamburg 1693.pdf",11,https://app.transkribus.org/sites/noscemus/doc/695639?colId=88639,,Unknown,snow and ice
"Cabeo, Niccolò - Philosophia magnetica. Ferrara 1629.pdf",449,https://app.transkribus.org/sites/noscemus/doc/742419?colId=88639,,Unknown,physics; philosophy
"Caius, John - The Works of John Caius. Cambridge 1912.pdf",872,https://app.transkribus.org/sites/noscemus/doc/686638?colId=88639,,Unknown,unknown
"Callard de LaDucquerie, Jean Baptiste - Lexicon medicum etymologicum. Caen & Paris 1693.pdf",647,https://app.transkribus.org/sites/noscemus/doc/746744?colId=88639,,False,medicine; language
"Camerarius, Joachim - Commentarii utriusque linguae. Basel 1551.pdf",325,https://app.transkribus.org/sites/noscemus/doc/616638?colId=88639,,False,language
"Camerarius, Joachim - De solis defectu. Tübingen 1539.pdf",25,https://app.transkribus.org/sites/noscemus/doc/704666?colId=88639,,True,astronomy
"Camerarius, Joachim et al. - De theriacis et mithridateis commentariolus. Nuremberg 1533.pdf",91,https://app.transkribus.org/sites/noscemus/doc/704667?colId=88639,,False,pharmacology
"Camerarius, Johannes - De podagrae laudibus oratio ... et aliae orationes .... Padua 1553.pdf",66,https://app.transkribus.org/sites/noscemus/doc/702148?colId=88639,,False,medicine
"Camerarius, Rudolf Jakob - De sexu plantarum epistola. Tübingen 1694.pdf",117,https://app.transkribus.org/sites/noscemus/doc/652468?colId=88639,,False,botany; literature
"Camerarius, Rudolf Jakob & Mauchart, Joh. David - De herba mimosa seu sentiente. Tübingen 1688.pdf",21,https://app.transkribus.org/sites/noscemus/doc/658380?colId=88639,,False,botany
"Campanella, Tommaso - Apologia pro Galileo. Frankfurt am Main. 1622.pdf",66,https://app.transkribus.org/sites/noscemus/doc/901017?colId=88639,,Unknown,unknown
"Candidus, Pantaleon - Tabulae chronologicae. Strasbourg 1597.pdf",275,https://app.transkribus.org/sites/noscemus/doc/928888?colId=88639,,True,chronology
"Cappeller, Moritz Anton - Pilati montis historia. Basel 1767.pdf",205,https://app.transkribus.org/sites/noscemus/doc/632438?colId=88639,,False,history
"Cappeller, Moritz Anton - Prodromus crystallographiae. Luzern 1723.pdf",73,https://app.transkribus.org/sites/noscemus/doc/605285?colId=88639,,Unknown,crystallography
"Cardano, Girolamo - Ars magna. Nuremberg 1545.pdf",193,https://app.transkribus.org/sites/noscemus/doc/660344?colId=88639,,True,mathematics
"Cardano, Girolamo - De subtilitate. Nuremberg 1550.pdf",417,https://app.transkribus.org/sites/noscemus/doc/704668?colId=88639,,True,mathematics
"Cardano, Girolamo - In Claudio Ptoelmaei Perlusiensis IIII de Astrorum iudiciis ... Basel 1554.pdf",512,https://app.transkribus.org/sites/noscemus/doc/928151?colId=88639,,True,mathematics
"Cardano, Girolamo - Libelli quinque. Nuremberg 1547.pdf",639,https://app.transkribus.org/sites/noscemus/doc/801750?colId=88639,,True,mathematics
"Cardano, Girolamo - Liber de libris propriis. Lyon 1557.pdf",193,https://app.transkribus.org/sites/noscemus/doc/704337?colId=88639,,True,mathematics
"Cardano, Girolamo - Metoposcopia. Paris 1658.pdf",253,https://app.transkribus.org/sites/noscemus/doc/732033?colId=88639,,True,mathematics
"Cardano, Girolamo & Naudé, Gabriel - De propria vita liber. Paris 1643.pdf",475,https://app.transkribus.org/sites/noscemus/doc/693177?colId=88639,,False,biography
"Cardano, Girolamo - Opera omnia. Vol. 1. Lyon 1663.pdf",783,https://app.transkribus.org/sites/noscemus/doc/696816?colId=88639,,True,mathematics
"Cardano, Girolamo - Somniorum Synesiorum libri quatuor. Basel 1562.pdf",789,https://app.transkribus.org/sites/noscemus/doc/632439?colId=88639,,True,mathematics
"Castelli, Bartolomeo - Lexicon medicum Graecolatinum. Messina 1598.pdf",481,https://app.transkribus.org/sites/noscemus/doc/888129?colId=88639,,False,medicine; language
"Castillon, Johann - De vita Isaaci Newtoni commentariolus. Lausanne & Geneva 1744.pdf",46,https://app.transkribus.org/sites/noscemus/doc/605911?colId=88639,,False,biography
"Castro, Pedro de - Bibliotheca medici eruditi. Bergamo 1742.pdf",185,https://app.transkribus.org/sites/noscemus/doc/746791?colId=88639,,False,medicine; bibliography
"Castro, Pedro de - Bibliotheca medici eruditi. Padova 1654.pdf",127,https://app.transkribus.org/sites/noscemus/doc/630006?colId=88639,,False,medicine; bibliography
"Catena, Pietro - Oratio pro idea methodi. Padua 1563.pdf",25,https://app.transkribus.org/sites/noscemus/doc/705664?colId=88639,,Unknown,scientific method
"Caturegli, Pietro - Ephemerides motuum caelestium ex anno 1829 in annum 1832. Bologna 1828.pdf",403,https://app.transkribus.org/sites/noscemus/doc/906162?colId=88639,,True,astronomy
"Cavalieri, Bonaventura - Exercitationes geometricae sex. Bologna 1647.pdf",565,https://app.transkribus.org/sites/noscemus/doc/928695?colId=88639,,True,geometry
"Cavalieri, Bonaventura - Geometria indivisibilibus continuorum promota. Bologna 1653.pdf",569,https://app.transkribus.org/sites/noscemus/doc/921412?colId=88639,,True,geometry
"Cellarius, Andreas - Harmonia Macrocosmica. Amsterdam 1661.pdf",391,https://app.transkribus.org/sites/noscemus/doc/725077?colId=88639,,Unknown,music
"Celsius, Anders - Observationes de lumine Boreali. Nuremberg 1733",64,https://app.transkribus.org/sites/noscemus/doc/1378359?colId=88639,,Unknown,scientific method
"Celtis, Konrad - Quattuor libri amorum secundum quattour latera Germaniae feliciter incipiunt. Nuremberg 1502.pdf",262,https://app.transkribus.org/sites/noscemus/doc/835556?colId=88639,,False,literature
"Cermisonus, Antonius – Recollectae de urinis, Venice 1479",36,https://app.transkribus.org/sites/noscemus/doc/5724548?colId=88639,,False,medicine
"Cesalpino, Andrea - De plantis. Florence 1583.pdf",673,https://app.transkribus.org/sites/noscemus/doc/618493?colId=88639,,False,botany
"Cesalpino, Andrea - Praxis universae artis medicae. Treviso 1606.pdf",743,https://app.transkribus.org/sites/noscemus/doc/767767?colId=88639,,False,medicine
"Cesi, Bernardo - Mineralogia. Lyon 1636",719,https://app.transkribus.org/sites/noscemus/doc/597799?colId=88639,,False,mineralogy
"Champier, Symphorien - Vocabulorum medicinalium epitoma. Lyon 1508.pdf",577,https://app.transkribus.org/sites/noscemus/doc/888137?colId=88639,,False,medicine
"Ciruelo, Pedro - Apotelesmata astrologiae Christianae. Madrid 1521.pdf",325,https://app.transkribus.org/sites/noscemus/doc/831513?colId=88639,,False,astrology; theology
"Clavius, Christoph & Euclides - Euclidis elementorum libri XV. Rome 1574.pdf",753,https://app.transkribus.org/sites/noscemus/doc/911543?colId=88639,Rome_1574,True,geometry
"Clavius, Christoph - In Sphaeram Ioannis de Sacrobosco commentarius. Rome 1570.pdf",523,https://app.transkribus.org/sites/noscemus/doc/731626?colId=88639,220OQK,True,astronomy
"Clerck, Carl - Svenska spindlar-Aranei Suecici. Stockholm 1757.pdf",197,https://app.transkribus.org/sites/noscemus/doc/752862?colId=88639,,False,zoology
"Clüver, Philipp - Sicilia antiqua. Leiden 1619.pdf",559,https://app.transkribus.org/sites/noscemus/doc/775167?colId=88639,,Unknown,geography
"Coiter, Volcher - Externarum et internarum principalium humani corporis partium tabulae. Nuremberg 1572.pdf",167,https://app.transkribus.org/sites/noscemus/doc/808813?colId=88639,,False,anatomy
"Colombo, Cristoforo & Cosco, Leander de - Epistola de insulis Indiae supra Gangem nuper inventis. Rome 1493.pdf",18,https://app.transkribus.org/sites/noscemus/doc/808352?colId=88639,,False,literature
"Colonna, Fabio - ΦΥΤΟΒΑΣΑΝΟΣ (Phytobasanos). Naples 1592.pdf",192,https://app.transkribus.org/sites/noscemus/doc/752863?colId=88639,,False,botany
"Cominale, Celestino - Anti-Newtonianismus. Vol. 1. Naples 1754.pdf",239,https://app.transkribus.org/sites/noscemus/doc/691681?colId=88639,,True,mathematics
"Cominale, Celestino - Anti-Newtonianismus. Vol. 2. Naples 1756.pdf",287,https://app.transkribus.org/sites/noscemus/doc/691682?colId=88639,,True,mathematics
Commentarii Academiae Scientiarum Imperialis Petropolitanae. Tomus IV. ad annum MDDXXIX. Saint Petersburg 1735.pdf,480,https://app.transkribus.org/sites/noscemus/doc/733505?colId=88639,,Unknown,multidisciplinary science
Commentarii Academiae Scientiarum Imperialis Petropolitanae. Vol. 3. Saint Petersburg 1732.pdf,538,https://app.transkribus.org/sites/noscemus/doc/864510?colId=88639,,Unknown,multidisciplinary science
Commentarii Academiae Scientiarum Imperialis Petropolitanae. Vol. 5. Saint Petersburg 1738.pdf,514,https://app.transkribus.org/sites/noscemus/doc/864511?colId=88639,,Unknown,multidisciplinary science
Commentarii de rebus in scientia naturali et medicina gestis. Vol. 27. Leipzig 1785.pdf,772,https://app.transkribus.org/sites/noscemus/doc/863735?colId=88639,,False,medicine
"Commentarii de rebus in scientia naturali et medicina gestis. Vol. IX, pars I. Leipzig 1761.pdf",522,https://app.transkribus.org/sites/noscemus/doc/657724?colId=88639,,False,medicine
Commentationes Societatis Regiae Scientiarum Gottingensis recentiores. Vol. 16. Göttingen 1808.pdf,852,https://app.transkribus.org/sites/noscemus/doc/668494?colId=88639,,Unknown,multidisciplinary science
"Commentationes societatis regiae scientiarum Gottingensis recentiores. Vol. 6, Göttingen 1827.pdf",627,https://app.transkribus.org/sites/noscemus/doc/835250?colId=88639,,Unknown,multidisciplinary science
Commentationes Societatis Regiae Scientiarum Gottingensis. Vol. 10. Göttingen 1791.pdf,561,https://app.transkribus.org/sites/noscemus/doc/904451?colId=88639,,Unknown,multidisciplinary science
Commentationes Societatis Regiae Scientiarum Gottingensis. Vol. 11. Göttingen 1793.pdf,481,https://app.transkribus.org/sites/noscemus/doc/904452?colId=88639,,Unknown,multidisciplinary science
Commentationes Societatis Regiae Scientiarum Gottingensis. Vol. 12. Göttingen 1796.pdf,551,https://app.transkribus.org/sites/noscemus/doc/904453?colId=88639,,Unknown,multidisciplinary science
Commentationes Societatis Regiae Scientiarum Gottingensis. Vol. 14. Göttingen 1800.pdf,409,https://app.transkribus.org/sites/noscemus/doc/904454?colId=88639,,Unknown,multidisciplinary science
Commentationes Societatis Regiae Scientiarum Gottingensis. Vol. 16. Göttingen 1808.pdf,852,https://app.transkribus.org/sites/noscemus/doc/904455?colId=88639,,Unknown,multidisciplinary science
"Conring, Hermann & Scheffer, Sebastian - Introduction in universam artem medicam. Halle & Leipzig 1726.pdf",655,https://app.transkribus.org/sites/noscemus/doc/816419?colId=88639,,False,medicine
"Cordus, Euricius - Botanologicon. Cologne 1534.pdf",219,https://app.transkribus.org/sites/noscemus/doc/599726?colId=88639,,False,botany
"Cornarius, Janus (ed.) - Hippocratis Coi opera quae ad nos extant. Venice 1546.pdf",749,https://app.transkribus.org/sites/noscemus/doc/693178?colId=88639,,False,medicine
"Cortese, Pietro - Discursus astronomicus novissimus. Palermo 1642.pdf",135,https://app.transkribus.org/sites/noscemus/doc/904456?colId=88639,,True,astronomy
"Costeo, Giovanni & Mongio, Paolo - Avicennae canon medicinae. Vol. 1. Venice 1595.pdf",1023,https://app.transkribus.org/sites/noscemus/doc/900763?colId=88639,,False,medicine
"Crato, Johannes - Assertio pro libello suo Germanico. Frankfurt 1585.pdf",69,https://app.transkribus.org/sites/noscemus/doc/702149?colId=88639,,Unknown,unknown
"Cremonini, Cesare - Apologia dictorum Aristotelis. Venice 1613.pdf",101,https://app.transkribus.org/sites/noscemus/doc/807329?colId=88639,,Unknown,philosophy
"Cremonini, Cesare - Disputatio de coelo. Venice 1613.pdf",541,https://app.transkribus.org/sites/noscemus/doc/694626?colId=88639,,True,astronomy
"Creuzer, Friedrich Memoria Baldingeri. Marburg 1804.pdf",47,https://app.transkribus.org/sites/noscemus/doc/1636267?colId=88639,,False,history
"Crüger, Peter - Uranodormus cometicus. Gdańsk 1619.pdf",163,https://app.transkribus.org/sites/noscemus/doc/736346?colId=88639,,True,astronomy
"Crüger, Peter - Uranodromus cometicus. Gdańsk 1619.pdf",163,https://app.transkribus.org/sites/noscemus/doc/845314?colId=88639,,True,astronomy
"Cruisus, Paul - Liber de epochis. Basel 1578.pdf",173,https://app.transkribus.org/sites/noscemus/doc/731627?colId=88639,,Unknown,unknown
"Cu Cerceau, Jean-Antoine - Papiliones. Rouen 1696.pdf",31,https://app.transkribus.org/sites/noscemus/doc/607710?colId=88639,,False,zoology
"Cunitz, Maria - Urania propitia. Pitschen & Oels 1650.pdf",592,https://app.transkribus.org/sites/noscemus/doc/897301?colId=88639,,True,astronomy
"Curtz, Albert von - Problema Austriacum. Munich 1653.pdf",39,https://app.transkribus.org/sites/noscemus/doc/862098?colId=88639,,Unknown,unknown
"Dalechamps, Jacques - Historia generalis plantarum. Vol. 1. Lyon 1587.pdf",1108,https://app.transkribus.org/sites/noscemus/doc/725078?colId=88639,,False,botany; history
"Dalechamps, Jacques - Historia generalis plantarum. Vol 2. Lyon 1586.pdf",949,https://app.transkribus.org/sites/noscemus/doc/725400?colId=88639,,False,botany; history
"Dalrymple of Stair, James - Physiologia nova experimentalis. Leiden 1686.pdf",667,https://app.transkribus.org/sites/noscemus/doc/706765?colId=88639,,Unknown,scientific method
"Daniel, Gabriel - Iter per mundum Cartesii. Amsterdam 1694.pdf",517,https://app.transkribus.org/sites/noscemus/doc/823079?colId=88639,,Unknown,unknown
"Dasypodius, Konrad - Institutionum mathematicarum erotemata. Strasbourg 1593.pdf",348,https://app.transkribus.org/sites/noscemus/doc/888134?colId=88639,,True,mathematics; education
"Dasypodius, Konrad - Oratio de disciplinis mathematicis. Strasbourg 1579 (Dasypodius).pdf",297,https://app.transkribus.org/sites/noscemus/doc/732893?colId=88639,,True,mathematics
"Dasypodius, Konrad - ΛΕΞΙΚΟΝ (Lexikon) seu dictionarium mathematicum. Strasbourg 1573.pdf",205,https://app.transkribus.org/sites/noscemus/doc/823074?colId=88639,,True,mathematics; language
De Bononiensi scientiarum et artium instituto atque academia commentarii. Vol. 4. Bologna 1757.pdf,618,https://app.transkribus.org/sites/noscemus/doc/864508?colId=88639,,Unknown,multidisciplinary science
"de Conde, Ioannes Baptista - Aphorismi seu axiomata Hippocratis versu heroico explicata. Brussels 1647.pdf",115,https://app.transkribus.org/sites/noscemus/doc/1285853?colId=88639,,False,medicine
Deliciae poetarum Scotorum huius aevi illustrium. Vol. 1. Amsterdam 1637.pdf,711,https://app.transkribus.org/sites/noscemus/doc/902262?colId=88639,,False,literature
Deliciae poetarum Scotorum huius aevi illustrium. Vol. 2. Amsterdam 1637.pdf,579,https://app.transkribus.org/sites/noscemus/doc/898565?colId=88639,,False,literature
"Delius, Heinrich Friedrich von - Rudera terrae. Leipzig & Wolfenbüttel 1747.pdf",21,https://app.transkribus.org/sites/noscemus/doc/742418?colId=88639,,Unknown,geography
"Della Porta, Giambattista - De humana physiognomonia. Vico Equense 1586.pdf",306,https://app.transkribus.org/sites/noscemus/doc/668495?colId=88639,,True,astronomy
"Della Porta, Giambattista - De refractione. Naples 1593.pdf",242,https://app.transkribus.org/sites/noscemus/doc/767742?colId=88639,XANRSM,True,arithmetic; optics
"Della Porta, Giambattista - Magia naturalis. Naples 1558.pdf",199,https://app.transkribus.org/sites/noscemus/doc/807331?colId=88639,,False,alchemy
"De Roberval, Gilles Personne - Aristarchi Samii de mundi systemate. Paris 1644.pdf",164,https://app.transkribus.org/sites/noscemus/doc/807330?colId=88639,MorisS-27-2,True,astronomy
Descartes René - De homine. Leiden 1662.pdf,197,https://app.transkribus.org/sites/noscemus/doc/605240?colId=88639,,True,mathematics
"Descartes, René et al. - Geometria a Renato des Cartes edita Amsterdam 1659–1661.pdf",990,https://app.transkribus.org/sites/noscemus/doc/897958?colId=88639,,True,geometry
"Detharding, Georg Christoph - Invitatio ad anatomiam publicam. Rostock 1753.pdf",14,https://app.transkribus.org/sites/noscemus/doc/897259?colId=88639,,False,anatomy
"Dioscurides, Pedanius & Barbarus, Heromlaus Iunior - De materiali medicina. Venice 1516.pdf",561,https://app.transkribus.org/sites/noscemus/doc/608627?colId=88639,,False,physics; medicine
"Dobrzensky, Jacobus Johannes Wenceslaus - Nova et amoenior de admirando fontium genio philosophia. Ferrara 1659.pdf",163,https://app.transkribus.org/sites/noscemus/doc/845315?colId=88639,,Unknown,philosophy
"Dodoens, Rembert - De sphaera. Antwertp 1584.pdf",116,https://app.transkribus.org/sites/noscemus/doc/898561?colId=88639,,True,astronomy
"Dodoens, Rembert - Medicinalium observationum exempla rara. Cologne 1581.pdf",443,https://app.transkribus.org/sites/noscemus/doc/746741?colId=88639,,False,medicine
"Dominis, Marco Antonio de - De radiis visus et lucis in vitris perspectivis et iride tractatus. Venice 1611.pdf",91,https://app.transkribus.org/sites/noscemus/doc/718637?colId=88639,G3HPWX,True,geometry; optics; meteorology
"Dominis, Marco Antonio de - Euripus seu de fluxu et refluxu maris sententia. Rome 1624.pdf",95,https://app.transkribus.org/sites/noscemus/doc/743611?colId=88639,,Unknown,oceanography
"Dornau, Caspar - Felicitas saeculi. Beuthen 1617.pdf",19,https://app.transkribus.org/sites/noscemus/doc/890750?colId=88639,,Unknown,unknown
"Dorn, Gerhard - Dictionarium Theophrasti Paracelsi. Frankfurt am Main 1583.pdf",97,https://app.transkribus.org/sites/noscemus/doc/702833?colId=88639,,False,language
"Draud, Georg - Bibliotheca classica. Part. 1. Frankfurt am Main 1625.pdf",1303,https://app.transkribus.org/sites/noscemus/doc/770049?colId=88639,,Unknown,bibliography
"Draud, Georg - Bibliotheca classica. Part. 2. Frankfurt am Main 1625.pdf",475,https://app.transkribus.org/sites/noscemus/doc/770048?colId=88639,,Unknown,bibliography
"Drebbel, Cornelis Jacobszoon - De quinta essentia. Hamburg 1621.pdf",49,https://app.transkribus.org/sites/noscemus/doc/807332?colId=88639,,False,chemistry; alchemy
"Drechsler, Johann Gabriel & Rechtenbach, Polycarb Michael - De sermone brutorum. Erfurt 1706.pdf",30,https://app.transkribus.org/sites/noscemus/doc/663924?colId=88639,,Unknown,unknown
"Drechsler, Johann Gabriel & Rechtenbach, Polycarp Michael - De sermone brutorum. Leipzig 1673.pdf",24,https://app.transkribus.org/sites/noscemus/doc/692917?colId=88639,,Unknown,unknown
"Dubois, Jacques - Ordo et ordinis ordinis ratio in legendis Hippocratis et Galeni libris. Basel 1535.pdf",39,https://app.transkribus.org/sites/noscemus/doc/631388?colId=88639,,False,medicine
"Du Choul, Jean - De varia quercus historia. Lyon 1555.pdf",137,https://app.transkribus.org/sites/noscemus/doc/668496?colId=88639,,False,history
"Du Hamel, Jean-Baptiste - De meteoris et fossilibus. Paris 1660.pdf",353,https://app.transkribus.org/sites/noscemus/doc/607711?colId=88639,,False,meteorology; mineralogy
"Du Laurens, André - Historia anatomica. Paris 1600.pdf",670,https://app.transkribus.org/sites/noscemus/doc/725080?colId=88639,,False,anatomy; history
"Dürer, Albrecht & Camerarius, Joachim - De symmetria partium humanorum corporum. Paris 1557.pdf",262,https://app.transkribus.org/sites/noscemus/doc/823048?colId=88639,,True,geometry; physics
"Egloff von Staadthoff, Franz Carl Anton & Bacchettoni, Geronimo -Anthropologia anatomike. Innsbruck 1726.pdf",234,https://app.transkribus.org/sites/noscemus/doc/902199?colId=88639,,False,anatomy
"Ekerman, Petrus & Piscator, Andreas - Dissertatio academica de Cicerone mathematico. Uppsala 1759.pdf",12,https://app.transkribus.org/sites/noscemus/doc/662865?colId=88639,,True,mathematics
"Elsholtz, Johann Sigismund - De phosophoris quattuor observatio. Berlin 1676.pdf",19,https://app.transkribus.org/sites/noscemus/doc/835246?colId=88639,,False,chemistry
"Ent, George - Apologia pro circulatione sanguinis. London 1641.pdf",301,https://app.transkribus.org/sites/noscemus/doc/705022?colId=88639,,False,anatomy
Ephemerides Academiae Naturae Curiosorum. Decuria III. Nuremberg et al 1706.pdf,1286,https://app.transkribus.org/sites/noscemus/doc/928186?colId=88639,,True,astronomy; natural history
Ephemerides Societatis Meteorologicae Palatinae. Historia et observationes anni 1781. Mannheim 1783.pdf,439,https://app.transkribus.org/sites/noscemus/doc/808353?colId=88639,,True,astronomy; meteorology; history; scientific method
"Erasmus, Desiderius - Encomium artis medicae. Leuven 1518.pdf",49,https://app.transkribus.org/sites/noscemus/doc/635179?colId=88639,,False,medicine
"Estienne, Henri - Dictionarium medicum. Geneva 1564.pdf",647,https://app.transkribus.org/sites/noscemus/doc/718544?colId=88639,,False,medicine; language
"Euclides & Campanus, Johannes - Elementa. Venice 1482.pdf",286,https://app.transkribus.org/sites/noscemus/doc/911544?colId=88639,,True,geometry
"Euler, Leonhard - Dissertatio de magnete. Paris 1748.pdf",47,https://app.transkribus.org/sites/noscemus/doc/862099?colId=88639,,True,mathematics; physics
"Euler, Leonhard - Introductio in analysin infinitorum. Lausanne 1748.pdf",800,https://app.transkribus.org/sites/noscemus/doc/906120?colId=88639,,True,calculus
"Eustachi, Bartolomeo - Opuscula anatomica. Leiden 1707.pdf",544,https://app.transkribus.org/sites/noscemus/doc/657731?colId=88639,,False,anatomy
Examen poeticum duplex. London 1698.pdf,317,https://app.transkribus.org/sites/noscemus/doc/769230?colId=88639,,False,literature
"Fabricius ab Aquapendente, Hieronymus - De locutione et eius instrumentis. Frankfurt am Main 1624.pdf",85,https://app.transkribus.org/sites/noscemus/doc/902426?colId=88639,,False,anatomy
"Fabricius, Ernst Friedrich - Medicinae utriusque, Galenicae et Hermeticae, anatome philosophica. Hamburg 1626.pdf",28,https://app.transkribus.org/sites/noscemus/doc/797706?colId=88639,,False,medicine; anatomy; philosophy
"Fabricius, Johann - De maculis in sole observatis. Wittenberg 1611.pdf",53,https://app.transkribus.org/sites/noscemus/doc/607713?colId=88639,,Unknown,unknown
"Fabricius Montanus, Johannes - Poemata. Zurich 1551.pdf",84,https://app.transkribus.org/sites/noscemus/doc/608628?colId=88639,,False,literature
"Fabricius, Otto - Fauna Groenlandica. Copenhagen & Leipzig 1780.pdf",482,https://app.transkribus.org/sites/noscemus/doc/747385?colId=88639,,False,zoology
"Faenzi, Valerio - De montium origine. Venice 1561.pdf",41,https://app.transkribus.org/sites/noscemus/doc/599727?colId=88639,,False,mineralogy
"Fahrenheit, Daniel Gabriel - Experimenta et observationes de congelatione aquae in vacuo factae. London 1724.pdf",7,https://app.transkribus.org/sites/noscemus/doc/864507?colId=88639,,True,mechanics; scientific method
"Falloppio, Gabriele - De morbo Gallico. Venice 1574.pdf",275,https://app.transkribus.org/sites/noscemus/doc/608629?colId=88639,,False,medicine
"Falloppio, Gabriele - Observationes anatomicae. Paris 1562.pdf",371,https://app.transkribus.org/sites/noscemus/doc/731574?colId=88639,,False,anatomy; scientific method
"Falloppio, Gabriele - Observationes anatomicae. Paris. 1562.pdf",268,https://app.transkribus.org/sites/noscemus/doc/693073?colId=88639,,False,anatomy; scientific method
"Faulhaber Johannes & Remmelin, Johann - Mathematici tractatus duo. Frankfurt am Main 1610.pdf",76,https://app.transkribus.org/sites/noscemus/doc/918652?colId=88639,,True,mathematics
"Favaro, Antono (ed.) - Le opere di Galileo Galilei. Vol 1. Florence 1890.pdf",428,https://app.transkribus.org/sites/noscemus/doc/668497?colId=88639,,Unknown,unknown
"Fechner, Johann - De coloribus iuventus delecta disseret. Breslau 1675",12,https://app.transkribus.org/sites/noscemus/doc/695675?colId=88639,,Unknown,unknown
"Fechner, Johann - Deliciae et divitiae agrorum in Silesia. Bratislava 1643.pdf",35,https://app.transkribus.org/sites/noscemus/doc/702834?colId=88639,,Unknown,unknown
"Fehr, Johann Michael - Hiera picra. Leipzig 1668.pdf",217,https://app.transkribus.org/sites/noscemus/doc/897258?colId=88639,,Unknown,unknown
"Fermat, Pierre de - De linearum curvarum cum lineis rectis. Toulouse 1660.pdf",51,https://app.transkribus.org/sites/noscemus/doc/607714?colId=88639,,True,mathematics
"Fermat, Pierre de - Varia opera mathematica. Toulouse 1679.pdf",242,https://app.transkribus.org/sites/noscemus/doc/902274?colId=88639,,True,mathematics
"Fernel, Jean - De abditis rerum causis. Paris 1548.pdf",278,https://app.transkribus.org/sites/noscemus/doc/616639?colId=88639,,Unknown,unknown
"Fernel, Jean - De naturali parte medicinae. Paris 1542.pdf",365,https://app.transkribus.org/sites/noscemus/doc/608630?colId=88639,,False,physics; medicine
"Ferrari, Giovanni Battista - Flora seu de florum cultura. Rome 1633.pdf",543,https://app.transkribus.org/sites/noscemus/doc/767768?colId=88639,,False,botany
"Feuerlein, Jakob Wilhelm & Lochner, Christoph Moritz - Montes divinitatis testes. Altdorf 1729.pdf",25,https://app.transkribus.org/sites/noscemus/doc/695641?colId=88639,,False,theology
"Ficino, Marsilio - Opera omnia. Basel 1576.pdf",2089,https://app.transkribus.org/sites/noscemus/doc/841472?colId=88639,,Unknown,unknown
"Figulus, Carolus - Dialogus qui inscribitur botanomethodus. Cologne 1540.pdf",57,https://app.transkribus.org/sites/noscemus/doc/660343?colId=88639,,False,botany; literature
"Figulus, Carolus - ΙΧΘΥΟΛΟΓΙΑ (Ichthyologia) seu Dialogus de piscibus. Cologne 1540.pdf",21,https://app.transkribus.org/sites/noscemus/doc/635706?colId=88639,,False,zoology; literature
"Finck, Thomas - Geometria rotundi. Basel 1583.pdf",431,https://app.transkribus.org/sites/noscemus/doc/816417?colId=88639,,True,geometry
"Finé, Oronce - Protomathesis. Paris 1532.pdf",445,https://app.transkribus.org/sites/noscemus/doc/906081?colId=88639,Paris_1532,True,mathematics
"Finé, Oronce - Quadratura circuli ... Paris 1544.pdf",119,https://app.transkribus.org/sites/noscemus/doc/899969?colId=88639,,True,geometry
"Fischart, Johann & Toxites, Michael - Onomastica II. Strasbourg 1574.pdf",519,https://app.transkribus.org/sites/noscemus/doc/798545?colId=88639,,Unknown,bibliography
"Flamsteed, John - Historia coelestis Britannica. Vol. 1. London 1725.pdf",505,https://app.transkribus.org/sites/noscemus/doc/928154?colId=88639,,True,astronomy; history
"Flamsteed, John - Historia coelestis Britannica. Vol. 2. London 1725.pdf",665,https://app.transkribus.org/sites/noscemus/doc/928153?colId=88639,,True,astronomy; history
"Flamsteed, John - Historia coelestis Britannica. Vol. 3. London 1725.pdf",451,https://app.transkribus.org/sites/noscemus/doc/928152?colId=88639,,True,astronomy; history
"Flemyng, Malcolm - Neuropathia. York 1740.pdf",165,https://app.transkribus.org/sites/noscemus/doc/604890?colId=88639,,False,medicine
"Florido, Ambrosio - Dialogismus de natura universa maris. Padua 1613.pdf",61,https://app.transkribus.org/sites/noscemus/doc/695813?colId=88639,,False,physics; literature
"Foësius, Anutius - Oeconomia Hippocratis. Frankfurt am Main 1588.pdf",713,https://app.transkribus.org/sites/noscemus/doc/888138?colId=88639,,False,medicine; bibliography
"Fontana, Francesco - Novae coelestium terrestriumque rerum observationes. Naples 1646.pdf",176,https://app.transkribus.org/sites/noscemus/doc/718534?colId=88639,,True,astronomy; scientific method
"Fracastoro, Girolamo - Homocentrica. Venice 1538.pdf",175,https://app.transkribus.org/sites/noscemus/doc/845316?colId=88639,,True,astronomy
"Fracastoro, Girolamo - Syphilis. Verona 1530.pdf",221,https://app.transkribus.org/sites/noscemus/doc/709640?colId=88639,,False,medicine
"Franck, Johannes Christophorus (ed.) - Bibliotheca novissima observationum ac recensionum. Halle (Saale) 1721.pdf",603,https://app.transkribus.org/sites/noscemus/doc/694471?colId=88639,,Unknown,bibliography
"Frandsen, Hans - De oculorum fabricatione. Wittenberg 1556.pdf",31,https://app.transkribus.org/sites/noscemus/doc/710271?colId=88639,,False,anatomy
"Frey, Janus Caecilius - Opuscula varia. Paris 1646.pdf",567,https://app.transkribus.org/sites/noscemus/doc/897281?colId=88639,,Unknown,unknown
"Froidmont, Libert - Ant-Aristarchus. Antwertp 1631.pdf",333,https://app.transkribus.org/sites/noscemus/doc/900765?colId=88639,,Unknown,unknown
"Froidmont, Libert - Saturnalicae cenae variatae somnio sive peregrinatione caelesti. Leuven 1616.pdf",174,https://app.transkribus.org/sites/noscemus/doc/696170?colId=88639,,True,astronomy
"Froidmont, Libert - Saturnaliciae cenae variatae somnio sive peregrinatione caelesti. Leuven 1665.pdf",89,https://app.transkribus.org/sites/noscemus/doc/733506?colId=88639,,True,astronomy
"Froriep, Robert & Andorff, Friedrich August - Atlas anatomicus. Weimar 1852.pdf",39,https://app.transkribus.org/sites/noscemus/doc/928156?colId=88639,,False,anatomy
"Füchsel, Georg Christian - Historia terrae et maris. Erfurt 1761.pdf",211,https://app.transkribus.org/sites/noscemus/doc/648073?colId=88639,,False,geography; history
"Fuchs, Leonhart - Apologia Leonardi Fuchsii. Hagenau 1534.pdf",78,https://app.transkribus.org/sites/noscemus/doc/652469?colId=88639,,Unknown,unknown
"Fuchs, Leonhart - De historia stirpium. Basel 1542.pdf",935,https://app.transkribus.org/sites/noscemus/doc/750209?colId=88639,,False,botany; history
"Fuchs, Leonhart - Errata medicorum recentiorum. Hagenau 1530.pdf",161,https://app.transkribus.org/sites/noscemus/doc/658381?colId=88639,,False,medicine
"Fuchs, Leonhart - Paradoxorum medicinae libri III. Basel 1535.pdf",275,https://app.transkribus.org/sites/noscemus/doc/608631?colId=88639,,False,medicine
Funebre symbolum virorum aliquot illustrium. Paris 1555.pdf,25,https://app.transkribus.org/sites/noscemus/doc/693147?colId=88639,,Unknown,unknown
"Funk, Johann Kaspar - Liber de coloribus coeli. Ulm 1716.pdf",305,https://app.transkribus.org/sites/noscemus/doc/769231?colId=88639,,True,astronomy
"Furichius, Johannes Nicolaus - Chryseidos libri IIII. Strasbourg 1631.pdf",107,https://app.transkribus.org/sites/noscemus/doc/607715?colId=88639,,False,alchemy
"Galenus & Gessner, Conrad - Claudii Galeni Pergameni omnia, quae extant, in Latinum sermonem conversa. Vol. 1. Basel 1562.pdf",920,https://app.transkribus.org/sites/noscemus/doc/830009?colId=88639,,False,medicine
"Galenus & Ingrassia, Giovanni Filippo - In Galeni librum de ossibus commentaria. Palermo 1603.pdf",311,https://app.transkribus.org/sites/noscemus/doc/770140?colId=88639,,False,medicine; anatomy
"Galenus & Laguna, Andrés de - Epitome Galeni operum. Basel 1551.pdf",823,https://app.transkribus.org/sites/noscemus/doc/720096?colId=88639,,False,medicine
"Galenus & Maimonides, Moses - Aphorismi Rabi Moysis ex Galeno collecti. Basel 1579.pdf",635,https://app.transkribus.org/sites/noscemus/doc/616640?colId=88639,,False,medicine
"Galenus & Winter, Johann - De anatomicis administrationibus libri novem. Basel 1531.pdf",189,https://app.transkribus.org/sites/noscemus/doc/616641?colId=88639,,False,anatomy
"Galesio, Agostino - De terraemotu liber. Bologna 1571.pdf",158,https://app.transkribus.org/sites/noscemus/doc/841473?colId=88639,,Unknown,geography
"Galilei, Galileo & Bernegger, Matthias - Systema cosmicum. Strasbourg 1635.pdf",543,https://app.transkribus.org/sites/noscemus/doc/733507?colId=88639,,True,astronomy
"Galilei, Galileo - Sidereus nuntius. Venice 1610.pdf",66,https://app.transkribus.org/sites/noscemus/doc/888526?colId=88639,,True,astronomy
"Galilei, Galileo - Systema cosmicum. Leiden 1699.pdf",839,https://app.transkribus.org/sites/noscemus/doc/898562?colId=88639,,True,astronomy
"Galvani, Luigi - De viribus electricitatis in motu musculari commentarius. Mantova 1792.pdf",116,https://app.transkribus.org/sites/noscemus/doc/808146?colId=88639,,True,mechanics; physics; anatomy
"Garulli, Camillo - Hypothesis copernicana, Cometae et Elegiarum monobiblos. Rome 1777.pdf",193,https://app.transkribus.org/sites/noscemus/doc/617657?colId=88639,,True,astronomy
"Gassendi, Pierre - Exercitationes paradoxicae. Amsterdam 1649.pdf",241,https://app.transkribus.org/sites/noscemus/doc/786345?colId=88639,,Unknown,unknown
"Gassendi, Pierre - Institutio astronomica. Paris 1647.pdf",275,https://app.transkribus.org/sites/noscemus/doc/732894?colId=88639,MorisS-13-5,True,astronomy
"Gassendi, Pierre - Mercurius in sole visus. Paris 1632.pdf",49,https://app.transkribus.org/sites/noscemus/doc/736347?colId=88639,MorisS-13-1,True,astronomy
"Gassendi, Pierre - Opera omnia. Vol. 1. Lyon 1658.pdf",881,https://app.transkribus.org/sites/noscemus/doc/693174?colId=88639,,Unknown,unknown
"Gassendi, Pierre - Opera omnia. Vol. 2. Lyon 1658.pdf",893,https://app.transkribus.org/sites/noscemus/doc/929371?colId=88639,,Unknown,unknown
"Gassendi, Pierre - Opera omnia. Vol. 3. Lyon 1658.pdf",715,https://app.transkribus.org/sites/noscemus/doc/732972?colId=88639,,Unknown,unknown
"Gassendi, Pierre - Opera omnia. Vol. 4. Lyon 1658.pdf",551,https://app.transkribus.org/sites/noscemus/doc/929375?colId=88639,,Unknown,unknown
"Gassendi, Pierre - Opera omnia. Vol. 5. Lyon 1658.pdf",795,https://app.transkribus.org/sites/noscemus/doc/929376?colId=88639,,Unknown,unknown
"Gassendi, Pierre - Opera omnia. Vol. 6. Lyon 1658.pdf",567,https://app.transkribus.org/sites/noscemus/doc/929377?colId=88639,,Unknown,unknown
"Gassendi, Pierre - Tychonis Brahei vita. Paris 1654.pdf",575,https://app.transkribus.org/sites/noscemus/doc/653297?colId=88639,,False,biography
"Gaun, Franz & Feigenpuz, Johann E. - Iter per salinas Tyrolenses. Innsbruck 1707.pdf",132,https://app.transkribus.org/sites/noscemus/doc/695642?colId=88639,,Unknown,unknown
"Gaurico, Luca - Opera omnia. Vol. 1. Basel 1575.pdf",947,https://app.transkribus.org/sites/noscemus/doc/732895?colId=88639,,Unknown,unknown
"Gauß, Carl Friedrich - Disquisitiones arithematicae. Leipzig 1801.pdf",707,https://app.transkribus.org/sites/noscemus/doc/724118?colId=88639,,True,arithmetic
"Geisler, David & Drechsler, Johann Gabriel - De nive prodigiosa. Leipzig 1673.pdf",24,https://app.transkribus.org/sites/noscemus/doc/692916?colId=88639,,Unknown,snow and ice
"Gemma-Frisius, Cornelis - Ephemerides meteorographicae. Antwerp 1563.pdf",89,https://app.transkribus.org/sites/noscemus/doc/928696?colId=88639,,True,astronomy; meteorology
"Gemma-Frisius, Cornellis - De natura divinis characterismis. Antwertp 1575.pdf",244,https://app.transkribus.org/sites/noscemus/doc/718636?colId=88639,,False,physics; agriculture; theology
"Gemma Frisius, Rainer & Peletier, Jacques - Arithmeticae practicae methodus facilis. Paris 1545.pdf",165,https://app.transkribus.org/sites/noscemus/doc/897956?colId=88639,,True,arithmetic
"Gentilis, de Fulgineo & degli Emanuelli, Bartolomeo - Super dicta Gentilis super definitione de febre data ab Avicenna. Rome 1524.pdf",55,https://app.transkribus.org/sites/noscemus/doc/706766?colId=88639,,False,medicine
"Georg, Tannstetter Collimitius (ed.) - Tabulae eclipsium magistri Georgi Peuerbachii. Viena 1514.pdf",279,https://app.transkribus.org/sites/noscemus/doc/830008?colId=88639,,True,astronomy
"Gerstner, Johann Karl Anton - Dissertatio de salubritate aquae. Innsbruck 1756.pdf",33,https://app.transkribus.org/sites/noscemus/doc/662866?colId=88639,,Unknown,unknown
"Gessner, Conrad - Bibliotheca universalis. Zurich 1545.pdf",1317,https://app.transkribus.org/sites/noscemus/doc/704336?colId=88639,,Unknown,bibliography
"Gessner, Conrad - Catalogus Plantarum. Zurich 1542.pdf",345,https://app.transkribus.org/sites/noscemus/doc/701509?colId=88639,,False,botany
"Gessner, Conrad - De chirurgia. Zurich 1555.pdf",883,https://app.transkribus.org/sites/noscemus/doc/668499?colId=88639,,False,surgery
"Gessner, Conrad - De omni rerum fossilium genere, gemmis, lapidibus, metallis et huiusmodi libri aliquot. Zurich 1565.pdf",1081,https://app.transkribus.org/sites/noscemus/doc/748048?colId=88639,,False,chemistry; mineralogy
"Gessner, Conrad - De raris et admirandis herbis. Zurich 1555.pdf",106,https://app.transkribus.org/sites/noscemus/doc/608632?colId=88639,,Unknown,unknown
"Gessner, Conrad - De rerum fossilium figuris. Zurich 1565.pdf",359,https://app.transkribus.org/sites/noscemus/doc/608633?colId=88639,,False,mineralogy
"Gessner, Conrad (ed.) - Valerii Cordi Simesusii Annotationes in Pedacii Dioscorides Anazarbei de medica materia libros V. Strasbourg 1561.pdf",645,https://app.transkribus.org/sites/noscemus/doc/835557?colId=88639,,False,physics; medicine
"Gessner, Conrad - Historia animalium. Vol. 1. Zurich 1551.pdf",1168,https://app.transkribus.org/sites/noscemus/doc/756856?colId=88639,,False,zoology; history
"Gessner, Conrad - Historia animalium. Vol. 2. Zurich 1554.pdf",153,https://app.transkribus.org/sites/noscemus/doc/766507?colId=88639,,False,zoology; history
"Gessner, Conrad - Historia animalium. Vol. 3. Zurich 1555.pdf",822,https://app.transkribus.org/sites/noscemus/doc/756854?colId=88639,,False,zoology; history
"Gessner, Conrad - Historia animalium. Vol. 4. Zurich 1558.pdf",1349,https://app.transkribus.org/sites/noscemus/doc/756853?colId=88639,,False,zoology; history
"Gessner, Conrad - Icones animalium. Zurich 1553.pdf",75,https://app.transkribus.org/sites/noscemus/doc/739097?colId=88639,,False,zoology
"Gessner, Conrad - Icones animalium. Zurich 1560.pdf",141,https://app.transkribus.org/sites/noscemus/doc/739098?colId=88639,,False,zoology
"Gessner, Conrad - Nomenclator aquatilium animantium. Zurich 1560",409,https://app.transkribus.org/sites/noscemus/doc/599653?colId=88639,,False,zoology; bibliography
"Gessner, Conrad - Pandectae. Zurich 1548.pdf",765,https://app.transkribus.org/sites/noscemus/doc/704338?colId=88639,U6JR6P,Unknown,unknown
"Gessner, Conrad - Sanitatis tuendae praecepta. Zurich 1556.pdf",33,https://app.transkribus.org/sites/noscemus/doc/637780?colId=88639,,False,medicine
"Giachini, Leonardo - Quaestionum naturalium libellus. Lyon 1540.pdf",49,https://app.transkribus.org/sites/noscemus/doc/655270?colId=88639,,Unknown,unknown
"Gilbert, William - De magnete. London 1600.pdf",271,https://app.transkribus.org/sites/noscemus/doc/608634?colId=88639,,Unknown,physics
"Gilbert, William - De mundo. Amsterdam 1651.pdf",347,https://app.transkribus.org/sites/noscemus/doc/607716?colId=88639,,Unknown,unknown
"Gilles, Pierre & Aelianus, Claudius - Ex Aeliani Historia. Lyon 1533.pdf",646,https://app.transkribus.org/sites/noscemus/doc/775467?colId=88639,,False,history
"Gilles, Pierre & Aelianus, Claudius - Ex Aeliani Historia. Lyon 1535.pdf",619,https://app.transkribus.org/sites/noscemus/doc/775142?colId=88639,,False,history
"Gmelin, Johann Georg - Flora Sibirca sive Historia plantarum Sibiriae. 4 vols. St. Petersburg 1747-1769.pdf",1452,https://app.transkribus.org/sites/noscemus/doc/747382?colId=88639,,False,botany; history
"Göbel, Severin - De succino. s. l. 1565.pdf",75,https://app.transkribus.org/sites/noscemus/doc/705666?colId=88639,,Unknown,unknown
"Goens, Daniel van - Disputatio philosophica, an luna habitabilis sit. Utrecht 1738.pdf",39,https://app.transkribus.org/sites/noscemus/doc/662867?colId=88639,,True,astronomy; philosophy
"Goldbach, Christian - Letter to Euler 20-31 Juliy 1730.pdf",2,https://app.transkribus.org/sites/noscemus/doc/915096?colId=88639,,True,mathematics
"Gramm, Caeso & Brücken, Christoph Heinrich - Anatomia nivis. Kiel 1666.pdf",25,https://app.transkribus.org/sites/noscemus/doc/689823?colId=88639,,False,anatomy
"Grape, Zacharias & Schnabel, Johann - Dissertatio philosophica examinans placita quaedam scripti recentissimi. Rostock 1700.pdf",34,https://app.transkribus.org/sites/noscemus/doc/750216?colId=88639,,Unknown,philosophy
"Grataroli, Guglielmo - Alchemiae quam vocant artisque metallicae doctrina. Basel 1571.pdf",1505,https://app.transkribus.org/sites/noscemus/doc/616642?colId=88639,,False,chemistry; alchemy; mineralogy
"Gravius, Johannes & Harpprecht, Ferdinand Christoph - Disquisitio de quod iustum est circa nivem. Tübingen 1693.pdf",65,https://app.transkribus.org/sites/noscemus/doc/694622?colId=88639,,Unknown,unknown
"Gregorius, de Tipherno - De astrologia oratio (Reden und Briefe italienischer Humanisten).pdf",330,https://app.transkribus.org/sites/noscemus/doc/623151?colId=88639,,Unknown,astrology
"Gregory, David - Astronomiae physicae et geometricae elementa. Oxford 1702.pdf",517,https://app.transkribus.org/sites/noscemus/doc/833197?colId=88639,,True,geometry; astronomy; physics
"Griendel, Johann Franz - Micrographia nova. Nuremberg 1687.pdf",153,https://app.transkribus.org/sites/noscemus/doc/736348?colId=88639,,Unknown,scientific instruments
"Griffet, Claude - Cerebrum carmen. Rouen 1727.pdf",25,https://app.transkribus.org/sites/noscemus/doc/604308?colId=88639,,False,anatomy
"Grisogono, Federico - De fluxu et refluxu maris. Venice 1528.pdf",63,https://app.transkribus.org/sites/noscemus/doc/668500?colId=88639,,Unknown,oceanography
Grospré Robert - Regimen sanitatis. Gent 1538.pdf,35,https://app.transkribus.org/sites/noscemus/doc/706099?colId=88639,,False,medicine
Grospré Robert - Regimen sanitatis. Paris 1539.pdf,61,https://app.transkribus.org/sites/noscemus/doc/706100?colId=88639,,False,medicine
"Großinger, Johann Baptist - Universa history physica regni Hungariae. Vol. 1. Bratislava & Komorn 1793.pdf",649,https://app.transkribus.org/sites/noscemus/doc/693690?colId=88639,,Unknown,physics
"Großinger, Johann Baptist - Universa history physica regni Hungariae. Vol. 2. Bratislava & Komorn 1793.pdf",503,https://app.transkribus.org/sites/noscemus/doc/693691?colId=88639,,Unknown,physics
"Großinger, Johann Baptist - Universa history physica regni Hungariae. Vol. 3. Bratislava & Komorn 1794.pdf",433,https://app.transkribus.org/sites/noscemus/doc/693693?colId=88639,,Unknown,physics
"Großinger, Johann Baptist - Universa history physica regni Hungariae. Vol. 4. Bratislava & Komorn 1794.pdf",455,https://app.transkribus.org/sites/noscemus/doc/693694?colId=88639,,Unknown,physics
"Großinger, Johann Baptist - Universa history physica regni Hungariae. Vol. 5. Bratislava 1797.pdf",377,https://app.transkribus.org/sites/noscemus/doc/693695?colId=88639,,Unknown,physics
"Gross, Johann Georg & Brunn, Johann Jakob von - Theoremata philosophica de stella magorum. Basel 1611.pdf",9,https://app.transkribus.org/sites/noscemus/doc/632441?colId=88639,,Unknown,philosophy
"Grove, Robert - Carmen de sanguinis circuitu. London 1685.pdf",47,https://app.transkribus.org/sites/noscemus/doc/694470?colId=88639,,False,anatomy
"Guarinonius, Hippolytus - Chylosophia academica. Innsbruck 1648.pdf",473,https://app.transkribus.org/sites/noscemus/doc/819057?colId=88639,,Unknown,unknown
"Guericke, Otto von - Experimenta nova Magdeburgica de vacuo spatio. Amsterdam 1672.pdf",281,https://app.transkribus.org/sites/noscemus/doc/704812?colId=88639,,True,mechanics; scientific method
"Hachet, Louis-Paul et al. - Theses mathematicae. Paris 1754.pdf",10,https://app.transkribus.org/sites/noscemus/doc/693692?colId=88639,,True,mathematics
"Haller, Albrecht von - Bibliotheca botanica. 2 vols. Zurich 1771-1772.pdf",1551,https://app.transkribus.org/sites/noscemus/doc/929707?colId=88639,,False,botany; bibliography
"Haller, Albrecht von - Epistolae ad Albertum Hallerum. Bern 1773. Vol. 1.pdf",459,https://app.transkribus.org/sites/noscemus/doc/623152?colId=88639,,False,literature
"Haller, Albrecht von - Epistolae ad Albertum Hallerum. Bern 1773. Vol. 2.pdf",453,https://app.transkribus.org/sites/noscemus/doc/623153?colId=88639,,False,literature
"Haller, Albrecht von - Epistolae ad Albertum Hallerum. Bern 1774. Vol. 3.pdf",547,https://app.transkribus.org/sites/noscemus/doc/623154?colId=88639,,False,literature
"Haller, Albrecht von - Epistolae ad Albertum Hallerum. Bern 1774. Vol. 4.pdf",382,https://app.transkribus.org/sites/noscemus/doc/623155?colId=88639,,False,literature
"Haller, Albrecht von - Epistolae ad Albertum Hallerum. Bern 1774. Vol. 5.pdf",373,https://app.transkribus.org/sites/noscemus/doc/623156?colId=88639,,False,literature
"Haller, Albrecht von - Epistolae ad Albertum Hallerum. Bern 1775. Vol. 6.pdf",577,https://app.transkribus.org/sites/noscemus/doc/623157?colId=88639,,False,literature
"Haller, Albrecht von - Icones plantarum Helvetiae. Bern 1795.pdf",197,https://app.transkribus.org/sites/noscemus/doc/748684?colId=88639,,False,botany
"Haller, Albrecht von - Iter Helveticum. Göttingen 1740.pdf",208,https://app.transkribus.org/sites/noscemus/doc/906121?colId=88639,,Unknown,unknown
"Halley, Edmond - Methodus singularis qua solis parallaxis determinari poterit - Philosophical Transactions of the Royal Society 29. London 1717.pdf",12,https://app.transkribus.org/sites/noscemus/doc/696813?colId=88639,,True,astronomy; philosophy
"Hanov, Michael Christoph & Wolff, Joannes Leonhardus - Origo mundi ex montibus vallibusque. Danzig 1735.pdf",33,https://app.transkribus.org/sites/noscemus/doc/605286?colId=88639,,Unknown,unknown
"Harchies, Josse de - Enchiridion medicum. Basel 1573.pdf",355,https://app.transkribus.org/sites/noscemus/doc/608635?colId=88639,,False,medicine; education
"Harvey, William - Exercitatio anatomica de motu cordis et sanguinis in animalibus. Frankfurt am Main 1628.pdf",90,https://app.transkribus.org/sites/noscemus/doc/704813?colId=88639,,True,mechanics; zoology; anatomy
"Harvey, William - Exercitationes de generatione animalium. London 1651.pdf",343,https://app.transkribus.org/sites/noscemus/doc/704814?colId=88639,,False,zoology
"Heffner, Johann Carl - Museum disputatorium physico-medicum. Vol. 1.1. Zittau 1756.pdf",693,https://app.transkribus.org/sites/noscemus/doc/906982?colId=88639,,False,physics; natural history; medicine
"Heffner, Johann Carl - Museum disputatorium physico-medicum. Vol. 1.2. Zittau 1756.pdf",169,https://app.transkribus.org/sites/noscemus/doc/906981?colId=88639,,False,physics; natural history; medicine
"Heffner, Johann Carl - Museum disputatorium physico-medicum. Vol. 1.3. Zittau 1756.pdf",87,https://app.transkribus.org/sites/noscemus/doc/906983?colId=88639,,False,physics; natural history; medicine
"Heffner, Johann Carl - Museum disputatorium physico-medicum. Vol. 2.1. Zittau 1764.pdf",549,https://app.transkribus.org/sites/noscemus/doc/906984?colId=88639,,False,physics; natural history; medicine
"Heffner, Johann Carl - Museum disputatorium physico-medicum. Vol. 2.2-3. Zittau 1764.pdf",211,https://app.transkribus.org/sites/noscemus/doc/906986?colId=88639,,False,physics; natural history; medicine
"Heister, Lorenz - Compendium anatomicum. Altdorf 1717.pdf",145,https://app.transkribus.org/sites/noscemus/doc/746790?colId=88639,,False,anatomy; education
"Hell, Maximilian - Observatio transitus Veneris. Vienna 1761.pdf",131,https://app.transkribus.org/sites/noscemus/doc/605036?colId=88639,,True,astronomy
"Hell, Maximilian & Weinhart, Ignaz - Elogium Petri Anich. Innsbruck 1768.pdf",51,https://app.transkribus.org/sites/noscemus/doc/605913?colId=88639,,Unknown,unknown
"Helmont, Jan Baptista van - Ortus medicinae. Amsterdam 1649.pdf",1005,https://app.transkribus.org/sites/noscemus/doc/688159?colId=88639,,False,medicine
"Hernández, Francisco - Rerum medicarum Novae Hispaniae Thesaurus. Rome 1651.pdf",1098,https://app.transkribus.org/sites/noscemus/doc/735139?colId=88639,,False,medicine
"Hessus, Eobanus - De bona valetudine libellus. Frankfurt am Main 1564.pdf",387,https://app.transkribus.org/sites/noscemus/doc/835247?colId=88639,,False,medicine
"Heurne, Johan van - Institutiones medicinae. Leiden 1592.pdf",679,https://app.transkribus.org/sites/noscemus/doc/746788?colId=88639,,False,medicine; education
"Hevelius, Johannes - Mercurius in sole visus Gedani. Danzig 1662.pdf",205,https://app.transkribus.org/sites/noscemus/doc/617658?colId=88639,,True,astronomy
"Hevelius, Johannes - Selenographia. Gdańsk 1647.pdf",784,https://app.transkribus.org/sites/noscemus/doc/839340?colId=88639,,True,astronomy
"Heyne, Christian Gottlob - Elogium Rudolphi Augustini Vogel. Göttingen 1775.pdf",27,https://app.transkribus.org/sites/noscemus/doc/605914?colId=88639,,Unknown,unknown
"Hippocrates & Berigardus, Petrus - Hippocratis Aphorismi rhytmici. Udine 1645.pdf",49,https://app.transkribus.org/sites/noscemus/doc/1285856?colId=88639,,False,medicine
"Hippocrates & Burnet, Thomas - Hippocrates contractus. Edinburgh 1685.pdf",257,https://app.transkribus.org/sites/noscemus/doc/720098?colId=88639,,False,medicine
"Hippocrates & Denisot, Gérard - Hippocratis Aphorismis versibus Graecis et Latini expositi. Paris 1634.pdf",193,https://app.transkribus.org/sites/noscemus/doc/1285855?colId=88639,,False,medicine
"Hippocrates & Dionysius, Paullus - Aphorismi Hippocratis versibus redditi. Verona 1599.pdf",113,https://app.transkribus.org/sites/noscemus/doc/713325?colId=88639,,False,medicine
"Hippocrates & Galenus, & Cruser, Hermann - Hippocratis De natura humana liber cum commentariis Galeni. Paris 1534.pdf",241,https://app.transkribus.org/sites/noscemus/doc/841474?colId=88639,,False,physics; medicine
"Hippocrates & Leonberger, Georg - Hippocratis Coi medicinae et medicorum omnium principis Aphorismorum et sententiarum medicarum libri septem. Nuremberg 1537.pdf",221,https://app.transkribus.org/sites/noscemus/doc/816416?colId=88639,,False,medicine
"Hirsch, Siegfried - Amussis Ferdinandea. Munich 1654.pdf",200,https://app.transkribus.org/sites/noscemus/doc/862096?colId=88639,,Unknown,unknown
Historia et commentationes Academiae Electoralis Scientiarum et Elegantiorum Litterarum Theodoro-Palatinae. Vol. 6 physicum. Mannheim 1790.pdf,586,https://app.transkribus.org/sites/noscemus/doc/705667?colId=88639,,False,physics; history
"Hobbes, Thomas - Examinatio et emendatio. London 1660.pdf",213,https://app.transkribus.org/sites/noscemus/doc/696106?colId=88639,,Unknown,unknown
"Hoffmann, Friedrich - De atheo convincendo ex artificiosissima machinae humanae structura. Halle (Saale) 1694.pdf",29,https://app.transkribus.org/sites/noscemus/doc/652470?colId=88639,,True,mechanics; engineering
"Hoffmann, Friedrich - Medicina rationalis systematica. Supplementum. Halle 1740.pdf",257,https://app.transkribus.org/sites/noscemus/doc/928138?colId=88639,,False,medicine
"Hoffmann, Friedrich - Medicina rationalis systematica. Vol. 1. Halle 1718.pdf",529,https://app.transkribus.org/sites/noscemus/doc/928144?colId=88639,,False,medicine
"Hoffmann, Friedrich - Medicina rationalis systematica. Vol. 2. Halle 1720.pdf",521,https://app.transkribus.org/sites/noscemus/doc/928145?colId=88639,,False,medicine
"Hoffmann, Friedrich - Medicina rationalis systematica. Vol. 3. Halle 1727.pdf",637,https://app.transkribus.org/sites/noscemus/doc/928143?colId=88639,,False,medicine
"Hoffmann, Friedrich - Medicina rationalis systematica. Vol. 4,1. Halle 1729.pdf",633,https://app.transkribus.org/sites/noscemus/doc/928142?colId=88639,,False,medicine
"Hoffmann, Friedrich - Medicina rationalis systematica. Vol. 4,2. Halle 1732.pdf",581,https://app.transkribus.org/sites/noscemus/doc/928141?colId=88639,,False,medicine
"Hoffmann, Friedrich - Medicina rationalis systematica. Vol. 4,3. Halle 1737.pdf",687,https://app.transkribus.org/sites/noscemus/doc/928140?colId=88639,,False,medicine
"Hoffmann, Friedrich - Medicina rationalis systematica. Vol. 4,4. Halle 1739.pdf",585,https://app.transkribus.org/sites/noscemus/doc/928137?colId=88639,,False,medicine
"Hoffmann, Friedrich - Medicina rationalis systematica. Vol. 4,5. Halle 1739.pdf",341,https://app.transkribus.org/sites/noscemus/doc/928139?colId=88639,,False,medicine
"Hondius, Jodocus - Nova et accurata Italiae hodiernae descriptio. Amsterdam 1626.pdf",433,https://app.transkribus.org/sites/noscemus/doc/845317?colId=88639,,Unknown,unknown
"Honterus, Johannes - Rudimenta cosmographica. Zurich 1546.pdf",99,https://app.transkribus.org/sites/noscemus/doc/709642?colId=88639,,True,astronomy
"Honterus, Johannes - Rudimentorum cosmographiae libri duo. Kraków 1534.pdf",134,https://app.transkribus.org/sites/noscemus/doc/912763?colId=88639,,True,astronomy
"Horn, Christoph - De auro medico philosophorum. Frankfurt am Main 1615.pdf",103,https://app.transkribus.org/sites/noscemus/doc/607717?colId=88639,,False,medicine; philosophy
"Horne, Johannes van & Swammerdam, Jan - Miraculum naturae. Leiden 1672.pdf",92,https://app.transkribus.org/sites/noscemus/doc/735142?colId=88639,,False,theology
"Horn, Georg - Orbis politicus. Leipzig 1668.pdf",591,https://app.transkribus.org/sites/noscemus/doc/708109?colId=88639,,False,law
"Horrebow, Peder - Copernicus triumphans. Copenhagen 1727.pdf",61,https://app.transkribus.org/sites/noscemus/doc/748685?colId=88639,,True,astronomy
"Horrocks, Jeremiah & Wallis, John - Ieremiae Horrocii opera posthuma. London 1673.pdf",525,https://app.transkribus.org/sites/noscemus/doc/663923?colId=88639,,True,mathematics
"Hortenisus, Martinus - Oratio de dignitate et utilitate matheseos. Amsterdam 1634.pdf",29,https://app.transkribus.org/sites/noscemus/doc/658513?colId=88639,,True,mathematics
"Hortensius, Martinus - De Mercurio in sole viso. Leiden 1633.pdf",101,https://app.transkribus.org/sites/noscemus/doc/668501?colId=88639,,True,astronomy
"Hottinger, Johan Heinrich & Hottinger, Solomon - ΚΡΥΣΤΑΛΛΟΛΟΓΙΑ seu Dissertatio de Crystallis. Zurich 1698.pdf",48,https://app.transkribus.org/sites/noscemus/doc/738972?colId=88639,,Unknown,crystallography
"Housselle, Karl & Anonymi - Pharmacopoea Germanica. Berlin 1872.pdf",463,https://app.transkribus.org/sites/noscemus/doc/604277?colId=88639,,False,pharmacology
"Hues, Robert - Tractatus de globis et eorum usu. London 1594.pdf",203,https://app.transkribus.org/sites/noscemus/doc/743612?colId=88639,,Unknown,scientific instruments
"Humboldt, Alexander von - De distributione geographica plantarum. Paris 1817.pdf",269,https://app.transkribus.org/sites/noscemus/doc/696812?colId=88639,,False,geography; botany
"Huswirt, Johannes - Enchiridion novus algorismi. Cologne 1501.pdf",49,https://app.transkribus.org/sites/noscemus/doc/904631?colId=88639,,Unknown,education
"Hutton, James - Dissertatio inauguralis de sanguine et circulatione microcosmi. Leiden 1749.pdf",35,https://app.transkribus.org/sites/noscemus/doc/662868?colId=88639,,False,anatomy
"Huygens, Christiaan - Exercitationum mathematicarum liber V. Leiden 1657.pdf",565,https://app.transkribus.org/sites/noscemus/doc/904418?colId=88639,,True,mathematics
"Huygens, Christiaan - Horologium oscillatorium. Paris 1673.pdf",189,https://app.transkribus.org/sites/noscemus/doc/744030?colId=88639,,True,astronomy
"Huygens, Christian - Kosmotheoros. The Hague 1698.pdf",173,https://app.transkribus.org/sites/noscemus/doc/863737?colId=88639,,True,astronomy
"Huygens, Constantijn - Momenta desultoria. Den Haag 1655.pdf",509,https://app.transkribus.org/sites/noscemus/doc/899968?colId=88639,,Unknown,unknown
Ibn al-Haytham et al. - Opticae thesaurus. Basel 1572.pdf,789,https://app.transkribus.org/sites/noscemus/doc/632442?colId=88639,,True,optics
"Imperato, Francesco - De fossilibus opusculum. Naples 1610.pdf",119,https://app.transkribus.org/sites/noscemus/doc/668502?colId=88639,,False,mineralogy
"Inghirami, Curzio - Etruscarum antiquitatum fragmenta. Florence 1637.pdf",363,https://app.transkribus.org/sites/noscemus/doc/782230?colId=88639,,False,history
"Ittig, Thomas - Lucubrationes academicae de montium incendiis. Leipzig 1671.pdf",384,https://app.transkribus.org/sites/noscemus/doc/663925?colId=88639,,False,mineralogy
"Jacobi, Carl Gustav Jacob - Fundamenta nova theoriae functionum ellipticarum. Königsberg 1829.pdf",208,https://app.transkribus.org/sites/noscemus/doc/906080?colId=88639,,True,mathematics
"Jacquin, Nikolaus Joseph von - Oxalis. Monographia. Vienna et al. 1794.pdf",331,https://app.transkribus.org/sites/noscemus/doc/605287?colId=88639,,False,botany
Janus Lernutius et al. - Poemata. Liegnitz 1603.pdf,443,https://app.transkribus.org/sites/noscemus/doc/801745?colId=88639,,False,literature
"Jessen, Johann von - De vita et morte Tychonis Brahei oratio funebris. Hamburg 1601.pdf",19,https://app.transkribus.org/sites/noscemus/doc/702150?colId=88639,,False,biography
"Johnson, Thomas - Opuscula omnia botanica. London 1847 (ed. T. S. Ralph) .pdf",255,https://app.transkribus.org/sites/noscemus/doc/706769?colId=88639,,False,botany
"Jonston, Jan - Historia naturalis de quadrupedibus. Frankfurt am Main 1652.pdf",403,https://app.transkribus.org/sites/noscemus/doc/756852?colId=88639,,False,natural history; zoology; history
"Jonston, Jan - Notitia regni mineralis. Leipzig 1661.pdf",133,https://app.transkribus.org/sites/noscemus/doc/737712?colId=88639,,False,mineralogy
"Jonston, Jan - Thaumatographia naturalis. Amsterdam 1632.pdf",519,https://app.transkribus.org/sites/noscemus/doc/732628?colId=88639,,False,natural history
"Joostens, Pâquier - Alea. Basel 1561.pdf",163,https://app.transkribus.org/sites/noscemus/doc/616643?colId=88639,,Unknown,unknown
"Juncker, Christian - Schediasma historicum de ephemeridibus. Leipzig 1692.pdf",489,https://app.transkribus.org/sites/noscemus/doc/839341?colId=88639,,True,astronomy; history
"Jungermann, Ludwig - Catalogus plantarum, quae in horto medico Altdophino reperiuntur. Altdorf 1635.pdf",25,https://app.transkribus.org/sites/noscemus/doc/701510?colId=88639,,False,botany; medicine
"Jungermann, Ludwig & Hofmann, Caspar - Catalogus plantarum circa Altorfium. Altdorf 1615.pdf",75,https://app.transkribus.org/sites/noscemus/doc/694472?colId=88639,,False,botany
"Jungius, Joachim - Isagoge Pyhtoscopica. Hamburg 1678.pdf",92,https://app.transkribus.org/sites/noscemus/doc/888133?colId=88639,,Unknown,unknown
"Junius, Hadrianus - Nomenclator omnium rerum. Antwertp 1567.pdf",521,https://app.transkribus.org/sites/noscemus/doc/888139?colId=88639,,Unknown,bibliography
"Jurin, James - Invitatio ad observationes meteorologicas communi consilio instituendas. London 1723.pdf",6,https://app.transkribus.org/sites/noscemus/doc/732896?colId=88639,,Unknown,meteorology; scientific method
"Jussieu, Antoine Laurent de - Genera plantarum secundum ordines naturales disposita. Paris 1789.pdf",601,https://app.transkribus.org/sites/noscemus/doc/697193?colId=88639,,False,botany
"Kaau Boerhaave, Abraham - Declamatio academica de gaudiis alchemistarum. Leiden 1737.pdf",41,https://app.transkribus.org/sites/noscemus/doc/657722?colId=88639,,False,chemistry; alchemy
"Kaau Boerhaave, Abraham - Sermo academicus de iis, quae virum medicum perficiunt et exornant. Leiden 1752.pdf",57,https://app.transkribus.org/sites/noscemus/doc/694473?colId=88639,,False,medicine
"Kaempfer, Engelbert - Amoenitates exoticae. Lemgo 1712.pdf",990,https://app.transkribus.org/sites/noscemus/doc/807407?colId=88639,,False,natural history
"Keill, John - Introductio ad veram astronomiam seu lectiones astronomicae. Oxford 1718.pdf",525,https://app.transkribus.org/sites/noscemus/doc/732973?colId=88639,,True,astronomy
"Kentmann, Johannes - De omni rerum fossilium genere, gemmis, lapidibus, metallis et huiusmodi libri aliquot. Zurich 1555.pdf",1082,https://app.transkribus.org/sites/noscemus/doc/701511?colId=88639,,False,chemistry; mineralogy
"Kepler, Johannes - Astronomiae pars optica. Frankfurt am Main 1604.pdf",499,https://app.transkribus.org/sites/noscemus/doc/901014?colId=88639,MBMOYV,True,astronomy; optics
"Kepler, Johannes - Astronomia nova. Heidelberg 1609.pdf",391,https://app.transkribus.org/sites/noscemus/doc/807626?colId=88639,I9PE2Y,True,astronomy
"Kepler, Johannes & Bartsch, Jacob - Tabulae manuales logarithmicae. Strasbourg 1700.pdf",325,https://app.transkribus.org/sites/noscemus/doc/928889?colId=88639,,True,arithmetic
"Kepler, Johannes - Chilias logarithmorum. Marburg 1624.pdf",218,https://app.transkribus.org/sites/noscemus/doc/928697?colId=88639,,True,arithmetic
"Kepler, Johannes - De nive sexangula. Frankfurt am Main 1611.pdf",27,https://app.transkribus.org/sites/noscemus/doc/743613?colId=88639,,True,mathematics; snow and ice
"Kepler, Johannes - Dioptrice. Augsburg 1611.pdf",127,https://app.transkribus.org/sites/noscemus/doc/713326?colId=88639,FNI2Y6,True,optics
"Kepler, Johannes - Dissertatio cum nuntio sidereo. Prag 1610.pdf",43,https://app.transkribus.org/sites/noscemus/doc/657723?colId=88639,,True,astronomy
"Kepler, Johannes - Epitome astronomiae Copernicanae. Linz & Frankfurt am Main 1618–1621.pdf",978,https://app.transkribus.org/sites/noscemus/doc/902200?colId=88639,,True,astronomy
"Kepler, Johannes - Mysterium cosmographicum. Tübingen 1596.pdf",194,https://app.transkribus.org/sites/noscemus/doc/823046?colId=88639,A540JK,True,astronomy
"Kepler, Johannes - Nova stereometria doliorum. Linz 1615.pdf",119,https://app.transkribus.org/sites/noscemus/doc/985903?colId=88639,,True,geometry
"Kepler, Johannes - Somnium seu Opus posthumum de astronomia lunari. Żagań & Frankfurt am Main 1634.pdf",191,https://app.transkribus.org/sites/noscemus/doc/696195?colId=88639,,True,astronomy
"Kepler, Johannes - Tabulae Rudolphinae. Ulm 1627.pdf",278,https://app.transkribus.org/sites/noscemus/doc/801746?colId=88639,,True,mathematics
"Kies, Johann - Dissertatio physica de iride. Tübingen 1772.pdf",22,https://app.transkribus.org/sites/noscemus/doc/662869?colId=88639,,Unknown,physics; meteorology
"Kies, Johann & Rümelin, Johann Heinrich - Dissertatio historico-mathematica de vita, scriptis et inventis Ioannis Kepleri. Tübingen 1770.pdf",25,https://app.transkribus.org/sites/noscemus/doc/605917?colId=88639,,True,mathematics; history; biography
"Kircher, Athanasius - Arca Noe. Amsterdam 1675.pdf",347,https://app.transkribus.org/sites/noscemus/doc/696429?colId=88639,,False,theology
"Kircher, Athanasius - Iter cometae anni 1664. s. l. 1665.pdf",4,https://app.transkribus.org/sites/noscemus/doc/918559?colId=88639,,True,astronomy
"Kircher, Athanasius - Iter extaticum II. Rome 1657.pdf",277,https://app.transkribus.org/sites/noscemus/doc/696105?colId=88639,,Unknown,unknown
"Kircher, Athanasius - Itinerarium exstaticum. Rome 1656.pdf",501,https://app.transkribus.org/sites/noscemus/doc/655273?colId=88639,,Unknown,geography
"Kircher, Athanasius - Mundus subterraneus. Amsterdam 1665.pdf",987,https://app.transkribus.org/sites/noscemus/doc/732034?colId=88639,,False,mineralogy
"Kircher, Athanasius - Phonurgia nova. Kempten (Allgäu) 1673.pdf",307,https://app.transkribus.org/sites/noscemus/doc/845318?colId=88639,,Unknown,unknown
"Kirchmaier, Georg Kaspar - De locustis insolitis dissertatio epistolica. Wittenberg 1693.pdf",21,https://app.transkribus.org/sites/noscemus/doc/607718?colId=88639,,False,zoology
"Kirchmaier, Georg Kaspar & Leutmann, Martin - Disputatio publica de nive. Wittenberg 1659.pdf",18,https://app.transkribus.org/sites/noscemus/doc/694618?colId=88639,,Unknown,snow and ice
"Kirsten, Michael - Non-entia chymica. Frankfurt am Main 1645.pdf",39,https://app.transkribus.org/sites/noscemus/doc/732035?colId=88639,,False,chemistry
"Klein, Jacob Theodor - Stemmata avium. Leipzig 1759.pdf",157,https://app.transkribus.org/sites/noscemus/doc/694474?colId=88639,,False,zoology
"Koegl, Johann Abraham - De usu et abusu nicotianae. Innsbruck 1772.pdf",89,https://app.transkribus.org/sites/noscemus/doc/691445?colId=88639,,False,botany
"Kopernikus, Nikolaus - De revolutionibus orbium coelestium. Nuremberg 1543.pdf",417,https://app.transkribus.org/sites/noscemus/doc/819058?colId=88639,Z0K13S,True,astronomy
"Krause, Johann Gottlieb - Vita Flamstedii. Leipzig 1720.pdf",7,https://app.transkribus.org/sites/noscemus/doc/605915?colId=88639,,False,biography
"Krusch, Johann Ernst - De impotentia virili. Erfurt 1707.pdf",37,https://app.transkribus.org/sites/noscemus/doc/668503?colId=88639,,False,medicine
"Kulmus, Johann Adam - Descriptio anatomico-physiologica alicuius foetus monstrosi. Gdańsk 1724.pdf",78,https://app.transkribus.org/sites/noscemus/doc/897282?colId=88639,,False,anatomy
"Küssing, Johann-Georg & Cernitz, Gottfried - Exercitium physicum de nive. Leipzig 1649.pdf",18,https://app.transkribus.org/sites/noscemus/doc/663926?colId=88639,,Unknown,physics; snow and ice
"Kyber, David - Lexicon rei herbariae trilingue. Strasbourg 1553.pdf",579,https://app.transkribus.org/sites/noscemus/doc/868519?colId=88639,,False,botany; language
"Lachmund, Friedrich - De ave Diomedea. Amsterdam 1674.pdf",73,https://app.transkribus.org/sites/noscemus/doc/604307?colId=88639,,False,zoology
"Laet, Johan de - De gemmis et lapidibus. Leiden 1647.pdf",288,https://app.transkribus.org/sites/noscemus/doc/668504?colId=88639,,False,mineralogy
"Laet, Johan de - Novus orbis seu descriptionis Indiae occidentalis libri XVIII. Leiden 1633.pdf",709,https://app.transkribus.org/sites/noscemus/doc/732036?colId=88639,,Unknown,geography
"La Galla, Giulio Cesare - De phoenomenis in orbe lunae physica disputatio. Venice 1612.pdf",81,https://app.transkribus.org/sites/noscemus/doc/688248?colId=88639,,True,astronomy; physics
"La Hire, Philippe de - Tabulae astronomicae Ludovici magni iussu et munificentia exaratae. Paris 1702.pdf",217,https://app.transkribus.org/sites/noscemus/doc/906186?colId=88639,,True,astronomy
"Lambergen, Tiberius - Oratio inauguralis de amico historiae naturalis cum medicina connubio. Coulon & Willem. 1751.pdf",89,https://app.transkribus.org/sites/noscemus/doc/605288?colId=88639,,False,medicine; history
"Landivar, Rafael - Rusticatio Mexicana. Modena 1781.pdf",147,https://app.transkribus.org/sites/noscemus/doc/709643?colId=88639,,Unknown,unknown
"Langenbeck, Georg Heinrich Christoph - De explicatione cerebri eiusdemque prolongationum. Göttingen 1818.pdf",34,https://app.transkribus.org/sites/noscemus/doc/694896?colId=88639,,False,anatomy
"Lansbergen, Philips van - Tabulae motuum coelestium perpetuae. Middelburg 1632.pdf",479,https://app.transkribus.org/sites/noscemus/doc/839342?colId=88639,,True,astronomy
"Lansbergen, Philips van - Triangulorum geometria. Leiden 1591.pdf",237,https://app.transkribus.org/sites/noscemus/doc/912316?colId=88639,,True,geometry; trigonometry
"Latomus, Bartholomaeus - Factio memorabilis Francisci ab Siccingen cum Trevirorum obsidione. Cologne 1523.pdf",48,https://app.transkribus.org/sites/noscemus/doc/604309?colId=88639,,Unknown,unknown
"L'Ecluse, Charles de - Curae posteriores. Leiden 1611.pdf",193,https://app.transkribus.org/sites/noscemus/doc/693145?colId=88639,,Unknown,unknown
"L’Ecluse, Charles de - Exoticorum libri decem. Leiden 1605.pdf",715,https://app.transkribus.org/sites/noscemus/doc/786344?colId=88639,,Unknown,unknown
"L'Ecluse, Charles de - Rariorum aliquot stirpium per Hispanias obersvatarum historia. Antwerp 1576.pdf",542,https://app.transkribus.org/sites/noscemus/doc/749216?colId=88639,,False,botany; history
"L'Ecluse, Charles de - Rariorum aliquot stirpium per Pannoniam et Austriam observatam historia. Antwerp 1583.pdf",805,https://app.transkribus.org/sites/noscemus/doc/749217?colId=88639,,False,botany; history
"L'Ecluse, Charles de - Rariorum plantarum historia. Antwertp 1601.pdf",736,https://app.transkribus.org/sites/noscemus/doc/749218?colId=88639,,False,botany; history
"Leeuwenhoek, Antoni van - Arcana naturae detecta. Delft 1695.pdf",659,https://app.transkribus.org/sites/noscemus/doc/744031?colId=88639,,False,natural history
"Leeuwenhoek, Antoni van - Observationes de natis e semine genitali animalculis. London 1677.pdf",7,https://app.transkribus.org/sites/noscemus/doc/693074?colId=88639,,False,botany; zoology; scientific method
"Le Febvre, Francois Antoine - Terrae-motus. Paris 1704",21,https://app.transkribus.org/sites/noscemus/doc/599651?colId=88639,,False,geography; geology
"Leibniz, Gottfried Wilhelm - Protogaea. Göttingen 1749.pdf",181,https://app.transkribus.org/sites/noscemus/doc/605289?colId=88639,,True,mathematics
"Leibniz, Gottfried Wilhelm - Tentamen de motuum coelestium causis.Leipzig 1689.pdf",689,https://app.transkribus.org/sites/noscemus/doc/1526071?colId=88639,,True,astronomy
"Lemnius, Levinus - Occultae naturae miracula. Antwertp 1559.pdf",425,https://app.transkribus.org/sites/noscemus/doc/697192?colId=88639,,False,theology
"Leo Africanus & Florianus, Johannes - De totius Africae descriptione. Antwerp 1556.pdf",659,https://app.transkribus.org/sites/noscemus/doc/724120?colId=88639,,Unknown,geography
"Leoniceno, Niccolò - De Plinii erroribus. Ferrara 1509.pdf",213,https://app.transkribus.org/sites/noscemus/doc/637738?colId=88639,,Unknown,unknown
"Leopold, Christoph & Vian, Christoph - Philosophia historica de montibus. Innsbruck 1713.pdf",89,https://app.transkribus.org/sites/noscemus/doc/605290?colId=88639,,False,philosophy; history
"Lesser, Friedrich Christian - De sapientia, omnipotentia et providentia divina ex partibus insectorum cognoscenda. Nordhausen 1735.pdf",21,https://app.transkribus.org/sites/noscemus/doc/775168?colId=88639,,False,zoology; philosophy; theology
"Lhuyd, Edward - Epistola de fossilium marinorum origine ad Joannem Raium. London 1699",211,https://app.transkribus.org/sites/noscemus/doc/597675?colId=88639,,False,mineralogy; literature
"Lhuyd, Edward - Lithophylacii Britannici ichnographia. London 1699.pdf",211,https://app.transkribus.org/sites/noscemus/doc/733509?colId=88639,,False,geology
Libavius1599_Rerum chymicarum epistolica_liber tertius_MDZ_MBS,467,https://app.transkribus.org/sites/noscemus/doc/3936563?colId=88639,,False,chemistry
"Liceti, Fortunio - De monstris. Amsterdam 1665.pdf",376,https://app.transkribus.org/sites/noscemus/doc/678765?colId=88639,,False,natural history
"Liceti, Fortunio - De spontaneo viventium ortu. Vicenza 1618.pdf",394,https://app.transkribus.org/sites/noscemus/doc/676068?colId=88639,,False,natural history
"Linden, Johannes Antonides van der - De scriptis medicis libri duo. Amsterdam 1637.pdf",645,https://app.transkribus.org/sites/noscemus/doc/631363?colId=88639,,False,medicine
"Linden, Johannes Antonides van der - Hippocrates de circuitu sanguinis, exercitatio I. Leiden 1659.pdf",31,https://app.transkribus.org/sites/noscemus/doc/663927?colId=88639,,False,medicine; anatomy
"Linden, Johannes Antonides van der - Lindenius renovatus. Nuremberg 1686.pdf",1353,https://app.transkribus.org/sites/noscemus/doc/1085290?colId=88639,,Unknown,unknown
"Linné, Carl von - Amoenitates academicae. Vol. 10. Erlangen 1790.pdf",345,https://app.transkribus.org/sites/noscemus/doc/913058?colId=88639,,False,natural history
"Linné, Carl von - Amoenitates academicae. Vol. 1. Stockholm & Leiden 1749.pdf",618,https://app.transkribus.org/sites/noscemus/doc/913057?colId=88639,,False,natural history
"Linné, Carl von - Amoenitates academicae. Vol. 2. Stockholm 1751.pdf",501,https://app.transkribus.org/sites/noscemus/doc/913059?colId=88639,,False,natural history
"Linné, Carl von - Amoenitates academicae. Vol. 3. Stockholm 1756.pdf",491,https://app.transkribus.org/sites/noscemus/doc/913060?colId=88639,,False,natural history
"Linné, Carl von - Amoenitates academicae. Vol. 4. Stockholm 1759.pdf",625,https://app.transkribus.org/sites/noscemus/doc/913061?colId=88639,,False,natural history
"Linné, Carl von - Amoenitates academicae. Vol. 5. Stockholm 1760.pdf",515,https://app.transkribus.org/sites/noscemus/doc/913062?colId=88639,,False,natural history
"Linné, Carl von - Amoenitates academicae. Vol. 6. Stockholm 1763.pdf",513,https://app.transkribus.org/sites/noscemus/doc/913063?colId=88639,,False,natural history
"Linné, Carl von - Amoenitates academicae. Vol. 7. Stockholm 1769.pdf",539,https://app.transkribus.org/sites/noscemus/doc/913064?colId=88639,,False,natural history
"Linné, Carl von - Amoenitates academicae. Vol. 8. Erlangen 1785.pdf",367,https://app.transkribus.org/sites/noscemus/doc/913065?colId=88639,,False,natural history
"Linné, Carl von - Amoenitates academicae. Vol. 9. Erlangen 1785.pdf",351,https://app.transkribus.org/sites/noscemus/doc/913066?colId=88639,,False,natural history
"Linné, Carl von - Bibliotheca botanica secundum systema auctorum naturale. Amsterdam 1736.pdf",251,https://app.transkribus.org/sites/noscemus/doc/704339?colId=88639,,False,botany; bibliography
"Linné, Carl von - Fauna Suecica. Stockholm 1746.pdf",455,https://app.transkribus.org/sites/noscemus/doc/747384?colId=88639,,False,zoology
"Linné, Carl von - Fauna Suecica. Stockholm 1761.pdf",649,https://app.transkribus.org/sites/noscemus/doc/747383?colId=88639,,False,zoology
"Linné, Carl von - Flora Suecica. Stockholm 1745.pdf",449,https://app.transkribus.org/sites/noscemus/doc/786342?colId=88639,,False,botany
"Linné, Carl von - Fundamenta botanica. Amsterdam 1736.pdf",42,https://app.transkribus.org/sites/noscemus/doc/704340?colId=88639,,False,botany
"Linné, Carl von - Fundamenta botanica. Amsterdam 1741.pdf",61,https://app.transkribus.org/sites/noscemus/doc/704341?colId=88639,,False,botany
"Linné Carl, von - Musa Cliffortiana. Leiden 1736.pdf",71,https://app.transkribus.org/sites/noscemus/doc/677275?colId=88639,,False,botany
"Linné, Carl von & Nordblad, Eric Anders - Instructio peregrinatoris. Uppsala 1759.pdf",21,https://app.transkribus.org/sites/noscemus/doc/695643?colId=88639,,Unknown,unknown
"Linné, Carl von - Oratio de telluris habitabilis incremento. Leiden 1744.pdf",115,https://app.transkribus.org/sites/noscemus/doc/605037?colId=88639,,Unknown,geography
"Linné, Carl von - Species plantarum. Vol. 1. Stockholm 1753.pdf",572,https://app.transkribus.org/sites/noscemus/doc/906185?colId=88639,,False,botany
"Linné, Carl von - Species plantarum. Vol. 2. Stockholm 1753.pdf",673,https://app.transkribus.org/sites/noscemus/doc/786343?colId=88639,,False,botany
"Linné, Carl von - Systema naturae. 2 vols. Stockholm 1758-1759.pdf",1418,https://app.transkribus.org/sites/noscemus/doc/752866?colId=88639,,False,natural history
"Lipenius, Martin - Bibliotheca realis medica. Frankfurt am Main 1679.pdf",575,https://app.transkribus.org/sites/noscemus/doc/653298?colId=88639,,False,medicine; bibliography
"Lipenius, Martin & Grünberg, Nathanael - Orologia. Hildesheim 1684.pdf",24,https://app.transkribus.org/sites/noscemus/doc/663928?colId=88639,,Unknown,unknown
"Lloyd, Philipp - De partium septentrionalium quibusdam affectibus et remediis. 1699.pdf",3,https://app.transkribus.org/sites/noscemus/doc/864509?colId=88639,,False,medicine
"L'Obel, Matthias de & Pena, Pierre - Stirpum adversaria nova. London 1571.pdf",482,https://app.transkribus.org/sites/noscemus/doc/749219?colId=88639,,False,botany
"Longueil, Gilbert de - Dialogus de avibus et earum nominibus. Cologne 1544.pdf",113,https://app.transkribus.org/sites/noscemus/doc/660342?colId=88639,,False,literature
"López de Zúñiga, Diego - In Iob Commentaria. Rome 1591.pdf",633,https://app.transkribus.org/sites/noscemus/doc/735138?colId=88639,,False,theology
"Lorry, Anne-Charles - De melancholia et morbis melancholicis. Vol. 1. Paris 1765.pdf",422,https://app.transkribus.org/sites/noscemus/doc/769232?colId=88639,,False,medicine
"Lorry, Anne-Charles - De melancholia et morbis melancholicis. Vol. 2. Paris 1765.pdf",446,https://app.transkribus.org/sites/noscemus/doc/769233?colId=88639,,False,medicine
"Lossius, Lucas - Arithmetices erotemata puerilia. Frankfurt an der Oder 1557.pdf",66,https://app.transkribus.org/sites/noscemus/doc/901015?colId=88639,,True,arithmetic
"Lubieniecki, Stanisław - Theatrum cometicum. Amsterdam 1668.pdf",1753,https://app.transkribus.org/sites/noscemus/doc/732630?colId=88639,,True,astronomy
"Lucini, Paolo - Optica. Parma 1793.pdf",137,https://app.transkribus.org/sites/noscemus/doc/906212?colId=88639,,True,optics
"Ludwig, Christian Gottlieb - Aphorismi botanici in usum auditorum conscripti. Leipzig 1738.pdf",85,https://app.transkribus.org/sites/noscemus/doc/1461594?colId=88639,,False,botany
"Mackaile, Matthew - Fons Moffetensis. Edinburgh 1659.pdf",125,https://app.transkribus.org/sites/noscemus/doc/797693?colId=88639,,Unknown,unknown
"Maffei, Giovanni Pietro - Historiarum Indicarum libri XVI. Cologne 1590.pdf",1437,https://app.transkribus.org/sites/noscemus/doc/693175?colId=88639,,False,history
"MagIni, Giovanni Antonio - Confutatio diatribae Scaligeri de aequinoctiorum praecessione. Rome 1617.pdf",105,https://app.transkribus.org/sites/noscemus/doc/902201?colId=88639,,True,astronomy
"MagIni, Giovanni Antonio - De planis trangulis. De dimetiendi ratione. Venice & Bologna 1592.pdf",521,https://app.transkribus.org/sites/noscemus/doc/902427?colId=88639,bib-52,True,surveying
"Magini, Giovanni Antonio - Ephemerides ab anno Domini 1598 usque ad annum 1610. Venice 1599.pdf",845,https://app.transkribus.org/sites/noscemus/doc/902428?colId=88639,,True,astronomy
"Magnus, Olaus - Historia de gentibus septentrionalibus. Rome 1555.pdf",909,https://app.transkribus.org/sites/noscemus/doc/725081?colId=88639,,False,history
"Maier, Michael - Atalanta fugiens. Oppenheim 1617.pdf",231,https://app.transkribus.org/sites/noscemus/doc/804024?colId=88639,,False,alchemy
"Maier, Michael - Civitas corporis humani. Frankfurt 1621.pdf",221,https://app.transkribus.org/sites/noscemus/doc/694475?colId=88639,,False,anatomy
"Maier, Michael - De circulo physico quadrato. Oppenheim 1616.pdf",83,https://app.transkribus.org/sites/noscemus/doc/715590?colId=88639,,True,geometry; physics
"Major, Johann Daniel - Emblemata de purpura. Kiel 1671.pdf",25,https://app.transkribus.org/sites/noscemus/doc/607719?colId=88639,,False,literature
"Major, Johann Daniel & Sachs von Lewenheimb, Philipp Jacob - Dissertatio epistolica de cancris et serpentibus petrefactis. Jena 1664.pdf",125,https://app.transkribus.org/sites/noscemus/doc/657732?colId=88639,,False,zoology
"Malpighi, Marcello - Anatome plantarum. London 1675-79",259,https://app.transkribus.org/sites/noscemus/doc/598518?colId=88639,,False,botany; anatomy
"Manardi, Giovanni - De erroribus Symonis Pistoris. Nuremberg 1500.pdf",22,https://app.transkribus.org/sites/noscemus/doc/704345?colId=88639,,Unknown,unknown
"Manardi, Giovanni - Epistolae medicinales. Ferrara 1521.pdf",161,https://app.transkribus.org/sites/noscemus/doc/704346?colId=88639,,False,medicine; literature
"Manincor, Anton - De terraemotibus anni 1670. Innsbruck 1671.pdf",39,https://app.transkribus.org/sites/noscemus/doc/694895?colId=88639,,Unknown,geography
"Marggraff, Michael & Bleidner, Johannes - Disputatio physica de meteoro nivis. Leipzig 1667.pdf",13,https://app.transkribus.org/sites/noscemus/doc/694617?colId=88639,,Unknown,physics; meteorology
"Marius, Simon - Mundus Iovialis. Nuremberg 1614.pdf",85,https://app.transkribus.org/sites/noscemus/doc/906122?colId=88639,,True,astronomy
"Märter, Franz Joseph - Fundamenta et termini botanici. Brussels 1789.pdf",145,https://app.transkribus.org/sites/noscemus/doc/737711?colId=88639,,False,botany
"Martini, Martino - Novus Atlas Sinensis. Amsterdam 1655.pdf",263,https://app.transkribus.org/sites/noscemus/doc/928136?colId=88639,,Unknown,unknown
"Mästlin, Michael - Epitome astronomiae. Heidelberg 1582.pdf",695,https://app.transkribus.org/sites/noscemus/doc/724117?colId=88639,,True,astronomy
"Mattioli, Pietro Andrea - Commentarii in sex libros Dioscoridis. Venice 1554.pdf",818,https://app.transkribus.org/sites/noscemus/doc/735145?colId=88639,,Unknown,unknown
"Mattioli, Pietro Andrea - Compendium de plantis omnibus. Venice 1571.pdf",963,https://app.transkribus.org/sites/noscemus/doc/664561?colId=88639,,False,botany; education
"Mattioli, Pietro Andrea - De ratione distillandi aquas. Venice 1565.pdf",1640,https://app.transkribus.org/sites/noscemus/doc/797568?colId=88639,,False,chemistry
"Mauchart, Burchard David & Haug, Philipp Adam - Oculus artificialis. Tübingen 1749.pdf",29,https://app.transkribus.org/sites/noscemus/doc/605038?colId=88639,,True,optics
"Maurolico, Francesco - Arithmeticorum libri II. Venice 1575.pdf",207,https://app.transkribus.org/sites/noscemus/doc/901016?colId=88639,,True,arithmetic
"Maurolico, Francesco - Cosmographia in tres dialogos distincta. Venice 1543.pdf",231,https://app.transkribus.org/sites/noscemus/doc/695814?colId=88639,,True,astronomy; literature
"Maurolico, Francesco - Opuscula mathematica. Venice 1575.pdf",315,https://app.transkribus.org/sites/noscemus/doc/912317?colId=88639,Venice_1575,True,mathematics
"Maurolico, Francesco - Photismi de lumine et umbra. Naples 1611.pdf",102,https://app.transkribus.org/sites/noscemus/doc/742420?colId=88639,CTQRB8,True,optics
"Mayerne, Théodore Turquet de - Apologia. La Rochelle 1603.pdf",118,https://app.transkribus.org/sites/noscemus/doc/652471?colId=88639,,Unknown,unknown
"Mazzolari, Giuseppe Maria - Electricorum libri VI. Rome 1767.pdf",301,https://app.transkribus.org/sites/noscemus/doc/605291?colId=88639,,Unknown,physics
"Melanchthon, Philipp - Initia doctrinae physicae. Wittenberg 1549.pdf",423,https://app.transkribus.org/sites/noscemus/doc/906123?colId=88639,,Unknown,physics
"Melanchthon, Philipp - Liber de anima. Wittenberg 1553.pdf",321,https://app.transkribus.org/sites/noscemus/doc/746761?colId=88639,,Unknown,philosophy
"Melanchthon, Philipp - Mulae asinaeque duos imponit servulus utres. Leipzig 1549.pdf",72,https://app.transkribus.org/sites/noscemus/doc/1726864?colId=88639,,Unknown,unknown
"Melanchthon, Philipp - Selectae declamationes. Vol. 1. Strasbourg 1544.pdf",801,https://app.transkribus.org/sites/noscemus/doc/732897?colId=88639,,False,literature
"Melancthon, Philipp & Milch, Jacob - Oratio de consideranda sympathia et antipathia in rerum natura. Wittenberg 1550.pdf",45,https://app.transkribus.org/sites/noscemus/doc/652472?colId=88639,,True,astronomy; physics
"Mencke, Friedrich Otto - De vita, moribus, scriptis meritisque Fracastorii. Leipzig 1731.pdf",233,https://app.transkribus.org/sites/noscemus/doc/605916?colId=88639,,False,biography
"Mercator, Gerhahrd & Mercator, Rumold - Atlas sive Cosmographicae meditationes. Duisburg & Düsseldorf 1595.pdf",201,https://app.transkribus.org/sites/noscemus/doc/907179?colId=88639,,True,astronomy
"Mercator, Gerhard & Mercator, Rumold - Atlas sive Cosmographicae meditationes. Duisburg & Düsseldorf 1595.pdf",670,https://app.transkribus.org/sites/noscemus/doc/693146?colId=88639,,True,astronomy
"Mercuriale, Girolamo - De arte gymnastica libri sex. Venice 1573.pdf",359,https://app.transkribus.org/sites/noscemus/doc/605239?colId=88639,,Unknown,unknown
"Merian, Maria Sibylla - Metamorphosis insectorum Surinamensium. Amsterdam 1719.pdf",230,https://app.transkribus.org/sites/noscemus/doc/929714?colId=88639,,False,zoology
"Mersenne, Marin - Cogitata physico-mathematica. Paris 1644.pdf",731,https://app.transkribus.org/sites/noscemus/doc/807648?colId=88639,MorisS-21-11,True,mathematics; physics
"Mersenne, Marin - Universae geometriae mixtaeque mathematicae synopsis. Paris 1644.pdf",629,https://app.transkribus.org/sites/noscemus/doc/701512?colId=88639,MorisS-21-10,True,mathematics; geometry
"Mesmer, Franz Anton - Dissertatio physico-medica de planetarum influxu. Vienna 1766.pdf",52,https://app.transkribus.org/sites/noscemus/doc/662870?colId=88639,,True,astronomy; physics; medicine
"Metz, Andreas - De adaequata exponentis notione. Würzburg 1820.pdf",61,https://app.transkribus.org/sites/noscemus/doc/902259?colId=88639,,Unknown,unknown
Miscellanea Berolinensia ad incrementum scientiarum ex scriptis Societati Regiae Scientiarum exhibitis edita. Berlin 1710.pdf,483,https://app.transkribus.org/sites/noscemus/doc/808108?colId=88639,,Unknown,multidisciplinary science
Miscellanea Berolinensia ad incrementum scientiarum. Vol. 4. Berlin 1734.pdf,450,https://app.transkribus.org/sites/noscemus/doc/823047?colId=88639,,Unknown,multidisciplinary science
Miscellanea curiosa medico-physica Academiae Naturae curiosorum. Vol. 1. Leipzig 1670.pdf,514,https://app.transkribus.org/sites/noscemus/doc/715853?colId=88639,,False,physics; natural history; medicine
Miscellanea Tigurina. Vol. 3. Zurich 1724.pdf,457,https://app.transkribus.org/sites/noscemus/doc/835248?colId=88639,,Unknown,multidisciplinary science
"Mizauld, Antoine - Cosmologia. Paris 1571.pdf",74,https://app.transkribus.org/sites/noscemus/doc/898563?colId=88639,,Unknown,unknown
"Mizauld, Antoine - De mundi sphaera. Paris 1552.pdf",113,https://app.transkribus.org/sites/noscemus/doc/608636?colId=88639,,True,astronomy
"Mizauld, Antoine - Ephemerides aëris perpetuae. Paris 1554.pdf",359,https://app.transkribus.org/sites/noscemus/doc/720099?colId=88639,,True,astronomy; meteorology
"Moffett, Thomas - De iure et praestantia chymicorum medicamentorum. Frankfurt am Main 1584.pdf",115,https://app.transkribus.org/sites/noscemus/doc/608637?colId=88639,,False,chemistry; medicine; pharmacology
"Moffett, Thomas - Insectorum theatrum. London 1634.pdf",357,https://app.transkribus.org/sites/noscemus/doc/731628?colId=88639,,False,zoology
"Möhring, Paul Heinrich Gerhard - Avium genera. Aurich 1752.pdf",96,https://app.transkribus.org/sites/noscemus/doc/748050?colId=88639,,False,zoology
"Monau, Friedrich von - Bronchotome. Königsberg 1644.pdf",74,https://app.transkribus.org/sites/noscemus/doc/702151?colId=88639,,False,medicine
"Mondella, Luigi - Epistolae medicinales. Basel 1543.pdf",287,https://app.transkribus.org/sites/noscemus/doc/608638?colId=88639,,False,medicine; literature
"Monte, Giovanni Battista da & Lublina, Walenty z - In nonum librum Rhasis ad Mansorem expositio. Venice 1554.pdf",709,https://app.transkribus.org/sites/noscemus/doc/701795?colId=88639,,Unknown,unknown
"Monteux, Sebastien de - Annotatiunculae in errata recentiorum medicorum. Lyon 1533.pdf",123,https://app.transkribus.org/sites/noscemus/doc/658382?colId=88639,,False,medicine
"Monti, Giuseppe - De monumento diluviano nuper in agro Bononiensi. Bologna 1719.pdf",69,https://app.transkribus.org/sites/noscemus/doc/668505?colId=88639,,False,geology
"Morhof, Daniel Georg - Polyhistor. Vol. 1. Lübeck 1688.pdf",581,https://app.transkribus.org/sites/noscemus/doc/798543?colId=88639,,Unknown,bibliography
"Morhof, Daniel Georg - Polyhistor. Vol. 2. Lübeck 1692.pdf",179,https://app.transkribus.org/sites/noscemus/doc/798542?colId=88639,,Unknown,bibliography
"Morhof, Daniel Georg - Polyhistor. Vol. 3. Lübeck 1708.pdf",867,https://app.transkribus.org/sites/noscemus/doc/798544?colId=88639,,Unknown,bibliography
"Morison, Robert - Plantarum umbilleiferarum distributio nova. Oxford 1672.pdf",131,https://app.transkribus.org/sites/noscemus/doc/737709?colId=88639,,False,botany
"Müller, Johann Heinrich & Andreae, Johann Leonhard - Dissertatio inauguralis de montibus ignivomis sive vulcaniis. Altdorf 1710.pdf",35,https://app.transkribus.org/sites/noscemus/doc/691443?colId=88639,,False,geology
"Müller, Otto - Vermium terrestrium et fluviatilium historia. Leipzig & Copenhagen 1773. Vol. 1.pdf",258,https://app.transkribus.org/sites/noscemus/doc/604889?colId=88639,,False,history
"Müller, Otto - Vermium terrestrium et fluviatilium historia. Leipzig & Copenhagen 1774. Vol. 2.pdf",284,https://app.transkribus.org/sites/noscemus/doc/604891?colId=88639,,False,history
"Müller von Löwenstein, Friedrich - Lexicon medico-galeno-chymico-pharmaceuticum. Frankfurt am Main 1661.pdf",320,https://app.transkribus.org/sites/noscemus/doc/797709?colId=88639,,False,chemistry; medicine; pharmacology; language
"Mundinus, Lucius & Berengario da Carpi, Jacopo - Commentaria cum amplissimis additionibus super Anatomia Mundini. Bologna 1521.pdf",1063,https://app.transkribus.org/sites/noscemus/doc/701513?colId=88639,,False,anatomy
"Münster, Sebastian - Cosmographia universalis. Basel 1552.pdf",1216,https://app.transkribus.org/sites/noscemus/doc/767769?colId=88639,,True,astronomy
"Muralt, Johann von - Scientiae naturalis seu physicae compendium. Zurich 1694.pdf",233,https://app.transkribus.org/sites/noscemus/doc/801658?colId=88639,,Unknown,physics; education
Musae Anglicanae. Vol. 2. 5th ed. London 1741.pdf,311,https://app.transkribus.org/sites/noscemus/doc/695815?colId=88639,,False,literature
Musschenbroek Petrus van - Epitome elementorum physico-mathematicorum. Leiden 1726.pdf,405,https://app.transkribus.org/sites/noscemus/doc/906071?colId=88639,,True,mathematics; geometry; physics
"Napier, John - Mrifici logarithmorum canonis descriptio. Ednburgh 1614.pdf",165,https://app.transkribus.org/sites/noscemus/doc/801744?colId=88639,,True,arithmetic
"Nardi, Giovanni - De rore disquisitio physica. Florence 1642.pdf",241,https://app.transkribus.org/sites/noscemus/doc/704669?colId=88639,,Unknown,physics
"Nardi, Giovanni - Lactis physica analysis. Florence 1634.pdf",379,https://app.transkribus.org/sites/noscemus/doc/704670?colId=88639,,Unknown,physics
"Negri, Francesco - Rhetia sive de situ et moribus Rhetorum. Basel 1547.pdf",71,https://app.transkribus.org/sites/noscemus/doc/632443?colId=88639,,Unknown,unknown
"Nemnich, Philipp Andreas - Lexicon nosologicum polyglotton. Hamburg 1801.pdf",168,https://app.transkribus.org/sites/noscemus/doc/888346?colId=88639,,False,medicine; language
"Neucrantz, Paul - De harengo exercitatio medica. Lübeck 1654.pdf",97,https://app.transkribus.org/sites/noscemus/doc/890736?colId=88639,,False,medicine
"Newton, Isaac & Castillon, Johann - Isaaci Newtoni opuscula mathematica, philosophica et philologica. 3 vols. Lausanne & Geneva 1744.pdf",1569,https://app.transkribus.org/sites/noscemus/doc/915175?colId=88639,,True,mathematics; philosophy; language
"Newton, Isaac & Clarke, Samuel - Optice. London 1706.pdf",470,https://app.transkribus.org/sites/noscemus/doc/742066?colId=88639,,True,optics
"Newton, Isaac - Mr. Newtons Letter, being an Answer to the Letter of P. Pardies. London 1672.pdf",4,https://app.transkribus.org/sites/noscemus/doc/865569?colId=88639,,True,mathematics
"Newton, Isaac - Philosophiae naturalis principia mathematica. London 1687.pdf",516,https://app.transkribus.org/sites/noscemus/doc/928699?colId=88639,,True,mathematics; philosophy
"Newton, Isaac - Philosophiae naturalis principia mathematica. London 1713",535,https://app.transkribus.org/sites/noscemus/doc/1567826?colId=88639,,True,mathematics; philosophy
"Newton, Isaac - Philosophiae naturalis principia mathematica. London 1726.pdf",589,https://app.transkribus.org/sites/noscemus/doc/1509290?colId=88639,,True,mathematics; philosophy
"Nicander Colophonius & Lonicer, Johannes - Nicandri Theriaca et Alexipharmaca. Cologne 1531.pdf",127,https://app.transkribus.org/sites/noscemus/doc/709644?colId=88639,,False,pharmacology
"Nieremberg, Juan Eusebio - Historia naturae, maxime peregrinae. Antwerp 1635.pdf",623,https://app.transkribus.org/sites/noscemus/doc/748698?colId=88639,,False,history
"Nieremberg, Juan Eusebio - Historia naturae, maxime peregrinae. Antwerp 1635.pdf",623,https://app.transkribus.org/sites/noscemus/doc/748683?colId=88639,,False,history
"Nifo, Agostino - De falsa diluvii prognosticatione. Florence 1520.pdf",43,https://app.transkribus.org/sites/noscemus/doc/668506?colId=88639,,False,geology
"Noceti, Carlo - De iride et aurora boreali carmina. Rome 1747.pdf",155,https://app.transkribus.org/sites/noscemus/doc/710272?colId=88639,,False,meteorology; literature
"Nodari, Antonio - Lusus poeticus anatomicus. Padova 1822.pdf",41,https://app.transkribus.org/sites/noscemus/doc/659198?colId=88639,,False,anatomy; literature
"Nogarola, Lodovico - De Nilo. Venice 1552.pdf",93,https://app.transkribus.org/sites/noscemus/doc/599728?colId=88639,,Unknown,oceanography
Nova Acta Eruditorum 1761. Leipzig 1761.pdf,644,https://app.transkribus.org/sites/noscemus/doc/906184?colId=88639,,Unknown,multidisciplinary science
Nova Acta Eruditorum 1776. Leipzig 1776.pdf,450,https://app.transkribus.org/sites/noscemus/doc/863738?colId=88639,,Unknown,multidisciplinary science
Nova acta Helvetica physico-mathematico-anatomico-botanico-medica. Vol. I. Basel 1787.pdf,356,https://app.transkribus.org/sites/noscemus/doc/643408?colId=88639,,True,mathematics; physics; botany; medicine; anatomy; multidisciplinary science
Nova Acta Regiae Societatis Scientiarum Upsaliensis. Vol. 3. Uppsala 1780.pdf,354,https://app.transkribus.org/sites/noscemus/doc/664562?colId=88639,,Unknown,multidisciplinary science
Nova Acta Regiae Societatis Scientiarum Upsaliensis. Vol. 3 Uppsala 1861.pdf,494,https://app.transkribus.org/sites/noscemus/doc/623150?colId=88639,,Unknown,multidisciplinary science
Nova literaria Maris Balthici et septentrionis edita MDCXCIX. Lübeck 1699.pdf,401,https://app.transkribus.org/sites/noscemus/doc/906214?colId=88639,,Unknown,multidisciplinary science
Novi Commentarii Academiae Scientiarum Imperialis Petropolitanae. Vol. 17. Saint Petersburg 1772-1773.pdf,830,https://app.transkribus.org/sites/noscemus/doc/906213?colId=88639,,Unknown,multidisciplinary science
Novi Commentarii Societatis Regiae Scientiarum Gottingensis. Vol. 7. Göttingen 1777.pdf,400,https://app.transkribus.org/sites/noscemus/doc/720613?colId=88639,,Unknown,multidisciplinary science
"Nuñez, Pedro - Petri Nonii Salaciensis opera. Basel 1566.pdf",329,https://app.transkribus.org/sites/noscemus/doc/632444?colId=88639,,Unknown,unknown
"Oddi, Oddo degli - In primam fen primi libri Canonis Avicennae expositio. Venice 1575.pdf",542,https://app.transkribus.org/sites/noscemus/doc/831510?colId=88639,,Unknown,unknown
Oevres complètes de Christian Hugens. Vol 17. Amsterdam 1932.pdf,586,https://app.transkribus.org/sites/noscemus/doc/699868?colId=88639,,False,theology
"Olhoff, Johann Erich - Excerpta ex litteris ad Iohannem Hevelium perscriptis. Gdańsk 1683 .pdf",237,https://app.transkribus.org/sites/noscemus/doc/868571?colId=88639,,Unknown,unknown
"Omodei, Antonio Filoteo degli - Aetnae topographia. Venice 1591.pdf",75,https://app.transkribus.org/sites/noscemus/doc/683332?colId=88639,,Unknown,geography
"Origanus, David - Novae ephemerides Brandenburgicae. Vol. 1. Frankfurt an der Oder 1609.pdf",911,https://app.transkribus.org/sites/noscemus/doc/928135?colId=88639,,True,astronomy
"Origanus, David - Novae ephemerides Brandenburgicae. Vol. 2. Frankfurt an der Oder 1609.pdf",1185,https://app.transkribus.org/sites/noscemus/doc/928134?colId=88639,,True,astronomy
"Origanus, David - Novae ephemerides Brandenburgicae. Vol. 3. Frankfurt an der Oder 1609.pdf",1065,https://app.transkribus.org/sites/noscemus/doc/928133?colId=88639,,True,astronomy
"Ørsted, Hans Christian - Experimenta circa effectum conflictus electrici in acum magneticam. Copenhagen 1820.pdf",12,https://app.transkribus.org/sites/noscemus/doc/704815?colId=88639,,Unknown,physics; scientific method
"Ortelius, Abraham - Theatrum orbis terrarum. Antwerp 1570.pdf",159,https://app.transkribus.org/sites/noscemus/doc/928890?colId=88639,,Unknown,geography
"Oudin, François - Poemata didascalia. Vol. 1. Paris 1749.pdf",373,https://app.transkribus.org/sites/noscemus/doc/643449?colId=88639,,False,literature
"Oudin, François - Poemata didascalia. Vol. 2. Paris 1749.pdf",373,https://app.transkribus.org/sites/noscemus/doc/643448?colId=88639,,False,literature
"Oudin, François - Poemata didascalia. Vol. 3. Paris 1749.pdf",369,https://app.transkribus.org/sites/noscemus/doc/643450?colId=88639,,False,literature
"Oudin, François - Poemata didascalica. 2nd ed. Vol. 1. Paris 1813.pdf",529,https://app.transkribus.org/sites/noscemus/doc/710448?colId=88639,,False,literature
"Oudin, François - Poemata didascalica. 2nd ed. Vol. 2. Paris 1813.pdf",503,https://app.transkribus.org/sites/noscemus/doc/710449?colId=88639,,False,literature
"Oudin, François - Poemata didascalica. 2nd ed. Vol. 3. Paris 1813.pdf",510,https://app.transkribus.org/sites/noscemus/doc/710450?colId=88639,,False,literature
"Oudin, François - Poemata didascalica. 2nd ed. Vol. 4. Paris 1813.pdf",513,https://app.transkribus.org/sites/noscemus/doc/710451?colId=88639,,False,literature
"Owen, Johan - Epigrammatum libri tres. Amberg 1608.pdf",131,https://app.transkribus.org/sites/noscemus/doc/900767?colId=88639,,False,language
"Palingènio Stellato, Marcello - Zodiacus vitae. Basel 1543",643,https://app.transkribus.org/sites/noscemus/doc/5314216?colId=88639,,False,astrology; biography
"Pappus Alexandrinus & Commandino, Federico - Pappi Alexandrini Mathematicae collectiones. Pesaro 1588.pdf",676,https://app.transkribus.org/sites/noscemus/doc/831511?colId=88639,,True,mathematics
"Pardies, Ignace Gaston - A Latin Letter containing some Animadversiones upon Mr. Isaac Newton, his Theory of Light. London 1672.pdf",5,https://app.transkribus.org/sites/noscemus/doc/607720?colId=88639,,True,mathematics
"Passe, Crispijn van de, the younger - Hortus floridus. Arnhem 1614.pdf",290,https://app.transkribus.org/sites/noscemus/doc/914309?colId=88639,,False,botany
"Patrizi, Francesco - Discussiones peripateticae. Basel 1581.pdf",521,https://app.transkribus.org/sites/noscemus/doc/724119?colId=88639,,Unknown,unknown
"Patrizi, Francesco - Nova de universis philosophia. Ferrara 1591.pdf",696,https://app.transkribus.org/sites/noscemus/doc/726758?colId=88639,,Unknown,philosophy
"Paulli, Simon - Orbis terraqueus. Strasbourg 1670.pdf",396,https://app.transkribus.org/sites/noscemus/doc/770047?colId=88639,,Unknown,geography
"Paulus Aegineta & Winter, Johann - Opus de re medica. Paris 1532.pdf",621,https://app.transkribus.org/sites/noscemus/doc/823078?colId=88639,,False,medicine
"Payr, Franz Friedrich - Dissertatio de diaeta litteratorum. Innsbruck 1743.pdf",38,https://app.transkribus.org/sites/noscemus/doc/904471?colId=88639,,False,medicine
"Peano, Giuseppe - Arithemtices principia. Turin 1889.pdf",49,https://app.transkribus.org/sites/noscemus/doc/804027?colId=88639,,True,arithmetic
"Pecquet, Jean - Experimenta nova anatomica. Paris 1651.pdf",133,https://app.transkribus.org/sites/noscemus/doc/706767?colId=88639,,False,anatomy; scientific method
"Peletier, Jacques - De occulta parte numerorum. Paris 1560.pdf",145,https://app.transkribus.org/sites/noscemus/doc/767743?colId=88639,,True,arithmetic
"Pereira, Benedict - De communibus omnium rerum naturalium principiis et affectionibus. Paris 1579.pdf",909,https://app.transkribus.org/sites/noscemus/doc/767771?colId=88639,,False,physics; natural history
"Pereira, Benedict - De magia. Cologne 1612.pdf",345,https://app.transkribus.org/sites/noscemus/doc/718638?colId=88639,,Unknown,unknown
"Persona, Giovanni Battista - Noctes solitariae. Venice 1613.pdf",535,https://app.transkribus.org/sites/noscemus/doc/655274?colId=88639,,Unknown,unknown
"Petermann, Daniel & Schmied, Gottfried - Disputatio de glacie. Leipzig 1670.pdf",22,https://app.transkribus.org/sites/noscemus/doc/692939?colId=88639,,Unknown,snow and ice
"Petrus Peregrinus & Gasser, Achilles Pirmin - Epistola de magnete. Augsburg 1558.pdf",65,https://app.transkribus.org/sites/noscemus/doc/657733?colId=88639,,False,physics; literature
"Peuerbach, Georg von - Theoricae novae planetarum. Nuremberg 1472.pdf",46,https://app.transkribus.org/sites/noscemus/doc/826785?colId=88639,,True,astronomy
Philalethes - Exercitatio theoricuorum Copernico-caelestium mathematico-physico-theologica. Philadelphia 1689.pdf,181,https://app.transkribus.org/sites/noscemus/doc/696079?colId=88639,,True,mathematics; astronomy; physics; theology
Philosophiae Naturalis Principia Mathematica 1726.pdf,589,https://app.transkribus.org/sites/noscemus/doc/1509197?colId=88639,,True,mathematics; philosophy
"Piccolomini, Alessandro - In mechanicas quaestiones Aristotelis paraphrasis. Rome 1547.pdf",235,https://app.transkribus.org/sites/noscemus/doc/902202?colId=88639,,True,mechanics; philosophy
"Pico della Mirandola, Giovanni - Opera omnia. Basel 1557.pdf",966,https://app.transkribus.org/sites/noscemus/doc/904457?colId=88639,,Unknown,unknown
"Pio, Giovanni Battista - In Carum Lucretium poetam Commentarii - Bologna 1514.pdf",419,https://app.transkribus.org/sites/noscemus/doc/841475?colId=88639,,False,literature
"Piso, Willem - De Indiae utriusque re naturali et medica. Amsterdam 1658.pdf",625,https://app.transkribus.org/sites/noscemus/doc/715591?colId=88639,,False,medicine
"Piso, Willem & Marggraf, Georg - Historia naturalis Brasiliae. Leiden & Amsterdam 1648.pdf",457,https://app.transkribus.org/sites/noscemus/doc/715589?colId=88639,,False,natural history; history
"Planch, Alexius Maria - Dissertatio physico-historica de montibus. Augsburg & Innsbruck 1754.pdf",245,https://app.transkribus.org/sites/noscemus/doc/662871?colId=88639,,False,physics; history
"Planer, Johann Andreas & Plesöczi, Martinus - De nive dissertatio prima. Wittenberg 1695.pdf",9,https://app.transkribus.org/sites/noscemus/doc/891042?colId=88639,,Unknown,snow and ice
"Planer, Johann Andreas & Siber, Balthasar - De nive dissertatio quarta. Wittenberg 1696.pdf",25,https://app.transkribus.org/sites/noscemus/doc/692920?colId=88639,,Unknown,snow and ice
"Planer, Johannes Andreas & Schmeltzer, Christian. De nive dissertatio secunda. Wittenberg 1695.pdf",9,https://app.transkribus.org/sites/noscemus/doc/891043?colId=88639,,False,snow and ice; theology
"Plantin, Jean Baptiste - Helvetia antiqua. Bern 1656.pdf",411,https://app.transkribus.org/sites/noscemus/doc/696186?colId=88639,,Unknown,unknown
"Ploucquet, Wilhelm Gottfried - Continuatio et supplementa. Vol. 1. Tübingen 1799.pdf",1457,https://app.transkribus.org/sites/noscemus/doc/797524?colId=88639,,Unknown,unknown
"Ploucquet, Wilhelm Gottfried - Continuatio et supplementa. Vol. 2. Tübingen 1800.pdf",1399,https://app.transkribus.org/sites/noscemus/doc/797523?colId=88639,,Unknown,unknown
"Ploucquet, Wilhelm Gottfried - Continuatio et supplementa. Vol. 3. Tübingen 1802.pdf",637,https://app.transkribus.org/sites/noscemus/doc/795551?colId=88639,,Unknown,unknown
"Ploucquet, Wilhelm Gottfried - Continuatio et supplementa. Vol. 4. Tübingen 1803.pdf",871,https://app.transkribus.org/sites/noscemus/doc/795550?colId=88639,,Unknown,unknown
"Ploucquet, Wilhelm Gottfried - Continuatio et supplementum. Vol. 1. Tübingen 1814.pdf",251,https://app.transkribus.org/sites/noscemus/doc/795560?colId=88639,,Unknown,unknown
"Ploucquet, Wilhelm Gottfried - Initia bibliotheca medico-practicae et chirurgicae realis. Vol. 1. Tübingen 1793.pdf",609,https://app.transkribus.org/sites/noscemus/doc/795549?colId=88639,,False,medicine; surgery; bibliography
"Ploucquet, Wilhelm Gottfried - Initia bibliotheca medico-practicae et chirurgicae realis. Vol. 2. Tübingen 1794.pdf",895,https://app.transkribus.org/sites/noscemus/doc/795548?colId=88639,,False,medicine; surgery; bibliography
"Ploucquet, Wilhelm Gottfried - Initia bibliotheca medico-practicae et chirurgicae realis. Vol. 3. Tübingen 1794.pdf",663,https://app.transkribus.org/sites/noscemus/doc/795547?colId=88639,,False,medicine; surgery; bibliography
"Ploucquet, Wilhelm Gottfried - Initia bibliotheca medico-practicae et chirurgicae realis. Vol. 4. Tübingen 1795.pdf",587,https://app.transkribus.org/sites/noscemus/doc/795546?colId=88639,,False,medicine; surgery; bibliography
"Ploucquet, Wilhelm Gottfried - Initia bibliotheca medico-practicae et chirurgicae realis. Vol. 5. Tübingen 1795.pdf",785,https://app.transkribus.org/sites/noscemus/doc/795545?colId=88639,,False,medicine; surgery; bibliography
"Ploucquet, Wilhelm Gottfried - Initia bibliotheca medico-practicae et chirurgicae realis. Vol. 6. Tübingen 1796.pdf",673,https://app.transkribus.org/sites/noscemus/doc/795544?colId=88639,,False,medicine; surgery; bibliography
"Ploucquet, Wilhelm Gottfried - Initia bibliotheca medico-practicae et chirurgicae realis. Vol. 7. Tübingen 1797.pdf",633,https://app.transkribus.org/sites/noscemus/doc/795543?colId=88639,,False,medicine; surgery; bibliography
"Ploucquet, Wilhelm Gottfried - Initia bibliotheca medico-practicae et chirurgicae realis. Vol. 8. Tübingen 1797.pdf",513,https://app.transkribus.org/sites/noscemus/doc/795542?colId=88639,,False,medicine; surgery; bibliography
"Ploucquet, Wilhelm Gottfried - Literatura medica digesta. Vol. 1. Tübingen 1808.pdf",537,https://app.transkribus.org/sites/noscemus/doc/795564?colId=88639,,False,medicine; literature
"Ploucquet, Wilhelm Gottfried - Literatura medica digesta. Vol. 2. Tübingen 1808.pdf",527,https://app.transkribus.org/sites/noscemus/doc/795563?colId=88639,,False,medicine; literature
"Ploucquet, Wilhelm Gottfried - Literatura medica digesta. Vol. 3. Tübingen 1809.pdf",451,https://app.transkribus.org/sites/noscemus/doc/795562?colId=88639,,False,medicine; literature
"Ploucquet, Wilhelm Gottfried - Literatura medica digesta. Vol. 4. Tübingen 1809.pdf",453,https://app.transkribus.org/sites/noscemus/doc/795561?colId=88639,,False,medicine; literature
"Polignac, Melchior de - Anti-Lucretius. Paris 1747.pdf",419,https://app.transkribus.org/sites/noscemus/doc/604274?colId=88639,,Unknown,unknown
"Poll, Nicolaus - De cura morbi Gallici. Venice 1535.pdf",24,https://app.transkribus.org/sites/noscemus/doc/668507?colId=88639,,Unknown,unknown
"Pompanazzi, Pietro - Dubitationes in quartum Meteorologicorm Aristotlis librum. Venice 1563.pdf",393,https://app.transkribus.org/sites/noscemus/doc/702835?colId=88639,,Unknown,meteorology
"Pontano, Giovanni Gioviano - Carmina. Vol. 1. Basel 1531.pdf",845,https://app.transkribus.org/sites/noscemus/doc/632445?colId=88639,,False,literature
"Pontano, Giovanni Gioviano - De rebus coelestibus. Basel 1530.pdf",398,https://app.transkribus.org/sites/noscemus/doc/718639?colId=88639,,True,astronomy
"Porzio, Lucantonio - Erasistratus. Rome 1682.pdf",397,https://app.transkribus.org/sites/noscemus/doc/599729?colId=88639,,False,medicine
"Porzio, Simone - De conflagratione agri Puteolani epistola. Florence 1551.pdf",15,https://app.transkribus.org/sites/noscemus/doc/668508?colId=88639,,False,geology; literature
"Proclus, Diadochus & Barozzi, Francesco - Procli in primum Euclidis Elementorum librum Commentaria. Padua 1560.pdf",330,https://app.transkribus.org/sites/noscemus/doc/823077?colId=88639,bib-276,True,geometry
Ps.-Democritus et al. - De arte magna. Padua 1573.pdf,153,https://app.transkribus.org/sites/noscemus/doc/668509?colId=88639,,False,alchemy
"Ps.-Galenus & Struś, Józef - Galeni libri duo, nunc primum a Iosepho Struthio e Graeco translati Astrologia ad Aphrodisium. De urinis. Venice 1535.pdf",59,https://app.transkribus.org/sites/noscemus/doc/704347?colId=88639,,False,astrology; medicine
"Ps.-Proclus & Linacre, Thomas - Sphaera (Ps.-Proclus). Venice 1499.pdf",26,https://app.transkribus.org/sites/noscemus/doc/718448?colId=88639,,True,astronomy
Ps.-Ptolemy & Georgius Trapezuntius - In Ptolemaei centum aphorismos commentarius. Cologne 1544.pdf,219,https://app.transkribus.org/sites/noscemus/doc/823080?colId=88639,,True,mathematics
"Ps.-Ptolemy & Pontano, Giovanni Gioviano - Commentarii in centum Claudii Ptolemaei sententias. Basel 1531.pdf",179,https://app.transkribus.org/sites/noscemus/doc/616644?colId=88639,,True,mathematics
"Ptolemaeus, Claudius & Georgius Trapezuntius & Gaurico, Luca - Ptolemaei Almagestum Latina donatum lingua. Venice 1528.pdf",299,https://app.transkribus.org/sites/noscemus/doc/718449?colId=88639,,True,astronomy; language
"Ptolemaeus, Clauds et al. - Cosmographia. Vicenza 1475.pdf",305,https://app.transkribus.org/sites/noscemus/doc/807627?colId=88639,,True,astronomy
Quellen zur Schweizer Geschichte. Vol 6. Basel 1884.pdf,387,https://app.transkribus.org/sites/noscemus/doc/816414?colId=88639,,Unknown,unknown
"Quelmalz, Samuel Theodor & Crell, Johann Friedrich - Dissertatio de magnete. Gera 1723.pdf",17,https://app.transkribus.org/sites/noscemus/doc/662872?colId=88639,,Unknown,physics
"Quensel, Conrad & Eurodius, Hans - De lumine nocturno Boreali. Lund 1726",36,https://app.transkribus.org/sites/noscemus/doc/1370560?colId=88639,,True,astronomy
"Quillet, Claude - Callipaedia - Paris. 1656.pdf",121,https://app.transkribus.org/sites/noscemus/doc/898564?colId=88639,,False,literature
"Quntiis, Camillus Eucherius de - Inarime seu de balneis Pithecusarum libri VI. Naples 1726.pdf",407,https://app.transkribus.org/sites/noscemus/doc/710273?colId=88639,,False,medicine
"Radius, Justus - Scriptores ophthalmologici minores. Vol. 3. Leipzig 1830.pdf",235,https://app.transkribus.org/sites/noscemus/doc/659199?colId=88639,,Unknown,unknown
"Ralla, Johannes & Berger, Friedrich - Chionognosia. Leipzig 1658.pdf",16,https://app.transkribus.org/sites/noscemus/doc/689824?colId=88639,,Unknown,snow and ice
"Ramazzini, Bernardino - De morbis artificum diatriba. Venice 1743.pdf",337,https://app.transkribus.org/sites/noscemus/doc/668510?colId=88639,,False,medicine
"Ramazzini, Bernardino - Oratio antiquitatis et novitatis studio medicum perfici. Modena 1705.pdf",25,https://app.transkribus.org/sites/noscemus/doc/605039?colId=88639,,False,medicine; history
"Ramus, Petrus - Arithmeticae libri duo, geometriae septem et viginti. Basel 1569.pdf",241,https://app.transkribus.org/sites/noscemus/doc/616645?colId=88639,bib-21,True,geometry; arithmetic
"Rapin, René - Hortorum libri IV. Paris 1665.pdf",259,https://app.transkribus.org/sites/noscemus/doc/607721?colId=88639,,False,botany
"Redi, Francesco & Frisius, Andreas - Experimenta circa generationem insectorum. Amsterdam 1671.pdf",450,https://app.transkribus.org/sites/noscemus/doc/706101?colId=88639,,False,zoology; scientific method
"Regimontanus, Johannes - De triangulis omnimodis. Nuremberg 1533.pdf",257,https://app.transkribus.org/sites/noscemus/doc/695816?colId=88639,,True,geometry; trigonometry
"Regimontanus, Johannes & Peuerbach, Georg von - Epitoma in Almagestum Ptolemaei. Basel 1543.pdf",293,https://app.transkribus.org/sites/noscemus/doc/720100?colId=88639,,True,astronomy
"Regimontanus, Johannes - Tabulae directionum profectionumque. Augsburg 1490.pdf",286,https://app.transkribus.org/sites/noscemus/doc/928891?colId=88639,,True,astronomy
"Regiomontanus, Johannes - Disputationes contra Cremonensia deliramenta. Nuremberg 1475.pdf",31,https://app.transkribus.org/sites/noscemus/doc/660341?colId=88639,,True,mathematics
"Reinhold, Erasmus - Prutenicae tabulae. Tübingen 1551.pdf",478,https://app.transkribus.org/sites/noscemus/doc/906083?colId=88639,,True,astronomy
"Reinzer, Franz - Meteorologia philosophico-politica. Augsburg 1698.pdf",331,https://app.transkribus.org/sites/noscemus/doc/663929?colId=88639,,False,meteorology; philosophy; law
Remus Georg - Consideratio physico-mathematica hiemis proxime praeterlapsae. Halle (Saale) 1709.pdf,65,https://app.transkribus.org/sites/noscemus/doc/691456?colId=88639,,True,mathematics; astronomy; physics
"Renieri, Vincenzo - De Etruscarum antiquitatum fragmentis disquisitio astronomica. Florence 1638.pdf",29,https://app.transkribus.org/sites/noscemus/doc/782231?colId=88639,,True,astronomy; history
"Reuss, Jeremias David - Repertorium commentationum. Vol. 10. Göttingen 1813.pdf",477,https://app.transkribus.org/sites/noscemus/doc/906960?colId=88639,,Unknown,bibliography
"Reuss, Jeremias David - Repertorium commentationum. Vol. 11. Göttingen 1816.pdf",457,https://app.transkribus.org/sites/noscemus/doc/906154?colId=88639,,Unknown,bibliography
"Reuss, Jeremias David - Repertorium commentationum. Vol. 12. Göttingen 1817.pdf",375,https://app.transkribus.org/sites/noscemus/doc/906155?colId=88639,,Unknown,bibliography
"Reuss, Jeremias David - Repertorium commentationum. Vol. 13. Göttingen 1818.pdf",605,https://app.transkribus.org/sites/noscemus/doc/906156?colId=88639,,Unknown,bibliography
"Reuss, Jeremias David - Repertorium commentationum. Vol. 14. Göttingen 1820.pdf",509,https://app.transkribus.org/sites/noscemus/doc/906158?colId=88639,,Unknown,bibliography
"Reuss, Jeremias David - Repertorium commentationum. Vol. 15. Göttingen 1820.pdf",737,https://app.transkribus.org/sites/noscemus/doc/906159?colId=88639,,Unknown,bibliography
"Reuss, Jeremias David - Repertorium commentationum. Vol. 16. Göttingen 1821.pdf",201,https://app.transkribus.org/sites/noscemus/doc/906160?colId=88639,,Unknown,bibliography
"Reuss, Jeremias David - Repertorium commentationum. Vol. 1. Göttingen 1801.pdf",669,https://app.transkribus.org/sites/noscemus/doc/906959?colId=88639,,Unknown,bibliography
"Reuss, Jeremias David - Repertorium commentationum. Vol. 2. Göttingen 1802.pdf",608,https://app.transkribus.org/sites/noscemus/doc/906961?colId=88639,,Unknown,bibliography
"Reuss, Jeremias David - Repertorium commentationum. Vol. 3. Göttingen 1803.pdf",1218,https://app.transkribus.org/sites/noscemus/doc/906962?colId=88639,,Unknown,bibliography
"Reuss, Jeremias David - Repertorium commentationum. Vol. 4. Göttingen 1805.pdf",490,https://app.transkribus.org/sites/noscemus/doc/906963?colId=88639,,Unknown,bibliography
"Reuss, Jeremias David - Repertorium commentationum. Vol. 5. Göttingen 1804.pdf",566,https://app.transkribus.org/sites/noscemus/doc/906964?colId=88639,,Unknown,bibliography
"Reuss, Jeremias David - Repertorium commentationum. Vol. 6. Göttingen 1806.pdf",499,https://app.transkribus.org/sites/noscemus/doc/906965?colId=88639,,Unknown,bibliography
"Reuss, Jeremias David - Repertorium commentationum. Vol. 7. Göttingen 1808.pdf",538,https://app.transkribus.org/sites/noscemus/doc/906966?colId=88639,,Unknown,bibliography
"Reuss, Jeremias David - Repertorium commentationum. Vol. 8. Göttingen 1810.pdf",742,https://app.transkribus.org/sites/noscemus/doc/906967?colId=88639,,Unknown,bibliography
"Reuss, Jeremias David - Repertorium commentationum. Vol. 9. Göttingen 1810.pdf",257,https://app.transkribus.org/sites/noscemus/doc/906968?colId=88639,,Unknown,bibliography
Rhazes & Gerardus Cremonensis et al. - In Almansoris nonum collectiones. Padua 1476.pdf,345,https://app.transkribus.org/sites/noscemus/doc/928147?colId=88639,,Unknown,unknown
"Rhellicanus, Johannes - Homeri vita ex Plutarcho in Latinum tralata. Basel 1537.pdf",183,https://app.transkribus.org/sites/noscemus/doc/632446?colId=88639,,False,biography
"Rheticus, Georg Joachim - Canon doctrinae triangulorum. Leipzig 1551.pdf",30,https://app.transkribus.org/sites/noscemus/doc/696080?colId=88639,,True,geometry; trigonometry
"Rheticus, Georg Joachim - In arithemticen praefatio. Wittenberg 1536.pdf",33,https://app.transkribus.org/sites/noscemus/doc/701797?colId=88639,,True,arithmetic
"Rheticus, Georg Joachim - Narratio prima. Gdańsk 1540.pdf",77,https://app.transkribus.org/sites/noscemus/doc/693078?colId=88639,,True,astronomy
"Rheticus, Georg Joachim & Otho, Lucius Valentinus -Opus palatinum de triangulis. Neustadt an der Weinstraße 1596.pdf",1502,https://app.transkribus.org/sites/noscemus/doc/742065?colId=88639,,True,geometry; trigonometry
"Rheticus, Georg Joachim & Otho, Lucius Valentinus - Opus palatinum de triangulis. Neustandt an der Weinstraße 1596.pdf",1502,https://app.transkribus.org/sites/noscemus/doc/833198?colId=88639,,True,geometry; trigonometry
"Riccioli, Giovanni Battista - Almagestum novum. Bologna 1651.pdf",2139,https://app.transkribus.org/sites/noscemus/doc/699869?colId=88639,,True,astronomy
"Riccioli, Giovanni Battista - Geographiae et hydrographiae reformatae libri duodecim. Bologna 1661.pdf",671,https://app.transkribus.org/sites/noscemus/doc/726764?colId=88639,,True,geography; navigation
"Ritter, Albrecht - Relatio historico-curiosa. Helmstedt 1740.pdf",75,https://app.transkribus.org/sites/noscemus/doc/736349?colId=88639,,False,natural history; history
"Rohault, Jacques & Clarke, Samuel - Physica. London 1718.pdf",233,https://app.transkribus.org/sites/noscemus/doc/746740?colId=88639,,Unknown,physics
"Rondelet, Guillaume - Aquatilium historia. Vol. 1. Lyon 1554.pdf",637,https://app.transkribus.org/sites/noscemus/doc/748052?colId=88639,,False,zoology; history
"Rondelet, Guillaume - Aquatilium historia. Vol. 2. Lyon 1555.pdf",265,https://app.transkribus.org/sites/noscemus/doc/748051?colId=88639,,False,zoology; history
"Rösel von Rosenhof, August Johann - Historia naturalis ranarum nostratium. Nuremberg 1758.pdf",214,https://app.transkribus.org/sites/noscemus/doc/708110?colId=88639,,False,natural history; history
"Rothmaler, Erasmus - Deliciae poeticae. Gdańsk 1651.pdf",96,https://app.transkribus.org/sites/noscemus/doc/801743?colId=88639,,False,literature
"Rozonus, Marcus Antonius - De levitate pronosticantium diluvium. Nuremberg 1524",71,https://app.transkribus.org/sites/noscemus/doc/1742939?colId=88639,,False,geology
"Ruel, Jean - De natura stirpium. Paris 1536.pdf",1017,https://app.transkribus.org/sites/noscemus/doc/608640?colId=88639,,False,physics; botany
"Ruel, Jean - Veterinaria medicina. Paris 1530.pdf",285,https://app.transkribus.org/sites/noscemus/doc/732631?colId=88639,,False,medicine
"Ruf, Jacob - Broadsheet on Conjont Twins. Zurich 1543.pdf",2,https://app.transkribus.org/sites/noscemus/doc/702152?colId=88639,,False,medicine
"Ruf, Jacob & Haller, Wolfgang - De conceptu et generatione hominis. Zurich 1554.pdf",229,https://app.transkribus.org/sites/noscemus/doc/668511?colId=88639,,False,medicine
"Ruf, Jacob & Haller, Wolfgang - Trostbüchele. Zurich 1554.pdf",313,https://app.transkribus.org/sites/noscemus/doc/668512?colId=88639,,Unknown,unknown
"Ruland, Martin (d. J.) - Lexicon Alchemiae. Frankfurt am Main 1612.pdf",507,https://app.transkribus.org/sites/noscemus/doc/668514?colId=88639,,False,chemistry; alchemy; language
"Rumpf, Georg Eberhard - Herbarium Amboinense. Vol. 1. Amsterdam 1741.pdf",418,https://app.transkribus.org/sites/noscemus/doc/914297?colId=88639,,False,botany
"Rumpf, Georg Eberhard - Herbarium Amboinense. Vol. 2. Amsterdam 1741.pdf",462,https://app.transkribus.org/sites/noscemus/doc/914298?colId=88639,,False,botany
"Rumpf, Georg Eberhard - Herbarium Amboinense. Vol. 3. Amsterdam 1743.pdf",517,https://app.transkribus.org/sites/noscemus/doc/914299?colId=88639,,False,botany
"Rumpf, Georg Eberhard - Herbarium Amboinense. Vol. 4. Amsterdam 1743.pdf",333,https://app.transkribus.org/sites/noscemus/doc/914300?colId=88639,,False,botany
"Rumpf, Georg Eberhard - Herbarium Amboinense. Vol. 5,1. Amsterdam 1750.pdf",579,https://app.transkribus.org/sites/noscemus/doc/914301?colId=88639,,False,botany
"Rumpf, Georg Eberhard - Herbarium Amboinense. Vol. 5,2. Amsterdam 1750.pdf",312,https://app.transkribus.org/sites/noscemus/doc/914302?colId=88639,,False,botany
"Rumpf, Georg Eberhard - Herbarium Amboinense. Vol. 6.,1 Amsterdam 1750.pdf",449,https://app.transkribus.org/sites/noscemus/doc/914304?colId=88639,,False,botany
"Rumpf, Georg Eberhard - Herbarium Amboinense. Vol. 6,2. Amsterdam 1750.pdf",169,https://app.transkribus.org/sites/noscemus/doc/914303?colId=88639,,False,botany
"Ryff, Walterh Hermann - Iatromathematicae enchiridion. Strasbourg 1542.pdf",197,https://app.transkribus.org/sites/noscemus/doc/897260?colId=88639,,True,mathematics; education
"Sachs von Lewenheimb, Philipp Jacob - Gammarologia. Frankfurt & Leipzig 1665.pdf",1022,https://app.transkribus.org/sites/noscemus/doc/713327?colId=88639,,False,zoology
"Sachs von Lewenheimb, Philipp Jacob - Oceanus macro-microcosmicus. Breslau 1664.pdf",163,https://app.transkribus.org/sites/noscemus/doc/693075?colId=88639,,Unknown,oceanography
"Sacrobosco, Johannes de & Burgersdijck, Franco - Sphaera in usum scholarum. Leiden 1626.pdf",127,https://app.transkribus.org/sites/noscemus/doc/823076?colId=88639,,True,astronomy; education
"Sacrobosco, Johannes de & Fabri, Wenceslaus - Opusculum spericum cum commento et figuris. Leipzig c. 1495.pdf",121,https://app.transkribus.org/sites/noscemus/doc/897957?colId=88639,,True,mathematics
"Sacrobosco, Johannes de - Sphaera. Paris 1545.pdf",119,https://app.transkribus.org/sites/noscemus/doc/826804?colId=88639,,True,astronomy
"Saia, Nonio Marcello - Tractatus, in quo terram esse aqua maiorem demonstratur. Paris 1585.pdf",93,https://app.transkribus.org/sites/noscemus/doc/842536?colId=88639,,Unknown,unknown
Saladinus de Asculo - Aromatariorum compendium. Bologna 1488.pdf,61,https://app.transkribus.org/sites/noscemus/doc/822454?colId=88639,,Unknown,education
"Salernus, Iacobus - Positiones physio-astronomicae. Naples 1682.pdf",81,https://app.transkribus.org/sites/noscemus/doc/663930?colId=88639,,True,astronomy
"Salvaing de Boissieu, Denise de - Septem miracula Delphinatus. Grenoble 1656.pdf",157,https://app.transkribus.org/sites/noscemus/doc/816415?colId=88639,,False,theology
"Sambucus, Johannes - Icones veterum aliquot ac recentium medicorum philosophorumque. Antwerp 1574.pdf",66,https://app.transkribus.org/sites/noscemus/doc/929708?colId=88639,,False,medicine; philosophy
"Santorio, Santorio - De statica medicina. Venice 1614.pdf",201,https://app.transkribus.org/sites/noscemus/doc/904417?colId=88639,,True,mechanics; medicine
"Sartorius, Johannes - De montium incendiis. Wittenberg 1680.pdf",19,https://app.transkribus.org/sites/noscemus/doc/607722?colId=88639,,False,mineralogy
"Saumaise, Claude - De homonymis hyles iatricae. Utrecht 1689.pdf",323,https://app.transkribus.org/sites/noscemus/doc/607723?colId=88639,,False,medicine
"Savastano, Francesco Eulalio - Botanicorum seu institutionum rei herbariae libri IV. Naples 1712.pdf",187,https://app.transkribus.org/sites/noscemus/doc/695706?colId=88639,,False,botany; education
"Sbaraglia, Gian Girolamo - De recentiorum medicorum studio dissertatio epistolaris ad amicum. s. l. 1687.pdf",57,https://app.transkribus.org/sites/noscemus/doc/688249?colId=88639,,False,medicine; literature
"Scaliger, Joseph - De emendatione temporum. Paris 1583.pdf",489,https://app.transkribus.org/sites/noscemus/doc/831540?colId=88639,,True,chronology
"Scaliger, Joseph Juste - De aequinoctiorum anticipatione diatriba. Paris 1613.pdf",105,https://app.transkribus.org/sites/noscemus/doc/668515?colId=88639,,True,astronomy
"Scaliger, Joseph Juste - In Manilii quinque libros Astronomicon commentarius et castigationes. Paris 1579.pdf",305,https://app.transkribus.org/sites/noscemus/doc/831509?colId=88639,,True,astronomy
"Schegk, Jakob - De plastica seminis facultate. Strasbourg 1580.pdf",265,https://app.transkribus.org/sites/noscemus/doc/744029?colId=88639,,False,botany
"Scheiner, Chriostph & Locher, Johann Georg - Disquisitiones mathematicae. Ingolstadt 1614.pdf",97,https://app.transkribus.org/sites/noscemus/doc/694897?colId=88639,,True,mathematics
"Scheiner, Christoph - Exegeses fundamentorum gnomonicorum. Ingolstadt 1615.pdf",103,https://app.transkribus.org/sites/noscemus/doc/663951?colId=88639,,True,astronomy
"Scheiner, Christoph - Oculus, hoc est fundamentum opticum. Innsbruck 1619.pdf",277,https://app.transkribus.org/sites/noscemus/doc/742067?colId=88639,ZD6FLL,True,optics
"Scheiner, Christoph - Refractiones coelestes. Ingolstadt 1617.pdf",181,https://app.transkribus.org/sites/noscemus/doc/845319?colId=88639,,True,arithmetic; astronomy; optics
"Scheiner, Christoph - Rosa Ursina. Bracciano 1626–1630.pdf",931,https://app.transkribus.org/sites/noscemus/doc/718450?colId=88639,,True,astronomy
"Scheiner, Christoph - Sol ellipticus. Augsburg 1615.pdf",53,https://app.transkribus.org/sites/noscemus/doc/928701?colId=88639,,True,astronomy
"Schenck, Johann Georg - Biblia iatrica. Frankfurt am Main 1609.pdf",531,https://app.transkribus.org/sites/noscemus/doc/607724?colId=88639,,False,medicine; theology
"Schenck, Johann Georg - Observationes medicae de capite humano. Basel 1584.pdf",527,https://app.transkribus.org/sites/noscemus/doc/674799?colId=88639,,False,medicine; scientific method
"Scheuchzer, Johann Jakob - Bibliotheca scriptorum historiae naturali omnium terrae regionum inservientium. Zurich 1716.pdf",265,https://app.transkribus.org/sites/noscemus/doc/605918?colId=88639,,False,geography; history; bibliography
"Scheuchzer, Johann Jakob - Charta invitatoria. Zurich 1699.pdf",23,https://app.transkribus.org/sites/noscemus/doc/694476?colId=88639,,Unknown,unknown
"Scheuchzer, Johann Jakob - Herbarium diluvianum. Leiden 1723.pdf",165,https://app.transkribus.org/sites/noscemus/doc/739099?colId=88639,,False,geology; botany
"Scheuchzer, Johann Jakob - Herbarium diluvianum. Zurich 1709.pdf",73,https://app.transkribus.org/sites/noscemus/doc/739100?colId=88639,,False,geology; botany
"Scheuchzer, Johann Jakob - Physica sacra. Vol. 1. Augsburg & Ulm 1731.pdf",787,https://app.transkribus.org/sites/noscemus/doc/798546?colId=88639,,False,physics; theology
"Scheuchzer, Johann Jakob - Physica sacra. Vol. 2. Augsburg & Ulm 1732.pdf",642,https://app.transkribus.org/sites/noscemus/doc/798547?colId=88639,,False,physics; theology
"Scheuchzer, Johann Jakob - Physica sacra. Vol. 3. Augsburg & Ulm 1733.pdf",925,https://app.transkribus.org/sites/noscemus/doc/798548?colId=88639,,False,physics; theology
"Scheuchzer, Johann Jakob - Physica sacra. Vol. 4. Augsburg & Ulm 1735.pdf",913,https://app.transkribus.org/sites/noscemus/doc/798549?colId=88639,,False,physics; theology
"Scheuchzer, Johann Jakob - Praelectio de matheseos usu in theologia. Amsterdam 1712.pdf",47,https://app.transkribus.org/sites/noscemus/doc/705668?colId=88639,,True,mathematics; theology
"Scheuchzer, Johann Jakob - Praelectio de matheseos usu in theologia. Zurich 1711.pdf",25,https://app.transkribus.org/sites/noscemus/doc/605292?colId=88639,,True,mathematics; theology
"Scheuchzer, Johann Jakob - ΟΥΡΕΣΙΦΟΙΤΗΣ (Ouresiphoites) Helveticus. Leiden 1723.pdf",934,https://app.transkribus.org/sites/noscemus/doc/605919?colId=88639,,Unknown,unknown
"Schickard, Wilhelm - De Mercurio sub sole viso. Tübingen 1632.pdf",45,https://app.transkribus.org/sites/noscemus/doc/782229?colId=88639,,True,astronomy
"Schleusinger, Eberhard - De cometis. Venice 1474.pdf",82,https://app.transkribus.org/sites/noscemus/doc/668513?colId=88639,,True,astronomy
"Schlichter, Christian Ludwig & Spangenberg, Johann Philipp Friedrich - Observationes philologicae de nive. Halle 1738.pdf",39,https://app.transkribus.org/sites/noscemus/doc/695646?colId=88639,,False,snow and ice; language; scientific method
"Schönborn, Samuel - Manuale medicinae practicae Galenico-chymicae. Gdańsk 1637.pdf",415,https://app.transkribus.org/sites/noscemus/doc/897284?colId=88639,,False,chemistry; medicine
"Schöner, Johannes - Tabulae resolutae astronomicae. Wittenberg 1587.pdf",565,https://app.transkribus.org/sites/noscemus/doc/918506?colId=88639,,True,astronomy
"Schoock, Issac - Dissertatio physica de nive cum rarissimis adhaerentibus quaestionibus de meteoris aqueis. Frankfurt an der Oder 1673.pdf",278,https://app.transkribus.org/sites/noscemus/doc/663952?colId=88639,,Unknown,physics; meteorology; snow and ice
"Schoonhoven, Floren - Emblemata Florentii Schoonhovii I. C. Goudani partim moralia, partim etiam civili. Gouda 1618.pdf",267,https://app.transkribus.org/sites/noscemus/doc/735144?colId=88639,,False,literature
"Schott, Kaspar - Magia universalis naturae et artis. Pars III et IV. Würzburg 1658.pdf",915,https://app.transkribus.org/sites/noscemus/doc/928146?colId=88639,,Unknown,unknown
"Schott, Kaspar - Magia universalis naturae et artis. Pars II. Würzburg 1657.pdf",541,https://app.transkribus.org/sites/noscemus/doc/928148?colId=88639,,Unknown,unknown
"Schott, Kaspar - Magia universalis naturae et artis. Pars I. Würzburg 1657.pdf",657,https://app.transkribus.org/sites/noscemus/doc/928149?colId=88639,,Unknown,unknown
"Schott, Kaspar - Phyisica curiosa. Vol. 1. Würzburg 1662.pdf",885,https://app.transkribus.org/sites/noscemus/doc/732632?colId=88639,,False,natural history
"Schott, Kaspar - Phyisica curiosa. Vol. 2. Würzburg 1662.pdf",925,https://app.transkribus.org/sites/noscemus/doc/732633?colId=88639,,False,natural history
"Schott, Kaspar - Technica curiosa. Nuremberg 1664.pdf",1127,https://app.transkribus.org/sites/noscemus/doc/732634?colId=88639,,False,natural history
"Schultén, Nathanael Gerhard af & Öhman, Johan Edvard - Theses in exercitationem stipendiariorum. Helsinki 1833.pdf",23,https://app.transkribus.org/sites/noscemus/doc/693696?colId=88639,,Unknown,unknown
"Schulze, Johann Heinrich - Historia medicinae. Leipzig 1728.pdf",505,https://app.transkribus.org/sites/noscemus/doc/897283?colId=88639,,False,medicine; history
"Schurzfleisch, Konrad Sameul & Hofmann, Johann Georg - De nive. Wittenberg 1665.pdf",17,https://app.transkribus.org/sites/noscemus/doc/891044?colId=88639,,Unknown,snow and ice
"Schwenckfeld, Caspar - Stirpium et fossilium Silesiae catalogus. Leipzig 1600.pdf",481,https://app.transkribus.org/sites/noscemus/doc/752864?colId=88639,,False,mineralogy; botany
"Schwenckfeld, Caspar - Theritropheum Silesiae. Legnica 1603.pdf",613,https://app.transkribus.org/sites/noscemus/doc/733508?colId=88639,,False,zoology
"Scopoli, Giovanni Antonio - Crystollographia Hungarica. Prague 1776.pdf",183,https://app.transkribus.org/sites/noscemus/doc/748049?colId=88639,,Unknown,unknown
"Scribonius, Wilhelm Adolf - Isagoge sphaerica. Frankfurt am Main 1580.pdf",39,https://app.transkribus.org/sites/noscemus/doc/746786?colId=88639,,True,geometry
Scriptorum publice propositorum a gubernatoribus studiorum in Academia Wittebergensi. Vol. 3. Wittenberg 1559.pdf,607,https://app.transkribus.org/sites/noscemus/doc/928702?colId=88639,,Unknown,unknown
"Scultetus, Johannes - ΧΕΙΡΟΠΛΟΘΗΚΗ (Cheiroplotheke). Ulm 1655.pdf",247,https://app.transkribus.org/sites/noscemus/doc/918558?colId=88639,,Unknown,unknown
"Se̜dziwój, Michał - Dialogus Mercurii, Alchymistae et Naturae. Cologne 1607.pdf",33,https://app.transkribus.org/sites/noscemus/doc/660345?colId=88639,,False,chemistry; literature
"Seelhoff, Paul Peter Heinrich - Nova methodus numeros compositos a primis dignoscendi. Baltimore 1885.pdf",7,https://app.transkribus.org/sites/noscemus/doc/865568?colId=88639,,True,number theory
"Selnecker, Nikolaus - Libellus de partibus corporis humani. Wittenberg 1554.pdf",45,https://app.transkribus.org/sites/noscemus/doc/710274?colId=88639,,False,anatomy
"Semmelweis, Ignaz Philipp - De vita plantarum. Vienna 1844.pdf",39,https://app.transkribus.org/sites/noscemus/doc/659200?colId=88639,,False,botany; biography
"Sennert, Daniel - Hypomnemata physica. Frankfurt am Main 1636.pdf",577,https://app.transkribus.org/sites/noscemus/doc/732037?colId=88639,,Unknown,physics
"Sfondrati, Pandolfo - Causa aestus maris. Ferrara 1590.pdf",101,https://app.transkribus.org/sites/noscemus/doc/862100?colId=88639,,Unknown,oceanography
"Simmler, Josias - Vallesiae descriptio. De Alpibus commentarius. Zurich 1574.pdf",329,https://app.transkribus.org/sites/noscemus/doc/696185?colId=88639,,Unknown,geography
"Simmler, Josias - Vita Conradi Gesneri. Zurich 1566.pdf",113,https://app.transkribus.org/sites/noscemus/doc/608641?colId=88639,,False,biography
"Sionita, Gabriel & Hesronita, Johannes - Geographia Nubiensis. Paris 1619.pdf",363,https://app.transkribus.org/sites/noscemus/doc/726766?colId=88639,,Unknown,geography
"Sommerhoff, Johann Christoph - Lexicon pharmaceutico-chymicum Latino-Germanicum et Germanico-Latinum. Nuremberg 1701.pdf",555,https://app.transkribus.org/sites/noscemus/doc/797708?colId=88639,,False,chemistry; pharmacology; language
"Spener, Christian Maximilian - Recensio Itineris Alpini Ioannis Iacobi Scheuchzeri. Berlin 1710.pdf",26,https://app.transkribus.org/sites/noscemus/doc/720614?colId=88639,,Unknown,unknown
"Speyert van der Eyk, Simon - Carmen de natura. Leiden 1810.pdf",45,https://app.transkribus.org/sites/noscemus/doc/658514?colId=88639,,Unknown,physics
"Speyert van der Eyk, Simon - De ingenii humani praestantia. Leiden 1808.pdf",95,https://app.transkribus.org/sites/noscemus/doc/658515?colId=88639,,Unknown,psychology
"Speyert van der Eyk, Simon - De nihilo nobis penitus cognito. Leiden 1818.pdf",45,https://app.transkribus.org/sites/noscemus/doc/710275?colId=88639,,Unknown,psychology
"Speyert van der Eyk, Simon - Poema in laudem geometriae et de mentis humanae facultatibus eiusque immortalitate. Haarlem 1826.pdf",157,https://app.transkribus.org/sites/noscemus/doc/693697?colId=88639,,True,geometry; literature
"Spiegel, Adriaan van de - De humani corporis fabrica. Venice 1627.pdf",559,https://app.transkribus.org/sites/noscemus/doc/607725?colId=88639,,False,anatomy
"Spinoza, Benedictus de - Ethica ordine geometrico demonstrata. [Amsterdam 1677].pdf",267,https://app.transkribus.org/sites/noscemus/doc/6157073?colId=88639,,True,geometry; philosophy
"Sprengel, Kurt - Dissertatio de Germanis, rei herbariae patribus. Halle (Saale) 1813.pdf",37,https://app.transkribus.org/sites/noscemus/doc/604275?colId=88639,,False,botany
"Stahl, Georg Ernst - Zymotechnia fundamentalis. Halle (Saale) 1697.pdf",227,https://app.transkribus.org/sites/noscemus/doc/695647?colId=88639,,False,chemistry
"Stansel, Valentin - Legatus uranicus. Prague 1683.pdf",195,https://app.transkribus.org/sites/noscemus/doc/905698?colId=88639,,True,astronomy
"Stansel, Valentin - Uranophilus caelestis peregrinus. Ghent 1685.pdf",269,https://app.transkribus.org/sites/noscemus/doc/797514?colId=88639,,True,astronomy
"Stattler, Benedikt - Mineralogiae principia physica. Vol. 1. Innsbruck 1765.pdf",237,https://app.transkribus.org/sites/noscemus/doc/695644?colId=88639,,False,physics; mineralogy
"Stattler, Benedikt - Mineralogiae principia physica. Vol. 2. Innsbruck 1765.pdf",303,https://app.transkribus.org/sites/noscemus/doc/695645?colId=88639,,False,physics; mineralogy
"Stay, Benedetto - Philosophiae recentioris versibus traditae libri decem. Rome 1792.pdf",711,https://app.transkribus.org/sites/noscemus/doc/605293?colId=88639,,Unknown,philosophy
"Stay, Benedetto - Philosophiae recentioris versibus traditae libri decem. Vol. 1. Rome 1755.pdf",487,https://app.transkribus.org/sites/noscemus/doc/668543?colId=88639,,Unknown,philosophy
"Stay, Benedetto - Philosophiae recentioris versibus traditae libri decem. Vol. 2. Rome 1760.pdf",541,https://app.transkribus.org/sites/noscemus/doc/668544?colId=88639,,Unknown,philosophy
"Stay, Benedetto - Philosophiae recentioris versibus traditae libri decem. Vol. 3. Rome 1792.pdf",569,https://app.transkribus.org/sites/noscemus/doc/668545?colId=88639,,Unknown,philosophy
"Stensen, Niels - De musculis et glandulis observationum specimen. Amsterdam 1664.pdf",107,https://app.transkribus.org/sites/noscemus/doc/713328?colId=88639,,False,anatomy
"Stensen, Niels - De solido intra solidum naturaliter contento. Florence 1669.pdf",97,https://app.transkribus.org/sites/noscemus/doc/849400?colId=88639,,False,geology
"Stensen, Niels - De solido intra solidum naturaliter contento. Florence 1669.pdf",87,https://app.transkribus.org/sites/noscemus/doc/678220?colId=88639,,False,geology
"Stensen, Niels - Elementorum myologiae specimen seu musculi descriptio geometrica. Florence 1667.pdf",156,https://app.transkribus.org/sites/noscemus/doc/701514?colId=88639,,True,geometry; anatomy
"Stensen, Niels - Observationes anatomicae. Leiden 1662.pdf",135,https://app.transkribus.org/sites/noscemus/doc/668516?colId=88639,,False,anatomy; scientific method
"Stifel, Michael - Arithmetica integra. Nuremberg 1544.pdf",665,https://app.transkribus.org/sites/noscemus/doc/915240?colId=88639,,True,arithmetic
"Störck, Anton von et al. - Pharmacopoea Austriaco-Provincialis emendata. Vienna 1794.pdf",217,https://app.transkribus.org/sites/noscemus/doc/906183?colId=88639,,False,pharmacology
Strabo & Guarinus Veronensis & Gregorius de Tipherno - Strabo de situ orbis. Venice 1502.pdf,343,https://app.transkribus.org/sites/noscemus/doc/823075?colId=88639,,Unknown,geography
"Strozzi, Tommaso - Poemata varia. Naples 1689.pdf",343,https://app.transkribus.org/sites/noscemus/doc/607726?colId=88639,,False,literature
"Stupanus, Johann Niklaus - Medicina theorica in theses contracta. Basel 1614.pdf",865,https://app.transkribus.org/sites/noscemus/doc/767744?colId=88639,,False,medicine
"Sturm, Johann Christoph & Lochner, Jacob Hieronymus - De terrae-motibus. Altdorf 1670",33,https://app.transkribus.org/sites/noscemus/doc/598116?colId=88639,,True,mechanics; geography; geology
"Sturm, Johann Christoph - Mathesis iuvenilis. Vol. 1. Nuremberg 1699.pdf",1039,https://app.transkribus.org/sites/noscemus/doc/918511?colId=88639,,True,mathematics
"Sturm, Johann Christoph - Mathesis iuvenilis. Vol. 2. Nuremberg 1701.pdf",954,https://app.transkribus.org/sites/noscemus/doc/918510?colId=88639,,True,mathematics
"Swammerdam, Jahn et al. - Biblia naturae. Vol. 1. Leiden 1737.pdf",604,https://app.transkribus.org/sites/noscemus/doc/693143?colId=88639,,False,theology
"Swammerdam, Jahn et al. - Biblia naturae. Vol. 2. Leiden 1737.pdf",578,https://app.transkribus.org/sites/noscemus/doc/693142?colId=88639,,False,theology
"Szerdahélyi, György Alajos - Historia Uraniae Musae. Vienna 1787.pdf",49,https://app.transkribus.org/sites/noscemus/doc/710276?colId=88639,,True,astronomy; history
"Tarillon, Francois - Pulvis pyrius. Paris 1704.pdf",31,https://app.transkribus.org/sites/noscemus/doc/605294?colId=88639,,False,chemistry
"Taruffi, Giuseppe Antonio - Montgolferii machina volans. s. l. 1784.pdf",21,https://app.transkribus.org/sites/noscemus/doc/640825?colId=88639,,True,mechanics; engineering
"Tazewell, William - Vade-mecum medicum. Paris et al. 1798.pdf",225,https://app.transkribus.org/sites/noscemus/doc/604892?colId=88639,,False,medicine
"Teichmeyer, Hermann Friedrich - Institutiones medicinae legalis. Jena 1723.pdf",313,https://app.transkribus.org/sites/noscemus/doc/746787?colId=88639,,False,medicine; law; education
"Telesio, Bernardino - De mari. Naples 1570.pdf",25,https://app.transkribus.org/sites/noscemus/doc/676748?colId=88639,,Unknown,oceanography
"Telesio, Bernardino - De mari. Venice 1590.pdf",40,https://app.transkribus.org/sites/noscemus/doc/608642?colId=88639,,Unknown,oceanography
"Telesio, Bernardino - De rerum natura iuxta propria principia. Naples 1586.pdf",423,https://app.transkribus.org/sites/noscemus/doc/668517?colId=88639,,Unknown,physics
"Telesio, Bernardino - Varii de naturalibus rebus libelli. Venice 1590.pdf",349,https://app.transkribus.org/sites/noscemus/doc/668518?colId=88639,,Unknown,physics
"Theophrastus & Gaza, Theodorus - De historia plantarum. Treviso 1483.pdf",328,https://app.transkribus.org/sites/noscemus/doc/668519?colId=88639,,False,botany; history
"Theophrastus & Laet, Johan de - De lapidibus. Leiden 1647.pdf",288,https://app.transkribus.org/sites/noscemus/doc/735143?colId=88639,,False,mineralogy
"Thorius, Raphael - Hymnus tabaci. Leiden 1628.pdf",71,https://app.transkribus.org/sites/noscemus/doc/607727?colId=88639,,False,botany; literature
"Tiemann, August - De visu aphorismi. Berlin 1817.pdf",53,https://app.transkribus.org/sites/noscemus/doc/692941?colId=88639,,Unknown,unknown
"Torrella, Gaspar - Tractatus cum consiliis contra pudendagram seu morbum Gallicum. Rome 1497.pdf",25,https://app.transkribus.org/sites/noscemus/doc/736350?colId=88639,,False,medicine
"Torricelli, Evangelista - Opera geometrica. Florence 1644.pdf",406,https://app.transkribus.org/sites/noscemus/doc/923718?colId=88639,,True,geometry
"Triegler, Johann Goerg - Sphaera. Leipzig 1614.pdf",199,https://app.transkribus.org/sites/noscemus/doc/801742?colId=88639,,True,astronomy
"Trombsdorff, Johann Nikolaus & Rodigast, Samuel - Disquisitio physica de calore nivis. Jena 1678.pdf",37,https://app.transkribus.org/sites/noscemus/doc/694623?colId=88639,,Unknown,physics
"Trotter, Thomas - Dissertatio de ebrietate. Edinburgh 1788.pdf",37,https://app.transkribus.org/sites/noscemus/doc/933014?colId=88639,,False,medicine
"Tschudi, Aegidius - De prisca ac vera alpina Rhaetia. Basel 1538.pdf",147,https://app.transkribus.org/sites/noscemus/doc/808145?colId=88639,,Unknown,geography
"Turner, William - Avium, quarum apud Plinium et Aristotelem mentio est, historia. Cologne 1544.pdf",157,https://app.transkribus.org/sites/noscemus/doc/664563?colId=88639,,False,zoology; philosophy; history
"Unger, Bernhard - Apologetica epistola pro defensione Arabum medicorum. Lyon 1533.pdf",123,https://app.transkribus.org/sites/noscemus/doc/782232?colId=88639,,False,medicine; literature
"Vadanius, Joachim - Pomponii Melae de situ orbis. Basel 1522.pdf",391,https://app.transkribus.org/sites/noscemus/doc/735140?colId=88639,,Unknown,geography
"Vadanius, Joachim - Pomponii Melae de situ orbis. Vienna 1518.pdf",325,https://app.transkribus.org/sites/noscemus/doc/735141?colId=88639,,Unknown,geography
"Vadianus, Joachim - Epitome trium terrae partium. Zurich 1534.pdf",579,https://app.transkribus.org/sites/noscemus/doc/608643?colId=88639,,Unknown,geography
"Valentini, Michael Bernhard - Amphiteatrum zootomicum. Frankfurt am Main & Giessen 1720.pdf",869,https://app.transkribus.org/sites/noscemus/doc/750210?colId=88639,,False,zoology
"Valles, Francisco - De iis, quae scripta sunt physice in Libris Sacris. Turin 1587.pdf",681,https://app.transkribus.org/sites/noscemus/doc/668520?colId=88639,,Unknown,physics
"van Poort, Henricus - Hippocratis Aphorismi metrica praphrasi translati. Utrecht 1657.pdf",177,https://app.transkribus.org/sites/noscemus/doc/1285854?colId=88639,,False,medicine
"Van Stralen, Arnold & Schoock Martin - Dipsutatio physica de nive. Groningen 1646.pdf",21,https://app.transkribus.org/sites/noscemus/doc/694619?colId=88639,,Unknown,physics; snow and ice
"Varenius, Bernhardus - Geographia generalis, in qua affectiones generales telluris explicantur. Amsterdam 1650.pdf",860,https://app.transkribus.org/sites/noscemus/doc/696814?colId=88639,,Unknown,geography
Varii 2 - Thesaurus historiae Helveticae. Zurich 1735.pdf,779,https://app.transkribus.org/sites/noscemus/doc/693817?colId=88639,,False,history
Varii - The Altar of Love. London 1727.pdf,395,https://app.transkribus.org/sites/noscemus/doc/732899?colId=88639,,False,literature
"Varolio, Constanzio & Mercuriale, Girolamo - De nervis opticis. Padua 1573.pdf",91,https://app.transkribus.org/sites/noscemus/doc/782228?colId=88639,,True,optics
"Venusti, Antonio Maria - Consilia medica. Venice 1571.pdf",237,https://app.transkribus.org/sites/noscemus/doc/702153?colId=88639,,False,medicine
"Vesalius, Andreas - De humani corporis fabrica. Basel 1543.pdf",737,https://app.transkribus.org/sites/noscemus/doc/616646?colId=88639,,False,anatomy
"Vesling, Johann - Syntagma anatomicum. Padua 1641.pdf",213,https://app.transkribus.org/sites/noscemus/doc/918507?colId=88639,,False,anatomy
"Vespucci, Amerigo - Mundus novus. Augsburg 1504.pdf",17,https://app.transkribus.org/sites/noscemus/doc/868572?colId=88639,,Unknown,geography
"Vida, Marco Girolamo - Opera. Lyon 1536.pdf",583,https://app.transkribus.org/sites/noscemus/doc/808109?colId=88639,,Unknown,unknown
"Viète, François - Canon mathematicus seu ad triangula. Paris 1579.pdf",240,https://app.transkribus.org/sites/noscemus/doc/928630?colId=88639,bib-64,True,mathematics; geometry; algebra
"Viète, François - De aequationum recognitione et emendatione. Paris 1615.pdf",151,https://app.transkribus.org/sites/noscemus/doc/689825?colId=88639,,True,algebra
"Viète, François - In artem analyticem isagoge. Tours 1591.pdf",101,https://app.transkribus.org/sites/noscemus/doc/862097?colId=88639,,True,mathematics
"Viète, François - Zeteticorum libri quinque. Tours 1593.pdf",73,https://app.transkribus.org/sites/noscemus/doc/928892?colId=88639,,True,algebra
"Vitali, Girolamo - Lexicon mathematicum, astronomicum, geometricum. Paris 1668.pdf",701,https://app.transkribus.org/sites/noscemus/doc/888132?colId=88639,bib-144,True,mathematics; geometry; astronomy; language
"Voigt, Christoph - Dissertatio physica contra nivis albedinem realem. Güstrow 1669.pdf",120,https://app.transkribus.org/sites/noscemus/doc/699870?colId=88639,,Unknown,physics
"Vossius, Isaac - De motu marium et ventorum. The Hague 1663.pdf",141,https://app.transkribus.org/sites/noscemus/doc/607728?colId=88639,,True,mechanics; meteorology
"Vossius, Isaac - De Nili et aliorum fluminum origine. The Hague 1666.pdf",205,https://app.transkribus.org/sites/noscemus/doc/657734?colId=88639,,Unknown,oceanography
"Vriesen, Bernhard, Schook Martin - Disputatio physica de glacie. Groningen 1646.pdf",21,https://app.transkribus.org/sites/noscemus/doc/694620?colId=88639,,Unknown,physics; snow and ice
"Wagner, Christian - Animadversiones in T. Burnetii Telluris Theoriam Sacram. Leipzig 1683.pdf",73,https://app.transkribus.org/sites/noscemus/doc/689826?colId=88639,,False,geography; theology
"Wagner, Johann Jacob - Historia naturalis Helvetiae. Zurich 1680.pdf",451,https://app.transkribus.org/sites/noscemus/doc/739101?colId=88639,,False,natural history; history
"Walch, Georg Friedrich - De diluviis veterum. Strasbourg 1757.pdf",41,https://app.transkribus.org/sites/noscemus/doc/695667?colId=88639,,False,geology
"Wallis, John - Arithmetica infinitorum. Oxford 1656.pdf",291,https://app.transkribus.org/sites/noscemus/doc/899970?colId=88639,,True,arithmetic; calculus
"Wallis, John - Opera mathematica. Vol. 1. Oxford 1657.pdf",557,https://app.transkribus.org/sites/noscemus/doc/918509?colId=88639,,True,mathematics
"Wang, Shuhe & Cleyer, Andreas - Specimen medicae Sinicae sive Opuscula medica ad mentem Sinensium. Frankfurt am Main 1682.pdf",235,https://app.transkribus.org/sites/noscemus/doc/724121?colId=88639,,False,medicine
"Wedel, Georg Wolfgang - Exercitationum medico-philologicarum decas tertia. Jena 1687.pdf",65,https://app.transkribus.org/sites/noscemus/doc/668521?colId=88639,,False,medicine; language
"Wedel, Goerg Wolfgang - Specimen experimenti chimici novi de dale volatili plantarum. Frankfurt am Main 1671.pdf",124,https://app.transkribus.org/sites/noscemus/doc/801656?colId=88639,,False,botany
"Weigel, Erhard - Geoscopia selenitarum, part 1. Jena 1654.pdf",74,https://app.transkribus.org/sites/noscemus/doc/1853109?colId=88639,,Unknown,unknown
"Weigel, Erhard - Geoscopia selenitarum, part 2.1. Jena 1654.pdf",49,https://app.transkribus.org/sites/noscemus/doc/1859544?colId=88639,,Unknown,unknown
"Weigel, Erhard - Geoscopia selenitarum, part 2.2. Jena 1654.pdf",47,https://app.transkribus.org/sites/noscemus/doc/1859547?colId=88639,,Unknown,unknown
"Weinhart, Ignaz - Quaestiones et responsa ex arithmetica vulgari, algebra et geometria. Innsbruck 1765.pdf",309,https://app.transkribus.org/sites/noscemus/doc/906182?colId=88639,,True,geometry; arithmetic; algebra
"Widmann, Johannes - Algorithmus minutiarum vulgarium. Leipzig c. 1490.pdf",18,https://app.transkribus.org/sites/noscemus/doc/899971?colId=88639,,True,arithmetic
"Willis, Thomas - Cerebri anatome. London 1664.pdf",536,https://app.transkribus.org/sites/noscemus/doc/604311?colId=88639,,False,anatomy
"Willughby, Francis & Ray, John - Ornithologiae libri tres. London 1676.pdf",481,https://app.transkribus.org/sites/noscemus/doc/705023?colId=88639,,False,zoology
"Winkler, Johann Heinrich - Causae frigoris et glaciei expositae. Leipzig 1735.pdf",49,https://app.transkribus.org/sites/noscemus/doc/688837?colId=88639,,Unknown,physics
"Winther, Mathias - Literaturae scientiae rerum naturalium in Dania, Norvegia et Holsatio enchiridion. Copenhagen 1829.pdf",277,https://app.transkribus.org/sites/noscemus/doc/704342?colId=88639,,False,physics; natural history; education; literature
"Witte, Henning - Memoriae medicorum nostri seculi clarissimorum renovatae decas. Frankfurt am Main 1676.pdf",313,https://app.transkribus.org/sites/noscemus/doc/718545?colId=88639,,False,medicine; history; biography
"Wolff, Caspar Friedrich - Theoria generationis. Halle (Saale) 1774.pdf",309,https://app.transkribus.org/sites/noscemus/doc/743614?colId=88639,,False,anatomy
"Wolff, Christian von – Philosophia practica universalis mathematica methodo scripta. Leipzig 1703",44,https://app.transkribus.org/sites/noscemus/doc/8735518?colId=88639,,True,mathematics; philosophy
"Woodward, John & Scheuchzer, Joahnn Jakob - Specimen geographiae physicae. Zurich 1704.pdf",275,https://app.transkribus.org/sites/noscemus/doc/694477?colId=88639,,Unknown,physics; geography
"Worm, Ole - Museum Wormianum. Amsterdam 1655.pdf",410,https://app.transkribus.org/sites/noscemus/doc/756849?colId=88639,,False,natural history
"Wotton, Edward - De differentiis animalium. Paris 1552.pdf",504,https://app.transkribus.org/sites/noscemus/doc/668522?colId=88639,,False,zoology
"Zabarella, Gicacomo - De rebus naturalibus. Venice 1590.pdf",636,https://app.transkribus.org/sites/noscemus/doc/718640?colId=88639,,Unknown,unknown
"Zallinger zum Thurn, Franz Seraphin von - Praelectiones ex physica theoretica. Innsbruck 1805.pdf",489,https://app.transkribus.org/sites/noscemus/doc/659201?colId=88639,,Unknown,physics; education
"Zamagna, Bernardo - Navis aeria. Rome 1768.pdf",177,https://app.transkribus.org/sites/noscemus/doc/604893?colId=88639,,Unknown,unknown
"Zimmermann, Johannes - Sol siderum princeps. Olomuc 1661.pdf",81,https://app.transkribus.org/sites/noscemus/doc/718451?colId=88639,,True,astronomy
"Zucchi, Niccolò - Nova de machinis philosophia. Rome 1649.pdf",249,https://app.transkribus.org/sites/noscemus/doc/742125?colId=88639,,True,mechanics; engineering; philosophy
"Zwinger, Theodor - In Artem medicinalem Galeni tabulae et commentarii. Basel 1561.pdf",165,https://app.transkribus.org/sites/noscemus/doc/823081?colId=88639,,False,medicine
