title_page_key,classification_key,is_reprint_nonrepresentative,cluster_key,subject,final_value,classification_source,source_revision,source_id
Amsterdam_1616,Amsterdam_1616,False,,Practical Geometry,primary,new_full_run,6a0d47e3-f472-4b63-a6f5-67c693a0adf9,exec_1p9b4d
Amsterdam_1616,Amsterdam_1616,False,,Theoretical Mathematics,primary,new_full_run,6a0d47e3-f472-4b63-a6f5-67c693a0adf9,exec_1p9b4d
Amsterdam_1618,Amsterdam_1618,False,,Practical Geometry,secondary,new_full_run,6a0d47e3-f472-4b63-a6f5-67c693a0adf9,exec_5u9s5i
Amsterdam_1626,Amsterdam_1626,False,,Practical Geometry,secondary,new_full_run,6a0d47e3-f472-4b63-a6f5-67c693a0adf9,exec_hx9mem
Amsterdam_1634,Amsterdam_1634,False,,Practical Geometry,secondary,new_full_run,6a0d47e3-f472-4b63-a6f5-67c693a0adf9,exec_cwmaxr
Amsterdam_1634,Amsterdam_1634,False,,Theoretical Mathematics,primary,new_full_run,6a0d47e3-f472-4b63-a6f5-67c693a0adf9,exec_cwmaxr
Amsterdam_1660,Amsterdam_1660,False,,Theoretical Mathematics,primary,new_full_run,6a0d47e3-f472-4b63-a6f5-67c693a0adf9,exec_5je7yd
Amsterdam_1662,Amsterdam_1662,False,,Theoretical Mathematics,primary,new_full_run,6a0d47e3-f472-4b63-a6f5-67c693a0adf9,exec_ec1hpb
Amsterdam_1683,Amsterdam_1683,False,,Mechanics,unknown,new_full_run,6a0d47e3-f472-4b63-a6f5-67c693a0adf9,exec_oysr6c
Amsterdam_1683,Amsterdam_1683,False,,Theoretical Mathematics,primary,new_full_run,6a0d47e3-f472-4b63-a6f5-67c693a0adf9,exec_oysr6c
Amsterdam_1695,Amsterdam_1695,False,,Navigation,unknown,new_full_run,6a0d47e3-f472-4b63-a6f5-67c693a0adf9,exec_yj7ne9
Amsterdam_1695,Amsterdam_1695,False,,Theoretical Mathematics,primary,new_full_run,6a0d47e3-f472-4b63-a6f5-67c693a0adf9,exec_yj7ne9
Amsterdam_1697,Amsterdam_1697,False,,Arithmetic,primary,new_full_run,6a0d47e3-f472-4b63-a6f5-67c693a0adf9,exec_q2fcpq
Amsterdam_1697,Amsterdam_1697,False,,Theoretical Mathematics,primary,new_full_run,6a0d47e3-f472-4b63-a6f5-67c693a0adf9,exec_q2fcpq
Amsterdam_1697,Amsterdam_1697,False,,Trigonometry,primary,new_full_run,6a0d47e3-f472-4b63-a6f5-67c693a0adf9,exec_q2fcpq
Amsterdam_1700,Amsterdam_1700,False,,Theoretical Mathematics,primary,new_full_run,6a0d47e3-f472-4b63-a6f5-67c693a0adf9,exec_9rif1k
Amsterdam_1700b,Amsterdam_1700b,False,,Practical Geometry,secondary,new_full_run,6a0d47e3-f472-4b63-a6f5-67c693a0adf9,exec_ynr5hg
Amsterdam_1700b,Amsterdam_1700b,False,,Theoretical Mathematics,primary,new_full_run,6a0d47e3-f472-4b63-a6f5-67c693a0adf9,exec_ynr5hg
Ansbach_1610,Ansbach_1610,False,,Arithmetic,unknown,new_full_run,6a0d47e3-f472-4b63-a6f5-67c693a0adf9,exec_iz4lbn
Ansbach_1610,Ansbach_1610,False,,Construction,secondary,new_full_run,6a0d47e3-f472-4b63-a6f5-67c693a0adf9,exec_iz4lbn
Ansbach_1610,Ansbach_1610,False,,Military Engineering,unknown,new_full_run,6a0d47e3-f472-4b63-a6f5-67c693a0adf9,exec_iz4lbn
Ansbach_1610,Ansbach_1610,False,,Practical Geometry,primary,new_full_run,6a0d47e3-f472-4b63-a6f5-67c693a0adf9,exec_iz4lbn
Ansbach_1610,Ansbach_1610,False,,Surveying,secondary,new_full_run,6a0d47e3-f472-4b63-a6f5-67c693a0adf9,exec_iz4lbn
Ansbach_1610,Ansbach_1610,False,,Theoretical Mathematics,primary,new_full_run,6a0d47e3-f472-4b63-a6f5-67c693a0adf9,exec_iz4lbn
Antwerp_1645,Antwerp_1645,False,,Theoretical Mathematics,primary,new_full_run,6a0d47e3-f472-4b63-a6f5-67c693a0adf9,exec_cpoyxj
Antwerp_1654,Antwerp_1654,False,,Theoretical Mathematics,primary,new_full_run,6a0d47e3-f472-4b63-a6f5-67c693a0adf9,exec_ppcm84
Antwerp_1672,Antwerp_1672,False,,Theoretical Mathematics,primary,new_full_run,6a0d47e3-f472-4b63-a6f5-67c693a0adf9,exec_2v75wc
Arnhem_1603,Arnhem_1603,False,,Theoretical Mathematics,primary,new_full_run,6a0d47e3-f472-4b63-a6f5-67c693a0adf9,exec_69jwn8
Arnhem_1605,Arnhem_1605,False,,Arithmetic,primary,new_full_run,6a0d47e3-f472-4b63-a6f5-67c693a0adf9,exec_r6dlpb
Arnhem_1605,Arnhem_1605,False,,Theoretical Mathematics,unknown,new_full_run,6a0d47e3-f472-4b63-a6f5-67c693a0adf9,exec_r6dlpb
Arnhem_1605a,Arnhem_1605a,False,,Theoretical Mathematics,primary,new_full_run,6a0d47e3-f472-4b63-a6f5-67c693a0adf9,exec_1xx5kf
Augsburg_1555,Augsburg_1555,False,,Arithmetic,primary,new_full_run,6a0d47e3-f472-4b63-a6f5-67c693a0adf9,exec_bd4zfi
Augsburg_1555,Augsburg_1555,False,,Theoretical Mathematics,primary,new_full_run,6a0d47e3-f472-4b63-a6f5-67c693a0adf9,exec_bd4zfi
Bamberg_1677,Bamberg_1677,False,,Mechanics,secondary,new_full_run,6a0d47e3-f472-4b63-a6f5-67c693a0adf9,exec_2uo8vk
Bamberg_1677,Bamberg_1677,False,,Theoretical Mathematics,primary,new_full_run,6a0d47e3-f472-4b63-a6f5-67c693a0adf9,exec_2uo8vk
Basel_1533,Basel_1533,False,,Theoretical Mathematics,secondary,new_full_run,6a0d47e3-f472-4b63-a6f5-67c693a0adf9,exec_00nimw
Basel_1537,Basel_1537,False,GY8NU4,Astronomy,secondary,new_full_run,6a0d47e3-f472-4b63-a6f5-67c693a0adf9,exec_q3yxnn
Basel_1537,Basel_1537,False,GY8NU4,Theoretical Mathematics,primary,new_full_run,6a0d47e3-f472-4b63-a6f5-67c693a0adf9,exec_q3yxnn
Basel_1546,Basel_1537,True,GY8NU4,Astronomy,secondary,new_full_run,6a0d47e3-f472-4b63-a6f5-67c693a0adf9,exec_q3yxnn
Basel_1546,Basel_1537,True,GY8NU4,Theoretical Mathematics,primary,new_full_run,6a0d47e3-f472-4b63-a6f5-67c693a0adf9,exec_q3yxnn
Basel_1550,Basel_1550,False,,Arithmetic,unknown,new_full_run,6a0d47e3-f472-4b63-a6f5-67c693a0adf9,exec_728p4d
Basel_1550,Basel_1550,False,,Theoretical Mathematics,primary,new_full_run,6a0d47e3-f472-4b63-a6f5-67c693a0adf9,exec_728p4d
Basel_1558,Basel_1537,True,GY8NU4,Astronomy,secondary,new_full_run,6a0d47e3-f472-4b63-a6f5-67c693a0adf9,exec_q3yxnn
Basel_1558,Basel_1537,True,GY8NU4,Theoretical Mathematics,primary,new_full_run,6a0d47e3-f472-4b63-a6f5-67c693a0adf9,exec_q3yxnn
Basel_1562,Basel_1562,False,,Arithmetic,secondary,new_full_run,6a0d47e3-f472-4b63-a6f5-67c693a0adf9,exec_erbk83
Basel_1562,Basel_1562,False,,Practical Geometry,secondary,new_full_run,6a0d47e3-f472-4b63-a6f5-67c693a0adf9,exec_erbk83
Basel_1562,Basel_1562,False,,Theoretical Mathematics,primary,new_full_run,6a0d47e3-f472-4b63-a6f5-67c693a0adf9,exec_erbk83
Bologna_1684,Bologna_1684,False,,Theoretical Mathematics,primary,new_full_run,6a0d47e3-f472-4b63-a6f5-67c693a0adf9,exec_zyg1lm
Brussels_1688,Brussels_1688,False,,Practical Geometry,unknown,new_full_run,6a0d47e3-f472-4b63-a6f5-67c693a0adf9,exec_ht0fp6
Brussels_1688,Brussels_1688,False,,Theoretical Mathematics,primary,new_full_run,6a0d47e3-f472-4b63-a6f5-67c693a0adf9,exec_ht0fp6
Brussels_1689,Brussels_1689,False,,Mechanics,unknown,new_full_run,6a0d47e3-f472-4b63-a6f5-67c693a0adf9,exec_27fiu5
Brussels_1689,Brussels_1689,False,,Theoretical Mathematics,primary,new_full_run,6a0d47e3-f472-4b63-a6f5-67c693a0adf9,exec_27fiu5
Cambridge_1655,Cambridge_1655,False,,Theoretical Mathematics,primary,new_full_run,6a0d47e3-f472-4b63-a6f5-67c693a0adf9,exec_0nudav
Cambridge_1665,Cambridge_1665,False,,Astronomy,secondary,new_full_run,6a0d47e3-f472-4b63-a6f5-67c693a0adf9,exec_n6qvjm
Cambridge_1665,Cambridge_1665,False,,Theoretical Mathematics,primary,new_full_run,6a0d47e3-f472-4b63-a6f5-67c693a0adf9,exec_n6qvjm
Cambridge_1665,Cambridge_1665,False,,Trigonometry,unknown,new_full_run,6a0d47e3-f472-4b63-a6f5-67c693a0adf9,exec_n6qvjm
Cologne_1564,Paris_1557,True,7BDH40,Theoretical Mathematics,primary,new_full_run,6a0d47e3-f472-4b63-a6f5-67c693a0adf9,exec_uo9kw3
Cologne_1591,Cologne_1591,False,,Theoretical Mathematics,primary,new_full_run,6a0d47e3-f472-4b63-a6f5-67c693a0adf9,exec_qzg5iu
Cologne_1602,Cologne_1602,False,RRMFS9,Theoretical Mathematics,primary,new_full_run,6a0d47e3-f472-4b63-a6f5-67c693a0adf9,exec_hfuqev
Cologne_1607,Cologne_1607,False,,Theoretical Mathematics,primary,new_full_run,6a0d47e3-f472-4b63-a6f5-67c693a0adf9,exec_kt5k2j
Cologne_1612,Cologne_1612,False,,Theoretical Mathematics,primary,new_full_run,6a0d47e3-f472-4b63-a6f5-67c693a0adf9,exec_thsp25
Cologne_1627,Cologne_1627,False,,Theoretical Mathematics,primary,new_full_run,6a0d47e3-f472-4b63-a6f5-67c693a0adf9,exec_tmnke6
Florence_1690,Florence_1690,False,,Theoretical Mathematics,primary,new_full_run,6a0d47e3-f472-4b63-a6f5-67c693a0adf9,exec_56vmph
Frankfurt_1607,Frankfurt_1607,False,,Theoretical Mathematics,primary,new_full_run,6a0d47e3-f472-4b63-a6f5-67c693a0adf9,exec_zrtpjk
Frankfurt_1654,Frankfurt_1654,False,,Theoretical Mathematics,primary,new_full_run,6a0d47e3-f472-4b63-a6f5-67c693a0adf9,exec_ifpimd
Frankfurt_1674,Frankfurt_1674,False,,Mechanics,secondary,new_full_run,6a0d47e3-f472-4b63-a6f5-67c693a0adf9,exec_ppd8ss
Graz_1636,Graz_1636,False,,Trigonometry,secondary,new_full_run,6a0d47e3-f472-4b63-a6f5-67c693a0adf9,exec_59vho9
Hamburg_1633,Hamburg_1633,False,,Theoretical Mathematics,primary,new_full_run,6a0d47e3-f472-4b63-a6f5-67c693a0adf9,exec_228lsd
Hamburg_1638,Hamburg_1638,False,,Theoretical Mathematics,primary,new_full_run,6a0d47e3-f472-4b63-a6f5-67c693a0adf9,exec_jcmath
Kiel_Hamburg_and_Leipzig_1697,Kiel_Hamburg_and_Leipzig_1697,False,,Theoretical Mathematics,primary,new_full_run,6a0d47e3-f472-4b63-a6f5-67c693a0adf9,exec_iwheol
Leiden_1606,Leiden_1606,False,,Practical Geometry,secondary,new_full_run,6a0d47e3-f472-4b63-a6f5-67c693a0adf9,exec_jahej2
Leiden_1606,Leiden_1606,False,,Theoretical Mathematics,primary,new_full_run,6a0d47e3-f472-4b63-a6f5-67c693a0adf9,exec_jahej2
Leiden_1607,Leiden_1607,False,,Practical Geometry,primary,new_full_run,6a0d47e3-f472-4b63-a6f5-67c693a0adf9,exec_2vjcwa
Leiden_1617,Leiden_1617,False,,Theoretical Mathematics,primary,new_full_run,6a0d47e3-f472-4b63-a6f5-67c693a0adf9,exec_5f8w7t
Leiden_and_Amsterdam_1673,Leiden_and_Amsterdam_1673,False,,Theoretical Mathematics,primary,new_full_run,6a0d47e3-f472-4b63-a6f5-67c693a0adf9,exec_26c2jr
Leipzig_1577,Leipzig_1577,False,,Theoretical Mathematics,primary,new_full_run,6a0d47e3-f472-4b63-a6f5-67c693a0adf9,exec_h1vi35
London_1570,London_1570,False,,Mechanics,secondary,new_full_run,6a0d47e3-f472-4b63-a6f5-67c693a0adf9,exec_c8s15k
London_1651,London_1651,False,,Theoretical Mathematics,primary,new_full_run,6a0d47e3-f472-4b63-a6f5-67c693a0adf9,exec_i9k413
London_1654,London_1654,False,,Theoretical Mathematics,primary,new_full_run,6a0d47e3-f472-4b63-a6f5-67c693a0adf9,exec_k541r2
London_1659,London_1659,False,,Theoretical Mathematics,primary,new_full_run,6a0d47e3-f472-4b63-a6f5-67c693a0adf9,exec_kf1kbr
London_1660,London_1660,False,,Theoretical Mathematics,primary,new_full_run,6a0d47e3-f472-4b63-a6f5-67c693a0adf9,exec_f2pirf
London_1661,London_1661,False,,Theoretical Mathematics,primary,new_full_run,6a0d47e3-f472-4b63-a6f5-67c693a0adf9,exec_iniwp0
London_1680–81,London_1680–81,False,,Arithmetic,primary,new_full_run,6a0d47e3-f472-4b63-a6f5-67c693a0adf9,exec_gqakfm
London_1680–81,London_1680–81,False,,Astronomy,primary,new_full_run,6a0d47e3-f472-4b63-a6f5-67c693a0adf9,exec_gqakfm
London_1680–81,London_1680–81,False,,Cartography,primary,new_full_run,6a0d47e3-f472-4b63-a6f5-67c693a0adf9,exec_gqakfm
London_1680–81,London_1680–81,False,,Cosmography,primary,new_full_run,6a0d47e3-f472-4b63-a6f5-67c693a0adf9,exec_gqakfm
London_1680–81,London_1680–81,False,,Geography,primary,new_full_run,6a0d47e3-f472-4b63-a6f5-67c693a0adf9,exec_gqakfm
London_1680–81,London_1680–81,False,,Navigation,primary,new_full_run,6a0d47e3-f472-4b63-a6f5-67c693a0adf9,exec_gqakfm
London_1680–81,London_1680–81,False,,Practical Geometry,primary,new_full_run,6a0d47e3-f472-4b63-a6f5-67c693a0adf9,exec_gqakfm
London_1680–81,London_1680–81,False,,Theoretical Mathematics,primary,new_full_run,6a0d47e3-f472-4b63-a6f5-67c693a0adf9,exec_gqakfm
London_1680–81,London_1680–81,False,,Trigonometry,primary,new_full_run,6a0d47e3-f472-4b63-a6f5-67c693a0adf9,exec_gqakfm
London_1685a,London_1685a,False,,Practical Geometry,unknown,new_full_run,6a0d47e3-f472-4b63-a6f5-67c693a0adf9,exec_7vfeon
London_1686,London_1686,False,,Theoretical Mathematics,primary,new_full_run,6a0d47e3-f472-4b63-a6f5-67c693a0adf9,exec_y7vx7m
London_1696,London_1696,False,,Practical Geometry,unknown,new_full_run,6a0d47e3-f472-4b63-a6f5-67c693a0adf9,exec_rmbma4
London_1696,London_1696,False,,Theoretical Mathematics,primary,new_full_run,6a0d47e3-f472-4b63-a6f5-67c693a0adf9,exec_rmbma4
Lyon_1645,Lyon_1645,False,,Theoretical Mathematics,primary,new_full_run,6a0d47e3-f472-4b63-a6f5-67c693a0adf9,exec_ljxnbe
Lyon_1646,Lyon_1646,False,,Theoretical Mathematics,primary,new_full_run,6a0d47e3-f472-4b63-a6f5-67c693a0adf9,exec_6df1dc
Lyon_1660,Lyon_1660,False,,Theoretical Mathematics,primary,new_full_run,6a0d47e3-f472-4b63-a6f5-67c693a0adf9,exec_6nj2qn
Lyon_1672,Lyon_1672,False,,Theoretical Mathematics,primary,new_full_run,6a0d47e3-f472-4b63-a6f5-67c693a0adf9,exec_gbt9n0
Lyon_1674,Lyon_1674,False,,Architecture,primary,new_full_run,6a0d47e3-f472-4b63-a6f5-67c693a0adf9,exec_6gpy5t
Lyon_1674,Lyon_1674,False,,Arithmetic,primary,new_full_run,6a0d47e3-f472-4b63-a6f5-67c693a0adf9,exec_6gpy5t
Lyon_1674,Lyon_1674,False,,Construction,primary,new_full_run,6a0d47e3-f472-4b63-a6f5-67c693a0adf9,exec_6gpy5t
Lyon_1674,Lyon_1674,False,,Geography,primary,new_full_run,6a0d47e3-f472-4b63-a6f5-67c693a0adf9,exec_6gpy5t
Lyon_1674,Lyon_1674,False,,Mechanics,primary,new_full_run,6a0d47e3-f472-4b63-a6f5-67c693a0adf9,exec_6gpy5t
Lyon_1674,Lyon_1674,False,,Practical Geometry,primary,new_full_run,6a0d47e3-f472-4b63-a6f5-67c693a0adf9,exec_6gpy5t
Lyon_1674,Lyon_1674,False,,Trigonometry,primary,new_full_run,6a0d47e3-f472-4b63-a6f5-67c693a0adf9,exec_6gpy5t
Lyon_1690,Lyon_1690,False,,Arithmetic,primary,new_full_run,6a0d47e3-f472-4b63-a6f5-67c693a0adf9,exec_n8ygym
Lyon_1690,Lyon_1690,False,,Theoretical Mathematics,primary,new_full_run,6a0d47e3-f472-4b63-a6f5-67c693a0adf9,exec_n8ygym
Lyon_1690,Lyon_1690,False,,Trigonometry,primary,new_full_run,6a0d47e3-f472-4b63-a6f5-67c693a0adf9,exec_n8ygym
Lübeck_and_Frankfurt_1699,Lübeck_and_Frankfurt_1699,False,,Practical Geometry,primary,new_full_run,6a0d47e3-f472-4b63-a6f5-67c693a0adf9,exec_dn8n9h
Lübeck_and_Frankfurt_1699,Lübeck_and_Frankfurt_1699,False,,Surveying,unknown,new_full_run,6a0d47e3-f472-4b63-a6f5-67c693a0adf9,exec_dn8n9h
Madrid_1665,Madrid_1665,False,,Architecture,primary,new_full_run,6a0d47e3-f472-4b63-a6f5-67c693a0adf9,exec_5hr63i
Madrid_1665,Madrid_1665,False,,Practical Geometry,primary,new_full_run,6a0d47e3-f472-4b63-a6f5-67c693a0adf9,exec_5hr63i
Madrid_1665,Madrid_1665,False,,Theoretical Mathematics,primary,new_full_run,6a0d47e3-f472-4b63-a6f5-67c693a0adf9,exec_5hr63i
Milan_1671,Milan_1671,False,,Theoretical Mathematics,primary,new_full_run,6a0d47e3-f472-4b63-a6f5-67c693a0adf9,exec_37wt5k
Osnabrück_1676,Osnabrück_1676,False,,Theoretical Mathematics,primary,new_full_run,6a0d47e3-f472-4b63-a6f5-67c693a0adf9,exec_mp9589
Oxford_1703,Oxford_1703,False,,Astronomy,secondary,new_full_run,6a0d47e3-f472-4b63-a6f5-67c693a0adf9,exec_1yw50a
Oxford_1703,Oxford_1703,False,,Mechanics,secondary,new_full_run,6a0d47e3-f472-4b63-a6f5-67c693a0adf9,exec_1yw50a
Oxford_1703,Oxford_1703,False,,Music Theory,secondary,new_full_run,6a0d47e3-f472-4b63-a6f5-67c693a0adf9,exec_1yw50a
Oxford_1703,Oxford_1703,False,,Theoretical Mathematics,primary,new_full_run,6a0d47e3-f472-4b63-a6f5-67c693a0adf9,exec_1yw50a
Padua_1694,Padua_1694,False,,Trigonometry,primary,new_full_run,6a0d47e3-f472-4b63-a6f5-67c693a0adf9,exec_pcfoz1
Paris_1516,Paris_1516,False,,Theoretical Mathematics,primary,new_full_run,6a0d47e3-f472-4b63-a6f5-67c693a0adf9,exec_8jldcp
Paris_1544,Paris_1544,False,NWKWR7,Theoretical Mathematics,primary,new_full_run,6a0d47e3-f472-4b63-a6f5-67c693a0adf9,exec_4zacnf
Paris_1549,Paris_1549,False,RJJ2ER,Theoretical Mathematics,primary,new_full_run,6a0d47e3-f472-4b63-a6f5-67c693a0adf9,exec_wmg5fh
Paris_1551,Paris_1544,True,NWKWR7,Theoretical Mathematics,primary,new_full_run,6a0d47e3-f472-4b63-a6f5-67c693a0adf9,exec_4zacnf
Paris_1551a,Paris_1551a,False,,Theoretical Mathematics,primary,new_full_run,6a0d47e3-f472-4b63-a6f5-67c693a0adf9,exec_0vld92
Paris_1552,Paris_1552,False,,Theoretical Mathematics,primary,new_full_run,6a0d47e3-f472-4b63-a6f5-67c693a0adf9,exec_vn9ols
Paris_1557,Paris_1557,False,7BDH40,Theoretical Mathematics,primary,new_full_run,6a0d47e3-f472-4b63-a6f5-67c693a0adf9,exec_uo9kw3
Paris_1558,Paris_1558,False,,Theoretical Mathematics,primary,new_full_run,6a0d47e3-f472-4b63-a6f5-67c693a0adf9,exec_fa5bmn
Paris_1558a,Paris_1549,True,RJJ2ER,Theoretical Mathematics,primary,new_full_run,6a0d47e3-f472-4b63-a6f5-67c693a0adf9,exec_wmg5fh
Paris_1565,Paris_1565,False,NMR5AW,Theoretical Mathematics,primary,new_full_run,6a0d47e3-f472-4b63-a6f5-67c693a0adf9,exec_89xk7t
Paris_1566,Paris_1566,False,,Theoretical Mathematics,primary,new_full_run,6a0d47e3-f472-4b63-a6f5-67c693a0adf9,exec_owreuj
Paris_1566a,Paris_1566a,False,,Theoretical Mathematics,primary,new_full_run,6a0d47e3-f472-4b63-a6f5-67c693a0adf9,exec_3fapxl
Paris_1578,Paris_1578,False,,Theoretical Mathematics,primary,new_full_run,6a0d47e3-f472-4b63-a6f5-67c693a0adf9,exec_hibqgd
Paris_1602,Cologne_1602,True,RRMFS9,Theoretical Mathematics,primary,new_full_run,6a0d47e3-f472-4b63-a6f5-67c693a0adf9,exec_hfuqev
Paris_1605,Paris_1605,False,,Theoretical Mathematics,primary,new_full_run,6a0d47e3-f472-4b63-a6f5-67c693a0adf9,exec_9itarp
Paris_1609,Paris_1609,False,,Theoretical Mathematics,primary,new_full_run,6a0d47e3-f472-4b63-a6f5-67c693a0adf9,exec_ykunh8
Paris_1610,Paris_1610,False,8FLVS0,Theoretical Mathematics,primary,new_full_run,6a0d47e3-f472-4b63-a6f5-67c693a0adf9,exec_kaffcn
Paris_1612,Paris_1612,False,,Theoretical Mathematics,primary,new_full_run,6a0d47e3-f472-4b63-a6f5-67c693a0adf9,exec_i6mqsk
Paris_1613,Paris_1610,True,8FLVS0,Theoretical Mathematics,primary,new_full_run,6a0d47e3-f472-4b63-a6f5-67c693a0adf9,exec_kaffcn
Paris_1615,Paris_1615,False,R1Q2YT,Theoretical Mathematics,primary,new_full_run,6a0d47e3-f472-4b63-a6f5-67c693a0adf9,exec_nmhgms
Paris_1621,Paris_1615,True,R1Q2YT,Theoretical Mathematics,primary,new_full_run,6a0d47e3-f472-4b63-a6f5-67c693a0adf9,exec_nmhgms
Paris_1623,Paris_1623,False,,Theoretical Mathematics,primary,new_full_run,6a0d47e3-f472-4b63-a6f5-67c693a0adf9,exec_gdjqc0
Paris_1624,Paris_1624,False,,Military Engineering,secondary,new_full_run,6a0d47e3-f472-4b63-a6f5-67c693a0adf9,exec_qeip9y
Paris_1624,Paris_1624,False,,Theoretical Mathematics,unknown,new_full_run,6a0d47e3-f472-4b63-a6f5-67c693a0adf9,exec_qeip9y
Paris_1626a,Paris_1626a,False,,Astronomy,unknown,new_full_run,6a0d47e3-f472-4b63-a6f5-67c693a0adf9,exec_g0bpbe
Paris_1626a,Paris_1626a,False,,Theoretical Mathematics,primary,new_full_run,6a0d47e3-f472-4b63-a6f5-67c693a0adf9,exec_g0bpbe
Paris_1631,Paris_1615,True,R1Q2YT,Theoretical Mathematics,primary,new_full_run,6a0d47e3-f472-4b63-a6f5-67c693a0adf9,exec_nmhgms
Paris_1632,Paris_1632,False,,Theoretical Mathematics,primary,new_full_run,6a0d47e3-f472-4b63-a6f5-67c693a0adf9,exec_k5vvt2
Paris_1634,Paris_1634,False,,Theoretical Mathematics,primary,new_full_run,6a0d47e3-f472-4b63-a6f5-67c693a0adf9,exec_x06jpu
Paris_1640,Paris_1640,False,,Theoretical Mathematics,primary,new_full_run,6a0d47e3-f472-4b63-a6f5-67c693a0adf9,exec_z5m1d3
Paris_1644,Paris_1644,False,,Theoretical Mathematics,primary,new_full_run,6a0d47e3-f472-4b63-a6f5-67c693a0adf9,exec_kd8zei
Paris_1644b,Paris_1644b,False,,Theoretical Mathematics,primary,new_full_run,6a0d47e3-f472-4b63-a6f5-67c693a0adf9,exec_zi0dna
Paris_1644c,Paris_1644c,False,,Astronomy,primary,new_full_run,6a0d47e3-f472-4b63-a6f5-67c693a0adf9,exec_6mfy1k
Paris_1644c,Paris_1644c,False,,Practical Geometry,unknown,new_full_run,6a0d47e3-f472-4b63-a6f5-67c693a0adf9,exec_6mfy1k
Paris_1644c,Paris_1644c,False,,Theoretical Mathematics,primary,new_full_run,6a0d47e3-f472-4b63-a6f5-67c693a0adf9,exec_6mfy1k
Paris_1652,Paris_1652,False,,Military Engineering,secondary,new_full_run,6a0d47e3-f472-4b63-a6f5-67c693a0adf9,exec_3nbnjp
Paris_1652,Paris_1652,False,,Theoretical Mathematics,primary,new_full_run,6a0d47e3-f472-4b63-a6f5-67c693a0adf9,exec_3nbnjp
Paris_1675,Paris_1675,False,,Theoretical Mathematics,primary,new_full_run,6a0d47e3-f472-4b63-a6f5-67c693a0adf9,exec_60q8wu
Paris_1677a,Paris_1677a,False,,Theoretical Mathematics,unknown,new_full_run,6a0d47e3-f472-4b63-a6f5-67c693a0adf9,exec_tohlvd
Paris_1685,Paris_1685,False,,Practical Geometry,unknown,new_full_run,6a0d47e3-f472-4b63-a6f5-67c693a0adf9,exec_icy5o7
Paris_1693,Paris_1693,False,,Theoretical Mathematics,primary,new_full_run,6a0d47e3-f472-4b63-a6f5-67c693a0adf9,exec_qy60jr
Pesaro_1572,Pesaro_1572,False,,Theoretical Mathematics,primary,new_full_run,6a0d47e3-f472-4b63-a6f5-67c693a0adf9,exec_njmlts
Pesaro_1619,Pesaro_1619,False,,Theoretical Mathematics,primary,new_full_run,6a0d47e3-f472-4b63-a6f5-67c693a0adf9,exec_ech01s
Pesaro_1619a,Urbino_1575,True,O56JUE,Theoretical Mathematics,primary,new_full_run,6a0d47e3-f472-4b63-a6f5-67c693a0adf9,exec_de8eo9
Pisa_1658,Rome_1679,True,2LJ5VI,Theoretical Mathematics,primary,new_full_run,6a0d47e3-f472-4b63-a6f5-67c693a0adf9,exec_x2dxtc
Rome_1545,Rome_1545,False,,Theoretical Mathematics,primary,new_full_run,6a0d47e3-f472-4b63-a6f5-67c693a0adf9,exec_3a0393
Rome_1545a,Rome_1545a,False,,Theoretical Mathematics,primary,new_full_run,6a0d47e3-f472-4b63-a6f5-67c693a0adf9,exec_20g55d
Rome_1574,Rome_1589,True,Y63G5P,Theoretical Mathematics,primary,new_full_run,6a0d47e3-f472-4b63-a6f5-67c693a0adf9,exec_1ysmbe
Rome_1589,Rome_1589,False,Y63G5P,Theoretical Mathematics,primary,new_full_run,6a0d47e3-f472-4b63-a6f5-67c693a0adf9,exec_1ysmbe
Rome_1603,Rome_1603,False,,Theoretical Mathematics,primary,new_full_run,6a0d47e3-f472-4b63-a6f5-67c693a0adf9,exec_rreph0
Rome_1629,Rome_1629,False,,Theoretical Mathematics,unknown,new_full_run,6a0d47e3-f472-4b63-a6f5-67c693a0adf9,exec_v6d43v
Rome_1680,Rome_1680,False,,Theoretical Mathematics,primary,new_full_run,6a0d47e3-f472-4b63-a6f5-67c693a0adf9,exec_u1t5nm
Rotterdam_1632,Rotterdam_1632,False,,Practical Geometry,primary,new_full_run,6a0d47e3-f472-4b63-a6f5-67c693a0adf9,exec_38nry8
Rotterdam_1647,Rotterdam_1647,False,PEFQCG,Practical Geometry,secondary,new_full_run,6a0d47e3-f472-4b63-a6f5-67c693a0adf9,exec_o7zp9y
Rotterdam_1661,Rotterdam_1661,False,,Practical Geometry,secondary,new_full_run,6a0d47e3-f472-4b63-a6f5-67c693a0adf9,exec_rfhml4
Rotterdam_1661,Rotterdam_1661,False,,Theoretical Mathematics,primary,new_full_run,6a0d47e3-f472-4b63-a6f5-67c693a0adf9,exec_rfhml4
Rotterdam_1681,Rotterdam_1681,False,,Practical Geometry,secondary,new_full_run,6a0d47e3-f472-4b63-a6f5-67c693a0adf9,exec_em3xdx
Rouen_1676,Rouen_1676,False,,Theoretical Mathematics,primary,new_full_run,6a0d47e3-f472-4b63-a6f5-67c693a0adf9,exec_wea98l
Rouen_and_Paris_1677,Rouen_and_Paris_1677,False,,Theoretical Mathematics,primary,new_full_run,6a0d47e3-f472-4b63-a6f5-67c693a0adf9,exec_71qane
Rouen_and_Paris_1683,Rouen_and_Paris_1683,False,,Theoretical Mathematics,unknown,new_full_run,6a0d47e3-f472-4b63-a6f5-67c693a0adf9,exec_p0u0n6
Rouen_and_Paris_1685,Rouen_and_Paris_1685,False,,Theoretical Mathematics,primary,new_full_run,6a0d47e3-f472-4b63-a6f5-67c693a0adf9,exec_kf66vn
Seville_1576,Seville_1576,False,,Theoretical Mathematics,primary,new_full_run,6a0d47e3-f472-4b63-a6f5-67c693a0adf9,exec_ybujtm
Strasbourg_1564,Strasbourg_1564,False,,Theoretical Mathematics,primary,new_full_run,6a0d47e3-f472-4b63-a6f5-67c693a0adf9,exec_l1glwb
Strasbourg_1564a,Strasbourg_1564a,False,,Arithmetic,secondary,new_full_run,6a0d47e3-f472-4b63-a6f5-67c693a0adf9,exec_l4y9df
Strasbourg_1564a,Strasbourg_1564a,False,,Theoretical Mathematics,primary,new_full_run,6a0d47e3-f472-4b63-a6f5-67c693a0adf9,exec_l4y9df
Strasbourg_1566,Strasbourg_1566,False,,Theoretical Mathematics,secondary,new_full_run,6a0d47e3-f472-4b63-a6f5-67c693a0adf9,exec_b21oky
Strasbourg_1570,Strasbourg_1570,False,,Theoretical Mathematics,primary,new_full_run,6a0d47e3-f472-4b63-a6f5-67c693a0adf9,exec_r4b7r1
Strasbourg_1570a,Strasbourg_1570a,False,,Astronomy,primary,new_full_run,6a0d47e3-f472-4b63-a6f5-67c693a0adf9,exec_rpg84a
Strasbourg_1570a,Strasbourg_1570a,False,,Music Theory,primary,new_full_run,6a0d47e3-f472-4b63-a6f5-67c693a0adf9,exec_rpg84a
Strasbourg_1570a,Strasbourg_1570a,False,,Perspective,primary,new_full_run,6a0d47e3-f472-4b63-a6f5-67c693a0adf9,exec_rpg84a
Strasbourg_1571,Strasbourg_1571,False,,Theoretical Mathematics,primary,new_full_run,6a0d47e3-f472-4b63-a6f5-67c693a0adf9,exec_1nit3a
Strasbourg_1571a,Strasbourg_1571a,False,,Astronomy,secondary,new_full_run,6a0d47e3-f472-4b63-a6f5-67c693a0adf9,exec_rncwko
Strasbourg_1571a,Strasbourg_1571a,False,,Music Theory,secondary,new_full_run,6a0d47e3-f472-4b63-a6f5-67c693a0adf9,exec_rncwko
Strasbourg_1571a,Strasbourg_1571a,False,,Theoretical Mathematics,primary,new_full_run,6a0d47e3-f472-4b63-a6f5-67c693a0adf9,exec_rncwko
Strasbourg_1599,Strasbourg_1599,False,,Theoretical Mathematics,primary,new_full_run,6a0d47e3-f472-4b63-a6f5-67c693a0adf9,exec_vj1ctg
Urbino_1575,Urbino_1575,False,O56JUE,Theoretical Mathematics,primary,new_full_run,6a0d47e3-f472-4b63-a6f5-67c693a0adf9,exec_de8eo9
Utrecht_1647,Rotterdam_1647,True,PEFQCG,Practical Geometry,secondary,new_full_run,6a0d47e3-f472-4b63-a6f5-67c693a0adf9,exec_o7zp9y
Utrecht_n.d,Utrecht_n.d,False,,Arithmetic,primary,new_full_run,6a0d47e3-f472-4b63-a6f5-67c693a0adf9,exec_mrpjis
Utrecht_n.d,Utrecht_n.d,False,,Theoretical Mathematics,primary,new_full_run,6a0d47e3-f472-4b63-a6f5-67c693a0adf9,exec_mrpjis
Venice_1498a,Venice_1498a,False,,Astronomy,secondary,new_full_run,6a0d47e3-f472-4b63-a6f5-67c693a0adf9,exec_gsv11i
Venice_1498a,Venice_1498a,False,,Instrument Use,secondary,new_full_run,6a0d47e3-f472-4b63-a6f5-67c693a0adf9,exec_gsv11i
Venice_1498a,Venice_1498a,False,,Music Theory,secondary,new_full_run,6a0d47e3-f472-4b63-a6f5-67c693a0adf9,exec_gsv11i
Venice_1498a,Venice_1498a,False,,Theoretical Mathematics,primary,new_full_run,6a0d47e3-f472-4b63-a6f5-67c693a0adf9,exec_gsv11i
Venice_1505,Venice_1505,False,C3FKBW,Astronomy,secondary,new_full_run,6a0d47e3-f472-4b63-a6f5-67c693a0adf9,exec_b1o4j5
Venice_1505,Venice_1505,False,C3FKBW,Theoretical Mathematics,primary,new_full_run,6a0d47e3-f472-4b63-a6f5-67c693a0adf9,exec_b1o4j5
Venice_1510,Venice_1505,True,C3FKBW,Astronomy,secondary,new_full_run,6a0d47e3-f472-4b63-a6f5-67c693a0adf9,exec_b1o4j5
Venice_1510,Venice_1505,True,C3FKBW,Theoretical Mathematics,primary,new_full_run,6a0d47e3-f472-4b63-a6f5-67c693a0adf9,exec_b1o4j5
Venice_1543,Venice_1565,True,1E9FSI,Theoretical Mathematics,primary,new_full_run,6a0d47e3-f472-4b63-a6f5-67c693a0adf9,exec_ioyhcs
Venice_1565,Venice_1565,False,1E9FSI,Theoretical Mathematics,primary,new_full_run,6a0d47e3-f472-4b63-a6f5-67c693a0adf9,exec_ioyhcs
Venice_1569,Venice_1569,False,,Mechanics,secondary,new_full_run,6a0d47e3-f472-4b63-a6f5-67c693a0adf9,exec_7w9vdu
Venice_1575,Venice_1575,False,,Theoretical Mathematics,primary,new_full_run,6a0d47e3-f472-4b63-a6f5-67c693a0adf9,exec_huyjr5
Venice_1585,Venice_1565,True,1E9FSI,Theoretical Mathematics,primary,new_full_run,6a0d47e3-f472-4b63-a6f5-67c693a0adf9,exec_ioyhcs
Venice_1586,Venice_1565,True,1E9FSI,Theoretical Mathematics,primary,new_full_run,6a0d47e3-f472-4b63-a6f5-67c693a0adf9,exec_ioyhcs
Venice_1641,Venice_1641,False,,Theoretical Mathematics,primary,new_full_run,6a0d47e3-f472-4b63-a6f5-67c693a0adf9,exec_xv1vad
Vienna_1694,Vienna_1694,False,,Practical Geometry,primary,new_full_run,6a0d47e3-f472-4b63-a6f5-67c693a0adf9,exec_udlbtg
Vienna_1694,Vienna_1694,False,,Theoretical Mathematics,primary,new_full_run,6a0d47e3-f472-4b63-a6f5-67c693a0adf9,exec_udlbtg
Wittenberg_1564,Wittenberg_1564,False,,Arithmetic,primary,new_full_run,6a0d47e3-f472-4b63-a6f5-67c693a0adf9,exec_bfggoc
Wittenberg_1564,Wittenberg_1564,False,,Theoretical Mathematics,secondary,new_full_run,6a0d47e3-f472-4b63-a6f5-67c693a0adf9,exec_bfggoc
Wittenberg_1609,Wittenberg_1609,False,6E7B7F,Theoretical Mathematics,primary,new_full_run,6a0d47e3-f472-4b63-a6f5-67c693a0adf9,exec_ppy9qy
Wittenberg_1634,Wittenberg_1609,True,6E7B7F,Theoretical Mathematics,primary,new_full_run,6a0d47e3-f472-4b63-a6f5-67c693a0adf9,exec_ppy9qy
Wittenberg_1661,Wittenberg_1661,False,,Theoretical Mathematics,primary,new_full_run,6a0d47e3-f472-4b63-a6f5-67c693a0adf9,exec_26dfnp
Würzburg_1661,Würzburg_1661,False,,Mechanics,secondary,new_full_run,6a0d47e3-f472-4b63-a6f5-67c693a0adf9,exec_w039l2
Würzburg_1661,Würzburg_1661,False,,Theoretical Mathematics,unknown,new_full_run,6a0d47e3-f472-4b63-a6f5-67c693a0adf9,exec_w039l2
0CKY65,0CKY65,False,SD2Y3X,Arithmetic,primary,new_full_run,6a0d47e3-f472-4b63-a6f5-67c693a0adf9,exec_m3rp8u
0CKY65,0CKY65,False,SD2Y3X,Theoretical Mathematics,secondary,new_full_run,6a0d47e3-f472-4b63-a6f5-67c693a0adf9,exec_m3rp8u
0NKS71,0NKS71,False,,Gnomonics & Horology,primary,old_155_handoff,final_hybrid_v1_2026_06_03,final_hybrid_handoff
0NKS71,0NKS71,False,,Instrument Use,secondary,old_155_handoff,final_hybrid_v1_2026_06_03,final_hybrid_handoff
0NKS71,0NKS71,False,,Practical Geometry,secondary,old_155_handoff,final_hybrid_v1_2026_06_03,final_hybrid_handoff
10AUQ5,10AUQ5,False,,Perspective,primary,new_full_run,6a0d47e3-f472-4b63-a6f5-67c693a0adf9,exec_ao3uiz
136K7I,136K7I,False,,Theoretical Mathematics,primary,new_full_run,6a0d47e3-f472-4b63-a6f5-67c693a0adf9,exec_f95kcl
144JC3,144JC3,False,,Architecture,unknown,old_155_handoff,final_hybrid_v1_2026_06_03,final_hybrid_handoff
144JC3,144JC3,False,,Instrument Use,unknown,old_155_handoff,final_hybrid_v1_2026_06_03,final_hybrid_handoff
144JC3,144JC3,False,,Practical Geometry,secondary,old_155_handoff,final_hybrid_v1_2026_06_03,final_hybrid_handoff
144JC3,144JC3,False,,Theoretical Mathematics,primary,old_155_handoff,final_hybrid_v1_2026_06_03,final_hybrid_handoff
1496,1496,False,,Arithmetic,primary,old_155_handoff,final_hybrid_v1_2026_06_03,final_hybrid_handoff
1496,1496,False,,Music Theory,primary,old_155_handoff,final_hybrid_v1_2026_06_03,final_hybrid_handoff
1496,1496,False,,Theoretical Mathematics,secondary,old_155_handoff,final_hybrid_v1_2026_06_03,final_hybrid_handoff
1QQS64,RH6KEE,True,BJ5A61,Construction,secondary,new_full_run,6a0d47e3-f472-4b63-a6f5-67c693a0adf9,exec_e4er8c
1QQS64,RH6KEE,True,BJ5A61,Military Engineering,primary,new_full_run,6a0d47e3-f472-4b63-a6f5-67c693a0adf9,exec_e4er8c
22INUJ,22INUJ,False,,Perspective,primary,new_full_run,6a0d47e3-f472-4b63-a6f5-67c693a0adf9,exec_3ql58t
2BRI1Z,2BRI1Z,False,,Architecture,unknown,old_155_handoff,final_hybrid_v1_2026_06_03,final_hybrid_handoff
2BRI1Z,2BRI1Z,False,,Practical Geometry,unknown,old_155_handoff,final_hybrid_v1_2026_06_03,final_hybrid_handoff
2I9HSY,2I9HSY,False,,Architecture,unknown,old_155_handoff,final_hybrid_v1_2026_06_03,final_hybrid_handoff
2I9HSY,2I9HSY,False,,Perspective,primary,old_155_handoff,final_hybrid_v1_2026_06_03,final_hybrid_handoff
2I9HSY,2I9HSY,False,,Practical Geometry,unknown,old_155_handoff,final_hybrid_v1_2026_06_03,final_hybrid_handoff
2L8L55,2L8L55,False,,Theoretical Mathematics,primary,new_full_run,6a0d47e3-f472-4b63-a6f5-67c693a0adf9,exec_q8y6w8
35H84Y,35H84Y,False,,Mechanics,primary,new_full_run,6a0d47e3-f472-4b63-a6f5-67c693a0adf9,exec_pnsuhz
35H84Y,35H84Y,False,,Practical Geometry,secondary,new_full_run,6a0d47e3-f472-4b63-a6f5-67c693a0adf9,exec_pnsuhz
35H84Y,35H84Y,False,,Theoretical Mathematics,unknown,new_full_run,6a0d47e3-f472-4b63-a6f5-67c693a0adf9,exec_pnsuhz
3WRC2Y,3WRC2Y,False,,Perspective,primary,new_full_run,6a0d47e3-f472-4b63-a6f5-67c693a0adf9,exec_udti8s
3WV6N7,3WV6N7,False,,Perspective,primary,new_full_run,6a0d47e3-f472-4b63-a6f5-67c693a0adf9,exec_0n3mjb
4C287U,4C287U,False,,Astronomy,unknown,new_full_run,6a0d47e3-f472-4b63-a6f5-67c693a0adf9,exec_zwu0zw
4C287U,4C287U,False,,Theoretical Mathematics,secondary,new_full_run,6a0d47e3-f472-4b63-a6f5-67c693a0adf9,exec_zwu0zw
4C287U,4C287U,False,,Trigonometry,primary,new_full_run,6a0d47e3-f472-4b63-a6f5-67c693a0adf9,exec_zwu0zw
4TJF1A,E7J0Y4,True,IUOBOR,Arithmetic,primary,new_full_run,6a0d47e3-f472-4b63-a6f5-67c693a0adf9,exec_1uvx7q
56DVN2,Halle_1758,True,31E054,Theoretical Mathematics,primary,new_full_run,6a0d47e3-f472-4b63-a6f5-67c693a0adf9,exec_2zftfh
5J1UUA,5J1UUA,False,,Arithmetic,primary,old_155_handoff,final_hybrid_v1_2026_06_03,final_hybrid_handoff
5KCP5R,5KCP5R,False,,Architecture,primary,old_155_handoff,final_hybrid_v1_2026_06_03,final_hybrid_handoff
5KCP5R,5KCP5R,False,,Instrument Use,unknown,old_155_handoff,final_hybrid_v1_2026_06_03,final_hybrid_handoff
5KCP5R,5KCP5R,False,,Perspective,primary,old_155_handoff,final_hybrid_v1_2026_06_03,final_hybrid_handoff
5KCP5R,5KCP5R,False,,Practical Geometry,secondary,old_155_handoff,final_hybrid_v1_2026_06_03,final_hybrid_handoff
5V691B,5V691B,False,,Theoretical Mathematics,secondary,old_155_handoff,final_hybrid_v1_2026_06_03,final_hybrid_handoff
5YK5ZF,5YK5ZF,False,,Astronomy,secondary,new_full_run,6a0d47e3-f472-4b63-a6f5-67c693a0adf9,exec_wpz566
5YK5ZF,5YK5ZF,False,,Gnomonics & Horology,primary,new_full_run,6a0d47e3-f472-4b63-a6f5-67c693a0adf9,exec_wpz566
5YK5ZF,5YK5ZF,False,,Instrument Construction,secondary,new_full_run,6a0d47e3-f472-4b63-a6f5-67c693a0adf9,exec_wpz566
5YK5ZF,5YK5ZF,False,,Instrument Use,secondary,new_full_run,6a0d47e3-f472-4b63-a6f5-67c693a0adf9,exec_wpz566
5YK5ZF,5YK5ZF,False,,Perspective,primary,new_full_run,6a0d47e3-f472-4b63-a6f5-67c693a0adf9,exec_wpz566
5YK5ZF,5YK5ZF,False,,Practical Geometry,primary,new_full_run,6a0d47e3-f472-4b63-a6f5-67c693a0adf9,exec_wpz566
5YK5ZF,5YK5ZF,False,,Theoretical Mathematics,unknown,new_full_run,6a0d47e3-f472-4b63-a6f5-67c693a0adf9,exec_wpz566
5ZF83O,5ZF83O,False,,Theoretical Mathematics,unknown,new_full_run,6a0d47e3-f472-4b63-a6f5-67c693a0adf9,exec_0adylb
5ZF83O,5ZF83O,False,,Trigonometry,primary,new_full_run,6a0d47e3-f472-4b63-a6f5-67c693a0adf9,exec_0adylb
612FNN,612FNN,False,,Perspective,primary,old_155_handoff,final_hybrid_v1_2026_06_03,final_hybrid_handoff
612FNN,612FNN,False,,Practical Geometry,unknown,old_155_handoff,final_hybrid_v1_2026_06_03,final_hybrid_handoff
66HH5T,66HH5T,False,,Instrument Use,primary,new_full_run,6a0d47e3-f472-4b63-a6f5-67c693a0adf9,exec_4kowqx
66HH5T,66HH5T,False,,Perspective,primary,new_full_run,6a0d47e3-f472-4b63-a6f5-67c693a0adf9,exec_4kowqx
6AMYTJ,6AMYTJ,False,T5RNN2,Arithmetic,primary,old_155_handoff,final_hybrid_v1_2026_06_03,final_hybrid_handoff
6AMYTJ,6AMYTJ,False,T5RNN2,Theoretical Mathematics,secondary,old_155_handoff,final_hybrid_v1_2026_06_03,final_hybrid_handoff
6MOFBH,6MOFBH,False,,Arithmetic,unknown,new_full_run,6a0d47e3-f472-4b63-a6f5-67c693a0adf9,exec_2jgpum
6MOFBH,6MOFBH,False,,Perspective,primary,new_full_run,6a0d47e3-f472-4b63-a6f5-67c693a0adf9,exec_2jgpum
6PMNRZ,6PMNRZ,False,,Arithmetic,primary,old_155_handoff,final_hybrid_v1_2026_06_03,final_hybrid_handoff
6PMNRZ,6PMNRZ,False,,Commercial Mathematics,primary,old_155_handoff,final_hybrid_v1_2026_06_03,final_hybrid_handoff
6X6R6Y,6X6R6Y,False,,Architecture,primary,old_155_handoff,final_hybrid_v1_2026_06_03,final_hybrid_handoff
6X6R6Y,6X6R6Y,False,,Construction,primary,old_155_handoff,final_hybrid_v1_2026_06_03,final_hybrid_handoff
6X6R6Y,6X6R6Y,False,,Instrument Use,secondary,old_155_handoff,final_hybrid_v1_2026_06_03,final_hybrid_handoff
6X6R6Y,6X6R6Y,False,,Military Engineering,secondary,old_155_handoff,final_hybrid_v1_2026_06_03,final_hybrid_handoff
6X6R6Y,6X6R6Y,False,,Perspective,primary,old_155_handoff,final_hybrid_v1_2026_06_03,final_hybrid_handoff
6X6R6Y,6X6R6Y,False,,Practical Geometry,primary,old_155_handoff,final_hybrid_v1_2026_06_03,final_hybrid_handoff
6XTAVU,6XTAVU,False,,Practical Geometry,primary,new_full_run,6a0d47e3-f472-4b63-a6f5-67c693a0adf9,exec_6yzmwd
6XTAVU,6XTAVU,False,,Theoretical Mathematics,primary,new_full_run,6a0d47e3-f472-4b63-a6f5-67c693a0adf9,exec_6yzmwd
77RUJE,77RUJE,False,,Perspective,primary,new_full_run,6a0d47e3-f472-4b63-a6f5-67c693a0adf9,exec_r4q399
7UMG6X,bib-155,True,5BXTFG,Architecture,unknown,old_155_handoff,final_hybrid_v1_2026_06_03,final_hybrid_handoff
7UMG6X,bib-155,True,5BXTFG,Instrument Use,unknown,old_155_handoff,final_hybrid_v1_2026_06_03,final_hybrid_handoff
7UMG6X,bib-155,True,5BXTFG,Practical Geometry,unknown,old_155_handoff,final_hybrid_v1_2026_06_03,final_hybrid_handoff
7Y5IWJ,ZNLALU,True,KNYEAK,Arithmetic,primary,new_full_run,6a0d47e3-f472-4b63-a6f5-67c693a0adf9,exec_5qcrd1
8DP4C1,8DP4C1,False,,Practical Geometry,primary,new_full_run,6a0d47e3-f472-4b63-a6f5-67c693a0adf9,exec_h076q4
93LJS8,93LJS8,False,,Perspective,primary,new_full_run,6a0d47e3-f472-4b63-a6f5-67c693a0adf9,exec_2shkk9
93PZQ5,93PZQ5,False,,Perspective,primary,old_155_handoff,final_hybrid_v1_2026_06_03,final_hybrid_handoff
99CARP,99CARP,False,,Architecture,secondary,new_full_run,6a0d47e3-f472-4b63-a6f5-67c693a0adf9,exec_be65hx
99CARP,99CARP,False,,Instrument Use,unknown,new_full_run,6a0d47e3-f472-4b63-a6f5-67c693a0adf9,exec_be65hx
99CARP,99CARP,False,,Perspective,primary,new_full_run,6a0d47e3-f472-4b63-a6f5-67c693a0adf9,exec_be65hx
99CARP,99CARP,False,,Practical Geometry,secondary,new_full_run,6a0d47e3-f472-4b63-a6f5-67c693a0adf9,exec_be65hx
99CARP,99CARP,False,,Trigonometry,unknown,new_full_run,6a0d47e3-f472-4b63-a6f5-67c693a0adf9,exec_be65hx
9D1KT8,9D1KT8,False,,Arithmetic,primary,new_full_run,6a0d47e3-f472-4b63-a6f5-67c693a0adf9,exec_y77qj9
9D1KT8,9D1KT8,False,,Practical Geometry,primary,new_full_run,6a0d47e3-f472-4b63-a6f5-67c693a0adf9,exec_y77qj9
9TXK4F,9TXK4F,False,,Perspective,primary,new_full_run,6a0d47e3-f472-4b63-a6f5-67c693a0adf9,exec_j2bld8
ABSZLW,ABSZLW,False,,Instrument Construction,unknown,new_full_run,6a0d47e3-f472-4b63-a6f5-67c693a0adf9,exec_e7gr40
ABSZLW,ABSZLW,False,,Instrument Use,unknown,new_full_run,6a0d47e3-f472-4b63-a6f5-67c693a0adf9,exec_e7gr40
ABSZLW,ABSZLW,False,,Perspective,primary,new_full_run,6a0d47e3-f472-4b63-a6f5-67c693a0adf9,exec_e7gr40
ABSZLW,ABSZLW,False,,Practical Geometry,unknown,new_full_run,6a0d47e3-f472-4b63-a6f5-67c693a0adf9,exec_e7gr40
AVXGNJ,AVXGNJ,False,,Construction,primary,new_full_run,6a0d47e3-f472-4b63-a6f5-67c693a0adf9,exec_qq3ico
AVXGNJ,AVXGNJ,False,,Instrument Use,secondary,new_full_run,6a0d47e3-f472-4b63-a6f5-67c693a0adf9,exec_qq3ico
AVXGNJ,AVXGNJ,False,,Military Engineering,primary,new_full_run,6a0d47e3-f472-4b63-a6f5-67c693a0adf9,exec_qq3ico
AWKSO4,AWKSO4,False,,Architecture,secondary,new_full_run,6a0d47e3-f472-4b63-a6f5-67c693a0adf9,exec_m50ede
AWKSO4,AWKSO4,False,,Perspective,primary,new_full_run,6a0d47e3-f472-4b63-a6f5-67c693a0adf9,exec_m50ede
Amsterdam_1652,Amsterdam_1652,False,,Music Theory,primary,new_full_run,6a0d47e3-f472-4b63-a6f5-67c693a0adf9,exec_lls91x
Amsterdam_1652,Amsterdam_1652,False,,Theoretical Mathematics,secondary,new_full_run,6a0d47e3-f472-4b63-a6f5-67c693a0adf9,exec_lls91x
Amsterdam_1660a,Amsterdam_1660a,False,,Theoretical Mathematics,primary,new_full_run,6a0d47e3-f472-4b63-a6f5-67c693a0adf9,exec_yvgo5f
Amsterdam_1672,Amsterdam_1672,False,,Gnomonics & Horology,secondary,new_full_run,6a0d47e3-f472-4b63-a6f5-67c693a0adf9,exec_34zlx1
Amsterdam_1672,Amsterdam_1672,False,,Instrument Use,primary,new_full_run,6a0d47e3-f472-4b63-a6f5-67c693a0adf9,exec_34zlx1
Amsterdam_1672,Amsterdam_1672,False,,Perspective,secondary,new_full_run,6a0d47e3-f472-4b63-a6f5-67c693a0adf9,exec_34zlx1
Amsterdam_1672,Amsterdam_1672,False,,Practical Geometry,primary,new_full_run,6a0d47e3-f472-4b63-a6f5-67c693a0adf9,exec_34zlx1
Amsterdam_1701,Amsterdam_1701,False,,Practical Geometry,primary,new_full_run,6a0d47e3-f472-4b63-a6f5-67c693a0adf9,exec_vkwqfs
Amsterdam_1701,Amsterdam_1701,False,,Theoretical Mathematics,primary,new_full_run,6a0d47e3-f472-4b63-a6f5-67c693a0adf9,exec_vkwqfs
Amsterdam_1701b,Amsterdam_1701b,False,,Theoretical Mathematics,primary,new_full_run,6a0d47e3-f472-4b63-a6f5-67c693a0adf9,exec_akvm3r
Amsterdam_1702,Amsterdam_1702,False,,Theoretical Mathematics,primary,new_full_run,6a0d47e3-f472-4b63-a6f5-67c693a0adf9,exec_a7qzoe
Antwerp_1665,Antwerp_1665,False,,Mechanics,unknown,new_full_run,6a0d47e3-f472-4b63-a6f5-67c693a0adf9,exec_ievcnd
Antwerp_1665,Antwerp_1665,False,,Theoretical Mathematics,primary,new_full_run,6a0d47e3-f472-4b63-a6f5-67c693a0adf9,exec_ievcnd
Arnhem_1620,Arnhem_1620,False,,Theoretical Mathematics,primary,new_full_run,6a0d47e3-f472-4b63-a6f5-67c693a0adf9,exec_ds5jg4
B80KIT,B80KIT,False,,Practical Geometry,primary,new_full_run,6a0d47e3-f472-4b63-a6f5-67c693a0adf9,exec_6q0av3
B9OW5O,B9OW5O,False,,Architecture,secondary,old_155_handoff,final_hybrid_v1_2026_06_03,final_hybrid_handoff
B9OW5O,B9OW5O,False,,Perspective,primary,old_155_handoff,final_hybrid_v1_2026_06_03,final_hybrid_handoff
B9OW5O,B9OW5O,False,,Practical Geometry,primary,old_155_handoff,final_hybrid_v1_2026_06_03,final_hybrid_handoff
BCYM68,BCYM68,False,,Instrument Use,secondary,new_full_run,6a0d47e3-f472-4b63-a6f5-67c693a0adf9,exec_igarrw
BCYM68,BCYM68,False,,Perspective,primary,new_full_run,6a0d47e3-f472-4b63-a6f5-67c693a0adf9,exec_igarrw
BCYM68,BCYM68,False,,Practical Geometry,secondary,new_full_run,6a0d47e3-f472-4b63-a6f5-67c693a0adf9,exec_igarrw
BFI81M,BFI81M,False,,Architecture,primary,new_full_run,6a0d47e3-f472-4b63-a6f5-67c693a0adf9,exec_ocq90j
BFI81M,BFI81M,False,,Astronomy,unknown,new_full_run,6a0d47e3-f472-4b63-a6f5-67c693a0adf9,exec_ocq90j
BFI81M,BFI81M,False,,Construction,secondary,new_full_run,6a0d47e3-f472-4b63-a6f5-67c693a0adf9,exec_ocq90j
BFI81M,BFI81M,False,,Perspective,secondary,new_full_run,6a0d47e3-f472-4b63-a6f5-67c693a0adf9,exec_ocq90j
BFI81M,BFI81M,False,,Practical Geometry,unknown,new_full_run,6a0d47e3-f472-4b63-a6f5-67c693a0adf9,exec_ocq90j
BFI81M,BFI81M,False,,Theoretical Mathematics,unknown,new_full_run,6a0d47e3-f472-4b63-a6f5-67c693a0adf9,exec_ocq90j
BKH4JK,BKH4JK,False,,Theoretical Mathematics,primary,new_full_run,6a0d47e3-f472-4b63-a6f5-67c693a0adf9,exec_alazk7
BQ96WF,BQ96WF,False,,Arithmetic,primary,new_full_run,6a0d47e3-f472-4b63-a6f5-67c693a0adf9,exec_y31hhp
BQ96WF,BQ96WF,False,,Perspective,primary,new_full_run,6a0d47e3-f472-4b63-a6f5-67c693a0adf9,exec_y31hhp
BQ96WF,BQ96WF,False,,Theoretical Mathematics,primary,new_full_run,6a0d47e3-f472-4b63-a6f5-67c693a0adf9,exec_y31hhp
BQ96WF,BQ96WF,False,,Trigonometry,primary,new_full_run,6a0d47e3-f472-4b63-a6f5-67c693a0adf9,exec_y31hhp
Barcelona_1698,Barcelona_1698,False,,Theoretical Mathematics,primary,new_full_run,6a0d47e3-f472-4b63-a6f5-67c693a0adf9,exec_aqaclz
Basel_1546a,Basel_1546a,False,,Arithmetic,primary,new_full_run,6a0d47e3-f472-4b63-a6f5-67c693a0adf9,exec_x4xxyx
Basel_1546a,Basel_1546a,False,,Music Theory,primary,new_full_run,6a0d47e3-f472-4b63-a6f5-67c693a0adf9,exec_x4xxyx
Basel_1546b,Basel_1546b,False,,Astronomy,unknown,new_full_run,6a0d47e3-f472-4b63-a6f5-67c693a0adf9,exec_oy55lw
Basel_1546b,Basel_1546b,False,,Cartography,unknown,new_full_run,6a0d47e3-f472-4b63-a6f5-67c693a0adf9,exec_oy55lw
Basel_1546b,Basel_1546b,False,,Cosmography,unknown,new_full_run,6a0d47e3-f472-4b63-a6f5-67c693a0adf9,exec_oy55lw
Basel_1546b,Basel_1546b,False,,Geography,unknown,new_full_run,6a0d47e3-f472-4b63-a6f5-67c693a0adf9,exec_oy55lw
Basel_1546b,Basel_1546b,False,,Mechanics,unknown,new_full_run,6a0d47e3-f472-4b63-a6f5-67c693a0adf9,exec_oy55lw
Basel_1546b,Basel_1546b,False,,Theoretical Mathematics,primary,new_full_run,6a0d47e3-f472-4b63-a6f5-67c693a0adf9,exec_oy55lw
Basel_1570,Basel_1570,False,,Arithmetic,primary,new_full_run,6a0d47e3-f472-4b63-a6f5-67c693a0adf9,exec_uu669l
Basel_1570,Basel_1570,False,,Music Theory,primary,new_full_run,6a0d47e3-f472-4b63-a6f5-67c693a0adf9,exec_uu669l
Basel_1570,Basel_1570,False,,Practical Geometry,unknown,new_full_run,6a0d47e3-f472-4b63-a6f5-67c693a0adf9,exec_uu669l
Basel_1570,Basel_1570,False,,Theoretical Mathematics,primary,new_full_run,6a0d47e3-f472-4b63-a6f5-67c693a0adf9,exec_uu669l
Beaulieu-1,Beaulieu-1,False,,Architecture,secondary,new_full_run,6a0d47e3-f472-4b63-a6f5-67c693a0adf9,exec_09qy5k
Beaulieu-1,Beaulieu-1,False,,Arithmetic,secondary,new_full_run,6a0d47e3-f472-4b63-a6f5-67c693a0adf9,exec_09qy5k
Beaulieu-1,Beaulieu-1,False,,Construction,secondary,new_full_run,6a0d47e3-f472-4b63-a6f5-67c693a0adf9,exec_09qy5k
Beaulieu-1,Beaulieu-1,False,,Military Engineering,primary,new_full_run,6a0d47e3-f472-4b63-a6f5-67c693a0adf9,exec_09qy5k
Beaulieu-1,Beaulieu-1,False,,Practical Geometry,primary,new_full_run,6a0d47e3-f472-4b63-a6f5-67c693a0adf9,exec_09qy5k
Beaulieu-1,Beaulieu-1,False,,Surveying,primary,new_full_run,6a0d47e3-f472-4b63-a6f5-67c693a0adf9,exec_09qy5k
Beaulieu-1,Beaulieu-1,False,,Theoretical Mathematics,secondary,new_full_run,6a0d47e3-f472-4b63-a6f5-67c693a0adf9,exec_09qy5k
Beijing_1629,Beijing_1629,False,,Astronomy,unknown,new_full_run,6a0d47e3-f472-4b63-a6f5-67c693a0adf9,exec_31d6mr
Beijing_1629,Beijing_1629,False,,Theoretical Mathematics,primary,new_full_run,6a0d47e3-f472-4b63-a6f5-67c693a0adf9,exec_31d6mr
Berlin_1824,Berlin_1824,False,,Theoretical Mathematics,unknown,new_full_run,6a0d47e3-f472-4b63-a6f5-67c693a0adf9,exec_f5a3ei
Bologna_1620,Bologna_1620,False,,Arithmetic,secondary,new_full_run,6a0d47e3-f472-4b63-a6f5-67c693a0adf9,exec_e6811f
Bologna_1620,Bologna_1620,False,,Astronomy,secondary,new_full_run,6a0d47e3-f472-4b63-a6f5-67c693a0adf9,exec_e6811f
Bologna_1620,Bologna_1620,False,,Mechanics,secondary,new_full_run,6a0d47e3-f472-4b63-a6f5-67c693a0adf9,exec_e6811f
Bologna_1620,Bologna_1620,False,,Practical Geometry,primary,new_full_run,6a0d47e3-f472-4b63-a6f5-67c693a0adf9,exec_e6811f
Bologna_1629a,Bologna_1629a,False,,Practical Geometry,unknown,new_full_run,6a0d47e3-f472-4b63-a6f5-67c693a0adf9,exec_gzf84z
Bologna_1629a,Bologna_1629a,False,,Theoretical Mathematics,unknown,new_full_run,6a0d47e3-f472-4b63-a6f5-67c693a0adf9,exec_gzf84z
Bologna_1663,Bologna_1663,False,,Theoretical Mathematics,primary,new_full_run,6a0d47e3-f472-4b63-a6f5-67c693a0adf9,exec_gro712
Brussels_1701,Brussels_1701,False,,Theoretical Mathematics,primary,new_full_run,6a0d47e3-f472-4b63-a6f5-67c693a0adf9,exec_51rlfb
C8SLYQ,C8SLYQ,False,24A2B4,Architecture,secondary,old_155_handoff,final_hybrid_v1_2026_06_03,final_hybrid_handoff
C8SLYQ,C8SLYQ,False,24A2B4,Perspective,primary,old_155_handoff,final_hybrid_v1_2026_06_03,final_hybrid_handoff
C8SLYQ,C8SLYQ,False,24A2B4,Practical Geometry,primary,old_155_handoff,final_hybrid_v1_2026_06_03,final_hybrid_handoff
CCS7QJ,HFRLRC,True,298FCC,Perspective,primary,new_full_run,6a0d47e3-f472-4b63-a6f5-67c693a0adf9,exec_8tehgh
CG8KPH,CG8KPH,False,,Architecture,secondary,new_full_run,6a0d47e3-f472-4b63-a6f5-67c693a0adf9,exec_xsxpni
CG8KPH,CG8KPH,False,,Instrument Use,secondary,new_full_run,6a0d47e3-f472-4b63-a6f5-67c693a0adf9,exec_xsxpni
CG8KPH,CG8KPH,False,,Perspective,primary,new_full_run,6a0d47e3-f472-4b63-a6f5-67c693a0adf9,exec_xsxpni
CG8KPH,CG8KPH,False,,Practical Geometry,secondary,new_full_run,6a0d47e3-f472-4b63-a6f5-67c693a0adf9,exec_xsxpni
CYFAY3,CYFAY3,False,,Perspective,secondary,new_full_run,6a0d47e3-f472-4b63-a6f5-67c693a0adf9,exec_4bd043
Cambridge_1657,Cambridge_1657,False,,Theoretical Mathematics,primary,new_full_run,6a0d47e3-f472-4b63-a6f5-67c693a0adf9,exec_0cu7li
Cambridge_1703,Cambridge_1703,False,,Practical Geometry,unknown,new_full_run,6a0d47e3-f472-4b63-a6f5-67c693a0adf9,exec_nm8t6f
Cologne_1607a,Cologne_1607a,False,,Music Theory,unknown,new_full_run,6a0d47e3-f472-4b63-a6f5-67c693a0adf9,exec_uxks7o
Cologne_1607a,Cologne_1607a,False,,Theoretical Mathematics,primary,new_full_run,6a0d47e3-f472-4b63-a6f5-67c693a0adf9,exec_uxks7o
D7OWCD,ZNLALU,True,KNYEAK,Arithmetic,primary,new_full_run,6a0d47e3-f472-4b63-a6f5-67c693a0adf9,exec_5qcrd1
DA54XK,DA54XK,False,,Perspective,primary,new_full_run,6a0d47e3-f472-4b63-a6f5-67c693a0adf9,exec_sqh95n
DDUZGF,DDUZGF,False,,Arithmetic,primary,old_155_handoff,final_hybrid_v1_2026_06_03,final_hybrid_handoff
DMOHT7,DMOHT7,False,,Perspective,primary,new_full_run,6a0d47e3-f472-4b63-a6f5-67c693a0adf9,exec_p9lqjq
DN10G5,C8SLYQ,True,24A2B4,Architecture,secondary,old_155_handoff,final_hybrid_v1_2026_06_03,final_hybrid_handoff
DN10G5,C8SLYQ,True,24A2B4,Perspective,primary,old_155_handoff,final_hybrid_v1_2026_06_03,final_hybrid_handoff
DN10G5,C8SLYQ,True,24A2B4,Practical Geometry,primary,old_155_handoff,final_hybrid_v1_2026_06_03,final_hybrid_handoff
E4JQEB,E4JQEB,False,,Arithmetic,primary,old_155_handoff,final_hybrid_v1_2026_06_03,final_hybrid_handoff
E7J0Y4,E7J0Y4,False,IUOBOR,Arithmetic,primary,new_full_run,6a0d47e3-f472-4b63-a6f5-67c693a0adf9,exec_1uvx7q
E8K2CK,E8K2CK,False,,Theoretical Mathematics,primary,new_full_run,6a0d47e3-f472-4b63-a6f5-67c693a0adf9,exec_17m7as
EFXRG3,EFXRG3,False,41B7F3,Instrument Use,secondary,new_full_run,6a0d47e3-f472-4b63-a6f5-67c693a0adf9,exec_8ceayh
EFXRG3,EFXRG3,False,41B7F3,Perspective,primary,new_full_run,6a0d47e3-f472-4b63-a6f5-67c693a0adf9,exec_8ceayh
EJGRZN,EJGRZN,False,,Theoretical Mathematics,primary,new_full_run,6a0d47e3-f472-4b63-a6f5-67c693a0adf9,exec_74tz6v
EN496R,EN496R,False,,Architecture,primary,new_full_run,6a0d47e3-f472-4b63-a6f5-67c693a0adf9,exec_xlgf71
EN496R,EN496R,False,,Perspective,secondary,new_full_run,6a0d47e3-f472-4b63-a6f5-67c693a0adf9,exec_xlgf71
EW54CX,EW54CX,False,,Perspective,primary,new_full_run,6a0d47e3-f472-4b63-a6f5-67c693a0adf9,exec_l9cy8a
EW54CX,EW54CX,False,,Practical Geometry,unknown,new_full_run,6a0d47e3-f472-4b63-a6f5-67c693a0adf9,exec_l9cy8a
EW54CX,EW54CX,False,,Theoretical Mathematics,unknown,new_full_run,6a0d47e3-f472-4b63-a6f5-67c693a0adf9,exec_l9cy8a
Edinburgh_1795,Edinburgh_1795,False,,Theoretical Mathematics,primary,new_full_run,6a0d47e3-f472-4b63-a6f5-67c693a0adf9,exec_576spe
Edinburgh_1795,Edinburgh_1795,False,,Trigonometry,primary,new_full_run,6a0d47e3-f472-4b63-a6f5-67c693a0adf9,exec_576spe
F2WVY3,Oxford_1705,True,TLOW8P,Theoretical Mathematics,primary,new_full_run,6a0d47e3-f472-4b63-a6f5-67c693a0adf9,exec_k6ot83
FA6MQ0,FA6MQ0,False,,Instrument Use,primary,new_full_run,6a0d47e3-f472-4b63-a6f5-67c693a0adf9,exec_0ncucn
FA6MQ0,FA6MQ0,False,,Practical Geometry,primary,new_full_run,6a0d47e3-f472-4b63-a6f5-67c693a0adf9,exec_0ncucn
Ferrara_1587,Ferrara_1587,False,,Architecture,unknown,old_155_handoff,final_hybrid_v1_2026_06_03,final_hybrid_handoff
Ferrara_1587,Ferrara_1587,False,,Practical Geometry,unknown,old_155_handoff,final_hybrid_v1_2026_06_03,final_hybrid_handoff
Ferrara_1587,Ferrara_1587,False,,Theoretical Mathematics,primary,old_155_handoff,final_hybrid_v1_2026_06_03,final_hybrid_handoff
Florence_1573,Florence_1573,False,,Perspective,primary,new_full_run,6a0d47e3-f472-4b63-a6f5-67c693a0adf9,exec_ns8w9r
Florence_1674,Florence_1674,False,,Theoretical Mathematics,primary,new_full_run,6a0d47e3-f472-4b63-a6f5-67c693a0adf9,exec_grr91r
Frankfurt_1506,Frankfurt_1506,False,,Commercial Mathematics,unknown,new_full_run,6a0d47e3-f472-4b63-a6f5-67c693a0adf9,exec_q7nybq
G2T7OK,G2T7OK,False,,Perspective,primary,new_full_run,6a0d47e3-f472-4b63-a6f5-67c693a0adf9,exec_zny8t9
G5IUDY,G5IUDY,False,,Arithmetic,secondary,new_full_run,6a0d47e3-f472-4b63-a6f5-67c693a0adf9,exec_azvi1c
G5IUDY,G5IUDY,False,,Perspective,primary,new_full_run,6a0d47e3-f472-4b63-a6f5-67c693a0adf9,exec_azvi1c
GD0NV0,GD0NV0,False,,Instrument Use,primary,new_full_run,6a0d47e3-f472-4b63-a6f5-67c693a0adf9,exec_2c5c3i
GD0NV0,GD0NV0,False,,Mechanics,secondary,new_full_run,6a0d47e3-f472-4b63-a6f5-67c693a0adf9,exec_2c5c3i
GD0NV0,GD0NV0,False,,Perspective,primary,new_full_run,6a0d47e3-f472-4b63-a6f5-67c693a0adf9,exec_2c5c3i
GD0NV0,GD0NV0,False,,Practical Geometry,primary,new_full_run,6a0d47e3-f472-4b63-a6f5-67c693a0adf9,exec_2c5c3i
GDC2CP,GDC2CP,False,,Theoretical Mathematics,primary,new_full_run,6a0d47e3-f472-4b63-a6f5-67c693a0adf9,exec_y7w2rs
GDIHEX,GDIHEX,False,,Construction,primary,new_full_run,6a0d47e3-f472-4b63-a6f5-67c693a0adf9,exec_hganat
GDIHEX,GDIHEX,False,,Mechanics,primary,new_full_run,6a0d47e3-f472-4b63-a6f5-67c693a0adf9,exec_hganat
GDIHEX,GDIHEX,False,,Perspective,primary,new_full_run,6a0d47e3-f472-4b63-a6f5-67c693a0adf9,exec_hganat
GGD02E,GGD02E,False,7918A9,Architecture,unknown,old_155_handoff,final_hybrid_v1_2026_06_03,final_hybrid_handoff
GGD02E,GGD02E,False,7918A9,Instrument Use,unknown,old_155_handoff,final_hybrid_v1_2026_06_03,final_hybrid_handoff
GGD02E,GGD02E,False,7918A9,Perspective,primary,old_155_handoff,final_hybrid_v1_2026_06_03,final_hybrid_handoff
GGD02E,GGD02E,False,7918A9,Practical Geometry,unknown,old_155_handoff,final_hybrid_v1_2026_06_03,final_hybrid_handoff
GY5QLD,GY5QLD,False,,Astronomy,primary,new_full_run,6a0d47e3-f472-4b63-a6f5-67c693a0adf9,exec_0etbvf
GY5QLD,GY5QLD,False,,Theoretical Mathematics,primary,new_full_run,6a0d47e3-f472-4b63-a6f5-67c693a0adf9,exec_0etbvf
Glasgow_1756,Glasgow_1756,False,,Theoretical Mathematics,primary,new_full_run,6a0d47e3-f472-4b63-a6f5-67c693a0adf9,exec_5zqns3
HFRLRC,HFRLRC,False,298FCC,Perspective,primary,new_full_run,6a0d47e3-f472-4b63-a6f5-67c693a0adf9,exec_8tehgh
Halle_1758,Halle_1758,False,31E054,Theoretical Mathematics,primary,new_full_run,6a0d47e3-f472-4b63-a6f5-67c693a0adf9,exec_2zftfh
Hardy-1,Hardy-1,False,,Theoretical Mathematics,primary,new_full_run,6a0d47e3-f472-4b63-a6f5-67c693a0adf9,exec_0rfpjl
Hardy-2,Hardy-2,False,,Theoretical Mathematics,primary,new_full_run,6a0d47e3-f472-4b63-a6f5-67c693a0adf9,exec_v2uxd9
Hardy-4,Hardy-4,False,,Theoretical Mathematics,primary,new_full_run,6a0d47e3-f472-4b63-a6f5-67c693a0adf9,exec_zulqk2
Hardy-4,Hardy-4,False,,Trigonometry,unknown,new_full_run,6a0d47e3-f472-4b63-a6f5-67c693a0adf9,exec_zulqk2
Hardy-5,Hardy-5,False,,Theoretical Mathematics,primary,new_full_run,6a0d47e3-f472-4b63-a6f5-67c693a0adf9,exec_wdu2rx
Hardy-6,Hardy-6,False,,Theoretical Mathematics,primary,new_full_run,6a0d47e3-f472-4b63-a6f5-67c693a0adf9,exec_tl299c
I9PE2Y,I9PE2Y,False,,Astronomy,primary,new_full_run,6a0d47e3-f472-4b63-a6f5-67c693a0adf9,exec_zcole6
IC4Y79,IC4Y79,False,,Architecture,secondary,new_full_run,6a0d47e3-f472-4b63-a6f5-67c693a0adf9,exec_loo6qa
IC4Y79,IC4Y79,False,,Arithmetic,primary,new_full_run,6a0d47e3-f472-4b63-a6f5-67c693a0adf9,exec_loo6qa
IC4Y79,IC4Y79,False,,Instrument Construction,secondary,new_full_run,6a0d47e3-f472-4b63-a6f5-67c693a0adf9,exec_loo6qa
IC4Y79,IC4Y79,False,,Instrument Use,secondary,new_full_run,6a0d47e3-f472-4b63-a6f5-67c693a0adf9,exec_loo6qa
IC4Y79,IC4Y79,False,,Theoretical Mathematics,primary,new_full_run,6a0d47e3-f472-4b63-a6f5-67c693a0adf9,exec_loo6qa
JT4H92,JT4H92,False,,Architecture,primary,new_full_run,6a0d47e3-f472-4b63-a6f5-67c693a0adf9,exec_ha566q
JT4H92,JT4H92,False,,Practical Geometry,unknown,new_full_run,6a0d47e3-f472-4b63-a6f5-67c693a0adf9,exec_ha566q
JTRIRS,JTRIRS,False,,Architecture,secondary,old_155_handoff,final_hybrid_v1_2026_06_03,final_hybrid_handoff
JTRIRS,JTRIRS,False,,Perspective,primary,old_155_handoff,final_hybrid_v1_2026_06_03,final_hybrid_handoff
JTRIRS,JTRIRS,False,,Practical Geometry,secondary,old_155_handoff,final_hybrid_v1_2026_06_03,final_hybrid_handoff
JTZKPV,JTZKPV,False,,Construction,primary,new_full_run,6a0d47e3-f472-4b63-a6f5-67c693a0adf9,exec_8u7vgk
JTZKPV,JTZKPV,False,,Instrument Use,primary,new_full_run,6a0d47e3-f472-4b63-a6f5-67c693a0adf9,exec_8u7vgk
JTZKPV,JTZKPV,False,,Practical Geometry,primary,new_full_run,6a0d47e3-f472-4b63-a6f5-67c693a0adf9,exec_8u7vgk
JXC181,JXC181,False,,Architecture,secondary,old_155_handoff,final_hybrid_v1_2026_06_03,final_hybrid_handoff
JXC181,JXC181,False,,Perspective,primary,old_155_handoff,final_hybrid_v1_2026_06_03,final_hybrid_handoff
JXC181,JXC181,False,,Practical Geometry,secondary,old_155_handoff,final_hybrid_v1_2026_06_03,final_hybrid_handoff
JZ3MT9,JZ3MT9,False,,Practical Geometry,primary,old_155_handoff,final_hybrid_v1_2026_06_03,final_hybrid_handoff
JZ3MT9,JZ3MT9,False,,Theoretical Mathematics,secondary,old_155_handoff,final_hybrid_v1_2026_06_03,final_hybrid_handoff
Jena_1628,Jena_1628,False,,Theoretical Mathematics,primary,new_full_run,6a0d47e3-f472-4b63-a6f5-67c693a0adf9,exec_hok3i8
K7DERJ,K7DERJ,False,,Construction,secondary,old_155_handoff,final_hybrid_v1_2026_06_03,final_hybrid_handoff
K7DERJ,K7DERJ,False,,Perspective,primary,old_155_handoff,final_hybrid_v1_2026_06_03,final_hybrid_handoff
K7DERJ,K7DERJ,False,,Practical Geometry,primary,old_155_handoff,final_hybrid_v1_2026_06_03,final_hybrid_handoff
KLSGAN,KLSGAN,False,,Instrument Construction,secondary,new_full_run,6a0d47e3-f472-4b63-a6f5-67c693a0adf9,exec_6ngc8w
KLSGAN,KLSGAN,False,,Instrument Use,primary,new_full_run,6a0d47e3-f472-4b63-a6f5-67c693a0adf9,exec_6ngc8w
KLSGAN,KLSGAN,False,,Military Engineering,primary,new_full_run,6a0d47e3-f472-4b63-a6f5-67c693a0adf9,exec_6ngc8w
KLSGAN,KLSGAN,False,,Perspective,primary,new_full_run,6a0d47e3-f472-4b63-a6f5-67c693a0adf9,exec_6ngc8w
KLSGAN,KLSGAN,False,,Practical Geometry,primary,new_full_run,6a0d47e3-f472-4b63-a6f5-67c693a0adf9,exec_6ngc8w
KLSGAN,KLSGAN,False,,Surveying,primary,new_full_run,6a0d47e3-f472-4b63-a6f5-67c693a0adf9,exec_6ngc8w
KVSFF1,KVSFF1,False,V6Q1EV,Theoretical Mathematics,primary,new_full_run,6a0d47e3-f472-4b63-a6f5-67c693a0adf9,exec_eb3q6d
KVSFF1,KVSFF1,False,V6Q1EV,Trigonometry,secondary,new_full_run,6a0d47e3-f472-4b63-a6f5-67c693a0adf9,exec_eb3q6d
L3XLGB,L3XLGB,False,,Gnomonics & Horology,primary,old_155_handoff,final_hybrid_v1_2026_06_03,final_hybrid_handoff
L3XLGB,L3XLGB,False,,Instrument Construction,primary,old_155_handoff,final_hybrid_v1_2026_06_03,final_hybrid_handoff
L3XLGB,L3XLGB,False,,Instrument Use,secondary,old_155_handoff,final_hybrid_v1_2026_06_03,final_hybrid_handoff
L3XLGB,L3XLGB,False,,Practical Geometry,secondary,old_155_handoff,final_hybrid_v1_2026_06_03,final_hybrid_handoff
L8FLF5,EFXRG3,True,41B7F3,Instrument Use,secondary,new_full_run,6a0d47e3-f472-4b63-a6f5-67c693a0adf9,exec_8ceayh
L8FLF5,EFXRG3,True,41B7F3,Perspective,primary,new_full_run,6a0d47e3-f472-4b63-a6f5-67c693a0adf9,exec_8ceayh
L8R7FQ,0CKY65,True,SD2Y3X,Arithmetic,primary,new_full_run,6a0d47e3-f472-4b63-a6f5-67c693a0adf9,exec_m3rp8u
L8R7FQ,0CKY65,True,SD2Y3X,Theoretical Mathematics,secondary,new_full_run,6a0d47e3-f472-4b63-a6f5-67c693a0adf9,exec_m3rp8u
LQNZBJ,LQNZBJ,False,,Architecture,secondary,old_155_handoff,final_hybrid_v1_2026_06_03,final_hybrid_handoff
LQNZBJ,LQNZBJ,False,,Astronomy,primary,old_155_handoff,final_hybrid_v1_2026_06_03,final_hybrid_handoff
LYNX18,X5YBIB,True,NMAV1L,Instrument Use,primary,old_155_handoff,final_hybrid_v1_2026_06_03,final_hybrid_handoff
LYNX18,X5YBIB,True,NMAV1L,Practical Geometry,primary,old_155_handoff,final_hybrid_v1_2026_06_03,final_hybrid_handoff
Le_Mans_1663,Le_Mans_1663,False,,Perspective,primary,new_full_run,6a0d47e3-f472-4b63-a6f5-67c693a0adf9,exec_ynmkhs
Le_Mans_1663,Le_Mans_1663,False,,Theoretical Mathematics,primary,new_full_run,6a0d47e3-f472-4b63-a6f5-67c693a0adf9,exec_ynmkhs
Leiden_1599,Leiden_1599,False,,Perspective,primary,new_full_run,6a0d47e3-f472-4b63-a6f5-67c693a0adf9,exec_7kv4i4
Leiden_1615,Leiden_1615,False,,Arithmetic,primary,new_full_run,6a0d47e3-f472-4b63-a6f5-67c693a0adf9,exec_rc2gzb
Leiden_1615,Leiden_1615,False,,Theoretical Mathematics,secondary,new_full_run,6a0d47e3-f472-4b63-a6f5-67c693a0adf9,exec_rc2gzb
Leiden_1615,Leiden_1615,False,,Trigonometry,primary,new_full_run,6a0d47e3-f472-4b63-a6f5-67c693a0adf9,exec_rc2gzb
Leipzig_1607,Leipzig_1607,False,,Theoretical Mathematics,primary,new_full_run,6a0d47e3-f472-4b63-a6f5-67c693a0adf9,exec_bnmq3v
Leipzig_1883,Leipzig_1883,False,,Theoretical Mathematics,primary,new_full_run,6a0d47e3-f472-4b63-a6f5-67c693a0adf9,exec_08v898
Lisbon_1735,Lisbon_1735,False,,Theoretical Mathematics,primary,new_full_run,6a0d47e3-f472-4b63-a6f5-67c693a0adf9,exec_3cwesm
Livorno_1709,Livorno_1709,False,,Theoretical Mathematics,primary,new_full_run,6a0d47e3-f472-4b63-a6f5-67c693a0adf9,exec_s713q4
London_1666,London_1678a,True,NU4ARY,Theoretical Mathematics,primary,new_full_run,6a0d47e3-f472-4b63-a6f5-67c693a0adf9,exec_uaszbj
London_1678a,London_1678a,False,NU4ARY,Theoretical Mathematics,primary,new_full_run,6a0d47e3-f472-4b63-a6f5-67c693a0adf9,exec_uaszbj
London_1695,London_1695,False,,Practical Geometry,unknown,new_full_run,6a0d47e3-f472-4b63-a6f5-67c693a0adf9,exec_nk029i
London_1695,London_1695,False,,Theoretical Mathematics,primary,new_full_run,6a0d47e3-f472-4b63-a6f5-67c693a0adf9,exec_nk029i
London_1700,London_1700,False,,Construction,primary,new_full_run,6a0d47e3-f472-4b63-a6f5-67c693a0adf9,exec_j656q2
London_1700,London_1700,False,,Practical Geometry,primary,new_full_run,6a0d47e3-f472-4b63-a6f5-67c693a0adf9,exec_j656q2
London_1700,London_1700,False,,Surveying,primary,new_full_run,6a0d47e3-f472-4b63-a6f5-67c693a0adf9,exec_j656q2
London_1700,London_1700,False,,Theoretical Mathematics,secondary,new_full_run,6a0d47e3-f472-4b63-a6f5-67c693a0adf9,exec_j656q2
London_1705,London_1705,False,,Theoretical Mathematics,primary,new_full_run,6a0d47e3-f472-4b63-a6f5-67c693a0adf9,exec_ctyqc9
London_1747,London_1747,False,,Practical Geometry,primary,new_full_run,6a0d47e3-f472-4b63-a6f5-67c693a0adf9,exec_spato7
London_1747,London_1747,False,,Theoretical Mathematics,primary,new_full_run,6a0d47e3-f472-4b63-a6f5-67c693a0adf9,exec_spato7
London_1789,London_1789,False,,Theoretical Mathematics,primary,new_full_run,6a0d47e3-f472-4b63-a6f5-67c693a0adf9,exec_xawnqc
Lund_1855,Lund_1855,False,,Theoretical Mathematics,primary,new_full_run,6a0d47e3-f472-4b63-a6f5-67c693a0adf9,exec_0rw0eb
Lyon_1603,Lyon_1603,False,,Arithmetic,unknown,new_full_run,6a0d47e3-f472-4b63-a6f5-67c693a0adf9,exec_7n33cy
Lyon_1669,Lyon_1669,False,,Theoretical Mathematics,primary,new_full_run,6a0d47e3-f472-4b63-a6f5-67c693a0adf9,exec_sqrd26
Lyon_1669,Lyon_1669,False,,Trigonometry,primary,new_full_run,6a0d47e3-f472-4b63-a6f5-67c693a0adf9,exec_sqrd26
MIZPJ8,MIZPJ8,False,,Perspective,primary,old_155_handoff,final_hybrid_v1_2026_06_03,final_hybrid_handoff
MIZPJ8,MIZPJ8,False,,Practical Geometry,secondary,old_155_handoff,final_hybrid_v1_2026_06_03,final_hybrid_handoff
MM0YD0,MM0YD0,False,,Construction,primary,new_full_run,6a0d47e3-f472-4b63-a6f5-67c693a0adf9,exec_iwcuve
MM0YD0,MM0YD0,False,,Practical Geometry,primary,new_full_run,6a0d47e3-f472-4b63-a6f5-67c693a0adf9,exec_iwcuve
MMJVXG,MMJVXG,False,,Arithmetic,primary,new_full_run,6a0d47e3-f472-4b63-a6f5-67c693a0adf9,exec_wgelyd
MYFHIS,MYFHIS,False,6A2A3B,Architecture,primary,old_155_handoff,final_hybrid_v1_2026_06_03,final_hybrid_handoff
MYFHIS,MYFHIS,False,6A2A3B,Construction,primary,old_155_handoff,final_hybrid_v1_2026_06_03,final_hybrid_handoff
MYFHIS,MYFHIS,False,6A2A3B,Instrument Use,unknown,old_155_handoff,final_hybrid_v1_2026_06_03,final_hybrid_handoff
MYFHIS,MYFHIS,False,6A2A3B,Practical Geometry,unknown,old_155_handoff,final_hybrid_v1_2026_06_03,final_hybrid_handoff
Madrid_1585,Madrid_1585,False,,Perspective,primary,new_full_run,6a0d47e3-f472-4b63-a6f5-67c693a0adf9,exec_xu5nmp
Madrid_1585,Madrid_1585,False,,Theoretical Mathematics,secondary,new_full_run,6a0d47e3-f472-4b63-a6f5-67c693a0adf9,exec_xu5nmp
Mainz_1611_1612,Mainz_1611_1612,False,,Arithmetic,primary,new_full_run,6a0d47e3-f472-4b63-a6f5-67c693a0adf9,exec_ttsl6a
Mainz_1611_1612,Mainz_1611_1612,False,,Practical Geometry,primary,new_full_run,6a0d47e3-f472-4b63-a6f5-67c693a0adf9,exec_ttsl6a
Mainz_1611_1612,Mainz_1611_1612,False,,Theoretical Mathematics,primary,new_full_run,6a0d47e3-f472-4b63-a6f5-67c693a0adf9,exec_ttsl6a
Mainz_1611_1612,Mainz_1611_1612,False,,Trigonometry,primary,new_full_run,6a0d47e3-f472-4b63-a6f5-67c693a0adf9,exec_ttsl6a
Messina_1558,Messina_1558,False,,Astronomy,primary,new_full_run,6a0d47e3-f472-4b63-a6f5-67c693a0adf9,exec_g78yiu
Messina_1558,Messina_1558,False,,Practical Geometry,unknown,new_full_run,6a0d47e3-f472-4b63-a6f5-67c693a0adf9,exec_g78yiu
Messina_1558,Messina_1558,False,,Theoretical Mathematics,primary,new_full_run,6a0d47e3-f472-4b63-a6f5-67c693a0adf9,exec_g78yiu
Messina_1558,Messina_1558,False,,Trigonometry,primary,new_full_run,6a0d47e3-f472-4b63-a6f5-67c693a0adf9,exec_g78yiu
MorisS-1-1,MorisS-1-1,False,,Arithmetic,primary,new_full_run,6a0d47e3-f472-4b63-a6f5-67c693a0adf9,exec_jq6pe2
MorisS-10-1,MorisS-10-1,False,,Mechanics,primary,new_full_run,6a0d47e3-f472-4b63-a6f5-67c693a0adf9,exec_6qxmu3
MorisS-10-3,MorisS-10-3,False,,Theoretical Mathematics,primary,new_full_run,6a0d47e3-f472-4b63-a6f5-67c693a0adf9,exec_xx8dyh
MorisS-10-3,MorisS-10-3,False,,Trigonometry,primary,new_full_run,6a0d47e3-f472-4b63-a6f5-67c693a0adf9,exec_xx8dyh
MorisS-12-1,MorisS-12-1,False,,Theoretical Mathematics,primary,new_full_run,6a0d47e3-f472-4b63-a6f5-67c693a0adf9,exec_hg7bf2
MorisS-13-1,MorisS-13-1,False,,Astronomy,primary,new_full_run,6a0d47e3-f472-4b63-a6f5-67c693a0adf9,exec_4sq2e3
MorisS-13-2,MorisS-13-2,False,,Astronomy,primary,new_full_run,6a0d47e3-f472-4b63-a6f5-67c693a0adf9,exec_h5t2h5
MorisS-13-3,MorisS-13-3,False,,Astronomy,primary,new_full_run,6a0d47e3-f472-4b63-a6f5-67c693a0adf9,exec_1mlqjz
MorisS-13-4,MorisS-13-4,False,,Mechanics,primary,new_full_run,6a0d47e3-f472-4b63-a6f5-67c693a0adf9,exec_50dtb4
MorisS-13-5,MorisS-13-5,False,,Astronomy,primary,new_full_run,6a0d47e3-f472-4b63-a6f5-67c693a0adf9,exec_2979gc
MorisS-14-1,MorisS-14-1,False,,Practical Geometry,unknown,new_full_run,6a0d47e3-f472-4b63-a6f5-67c693a0adf9,exec_upq3mu
MorisS-14-1,MorisS-14-1,False,,Theoretical Mathematics,secondary,new_full_run,6a0d47e3-f472-4b63-a6f5-67c693a0adf9,exec_upq3mu
MorisS-14-1,MorisS-14-1,False,,Trigonometry,primary,new_full_run,6a0d47e3-f472-4b63-a6f5-67c693a0adf9,exec_upq3mu
MorisS-14-3,MorisS-14-3,False,,Theoretical Mathematics,primary,new_full_run,6a0d47e3-f472-4b63-a6f5-67c693a0adf9,exec_zotrz4
MorisS-15-1,MorisS-15-1,False,,Theoretical Mathematics,primary,new_full_run,6a0d47e3-f472-4b63-a6f5-67c693a0adf9,exec_1u2cfl
MorisS-15-2,MorisS-15-2,False,,Theoretical Mathematics,primary,new_full_run,6a0d47e3-f472-4b63-a6f5-67c693a0adf9,exec_26kzy1
MorisS-16-1,MorisS-16-1,False,,Arithmetic,primary,new_full_run,6a0d47e3-f472-4b63-a6f5-67c693a0adf9,exec_ndn65h
MorisS-16-1,MorisS-16-1,False,,Construction,primary,new_full_run,6a0d47e3-f472-4b63-a6f5-67c693a0adf9,exec_ndn65h
MorisS-16-1,MorisS-16-1,False,,Instrument Use,secondary,new_full_run,6a0d47e3-f472-4b63-a6f5-67c693a0adf9,exec_ndn65h
MorisS-16-1,MorisS-16-1,False,,Military Engineering,primary,new_full_run,6a0d47e3-f472-4b63-a6f5-67c693a0adf9,exec_ndn65h
MorisS-16-1,MorisS-16-1,False,,Practical Geometry,primary,new_full_run,6a0d47e3-f472-4b63-a6f5-67c693a0adf9,exec_ndn65h
MorisS-16-1,MorisS-16-1,False,,Trigonometry,primary,new_full_run,6a0d47e3-f472-4b63-a6f5-67c693a0adf9,exec_ndn65h
MorisS-16-10,MorisS-16-10,False,,Arithmetic,secondary,new_full_run,6a0d47e3-f472-4b63-a6f5-67c693a0adf9,exec_2u7wzx
MorisS-16-10,MorisS-16-10,False,,Mechanics,secondary,new_full_run,6a0d47e3-f472-4b63-a6f5-67c693a0adf9,exec_2u7wzx
MorisS-16-11,MorisS-16-11,False,,Arithmetic,unknown,new_full_run,6a0d47e3-f472-4b63-a6f5-67c693a0adf9,exec_5eswv2
MorisS-16-11,MorisS-16-11,False,,Cartography,primary,new_full_run,6a0d47e3-f472-4b63-a6f5-67c693a0adf9,exec_5eswv2
MorisS-16-11,MorisS-16-11,False,,Instrument Use,primary,new_full_run,6a0d47e3-f472-4b63-a6f5-67c693a0adf9,exec_5eswv2
MorisS-16-11,MorisS-16-11,False,,Practical Geometry,primary,new_full_run,6a0d47e3-f472-4b63-a6f5-67c693a0adf9,exec_5eswv2
MorisS-16-11,MorisS-16-11,False,,Surveying,secondary,new_full_run,6a0d47e3-f472-4b63-a6f5-67c693a0adf9,exec_5eswv2
MorisS-16-3,MorisS-16-3,False,,Instrument Use,primary,new_full_run,6a0d47e3-f472-4b63-a6f5-67c693a0adf9,exec_jvosan
MorisS-16-3,MorisS-16-3,False,,Practical Geometry,unknown,new_full_run,6a0d47e3-f472-4b63-a6f5-67c693a0adf9,exec_jvosan
MorisS-16-4,MorisS-16-4,False,,Theoretical Mathematics,secondary,new_full_run,6a0d47e3-f472-4b63-a6f5-67c693a0adf9,exec_93smrn
MorisS-16-4,MorisS-16-4,False,,Trigonometry,primary,new_full_run,6a0d47e3-f472-4b63-a6f5-67c693a0adf9,exec_93smrn
MorisS-16-5,MorisS-16-5,False,,Astronomy,primary,new_full_run,6a0d47e3-f472-4b63-a6f5-67c693a0adf9,exec_o6owbt
MorisS-16-5,MorisS-16-5,False,,Cosmography,primary,new_full_run,6a0d47e3-f472-4b63-a6f5-67c693a0adf9,exec_o6owbt
MorisS-16-5,MorisS-16-5,False,,Geography,unknown,new_full_run,6a0d47e3-f472-4b63-a6f5-67c693a0adf9,exec_o6owbt
MorisS-16-6,MorisS-16-6,False,,Practical Geometry,primary,new_full_run,6a0d47e3-f472-4b63-a6f5-67c693a0adf9,exec_7hyg6d
MorisS-16-6,MorisS-16-6,False,,Theoretical Mathematics,unknown,new_full_run,6a0d47e3-f472-4b63-a6f5-67c693a0adf9,exec_7hyg6d
MorisS-16-7,MorisS-16-7,False,,Theoretical Mathematics,primary,new_full_run,6a0d47e3-f472-4b63-a6f5-67c693a0adf9,exec_g1nq2d
MorisS-17-3,MorisS-17-3,False,,Astronomy,secondary,new_full_run,6a0d47e3-f472-4b63-a6f5-67c693a0adf9,exec_77mjqk
MorisS-17-3,MorisS-17-3,False,,Instrument Use,secondary,new_full_run,6a0d47e3-f472-4b63-a6f5-67c693a0adf9,exec_77mjqk
MorisS-17-3,MorisS-17-3,False,,Perspective,secondary,new_full_run,6a0d47e3-f472-4b63-a6f5-67c693a0adf9,exec_77mjqk
MorisS-17-3,MorisS-17-3,False,,Theoretical Mathematics,primary,new_full_run,6a0d47e3-f472-4b63-a6f5-67c693a0adf9,exec_77mjqk
MorisS-18-1,MorisS-18-1,False,,Practical Geometry,primary,new_full_run,6a0d47e3-f472-4b63-a6f5-67c693a0adf9,exec_hf4q00
MorisS-18-1,MorisS-18-1,False,,Theoretical Mathematics,primary,new_full_run,6a0d47e3-f472-4b63-a6f5-67c693a0adf9,exec_hf4q00
MorisS-18-3,MorisS-18-3,False,,Theoretical Mathematics,primary,new_full_run,6a0d47e3-f472-4b63-a6f5-67c693a0adf9,exec_5o20ov
MorisS-18-4,MorisS-18-4,False,,Theoretical Mathematics,primary,new_full_run,6a0d47e3-f472-4b63-a6f5-67c693a0adf9,exec_o8at5q
MorisS-2-1,MorisS-2-1,False,,Theoretical Mathematics,primary,new_full_run,6a0d47e3-f472-4b63-a6f5-67c693a0adf9,exec_deu8p5
MorisS-20-6,MorisS-20-6,False,,Arithmetic,secondary,new_full_run,6a0d47e3-f472-4b63-a6f5-67c693a0adf9,exec_o9eal2
MorisS-20-6,MorisS-20-6,False,,Mechanics,secondary,new_full_run,6a0d47e3-f472-4b63-a6f5-67c693a0adf9,exec_o9eal2
MorisS-20-6,MorisS-20-6,False,,Practical Geometry,unknown,new_full_run,6a0d47e3-f472-4b63-a6f5-67c693a0adf9,exec_o9eal2
MorisS-20-6,MorisS-20-6,False,,Theoretical Mathematics,unknown,new_full_run,6a0d47e3-f472-4b63-a6f5-67c693a0adf9,exec_o9eal2
MorisS-21-10,MorisS-21-10,False,,Theoretical Mathematics,primary,new_full_run,6a0d47e3-f472-4b63-a6f5-67c693a0adf9,exec_nnhk9b
MorisS-21-12,MorisS-21-12,False,,Astronomy,primary,new_full_run,6a0d47e3-f472-4b63-a6f5-67c693a0adf9,exec_46xsgj
MorisS-21-12,MorisS-21-12,False,,Cosmography,unknown,new_full_run,6a0d47e3-f472-4b63-a6f5-67c693a0adf9,exec_46xsgj
MorisS-21-12,MorisS-21-12,False,,Theoretical Mathematics,unknown,new_full_run,6a0d47e3-f472-4b63-a6f5-67c693a0adf9,exec_46xsgj
MorisS-21-2,MorisS-21-2,False,,Music Theory,primary,new_full_run,6a0d47e3-f472-4b63-a6f5-67c693a0adf9,exec_n4j7k4
MorisS-21-2,MorisS-21-2,False,,Theoretical Mathematics,unknown,new_full_run,6a0d47e3-f472-4b63-a6f5-67c693a0adf9,exec_n4j7k4
MorisS-21-4,MorisS-21-4,False,,Mechanics,primary,new_full_run,6a0d47e3-f472-4b63-a6f5-67c693a0adf9,exec_83e2k1
MorisS-21-5,MorisS-21-5,False,,Music Theory,unknown,new_full_run,6a0d47e3-f472-4b63-a6f5-67c693a0adf9,exec_8l8fu7
MorisS-21-6,MorisS-21-6,False,,Music Theory,primary,new_full_run,6a0d47e3-f472-4b63-a6f5-67c693a0adf9,exec_q438h7
MorisS-21-7,MorisS-21-7,False,,Music Theory,primary,new_full_run,6a0d47e3-f472-4b63-a6f5-67c693a0adf9,exec_aquatx
MorisS-21-8,MorisS-21-8,False,,Music Theory,primary,new_full_run,6a0d47e3-f472-4b63-a6f5-67c693a0adf9,exec_i9v29i
MorisS-21-9,MorisS-21-9,False,,Mechanics,primary,new_full_run,6a0d47e3-f472-4b63-a6f5-67c693a0adf9,exec_djood6
MorisS-22-2,MorisS-22-2,False,,Astronomy,primary,new_full_run,6a0d47e3-f472-4b63-a6f5-67c693a0adf9,exec_ghsrgv
MorisS-22-3,MorisS-22-3,False,,Theoretical Mathematics,primary,new_full_run,6a0d47e3-f472-4b63-a6f5-67c693a0adf9,exec_gqiyvz
MorisS-22-3,MorisS-22-3,False,,Trigonometry,primary,new_full_run,6a0d47e3-f472-4b63-a6f5-67c693a0adf9,exec_gqiyvz
MorisS-22-4,MorisS-22-4,False,,Astronomy,primary,new_full_run,6a0d47e3-f472-4b63-a6f5-67c693a0adf9,exec_7lest7
MorisS-22-4,MorisS-22-4,False,,Navigation,unknown,new_full_run,6a0d47e3-f472-4b63-a6f5-67c693a0adf9,exec_7lest7
MorisS-22-4,MorisS-22-4,False,,Theoretical Mathematics,unknown,new_full_run,6a0d47e3-f472-4b63-a6f5-67c693a0adf9,exec_7lest7
MorisS-22-4,MorisS-22-4,False,,Trigonometry,unknown,new_full_run,6a0d47e3-f472-4b63-a6f5-67c693a0adf9,exec_7lest7
MorisS-22-5,MorisS-22-5,False,,Astronomy,primary,new_full_run,6a0d47e3-f472-4b63-a6f5-67c693a0adf9,exec_jeo78j
MorisS-22-5,MorisS-22-5,False,,Gnomonics & Horology,unknown,new_full_run,6a0d47e3-f472-4b63-a6f5-67c693a0adf9,exec_jeo78j
MorisS-22-5,MorisS-22-5,False,,Instrument Use,secondary,new_full_run,6a0d47e3-f472-4b63-a6f5-67c693a0adf9,exec_jeo78j
MorisS-22-5,MorisS-22-5,False,,Navigation,primary,new_full_run,6a0d47e3-f472-4b63-a6f5-67c693a0adf9,exec_jeo78j
MorisS-22-5,MorisS-22-5,False,,Practical Geometry,unknown,new_full_run,6a0d47e3-f472-4b63-a6f5-67c693a0adf9,exec_jeo78j
MorisS-22-5,MorisS-22-5,False,,Trigonometry,unknown,new_full_run,6a0d47e3-f472-4b63-a6f5-67c693a0adf9,exec_jeo78j
MorisS-22-6,MorisS-22-6,False,,Arithmetic,secondary,new_full_run,6a0d47e3-f472-4b63-a6f5-67c693a0adf9,exec_pxx9a3
MorisS-22-6,MorisS-22-6,False,,Practical Geometry,unknown,new_full_run,6a0d47e3-f472-4b63-a6f5-67c693a0adf9,exec_pxx9a3
MorisS-22-6,MorisS-22-6,False,,Theoretical Mathematics,primary,new_full_run,6a0d47e3-f472-4b63-a6f5-67c693a0adf9,exec_pxx9a3
MorisS-22-6,MorisS-22-6,False,,Trigonometry,primary,new_full_run,6a0d47e3-f472-4b63-a6f5-67c693a0adf9,exec_pxx9a3
MorisS-22-7,MorisS-22-7,False,,Astronomy,unknown,new_full_run,6a0d47e3-f472-4b63-a6f5-67c693a0adf9,exec_rbgw2l
MorisS-23-1,MorisS-23-1,False,,Mechanics,primary,new_full_run,6a0d47e3-f472-4b63-a6f5-67c693a0adf9,exec_nblses
MorisS-23-1,MorisS-23-1,False,,Practical Geometry,unknown,new_full_run,6a0d47e3-f472-4b63-a6f5-67c693a0adf9,exec_nblses
MorisS-23-1,MorisS-23-1,False,,Theoretical Mathematics,unknown,new_full_run,6a0d47e3-f472-4b63-a6f5-67c693a0adf9,exec_nblses
MorisS-23-2,MorisS-23-2,False,,Theoretical Mathematics,primary,new_full_run,6a0d47e3-f472-4b63-a6f5-67c693a0adf9,exec_oskvyj
MorisS-24-1,MorisS-24-1,False,,Instrument Use,primary,new_full_run,6a0d47e3-f472-4b63-a6f5-67c693a0adf9,exec_n0bc3h
MorisS-24-1,MorisS-24-1,False,,Perspective,primary,new_full_run,6a0d47e3-f472-4b63-a6f5-67c693a0adf9,exec_n0bc3h
MorisS-24-1,MorisS-24-1,False,,Practical Geometry,primary,new_full_run,6a0d47e3-f472-4b63-a6f5-67c693a0adf9,exec_n0bc3h
MorisS-24-3,MorisS-24-3,False,,Architecture,secondary,new_full_run,6a0d47e3-f472-4b63-a6f5-67c693a0adf9,exec_0ns3js
MorisS-24-3,MorisS-24-3,False,,Perspective,primary,new_full_run,6a0d47e3-f472-4b63-a6f5-67c693a0adf9,exec_0ns3js
MorisS-24-3,MorisS-24-3,False,,Practical Geometry,secondary,new_full_run,6a0d47e3-f472-4b63-a6f5-67c693a0adf9,exec_0ns3js
MorisS-25-3,MorisS-25-3,False,,Arithmetic,primary,new_full_run,6a0d47e3-f472-4b63-a6f5-67c693a0adf9,exec_npt6v4
MorisS-25-3,MorisS-25-3,False,,Theoretical Mathematics,primary,new_full_run,6a0d47e3-f472-4b63-a6f5-67c693a0adf9,exec_npt6v4
MorisS-25-4,MorisS-25-4,False,,Theoretical Mathematics,primary,new_full_run,6a0d47e3-f472-4b63-a6f5-67c693a0adf9,exec_q1025h
MorisS-25-8,MorisS-25-8,False,,Mechanics,primary,new_full_run,6a0d47e3-f472-4b63-a6f5-67c693a0adf9,exec_vm2181
MorisS-25-8,MorisS-25-8,False,,Practical Geometry,primary,new_full_run,6a0d47e3-f472-4b63-a6f5-67c693a0adf9,exec_vm2181
MorisS-26-1,MorisS-26-1,False,,Commercial Mathematics,unknown,new_full_run,6a0d47e3-f472-4b63-a6f5-67c693a0adf9,exec_373hws
MorisS-26-1,MorisS-26-1,False,,Instrument Construction,primary,new_full_run,6a0d47e3-f472-4b63-a6f5-67c693a0adf9,exec_373hws
MorisS-26-1,MorisS-26-1,False,,Instrument Use,secondary,new_full_run,6a0d47e3-f472-4b63-a6f5-67c693a0adf9,exec_373hws
MorisS-26-1,MorisS-26-1,False,,Military Engineering,secondary,new_full_run,6a0d47e3-f472-4b63-a6f5-67c693a0adf9,exec_373hws
MorisS-26-1,MorisS-26-1,False,,Practical Geometry,unknown,new_full_run,6a0d47e3-f472-4b63-a6f5-67c693a0adf9,exec_373hws
MorisS-26-2,MorisS-26-2,False,,Astronomy,primary,new_full_run,6a0d47e3-f472-4b63-a6f5-67c693a0adf9,exec_ie1wih
MorisS-27-1,MorisS-27-1,False,,Mechanics,primary,new_full_run,6a0d47e3-f472-4b63-a6f5-67c693a0adf9,exec_ro9d2n
MorisS-27-2,MorisS-27-2,False,,Astronomy,primary,new_full_run,6a0d47e3-f472-4b63-a6f5-67c693a0adf9,exec_vlbftc
MorisS-27-2,MorisS-27-2,False,,Cosmography,unknown,new_full_run,6a0d47e3-f472-4b63-a6f5-67c693a0adf9,exec_vlbftc
MorisS-27-2,MorisS-27-2,False,,Theoretical Mathematics,unknown,new_full_run,6a0d47e3-f472-4b63-a6f5-67c693a0adf9,exec_vlbftc
MorisS-28-1,MorisS-28-1,False,,Instrument Construction,primary,new_full_run,6a0d47e3-f472-4b63-a6f5-67c693a0adf9,exec_lmrlj7
MorisS-28-1,MorisS-28-1,False,,Instrument Use,primary,new_full_run,6a0d47e3-f472-4b63-a6f5-67c693a0adf9,exec_lmrlj7
MorisS-28-1,MorisS-28-1,False,,Practical Geometry,primary,new_full_run,6a0d47e3-f472-4b63-a6f5-67c693a0adf9,exec_lmrlj7
MorisS-28-1,MorisS-28-1,False,,Trigonometry,primary,new_full_run,6a0d47e3-f472-4b63-a6f5-67c693a0adf9,exec_lmrlj7
MorisS-3-1,MorisS-3-1,False,,Theoretical Mathematics,primary,new_full_run,6a0d47e3-f472-4b63-a6f5-67c693a0adf9,exec_mkvsz7
MorisS-3-2,MorisS-3-2,False,,Theoretical Mathematics,primary,new_full_run,6a0d47e3-f472-4b63-a6f5-67c693a0adf9,exec_a4o25k
MorisS-3-3,MorisS-3-3,False,,Astronomy,primary,new_full_run,6a0d47e3-f472-4b63-a6f5-67c693a0adf9,exec_abf9oo
MorisS-3-4,MorisS-3-4,False,,Music Theory,unknown,new_full_run,6a0d47e3-f472-4b63-a6f5-67c693a0adf9,exec_rlyfus
MorisS-3-4,MorisS-3-4,False,,Theoretical Mathematics,primary,new_full_run,6a0d47e3-f472-4b63-a6f5-67c693a0adf9,exec_rlyfus
MorisS-3-5,MorisS-3-5,False,,Arithmetic,primary,new_full_run,6a0d47e3-f472-4b63-a6f5-67c693a0adf9,exec_qoeq2u
MorisS-3-5,MorisS-3-5,False,,Theoretical Mathematics,primary,new_full_run,6a0d47e3-f472-4b63-a6f5-67c693a0adf9,exec_qoeq2u
MorisS-3-6,MorisS-3-6,False,,Astronomy,primary,new_full_run,6a0d47e3-f472-4b63-a6f5-67c693a0adf9,exec_2v5ck7
MorisS-4-1,MorisS-4-1,False,,Architecture,primary,new_full_run,6a0d47e3-f472-4b63-a6f5-67c693a0adf9,exec_2farxp
MorisS-4-1,MorisS-4-1,False,,Construction,secondary,new_full_run,6a0d47e3-f472-4b63-a6f5-67c693a0adf9,exec_2farxp
MorisS-4-1,MorisS-4-1,False,,Practical Geometry,primary,new_full_run,6a0d47e3-f472-4b63-a6f5-67c693a0adf9,exec_2farxp
MorisS-4-2,MorisS-4-2,False,,Gnomonics & Horology,primary,new_full_run,6a0d47e3-f472-4b63-a6f5-67c693a0adf9,exec_908153
MorisS-4-2,MorisS-4-2,False,,Instrument Construction,secondary,new_full_run,6a0d47e3-f472-4b63-a6f5-67c693a0adf9,exec_908153
MorisS-4-2,MorisS-4-2,False,,Practical Geometry,unknown,new_full_run,6a0d47e3-f472-4b63-a6f5-67c693a0adf9,exec_908153
MorisS-4-3,MorisS-4-3,False,,Construction,primary,new_full_run,6a0d47e3-f472-4b63-a6f5-67c693a0adf9,exec_sxbce6
MorisS-4-4,MorisS-4-4,False,,Perspective,primary,new_full_run,6a0d47e3-f472-4b63-a6f5-67c693a0adf9,exec_r0e2cg
MorisS-4-5,MorisS-4-5,False,,Perspective,primary,new_full_run,6a0d47e3-f472-4b63-a6f5-67c693a0adf9,exec_c1mkgb
MorisS-4-5,MorisS-4-5,False,,Practical Geometry,unknown,new_full_run,6a0d47e3-f472-4b63-a6f5-67c693a0adf9,exec_c1mkgb
MorisS-4-6,MorisS-4-6,False,,Architecture,primary,new_full_run,6a0d47e3-f472-4b63-a6f5-67c693a0adf9,exec_sdcpl9
MorisS-4-6,MorisS-4-6,False,,Practical Geometry,primary,new_full_run,6a0d47e3-f472-4b63-a6f5-67c693a0adf9,exec_sdcpl9
MorisS-4-7,MorisS-4-7,False,,Architecture,primary,new_full_run,6a0d47e3-f472-4b63-a6f5-67c693a0adf9,exec_ec2l39
MorisS-4-7,MorisS-4-7,False,,Perspective,primary,new_full_run,6a0d47e3-f472-4b63-a6f5-67c693a0adf9,exec_ec2l39
MorisS-4-7,MorisS-4-7,False,,Practical Geometry,secondary,new_full_run,6a0d47e3-f472-4b63-a6f5-67c693a0adf9,exec_ec2l39
MorisS-5-2,MorisS-5-2,False,,Astronomy,primary,new_full_run,6a0d47e3-f472-4b63-a6f5-67c693a0adf9,exec_zq4fbo
MorisS-5-2,MorisS-5-2,False,,Cosmography,unknown,new_full_run,6a0d47e3-f472-4b63-a6f5-67c693a0adf9,exec_zq4fbo
MorisS-5-2,MorisS-5-2,False,,Theoretical Mathematics,unknown,new_full_run,6a0d47e3-f472-4b63-a6f5-67c693a0adf9,exec_zq4fbo
MorisS-5-3,MorisS-5-3,False,,Astronomy,primary,new_full_run,6a0d47e3-f472-4b63-a6f5-67c693a0adf9,exec_4mtf2l
MorisS-5-4,MorisS-5-4,False,,Theoretical Mathematics,primary,new_full_run,6a0d47e3-f472-4b63-a6f5-67c693a0adf9,exec_ehirox
MorisS-7-1,MorisS-7-1,False,,Arithmetic,primary,new_full_run,6a0d47e3-f472-4b63-a6f5-67c693a0adf9,exec_5oriop
MorisS-7-1,MorisS-7-1,False,,Instrument Use,primary,new_full_run,6a0d47e3-f472-4b63-a6f5-67c693a0adf9,exec_5oriop
MorisS-8-2,MorisS-8-2,False,,Perspective,primary,new_full_run,6a0d47e3-f472-4b63-a6f5-67c693a0adf9,exec_29u7uo
MorisS-8-3,MorisS-8-3,False,,Theoretical Mathematics,primary,new_full_run,6a0d47e3-f472-4b63-a6f5-67c693a0adf9,exec_icejpn
MorisS-9-3,MorisS-9-3,False,,Astronomy,unknown,new_full_run,6a0d47e3-f472-4b63-a6f5-67c693a0adf9,exec_g9b1xw
MorisS-9-3,MorisS-9-3,False,,Instrument Construction,unknown,new_full_run,6a0d47e3-f472-4b63-a6f5-67c693a0adf9,exec_g9b1xw
MorisS-9-3,MorisS-9-3,False,,Instrument Use,unknown,new_full_run,6a0d47e3-f472-4b63-a6f5-67c693a0adf9,exec_g9b1xw
MorisS-9-3,MorisS-9-3,False,,Theoretical Mathematics,primary,new_full_run,6a0d47e3-f472-4b63-a6f5-67c693a0adf9,exec_g9b1xw
N000JX,N000JX,False,,Arithmetic,primary,old_155_handoff,final_hybrid_v1_2026_06_03,final_hybrid_handoff
N000JX,N000JX,False,,Astronomy,primary,old_155_handoff,final_hybrid_v1_2026_06_03,final_hybrid_handoff
N000JX,N000JX,False,,Instrument Use,unknown,old_155_handoff,final_hybrid_v1_2026_06_03,final_hybrid_handoff
N000JX,N000JX,False,,Music Theory,primary,old_155_handoff,final_hybrid_v1_2026_06_03,final_hybrid_handoff
N000JX,N000JX,False,,Practical Geometry,unknown,old_155_handoff,final_hybrid_v1_2026_06_03,final_hybrid_handoff
N61RR8,N61RR8,False,,Perspective,primary,new_full_run,6a0d47e3-f472-4b63-a6f5-67c693a0adf9,exec_528qfm
NTML0S,MYFHIS,True,6A2A3B,Architecture,primary,old_155_handoff,final_hybrid_v1_2026_06_03,final_hybrid_handoff
NTML0S,MYFHIS,True,6A2A3B,Construction,primary,old_155_handoff,final_hybrid_v1_2026_06_03,final_hybrid_handoff
NTML0S,MYFHIS,True,6A2A3B,Instrument Use,unknown,old_155_handoff,final_hybrid_v1_2026_06_03,final_hybrid_handoff
NTML0S,MYFHIS,True,6A2A3B,Practical Geometry,unknown,old_155_handoff,final_hybrid_v1_2026_06_03,final_hybrid_handoff
NYJL4C,NYJL4C,False,,Arithmetic,primary,new_full_run,6a0d47e3-f472-4b63-a6f5-67c693a0adf9,exec_qg6yhl
NYJL4C,NYJL4C,False,,Instrument Construction,unknown,new_full_run,6a0d47e3-f472-4b63-a6f5-67c693a0adf9,exec_qg6yhl
NYJL4C,NYJL4C,False,,Instrument Use,primary,new_full_run,6a0d47e3-f472-4b63-a6f5-67c693a0adf9,exec_qg6yhl
Naples_1702,Naples_1702,False,,Theoretical Mathematics,primary,new_full_run,6a0d47e3-f472-4b63-a6f5-67c693a0adf9,exec_e3bd47
Nuremberg_1539,Nuremberg_1539,False,,Architecture,secondary,old_155_handoff,final_hybrid_v1_2026_06_03,final_hybrid_handoff
Nuremberg_1539,Nuremberg_1539,False,,Instrument Use,secondary,old_155_handoff,final_hybrid_v1_2026_06_03,final_hybrid_handoff
Nuremberg_1539,Nuremberg_1539,False,,Practical Geometry,primary,old_155_handoff,final_hybrid_v1_2026_06_03,final_hybrid_handoff
Nuremberg_1625,Nuremberg_1625,False,,Instrument Use,secondary,new_full_run,6a0d47e3-f472-4b63-a6f5-67c693a0adf9,exec_jb29eh
Nuremberg_1625,Nuremberg_1625,False,,Practical Geometry,primary,new_full_run,6a0d47e3-f472-4b63-a6f5-67c693a0adf9,exec_jb29eh
OGXS5A,OGXS5A,False,,Theoretical Mathematics,primary,new_full_run,6a0d47e3-f472-4b63-a6f5-67c693a0adf9,exec_z00gb7
OGXS5A,OGXS5A,False,,Trigonometry,primary,new_full_run,6a0d47e3-f472-4b63-a6f5-67c693a0adf9,exec_z00gb7
OM1R2Y,6AMYTJ,True,T5RNN2,Arithmetic,primary,old_155_handoff,final_hybrid_v1_2026_06_03,final_hybrid_handoff
OM1R2Y,6AMYTJ,True,T5RNN2,Theoretical Mathematics,secondary,old_155_handoff,final_hybrid_v1_2026_06_03,final_hybrid_handoff
OQBIL8,OQBIL8,False,,Architecture,secondary,new_full_run,6a0d47e3-f472-4b63-a6f5-67c693a0adf9,exec_9es8iv
OQBIL8,OQBIL8,False,,Instrument Use,secondary,new_full_run,6a0d47e3-f472-4b63-a6f5-67c693a0adf9,exec_9es8iv
OQBIL8,OQBIL8,False,,Perspective,primary,new_full_run,6a0d47e3-f472-4b63-a6f5-67c693a0adf9,exec_9es8iv
OQBIL8,OQBIL8,False,,Practical Geometry,unknown,new_full_run,6a0d47e3-f472-4b63-a6f5-67c693a0adf9,exec_9es8iv
OQE4ZD,OQE4ZD,False,,Instrument Construction,unknown,new_full_run,6a0d47e3-f472-4b63-a6f5-67c693a0adf9,exec_m6dc4s
OQE4ZD,OQE4ZD,False,,Instrument Use,secondary,new_full_run,6a0d47e3-f472-4b63-a6f5-67c693a0adf9,exec_m6dc4s
OQE4ZD,OQE4ZD,False,,Perspective,primary,new_full_run,6a0d47e3-f472-4b63-a6f5-67c693a0adf9,exec_m6dc4s
OQE4ZD,OQE4ZD,False,,Practical Geometry,unknown,new_full_run,6a0d47e3-f472-4b63-a6f5-67c693a0adf9,exec_m6dc4s
OT231L,OT231L,False,,Perspective,primary,new_full_run,6a0d47e3-f472-4b63-a6f5-67c693a0adf9,exec_zuk6gd
Oxford_1705,Oxford_1705,False,TLOW8P,Theoretical Mathematics,primary,new_full_run,6a0d47e3-f472-4b63-a6f5-67c693a0adf9,exec_k6ot83
P3JCQH,P3JCQH,False,,Arithmetic,primary,new_full_run,6a0d47e3-f472-4b63-a6f5-67c693a0adf9,exec_aquvjx
P3JCQH,P3JCQH,False,,Commercial Mathematics,unknown,new_full_run,6a0d47e3-f472-4b63-a6f5-67c693a0adf9,exec_aquvjx
Paris_1500,Paris_1500,False,,Astronomy,primary,new_full_run,6a0d47e3-f472-4b63-a6f5-67c693a0adf9,exec_gyn47q
Paris_1500,Paris_1500,False,,Instrument Use,secondary,new_full_run,6a0d47e3-f472-4b63-a6f5-67c693a0adf9,exec_gyn47q
Paris_1507,Paris_1507,False,,Astronomy,primary,new_full_run,6a0d47e3-f472-4b63-a6f5-67c693a0adf9,exec_d5h58b
Paris_1507,Paris_1507,False,,Gnomonics & Horology,unknown,new_full_run,6a0d47e3-f472-4b63-a6f5-67c693a0adf9,exec_d5h58b
Paris_1507,Paris_1507,False,,Instrument Construction,secondary,new_full_run,6a0d47e3-f472-4b63-a6f5-67c693a0adf9,exec_d5h58b
Paris_1507,Paris_1507,False,,Instrument Use,unknown,new_full_run,6a0d47e3-f472-4b63-a6f5-67c693a0adf9,exec_d5h58b
Paris_1507,Paris_1507,False,,Theoretical Mathematics,secondary,new_full_run,6a0d47e3-f472-4b63-a6f5-67c693a0adf9,exec_d5h58b
Paris_1511,Paris_1511,False,,Astronomy,primary,new_full_run,6a0d47e3-f472-4b63-a6f5-67c693a0adf9,exec_4gh5u9
Paris_1511,Paris_1511,False,,Instrument Construction,secondary,new_full_run,6a0d47e3-f472-4b63-a6f5-67c693a0adf9,exec_4gh5u9
Paris_1511,Paris_1511,False,,Theoretical Mathematics,secondary,new_full_run,6a0d47e3-f472-4b63-a6f5-67c693a0adf9,exec_4gh5u9
Paris_1516a,Paris_1516a,False,,Astronomy,primary,new_full_run,6a0d47e3-f472-4b63-a6f5-67c693a0adf9,exec_eazt1y
Paris_1516a,Paris_1516a,False,,Gnomonics & Horology,primary,new_full_run,6a0d47e3-f472-4b63-a6f5-67c693a0adf9,exec_eazt1y
Paris_1516a,Paris_1516a,False,,Instrument Construction,primary,new_full_run,6a0d47e3-f472-4b63-a6f5-67c693a0adf9,exec_eazt1y
Paris_1516a,Paris_1516a,False,,Theoretical Mathematics,primary,new_full_run,6a0d47e3-f472-4b63-a6f5-67c693a0adf9,exec_eazt1y
Paris_1521,Paris_1521,False,,Astronomy,primary,new_full_run,6a0d47e3-f472-4b63-a6f5-67c693a0adf9,exec_sw59uc
Paris_1521,Paris_1521,False,,Instrument Construction,primary,new_full_run,6a0d47e3-f472-4b63-a6f5-67c693a0adf9,exec_sw59uc
Paris_1521,Paris_1521,False,,Theoretical Mathematics,secondary,new_full_run,6a0d47e3-f472-4b63-a6f5-67c693a0adf9,exec_sw59uc
Paris_1527,Paris_1527,False,9ZQKIV,Astronomy,primary,new_full_run,6a0d47e3-f472-4b63-a6f5-67c693a0adf9,exec_8nq8q4
Paris_1527,Paris_1527,False,9ZQKIV,Instrument Construction,secondary,new_full_run,6a0d47e3-f472-4b63-a6f5-67c693a0adf9,exec_8nq8q4
Paris_1527,Paris_1527,False,9ZQKIV,Theoretical Mathematics,secondary,new_full_run,6a0d47e3-f472-4b63-a6f5-67c693a0adf9,exec_8nq8q4
Paris_1531,Paris_1527,True,9ZQKIV,Astronomy,primary,new_full_run,6a0d47e3-f472-4b63-a6f5-67c693a0adf9,exec_8nq8q4
Paris_1531,Paris_1527,True,9ZQKIV,Instrument Construction,secondary,new_full_run,6a0d47e3-f472-4b63-a6f5-67c693a0adf9,exec_8nq8q4
Paris_1531,Paris_1527,True,9ZQKIV,Theoretical Mathematics,secondary,new_full_run,6a0d47e3-f472-4b63-a6f5-67c693a0adf9,exec_8nq8q4
Paris_1532,Paris_1532,False,,Architecture,unknown,old_155_handoff,final_hybrid_v1_2026_06_03,final_hybrid_handoff
Paris_1532,Paris_1532,False,,Instrument Use,unknown,old_155_handoff,final_hybrid_v1_2026_06_03,final_hybrid_handoff
Paris_1532,Paris_1532,False,,Practical Geometry,primary,old_155_handoff,final_hybrid_v1_2026_06_03,final_hybrid_handoff
Paris_1534,Paris_1527,True,9ZQKIV,Astronomy,primary,new_full_run,6a0d47e3-f472-4b63-a6f5-67c693a0adf9,exec_8nq8q4
Paris_1534,Paris_1527,True,9ZQKIV,Instrument Construction,secondary,new_full_run,6a0d47e3-f472-4b63-a6f5-67c693a0adf9,exec_8nq8q4
Paris_1534,Paris_1527,True,9ZQKIV,Theoretical Mathematics,secondary,new_full_run,6a0d47e3-f472-4b63-a6f5-67c693a0adf9,exec_8nq8q4
Paris_1538,Paris_1538,False,,Astronomy,primary,new_full_run,6a0d47e3-f472-4b63-a6f5-67c693a0adf9,exec_b249wd
Paris_1538,Paris_1538,False,,Instrument Construction,secondary,new_full_run,6a0d47e3-f472-4b63-a6f5-67c693a0adf9,exec_b249wd
Paris_1538,Paris_1538,False,,Theoretical Mathematics,secondary,new_full_run,6a0d47e3-f472-4b63-a6f5-67c693a0adf9,exec_b249wd
Paris_1557a,Paris_1557a,False,,Theoretical Mathematics,primary,new_full_run,6a0d47e3-f472-4b63-a6f5-67c693a0adf9,exec_qorqfw
Paris_1557b,Paris_1557b,False,,Music Theory,primary,new_full_run,6a0d47e3-f472-4b63-a6f5-67c693a0adf9,exec_ba0oix
Paris_1557b,Paris_1557b,False,,Theoretical Mathematics,secondary,new_full_run,6a0d47e3-f472-4b63-a6f5-67c693a0adf9,exec_ba0oix
Paris_1565a,Paris_1565,True,NMR5AW,Theoretical Mathematics,primary,new_full_run,6a0d47e3-f472-4b63-a6f5-67c693a0adf9,exec_89xk7t
Paris_1566b,Paris_1566b,False,,Music Theory,primary,new_full_run,6a0d47e3-f472-4b63-a6f5-67c693a0adf9,exec_jla8jp
Paris_1604,Paris_1604,False,,Perspective,secondary,new_full_run,6a0d47e3-f472-4b63-a6f5-67c693a0adf9,exec_b3ccuu
Paris_1604,Paris_1604,False,,Theoretical Mathematics,primary,new_full_run,6a0d47e3-f472-4b63-a6f5-67c693a0adf9,exec_b3ccuu
Paris_1625,Paris_1625,False,,Theoretical Mathematics,primary,new_full_run,6a0d47e3-f472-4b63-a6f5-67c693a0adf9,exec_7rtl3w
Paris_1626,Paris_1626,False,,Construction,secondary,new_full_run,6a0d47e3-f472-4b63-a6f5-67c693a0adf9,exec_wezq1e
Paris_1626,Paris_1626,False,,Military Engineering,primary,new_full_run,6a0d47e3-f472-4b63-a6f5-67c693a0adf9,exec_wezq1e
Paris_1626,Paris_1626,False,,Practical Geometry,unknown,new_full_run,6a0d47e3-f472-4b63-a6f5-67c693a0adf9,exec_wezq1e
Paris_1626,Paris_1626,False,,Theoretical Mathematics,primary,new_full_run,6a0d47e3-f472-4b63-a6f5-67c693a0adf9,exec_wezq1e
Paris_1626b,Paris_1626b,False,,Astronomy,primary,new_full_run,6a0d47e3-f472-4b63-a6f5-67c693a0adf9,exec_t9fg0e
Paris_1626b,Paris_1626b,False,,Theoretical Mathematics,primary,new_full_run,6a0d47e3-f472-4b63-a6f5-67c693a0adf9,exec_t9fg0e
Paris_1626b,Paris_1626b,False,,Trigonometry,unknown,new_full_run,6a0d47e3-f472-4b63-a6f5-67c693a0adf9,exec_t9fg0e
Paris_1661,Paris_1661,False,,Geography,unknown,new_full_run,6a0d47e3-f472-4b63-a6f5-67c693a0adf9,exec_6j536y
Paris_1661,Paris_1661,False,,Instrument Use,primary,new_full_run,6a0d47e3-f472-4b63-a6f5-67c693a0adf9,exec_6j536y
Paris_1661,Paris_1661,False,,Military Engineering,primary,new_full_run,6a0d47e3-f472-4b63-a6f5-67c693a0adf9,exec_6j536y
Paris_1661,Paris_1661,False,,Practical Geometry,primary,new_full_run,6a0d47e3-f472-4b63-a6f5-67c693a0adf9,exec_6j536y
Paris_1661,Paris_1661,False,,Surveying,primary,new_full_run,6a0d47e3-f472-4b63-a6f5-67c693a0adf9,exec_6j536y
Paris_1661,Paris_1661,False,,Trigonometry,primary,new_full_run,6a0d47e3-f472-4b63-a6f5-67c693a0adf9,exec_6j536y
Paris_1667,Paris_1667,False,DI1HUP,Theoretical Mathematics,primary,new_full_run,6a0d47e3-f472-4b63-a6f5-67c693a0adf9,exec_jqbseb
Paris_1689,Paris_1689,False,,Theoretical Mathematics,primary,new_full_run,6a0d47e3-f472-4b63-a6f5-67c693a0adf9,exec_jekbfn
Paris_1695,Paris_1695,False,,Practical Geometry,unknown,new_full_run,6a0d47e3-f472-4b63-a6f5-67c693a0adf9,exec_75qa4d
Paris_1695,Paris_1695,False,,Theoretical Mathematics,primary,new_full_run,6a0d47e3-f472-4b63-a6f5-67c693a0adf9,exec_75qa4d
Paris_1739,Paris_1739,False,,Practical Geometry,primary,new_full_run,6a0d47e3-f472-4b63-a6f5-67c693a0adf9,exec_ujt0t4
Paris_1739,Paris_1739,False,,Surveying,secondary,new_full_run,6a0d47e3-f472-4b63-a6f5-67c693a0adf9,exec_ujt0t4
Paris_1739,Paris_1739,False,,Theoretical Mathematics,secondary,new_full_run,6a0d47e3-f472-4b63-a6f5-67c693a0adf9,exec_ujt0t4
Paris_1739,Paris_1739,False,,Trigonometry,primary,new_full_run,6a0d47e3-f472-4b63-a6f5-67c693a0adf9,exec_ujt0t4
Paris_1794,KVSFF1,True,V6Q1EV,Theoretical Mathematics,primary,new_full_run,6a0d47e3-f472-4b63-a6f5-67c693a0adf9,exec_eb3q6d
Paris_1794,KVSFF1,True,V6Q1EV,Trigonometry,secondary,new_full_run,6a0d47e3-f472-4b63-a6f5-67c693a0adf9,exec_eb3q6d
Paris_1814,Paris_1814,False,,Theoretical Mathematics,primary,new_full_run,6a0d47e3-f472-4b63-a6f5-67c693a0adf9,exec_6u1m6s
Q4F538,Q4F538,False,,Architecture,secondary,old_155_handoff,final_hybrid_v1_2026_06_03,final_hybrid_handoff
Q4F538,Q4F538,False,,Perspective,primary,old_155_handoff,final_hybrid_v1_2026_06_03,final_hybrid_handoff
Q4F538,Q4F538,False,,Practical Geometry,primary,old_155_handoff,final_hybrid_v1_2026_06_03,final_hybrid_handoff
QIG1E3,Halle_1758,True,31E054,Theoretical Mathematics,primary,new_full_run,6a0d47e3-f472-4b63-a6f5-67c693a0adf9,exec_2zftfh
QR4DDA,QR4DDA,False,,Architecture,unknown,new_full_run,6a0d47e3-f472-4b63-a6f5-67c693a0adf9,exec_pd88wn
QR4DDA,QR4DDA,False,,Perspective,unknown,new_full_run,6a0d47e3-f472-4b63-a6f5-67c693a0adf9,exec_pd88wn
QR4DDA,QR4DDA,False,,Practical Geometry,unknown,new_full_run,6a0d47e3-f472-4b63-a6f5-67c693a0adf9,exec_pd88wn
QR4DDA,QR4DDA,False,,Theoretical Mathematics,primary,new_full_run,6a0d47e3-f472-4b63-a6f5-67c693a0adf9,exec_pd88wn
QWCWLH,QWCWLH,False,,Architecture,primary,old_155_handoff,final_hybrid_v1_2026_06_03,final_hybrid_handoff
RH6KEE,RH6KEE,False,BJ5A61,Construction,secondary,new_full_run,6a0d47e3-f472-4b63-a6f5-67c693a0adf9,exec_e4er8c
RH6KEE,RH6KEE,False,BJ5A61,Military Engineering,primary,new_full_run,6a0d47e3-f472-4b63-a6f5-67c693a0adf9,exec_e4er8c
RSEIPO,RSEIPO,False,,Theoretical Mathematics,primary,new_full_run,6a0d47e3-f472-4b63-a6f5-67c693a0adf9,exec_zmvcjc
Rome_1591,Rome_1591,False,,Astronomy,primary,new_full_run,6a0d47e3-f472-4b63-a6f5-67c693a0adf9,exec_5cfqqu
Rome_1593,Rome_1593,False,,Music Theory,unknown,new_full_run,6a0d47e3-f472-4b63-a6f5-67c693a0adf9,exec_68ly9u
Rome_1593,Rome_1593,False,,Theoretical Mathematics,primary,new_full_run,6a0d47e3-f472-4b63-a6f5-67c693a0adf9,exec_68ly9u
Rome_1609,Rome_1609,False,,Astronomy,primary,new_full_run,6a0d47e3-f472-4b63-a6f5-67c693a0adf9,exec_zxxj8p
Rome_1609,Rome_1609,False,,Theoretical Mathematics,primary,new_full_run,6a0d47e3-f472-4b63-a6f5-67c693a0adf9,exec_zxxj8p
Rome_1679,Rome_1679,False,2LJ5VI,Theoretical Mathematics,primary,new_full_run,6a0d47e3-f472-4b63-a6f5-67c693a0adf9,exec_x2dxtc
Rome_1695,Rome_1695,False,,Arithmetic,secondary,new_full_run,6a0d47e3-f472-4b63-a6f5-67c693a0adf9,exec_3jzabd
Rome_1695,Rome_1695,False,,Theoretical Mathematics,primary,new_full_run,6a0d47e3-f472-4b63-a6f5-67c693a0adf9,exec_3jzabd
S105XB,S105XB,False,,Instrument Use,primary,old_155_handoff,final_hybrid_v1_2026_06_03,final_hybrid_handoff
S105XB,S105XB,False,,Perspective,primary,old_155_handoff,final_hybrid_v1_2026_06_03,final_hybrid_handoff
S105XB,S105XB,False,,Practical Geometry,primary,old_155_handoff,final_hybrid_v1_2026_06_03,final_hybrid_handoff
Strasbourg_1529,Strasbourg_1529,False,,Practical Geometry,unknown,old_155_handoff,final_hybrid_v1_2026_06_03,final_hybrid_handoff
Strasbourg_1557,Strasbourg_1557,False,,Theoretical Mathematics,primary,new_full_run,6a0d47e3-f472-4b63-a6f5-67c693a0adf9,exec_e8nqfn
Strasbourg_1572,Strasbourg_1572,False,,Astronomy,primary,new_full_run,6a0d47e3-f472-4b63-a6f5-67c693a0adf9,exec_ppzu78
Strasbourg_1572,Strasbourg_1572,False,,Theoretical Mathematics,primary,new_full_run,6a0d47e3-f472-4b63-a6f5-67c693a0adf9,exec_ppzu78
Strasbourg_1625,Strasbourg_1625,False,,Arithmetic,primary,new_full_run,6a0d47e3-f472-4b63-a6f5-67c693a0adf9,exec_18wm3a
Strasbourg_1625,Strasbourg_1625,False,,Astronomy,primary,new_full_run,6a0d47e3-f472-4b63-a6f5-67c693a0adf9,exec_18wm3a
Strasbourg_1625,Strasbourg_1625,False,,Geography,primary,new_full_run,6a0d47e3-f472-4b63-a6f5-67c693a0adf9,exec_18wm3a
T3UM3R,GGD02E,True,7918A9,Architecture,unknown,old_155_handoff,final_hybrid_v1_2026_06_03,final_hybrid_handoff
T3UM3R,GGD02E,True,7918A9,Instrument Use,unknown,old_155_handoff,final_hybrid_v1_2026_06_03,final_hybrid_handoff
T3UM3R,GGD02E,True,7918A9,Perspective,primary,old_155_handoff,final_hybrid_v1_2026_06_03,final_hybrid_handoff
T3UM3R,GGD02E,True,7918A9,Practical Geometry,unknown,old_155_handoff,final_hybrid_v1_2026_06_03,final_hybrid_handoff
T4DFPF,T4DFPF,False,,Astronomy,secondary,new_full_run,6a0d47e3-f472-4b63-a6f5-67c693a0adf9,exec_cs76sr
T4DFPF,T4DFPF,False,,Theoretical Mathematics,primary,new_full_run,6a0d47e3-f472-4b63-a6f5-67c693a0adf9,exec_cs76sr
TJONV6,TJONV6,False,,Arithmetic,primary,old_155_handoff,final_hybrid_v1_2026_06_03,final_hybrid_handoff
TMVVZN,TMVVZN,False,,Practical Geometry,unknown,old_155_handoff,final_hybrid_v1_2026_06_03,final_hybrid_handoff
The_Hague_1683,Paris_1667,True,DI1HUP,Theoretical Mathematics,primary,new_full_run,6a0d47e3-f472-4b63-a6f5-67c693a0adf9,exec_jqbseb
The_Hague_1758,The_Hague_1758,False,,Theoretical Mathematics,primary,new_full_run,6a0d47e3-f472-4b63-a6f5-67c693a0adf9,exec_d4npam
Tours_1593,Tours_1593,False,,Theoretical Mathematics,primary,old_155_handoff,final_hybrid_v1_2026_06_03,final_hybrid_handoff
Turin_1671,Turin_1671,False,,Theoretical Mathematics,primary,new_full_run,6a0d47e3-f472-4b63-a6f5-67c693a0adf9,exec_07e8dy
UEIZFO,UEIZFO,False,,Arithmetic,primary,old_155_handoff,final_hybrid_v1_2026_06_03,final_hybrid_handoff
UOH868,UOH868,False,,Perspective,primary,new_full_run,6a0d47e3-f472-4b63-a6f5-67c693a0adf9,exec_pw6d8n
UQI2BV,UQI2BV,False,,Theoretical Mathematics,primary,new_full_run,6a0d47e3-f472-4b63-a6f5-67c693a0adf9,exec_shqw5t
UX662Y,UX662Y,False,,Perspective,primary,new_full_run,6a0d47e3-f472-4b63-a6f5-67c693a0adf9,exec_zzlqpq
UX662Y,UX662Y,False,,Practical Geometry,secondary,new_full_run,6a0d47e3-f472-4b63-a6f5-67c693a0adf9,exec_zzlqpq
Uppsala_1642,Uppsala_1642,False,,Theoretical Mathematics,primary,new_full_run,6a0d47e3-f472-4b63-a6f5-67c693a0adf9,exec_oma822
Uppsala_1741,Uppsala_1741,False,,Theoretical Mathematics,primary,new_full_run,6a0d47e3-f472-4b63-a6f5-67c693a0adf9,exec_3pg356
Uppsala_1744,Uppsala_1744,False,,Theoretical Mathematics,primary,new_full_run,6a0d47e3-f472-4b63-a6f5-67c693a0adf9,exec_imsjsk
VQDBOK,VQDBOK,False,,Mechanics,primary,new_full_run,6a0d47e3-f472-4b63-a6f5-67c693a0adf9,exec_l8buxj
VQDBOK,VQDBOK,False,,Practical Geometry,unknown,new_full_run,6a0d47e3-f472-4b63-a6f5-67c693a0adf9,exec_l8buxj
VQDBOK,VQDBOK,False,,Theoretical Mathematics,primary,new_full_run,6a0d47e3-f472-4b63-a6f5-67c693a0adf9,exec_l8buxj
VRHOHN,VRHOHN,False,,Architecture,primary,new_full_run,6a0d47e3-f472-4b63-a6f5-67c693a0adf9,exec_6lfxr1
VRHOHN,VRHOHN,False,,Construction,secondary,new_full_run,6a0d47e3-f472-4b63-a6f5-67c693a0adf9,exec_6lfxr1
VRHOHN,VRHOHN,False,,Instrument Use,secondary,new_full_run,6a0d47e3-f472-4b63-a6f5-67c693a0adf9,exec_6lfxr1
VRHOHN,VRHOHN,False,,Practical Geometry,secondary,new_full_run,6a0d47e3-f472-4b63-a6f5-67c693a0adf9,exec_6lfxr1
VT5JVX,VT5JVX,False,,Perspective,primary,new_full_run,6a0d47e3-f472-4b63-a6f5-67c693a0adf9,exec_8jc6d3
VWMZ7L,VWMZ7L,False,,Arithmetic,primary,old_155_handoff,final_hybrid_v1_2026_06_03,final_hybrid_handoff
VWMZ7L,VWMZ7L,False,,Astronomy,primary,old_155_handoff,final_hybrid_v1_2026_06_03,final_hybrid_handoff
VWMZ7L,VWMZ7L,False,,Music Theory,primary,old_155_handoff,final_hybrid_v1_2026_06_03,final_hybrid_handoff
VWMZ7L,VWMZ7L,False,,Practical Geometry,unknown,old_155_handoff,final_hybrid_v1_2026_06_03,final_hybrid_handoff
VWMZ7L,VWMZ7L,False,,Theoretical Mathematics,primary,old_155_handoff,final_hybrid_v1_2026_06_03,final_hybrid_handoff
Valencia_1569,Valencia_1569,False,,Theoretical Mathematics,primary,old_155_handoff,final_hybrid_v1_2026_06_03,final_hybrid_handoff
Valencia_1673,Valencia_1673,False,,Theoretical Mathematics,primary,new_full_run,6a0d47e3-f472-4b63-a6f5-67c693a0adf9,exec_c8viao
Venice_1482,Venice_1482,False,,Theoretical Mathematics,primary,new_full_run,6a0d47e3-f472-4b63-a6f5-67c693a0adf9,exec_ym8nfj
Venice_1491,Venice_1491,False,,Practical Geometry,unknown,new_full_run,6a0d47e3-f472-4b63-a6f5-67c693a0adf9,exec_o42s7c
Venice_1498,Venice_1498,False,,Theoretical Mathematics,primary,new_full_run,6a0d47e3-f472-4b63-a6f5-67c693a0adf9,exec_0i01mj
Venice_1603,Venice_1603,False,,Music Theory,unknown,new_full_run,6a0d47e3-f472-4b63-a6f5-67c693a0adf9,exec_t5vsc2
Venice_1603,Venice_1603,False,,Theoretical Mathematics,primary,new_full_run,6a0d47e3-f472-4b63-a6f5-67c693a0adf9,exec_t5vsc2
Venice_1647,Venice_1647,False,,Theoretical Mathematics,primary,new_full_run,6a0d47e3-f472-4b63-a6f5-67c693a0adf9,exec_xsx7fo
WFWXP4,HFRLRC,True,298FCC,Perspective,primary,new_full_run,6a0d47e3-f472-4b63-a6f5-67c693a0adf9,exec_8tehgh
WHEESV,WHEESV,False,,Architecture,unknown,old_155_handoff,final_hybrid_v1_2026_06_03,final_hybrid_handoff
WHEESV,WHEESV,False,,Instrument Use,unknown,old_155_handoff,final_hybrid_v1_2026_06_03,final_hybrid_handoff
WHEESV,WHEESV,False,,Perspective,primary,old_155_handoff,final_hybrid_v1_2026_06_03,final_hybrid_handoff
WHEESV,WHEESV,False,,Practical Geometry,unknown,old_155_handoff,final_hybrid_v1_2026_06_03,final_hybrid_handoff
WNYVAP,WNYVAP,False,,Trigonometry,primary,new_full_run,6a0d47e3-f472-4b63-a6f5-67c693a0adf9,exec_qf4cbo
WOQG2Q,WOQG2Q,False,,Architecture,primary,new_full_run,6a0d47e3-f472-4b63-a6f5-67c693a0adf9,exec_hhccku
WOQG2Q,WOQG2Q,False,,Military Engineering,primary,new_full_run,6a0d47e3-f472-4b63-a6f5-67c693a0adf9,exec_hhccku
WWE4ON,WWE4ON,False,,Arithmetic,primary,new_full_run,6a0d47e3-f472-4b63-a6f5-67c693a0adf9,exec_yu6t64
WWE4ON,WWE4ON,False,,Theoretical Mathematics,primary,new_full_run,6a0d47e3-f472-4b63-a6f5-67c693a0adf9,exec_yu6t64
X2T7PY,X2T7PY,False,,Gnomonics & Horology,primary,old_155_handoff,final_hybrid_v1_2026_06_03,final_hybrid_handoff
X2T7PY,X2T7PY,False,,Instrument Construction,primary,old_155_handoff,final_hybrid_v1_2026_06_03,final_hybrid_handoff
X2T7PY,X2T7PY,False,,Instrument Use,primary,old_155_handoff,final_hybrid_v1_2026_06_03,final_hybrid_handoff
X2T7PY,X2T7PY,False,,Practical Geometry,unknown,old_155_handoff,final_hybrid_v1_2026_06_03,final_hybrid_handoff
X5YBIB,X5YBIB,False,NMAV1L,Instrument Use,primary,old_155_handoff,final_hybrid_v1_2026_06_03,final_hybrid_handoff
X5YBIB,X5YBIB,False,NMAV1L,Practical Geometry,primary,old_155_handoff,final_hybrid_v1_2026_06_03,final_hybrid_handoff
XAFNOE,XAFNOE,False,,Mechanics,primary,new_full_run,6a0d47e3-f472-4b63-a6f5-67c693a0adf9,exec_zx7o5x
XCQGKZ,XCQGKZ,False,,Architecture,primary,new_full_run,6a0d47e3-f472-4b63-a6f5-67c693a0adf9,exec_zjrocx
XCQGKZ,XCQGKZ,False,,Military Engineering,primary,new_full_run,6a0d47e3-f472-4b63-a6f5-67c693a0adf9,exec_zjrocx
XCQGKZ,XCQGKZ,False,,Perspective,primary,new_full_run,6a0d47e3-f472-4b63-a6f5-67c693a0adf9,exec_zjrocx
XHZ2XV,XHZ2XV,False,,Arithmetic,primary,old_155_handoff,final_hybrid_v1_2026_06_03,final_hybrid_handoff
XHZ2XV,XHZ2XV,False,,Astronomy,unknown,old_155_handoff,final_hybrid_v1_2026_06_03,final_hybrid_handoff
XHZ2XV,XHZ2XV,False,,Music Theory,primary,old_155_handoff,final_hybrid_v1_2026_06_03,final_hybrid_handoff
XHZ2XV,XHZ2XV,False,,Practical Geometry,primary,old_155_handoff,final_hybrid_v1_2026_06_03,final_hybrid_handoff
XOIASP,XOIASP,False,,Perspective,primary,new_full_run,6a0d47e3-f472-4b63-a6f5-67c693a0adf9,exec_vqmx31
XP5WU4,XP5WU4,False,,Arithmetic,primary,new_full_run,6a0d47e3-f472-4b63-a6f5-67c693a0adf9,exec_dz1vos
XP5WU4,XP5WU4,False,,Commercial Mathematics,unknown,new_full_run,6a0d47e3-f472-4b63-a6f5-67c693a0adf9,exec_dz1vos
XXI4KS,XXI4KS,False,,Architecture,unknown,old_155_handoff,final_hybrid_v1_2026_06_03,final_hybrid_handoff
XXI4KS,XXI4KS,False,,Perspective,primary,old_155_handoff,final_hybrid_v1_2026_06_03,final_hybrid_handoff
XXI4KS,XXI4KS,False,,Practical Geometry,unknown,old_155_handoff,final_hybrid_v1_2026_06_03,final_hybrid_handoff
YB32U5,YB32U5,False,,Perspective,primary,new_full_run,6a0d47e3-f472-4b63-a6f5-67c693a0adf9,exec_2ddapc
YB32U5,YB32U5,False,,Practical Geometry,secondary,new_full_run,6a0d47e3-f472-4b63-a6f5-67c693a0adf9,exec_2ddapc
YBCWZV,YBCWZV,False,,Gnomonics & Horology,primary,new_full_run,6a0d47e3-f472-4b63-a6f5-67c693a0adf9,exec_sfnb8s
YBCWZV,YBCWZV,False,,Instrument Construction,unknown,new_full_run,6a0d47e3-f472-4b63-a6f5-67c693a0adf9,exec_sfnb8s
YBCWZV,YBCWZV,False,,Instrument Use,primary,new_full_run,6a0d47e3-f472-4b63-a6f5-67c693a0adf9,exec_sfnb8s
YCXMIJ,YCXMIJ,False,,Mechanics,primary,old_155_handoff,final_hybrid_v1_2026_06_03,final_hybrid_handoff
YCXMIJ,YCXMIJ,False,,Practical Geometry,unknown,old_155_handoff,final_hybrid_v1_2026_06_03,final_hybrid_handoff
YPQYIR,YPQYIR,False,,Mechanics,primary,old_155_handoff,final_hybrid_v1_2026_06_03,final_hybrid_handoff
YQDZSW,YQDZSW,False,,Mechanics,primary,old_155_handoff,final_hybrid_v1_2026_06_03,final_hybrid_handoff
YSF4K5,YSF4K5,False,,Perspective,primary,new_full_run,6a0d47e3-f472-4b63-a6f5-67c693a0adf9,exec_m6bgn2
YUHFFF,YUHFFF,False,,Arithmetic,primary,new_full_run,6a0d47e3-f472-4b63-a6f5-67c693a0adf9,exec_ccxlhm
YUHFFF,YUHFFF,False,,Music Theory,primary,new_full_run,6a0d47e3-f472-4b63-a6f5-67c693a0adf9,exec_ccxlhm
YUHFFF,YUHFFF,False,,Practical Geometry,unknown,new_full_run,6a0d47e3-f472-4b63-a6f5-67c693a0adf9,exec_ccxlhm
YUHFFF,YUHFFF,False,,Theoretical Mathematics,primary,new_full_run,6a0d47e3-f472-4b63-a6f5-67c693a0adf9,exec_ccxlhm
Z0K13S,Z0K13S,False,,Astronomy,primary,old_155_handoff,final_hybrid_v1_2026_06_03,final_hybrid_handoff
Z26G13,Z26G13,False,,Perspective,primary,new_full_run,6a0d47e3-f472-4b63-a6f5-67c693a0adf9,exec_8aeia5
ZGOHUR,ZGOHUR,False,,Gnomonics & Horology,primary,old_155_handoff,final_hybrid_v1_2026_06_03,final_hybrid_handoff
ZGOHUR,ZGOHUR,False,,Instrument Use,secondary,old_155_handoff,final_hybrid_v1_2026_06_03,final_hybrid_handoff
ZGOHUR,ZGOHUR,False,,Practical Geometry,secondary,old_155_handoff,final_hybrid_v1_2026_06_03,final_hybrid_handoff
ZN24V0,ZN24V0,False,,Architecture,primary,old_155_handoff,final_hybrid_v1_2026_06_03,final_hybrid_handoff
ZN24V0,ZN24V0,False,,Instrument Use,unknown,old_155_handoff,final_hybrid_v1_2026_06_03,final_hybrid_handoff
ZN24V0,ZN24V0,False,,Perspective,primary,old_155_handoff,final_hybrid_v1_2026_06_03,final_hybrid_handoff
ZN24V0,ZN24V0,False,,Practical Geometry,primary,old_155_handoff,final_hybrid_v1_2026_06_03,final_hybrid_handoff
ZNLALU,ZNLALU,False,KNYEAK,Arithmetic,primary,new_full_run,6a0d47e3-f472-4b63-a6f5-67c693a0adf9,exec_5qcrd1
ZYVGSH,ZYVGSH,False,,Theoretical Mathematics,primary,new_full_run,6a0d47e3-f472-4b63-a6f5-67c693a0adf9,exec_0vbc00
bib-1,bib-1,False,,Practical Geometry,primary,old_155_handoff,final_hybrid_v1_2026_06_03,final_hybrid_handoff
bib-10,bib-10,False,,Instrument Use,primary,old_155_handoff,final_hybrid_v1_2026_06_03,final_hybrid_handoff
bib-10,bib-10,False,,Practical Geometry,primary,old_155_handoff,final_hybrid_v1_2026_06_03,final_hybrid_handoff
bib-100,bib-100,False,,Architecture,primary,new_full_run,6a0d47e3-f472-4b63-a6f5-67c693a0adf9,exec_11hfsg
bib-100,bib-100,False,,Practical Geometry,primary,new_full_run,6a0d47e3-f472-4b63-a6f5-67c693a0adf9,exec_11hfsg
bib-103,bib-103,False,,Instrument Construction,primary,new_full_run,6a0d47e3-f472-4b63-a6f5-67c693a0adf9,exec_uqbkr3
bib-103,bib-103,False,,Instrument Use,primary,new_full_run,6a0d47e3-f472-4b63-a6f5-67c693a0adf9,exec_uqbkr3
bib-103,bib-103,False,,Mechanics,secondary,new_full_run,6a0d47e3-f472-4b63-a6f5-67c693a0adf9,exec_uqbkr3
bib-103,bib-103,False,,Practical Geometry,primary,new_full_run,6a0d47e3-f472-4b63-a6f5-67c693a0adf9,exec_uqbkr3
bib-103,bib-103,False,,Surveying,primary,new_full_run,6a0d47e3-f472-4b63-a6f5-67c693a0adf9,exec_uqbkr3
bib-105,bib-105,False,,Instrument Use,primary,old_155_handoff,final_hybrid_v1_2026_06_03,final_hybrid_handoff
bib-105,bib-105,False,,Practical Geometry,primary,old_155_handoff,final_hybrid_v1_2026_06_03,final_hybrid_handoff
bib-106,bib-106,False,,Astronomy,primary,new_full_run,6a0d47e3-f472-4b63-a6f5-67c693a0adf9,exec_24k267
bib-106,bib-106,False,,Geography,primary,new_full_run,6a0d47e3-f472-4b63-a6f5-67c693a0adf9,exec_24k267
bib-106,bib-106,False,,Navigation,secondary,new_full_run,6a0d47e3-f472-4b63-a6f5-67c693a0adf9,exec_24k267
bib-106,bib-106,False,,Theoretical Mathematics,unknown,new_full_run,6a0d47e3-f472-4b63-a6f5-67c693a0adf9,exec_24k267
bib-107,bib-107,False,,Arithmetic,primary,new_full_run,6a0d47e3-f472-4b63-a6f5-67c693a0adf9,exec_ua5s27
bib-107,bib-107,False,,Astronomy,primary,new_full_run,6a0d47e3-f472-4b63-a6f5-67c693a0adf9,exec_ua5s27
bib-107,bib-107,False,,Geography,primary,new_full_run,6a0d47e3-f472-4b63-a6f5-67c693a0adf9,exec_ua5s27
bib-107,bib-107,False,,Navigation,secondary,new_full_run,6a0d47e3-f472-4b63-a6f5-67c693a0adf9,exec_ua5s27
bib-108,bib-108,False,,Astronomy,primary,new_full_run,6a0d47e3-f472-4b63-a6f5-67c693a0adf9,exec_adwaaq
bib-108,bib-108,False,,Geography,primary,new_full_run,6a0d47e3-f472-4b63-a6f5-67c693a0adf9,exec_adwaaq
bib-108,bib-108,False,,Navigation,secondary,new_full_run,6a0d47e3-f472-4b63-a6f5-67c693a0adf9,exec_adwaaq
bib-108,bib-108,False,,Theoretical Mathematics,unknown,new_full_run,6a0d47e3-f472-4b63-a6f5-67c693a0adf9,exec_adwaaq
bib-110,bib-110,False,,Practical Geometry,primary,new_full_run,6a0d47e3-f472-4b63-a6f5-67c693a0adf9,exec_lr6ewj
bib-110,bib-110,False,,Theoretical Mathematics,secondary,new_full_run,6a0d47e3-f472-4b63-a6f5-67c693a0adf9,exec_lr6ewj
bib-111,bib-111,False,,Practical Geometry,primary,new_full_run,6a0d47e3-f472-4b63-a6f5-67c693a0adf9,exec_ivdbn2
bib-111,bib-111,False,,Surveying,unknown,new_full_run,6a0d47e3-f472-4b63-a6f5-67c693a0adf9,exec_ivdbn2
bib-111,bib-111,False,,Trigonometry,unknown,new_full_run,6a0d47e3-f472-4b63-a6f5-67c693a0adf9,exec_ivdbn2
bib-112,bib-112,False,,Practical Geometry,primary,new_full_run,6a0d47e3-f472-4b63-a6f5-67c693a0adf9,exec_aw2gnt
bib-113,bib-113,False,,Theoretical Mathematics,unknown,new_full_run,6a0d47e3-f472-4b63-a6f5-67c693a0adf9,exec_jn72kd
bib-114,bib-114,False,,Navigation,unknown,new_full_run,6a0d47e3-f472-4b63-a6f5-67c693a0adf9,exec_1451bk
bib-114,bib-114,False,,Practical Geometry,primary,new_full_run,6a0d47e3-f472-4b63-a6f5-67c693a0adf9,exec_1451bk
bib-114,bib-114,False,,Trigonometry,secondary,new_full_run,6a0d47e3-f472-4b63-a6f5-67c693a0adf9,exec_1451bk
bib-115,bib-115,False,,Architecture,secondary,new_full_run,6a0d47e3-f472-4b63-a6f5-67c693a0adf9,exec_4dzdsm
bib-115,bib-115,False,,Arithmetic,primary,new_full_run,6a0d47e3-f472-4b63-a6f5-67c693a0adf9,exec_4dzdsm
bib-115,bib-115,False,,Astronomy,primary,new_full_run,6a0d47e3-f472-4b63-a6f5-67c693a0adf9,exec_4dzdsm
bib-115,bib-115,False,,Cosmography,primary,new_full_run,6a0d47e3-f472-4b63-a6f5-67c693a0adf9,exec_4dzdsm
bib-115,bib-115,False,,Instrument Construction,primary,new_full_run,6a0d47e3-f472-4b63-a6f5-67c693a0adf9,exec_4dzdsm
bib-115,bib-115,False,,Instrument Use,primary,new_full_run,6a0d47e3-f472-4b63-a6f5-67c693a0adf9,exec_4dzdsm
bib-115,bib-115,False,,Military Engineering,secondary,new_full_run,6a0d47e3-f472-4b63-a6f5-67c693a0adf9,exec_4dzdsm
bib-115,bib-115,False,,Navigation,primary,new_full_run,6a0d47e3-f472-4b63-a6f5-67c693a0adf9,exec_4dzdsm
bib-115,bib-115,False,,Practical Geometry,primary,new_full_run,6a0d47e3-f472-4b63-a6f5-67c693a0adf9,exec_4dzdsm
bib-115,bib-115,False,,Surveying,secondary,new_full_run,6a0d47e3-f472-4b63-a6f5-67c693a0adf9,exec_4dzdsm
bib-115,bib-115,False,,Theoretical Mathematics,primary,new_full_run,6a0d47e3-f472-4b63-a6f5-67c693a0adf9,exec_4dzdsm
bib-115,bib-115,False,,Trigonometry,primary,new_full_run,6a0d47e3-f472-4b63-a6f5-67c693a0adf9,exec_4dzdsm
bib-116,bib-116,False,,Practical Geometry,primary,new_full_run,6a0d47e3-f472-4b63-a6f5-67c693a0adf9,exec_b02rd8
bib-116,bib-116,False,,Surveying,unknown,new_full_run,6a0d47e3-f472-4b63-a6f5-67c693a0adf9,exec_b02rd8
bib-117,bib-117,False,RDE28F,Architecture,primary,new_full_run,6a0d47e3-f472-4b63-a6f5-67c693a0adf9,exec_qrp2ig
bib-117,bib-117,False,RDE28F,Military Engineering,primary,new_full_run,6a0d47e3-f472-4b63-a6f5-67c693a0adf9,exec_qrp2ig
bib-117,bib-117,False,RDE28F,Perspective,primary,new_full_run,6a0d47e3-f472-4b63-a6f5-67c693a0adf9,exec_qrp2ig
bib-118,bib-117,True,RDE28F,Architecture,primary,new_full_run,6a0d47e3-f472-4b63-a6f5-67c693a0adf9,exec_qrp2ig
bib-118,bib-117,True,RDE28F,Military Engineering,primary,new_full_run,6a0d47e3-f472-4b63-a6f5-67c693a0adf9,exec_qrp2ig
bib-118,bib-117,True,RDE28F,Perspective,primary,new_full_run,6a0d47e3-f472-4b63-a6f5-67c693a0adf9,exec_qrp2ig
bib-119,bib-119,False,MWEUI5,Arithmetic,primary,new_full_run,6a0d47e3-f472-4b63-a6f5-67c693a0adf9,exec_lxobgg
bib-119,bib-119,False,MWEUI5,Construction,secondary,new_full_run,6a0d47e3-f472-4b63-a6f5-67c693a0adf9,exec_lxobgg
bib-119,bib-119,False,MWEUI5,Instrument Construction,unknown,new_full_run,6a0d47e3-f472-4b63-a6f5-67c693a0adf9,exec_lxobgg
bib-119,bib-119,False,MWEUI5,Instrument Use,secondary,new_full_run,6a0d47e3-f472-4b63-a6f5-67c693a0adf9,exec_lxobgg
bib-119,bib-119,False,MWEUI5,Military Engineering,primary,new_full_run,6a0d47e3-f472-4b63-a6f5-67c693a0adf9,exec_lxobgg
bib-119,bib-119,False,MWEUI5,Practical Geometry,primary,new_full_run,6a0d47e3-f472-4b63-a6f5-67c693a0adf9,exec_lxobgg
bib-119,bib-119,False,MWEUI5,Surveying,primary,new_full_run,6a0d47e3-f472-4b63-a6f5-67c693a0adf9,exec_lxobgg
bib-12,bib-12,False,,Architecture,primary,new_full_run,6a0d47e3-f472-4b63-a6f5-67c693a0adf9,exec_3zl19o
bib-12,bib-12,False,,Construction,primary,new_full_run,6a0d47e3-f472-4b63-a6f5-67c693a0adf9,exec_3zl19o
bib-12,bib-12,False,,Military Engineering,primary,new_full_run,6a0d47e3-f472-4b63-a6f5-67c693a0adf9,exec_3zl19o
bib-12,bib-12,False,,Perspective,primary,new_full_run,6a0d47e3-f472-4b63-a6f5-67c693a0adf9,exec_3zl19o
bib-120,bib-120,False,,Arithmetic,primary,new_full_run,6a0d47e3-f472-4b63-a6f5-67c693a0adf9,exec_r1splx
bib-120,bib-120,False,,Theoretical Mathematics,primary,new_full_run,6a0d47e3-f472-4b63-a6f5-67c693a0adf9,exec_r1splx
bib-122,bib-122,False,,Practical Geometry,unknown,new_full_run,6a0d47e3-f472-4b63-a6f5-67c693a0adf9,exec_vrfrhw
bib-122,bib-122,False,,Theoretical Mathematics,unknown,new_full_run,6a0d47e3-f472-4b63-a6f5-67c693a0adf9,exec_vrfrhw
bib-123,bib-123,False,,Architecture,unknown,old_155_handoff,final_hybrid_v1_2026_06_03,final_hybrid_handoff
bib-123,bib-123,False,,Arithmetic,primary,old_155_handoff,final_hybrid_v1_2026_06_03,final_hybrid_handoff
bib-123,bib-123,False,,Practical Geometry,primary,old_155_handoff,final_hybrid_v1_2026_06_03,final_hybrid_handoff
bib-124,bib-124,False,,Practical Geometry,primary,new_full_run,6a0d47e3-f472-4b63-a6f5-67c693a0adf9,exec_4mfdso
bib-125,bib-125,False,,Practical Geometry,primary,new_full_run,6a0d47e3-f472-4b63-a6f5-67c693a0adf9,exec_dvzzw6
bib-126,bib-126,False,,Architecture,secondary,new_full_run,6a0d47e3-f472-4b63-a6f5-67c693a0adf9,exec_hr38zy
bib-126,bib-126,False,,Cosmography,secondary,new_full_run,6a0d47e3-f472-4b63-a6f5-67c693a0adf9,exec_hr38zy
bib-126,bib-126,False,,Geography,secondary,new_full_run,6a0d47e3-f472-4b63-a6f5-67c693a0adf9,exec_hr38zy
bib-126,bib-126,False,,Military Engineering,secondary,new_full_run,6a0d47e3-f472-4b63-a6f5-67c693a0adf9,exec_hr38zy
bib-126,bib-126,False,,Practical Geometry,primary,new_full_run,6a0d47e3-f472-4b63-a6f5-67c693a0adf9,exec_hr38zy
bib-126,bib-126,False,,Surveying,secondary,new_full_run,6a0d47e3-f472-4b63-a6f5-67c693a0adf9,exec_hr38zy
bib-127,bib-127,False,,Practical Geometry,primary,old_155_handoff,final_hybrid_v1_2026_06_03,final_hybrid_handoff
bib-128,bib-128,False,,Architecture,unknown,old_155_handoff,final_hybrid_v1_2026_06_03,final_hybrid_handoff
bib-128,bib-128,False,,Arithmetic,primary,old_155_handoff,final_hybrid_v1_2026_06_03,final_hybrid_handoff
bib-128,bib-128,False,,Instrument Use,unknown,old_155_handoff,final_hybrid_v1_2026_06_03,final_hybrid_handoff
bib-128,bib-128,False,,Practical Geometry,primary,old_155_handoff,final_hybrid_v1_2026_06_03,final_hybrid_handoff
bib-128,bib-128,False,,Theoretical Mathematics,primary,old_155_handoff,final_hybrid_v1_2026_06_03,final_hybrid_handoff
bib-129,bib-129,False,FOT0ZG,Arithmetic,primary,new_full_run,6a0d47e3-f472-4b63-a6f5-67c693a0adf9,exec_sv9ee3
bib-13,bib-13,False,,Architecture,unknown,old_155_handoff,final_hybrid_v1_2026_06_03,final_hybrid_handoff
bib-13,bib-13,False,,Instrument Use,unknown,old_155_handoff,final_hybrid_v1_2026_06_03,final_hybrid_handoff
bib-13,bib-13,False,,Practical Geometry,primary,old_155_handoff,final_hybrid_v1_2026_06_03,final_hybrid_handoff
bib-130,bib-130,False,,Arithmetic,primary,new_full_run,6a0d47e3-f472-4b63-a6f5-67c693a0adf9,exec_reqy9r
bib-130,bib-130,False,,Theoretical Mathematics,unknown,new_full_run,6a0d47e3-f472-4b63-a6f5-67c693a0adf9,exec_reqy9r
bib-131,bib-131,False,,Cartography,primary,old_155_handoff,final_hybrid_v1_2026_06_03,final_hybrid_handoff
bib-131,bib-131,False,,Instrument Use,primary,old_155_handoff,final_hybrid_v1_2026_06_03,final_hybrid_handoff
bib-131,bib-131,False,,Practical Geometry,primary,old_155_handoff,final_hybrid_v1_2026_06_03,final_hybrid_handoff
bib-132,bib-132,False,,Practical Geometry,unknown,new_full_run,6a0d47e3-f472-4b63-a6f5-67c693a0adf9,exec_1xrzh0
bib-132,bib-132,False,,Surveying,primary,new_full_run,6a0d47e3-f472-4b63-a6f5-67c693a0adf9,exec_1xrzh0
bib-133,bib-133,False,,Arithmetic,primary,new_full_run,6a0d47e3-f472-4b63-a6f5-67c693a0adf9,exec_kz0qwt
bib-133,bib-133,False,,Practical Geometry,primary,new_full_run,6a0d47e3-f472-4b63-a6f5-67c693a0adf9,exec_kz0qwt
bib-133,bib-133,False,,Surveying,primary,new_full_run,6a0d47e3-f472-4b63-a6f5-67c693a0adf9,exec_kz0qwt
bib-134,bib-134,False,,Practical Geometry,primary,new_full_run,6a0d47e3-f472-4b63-a6f5-67c693a0adf9,exec_5lv7pz
bib-135,bib-135,False,,Instrument Use,secondary,new_full_run,6a0d47e3-f472-4b63-a6f5-67c693a0adf9,exec_u8mvbh
bib-135,bib-135,False,,Practical Geometry,primary,new_full_run,6a0d47e3-f472-4b63-a6f5-67c693a0adf9,exec_u8mvbh
bib-135,bib-135,False,,Surveying,primary,new_full_run,6a0d47e3-f472-4b63-a6f5-67c693a0adf9,exec_u8mvbh
bib-137,bib-137,False,,Architecture,primary,new_full_run,6a0d47e3-f472-4b63-a6f5-67c693a0adf9,exec_5s6exc
bib-137,bib-137,False,,Arithmetic,primary,new_full_run,6a0d47e3-f472-4b63-a6f5-67c693a0adf9,exec_5s6exc
bib-137,bib-137,False,,Gnomonics & Horology,primary,new_full_run,6a0d47e3-f472-4b63-a6f5-67c693a0adf9,exec_5s6exc
bib-137,bib-137,False,,Mechanics,primary,new_full_run,6a0d47e3-f472-4b63-a6f5-67c693a0adf9,exec_5s6exc
bib-137,bib-137,False,,Military Engineering,primary,new_full_run,6a0d47e3-f472-4b63-a6f5-67c693a0adf9,exec_5s6exc
bib-137,bib-137,False,,Theoretical Mathematics,primary,new_full_run,6a0d47e3-f472-4b63-a6f5-67c693a0adf9,exec_5s6exc
bib-137,bib-137,False,,Trigonometry,primary,new_full_run,6a0d47e3-f472-4b63-a6f5-67c693a0adf9,exec_5s6exc
bib-139,bib-139,False,,Architecture,secondary,new_full_run,6a0d47e3-f472-4b63-a6f5-67c693a0adf9,exec_ht8lol
bib-139,bib-139,False,,Arithmetic,secondary,new_full_run,6a0d47e3-f472-4b63-a6f5-67c693a0adf9,exec_ht8lol
bib-139,bib-139,False,,Astronomy,secondary,new_full_run,6a0d47e3-f472-4b63-a6f5-67c693a0adf9,exec_ht8lol
bib-139,bib-139,False,,Cosmography,secondary,new_full_run,6a0d47e3-f472-4b63-a6f5-67c693a0adf9,exec_ht8lol
bib-139,bib-139,False,,Geography,secondary,new_full_run,6a0d47e3-f472-4b63-a6f5-67c693a0adf9,exec_ht8lol
bib-139,bib-139,False,,Music Theory,unknown,new_full_run,6a0d47e3-f472-4b63-a6f5-67c693a0adf9,exec_ht8lol
bib-139,bib-139,False,,Practical Geometry,unknown,new_full_run,6a0d47e3-f472-4b63-a6f5-67c693a0adf9,exec_ht8lol
bib-139,bib-139,False,,Theoretical Mathematics,unknown,new_full_run,6a0d47e3-f472-4b63-a6f5-67c693a0adf9,exec_ht8lol
bib-14,bib-14,False,,Arithmetic,primary,old_155_handoff,final_hybrid_v1_2026_06_03,final_hybrid_handoff
bib-14,bib-14,False,,Practical Geometry,unknown,old_155_handoff,final_hybrid_v1_2026_06_03,final_hybrid_handoff
bib-14,bib-14,False,,Theoretical Mathematics,primary,old_155_handoff,final_hybrid_v1_2026_06_03,final_hybrid_handoff
bib-140,bib-140,False,,Architecture,secondary,new_full_run,6a0d47e3-f472-4b63-a6f5-67c693a0adf9,exec_fsndkw
bib-140,bib-140,False,,Arithmetic,secondary,new_full_run,6a0d47e3-f472-4b63-a6f5-67c693a0adf9,exec_fsndkw
bib-140,bib-140,False,,Astronomy,secondary,new_full_run,6a0d47e3-f472-4b63-a6f5-67c693a0adf9,exec_fsndkw
bib-140,bib-140,False,,Cosmography,secondary,new_full_run,6a0d47e3-f472-4b63-a6f5-67c693a0adf9,exec_fsndkw
bib-140,bib-140,False,,Geography,secondary,new_full_run,6a0d47e3-f472-4b63-a6f5-67c693a0adf9,exec_fsndkw
bib-140,bib-140,False,,Music Theory,unknown,new_full_run,6a0d47e3-f472-4b63-a6f5-67c693a0adf9,exec_fsndkw
bib-140,bib-140,False,,Theoretical Mathematics,unknown,new_full_run,6a0d47e3-f472-4b63-a6f5-67c693a0adf9,exec_fsndkw
bib-141,bib-141,False,,Architecture,secondary,new_full_run,6a0d47e3-f472-4b63-a6f5-67c693a0adf9,exec_sweog7
bib-141,bib-141,False,,Arithmetic,secondary,new_full_run,6a0d47e3-f472-4b63-a6f5-67c693a0adf9,exec_sweog7
bib-141,bib-141,False,,Astronomy,secondary,new_full_run,6a0d47e3-f472-4b63-a6f5-67c693a0adf9,exec_sweog7
bib-141,bib-141,False,,Cosmography,secondary,new_full_run,6a0d47e3-f472-4b63-a6f5-67c693a0adf9,exec_sweog7
bib-141,bib-141,False,,Geography,secondary,new_full_run,6a0d47e3-f472-4b63-a6f5-67c693a0adf9,exec_sweog7
bib-141,bib-141,False,,Music Theory,secondary,new_full_run,6a0d47e3-f472-4b63-a6f5-67c693a0adf9,exec_sweog7
bib-142,bib-142,False,,Architecture,secondary,new_full_run,6a0d47e3-f472-4b63-a6f5-67c693a0adf9,exec_jzpbe7
bib-142,bib-142,False,,Arithmetic,secondary,new_full_run,6a0d47e3-f472-4b63-a6f5-67c693a0adf9,exec_jzpbe7
bib-142,bib-142,False,,Astronomy,secondary,new_full_run,6a0d47e3-f472-4b63-a6f5-67c693a0adf9,exec_jzpbe7
bib-142,bib-142,False,,Cosmography,secondary,new_full_run,6a0d47e3-f472-4b63-a6f5-67c693a0adf9,exec_jzpbe7
bib-142,bib-142,False,,Geography,secondary,new_full_run,6a0d47e3-f472-4b63-a6f5-67c693a0adf9,exec_jzpbe7
bib-142,bib-142,False,,Music Theory,unknown,new_full_run,6a0d47e3-f472-4b63-a6f5-67c693a0adf9,exec_jzpbe7
bib-142,bib-142,False,,Practical Geometry,unknown,new_full_run,6a0d47e3-f472-4b63-a6f5-67c693a0adf9,exec_jzpbe7
bib-142,bib-142,False,,Theoretical Mathematics,unknown,new_full_run,6a0d47e3-f472-4b63-a6f5-67c693a0adf9,exec_jzpbe7
bib-144,bib-144,False,,Arithmetic,unknown,new_full_run,6a0d47e3-f472-4b63-a6f5-67c693a0adf9,exec_61evn9
bib-144,bib-144,False,,Astronomy,primary,new_full_run,6a0d47e3-f472-4b63-a6f5-67c693a0adf9,exec_61evn9
bib-144,bib-144,False,,Theoretical Mathematics,primary,new_full_run,6a0d47e3-f472-4b63-a6f5-67c693a0adf9,exec_61evn9
bib-144,bib-144,False,,Trigonometry,unknown,new_full_run,6a0d47e3-f472-4b63-a6f5-67c693a0adf9,exec_61evn9
bib-145,bib-145,False,,Practical Geometry,primary,new_full_run,6a0d47e3-f472-4b63-a6f5-67c693a0adf9,exec_tl4fdv
bib-145,bib-145,False,,Theoretical Mathematics,primary,new_full_run,6a0d47e3-f472-4b63-a6f5-67c693a0adf9,exec_tl4fdv
bib-146,bib-146,False,,Practical Geometry,primary,new_full_run,6a0d47e3-f472-4b63-a6f5-67c693a0adf9,exec_aqqmrh
bib-146,bib-146,False,,Theoretical Mathematics,primary,new_full_run,6a0d47e3-f472-4b63-a6f5-67c693a0adf9,exec_aqqmrh
bib-147,bib-147,False,,Architecture,primary,old_155_handoff,final_hybrid_v1_2026_06_03,final_hybrid_handoff
bib-147,bib-147,False,,Military Engineering,primary,old_155_handoff,final_hybrid_v1_2026_06_03,final_hybrid_handoff
bib-147,bib-147,False,,Practical Geometry,primary,old_155_handoff,final_hybrid_v1_2026_06_03,final_hybrid_handoff
bib-148,bib-148,False,,Architecture,secondary,old_155_handoff,final_hybrid_v1_2026_06_03,final_hybrid_handoff
bib-148,bib-148,False,,Military Engineering,primary,old_155_handoff,final_hybrid_v1_2026_06_03,final_hybrid_handoff
bib-148,bib-148,False,,Perspective,primary,old_155_handoff,final_hybrid_v1_2026_06_03,final_hybrid_handoff
bib-148,bib-148,False,,Practical Geometry,primary,old_155_handoff,final_hybrid_v1_2026_06_03,final_hybrid_handoff
bib-149,bib-149,False,,Construction,secondary,new_full_run,6a0d47e3-f472-4b63-a6f5-67c693a0adf9,exec_qpvkas
bib-149,bib-149,False,,Mechanics,secondary,new_full_run,6a0d47e3-f472-4b63-a6f5-67c693a0adf9,exec_qpvkas
bib-149,bib-149,False,,Military Engineering,primary,new_full_run,6a0d47e3-f472-4b63-a6f5-67c693a0adf9,exec_qpvkas
bib-15,bib-15,False,,Arithmetic,primary,old_155_handoff,final_hybrid_v1_2026_06_03,final_hybrid_handoff
bib-150,bib-150,False,,Military Engineering,primary,old_155_handoff,final_hybrid_v1_2026_06_03,final_hybrid_handoff
bib-150,bib-150,False,,Practical Geometry,secondary,old_155_handoff,final_hybrid_v1_2026_06_03,final_hybrid_handoff
bib-151,bib-151,False,,Arithmetic,primary,old_155_handoff,final_hybrid_v1_2026_06_03,final_hybrid_handoff
bib-151,bib-151,False,,Military Engineering,primary,old_155_handoff,final_hybrid_v1_2026_06_03,final_hybrid_handoff
bib-151,bib-151,False,,Practical Geometry,unknown,old_155_handoff,final_hybrid_v1_2026_06_03,final_hybrid_handoff
bib-152,bib-152,False,,Construction,primary,old_155_handoff,final_hybrid_v1_2026_06_03,final_hybrid_handoff
bib-152,bib-152,False,,Military Engineering,primary,old_155_handoff,final_hybrid_v1_2026_06_03,final_hybrid_handoff
bib-153,bib-153,False,,Arithmetic,primary,old_155_handoff,final_hybrid_v1_2026_06_03,final_hybrid_handoff
bib-153,bib-153,False,,Military Engineering,secondary,old_155_handoff,final_hybrid_v1_2026_06_03,final_hybrid_handoff
bib-154,bib-154,False,,Arithmetic,primary,old_155_handoff,final_hybrid_v1_2026_06_03,final_hybrid_handoff
bib-154,bib-154,False,,Military Engineering,primary,old_155_handoff,final_hybrid_v1_2026_06_03,final_hybrid_handoff
bib-155,bib-155,False,5BXTFG,Architecture,unknown,old_155_handoff,final_hybrid_v1_2026_06_03,final_hybrid_handoff
bib-155,bib-155,False,5BXTFG,Instrument Use,unknown,old_155_handoff,final_hybrid_v1_2026_06_03,final_hybrid_handoff
bib-155,bib-155,False,5BXTFG,Practical Geometry,unknown,old_155_handoff,final_hybrid_v1_2026_06_03,final_hybrid_handoff
bib-156,bib-156,False,,Architecture,secondary,old_155_handoff,final_hybrid_v1_2026_06_03,final_hybrid_handoff
bib-156,bib-156,False,,Instrument Use,primary,old_155_handoff,final_hybrid_v1_2026_06_03,final_hybrid_handoff
bib-156,bib-156,False,,Mechanics,primary,old_155_handoff,final_hybrid_v1_2026_06_03,final_hybrid_handoff
bib-156,bib-156,False,,Military Engineering,secondary,old_155_handoff,final_hybrid_v1_2026_06_03,final_hybrid_handoff
bib-156,bib-156,False,,Practical Geometry,unknown,old_155_handoff,final_hybrid_v1_2026_06_03,final_hybrid_handoff
bib-157,bib-157,False,,Astronomy,unknown,new_full_run,6a0d47e3-f472-4b63-a6f5-67c693a0adf9,exec_vn3kxq
bib-157,bib-157,False,,Cosmography,primary,new_full_run,6a0d47e3-f472-4b63-a6f5-67c693a0adf9,exec_vn3kxq
bib-157,bib-157,False,,Geography,secondary,new_full_run,6a0d47e3-f472-4b63-a6f5-67c693a0adf9,exec_vn3kxq
bib-158,bib-158,False,,Arithmetic,secondary,new_full_run,6a0d47e3-f472-4b63-a6f5-67c693a0adf9,exec_mdvwe8
bib-158,bib-158,False,,Astronomy,primary,new_full_run,6a0d47e3-f472-4b63-a6f5-67c693a0adf9,exec_mdvwe8
bib-158,bib-158,False,,Geography,primary,new_full_run,6a0d47e3-f472-4b63-a6f5-67c693a0adf9,exec_mdvwe8
bib-158,bib-158,False,,Navigation,secondary,new_full_run,6a0d47e3-f472-4b63-a6f5-67c693a0adf9,exec_mdvwe8
bib-158,bib-158,False,,Trigonometry,primary,new_full_run,6a0d47e3-f472-4b63-a6f5-67c693a0adf9,exec_mdvwe8
bib-159,bib-159,False,,Astronomy,primary,new_full_run,6a0d47e3-f472-4b63-a6f5-67c693a0adf9,exec_83ypqz
bib-159,bib-159,False,,Cosmography,primary,new_full_run,6a0d47e3-f472-4b63-a6f5-67c693a0adf9,exec_83ypqz
bib-159,bib-159,False,,Geography,primary,new_full_run,6a0d47e3-f472-4b63-a6f5-67c693a0adf9,exec_83ypqz
bib-159,bib-159,False,,Instrument Use,primary,new_full_run,6a0d47e3-f472-4b63-a6f5-67c693a0adf9,exec_83ypqz
bib-16,bib-16,False,,Architecture,unknown,old_155_handoff,final_hybrid_v1_2026_06_03,final_hybrid_handoff
bib-16,bib-16,False,,Instrument Use,unknown,old_155_handoff,final_hybrid_v1_2026_06_03,final_hybrid_handoff
bib-16,bib-16,False,,Practical Geometry,primary,old_155_handoff,final_hybrid_v1_2026_06_03,final_hybrid_handoff
bib-160,bib-160,False,,Music Theory,primary,new_full_run,6a0d47e3-f472-4b63-a6f5-67c693a0adf9,exec_0l07kv
bib-161,bib-161,False,,Theoretical Mathematics,primary,new_full_run,6a0d47e3-f472-4b63-a6f5-67c693a0adf9,exec_3y0and
bib-162,bib-162,False,,Theoretical Mathematics,primary,new_full_run,6a0d47e3-f472-4b63-a6f5-67c693a0adf9,exec_mclcit
bib-163,bib-163,False,,Theoretical Mathematics,primary,new_full_run,6a0d47e3-f472-4b63-a6f5-67c693a0adf9,exec_q0xovk
bib-167,bib-167,False,,Theoretical Mathematics,primary,old_155_handoff,final_hybrid_v1_2026_06_03,final_hybrid_handoff
bib-169,bib-169,False,,Astronomy,primary,old_155_handoff,final_hybrid_v1_2026_06_03,final_hybrid_handoff
bib-169,bib-169,False,,Cartography,secondary,old_155_handoff,final_hybrid_v1_2026_06_03,final_hybrid_handoff
bib-169,bib-169,False,,Cosmography,primary,old_155_handoff,final_hybrid_v1_2026_06_03,final_hybrid_handoff
bib-169,bib-169,False,,Geography,primary,old_155_handoff,final_hybrid_v1_2026_06_03,final_hybrid_handoff
bib-169,bib-169,False,,Practical Geometry,unknown,old_155_handoff,final_hybrid_v1_2026_06_03,final_hybrid_handoff
bib-17,bib-17,False,,Architecture,unknown,old_155_handoff,final_hybrid_v1_2026_06_03,final_hybrid_handoff
bib-17,bib-17,False,,Instrument Use,unknown,old_155_handoff,final_hybrid_v1_2026_06_03,final_hybrid_handoff
bib-17,bib-17,False,,Practical Geometry,primary,old_155_handoff,final_hybrid_v1_2026_06_03,final_hybrid_handoff
bib-170,bib-170,False,,Astronomy,primary,new_full_run,6a0d47e3-f472-4b63-a6f5-67c693a0adf9,exec_rw7naq
bib-170,bib-170,False,,Instrument Construction,unknown,new_full_run,6a0d47e3-f472-4b63-a6f5-67c693a0adf9,exec_rw7naq
bib-170,bib-170,False,,Instrument Use,primary,new_full_run,6a0d47e3-f472-4b63-a6f5-67c693a0adf9,exec_rw7naq
bib-171,bib-171,False,,Arithmetic,primary,new_full_run,6a0d47e3-f472-4b63-a6f5-67c693a0adf9,exec_t1w8hp
bib-171,bib-171,False,,Astronomy,primary,new_full_run,6a0d47e3-f472-4b63-a6f5-67c693a0adf9,exec_t1w8hp
bib-171,bib-171,False,,Geography,primary,new_full_run,6a0d47e3-f472-4b63-a6f5-67c693a0adf9,exec_t1w8hp
bib-171,bib-171,False,,Music Theory,unknown,new_full_run,6a0d47e3-f472-4b63-a6f5-67c693a0adf9,exec_t1w8hp
bib-171,bib-171,False,,Perspective,primary,new_full_run,6a0d47e3-f472-4b63-a6f5-67c693a0adf9,exec_t1w8hp
bib-176,bib-176,False,,Architecture,unknown,old_155_handoff,final_hybrid_v1_2026_06_03,final_hybrid_handoff
bib-176,bib-176,False,,Instrument Use,unknown,old_155_handoff,final_hybrid_v1_2026_06_03,final_hybrid_handoff
bib-176,bib-176,False,,Practical Geometry,unknown,old_155_handoff,final_hybrid_v1_2026_06_03,final_hybrid_handoff
bib-176,bib-176,False,,Theoretical Mathematics,unknown,old_155_handoff,final_hybrid_v1_2026_06_03,final_hybrid_handoff
bib-179,bib-179,False,,Arithmetic,primary,new_full_run,6a0d47e3-f472-4b63-a6f5-67c693a0adf9,exec_ctma4a
bib-179,bib-179,False,,Commercial Mathematics,primary,new_full_run,6a0d47e3-f472-4b63-a6f5-67c693a0adf9,exec_ctma4a
bib-18,bib-18,False,,Astronomy,primary,old_155_handoff,final_hybrid_v1_2026_06_03,final_hybrid_handoff
bib-18,bib-18,False,,Geography,secondary,old_155_handoff,final_hybrid_v1_2026_06_03,final_hybrid_handoff
bib-18,bib-18,False,,Gnomonics & Horology,secondary,old_155_handoff,final_hybrid_v1_2026_06_03,final_hybrid_handoff
bib-18,bib-18,False,,Instrument Use,primary,old_155_handoff,final_hybrid_v1_2026_06_03,final_hybrid_handoff
bib-18,bib-18,False,,Navigation,secondary,old_155_handoff,final_hybrid_v1_2026_06_03,final_hybrid_handoff
bib-18,bib-18,False,,Practical Geometry,primary,old_155_handoff,final_hybrid_v1_2026_06_03,final_hybrid_handoff
bib-18,bib-18,False,,Theoretical Mathematics,unknown,old_155_handoff,final_hybrid_v1_2026_06_03,final_hybrid_handoff
bib-180,bib-180,False,,Arithmetic,primary,new_full_run,6a0d47e3-f472-4b63-a6f5-67c693a0adf9,exec_fecl0z
bib-180,bib-180,False,,Commercial Mathematics,primary,new_full_run,6a0d47e3-f472-4b63-a6f5-67c693a0adf9,exec_fecl0z
bib-181,bib-181,False,,Arithmetic,primary,old_155_handoff,final_hybrid_v1_2026_06_03,final_hybrid_handoff
bib-182,bib-182,False,,Arithmetic,primary,new_full_run,6a0d47e3-f472-4b63-a6f5-67c693a0adf9,exec_wiitya
bib-182,bib-182,False,,Military Engineering,primary,new_full_run,6a0d47e3-f472-4b63-a6f5-67c693a0adf9,exec_wiitya
bib-182,bib-182,False,,Trigonometry,primary,new_full_run,6a0d47e3-f472-4b63-a6f5-67c693a0adf9,exec_wiitya
bib-183,bib-183,False,,Astronomy,primary,new_full_run,6a0d47e3-f472-4b63-a6f5-67c693a0adf9,exec_xuwhiz
bib-183,bib-183,False,,Cosmography,primary,new_full_run,6a0d47e3-f472-4b63-a6f5-67c693a0adf9,exec_xuwhiz
bib-183,bib-183,False,,Geography,primary,new_full_run,6a0d47e3-f472-4b63-a6f5-67c693a0adf9,exec_xuwhiz
bib-183,bib-183,False,,Gnomonics & Horology,primary,new_full_run,6a0d47e3-f472-4b63-a6f5-67c693a0adf9,exec_xuwhiz
bib-183,bib-183,False,,Instrument Use,primary,new_full_run,6a0d47e3-f472-4b63-a6f5-67c693a0adf9,exec_xuwhiz
bib-183,bib-183,False,,Navigation,primary,new_full_run,6a0d47e3-f472-4b63-a6f5-67c693a0adf9,exec_xuwhiz
bib-184,bib-184,False,,Arithmetic,primary,new_full_run,6a0d47e3-f472-4b63-a6f5-67c693a0adf9,exec_fdyedq
bib-184,bib-184,False,,Practical Geometry,primary,new_full_run,6a0d47e3-f472-4b63-a6f5-67c693a0adf9,exec_fdyedq
bib-185,bib-185,False,,Arithmetic,primary,old_155_handoff,final_hybrid_v1_2026_06_03,final_hybrid_handoff
bib-185,bib-185,False,,Commercial Mathematics,primary,old_155_handoff,final_hybrid_v1_2026_06_03,final_hybrid_handoff
bib-186,bib-186,False,,Arithmetic,primary,old_155_handoff,final_hybrid_v1_2026_06_03,final_hybrid_handoff
bib-186,bib-186,False,,Commercial Mathematics,secondary,old_155_handoff,final_hybrid_v1_2026_06_03,final_hybrid_handoff
bib-186,bib-186,False,,Theoretical Mathematics,secondary,old_155_handoff,final_hybrid_v1_2026_06_03,final_hybrid_handoff
bib-187,bib-187,False,,Arithmetic,secondary,new_full_run,6a0d47e3-f472-4b63-a6f5-67c693a0adf9,exec_h08oua
bib-187,bib-187,False,,Commercial Mathematics,primary,new_full_run,6a0d47e3-f472-4b63-a6f5-67c693a0adf9,exec_h08oua
bib-187,bib-187,False,,Practical Geometry,primary,new_full_run,6a0d47e3-f472-4b63-a6f5-67c693a0adf9,exec_h08oua
bib-187,bib-187,False,,Surveying,primary,new_full_run,6a0d47e3-f472-4b63-a6f5-67c693a0adf9,exec_h08oua
bib-187,bib-187,False,,Trigonometry,primary,new_full_run,6a0d47e3-f472-4b63-a6f5-67c693a0adf9,exec_h08oua
bib-188,bib-188,False,,Theoretical Mathematics,primary,new_full_run,6a0d47e3-f472-4b63-a6f5-67c693a0adf9,exec_j4s3r7
bib-189,bib-189,False,,Arithmetic,primary,new_full_run,6a0d47e3-f472-4b63-a6f5-67c693a0adf9,exec_b5uk5d
bib-189,bib-189,False,,Practical Geometry,unknown,new_full_run,6a0d47e3-f472-4b63-a6f5-67c693a0adf9,exec_b5uk5d
bib-189,bib-189,False,,Theoretical Mathematics,primary,new_full_run,6a0d47e3-f472-4b63-a6f5-67c693a0adf9,exec_b5uk5d
bib-189,bib-189,False,,Trigonometry,primary,new_full_run,6a0d47e3-f472-4b63-a6f5-67c693a0adf9,exec_b5uk5d
bib-19,bib-19,False,,Practical Geometry,primary,old_155_handoff,final_hybrid_v1_2026_06_03,final_hybrid_handoff
bib-19,bib-19,False,,Theoretical Mathematics,primary,old_155_handoff,final_hybrid_v1_2026_06_03,final_hybrid_handoff
bib-190,bib-190,False,,Arithmetic,primary,new_full_run,6a0d47e3-f472-4b63-a6f5-67c693a0adf9,exec_d6ublb
bib-190,bib-190,False,,Astronomy,secondary,new_full_run,6a0d47e3-f472-4b63-a6f5-67c693a0adf9,exec_d6ublb
bib-190,bib-190,False,,Commercial Mathematics,primary,new_full_run,6a0d47e3-f472-4b63-a6f5-67c693a0adf9,exec_d6ublb
bib-190,bib-190,False,,Practical Geometry,unknown,new_full_run,6a0d47e3-f472-4b63-a6f5-67c693a0adf9,exec_d6ublb
bib-190,bib-190,False,,Surveying,unknown,new_full_run,6a0d47e3-f472-4b63-a6f5-67c693a0adf9,exec_d6ublb
bib-190,bib-190,False,,Theoretical Mathematics,secondary,new_full_run,6a0d47e3-f472-4b63-a6f5-67c693a0adf9,exec_d6ublb
bib-191,bib-191,False,,Arithmetic,primary,new_full_run,6a0d47e3-f472-4b63-a6f5-67c693a0adf9,exec_ahcdw7
bib-191,bib-191,False,,Commercial Mathematics,primary,new_full_run,6a0d47e3-f472-4b63-a6f5-67c693a0adf9,exec_ahcdw7
bib-192,bib-192,False,,Arithmetic,secondary,new_full_run,6a0d47e3-f472-4b63-a6f5-67c693a0adf9,exec_lq9zgj
bib-192,bib-192,False,,Instrument Use,secondary,new_full_run,6a0d47e3-f472-4b63-a6f5-67c693a0adf9,exec_lq9zgj
bib-192,bib-192,False,,Practical Geometry,secondary,new_full_run,6a0d47e3-f472-4b63-a6f5-67c693a0adf9,exec_lq9zgj
bib-192,bib-192,False,,Surveying,primary,new_full_run,6a0d47e3-f472-4b63-a6f5-67c693a0adf9,exec_lq9zgj
bib-193,bib-193,False,,Arithmetic,primary,new_full_run,6a0d47e3-f472-4b63-a6f5-67c693a0adf9,exec_fci4yi
bib-193,bib-193,False,,Instrument Use,unknown,new_full_run,6a0d47e3-f472-4b63-a6f5-67c693a0adf9,exec_fci4yi
bib-194,bib-194,False,,Astronomy,primary,new_full_run,6a0d47e3-f472-4b63-a6f5-67c693a0adf9,exec_9ngz26
bib-194,bib-194,False,,Gnomonics & Horology,primary,new_full_run,6a0d47e3-f472-4b63-a6f5-67c693a0adf9,exec_9ngz26
bib-194,bib-194,False,,Instrument Use,secondary,new_full_run,6a0d47e3-f472-4b63-a6f5-67c693a0adf9,exec_9ngz26
bib-194,bib-194,False,,Practical Geometry,primary,new_full_run,6a0d47e3-f472-4b63-a6f5-67c693a0adf9,exec_9ngz26
bib-194,bib-194,False,,Trigonometry,primary,new_full_run,6a0d47e3-f472-4b63-a6f5-67c693a0adf9,exec_9ngz26
bib-195,bib-195,False,,Arithmetic,secondary,new_full_run,6a0d47e3-f472-4b63-a6f5-67c693a0adf9,exec_81527i
bib-195,bib-195,False,,Astronomy,secondary,new_full_run,6a0d47e3-f472-4b63-a6f5-67c693a0adf9,exec_81527i
bib-195,bib-195,False,,Gnomonics & Horology,primary,new_full_run,6a0d47e3-f472-4b63-a6f5-67c693a0adf9,exec_81527i
bib-195,bib-195,False,,Instrument Construction,primary,new_full_run,6a0d47e3-f472-4b63-a6f5-67c693a0adf9,exec_81527i
bib-195,bib-195,False,,Mechanics,secondary,new_full_run,6a0d47e3-f472-4b63-a6f5-67c693a0adf9,exec_81527i
bib-195,bib-195,False,,Practical Geometry,primary,new_full_run,6a0d47e3-f472-4b63-a6f5-67c693a0adf9,exec_81527i
bib-195,bib-195,False,,Trigonometry,primary,new_full_run,6a0d47e3-f472-4b63-a6f5-67c693a0adf9,exec_81527i
bib-196,bib-196,False,,Arithmetic,secondary,new_full_run,6a0d47e3-f472-4b63-a6f5-67c693a0adf9,exec_mxdkvr
bib-196,bib-196,False,,Commercial Mathematics,primary,new_full_run,6a0d47e3-f472-4b63-a6f5-67c693a0adf9,exec_mxdkvr
bib-197,bib-197,False,,Astronomy,primary,new_full_run,6a0d47e3-f472-4b63-a6f5-67c693a0adf9,exec_g0k1mx
bib-197,bib-197,False,,Cartography,primary,new_full_run,6a0d47e3-f472-4b63-a6f5-67c693a0adf9,exec_g0k1mx
bib-197,bib-197,False,,Cosmography,primary,new_full_run,6a0d47e3-f472-4b63-a6f5-67c693a0adf9,exec_g0k1mx
bib-197,bib-197,False,,Geography,primary,new_full_run,6a0d47e3-f472-4b63-a6f5-67c693a0adf9,exec_g0k1mx
bib-197,bib-197,False,,Gnomonics & Horology,primary,new_full_run,6a0d47e3-f472-4b63-a6f5-67c693a0adf9,exec_g0k1mx
bib-197,bib-197,False,,Instrument Construction,secondary,new_full_run,6a0d47e3-f472-4b63-a6f5-67c693a0adf9,exec_g0k1mx
bib-197,bib-197,False,,Instrument Use,secondary,new_full_run,6a0d47e3-f472-4b63-a6f5-67c693a0adf9,exec_g0k1mx
bib-197,bib-197,False,,Navigation,primary,new_full_run,6a0d47e3-f472-4b63-a6f5-67c693a0adf9,exec_g0k1mx
bib-197,bib-197,False,,Practical Geometry,unknown,new_full_run,6a0d47e3-f472-4b63-a6f5-67c693a0adf9,exec_g0k1mx
bib-197,bib-197,False,,Theoretical Mathematics,unknown,new_full_run,6a0d47e3-f472-4b63-a6f5-67c693a0adf9,exec_g0k1mx
bib-197,bib-197,False,,Trigonometry,unknown,new_full_run,6a0d47e3-f472-4b63-a6f5-67c693a0adf9,exec_g0k1mx
bib-198,bib-198,False,,Arithmetic,primary,new_full_run,6a0d47e3-f472-4b63-a6f5-67c693a0adf9,exec_jnbqfc
bib-199,bib-199,False,,Arithmetic,primary,new_full_run,6a0d47e3-f472-4b63-a6f5-67c693a0adf9,exec_e0wj05
bib-199,bib-199,False,,Commercial Mathematics,primary,new_full_run,6a0d47e3-f472-4b63-a6f5-67c693a0adf9,exec_e0wj05
bib-199,bib-199,False,,Instrument Use,primary,new_full_run,6a0d47e3-f472-4b63-a6f5-67c693a0adf9,exec_e0wj05
bib-2,bib-2,False,,Architecture,unknown,old_155_handoff,final_hybrid_v1_2026_06_03,final_hybrid_handoff
bib-2,bib-2,False,,Instrument Use,unknown,old_155_handoff,final_hybrid_v1_2026_06_03,final_hybrid_handoff
bib-2,bib-2,False,,Practical Geometry,primary,old_155_handoff,final_hybrid_v1_2026_06_03,final_hybrid_handoff
bib-20,bib-20,False,,Architecture,secondary,old_155_handoff,final_hybrid_v1_2026_06_03,final_hybrid_handoff
bib-20,bib-20,False,,Construction,secondary,old_155_handoff,final_hybrid_v1_2026_06_03,final_hybrid_handoff
bib-20,bib-20,False,,Cosmography,secondary,old_155_handoff,final_hybrid_v1_2026_06_03,final_hybrid_handoff
bib-20,bib-20,False,,Geography,secondary,old_155_handoff,final_hybrid_v1_2026_06_03,final_hybrid_handoff
bib-20,bib-20,False,,Practical Geometry,primary,old_155_handoff,final_hybrid_v1_2026_06_03,final_hybrid_handoff
bib-20,bib-20,False,,Surveying,secondary,old_155_handoff,final_hybrid_v1_2026_06_03,final_hybrid_handoff
bib-200,bib-200,False,,Arithmetic,primary,new_full_run,6a0d47e3-f472-4b63-a6f5-67c693a0adf9,exec_wxsk4q
bib-200,bib-200,False,,Commercial Mathematics,primary,new_full_run,6a0d47e3-f472-4b63-a6f5-67c693a0adf9,exec_wxsk4q
bib-201,bib-119,True,MWEUI5,Arithmetic,primary,new_full_run,6a0d47e3-f472-4b63-a6f5-67c693a0adf9,exec_lxobgg
bib-201,bib-119,True,MWEUI5,Construction,secondary,new_full_run,6a0d47e3-f472-4b63-a6f5-67c693a0adf9,exec_lxobgg
bib-201,bib-119,True,MWEUI5,Instrument Construction,unknown,new_full_run,6a0d47e3-f472-4b63-a6f5-67c693a0adf9,exec_lxobgg
bib-201,bib-119,True,MWEUI5,Instrument Use,secondary,new_full_run,6a0d47e3-f472-4b63-a6f5-67c693a0adf9,exec_lxobgg
bib-201,bib-119,True,MWEUI5,Military Engineering,primary,new_full_run,6a0d47e3-f472-4b63-a6f5-67c693a0adf9,exec_lxobgg
bib-201,bib-119,True,MWEUI5,Practical Geometry,primary,new_full_run,6a0d47e3-f472-4b63-a6f5-67c693a0adf9,exec_lxobgg
bib-201,bib-119,True,MWEUI5,Surveying,primary,new_full_run,6a0d47e3-f472-4b63-a6f5-67c693a0adf9,exec_lxobgg
bib-202,bib-202,False,,Arithmetic,primary,new_full_run,6a0d47e3-f472-4b63-a6f5-67c693a0adf9,exec_87ie2p
bib-202,bib-202,False,,Commercial Mathematics,primary,new_full_run,6a0d47e3-f472-4b63-a6f5-67c693a0adf9,exec_87ie2p
bib-202,bib-202,False,,Practical Geometry,unknown,new_full_run,6a0d47e3-f472-4b63-a6f5-67c693a0adf9,exec_87ie2p
bib-203,bib-203,False,,Arithmetic,primary,new_full_run,6a0d47e3-f472-4b63-a6f5-67c693a0adf9,exec_6ycm6t
bib-204,bib-204,False,,Arithmetic,primary,new_full_run,6a0d47e3-f472-4b63-a6f5-67c693a0adf9,exec_3fe4ff
bib-204,bib-204,False,,Theoretical Mathematics,secondary,new_full_run,6a0d47e3-f472-4b63-a6f5-67c693a0adf9,exec_3fe4ff
bib-205,bib-205,False,,Arithmetic,primary,new_full_run,6a0d47e3-f472-4b63-a6f5-67c693a0adf9,exec_4utxyf
bib-205,bib-205,False,,Practical Geometry,primary,new_full_run,6a0d47e3-f472-4b63-a6f5-67c693a0adf9,exec_4utxyf
bib-205,bib-205,False,,Surveying,primary,new_full_run,6a0d47e3-f472-4b63-a6f5-67c693a0adf9,exec_4utxyf
bib-206,bib-206,False,,Construction,secondary,new_full_run,6a0d47e3-f472-4b63-a6f5-67c693a0adf9,exec_3v8hy2
bib-206,bib-206,False,,Instrument Construction,secondary,new_full_run,6a0d47e3-f472-4b63-a6f5-67c693a0adf9,exec_3v8hy2
bib-206,bib-206,False,,Instrument Use,secondary,new_full_run,6a0d47e3-f472-4b63-a6f5-67c693a0adf9,exec_3v8hy2
bib-206,bib-206,False,,Military Engineering,primary,new_full_run,6a0d47e3-f472-4b63-a6f5-67c693a0adf9,exec_3v8hy2
bib-206,bib-206,False,,Practical Geometry,secondary,new_full_run,6a0d47e3-f472-4b63-a6f5-67c693a0adf9,exec_3v8hy2
bib-207,bib-207,False,,Practical Geometry,primary,new_full_run,6a0d47e3-f472-4b63-a6f5-67c693a0adf9,exec_gecsdc
bib-207,bib-207,False,,Surveying,primary,new_full_run,6a0d47e3-f472-4b63-a6f5-67c693a0adf9,exec_gecsdc
bib-208,bib-208,False,,Construction,secondary,new_full_run,6a0d47e3-f472-4b63-a6f5-67c693a0adf9,exec_4kxea9
bib-208,bib-208,False,,Instrument Use,unknown,new_full_run,6a0d47e3-f472-4b63-a6f5-67c693a0adf9,exec_4kxea9
bib-208,bib-208,False,,Practical Geometry,primary,new_full_run,6a0d47e3-f472-4b63-a6f5-67c693a0adf9,exec_4kxea9
bib-208,bib-208,False,,Surveying,primary,new_full_run,6a0d47e3-f472-4b63-a6f5-67c693a0adf9,exec_4kxea9
bib-209,bib-209,False,,Instrument Use,secondary,old_155_handoff,final_hybrid_v1_2026_06_03,final_hybrid_handoff
bib-209,bib-209,False,,Practical Geometry,primary,old_155_handoff,final_hybrid_v1_2026_06_03,final_hybrid_handoff
bib-209,bib-209,False,,Surveying,primary,old_155_handoff,final_hybrid_v1_2026_06_03,final_hybrid_handoff
bib-21,bib-129,True,FOT0ZG,Arithmetic,primary,new_full_run,6a0d47e3-f472-4b63-a6f5-67c693a0adf9,exec_sv9ee3
bib-210,bib-210,False,,Architecture,secondary,old_155_handoff,final_hybrid_v1_2026_06_03,final_hybrid_handoff
bib-210,bib-210,False,,Cartography,primary,old_155_handoff,final_hybrid_v1_2026_06_03,final_hybrid_handoff
bib-210,bib-210,False,,Instrument Use,primary,old_155_handoff,final_hybrid_v1_2026_06_03,final_hybrid_handoff
bib-210,bib-210,False,,Practical Geometry,primary,old_155_handoff,final_hybrid_v1_2026_06_03,final_hybrid_handoff
bib-210,bib-210,False,,Surveying,primary,old_155_handoff,final_hybrid_v1_2026_06_03,final_hybrid_handoff
bib-211,bib-211,False,,Instrument Use,secondary,old_155_handoff,final_hybrid_v1_2026_06_03,final_hybrid_handoff
bib-211,bib-211,False,,Practical Geometry,primary,old_155_handoff,final_hybrid_v1_2026_06_03,final_hybrid_handoff
bib-212,bib-212,False,,Arithmetic,primary,old_155_handoff,final_hybrid_v1_2026_06_03,final_hybrid_handoff
bib-212,bib-212,False,,Commercial Mathematics,primary,old_155_handoff,final_hybrid_v1_2026_06_03,final_hybrid_handoff
bib-213,bib-213,False,,Astronomy,primary,new_full_run,6a0d47e3-f472-4b63-a6f5-67c693a0adf9,exec_62hyjd
bib-213,bib-213,False,,Instrument Use,primary,new_full_run,6a0d47e3-f472-4b63-a6f5-67c693a0adf9,exec_62hyjd
bib-213,bib-213,False,,Practical Geometry,primary,new_full_run,6a0d47e3-f472-4b63-a6f5-67c693a0adf9,exec_62hyjd
bib-213,bib-213,False,,Surveying,primary,new_full_run,6a0d47e3-f472-4b63-a6f5-67c693a0adf9,exec_62hyjd
bib-214,bib-214,False,,Practical Geometry,primary,new_full_run,6a0d47e3-f472-4b63-a6f5-67c693a0adf9,exec_2tdp4w
bib-215,bib-215,False,,Architecture,secondary,new_full_run,6a0d47e3-f472-4b63-a6f5-67c693a0adf9,exec_za8602
bib-215,bib-215,False,,Arithmetic,secondary,new_full_run,6a0d47e3-f472-4b63-a6f5-67c693a0adf9,exec_za8602
bib-215,bib-215,False,,Astronomy,secondary,new_full_run,6a0d47e3-f472-4b63-a6f5-67c693a0adf9,exec_za8602
bib-215,bib-215,False,,Cosmography,secondary,new_full_run,6a0d47e3-f472-4b63-a6f5-67c693a0adf9,exec_za8602
bib-215,bib-215,False,,Gnomonics & Horology,primary,new_full_run,6a0d47e3-f472-4b63-a6f5-67c693a0adf9,exec_za8602
bib-215,bib-215,False,,Instrument Construction,unknown,new_full_run,6a0d47e3-f472-4b63-a6f5-67c693a0adf9,exec_za8602
bib-215,bib-215,False,,Instrument Use,primary,new_full_run,6a0d47e3-f472-4b63-a6f5-67c693a0adf9,exec_za8602
bib-215,bib-215,False,,Mechanics,secondary,new_full_run,6a0d47e3-f472-4b63-a6f5-67c693a0adf9,exec_za8602
bib-215,bib-215,False,,Navigation,secondary,new_full_run,6a0d47e3-f472-4b63-a6f5-67c693a0adf9,exec_za8602
bib-216,bib-216,False,,Arithmetic,secondary,new_full_run,6a0d47e3-f472-4b63-a6f5-67c693a0adf9,exec_dex7tk
bib-216,bib-216,False,,Commercial Mathematics,secondary,new_full_run,6a0d47e3-f472-4b63-a6f5-67c693a0adf9,exec_dex7tk
bib-217,bib-217,False,,Arithmetic,primary,new_full_run,6a0d47e3-f472-4b63-a6f5-67c693a0adf9,exec_bdqdib
bib-217,bib-217,False,,Music Theory,primary,new_full_run,6a0d47e3-f472-4b63-a6f5-67c693a0adf9,exec_bdqdib
bib-218,bib-218,False,,Arithmetic,primary,new_full_run,6a0d47e3-f472-4b63-a6f5-67c693a0adf9,exec_3qoj9x
bib-218,bib-218,False,,Commercial Mathematics,secondary,new_full_run,6a0d47e3-f472-4b63-a6f5-67c693a0adf9,exec_3qoj9x
bib-219,bib-219,False,,Arithmetic,primary,new_full_run,6a0d47e3-f472-4b63-a6f5-67c693a0adf9,exec_sd8sx4
bib-219,bib-219,False,,Commercial Mathematics,primary,new_full_run,6a0d47e3-f472-4b63-a6f5-67c693a0adf9,exec_sd8sx4
bib-220,bib-220,False,,Arithmetic,primary,new_full_run,6a0d47e3-f472-4b63-a6f5-67c693a0adf9,exec_bzg02m
bib-220,bib-220,False,,Commercial Mathematics,unknown,new_full_run,6a0d47e3-f472-4b63-a6f5-67c693a0adf9,exec_bzg02m
bib-221,bib-221,False,,Arithmetic,primary,new_full_run,6a0d47e3-f472-4b63-a6f5-67c693a0adf9,exec_n8mv7a
bib-221,bib-221,False,,Commercial Mathematics,primary,new_full_run,6a0d47e3-f472-4b63-a6f5-67c693a0adf9,exec_n8mv7a
bib-222,bib-222,False,,Arithmetic,primary,old_155_handoff,final_hybrid_v1_2026_06_03,final_hybrid_handoff
bib-222,bib-222,False,,Commercial Mathematics,primary,old_155_handoff,final_hybrid_v1_2026_06_03,final_hybrid_handoff
bib-223,bib-223,False,,Arithmetic,primary,old_155_handoff,final_hybrid_v1_2026_06_03,final_hybrid_handoff
bib-223,bib-223,False,,Commercial Mathematics,primary,old_155_handoff,final_hybrid_v1_2026_06_03,final_hybrid_handoff
bib-223,bib-223,False,,Instrument Construction,secondary,old_155_handoff,final_hybrid_v1_2026_06_03,final_hybrid_handoff
bib-223,bib-223,False,,Music Theory,secondary,old_155_handoff,final_hybrid_v1_2026_06_03,final_hybrid_handoff
bib-223,bib-223,False,,Practical Geometry,secondary,old_155_handoff,final_hybrid_v1_2026_06_03,final_hybrid_handoff
bib-224,bib-224,False,,Arithmetic,primary,new_full_run,6a0d47e3-f472-4b63-a6f5-67c693a0adf9,exec_8igl25
bib-224,bib-224,False,,Commercial Mathematics,unknown,new_full_run,6a0d47e3-f472-4b63-a6f5-67c693a0adf9,exec_8igl25
bib-224,bib-224,False,,Practical Geometry,unknown,new_full_run,6a0d47e3-f472-4b63-a6f5-67c693a0adf9,exec_8igl25
bib-225,bib-225,False,,Arithmetic,primary,old_155_handoff,final_hybrid_v1_2026_06_03,final_hybrid_handoff
bib-226,bib-226,False,,Arithmetic,primary,new_full_run,6a0d47e3-f472-4b63-a6f5-67c693a0adf9,exec_ggd2ky
bib-226,bib-226,False,,Astronomy,primary,new_full_run,6a0d47e3-f472-4b63-a6f5-67c693a0adf9,exec_ggd2ky
bib-23,bib-23,False,,Arithmetic,primary,old_155_handoff,final_hybrid_v1_2026_06_03,final_hybrid_handoff
bib-23,bib-23,False,,Theoretical Mathematics,secondary,old_155_handoff,final_hybrid_v1_2026_06_03,final_hybrid_handoff
bib-232,bib-232,False,,Arithmetic,primary,new_full_run,6a0d47e3-f472-4b63-a6f5-67c693a0adf9,exec_td48tp
bib-234,bib-234,False,,Astronomy,primary,new_full_run,6a0d47e3-f472-4b63-a6f5-67c693a0adf9,exec_6nd84f
bib-234,bib-234,False,,Cartography,primary,new_full_run,6a0d47e3-f472-4b63-a6f5-67c693a0adf9,exec_6nd84f
bib-234,bib-234,False,,Geography,primary,new_full_run,6a0d47e3-f472-4b63-a6f5-67c693a0adf9,exec_6nd84f
bib-234,bib-234,False,,Instrument Use,secondary,new_full_run,6a0d47e3-f472-4b63-a6f5-67c693a0adf9,exec_6nd84f
bib-234,bib-234,False,,Practical Geometry,primary,new_full_run,6a0d47e3-f472-4b63-a6f5-67c693a0adf9,exec_6nd84f
bib-234,bib-234,False,,Theoretical Mathematics,secondary,new_full_run,6a0d47e3-f472-4b63-a6f5-67c693a0adf9,exec_6nd84f
bib-235,bib-235,False,,Astronomy,primary,new_full_run,6a0d47e3-f472-4b63-a6f5-67c693a0adf9,exec_5b6btq
bib-235,bib-235,False,,Instrument Use,primary,new_full_run,6a0d47e3-f472-4b63-a6f5-67c693a0adf9,exec_5b6btq
bib-235,bib-235,False,,Navigation,primary,new_full_run,6a0d47e3-f472-4b63-a6f5-67c693a0adf9,exec_5b6btq
bib-235,bib-235,False,,Practical Geometry,unknown,new_full_run,6a0d47e3-f472-4b63-a6f5-67c693a0adf9,exec_5b6btq
bib-235,bib-235,False,,Theoretical Mathematics,primary,new_full_run,6a0d47e3-f472-4b63-a6f5-67c693a0adf9,exec_5b6btq
bib-235,bib-235,False,,Trigonometry,primary,new_full_run,6a0d47e3-f472-4b63-a6f5-67c693a0adf9,exec_5b6btq
bib-236,bib-236,False,,Arithmetic,secondary,new_full_run,6a0d47e3-f472-4b63-a6f5-67c693a0adf9,exec_xjesb1
bib-236,bib-236,False,,Astronomy,secondary,new_full_run,6a0d47e3-f472-4b63-a6f5-67c693a0adf9,exec_xjesb1
bib-236,bib-236,False,,Gnomonics & Horology,secondary,new_full_run,6a0d47e3-f472-4b63-a6f5-67c693a0adf9,exec_xjesb1
bib-236,bib-236,False,,Navigation,secondary,new_full_run,6a0d47e3-f472-4b63-a6f5-67c693a0adf9,exec_xjesb1
bib-236,bib-236,False,,Practical Geometry,primary,new_full_run,6a0d47e3-f472-4b63-a6f5-67c693a0adf9,exec_xjesb1
bib-236,bib-236,False,,Trigonometry,primary,new_full_run,6a0d47e3-f472-4b63-a6f5-67c693a0adf9,exec_xjesb1
bib-237,bib-237,False,,Arithmetic,secondary,new_full_run,6a0d47e3-f472-4b63-a6f5-67c693a0adf9,exec_sqvl6y
bib-237,bib-237,False,,Astronomy,secondary,new_full_run,6a0d47e3-f472-4b63-a6f5-67c693a0adf9,exec_sqvl6y
bib-237,bib-237,False,,Gnomonics & Horology,secondary,new_full_run,6a0d47e3-f472-4b63-a6f5-67c693a0adf9,exec_sqvl6y
bib-237,bib-237,False,,Instrument Construction,unknown,new_full_run,6a0d47e3-f472-4b63-a6f5-67c693a0adf9,exec_sqvl6y
bib-237,bib-237,False,,Instrument Use,primary,new_full_run,6a0d47e3-f472-4b63-a6f5-67c693a0adf9,exec_sqvl6y
bib-237,bib-237,False,,Military Engineering,secondary,new_full_run,6a0d47e3-f472-4b63-a6f5-67c693a0adf9,exec_sqvl6y
bib-237,bib-237,False,,Navigation,secondary,new_full_run,6a0d47e3-f472-4b63-a6f5-67c693a0adf9,exec_sqvl6y
bib-237,bib-237,False,,Practical Geometry,secondary,new_full_run,6a0d47e3-f472-4b63-a6f5-67c693a0adf9,exec_sqvl6y
bib-237,bib-237,False,,Theoretical Mathematics,secondary,new_full_run,6a0d47e3-f472-4b63-a6f5-67c693a0adf9,exec_sqvl6y
bib-237,bib-237,False,,Trigonometry,primary,new_full_run,6a0d47e3-f472-4b63-a6f5-67c693a0adf9,exec_sqvl6y
bib-238,bib-238,False,,Instrument Construction,primary,new_full_run,6a0d47e3-f472-4b63-a6f5-67c693a0adf9,exec_bdjht7
bib-238,bib-238,False,,Instrument Use,primary,new_full_run,6a0d47e3-f472-4b63-a6f5-67c693a0adf9,exec_bdjht7
bib-239,bib-239,False,,Arithmetic,unknown,old_155_handoff,final_hybrid_v1_2026_06_03,final_hybrid_handoff
bib-239,bib-239,False,,Astronomy,unknown,old_155_handoff,final_hybrid_v1_2026_06_03,final_hybrid_handoff
bib-239,bib-239,False,,Commercial Mathematics,primary,old_155_handoff,final_hybrid_v1_2026_06_03,final_hybrid_handoff
bib-239,bib-239,False,,Instrument Use,unknown,old_155_handoff,final_hybrid_v1_2026_06_03,final_hybrid_handoff
bib-239,bib-239,False,,Music Theory,secondary,old_155_handoff,final_hybrid_v1_2026_06_03,final_hybrid_handoff
bib-239,bib-239,False,,Practical Geometry,primary,old_155_handoff,final_hybrid_v1_2026_06_03,final_hybrid_handoff
bib-24,bib-24,False,,Theoretical Mathematics,primary,old_155_handoff,final_hybrid_v1_2026_06_03,final_hybrid_handoff
bib-247,bib-247,False,,Arithmetic,primary,old_155_handoff,final_hybrid_v1_2026_06_03,final_hybrid_handoff
bib-247,bib-247,False,,Commercial Mathematics,primary,old_155_handoff,final_hybrid_v1_2026_06_03,final_hybrid_handoff
bib-248,bib-248,False,,Arithmetic,primary,old_155_handoff,final_hybrid_v1_2026_06_03,final_hybrid_handoff
bib-25,bib-25,False,,Instrument Use,unknown,old_155_handoff,final_hybrid_v1_2026_06_03,final_hybrid_handoff
bib-25,bib-25,False,,Practical Geometry,primary,old_155_handoff,final_hybrid_v1_2026_06_03,final_hybrid_handoff
bib-25,bib-25,False,,Surveying,primary,old_155_handoff,final_hybrid_v1_2026_06_03,final_hybrid_handoff
bib-250,bib-250,False,,Arithmetic,primary,new_full_run,6a0d47e3-f472-4b63-a6f5-67c693a0adf9,exec_aoltdp
bib-250,bib-250,False,,Cosmography,primary,new_full_run,6a0d47e3-f472-4b63-a6f5-67c693a0adf9,exec_aoltdp
bib-250,bib-250,False,,Gnomonics & Horology,primary,new_full_run,6a0d47e3-f472-4b63-a6f5-67c693a0adf9,exec_aoltdp
bib-250,bib-250,False,,Mechanics,primary,new_full_run,6a0d47e3-f472-4b63-a6f5-67c693a0adf9,exec_aoltdp
bib-251,bib-251,False,,Astronomy,primary,old_155_handoff,final_hybrid_v1_2026_06_03,final_hybrid_handoff
bib-252,bib-252,False,,Astronomy,primary,old_155_handoff,final_hybrid_v1_2026_06_03,final_hybrid_handoff
bib-252,bib-252,False,,Instrument Use,unknown,old_155_handoff,final_hybrid_v1_2026_06_03,final_hybrid_handoff
bib-252,bib-252,False,,Practical Geometry,unknown,old_155_handoff,final_hybrid_v1_2026_06_03,final_hybrid_handoff
bib-253,bib-253,False,,Astronomy,primary,old_155_handoff,final_hybrid_v1_2026_06_03,final_hybrid_handoff
bib-253,bib-253,False,,Practical Geometry,unknown,old_155_handoff,final_hybrid_v1_2026_06_03,final_hybrid_handoff
bib-255,bib-255,False,,Cosmography,primary,old_155_handoff,final_hybrid_v1_2026_06_03,final_hybrid_handoff
bib-255,bib-255,False,,Navigation,secondary,old_155_handoff,final_hybrid_v1_2026_06_03,final_hybrid_handoff
bib-256,bib-256,False,,Arithmetic,secondary,new_full_run,6a0d47e3-f472-4b63-a6f5-67c693a0adf9,exec_whof2k
bib-256,bib-256,False,,Astronomy,secondary,new_full_run,6a0d47e3-f472-4b63-a6f5-67c693a0adf9,exec_whof2k
bib-256,bib-256,False,,Geography,secondary,new_full_run,6a0d47e3-f472-4b63-a6f5-67c693a0adf9,exec_whof2k
bib-256,bib-256,False,,Gnomonics & Horology,secondary,new_full_run,6a0d47e3-f472-4b63-a6f5-67c693a0adf9,exec_whof2k
bib-256,bib-256,False,,Military Engineering,secondary,new_full_run,6a0d47e3-f472-4b63-a6f5-67c693a0adf9,exec_whof2k
bib-256,bib-256,False,,Navigation,secondary,new_full_run,6a0d47e3-f472-4b63-a6f5-67c693a0adf9,exec_whof2k
bib-256,bib-256,False,,Practical Geometry,secondary,new_full_run,6a0d47e3-f472-4b63-a6f5-67c693a0adf9,exec_whof2k
bib-256,bib-256,False,,Surveying,secondary,new_full_run,6a0d47e3-f472-4b63-a6f5-67c693a0adf9,exec_whof2k
bib-256,bib-256,False,,Trigonometry,primary,new_full_run,6a0d47e3-f472-4b63-a6f5-67c693a0adf9,exec_whof2k
bib-257,bib-257,False,,Arithmetic,primary,new_full_run,6a0d47e3-f472-4b63-a6f5-67c693a0adf9,exec_u3sgsz
bib-257,bib-257,False,,Astronomy,primary,new_full_run,6a0d47e3-f472-4b63-a6f5-67c693a0adf9,exec_u3sgsz
bib-257,bib-257,False,,Gnomonics & Horology,primary,new_full_run,6a0d47e3-f472-4b63-a6f5-67c693a0adf9,exec_u3sgsz
bib-257,bib-257,False,,Mechanics,primary,new_full_run,6a0d47e3-f472-4b63-a6f5-67c693a0adf9,exec_u3sgsz
bib-257,bib-257,False,,Practical Geometry,unknown,new_full_run,6a0d47e3-f472-4b63-a6f5-67c693a0adf9,exec_u3sgsz
bib-257,bib-257,False,,Theoretical Mathematics,secondary,new_full_run,6a0d47e3-f472-4b63-a6f5-67c693a0adf9,exec_u3sgsz
bib-258,bib-258,False,,Arithmetic,primary,old_155_handoff,final_hybrid_v1_2026_06_03,final_hybrid_handoff
bib-259,bib-259,False,,Arithmetic,primary,old_155_handoff,final_hybrid_v1_2026_06_03,final_hybrid_handoff
bib-259,bib-259,False,,Music Theory,primary,old_155_handoff,final_hybrid_v1_2026_06_03,final_hybrid_handoff
bib-259,bib-259,False,,Practical Geometry,unknown,old_155_handoff,final_hybrid_v1_2026_06_03,final_hybrid_handoff
bib-259,bib-259,False,,Theoretical Mathematics,primary,old_155_handoff,final_hybrid_v1_2026_06_03,final_hybrid_handoff
bib-260,bib-260,False,,Astronomy,primary,new_full_run,6a0d47e3-f472-4b63-a6f5-67c693a0adf9,exec_n9c957
bib-260,bib-260,False,,Instrument Construction,primary,new_full_run,6a0d47e3-f472-4b63-a6f5-67c693a0adf9,exec_n9c957
bib-260,bib-260,False,,Instrument Use,primary,new_full_run,6a0d47e3-f472-4b63-a6f5-67c693a0adf9,exec_n9c957
bib-260,bib-260,False,,Navigation,unknown,new_full_run,6a0d47e3-f472-4b63-a6f5-67c693a0adf9,exec_n9c957
bib-260,bib-260,False,,Practical Geometry,primary,new_full_run,6a0d47e3-f472-4b63-a6f5-67c693a0adf9,exec_n9c957
bib-260,bib-260,False,,Surveying,secondary,new_full_run,6a0d47e3-f472-4b63-a6f5-67c693a0adf9,exec_n9c957
bib-261,bib-261,False,,Instrument Construction,unknown,new_full_run,6a0d47e3-f472-4b63-a6f5-67c693a0adf9,exec_0xw0la
bib-261,bib-261,False,,Instrument Use,unknown,new_full_run,6a0d47e3-f472-4b63-a6f5-67c693a0adf9,exec_0xw0la
bib-261,bib-261,False,,Mechanics,primary,new_full_run,6a0d47e3-f472-4b63-a6f5-67c693a0adf9,exec_0xw0la
bib-262,bib-262,False,,Arithmetic,primary,old_155_handoff,final_hybrid_v1_2026_06_03,final_hybrid_handoff
bib-263,bib-263,False,,Arithmetic,primary,new_full_run,6a0d47e3-f472-4b63-a6f5-67c693a0adf9,exec_ye2l94
bib-263,bib-263,False,,Commercial Mathematics,unknown,new_full_run,6a0d47e3-f472-4b63-a6f5-67c693a0adf9,exec_ye2l94
bib-264,bib-264,False,,Arithmetic,primary,old_155_handoff,final_hybrid_v1_2026_06_03,final_hybrid_handoff
bib-264,bib-264,False,,Commercial Mathematics,primary,old_155_handoff,final_hybrid_v1_2026_06_03,final_hybrid_handoff
bib-264,bib-264,False,,Practical Geometry,secondary,old_155_handoff,final_hybrid_v1_2026_06_03,final_hybrid_handoff
bib-264,bib-264,False,,Trigonometry,primary,old_155_handoff,final_hybrid_v1_2026_06_03,final_hybrid_handoff
bib-265,bib-265,False,,Arithmetic,primary,new_full_run,6a0d47e3-f472-4b63-a6f5-67c693a0adf9,exec_a24c6f
bib-265,bib-265,False,,Commercial Mathematics,primary,new_full_run,6a0d47e3-f472-4b63-a6f5-67c693a0adf9,exec_a24c6f
bib-266,bib-266,False,,Arithmetic,primary,old_155_handoff,final_hybrid_v1_2026_06_03,final_hybrid_handoff
bib-266,bib-266,False,,Commercial Mathematics,secondary,old_155_handoff,final_hybrid_v1_2026_06_03,final_hybrid_handoff
bib-267,bib-267,False,,Arithmetic,primary,new_full_run,6a0d47e3-f472-4b63-a6f5-67c693a0adf9,exec_ldmhn0
bib-267,bib-267,False,,Astronomy,secondary,new_full_run,6a0d47e3-f472-4b63-a6f5-67c693a0adf9,exec_ldmhn0
bib-267,bib-267,False,,Construction,secondary,new_full_run,6a0d47e3-f472-4b63-a6f5-67c693a0adf9,exec_ldmhn0
bib-267,bib-267,False,,Practical Geometry,secondary,new_full_run,6a0d47e3-f472-4b63-a6f5-67c693a0adf9,exec_ldmhn0
bib-267,bib-267,False,,Surveying,secondary,new_full_run,6a0d47e3-f472-4b63-a6f5-67c693a0adf9,exec_ldmhn0
bib-267,bib-267,False,,Trigonometry,secondary,new_full_run,6a0d47e3-f472-4b63-a6f5-67c693a0adf9,exec_ldmhn0
bib-268,bib-268,False,,Architecture,primary,new_full_run,6a0d47e3-f472-4b63-a6f5-67c693a0adf9,exec_pgqhqc
bib-268,bib-268,False,,Military Engineering,primary,new_full_run,6a0d47e3-f472-4b63-a6f5-67c693a0adf9,exec_pgqhqc
bib-268,bib-268,False,,Perspective,primary,new_full_run,6a0d47e3-f472-4b63-a6f5-67c693a0adf9,exec_pgqhqc
bib-269,bib-269,False,,Arithmetic,primary,new_full_run,6a0d47e3-f472-4b63-a6f5-67c693a0adf9,exec_yk0p8w
bib-27,bib-27,False,,Architecture,primary,old_155_handoff,final_hybrid_v1_2026_06_03,final_hybrid_handoff
bib-27,bib-27,False,,Instrument Use,unknown,old_155_handoff,final_hybrid_v1_2026_06_03,final_hybrid_handoff
bib-27,bib-27,False,,Practical Geometry,unknown,old_155_handoff,final_hybrid_v1_2026_06_03,final_hybrid_handoff
bib-270,bib-270,False,,Arithmetic,primary,new_full_run,6a0d47e3-f472-4b63-a6f5-67c693a0adf9,exec_9wu4pg
bib-270,bib-270,False,,Commercial Mathematics,primary,new_full_run,6a0d47e3-f472-4b63-a6f5-67c693a0adf9,exec_9wu4pg
bib-270,bib-270,False,,Practical Geometry,unknown,new_full_run,6a0d47e3-f472-4b63-a6f5-67c693a0adf9,exec_9wu4pg
bib-270,bib-270,False,,Theoretical Mathematics,unknown,new_full_run,6a0d47e3-f472-4b63-a6f5-67c693a0adf9,exec_9wu4pg
bib-271,bib-271,False,,Arithmetic,primary,new_full_run,6a0d47e3-f472-4b63-a6f5-67c693a0adf9,exec_20ktv7
bib-271,bib-271,False,,Theoretical Mathematics,secondary,new_full_run,6a0d47e3-f472-4b63-a6f5-67c693a0adf9,exec_20ktv7
bib-271,bib-271,False,,Trigonometry,secondary,new_full_run,6a0d47e3-f472-4b63-a6f5-67c693a0adf9,exec_20ktv7
bib-273,bib-273,False,,Construction,primary,new_full_run,6a0d47e3-f472-4b63-a6f5-67c693a0adf9,exec_ll3934
bib-273,bib-273,False,,Military Engineering,primary,new_full_run,6a0d47e3-f472-4b63-a6f5-67c693a0adf9,exec_ll3934
bib-274,bib-274,False,,Instrument Construction,primary,new_full_run,6a0d47e3-f472-4b63-a6f5-67c693a0adf9,exec_poht2o
bib-274,bib-274,False,,Instrument Use,primary,new_full_run,6a0d47e3-f472-4b63-a6f5-67c693a0adf9,exec_poht2o
bib-274,bib-274,False,,Practical Geometry,primary,new_full_run,6a0d47e3-f472-4b63-a6f5-67c693a0adf9,exec_poht2o
bib-275,bib-275,False,,Instrument Use,primary,new_full_run,6a0d47e3-f472-4b63-a6f5-67c693a0adf9,exec_jss7d5
bib-275,bib-275,False,,Practical Geometry,primary,new_full_run,6a0d47e3-f472-4b63-a6f5-67c693a0adf9,exec_jss7d5
bib-276,bib-276,False,,Practical Geometry,primary,old_155_handoff,final_hybrid_v1_2026_06_03,final_hybrid_handoff
bib-276,bib-276,False,,Theoretical Mathematics,primary,old_155_handoff,final_hybrid_v1_2026_06_03,final_hybrid_handoff
bib-277,bib-277,False,,Arithmetic,primary,old_155_handoff,final_hybrid_v1_2026_06_03,final_hybrid_handoff
bib-277,bib-277,False,,Commercial Mathematics,primary,old_155_handoff,final_hybrid_v1_2026_06_03,final_hybrid_handoff
bib-277,bib-277,False,,Practical Geometry,unknown,old_155_handoff,final_hybrid_v1_2026_06_03,final_hybrid_handoff
bib-278,bib-278,False,,Arithmetic,primary,old_155_handoff,final_hybrid_v1_2026_06_03,final_hybrid_handoff
bib-278,bib-278,False,,Commercial Mathematics,primary,old_155_handoff,final_hybrid_v1_2026_06_03,final_hybrid_handoff
bib-279,bib-279,False,,Arithmetic,primary,new_full_run,6a0d47e3-f472-4b63-a6f5-67c693a0adf9,exec_75wkvm
bib-279,bib-279,False,,Astronomy,secondary,new_full_run,6a0d47e3-f472-4b63-a6f5-67c693a0adf9,exec_75wkvm
bib-279,bib-279,False,,Practical Geometry,secondary,new_full_run,6a0d47e3-f472-4b63-a6f5-67c693a0adf9,exec_75wkvm
bib-279,bib-279,False,,Surveying,unknown,new_full_run,6a0d47e3-f472-4b63-a6f5-67c693a0adf9,exec_75wkvm
bib-279,bib-279,False,,Theoretical Mathematics,secondary,new_full_run,6a0d47e3-f472-4b63-a6f5-67c693a0adf9,exec_75wkvm
bib-279,bib-279,False,,Trigonometry,unknown,new_full_run,6a0d47e3-f472-4b63-a6f5-67c693a0adf9,exec_75wkvm
bib-28,bib-28,False,,Architecture,unknown,old_155_handoff,final_hybrid_v1_2026_06_03,final_hybrid_handoff
bib-28,bib-28,False,,Instrument Use,unknown,old_155_handoff,final_hybrid_v1_2026_06_03,final_hybrid_handoff
bib-28,bib-28,False,,Perspective,primary,old_155_handoff,final_hybrid_v1_2026_06_03,final_hybrid_handoff
bib-28,bib-28,False,,Practical Geometry,unknown,old_155_handoff,final_hybrid_v1_2026_06_03,final_hybrid_handoff
bib-28,bib-28,False,,Trigonometry,secondary,old_155_handoff,final_hybrid_v1_2026_06_03,final_hybrid_handoff
bib-280,bib-280,False,,Architecture,secondary,old_155_handoff,final_hybrid_v1_2026_06_03,final_hybrid_handoff
bib-280,bib-280,False,,Construction,primary,old_155_handoff,final_hybrid_v1_2026_06_03,final_hybrid_handoff
bib-280,bib-280,False,,Instrument Use,unknown,old_155_handoff,final_hybrid_v1_2026_06_03,final_hybrid_handoff
bib-280,bib-280,False,,Military Engineering,primary,old_155_handoff,final_hybrid_v1_2026_06_03,final_hybrid_handoff
bib-280,bib-280,False,,Practical Geometry,secondary,old_155_handoff,final_hybrid_v1_2026_06_03,final_hybrid_handoff
bib-281,bib-281,False,,Arithmetic,primary,new_full_run,6a0d47e3-f472-4b63-a6f5-67c693a0adf9,exec_ybwzfu
bib-281,bib-281,False,,Commercial Mathematics,secondary,new_full_run,6a0d47e3-f472-4b63-a6f5-67c693a0adf9,exec_ybwzfu
bib-281,bib-281,False,,Mechanics,secondary,new_full_run,6a0d47e3-f472-4b63-a6f5-67c693a0adf9,exec_ybwzfu
bib-281,bib-281,False,,Military Engineering,secondary,new_full_run,6a0d47e3-f472-4b63-a6f5-67c693a0adf9,exec_ybwzfu
bib-281,bib-281,False,,Perspective,secondary,new_full_run,6a0d47e3-f472-4b63-a6f5-67c693a0adf9,exec_ybwzfu
bib-281,bib-281,False,,Practical Geometry,primary,new_full_run,6a0d47e3-f472-4b63-a6f5-67c693a0adf9,exec_ybwzfu
bib-281,bib-281,False,,Theoretical Mathematics,secondary,new_full_run,6a0d47e3-f472-4b63-a6f5-67c693a0adf9,exec_ybwzfu
bib-282,bib-282,False,,Arithmetic,primary,old_155_handoff,final_hybrid_v1_2026_06_03,final_hybrid_handoff
bib-282,bib-282,False,,Practical Geometry,secondary,old_155_handoff,final_hybrid_v1_2026_06_03,final_hybrid_handoff
bib-283,bib-283,False,,Arithmetic,primary,old_155_handoff,final_hybrid_v1_2026_06_03,final_hybrid_handoff
bib-283,bib-283,False,,Commercial Mathematics,secondary,old_155_handoff,final_hybrid_v1_2026_06_03,final_hybrid_handoff
bib-284,bib-284,False,,Arithmetic,primary,new_full_run,6a0d47e3-f472-4b63-a6f5-67c693a0adf9,exec_oygh59
bib-284,bib-284,False,,Commercial Mathematics,secondary,new_full_run,6a0d47e3-f472-4b63-a6f5-67c693a0adf9,exec_oygh59
bib-285,bib-285,False,,Arithmetic,primary,old_155_handoff,final_hybrid_v1_2026_06_03,final_hybrid_handoff
bib-29,bib-29,False,,Architecture,primary,old_155_handoff,final_hybrid_v1_2026_06_03,final_hybrid_handoff
bib-29,bib-29,False,,Construction,primary,old_155_handoff,final_hybrid_v1_2026_06_03,final_hybrid_handoff
bib-3,bib-3,False,ROG81T,Gnomonics & Horology,primary,new_full_run,6a0d47e3-f472-4b63-a6f5-67c693a0adf9,exec_x0bvrj
bib-3,bib-3,False,ROG81T,Instrument Construction,primary,new_full_run,6a0d47e3-f472-4b63-a6f5-67c693a0adf9,exec_x0bvrj
bib-3,bib-3,False,ROG81T,Practical Geometry,primary,new_full_run,6a0d47e3-f472-4b63-a6f5-67c693a0adf9,exec_x0bvrj
bib-30,bib-30,False,,Construction,secondary,new_full_run,6a0d47e3-f472-4b63-a6f5-67c693a0adf9,exec_6vbdjv
bib-30,bib-30,False,,Military Engineering,secondary,new_full_run,6a0d47e3-f472-4b63-a6f5-67c693a0adf9,exec_6vbdjv
bib-30,bib-30,False,,Practical Geometry,primary,new_full_run,6a0d47e3-f472-4b63-a6f5-67c693a0adf9,exec_6vbdjv
bib-30,bib-30,False,,Surveying,secondary,new_full_run,6a0d47e3-f472-4b63-a6f5-67c693a0adf9,exec_6vbdjv
bib-30,bib-30,False,,Theoretical Mathematics,primary,new_full_run,6a0d47e3-f472-4b63-a6f5-67c693a0adf9,exec_6vbdjv
bib-31,bib-31,False,,Construction,secondary,new_full_run,6a0d47e3-f472-4b63-a6f5-67c693a0adf9,exec_1wdiyq
bib-31,bib-31,False,,Instrument Use,primary,new_full_run,6a0d47e3-f472-4b63-a6f5-67c693a0adf9,exec_1wdiyq
bib-31,bib-31,False,,Practical Geometry,primary,new_full_run,6a0d47e3-f472-4b63-a6f5-67c693a0adf9,exec_1wdiyq
bib-31,bib-31,False,,Surveying,primary,new_full_run,6a0d47e3-f472-4b63-a6f5-67c693a0adf9,exec_1wdiyq
bib-31,bib-31,False,,Theoretical Mathematics,primary,new_full_run,6a0d47e3-f472-4b63-a6f5-67c693a0adf9,exec_1wdiyq
bib-33,bib-33,False,,Perspective,primary,old_155_handoff,final_hybrid_v1_2026_06_03,final_hybrid_handoff
bib-33,bib-33,False,,Practical Geometry,primary,old_155_handoff,final_hybrid_v1_2026_06_03,final_hybrid_handoff
bib-33,bib-33,False,,Surveying,primary,old_155_handoff,final_hybrid_v1_2026_06_03,final_hybrid_handoff
bib-35,bib-35,False,,Instrument Use,unknown,old_155_handoff,final_hybrid_v1_2026_06_03,final_hybrid_handoff
bib-35,bib-35,False,,Practical Geometry,unknown,old_155_handoff,final_hybrid_v1_2026_06_03,final_hybrid_handoff
bib-37,bib-37,False,,Military Engineering,primary,new_full_run,6a0d47e3-f472-4b63-a6f5-67c693a0adf9,exec_0zn976
bib-38,bib-38,False,,Arithmetic,secondary,new_full_run,6a0d47e3-f472-4b63-a6f5-67c693a0adf9,exec_8yw45f
bib-38,bib-38,False,,Construction,secondary,new_full_run,6a0d47e3-f472-4b63-a6f5-67c693a0adf9,exec_8yw45f
bib-38,bib-38,False,,Geography,secondary,new_full_run,6a0d47e3-f472-4b63-a6f5-67c693a0adf9,exec_8yw45f
bib-38,bib-38,False,,Navigation,secondary,new_full_run,6a0d47e3-f472-4b63-a6f5-67c693a0adf9,exec_8yw45f
bib-38,bib-38,False,,Practical Geometry,primary,new_full_run,6a0d47e3-f472-4b63-a6f5-67c693a0adf9,exec_8yw45f
bib-38,bib-38,False,,Surveying,secondary,new_full_run,6a0d47e3-f472-4b63-a6f5-67c693a0adf9,exec_8yw45f
bib-38,bib-38,False,,Trigonometry,secondary,new_full_run,6a0d47e3-f472-4b63-a6f5-67c693a0adf9,exec_8yw45f
bib-39,bib-39,False,,Architecture,secondary,old_155_handoff,final_hybrid_v1_2026_06_03,final_hybrid_handoff
bib-39,bib-39,False,,Construction,secondary,old_155_handoff,final_hybrid_v1_2026_06_03,final_hybrid_handoff
bib-39,bib-39,False,,Military Engineering,primary,old_155_handoff,final_hybrid_v1_2026_06_03,final_hybrid_handoff
bib-39,bib-39,False,,Practical Geometry,unknown,old_155_handoff,final_hybrid_v1_2026_06_03,final_hybrid_handoff
bib-4,bib-3,True,ROG81T,Gnomonics & Horology,primary,new_full_run,6a0d47e3-f472-4b63-a6f5-67c693a0adf9,exec_x0bvrj
bib-4,bib-3,True,ROG81T,Instrument Construction,primary,new_full_run,6a0d47e3-f472-4b63-a6f5-67c693a0adf9,exec_x0bvrj
bib-4,bib-3,True,ROG81T,Practical Geometry,primary,new_full_run,6a0d47e3-f472-4b63-a6f5-67c693a0adf9,exec_x0bvrj
bib-40,bib-40,False,,Arithmetic,secondary,old_155_handoff,final_hybrid_v1_2026_06_03,final_hybrid_handoff
bib-40,bib-40,False,,Commercial Mathematics,secondary,old_155_handoff,final_hybrid_v1_2026_06_03,final_hybrid_handoff
bib-40,bib-40,False,,Instrument Use,unknown,old_155_handoff,final_hybrid_v1_2026_06_03,final_hybrid_handoff
bib-40,bib-40,False,,Practical Geometry,primary,old_155_handoff,final_hybrid_v1_2026_06_03,final_hybrid_handoff
bib-40,bib-40,False,,Surveying,secondary,old_155_handoff,final_hybrid_v1_2026_06_03,final_hybrid_handoff
bib-40,bib-40,False,,Trigonometry,primary,old_155_handoff,final_hybrid_v1_2026_06_03,final_hybrid_handoff
bib-41,bib-41,False,,Astronomy,primary,old_155_handoff,final_hybrid_v1_2026_06_03,final_hybrid_handoff
bib-41,bib-41,False,,Perspective,primary,old_155_handoff,final_hybrid_v1_2026_06_03,final_hybrid_handoff
bib-41,bib-41,False,,Practical Geometry,secondary,old_155_handoff,final_hybrid_v1_2026_06_03,final_hybrid_handoff
bib-42,bib-42,False,,Practical Geometry,primary,old_155_handoff,final_hybrid_v1_2026_06_03,final_hybrid_handoff
bib-42,bib-42,False,,Theoretical Mathematics,primary,old_155_handoff,final_hybrid_v1_2026_06_03,final_hybrid_handoff
bib-44,bib-44,False,,Architecture,primary,old_155_handoff,final_hybrid_v1_2026_06_03,final_hybrid_handoff
bib-44,bib-44,False,,Practical Geometry,unknown,old_155_handoff,final_hybrid_v1_2026_06_03,final_hybrid_handoff
bib-45,bib-45,False,,Arithmetic,primary,old_155_handoff,final_hybrid_v1_2026_06_03,final_hybrid_handoff
bib-45,bib-45,False,,Cosmography,primary,old_155_handoff,final_hybrid_v1_2026_06_03,final_hybrid_handoff
bib-45,bib-45,False,,Gnomonics & Horology,primary,old_155_handoff,final_hybrid_v1_2026_06_03,final_hybrid_handoff
bib-45,bib-45,False,,Instrument Use,secondary,old_155_handoff,final_hybrid_v1_2026_06_03,final_hybrid_handoff
bib-45,bib-45,False,,Practical Geometry,primary,old_155_handoff,final_hybrid_v1_2026_06_03,final_hybrid_handoff
bib-46,bib-47,True,JWV81O,Cartography,primary,old_155_handoff,final_hybrid_v1_2026_06_03,final_hybrid_handoff
bib-46,bib-47,True,JWV81O,Instrument Use,primary,old_155_handoff,final_hybrid_v1_2026_06_03,final_hybrid_handoff
bib-46,bib-47,True,JWV81O,Practical Geometry,primary,old_155_handoff,final_hybrid_v1_2026_06_03,final_hybrid_handoff
bib-46,bib-47,True,JWV81O,Surveying,primary,old_155_handoff,final_hybrid_v1_2026_06_03,final_hybrid_handoff
bib-47,bib-47,False,JWV81O,Cartography,primary,old_155_handoff,final_hybrid_v1_2026_06_03,final_hybrid_handoff
bib-47,bib-47,False,JWV81O,Instrument Use,primary,old_155_handoff,final_hybrid_v1_2026_06_03,final_hybrid_handoff
bib-47,bib-47,False,JWV81O,Practical Geometry,primary,old_155_handoff,final_hybrid_v1_2026_06_03,final_hybrid_handoff
bib-47,bib-47,False,JWV81O,Surveying,primary,old_155_handoff,final_hybrid_v1_2026_06_03,final_hybrid_handoff
bib-48,bib-48,False,,Cartography,secondary,new_full_run,6a0d47e3-f472-4b63-a6f5-67c693a0adf9,exec_jtr9ta
bib-48,bib-48,False,,Instrument Construction,unknown,new_full_run,6a0d47e3-f472-4b63-a6f5-67c693a0adf9,exec_jtr9ta
bib-48,bib-48,False,,Instrument Use,primary,new_full_run,6a0d47e3-f472-4b63-a6f5-67c693a0adf9,exec_jtr9ta
bib-48,bib-48,False,,Practical Geometry,primary,new_full_run,6a0d47e3-f472-4b63-a6f5-67c693a0adf9,exec_jtr9ta
bib-48,bib-48,False,,Surveying,primary,new_full_run,6a0d47e3-f472-4b63-a6f5-67c693a0adf9,exec_jtr9ta
bib-49,bib-49,False,,Cartography,secondary,new_full_run,6a0d47e3-f472-4b63-a6f5-67c693a0adf9,exec_40223n
bib-49,bib-49,False,,Geography,secondary,new_full_run,6a0d47e3-f472-4b63-a6f5-67c693a0adf9,exec_40223n
bib-49,bib-49,False,,Instrument Construction,unknown,new_full_run,6a0d47e3-f472-4b63-a6f5-67c693a0adf9,exec_40223n
bib-49,bib-49,False,,Instrument Use,primary,new_full_run,6a0d47e3-f472-4b63-a6f5-67c693a0adf9,exec_40223n
bib-49,bib-49,False,,Practical Geometry,primary,new_full_run,6a0d47e3-f472-4b63-a6f5-67c693a0adf9,exec_40223n
bib-49,bib-49,False,,Surveying,primary,new_full_run,6a0d47e3-f472-4b63-a6f5-67c693a0adf9,exec_40223n
bib-5,bib-5,False,,Instrument Use,primary,old_155_handoff,final_hybrid_v1_2026_06_03,final_hybrid_handoff
bib-5,bib-5,False,,Practical Geometry,primary,old_155_handoff,final_hybrid_v1_2026_06_03,final_hybrid_handoff
bib-50,bib-50,False,,Astronomy,secondary,new_full_run,6a0d47e3-f472-4b63-a6f5-67c693a0adf9,exec_gz57tf
bib-50,bib-50,False,,Cartography,unknown,new_full_run,6a0d47e3-f472-4b63-a6f5-67c693a0adf9,exec_gz57tf
bib-50,bib-50,False,,Geography,unknown,new_full_run,6a0d47e3-f472-4b63-a6f5-67c693a0adf9,exec_gz57tf
bib-50,bib-50,False,,Instrument Construction,primary,new_full_run,6a0d47e3-f472-4b63-a6f5-67c693a0adf9,exec_gz57tf
bib-50,bib-50,False,,Instrument Use,primary,new_full_run,6a0d47e3-f472-4b63-a6f5-67c693a0adf9,exec_gz57tf
bib-50,bib-50,False,,Navigation,unknown,new_full_run,6a0d47e3-f472-4b63-a6f5-67c693a0adf9,exec_gz57tf
bib-50,bib-50,False,,Practical Geometry,primary,new_full_run,6a0d47e3-f472-4b63-a6f5-67c693a0adf9,exec_gz57tf
bib-50,bib-50,False,,Surveying,unknown,new_full_run,6a0d47e3-f472-4b63-a6f5-67c693a0adf9,exec_gz57tf
bib-51,bib-51,False,,Astronomy,unknown,new_full_run,6a0d47e3-f472-4b63-a6f5-67c693a0adf9,exec_x7hrku
bib-51,bib-51,False,,Cartography,secondary,new_full_run,6a0d47e3-f472-4b63-a6f5-67c693a0adf9,exec_x7hrku
bib-51,bib-51,False,,Instrument Use,unknown,new_full_run,6a0d47e3-f472-4b63-a6f5-67c693a0adf9,exec_x7hrku
bib-51,bib-51,False,,Navigation,primary,new_full_run,6a0d47e3-f472-4b63-a6f5-67c693a0adf9,exec_x7hrku
bib-51,bib-51,False,,Practical Geometry,unknown,new_full_run,6a0d47e3-f472-4b63-a6f5-67c693a0adf9,exec_x7hrku
bib-51,bib-51,False,,Surveying,unknown,new_full_run,6a0d47e3-f472-4b63-a6f5-67c693a0adf9,exec_x7hrku
bib-51,bib-51,False,,Theoretical Mathematics,unknown,new_full_run,6a0d47e3-f472-4b63-a6f5-67c693a0adf9,exec_x7hrku
bib-51,bib-51,False,,Trigonometry,unknown,new_full_run,6a0d47e3-f472-4b63-a6f5-67c693a0adf9,exec_x7hrku
bib-52,bib-52,False,,Architecture,secondary,old_155_handoff,final_hybrid_v1_2026_06_03,final_hybrid_handoff
bib-52,bib-52,False,,Instrument Use,primary,old_155_handoff,final_hybrid_v1_2026_06_03,final_hybrid_handoff
bib-52,bib-52,False,,Practical Geometry,primary,old_155_handoff,final_hybrid_v1_2026_06_03,final_hybrid_handoff
bib-53,bib-53,False,,Practical Geometry,primary,new_full_run,6a0d47e3-f472-4b63-a6f5-67c693a0adf9,exec_u9d70b
bib-53,bib-53,False,,Surveying,primary,new_full_run,6a0d47e3-f472-4b63-a6f5-67c693a0adf9,exec_u9d70b
bib-54,bib-54,False,,Construction,primary,new_full_run,6a0d47e3-f472-4b63-a6f5-67c693a0adf9,exec_8gkw5u
bib-54,bib-54,False,,Military Engineering,primary,new_full_run,6a0d47e3-f472-4b63-a6f5-67c693a0adf9,exec_8gkw5u
bib-55,bib-55,False,ATEUPU,Perspective,primary,new_full_run,6a0d47e3-f472-4b63-a6f5-67c693a0adf9,exec_ztdrda
bib-55,bib-55,False,ATEUPU,Practical Geometry,unknown,new_full_run,6a0d47e3-f472-4b63-a6f5-67c693a0adf9,exec_ztdrda
bib-55,bib-55,False,ATEUPU,Trigonometry,unknown,new_full_run,6a0d47e3-f472-4b63-a6f5-67c693a0adf9,exec_ztdrda
bib-56,bib-55,True,ATEUPU,Perspective,primary,new_full_run,6a0d47e3-f472-4b63-a6f5-67c693a0adf9,exec_ztdrda
bib-56,bib-55,True,ATEUPU,Practical Geometry,unknown,new_full_run,6a0d47e3-f472-4b63-a6f5-67c693a0adf9,exec_ztdrda
bib-56,bib-55,True,ATEUPU,Trigonometry,unknown,new_full_run,6a0d47e3-f472-4b63-a6f5-67c693a0adf9,exec_ztdrda
bib-57,bib-57,False,,Practical Geometry,primary,new_full_run,6a0d47e3-f472-4b63-a6f5-67c693a0adf9,exec_0oqbr0
bib-57,bib-57,False,,Theoretical Mathematics,primary,new_full_run,6a0d47e3-f472-4b63-a6f5-67c693a0adf9,exec_0oqbr0
bib-57,bib-57,False,,Trigonometry,primary,new_full_run,6a0d47e3-f472-4b63-a6f5-67c693a0adf9,exec_0oqbr0
bib-58,bib-58,False,,Instrument Use,primary,new_full_run,6a0d47e3-f472-4b63-a6f5-67c693a0adf9,exec_vwkt5v
bib-58,bib-58,False,,Practical Geometry,primary,new_full_run,6a0d47e3-f472-4b63-a6f5-67c693a0adf9,exec_vwkt5v
bib-58,bib-58,False,,Surveying,primary,new_full_run,6a0d47e3-f472-4b63-a6f5-67c693a0adf9,exec_vwkt5v
bib-59,bib-59,False,,Practical Geometry,primary,old_155_handoff,final_hybrid_v1_2026_06_03,final_hybrid_handoff
bib-6,bib-6,False,,Practical Geometry,primary,new_full_run,6a0d47e3-f472-4b63-a6f5-67c693a0adf9,exec_lu49gi
bib-60,bib-60,False,,Architecture,primary,new_full_run,6a0d47e3-f472-4b63-a6f5-67c693a0adf9,exec_04qi2f
bib-60,bib-60,False,,Military Engineering,secondary,new_full_run,6a0d47e3-f472-4b63-a6f5-67c693a0adf9,exec_04qi2f
bib-61,bib-61,False,,Gnomonics & Horology,primary,new_full_run,6a0d47e3-f472-4b63-a6f5-67c693a0adf9,exec_w2tlkx
bib-61,bib-61,False,,Mechanics,unknown,new_full_run,6a0d47e3-f472-4b63-a6f5-67c693a0adf9,exec_w2tlkx
bib-61,bib-61,False,,Theoretical Mathematics,primary,new_full_run,6a0d47e3-f472-4b63-a6f5-67c693a0adf9,exec_w2tlkx
bib-62,bib-62,False,,Instrument Use,secondary,new_full_run,6a0d47e3-f472-4b63-a6f5-67c693a0adf9,exec_232ml2
bib-62,bib-62,False,,Practical Geometry,primary,new_full_run,6a0d47e3-f472-4b63-a6f5-67c693a0adf9,exec_232ml2
bib-62,bib-62,False,,Surveying,secondary,new_full_run,6a0d47e3-f472-4b63-a6f5-67c693a0adf9,exec_232ml2
bib-63,bib-63,False,,Military Engineering,unknown,new_full_run,6a0d47e3-f472-4b63-a6f5-67c693a0adf9,exec_5m61ch
bib-63,bib-63,False,,Navigation,unknown,new_full_run,6a0d47e3-f472-4b63-a6f5-67c693a0adf9,exec_5m61ch
bib-63,bib-63,False,,Practical Geometry,primary,new_full_run,6a0d47e3-f472-4b63-a6f5-67c693a0adf9,exec_5m61ch
bib-63,bib-63,False,,Surveying,unknown,new_full_run,6a0d47e3-f472-4b63-a6f5-67c693a0adf9,exec_5m61ch
bib-64,bib-64,False,,Practical Geometry,primary,old_155_handoff,final_hybrid_v1_2026_06_03,final_hybrid_handoff
bib-64,bib-64,False,,Theoretical Mathematics,primary,old_155_handoff,final_hybrid_v1_2026_06_03,final_hybrid_handoff
bib-65,bib-65,False,,Theoretical Mathematics,primary,new_full_run,6a0d47e3-f472-4b63-a6f5-67c693a0adf9,exec_ipwqhc
bib-66,bib-66,False,,Theoretical Mathematics,primary,new_full_run,6a0d47e3-f472-4b63-a6f5-67c693a0adf9,exec_kspya9
bib-67,bib-67,False,,Architecture,unknown,old_155_handoff,final_hybrid_v1_2026_06_03,final_hybrid_handoff
bib-67,bib-67,False,,Instrument Use,unknown,old_155_handoff,final_hybrid_v1_2026_06_03,final_hybrid_handoff
bib-67,bib-67,False,,Practical Geometry,primary,old_155_handoff,final_hybrid_v1_2026_06_03,final_hybrid_handoff
bib-68,bib-68,False,,Theoretical Mathematics,primary,new_full_run,6a0d47e3-f472-4b63-a6f5-67c693a0adf9,exec_aswj67
bib-7,bib-7,False,,Cartography,secondary,old_155_handoff,final_hybrid_v1_2026_06_03,final_hybrid_handoff
bib-7,bib-7,False,,Instrument Use,secondary,old_155_handoff,final_hybrid_v1_2026_06_03,final_hybrid_handoff
bib-7,bib-7,False,,Perspective,secondary,old_155_handoff,final_hybrid_v1_2026_06_03,final_hybrid_handoff
bib-7,bib-7,False,,Practical Geometry,primary,old_155_handoff,final_hybrid_v1_2026_06_03,final_hybrid_handoff
bib-7,bib-7,False,,Surveying,secondary,old_155_handoff,final_hybrid_v1_2026_06_03,final_hybrid_handoff
bib-7,bib-7,False,,Theoretical Mathematics,secondary,old_155_handoff,final_hybrid_v1_2026_06_03,final_hybrid_handoff
bib-70,bib-70,False,,Architecture,secondary,new_full_run,6a0d47e3-f472-4b63-a6f5-67c693a0adf9,exec_f2k69n
bib-70,bib-70,False,,Construction,primary,new_full_run,6a0d47e3-f472-4b63-a6f5-67c693a0adf9,exec_f2k69n
bib-70,bib-70,False,,Military Engineering,primary,new_full_run,6a0d47e3-f472-4b63-a6f5-67c693a0adf9,exec_f2k69n
bib-70,bib-70,False,,Practical Geometry,primary,new_full_run,6a0d47e3-f472-4b63-a6f5-67c693a0adf9,exec_f2k69n
bib-70,bib-70,False,,Trigonometry,primary,new_full_run,6a0d47e3-f472-4b63-a6f5-67c693a0adf9,exec_f2k69n
bib-71,bib-71,False,,Architecture,primary,old_155_handoff,final_hybrid_v1_2026_06_03,final_hybrid_handoff
bib-71,bib-71,False,,Gnomonics & Horology,secondary,old_155_handoff,final_hybrid_v1_2026_06_03,final_hybrid_handoff
bib-71,bib-71,False,,Mechanics,secondary,old_155_handoff,final_hybrid_v1_2026_06_03,final_hybrid_handoff
bib-71,bib-71,False,,Practical Geometry,secondary,old_155_handoff,final_hybrid_v1_2026_06_03,final_hybrid_handoff
bib-72,bib-72,False,,Architecture,primary,new_full_run,6a0d47e3-f472-4b63-a6f5-67c693a0adf9,exec_oyfezc
bib-72,bib-72,False,,Arithmetic,primary,new_full_run,6a0d47e3-f472-4b63-a6f5-67c693a0adf9,exec_oyfezc
bib-72,bib-72,False,,Astronomy,primary,new_full_run,6a0d47e3-f472-4b63-a6f5-67c693a0adf9,exec_oyfezc
bib-72,bib-72,False,,Cosmography,primary,new_full_run,6a0d47e3-f472-4b63-a6f5-67c693a0adf9,exec_oyfezc
bib-72,bib-72,False,,Geography,primary,new_full_run,6a0d47e3-f472-4b63-a6f5-67c693a0adf9,exec_oyfezc
bib-72,bib-72,False,,Music Theory,unknown,new_full_run,6a0d47e3-f472-4b63-a6f5-67c693a0adf9,exec_oyfezc
bib-72,bib-72,False,,Theoretical Mathematics,unknown,new_full_run,6a0d47e3-f472-4b63-a6f5-67c693a0adf9,exec_oyfezc
bib-75,bib-75,False,,Construction,secondary,new_full_run,6a0d47e3-f472-4b63-a6f5-67c693a0adf9,exec_l6lod6
bib-75,bib-75,False,,Practical Geometry,primary,new_full_run,6a0d47e3-f472-4b63-a6f5-67c693a0adf9,exec_l6lod6
bib-75,bib-75,False,,Surveying,primary,new_full_run,6a0d47e3-f472-4b63-a6f5-67c693a0adf9,exec_l6lod6
bib-75,bib-75,False,,Theoretical Mathematics,primary,new_full_run,6a0d47e3-f472-4b63-a6f5-67c693a0adf9,exec_l6lod6
bib-76,bib-76,False,,Arithmetic,secondary,old_155_handoff,final_hybrid_v1_2026_06_03,final_hybrid_handoff
bib-76,bib-76,False,,Cosmography,primary,old_155_handoff,final_hybrid_v1_2026_06_03,final_hybrid_handoff
bib-76,bib-76,False,,Instrument Use,unknown,old_155_handoff,final_hybrid_v1_2026_06_03,final_hybrid_handoff
bib-76,bib-76,False,,Practical Geometry,secondary,old_155_handoff,final_hybrid_v1_2026_06_03,final_hybrid_handoff
bib-76,bib-76,False,,Theoretical Mathematics,secondary,old_155_handoff,final_hybrid_v1_2026_06_03,final_hybrid_handoff
bib-77,bib-77,False,,Instrument Use,primary,new_full_run,6a0d47e3-f472-4b63-a6f5-67c693a0adf9,exec_6s8wkq
bib-77,bib-77,False,,Navigation,unknown,new_full_run,6a0d47e3-f472-4b63-a6f5-67c693a0adf9,exec_6s8wkq
bib-77,bib-77,False,,Practical Geometry,primary,new_full_run,6a0d47e3-f472-4b63-a6f5-67c693a0adf9,exec_6s8wkq
bib-77,bib-77,False,,Surveying,unknown,new_full_run,6a0d47e3-f472-4b63-a6f5-67c693a0adf9,exec_6s8wkq
bib-77,bib-77,False,,Theoretical Mathematics,primary,new_full_run,6a0d47e3-f472-4b63-a6f5-67c693a0adf9,exec_6s8wkq
bib-78,bib-78,False,,Practical Geometry,primary,new_full_run,6a0d47e3-f472-4b63-a6f5-67c693a0adf9,exec_v0lg87
bib-78,bib-78,False,,Theoretical Mathematics,primary,new_full_run,6a0d47e3-f472-4b63-a6f5-67c693a0adf9,exec_v0lg87
bib-79,bib-79,False,,Arithmetic,primary,new_full_run,6a0d47e3-f472-4b63-a6f5-67c693a0adf9,exec_tsel5p
bib-79,bib-79,False,,Astronomy,unknown,new_full_run,6a0d47e3-f472-4b63-a6f5-67c693a0adf9,exec_tsel5p
bib-79,bib-79,False,,Geography,primary,new_full_run,6a0d47e3-f472-4b63-a6f5-67c693a0adf9,exec_tsel5p
bib-79,bib-79,False,,Military Engineering,primary,new_full_run,6a0d47e3-f472-4b63-a6f5-67c693a0adf9,exec_tsel5p
bib-79,bib-79,False,,Practical Geometry,unknown,new_full_run,6a0d47e3-f472-4b63-a6f5-67c693a0adf9,exec_tsel5p
bib-79,bib-79,False,,Theoretical Mathematics,unknown,new_full_run,6a0d47e3-f472-4b63-a6f5-67c693a0adf9,exec_tsel5p
bib-79,bib-79,False,,Trigonometry,primary,new_full_run,6a0d47e3-f472-4b63-a6f5-67c693a0adf9,exec_tsel5p
bib-8,bib-8,False,,Instrument Use,secondary,old_155_handoff,final_hybrid_v1_2026_06_03,final_hybrid_handoff
bib-8,bib-8,False,,Practical Geometry,primary,old_155_handoff,final_hybrid_v1_2026_06_03,final_hybrid_handoff
bib-80,bib-80,False,,Arithmetic,secondary,new_full_run,6a0d47e3-f472-4b63-a6f5-67c693a0adf9,exec_f2iy4e
bib-80,bib-80,False,,Practical Geometry,primary,new_full_run,6a0d47e3-f472-4b63-a6f5-67c693a0adf9,exec_f2iy4e
bib-80,bib-80,False,,Surveying,primary,new_full_run,6a0d47e3-f472-4b63-a6f5-67c693a0adf9,exec_f2iy4e
bib-82,bib-82,False,,Commercial Mathematics,secondary,old_155_handoff,final_hybrid_v1_2026_06_03,final_hybrid_handoff
bib-82,bib-82,False,,Construction,secondary,old_155_handoff,final_hybrid_v1_2026_06_03,final_hybrid_handoff
bib-82,bib-82,False,,Instrument Use,secondary,old_155_handoff,final_hybrid_v1_2026_06_03,final_hybrid_handoff
bib-82,bib-82,False,,Mechanics,secondary,old_155_handoff,final_hybrid_v1_2026_06_03,final_hybrid_handoff
bib-82,bib-82,False,,Military Engineering,secondary,old_155_handoff,final_hybrid_v1_2026_06_03,final_hybrid_handoff
bib-82,bib-82,False,,Practical Geometry,primary,old_155_handoff,final_hybrid_v1_2026_06_03,final_hybrid_handoff
bib-82,bib-82,False,,Theoretical Mathematics,secondary,old_155_handoff,final_hybrid_v1_2026_06_03,final_hybrid_handoff
bib-83,bib-83,False,,Commercial Mathematics,secondary,old_155_handoff,final_hybrid_v1_2026_06_03,final_hybrid_handoff
bib-83,bib-83,False,,Construction,secondary,old_155_handoff,final_hybrid_v1_2026_06_03,final_hybrid_handoff
bib-83,bib-83,False,,Instrument Use,unknown,old_155_handoff,final_hybrid_v1_2026_06_03,final_hybrid_handoff
bib-83,bib-83,False,,Mechanics,secondary,old_155_handoff,final_hybrid_v1_2026_06_03,final_hybrid_handoff
bib-83,bib-83,False,,Military Engineering,secondary,old_155_handoff,final_hybrid_v1_2026_06_03,final_hybrid_handoff
bib-83,bib-83,False,,Practical Geometry,primary,old_155_handoff,final_hybrid_v1_2026_06_03,final_hybrid_handoff
bib-83,bib-83,False,,Surveying,secondary,old_155_handoff,final_hybrid_v1_2026_06_03,final_hybrid_handoff
bib-84,bib-84,False,,Architecture,secondary,new_full_run,6a0d47e3-f472-4b63-a6f5-67c693a0adf9,exec_n755o2
bib-84,bib-84,False,,Construction,primary,new_full_run,6a0d47e3-f472-4b63-a6f5-67c693a0adf9,exec_n755o2
bib-84,bib-84,False,,Practical Geometry,primary,new_full_run,6a0d47e3-f472-4b63-a6f5-67c693a0adf9,exec_n755o2
bib-84,bib-84,False,,Surveying,secondary,new_full_run,6a0d47e3-f472-4b63-a6f5-67c693a0adf9,exec_n755o2
bib-85,bib-85,False,,Architecture,unknown,new_full_run,6a0d47e3-f472-4b63-a6f5-67c693a0adf9,exec_gz17qc
bib-85,bib-85,False,,Arithmetic,primary,new_full_run,6a0d47e3-f472-4b63-a6f5-67c693a0adf9,exec_gz17qc
bib-85,bib-85,False,,Commercial Mathematics,unknown,new_full_run,6a0d47e3-f472-4b63-a6f5-67c693a0adf9,exec_gz17qc
bib-85,bib-85,False,,Instrument Construction,primary,new_full_run,6a0d47e3-f472-4b63-a6f5-67c693a0adf9,exec_gz17qc
bib-85,bib-85,False,,Instrument Use,primary,new_full_run,6a0d47e3-f472-4b63-a6f5-67c693a0adf9,exec_gz17qc
bib-85,bib-85,False,,Perspective,unknown,new_full_run,6a0d47e3-f472-4b63-a6f5-67c693a0adf9,exec_gz17qc
bib-85,bib-85,False,,Practical Geometry,secondary,new_full_run,6a0d47e3-f472-4b63-a6f5-67c693a0adf9,exec_gz17qc
bib-85,bib-85,False,,Surveying,unknown,new_full_run,6a0d47e3-f472-4b63-a6f5-67c693a0adf9,exec_gz17qc
bib-86,bib-86,False,,Arithmetic,secondary,new_full_run,6a0d47e3-f472-4b63-a6f5-67c693a0adf9,exec_wix1ik
bib-86,bib-86,False,,Instrument Construction,primary,new_full_run,6a0d47e3-f472-4b63-a6f5-67c693a0adf9,exec_wix1ik
bib-86,bib-86,False,,Instrument Use,primary,new_full_run,6a0d47e3-f472-4b63-a6f5-67c693a0adf9,exec_wix1ik
bib-86,bib-86,False,,Practical Geometry,secondary,new_full_run,6a0d47e3-f472-4b63-a6f5-67c693a0adf9,exec_wix1ik
bib-87,bib-87,False,,Instrument Use,unknown,old_155_handoff,final_hybrid_v1_2026_06_03,final_hybrid_handoff
bib-87,bib-87,False,,Practical Geometry,primary,old_155_handoff,final_hybrid_v1_2026_06_03,final_hybrid_handoff
bib-87,bib-87,False,,Surveying,primary,old_155_handoff,final_hybrid_v1_2026_06_03,final_hybrid_handoff
bib-88,bib-88,False,,Practical Geometry,primary,new_full_run,6a0d47e3-f472-4b63-a6f5-67c693a0adf9,exec_r7vlhg
bib-88,bib-88,False,,Surveying,primary,new_full_run,6a0d47e3-f472-4b63-a6f5-67c693a0adf9,exec_r7vlhg
bib-89,bib-89,False,,Mechanics,unknown,new_full_run,6a0d47e3-f472-4b63-a6f5-67c693a0adf9,exec_i4lz5q
bib-89,bib-89,False,,Practical Geometry,primary,new_full_run,6a0d47e3-f472-4b63-a6f5-67c693a0adf9,exec_i4lz5q
bib-9,bib-9,False,,Instrument Use,secondary,old_155_handoff,final_hybrid_v1_2026_06_03,final_hybrid_handoff
bib-9,bib-9,False,,Mechanics,secondary,old_155_handoff,final_hybrid_v1_2026_06_03,final_hybrid_handoff
bib-9,bib-9,False,,Practical Geometry,primary,old_155_handoff,final_hybrid_v1_2026_06_03,final_hybrid_handoff
bib-90,bib-90,False,,Instrument Use,primary,old_155_handoff,final_hybrid_v1_2026_06_03,final_hybrid_handoff
bib-90,bib-90,False,,Practical Geometry,primary,old_155_handoff,final_hybrid_v1_2026_06_03,final_hybrid_handoff
bib-91,bib-91,False,,Arithmetic,primary,old_155_handoff,final_hybrid_v1_2026_06_03,final_hybrid_handoff
bib-91,bib-91,False,,Practical Geometry,primary,old_155_handoff,final_hybrid_v1_2026_06_03,final_hybrid_handoff
bib-91,bib-91,False,,Theoretical Mathematics,primary,old_155_handoff,final_hybrid_v1_2026_06_03,final_hybrid_handoff
bib-92,bib-92,False,,Arithmetic,primary,new_full_run,6a0d47e3-f472-4b63-a6f5-67c693a0adf9,exec_vr52ob
bib-92,bib-92,False,,Commercial Mathematics,primary,new_full_run,6a0d47e3-f472-4b63-a6f5-67c693a0adf9,exec_vr52ob
bib-92,bib-92,False,,Instrument Use,secondary,new_full_run,6a0d47e3-f472-4b63-a6f5-67c693a0adf9,exec_vr52ob
bib-92,bib-92,False,,Practical Geometry,primary,new_full_run,6a0d47e3-f472-4b63-a6f5-67c693a0adf9,exec_vr52ob
bib-92,bib-92,False,,Surveying,primary,new_full_run,6a0d47e3-f472-4b63-a6f5-67c693a0adf9,exec_vr52ob
bib-92,bib-92,False,,Theoretical Mathematics,primary,new_full_run,6a0d47e3-f472-4b63-a6f5-67c693a0adf9,exec_vr52ob
bib-93,bib-93,False,,Arithmetic,primary,old_155_handoff,final_hybrid_v1_2026_06_03,final_hybrid_handoff
bib-93,bib-93,False,,Commercial Mathematics,primary,old_155_handoff,final_hybrid_v1_2026_06_03,final_hybrid_handoff
bib-93,bib-93,False,,Practical Geometry,primary,old_155_handoff,final_hybrid_v1_2026_06_03,final_hybrid_handoff
bib-93,bib-93,False,,Surveying,primary,old_155_handoff,final_hybrid_v1_2026_06_03,final_hybrid_handoff
bib-94,bib-94,False,,Arithmetic,primary,new_full_run,6a0d47e3-f472-4b63-a6f5-67c693a0adf9,exec_xjr770
bib-94,bib-94,False,,Practical Geometry,primary,new_full_run,6a0d47e3-f472-4b63-a6f5-67c693a0adf9,exec_xjr770
bib-95,bib-95,False,,Arithmetic,primary,new_full_run,6a0d47e3-f472-4b63-a6f5-67c693a0adf9,exec_12i0uq
bib-95,bib-95,False,,Astronomy,primary,new_full_run,6a0d47e3-f472-4b63-a6f5-67c693a0adf9,exec_12i0uq
bib-95,bib-95,False,,Geography,primary,new_full_run,6a0d47e3-f472-4b63-a6f5-67c693a0adf9,exec_12i0uq
bib-95,bib-95,False,,Gnomonics & Horology,primary,new_full_run,6a0d47e3-f472-4b63-a6f5-67c693a0adf9,exec_12i0uq
bib-95,bib-95,False,,Music Theory,unknown,new_full_run,6a0d47e3-f472-4b63-a6f5-67c693a0adf9,exec_12i0uq
bib-95,bib-95,False,,Theoretical Mathematics,unknown,new_full_run,6a0d47e3-f472-4b63-a6f5-67c693a0adf9,exec_12i0uq
bib-96,bib-96,False,,Astronomy,secondary,new_full_run,6a0d47e3-f472-4b63-a6f5-67c693a0adf9,exec_jfzbuq
bib-96,bib-96,False,,Geography,secondary,new_full_run,6a0d47e3-f472-4b63-a6f5-67c693a0adf9,exec_jfzbuq
bib-96,bib-96,False,,Gnomonics & Horology,secondary,new_full_run,6a0d47e3-f472-4b63-a6f5-67c693a0adf9,exec_jfzbuq
bib-96,bib-96,False,,Navigation,secondary,new_full_run,6a0d47e3-f472-4b63-a6f5-67c693a0adf9,exec_jfzbuq
bib-99,bib-99,False,,Architecture,primary,new_full_run,6a0d47e3-f472-4b63-a6f5-67c693a0adf9,exec_w4sitq
bib-99,bib-99,False,,Construction,primary,new_full_run,6a0d47e3-f472-4b63-a6f5-67c693a0adf9,exec_w4sitq
bib-99,bib-99,False,,Military Engineering,primary,new_full_run,6a0d47e3-f472-4b63-a6f5-67c693a0adf9,exec_w4sitq
bib-99,bib-99,False,,Practical Geometry,primary,new_full_run,6a0d47e3-f472-4b63-a6f5-67c693a0adf9,exec_w4sitq
bib-99,bib-99,False,,Surveying,primary,new_full_run,6a0d47e3-f472-4b63-a6f5-67c693a0adf9,exec_w4sitq
bib-99,bib-99,False,,Theoretical Mathematics,primary,new_full_run,6a0d47e3-f472-4b63-a6f5-67c693a0adf9,exec_w4sitq
ustc-1,ustc-15,True,53VCU6,Practical Geometry,primary,new_full_run,6a0d47e3-f472-4b63-a6f5-67c693a0adf9,exec_xghn1p
ustc-1,ustc-15,True,53VCU6,Surveying,primary,new_full_run,6a0d47e3-f472-4b63-a6f5-67c693a0adf9,exec_xghn1p
ustc-10,ustc-10,False,,Instrument Use,primary,new_full_run,6a0d47e3-f472-4b63-a6f5-67c693a0adf9,exec_0zrbb7
ustc-10,ustc-10,False,,Practical Geometry,primary,new_full_run,6a0d47e3-f472-4b63-a6f5-67c693a0adf9,exec_0zrbb7
ustc-11,ustc-11,False,SD0LIA,Instrument Use,primary,new_full_run,6a0d47e3-f472-4b63-a6f5-67c693a0adf9,exec_zmka1u
ustc-11,ustc-11,False,SD0LIA,Practical Geometry,primary,new_full_run,6a0d47e3-f472-4b63-a6f5-67c693a0adf9,exec_zmka1u
ustc-11,ustc-11,False,SD0LIA,Surveying,unknown,new_full_run,6a0d47e3-f472-4b63-a6f5-67c693a0adf9,exec_zmka1u
ustc-12,ustc-12,False,,Theoretical Mathematics,secondary,new_full_run,6a0d47e3-f472-4b63-a6f5-67c693a0adf9,exec_ktlbjv
ustc-12,ustc-12,False,,Trigonometry,primary,new_full_run,6a0d47e3-f472-4b63-a6f5-67c693a0adf9,exec_ktlbjv
ustc-13,ustc-13,False,,Mechanics,primary,new_full_run,6a0d47e3-f472-4b63-a6f5-67c693a0adf9,exec_wzoo0a
ustc-13,ustc-13,False,,Theoretical Mathematics,unknown,new_full_run,6a0d47e3-f472-4b63-a6f5-67c693a0adf9,exec_wzoo0a
ustc-14,ustc-14,False,,Gnomonics & Horology,primary,new_full_run,6a0d47e3-f472-4b63-a6f5-67c693a0adf9,exec_kpmkpf
ustc-14,ustc-14,False,,Instrument Construction,primary,new_full_run,6a0d47e3-f472-4b63-a6f5-67c693a0adf9,exec_kpmkpf
ustc-14,ustc-14,False,,Instrument Use,primary,new_full_run,6a0d47e3-f472-4b63-a6f5-67c693a0adf9,exec_kpmkpf
ustc-14,ustc-14,False,,Practical Geometry,primary,new_full_run,6a0d47e3-f472-4b63-a6f5-67c693a0adf9,exec_kpmkpf
ustc-15,ustc-15,False,53VCU6,Practical Geometry,primary,new_full_run,6a0d47e3-f472-4b63-a6f5-67c693a0adf9,exec_xghn1p
ustc-15,ustc-15,False,53VCU6,Surveying,primary,new_full_run,6a0d47e3-f472-4b63-a6f5-67c693a0adf9,exec_xghn1p
ustc-16,ustc-16,False,V7DASV,Astronomy,primary,old_155_handoff,final_hybrid_v1_2026_06_03,final_hybrid_handoff
ustc-16,ustc-16,False,V7DASV,Instrument Construction,primary,old_155_handoff,final_hybrid_v1_2026_06_03,final_hybrid_handoff
ustc-16,ustc-16,False,V7DASV,Instrument Use,primary,old_155_handoff,final_hybrid_v1_2026_06_03,final_hybrid_handoff
ustc-16,ustc-16,False,V7DASV,Navigation,primary,old_155_handoff,final_hybrid_v1_2026_06_03,final_hybrid_handoff
ustc-16,ustc-16,False,V7DASV,Practical Geometry,secondary,old_155_handoff,final_hybrid_v1_2026_06_03,final_hybrid_handoff
ustc-17,ustc-17,False,,Arithmetic,primary,new_full_run,6a0d47e3-f472-4b63-a6f5-67c693a0adf9,exec_jsavmh
ustc-17,ustc-17,False,,Commercial Mathematics,primary,new_full_run,6a0d47e3-f472-4b63-a6f5-67c693a0adf9,exec_jsavmh
ustc-18,ustc-18,False,,Arithmetic,primary,new_full_run,6a0d47e3-f472-4b63-a6f5-67c693a0adf9,exec_4xh83z
ustc-18,ustc-18,False,,Construction,primary,new_full_run,6a0d47e3-f472-4b63-a6f5-67c693a0adf9,exec_4xh83z
ustc-18,ustc-18,False,,Instrument Use,secondary,new_full_run,6a0d47e3-f472-4b63-a6f5-67c693a0adf9,exec_4xh83z
ustc-18,ustc-18,False,,Military Engineering,primary,new_full_run,6a0d47e3-f472-4b63-a6f5-67c693a0adf9,exec_4xh83z
ustc-18,ustc-18,False,,Practical Geometry,primary,new_full_run,6a0d47e3-f472-4b63-a6f5-67c693a0adf9,exec_4xh83z
ustc-18,ustc-18,False,,Trigonometry,primary,new_full_run,6a0d47e3-f472-4b63-a6f5-67c693a0adf9,exec_4xh83z
ustc-19,ustc-19,False,,Theoretical Mathematics,primary,new_full_run,6a0d47e3-f472-4b63-a6f5-67c693a0adf9,exec_gu4dnl
ustc-2,ustc-2,False,,Arithmetic,primary,new_full_run,6a0d47e3-f472-4b63-a6f5-67c693a0adf9,exec_sxo5ls
ustc-2,ustc-2,False,,Theoretical Mathematics,secondary,new_full_run,6a0d47e3-f472-4b63-a6f5-67c693a0adf9,exec_sxo5ls
ustc-21,ustc-21,False,,Arithmetic,primary,new_full_run,6a0d47e3-f472-4b63-a6f5-67c693a0adf9,exec_wsx0kk
ustc-21,ustc-21,False,,Theoretical Mathematics,primary,new_full_run,6a0d47e3-f472-4b63-a6f5-67c693a0adf9,exec_wsx0kk
ustc-22,ustc-16,True,V7DASV,Astronomy,primary,old_155_handoff,final_hybrid_v1_2026_06_03,final_hybrid_handoff
ustc-22,ustc-16,True,V7DASV,Instrument Construction,primary,old_155_handoff,final_hybrid_v1_2026_06_03,final_hybrid_handoff
ustc-22,ustc-16,True,V7DASV,Instrument Use,primary,old_155_handoff,final_hybrid_v1_2026_06_03,final_hybrid_handoff
ustc-22,ustc-16,True,V7DASV,Navigation,primary,old_155_handoff,final_hybrid_v1_2026_06_03,final_hybrid_handoff
ustc-22,ustc-16,True,V7DASV,Practical Geometry,secondary,old_155_handoff,final_hybrid_v1_2026_06_03,final_hybrid_handoff
ustc-23,ustc-23,False,,Practical Geometry,primary,new_full_run,6a0d47e3-f472-4b63-a6f5-67c693a0adf9,exec_zimjxc
ustc-23,ustc-23,False,,Theoretical Mathematics,unknown,new_full_run,6a0d47e3-f472-4b63-a6f5-67c693a0adf9,exec_zimjxc
ustc-25,ustc-25,False,,Theoretical Mathematics,primary,new_full_run,6a0d47e3-f472-4b63-a6f5-67c693a0adf9,exec_0zf3fc
ustc-26,ustc-26,False,,Arithmetic,primary,new_full_run,6a0d47e3-f472-4b63-a6f5-67c693a0adf9,exec_0uryt6
ustc-26,ustc-26,False,,Construction,primary,new_full_run,6a0d47e3-f472-4b63-a6f5-67c693a0adf9,exec_0uryt6
ustc-26,ustc-26,False,,Instrument Use,primary,new_full_run,6a0d47e3-f472-4b63-a6f5-67c693a0adf9,exec_0uryt6
ustc-26,ustc-26,False,,Military Engineering,primary,new_full_run,6a0d47e3-f472-4b63-a6f5-67c693a0adf9,exec_0uryt6
ustc-26,ustc-26,False,,Practical Geometry,primary,new_full_run,6a0d47e3-f472-4b63-a6f5-67c693a0adf9,exec_0uryt6
ustc-26,ustc-26,False,,Trigonometry,primary,new_full_run,6a0d47e3-f472-4b63-a6f5-67c693a0adf9,exec_0uryt6
ustc-27,ustc-27,False,,Arithmetic,primary,new_full_run,6a0d47e3-f472-4b63-a6f5-67c693a0adf9,exec_n9wg2s
ustc-27,ustc-27,False,,Commercial Mathematics,primary,new_full_run,6a0d47e3-f472-4b63-a6f5-67c693a0adf9,exec_n9wg2s
ustc-28,ustc-28,False,,Arithmetic,primary,new_full_run,6a0d47e3-f472-4b63-a6f5-67c693a0adf9,exec_eeamu6
ustc-28,ustc-28,False,,Practical Geometry,secondary,new_full_run,6a0d47e3-f472-4b63-a6f5-67c693a0adf9,exec_eeamu6
ustc-29,ustc-29,False,,Architecture,unknown,old_155_handoff,final_hybrid_v1_2026_06_03,final_hybrid_handoff
ustc-29,ustc-29,False,,Instrument Use,secondary,old_155_handoff,final_hybrid_v1_2026_06_03,final_hybrid_handoff
ustc-29,ustc-29,False,,Practical Geometry,primary,old_155_handoff,final_hybrid_v1_2026_06_03,final_hybrid_handoff
ustc-3,ustc-3,False,,Theoretical Mathematics,primary,new_full_run,6a0d47e3-f472-4b63-a6f5-67c693a0adf9,exec_c3kcsq
ustc-3,ustc-3,False,,Trigonometry,primary,new_full_run,6a0d47e3-f472-4b63-a6f5-67c693a0adf9,exec_c3kcsq
ustc-30,ustc-15,True,53VCU6,Practical Geometry,primary,new_full_run,6a0d47e3-f472-4b63-a6f5-67c693a0adf9,exec_xghn1p
ustc-30,ustc-15,True,53VCU6,Surveying,primary,new_full_run,6a0d47e3-f472-4b63-a6f5-67c693a0adf9,exec_xghn1p
ustc-31,ustc-31,False,,Arithmetic,primary,new_full_run,6a0d47e3-f472-4b63-a6f5-67c693a0adf9,exec_fmydl0
ustc-31,ustc-31,False,,Theoretical Mathematics,secondary,new_full_run,6a0d47e3-f472-4b63-a6f5-67c693a0adf9,exec_fmydl0
ustc-32,ustc-32,False,,Arithmetic,primary,old_155_handoff,final_hybrid_v1_2026_06_03,final_hybrid_handoff
ustc-33,ustc-33,False,,Astronomy,unknown,new_full_run,6a0d47e3-f472-4b63-a6f5-67c693a0adf9,exec_jalkfy
ustc-33,ustc-33,False,,Instrument Use,primary,new_full_run,6a0d47e3-f472-4b63-a6f5-67c693a0adf9,exec_jalkfy
ustc-33,ustc-33,False,,Navigation,unknown,new_full_run,6a0d47e3-f472-4b63-a6f5-67c693a0adf9,exec_jalkfy
ustc-33,ustc-33,False,,Practical Geometry,secondary,new_full_run,6a0d47e3-f472-4b63-a6f5-67c693a0adf9,exec_jalkfy
ustc-33,ustc-33,False,,Theoretical Mathematics,unknown,new_full_run,6a0d47e3-f472-4b63-a6f5-67c693a0adf9,exec_jalkfy
ustc-34,ustc-34,False,,Practical Geometry,primary,new_full_run,6a0d47e3-f472-4b63-a6f5-67c693a0adf9,exec_nlkq5u
ustc-34,ustc-34,False,,Surveying,primary,new_full_run,6a0d47e3-f472-4b63-a6f5-67c693a0adf9,exec_nlkq5u
ustc-35,ustc-35,False,,Practical Geometry,primary,new_full_run,6a0d47e3-f472-4b63-a6f5-67c693a0adf9,exec_jdd0s3
ustc-35,ustc-35,False,,Surveying,primary,new_full_run,6a0d47e3-f472-4b63-a6f5-67c693a0adf9,exec_jdd0s3
ustc-36,ustc-36,False,,Arithmetic,primary,new_full_run,6a0d47e3-f472-4b63-a6f5-67c693a0adf9,exec_83bccq
ustc-36,ustc-36,False,,Practical Geometry,secondary,new_full_run,6a0d47e3-f472-4b63-a6f5-67c693a0adf9,exec_83bccq
ustc-38,ustc-38,False,,Arithmetic,primary,new_full_run,6a0d47e3-f472-4b63-a6f5-67c693a0adf9,exec_dkmuny
ustc-38,ustc-38,False,,Practical Geometry,secondary,new_full_run,6a0d47e3-f472-4b63-a6f5-67c693a0adf9,exec_dkmuny
ustc-39,ustc-39,False,,Practical Geometry,primary,new_full_run,6a0d47e3-f472-4b63-a6f5-67c693a0adf9,exec_2li6dl
ustc-4,ustc-4,False,,Arithmetic,primary,new_full_run,6a0d47e3-f472-4b63-a6f5-67c693a0adf9,exec_00f1ie
ustc-4,ustc-4,False,,Instrument Use,secondary,new_full_run,6a0d47e3-f472-4b63-a6f5-67c693a0adf9,exec_00f1ie
ustc-4,ustc-4,False,,Practical Geometry,primary,new_full_run,6a0d47e3-f472-4b63-a6f5-67c693a0adf9,exec_00f1ie
ustc-4,ustc-4,False,,Surveying,primary,new_full_run,6a0d47e3-f472-4b63-a6f5-67c693a0adf9,exec_00f1ie
ustc-40,ustc-40,False,,Arithmetic,primary,new_full_run,6a0d47e3-f472-4b63-a6f5-67c693a0adf9,exec_ae13sa
ustc-40,ustc-40,False,,Mechanics,primary,new_full_run,6a0d47e3-f472-4b63-a6f5-67c693a0adf9,exec_ae13sa
ustc-41,ustc-41,False,,Mechanics,primary,new_full_run,6a0d47e3-f472-4b63-a6f5-67c693a0adf9,exec_vli5xq
ustc-41,ustc-41,False,,Practical Geometry,unknown,new_full_run,6a0d47e3-f472-4b63-a6f5-67c693a0adf9,exec_vli5xq
ustc-41,ustc-41,False,,Theoretical Mathematics,unknown,new_full_run,6a0d47e3-f472-4b63-a6f5-67c693a0adf9,exec_vli5xq
ustc-42,ustc-42,False,,Arithmetic,primary,new_full_run,6a0d47e3-f472-4b63-a6f5-67c693a0adf9,exec_mlkyzd
ustc-42,ustc-42,False,,Cosmography,primary,new_full_run,6a0d47e3-f472-4b63-a6f5-67c693a0adf9,exec_mlkyzd
ustc-42,ustc-42,False,,Mechanics,primary,new_full_run,6a0d47e3-f472-4b63-a6f5-67c693a0adf9,exec_mlkyzd
ustc-43,ustc-8,True,S9P7Q7,Practical Geometry,primary,new_full_run,6a0d47e3-f472-4b63-a6f5-67c693a0adf9,exec_187lq2
ustc-43,ustc-8,True,S9P7Q7,Surveying,unknown,new_full_run,6a0d47e3-f472-4b63-a6f5-67c693a0adf9,exec_187lq2
ustc-44,ustc-44,False,,Instrument Use,unknown,old_155_handoff,final_hybrid_v1_2026_06_03,final_hybrid_handoff
ustc-44,ustc-44,False,,Practical Geometry,primary,old_155_handoff,final_hybrid_v1_2026_06_03,final_hybrid_handoff
ustc-46,ustc-46,False,,Arithmetic,primary,new_full_run,6a0d47e3-f472-4b63-a6f5-67c693a0adf9,exec_s2hyco
ustc-46,ustc-46,False,,Commercial Mathematics,primary,new_full_run,6a0d47e3-f472-4b63-a6f5-67c693a0adf9,exec_s2hyco
ustc-47,ustc-47,False,,Theoretical Mathematics,primary,new_full_run,6a0d47e3-f472-4b63-a6f5-67c693a0adf9,exec_uwwns2
ustc-48,ustc-48,False,,Theoretical Mathematics,primary,new_full_run,6a0d47e3-f472-4b63-a6f5-67c693a0adf9,exec_8zwlka
ustc-49,ustc-49,False,,Theoretical Mathematics,primary,new_full_run,6a0d47e3-f472-4b63-a6f5-67c693a0adf9,exec_q5h0da
ustc-5,ustc-5,False,,Architecture,unknown,new_full_run,6a0d47e3-f472-4b63-a6f5-67c693a0adf9,exec_63xbij
ustc-5,ustc-5,False,,Arithmetic,unknown,new_full_run,6a0d47e3-f472-4b63-a6f5-67c693a0adf9,exec_63xbij
ustc-5,ustc-5,False,,Astronomy,unknown,new_full_run,6a0d47e3-f472-4b63-a6f5-67c693a0adf9,exec_63xbij
ustc-5,ustc-5,False,,Cartography,unknown,new_full_run,6a0d47e3-f472-4b63-a6f5-67c693a0adf9,exec_63xbij
ustc-5,ustc-5,False,,Commercial Mathematics,unknown,new_full_run,6a0d47e3-f472-4b63-a6f5-67c693a0adf9,exec_63xbij
ustc-5,ustc-5,False,,Construction,unknown,new_full_run,6a0d47e3-f472-4b63-a6f5-67c693a0adf9,exec_63xbij
ustc-5,ustc-5,False,,Cosmography,unknown,new_full_run,6a0d47e3-f472-4b63-a6f5-67c693a0adf9,exec_63xbij
ustc-5,ustc-5,False,,Geography,unknown,new_full_run,6a0d47e3-f472-4b63-a6f5-67c693a0adf9,exec_63xbij
ustc-5,ustc-5,False,,Gnomonics & Horology,unknown,new_full_run,6a0d47e3-f472-4b63-a6f5-67c693a0adf9,exec_63xbij
ustc-5,ustc-5,False,,Instrument Construction,unknown,new_full_run,6a0d47e3-f472-4b63-a6f5-67c693a0adf9,exec_63xbij
ustc-5,ustc-5,False,,Instrument Use,unknown,new_full_run,6a0d47e3-f472-4b63-a6f5-67c693a0adf9,exec_63xbij
ustc-5,ustc-5,False,,Mechanics,unknown,new_full_run,6a0d47e3-f472-4b63-a6f5-67c693a0adf9,exec_63xbij
ustc-5,ustc-5,False,,Military Engineering,unknown,new_full_run,6a0d47e3-f472-4b63-a6f5-67c693a0adf9,exec_63xbij
ustc-5,ustc-5,False,,Music Theory,unknown,new_full_run,6a0d47e3-f472-4b63-a6f5-67c693a0adf9,exec_63xbij
ustc-5,ustc-5,False,,Navigation,unknown,new_full_run,6a0d47e3-f472-4b63-a6f5-67c693a0adf9,exec_63xbij
ustc-5,ustc-5,False,,Perspective,unknown,new_full_run,6a0d47e3-f472-4b63-a6f5-67c693a0adf9,exec_63xbij
ustc-5,ustc-5,False,,Practical Geometry,unknown,new_full_run,6a0d47e3-f472-4b63-a6f5-67c693a0adf9,exec_63xbij
ustc-5,ustc-5,False,,Surveying,unknown,new_full_run,6a0d47e3-f472-4b63-a6f5-67c693a0adf9,exec_63xbij
ustc-5,ustc-5,False,,Theoretical Mathematics,unknown,new_full_run,6a0d47e3-f472-4b63-a6f5-67c693a0adf9,exec_63xbij
ustc-5,ustc-5,False,,Trigonometry,unknown,new_full_run,6a0d47e3-f472-4b63-a6f5-67c693a0adf9,exec_63xbij
ustc-50,ustc-50,False,,Arithmetic,primary,new_full_run,6a0d47e3-f472-4b63-a6f5-67c693a0adf9,exec_jqkmu2
ustc-50,ustc-50,False,,Theoretical Mathematics,primary,new_full_run,6a0d47e3-f472-4b63-a6f5-67c693a0adf9,exec_jqkmu2
ustc-51,ustc-11,True,SD0LIA,Instrument Use,primary,new_full_run,6a0d47e3-f472-4b63-a6f5-67c693a0adf9,exec_zmka1u
ustc-51,ustc-11,True,SD0LIA,Practical Geometry,primary,new_full_run,6a0d47e3-f472-4b63-a6f5-67c693a0adf9,exec_zmka1u
ustc-51,ustc-11,True,SD0LIA,Surveying,unknown,new_full_run,6a0d47e3-f472-4b63-a6f5-67c693a0adf9,exec_zmka1u
ustc-52,ustc-52,False,,Arithmetic,primary,new_full_run,6a0d47e3-f472-4b63-a6f5-67c693a0adf9,exec_kt73x9
ustc-52,ustc-52,False,,Commercial Mathematics,primary,new_full_run,6a0d47e3-f472-4b63-a6f5-67c693a0adf9,exec_kt73x9
ustc-53,ustc-53,False,,Arithmetic,primary,new_full_run,6a0d47e3-f472-4b63-a6f5-67c693a0adf9,exec_uw078h
ustc-53,ustc-53,False,,Commercial Mathematics,primary,new_full_run,6a0d47e3-f472-4b63-a6f5-67c693a0adf9,exec_uw078h
ustc-53,ustc-53,False,,Surveying,primary,new_full_run,6a0d47e3-f472-4b63-a6f5-67c693a0adf9,exec_uw078h
ustc-54,ustc-54,False,,Practical Geometry,primary,new_full_run,6a0d47e3-f472-4b63-a6f5-67c693a0adf9,exec_wga5j1
ustc-54,ustc-54,False,,Surveying,unknown,new_full_run,6a0d47e3-f472-4b63-a6f5-67c693a0adf9,exec_wga5j1
ustc-55,ustc-55,False,,Astronomy,primary,new_full_run,6a0d47e3-f472-4b63-a6f5-67c693a0adf9,exec_akew0q
ustc-55,ustc-55,False,,Instrument Use,primary,new_full_run,6a0d47e3-f472-4b63-a6f5-67c693a0adf9,exec_akew0q
ustc-55,ustc-55,False,,Practical Geometry,secondary,new_full_run,6a0d47e3-f472-4b63-a6f5-67c693a0adf9,exec_akew0q
ustc-56,ustc-56,False,,Arithmetic,primary,new_full_run,6a0d47e3-f472-4b63-a6f5-67c693a0adf9,exec_120558
ustc-56,ustc-56,False,,Instrument Use,unknown,new_full_run,6a0d47e3-f472-4b63-a6f5-67c693a0adf9,exec_120558
ustc-56,ustc-56,False,,Practical Geometry,primary,new_full_run,6a0d47e3-f472-4b63-a6f5-67c693a0adf9,exec_120558
ustc-56,ustc-56,False,,Surveying,primary,new_full_run,6a0d47e3-f472-4b63-a6f5-67c693a0adf9,exec_120558
ustc-57,ustc-57,False,,Practical Geometry,primary,new_full_run,6a0d47e3-f472-4b63-a6f5-67c693a0adf9,exec_7czdf2
ustc-57,ustc-57,False,,Surveying,unknown,new_full_run,6a0d47e3-f472-4b63-a6f5-67c693a0adf9,exec_7czdf2
ustc-58,ustc-58,False,,Practical Geometry,primary,new_full_run,6a0d47e3-f472-4b63-a6f5-67c693a0adf9,exec_rr2dzz
ustc-59,ustc-59,False,,Astronomy,unknown,new_full_run,6a0d47e3-f472-4b63-a6f5-67c693a0adf9,exec_8nqorv
ustc-59,ustc-59,False,,Cosmography,unknown,new_full_run,6a0d47e3-f472-4b63-a6f5-67c693a0adf9,exec_8nqorv
ustc-59,ustc-59,False,,Geography,unknown,new_full_run,6a0d47e3-f472-4b63-a6f5-67c693a0adf9,exec_8nqorv
ustc-59,ustc-59,False,,Instrument Use,secondary,new_full_run,6a0d47e3-f472-4b63-a6f5-67c693a0adf9,exec_8nqorv
ustc-59,ustc-59,False,,Navigation,unknown,new_full_run,6a0d47e3-f472-4b63-a6f5-67c693a0adf9,exec_8nqorv
ustc-59,ustc-59,False,,Practical Geometry,unknown,new_full_run,6a0d47e3-f472-4b63-a6f5-67c693a0adf9,exec_8nqorv
ustc-59,ustc-59,False,,Theoretical Mathematics,unknown,new_full_run,6a0d47e3-f472-4b63-a6f5-67c693a0adf9,exec_8nqorv
ustc-6,ustc-6,False,,Arithmetic,secondary,new_full_run,6a0d47e3-f472-4b63-a6f5-67c693a0adf9,exec_2e3287
ustc-6,ustc-6,False,,Military Engineering,primary,new_full_run,6a0d47e3-f472-4b63-a6f5-67c693a0adf9,exec_2e3287
ustc-6,ustc-6,False,,Practical Geometry,unknown,new_full_run,6a0d47e3-f472-4b63-a6f5-67c693a0adf9,exec_2e3287
ustc-60,ustc-60,False,,Theoretical Mathematics,primary,new_full_run,6a0d47e3-f472-4b63-a6f5-67c693a0adf9,exec_metf6g
ustc-61,Paris_1615,True,R1Q2YT,Theoretical Mathematics,primary,new_full_run,6a0d47e3-f472-4b63-a6f5-67c693a0adf9,exec_nmhgms
ustc-62,Paris_1615,True,R1Q2YT,Theoretical Mathematics,primary,new_full_run,6a0d47e3-f472-4b63-a6f5-67c693a0adf9,exec_nmhgms
ustc-63,ustc-63,False,,Astronomy,primary,new_full_run,6a0d47e3-f472-4b63-a6f5-67c693a0adf9,exec_u1dh8e
ustc-63,ustc-63,False,,Gnomonics & Horology,primary,new_full_run,6a0d47e3-f472-4b63-a6f5-67c693a0adf9,exec_u1dh8e
ustc-63,ustc-63,False,,Instrument Use,primary,new_full_run,6a0d47e3-f472-4b63-a6f5-67c693a0adf9,exec_u1dh8e
ustc-63,ustc-63,False,,Practical Geometry,unknown,new_full_run,6a0d47e3-f472-4b63-a6f5-67c693a0adf9,exec_u1dh8e
ustc-7,ustc-7,False,,Instrument Use,primary,new_full_run,6a0d47e3-f472-4b63-a6f5-67c693a0adf9,exec_jbpajn
ustc-7,ustc-7,False,,Practical Geometry,secondary,new_full_run,6a0d47e3-f472-4b63-a6f5-67c693a0adf9,exec_jbpajn
ustc-7,ustc-7,False,,Theoretical Mathematics,unknown,new_full_run,6a0d47e3-f472-4b63-a6f5-67c693a0adf9,exec_jbpajn
ustc-8,ustc-8,False,S9P7Q7,Practical Geometry,primary,new_full_run,6a0d47e3-f472-4b63-a6f5-67c693a0adf9,exec_187lq2
ustc-8,ustc-8,False,S9P7Q7,Surveying,unknown,new_full_run,6a0d47e3-f472-4b63-a6f5-67c693a0adf9,exec_187lq2
ustc-9,ustc-9,False,,Arithmetic,primary,new_full_run,6a0d47e3-f472-4b63-a6f5-67c693a0adf9,exec_2noc4q
ustc-9,ustc-9,False,,Practical Geometry,secondary,new_full_run,6a0d47e3-f472-4b63-a6f5-67c693a0adf9,exec_2noc4q
ustc-9,ustc-9,False,,Trigonometry,secondary,new_full_run,6a0d47e3-f472-4b63-a6f5-67c693a0adf9,exec_2noc4q
bib-174,bib-174,False,,Arithmetic,primary,old_155_handoff,final_hybrid_v1_2026_06_03,final_hybrid_handoff
bib-174,bib-174,False,,Astronomy,primary,old_155_handoff,final_hybrid_v1_2026_06_03,final_hybrid_handoff
bib-174,bib-174,False,,Practical Geometry,primary,old_155_handoff,final_hybrid_v1_2026_06_03,final_hybrid_handoff
bib-174,bib-174,False,,Theoretical Mathematics,secondary,old_155_handoff,final_hybrid_v1_2026_06_03,final_hybrid_handoff
s.l_1650,s.l_1650,False,,Theoretical Mathematics,primary,new_full_run,6a0d47e3-f472-4b63-a6f5-67c693a0adf9,exec_s5jpz4
