classification_key,subject,final_value,classification_source,source_revision,source_id
0CKY65,Arithmetic,primary,new_full_run,6a0d47e3-f472-4b63-a6f5-67c693a0adf9,exec_m3rp8u
0CKY65,Theoretical Mathematics,secondary,new_full_run,6a0d47e3-f472-4b63-a6f5-67c693a0adf9,exec_m3rp8u
0NKS71,Gnomonics & Horology,primary,old_155_handoff,final_hybrid_v1_2026_06_03,final_hybrid_handoff
0NKS71,Instrument Use,secondary,old_155_handoff,final_hybrid_v1_2026_06_03,final_hybrid_handoff
0NKS71,Practical Geometry,secondary,old_155_handoff,final_hybrid_v1_2026_06_03,final_hybrid_handoff
10AUQ5,Perspective,primary,new_full_run,6a0d47e3-f472-4b63-a6f5-67c693a0adf9,exec_ao3uiz
136K7I,Theoretical Mathematics,primary,new_full_run,6a0d47e3-f472-4b63-a6f5-67c693a0adf9,exec_f95kcl
144JC3,Architecture,unknown,old_155_handoff,final_hybrid_v1_2026_06_03,final_hybrid_handoff
144JC3,Instrument Use,unknown,old_155_handoff,final_hybrid_v1_2026_06_03,final_hybrid_handoff
144JC3,Practical Geometry,secondary,old_155_handoff,final_hybrid_v1_2026_06_03,final_hybrid_handoff
144JC3,Theoretical Mathematics,primary,old_155_handoff,final_hybrid_v1_2026_06_03,final_hybrid_handoff
1496,Arithmetic,primary,old_155_handoff,final_hybrid_v1_2026_06_03,final_hybrid_handoff
1496,Music Theory,primary,old_155_handoff,final_hybrid_v1_2026_06_03,final_hybrid_handoff
1496,Theoretical Mathematics,secondary,old_155_handoff,final_hybrid_v1_2026_06_03,final_hybrid_handoff
22INUJ,Perspective,primary,new_full_run,6a0d47e3-f472-4b63-a6f5-67c693a0adf9,exec_3ql58t
2BRI1Z,Architecture,unknown,old_155_handoff,final_hybrid_v1_2026_06_03,final_hybrid_handoff
2BRI1Z,Practical Geometry,unknown,old_155_handoff,final_hybrid_v1_2026_06_03,final_hybrid_handoff
2I9HSY,Architecture,unknown,old_155_handoff,final_hybrid_v1_2026_06_03,final_hybrid_handoff
2I9HSY,Perspective,primary,old_155_handoff,final_hybrid_v1_2026_06_03,final_hybrid_handoff
2I9HSY,Practical Geometry,unknown,old_155_handoff,final_hybrid_v1_2026_06_03,final_hybrid_handoff
2L8L55,Theoretical Mathematics,primary,new_full_run,6a0d47e3-f472-4b63-a6f5-67c693a0adf9,exec_q8y6w8
35H84Y,Mechanics,primary,new_full_run,6a0d47e3-f472-4b63-a6f5-67c693a0adf9,exec_pnsuhz
35H84Y,Practical Geometry,secondary,new_full_run,6a0d47e3-f472-4b63-a6f5-67c693a0adf9,exec_pnsuhz
35H84Y,Theoretical Mathematics,unknown,new_full_run,6a0d47e3-f472-4b63-a6f5-67c693a0adf9,exec_pnsuhz
3WRC2Y,Perspective,primary,new_full_run,6a0d47e3-f472-4b63-a6f5-67c693a0adf9,exec_udti8s
3WV6N7,Perspective,primary,new_full_run,6a0d47e3-f472-4b63-a6f5-67c693a0adf9,exec_0n3mjb
4C287U,Astronomy,unknown,new_full_run,6a0d47e3-f472-4b63-a6f5-67c693a0adf9,exec_zwu0zw
4C287U,Theoretical Mathematics,secondary,new_full_run,6a0d47e3-f472-4b63-a6f5-67c693a0adf9,exec_zwu0zw
4C287U,Trigonometry,primary,new_full_run,6a0d47e3-f472-4b63-a6f5-67c693a0adf9,exec_zwu0zw
5J1UUA,Arithmetic,primary,old_155_handoff,final_hybrid_v1_2026_06_03,final_hybrid_handoff
5KCP5R,Architecture,primary,old_155_handoff,final_hybrid_v1_2026_06_03,final_hybrid_handoff
5KCP5R,Instrument Use,unknown,old_155_handoff,final_hybrid_v1_2026_06_03,final_hybrid_handoff
5KCP5R,Perspective,primary,old_155_handoff,final_hybrid_v1_2026_06_03,final_hybrid_handoff
5KCP5R,Practical Geometry,secondary,old_155_handoff,final_hybrid_v1_2026_06_03,final_hybrid_handoff
5V691B,Theoretical Mathematics,secondary,old_155_handoff,final_hybrid_v1_2026_06_03,final_hybrid_handoff
5YK5ZF,Astronomy,secondary,new_full_run,6a0d47e3-f472-4b63-a6f5-67c693a0adf9,exec_wpz566
5YK5ZF,Gnomonics & Horology,primary,new_full_run,6a0d47e3-f472-4b63-a6f5-67c693a0adf9,exec_wpz566
5YK5ZF,Instrument Construction,secondary,new_full_run,6a0d47e3-f472-4b63-a6f5-67c693a0adf9,exec_wpz566
5YK5ZF,Instrument Use,secondary,new_full_run,6a0d47e3-f472-4b63-a6f5-67c693a0adf9,exec_wpz566
5YK5ZF,Perspective,primary,new_full_run,6a0d47e3-f472-4b63-a6f5-67c693a0adf9,exec_wpz566
5YK5ZF,Practical Geometry,primary,new_full_run,6a0d47e3-f472-4b63-a6f5-67c693a0adf9,exec_wpz566
5YK5ZF,Theoretical Mathematics,unknown,new_full_run,6a0d47e3-f472-4b63-a6f5-67c693a0adf9,exec_wpz566
5ZF83O,Theoretical Mathematics,unknown,new_full_run,6a0d47e3-f472-4b63-a6f5-67c693a0adf9,exec_0adylb
5ZF83O,Trigonometry,primary,new_full_run,6a0d47e3-f472-4b63-a6f5-67c693a0adf9,exec_0adylb
612FNN,Perspective,primary,old_155_handoff,final_hybrid_v1_2026_06_03,final_hybrid_handoff
612FNN,Practical Geometry,unknown,old_155_handoff,final_hybrid_v1_2026_06_03,final_hybrid_handoff
66HH5T,Instrument Use,primary,new_full_run,6a0d47e3-f472-4b63-a6f5-67c693a0adf9,exec_4kowqx
66HH5T,Perspective,primary,new_full_run,6a0d47e3-f472-4b63-a6f5-67c693a0adf9,exec_4kowqx
6AMYTJ,Arithmetic,primary,old_155_handoff,final_hybrid_v1_2026_06_03,final_hybrid_handoff
6AMYTJ,Theoretical Mathematics,secondary,old_155_handoff,final_hybrid_v1_2026_06_03,final_hybrid_handoff
6MOFBH,Arithmetic,unknown,new_full_run,6a0d47e3-f472-4b63-a6f5-67c693a0adf9,exec_2jgpum
6MOFBH,Perspective,primary,new_full_run,6a0d47e3-f472-4b63-a6f5-67c693a0adf9,exec_2jgpum
6PMNRZ,Arithmetic,primary,old_155_handoff,final_hybrid_v1_2026_06_03,final_hybrid_handoff
6PMNRZ,Commercial Mathematics,primary,old_155_handoff,final_hybrid_v1_2026_06_03,final_hybrid_handoff
6X6R6Y,Architecture,primary,old_155_handoff,final_hybrid_v1_2026_06_03,final_hybrid_handoff
6X6R6Y,Construction,primary,old_155_handoff,final_hybrid_v1_2026_06_03,final_hybrid_handoff
6X6R6Y,Instrument Use,secondary,old_155_handoff,final_hybrid_v1_2026_06_03,final_hybrid_handoff
6X6R6Y,Military Engineering,secondary,old_155_handoff,final_hybrid_v1_2026_06_03,final_hybrid_handoff
6X6R6Y,Perspective,primary,old_155_handoff,final_hybrid_v1_2026_06_03,final_hybrid_handoff
6X6R6Y,Practical Geometry,primary,old_155_handoff,final_hybrid_v1_2026_06_03,final_hybrid_handoff
6XTAVU,Practical Geometry,primary,new_full_run,6a0d47e3-f472-4b63-a6f5-67c693a0adf9,exec_6yzmwd
6XTAVU,Theoretical Mathematics,primary,new_full_run,6a0d47e3-f472-4b63-a6f5-67c693a0adf9,exec_6yzmwd
77RUJE,Perspective,primary,new_full_run,6a0d47e3-f472-4b63-a6f5-67c693a0adf9,exec_r4q399
8DP4C1,Practical Geometry,primary,new_full_run,6a0d47e3-f472-4b63-a6f5-67c693a0adf9,exec_h076q4
93LJS8,Perspective,primary,new_full_run,6a0d47e3-f472-4b63-a6f5-67c693a0adf9,exec_2shkk9
93PZQ5,Perspective,primary,old_155_handoff,final_hybrid_v1_2026_06_03,final_hybrid_handoff
99CARP,Architecture,secondary,new_full_run,6a0d47e3-f472-4b63-a6f5-67c693a0adf9,exec_be65hx
99CARP,Instrument Use,unknown,new_full_run,6a0d47e3-f472-4b63-a6f5-67c693a0adf9,exec_be65hx
99CARP,Perspective,primary,new_full_run,6a0d47e3-f472-4b63-a6f5-67c693a0adf9,exec_be65hx
99CARP,Practical Geometry,secondary,new_full_run,6a0d47e3-f472-4b63-a6f5-67c693a0adf9,exec_be65hx
99CARP,Trigonometry,unknown,new_full_run,6a0d47e3-f472-4b63-a6f5-67c693a0adf9,exec_be65hx
9D1KT8,Arithmetic,primary,new_full_run,6a0d47e3-f472-4b63-a6f5-67c693a0adf9,exec_y77qj9
9D1KT8,Practical Geometry,primary,new_full_run,6a0d47e3-f472-4b63-a6f5-67c693a0adf9,exec_y77qj9
9TXK4F,Perspective,primary,new_full_run,6a0d47e3-f472-4b63-a6f5-67c693a0adf9,exec_j2bld8
ABSZLW,Instrument Construction,unknown,new_full_run,6a0d47e3-f472-4b63-a6f5-67c693a0adf9,exec_e7gr40
ABSZLW,Instrument Use,unknown,new_full_run,6a0d47e3-f472-4b63-a6f5-67c693a0adf9,exec_e7gr40
ABSZLW,Perspective,primary,new_full_run,6a0d47e3-f472-4b63-a6f5-67c693a0adf9,exec_e7gr40
ABSZLW,Practical Geometry,unknown,new_full_run,6a0d47e3-f472-4b63-a6f5-67c693a0adf9,exec_e7gr40
AVXGNJ,Construction,primary,new_full_run,6a0d47e3-f472-4b63-a6f5-67c693a0adf9,exec_qq3ico
AVXGNJ,Instrument Use,secondary,new_full_run,6a0d47e3-f472-4b63-a6f5-67c693a0adf9,exec_qq3ico
AVXGNJ,Military Engineering,primary,new_full_run,6a0d47e3-f472-4b63-a6f5-67c693a0adf9,exec_qq3ico
AWKSO4,Architecture,secondary,new_full_run,6a0d47e3-f472-4b63-a6f5-67c693a0adf9,exec_m50ede
AWKSO4,Perspective,primary,new_full_run,6a0d47e3-f472-4b63-a6f5-67c693a0adf9,exec_m50ede
Amsterdam_1616,Practical Geometry,primary,new_full_run,6a0d47e3-f472-4b63-a6f5-67c693a0adf9,exec_1p9b4d
Amsterdam_1616,Theoretical Mathematics,primary,new_full_run,6a0d47e3-f472-4b63-a6f5-67c693a0adf9,exec_1p9b4d
Amsterdam_1618,Practical Geometry,secondary,new_full_run,6a0d47e3-f472-4b63-a6f5-67c693a0adf9,exec_5u9s5i
Amsterdam_1626,Practical Geometry,secondary,new_full_run,6a0d47e3-f472-4b63-a6f5-67c693a0adf9,exec_hx9mem
Amsterdam_1634,Practical Geometry,secondary,new_full_run,6a0d47e3-f472-4b63-a6f5-67c693a0adf9,exec_cwmaxr
Amsterdam_1634,Theoretical Mathematics,primary,new_full_run,6a0d47e3-f472-4b63-a6f5-67c693a0adf9,exec_cwmaxr
Amsterdam_1652,Music Theory,primary,new_full_run,6a0d47e3-f472-4b63-a6f5-67c693a0adf9,exec_lls91x
Amsterdam_1652,Theoretical Mathematics,secondary,new_full_run,6a0d47e3-f472-4b63-a6f5-67c693a0adf9,exec_lls91x
Amsterdam_1660,Theoretical Mathematics,primary,new_full_run,6a0d47e3-f472-4b63-a6f5-67c693a0adf9,exec_5je7yd
Amsterdam_1660a,Theoretical Mathematics,primary,new_full_run,6a0d47e3-f472-4b63-a6f5-67c693a0adf9,exec_yvgo5f
Amsterdam_1662,Theoretical Mathematics,primary,new_full_run,6a0d47e3-f472-4b63-a6f5-67c693a0adf9,exec_ec1hpb
Amsterdam_1672,Gnomonics & Horology,secondary,new_full_run,6a0d47e3-f472-4b63-a6f5-67c693a0adf9,exec_34zlx1
Amsterdam_1672,Instrument Use,primary,new_full_run,6a0d47e3-f472-4b63-a6f5-67c693a0adf9,exec_34zlx1
Amsterdam_1672,Perspective,secondary,new_full_run,6a0d47e3-f472-4b63-a6f5-67c693a0adf9,exec_34zlx1
Amsterdam_1672,Practical Geometry,primary,new_full_run,6a0d47e3-f472-4b63-a6f5-67c693a0adf9,exec_34zlx1
Amsterdam_1683,Mechanics,unknown,new_full_run,6a0d47e3-f472-4b63-a6f5-67c693a0adf9,exec_oysr6c
Amsterdam_1683,Theoretical Mathematics,primary,new_full_run,6a0d47e3-f472-4b63-a6f5-67c693a0adf9,exec_oysr6c
Amsterdam_1695,Navigation,unknown,new_full_run,6a0d47e3-f472-4b63-a6f5-67c693a0adf9,exec_yj7ne9
Amsterdam_1695,Theoretical Mathematics,primary,new_full_run,6a0d47e3-f472-4b63-a6f5-67c693a0adf9,exec_yj7ne9
Amsterdam_1697,Arithmetic,primary,new_full_run,6a0d47e3-f472-4b63-a6f5-67c693a0adf9,exec_q2fcpq
Amsterdam_1697,Theoretical Mathematics,primary,new_full_run,6a0d47e3-f472-4b63-a6f5-67c693a0adf9,exec_q2fcpq
Amsterdam_1697,Trigonometry,primary,new_full_run,6a0d47e3-f472-4b63-a6f5-67c693a0adf9,exec_q2fcpq
Amsterdam_1700,Theoretical Mathematics,primary,new_full_run,6a0d47e3-f472-4b63-a6f5-67c693a0adf9,exec_9rif1k
Amsterdam_1700b,Practical Geometry,secondary,new_full_run,6a0d47e3-f472-4b63-a6f5-67c693a0adf9,exec_ynr5hg
Amsterdam_1700b,Theoretical Mathematics,primary,new_full_run,6a0d47e3-f472-4b63-a6f5-67c693a0adf9,exec_ynr5hg
Amsterdam_1701,Practical Geometry,primary,new_full_run,6a0d47e3-f472-4b63-a6f5-67c693a0adf9,exec_vkwqfs
Amsterdam_1701,Theoretical Mathematics,primary,new_full_run,6a0d47e3-f472-4b63-a6f5-67c693a0adf9,exec_vkwqfs
Amsterdam_1701b,Theoretical Mathematics,primary,new_full_run,6a0d47e3-f472-4b63-a6f5-67c693a0adf9,exec_akvm3r
Amsterdam_1702,Theoretical Mathematics,primary,new_full_run,6a0d47e3-f472-4b63-a6f5-67c693a0adf9,exec_a7qzoe
Ansbach_1610,Arithmetic,unknown,new_full_run,6a0d47e3-f472-4b63-a6f5-67c693a0adf9,exec_iz4lbn
Ansbach_1610,Construction,secondary,new_full_run,6a0d47e3-f472-4b63-a6f5-67c693a0adf9,exec_iz4lbn
Ansbach_1610,Military Engineering,unknown,new_full_run,6a0d47e3-f472-4b63-a6f5-67c693a0adf9,exec_iz4lbn
Ansbach_1610,Practical Geometry,primary,new_full_run,6a0d47e3-f472-4b63-a6f5-67c693a0adf9,exec_iz4lbn
Ansbach_1610,Surveying,secondary,new_full_run,6a0d47e3-f472-4b63-a6f5-67c693a0adf9,exec_iz4lbn
Ansbach_1610,Theoretical Mathematics,primary,new_full_run,6a0d47e3-f472-4b63-a6f5-67c693a0adf9,exec_iz4lbn
Antwerp_1645,Theoretical Mathematics,primary,new_full_run,6a0d47e3-f472-4b63-a6f5-67c693a0adf9,exec_cpoyxj
Antwerp_1654,Theoretical Mathematics,primary,new_full_run,6a0d47e3-f472-4b63-a6f5-67c693a0adf9,exec_ppcm84
Antwerp_1665,Mechanics,unknown,new_full_run,6a0d47e3-f472-4b63-a6f5-67c693a0adf9,exec_ievcnd
Antwerp_1665,Theoretical Mathematics,primary,new_full_run,6a0d47e3-f472-4b63-a6f5-67c693a0adf9,exec_ievcnd
Antwerp_1672,Theoretical Mathematics,primary,new_full_run,6a0d47e3-f472-4b63-a6f5-67c693a0adf9,exec_2v75wc
Arnhem_1603,Theoretical Mathematics,primary,new_full_run,6a0d47e3-f472-4b63-a6f5-67c693a0adf9,exec_69jwn8
Arnhem_1605,Arithmetic,primary,new_full_run,6a0d47e3-f472-4b63-a6f5-67c693a0adf9,exec_r6dlpb
Arnhem_1605,Theoretical Mathematics,unknown,new_full_run,6a0d47e3-f472-4b63-a6f5-67c693a0adf9,exec_r6dlpb
Arnhem_1605a,Theoretical Mathematics,primary,new_full_run,6a0d47e3-f472-4b63-a6f5-67c693a0adf9,exec_1xx5kf
Arnhem_1620,Theoretical Mathematics,primary,new_full_run,6a0d47e3-f472-4b63-a6f5-67c693a0adf9,exec_ds5jg4
Augsburg_1555,Arithmetic,primary,new_full_run,6a0d47e3-f472-4b63-a6f5-67c693a0adf9,exec_bd4zfi
Augsburg_1555,Theoretical Mathematics,primary,new_full_run,6a0d47e3-f472-4b63-a6f5-67c693a0adf9,exec_bd4zfi
B80KIT,Practical Geometry,primary,new_full_run,6a0d47e3-f472-4b63-a6f5-67c693a0adf9,exec_6q0av3
B9OW5O,Architecture,secondary,old_155_handoff,final_hybrid_v1_2026_06_03,final_hybrid_handoff
B9OW5O,Perspective,primary,old_155_handoff,final_hybrid_v1_2026_06_03,final_hybrid_handoff
B9OW5O,Practical Geometry,primary,old_155_handoff,final_hybrid_v1_2026_06_03,final_hybrid_handoff
BCYM68,Instrument Use,secondary,new_full_run,6a0d47e3-f472-4b63-a6f5-67c693a0adf9,exec_igarrw
BCYM68,Perspective,primary,new_full_run,6a0d47e3-f472-4b63-a6f5-67c693a0adf9,exec_igarrw
BCYM68,Practical Geometry,secondary,new_full_run,6a0d47e3-f472-4b63-a6f5-67c693a0adf9,exec_igarrw
BFI81M,Architecture,primary,new_full_run,6a0d47e3-f472-4b63-a6f5-67c693a0adf9,exec_ocq90j
BFI81M,Astronomy,unknown,new_full_run,6a0d47e3-f472-4b63-a6f5-67c693a0adf9,exec_ocq90j
BFI81M,Construction,secondary,new_full_run,6a0d47e3-f472-4b63-a6f5-67c693a0adf9,exec_ocq90j
BFI81M,Perspective,secondary,new_full_run,6a0d47e3-f472-4b63-a6f5-67c693a0adf9,exec_ocq90j
BFI81M,Practical Geometry,unknown,new_full_run,6a0d47e3-f472-4b63-a6f5-67c693a0adf9,exec_ocq90j
BFI81M,Theoretical Mathematics,unknown,new_full_run,6a0d47e3-f472-4b63-a6f5-67c693a0adf9,exec_ocq90j
BKH4JK,Theoretical Mathematics,primary,new_full_run,6a0d47e3-f472-4b63-a6f5-67c693a0adf9,exec_alazk7
BQ96WF,Arithmetic,primary,new_full_run,6a0d47e3-f472-4b63-a6f5-67c693a0adf9,exec_y31hhp
BQ96WF,Perspective,primary,new_full_run,6a0d47e3-f472-4b63-a6f5-67c693a0adf9,exec_y31hhp
BQ96WF,Theoretical Mathematics,primary,new_full_run,6a0d47e3-f472-4b63-a6f5-67c693a0adf9,exec_y31hhp
BQ96WF,Trigonometry,primary,new_full_run,6a0d47e3-f472-4b63-a6f5-67c693a0adf9,exec_y31hhp
Bamberg_1677,Mechanics,secondary,new_full_run,6a0d47e3-f472-4b63-a6f5-67c693a0adf9,exec_2uo8vk
Bamberg_1677,Theoretical Mathematics,primary,new_full_run,6a0d47e3-f472-4b63-a6f5-67c693a0adf9,exec_2uo8vk
Barcelona_1698,Theoretical Mathematics,primary,new_full_run,6a0d47e3-f472-4b63-a6f5-67c693a0adf9,exec_aqaclz
Basel_1533,Theoretical Mathematics,secondary,new_full_run,6a0d47e3-f472-4b63-a6f5-67c693a0adf9,exec_00nimw
Basel_1537,Astronomy,secondary,new_full_run,6a0d47e3-f472-4b63-a6f5-67c693a0adf9,exec_q3yxnn
Basel_1537,Theoretical Mathematics,primary,new_full_run,6a0d47e3-f472-4b63-a6f5-67c693a0adf9,exec_q3yxnn
Basel_1546a,Arithmetic,primary,new_full_run,6a0d47e3-f472-4b63-a6f5-67c693a0adf9,exec_x4xxyx
Basel_1546a,Music Theory,primary,new_full_run,6a0d47e3-f472-4b63-a6f5-67c693a0adf9,exec_x4xxyx
Basel_1546b,Astronomy,unknown,new_full_run,6a0d47e3-f472-4b63-a6f5-67c693a0adf9,exec_oy55lw
Basel_1546b,Cartography,unknown,new_full_run,6a0d47e3-f472-4b63-a6f5-67c693a0adf9,exec_oy55lw
Basel_1546b,Cosmography,unknown,new_full_run,6a0d47e3-f472-4b63-a6f5-67c693a0adf9,exec_oy55lw
Basel_1546b,Geography,unknown,new_full_run,6a0d47e3-f472-4b63-a6f5-67c693a0adf9,exec_oy55lw
Basel_1546b,Mechanics,unknown,new_full_run,6a0d47e3-f472-4b63-a6f5-67c693a0adf9,exec_oy55lw
Basel_1546b,Theoretical Mathematics,primary,new_full_run,6a0d47e3-f472-4b63-a6f5-67c693a0adf9,exec_oy55lw
Basel_1550,Arithmetic,unknown,new_full_run,6a0d47e3-f472-4b63-a6f5-67c693a0adf9,exec_728p4d
Basel_1550,Theoretical Mathematics,primary,new_full_run,6a0d47e3-f472-4b63-a6f5-67c693a0adf9,exec_728p4d
Basel_1562,Arithmetic,secondary,new_full_run,6a0d47e3-f472-4b63-a6f5-67c693a0adf9,exec_erbk83
Basel_1562,Practical Geometry,secondary,new_full_run,6a0d47e3-f472-4b63-a6f5-67c693a0adf9,exec_erbk83
Basel_1562,Theoretical Mathematics,primary,new_full_run,6a0d47e3-f472-4b63-a6f5-67c693a0adf9,exec_erbk83
Basel_1570,Arithmetic,primary,new_full_run,6a0d47e3-f472-4b63-a6f5-67c693a0adf9,exec_uu669l
Basel_1570,Music Theory,primary,new_full_run,6a0d47e3-f472-4b63-a6f5-67c693a0adf9,exec_uu669l
Basel_1570,Practical Geometry,unknown,new_full_run,6a0d47e3-f472-4b63-a6f5-67c693a0adf9,exec_uu669l
Basel_1570,Theoretical Mathematics,primary,new_full_run,6a0d47e3-f472-4b63-a6f5-67c693a0adf9,exec_uu669l
Beaulieu-1,Architecture,secondary,new_full_run,6a0d47e3-f472-4b63-a6f5-67c693a0adf9,exec_09qy5k
Beaulieu-1,Arithmetic,secondary,new_full_run,6a0d47e3-f472-4b63-a6f5-67c693a0adf9,exec_09qy5k
Beaulieu-1,Construction,secondary,new_full_run,6a0d47e3-f472-4b63-a6f5-67c693a0adf9,exec_09qy5k
Beaulieu-1,Military Engineering,primary,new_full_run,6a0d47e3-f472-4b63-a6f5-67c693a0adf9,exec_09qy5k
Beaulieu-1,Practical Geometry,primary,new_full_run,6a0d47e3-f472-4b63-a6f5-67c693a0adf9,exec_09qy5k
Beaulieu-1,Surveying,primary,new_full_run,6a0d47e3-f472-4b63-a6f5-67c693a0adf9,exec_09qy5k
Beaulieu-1,Theoretical Mathematics,secondary,new_full_run,6a0d47e3-f472-4b63-a6f5-67c693a0adf9,exec_09qy5k
Beijing_1629,Astronomy,unknown,new_full_run,6a0d47e3-f472-4b63-a6f5-67c693a0adf9,exec_31d6mr
Beijing_1629,Theoretical Mathematics,primary,new_full_run,6a0d47e3-f472-4b63-a6f5-67c693a0adf9,exec_31d6mr
Berlin_1824,Theoretical Mathematics,unknown,new_full_run,6a0d47e3-f472-4b63-a6f5-67c693a0adf9,exec_f5a3ei
Bologna_1620,Arithmetic,secondary,new_full_run,6a0d47e3-f472-4b63-a6f5-67c693a0adf9,exec_e6811f
Bologna_1620,Astronomy,secondary,new_full_run,6a0d47e3-f472-4b63-a6f5-67c693a0adf9,exec_e6811f
Bologna_1620,Mechanics,secondary,new_full_run,6a0d47e3-f472-4b63-a6f5-67c693a0adf9,exec_e6811f
Bologna_1620,Practical Geometry,primary,new_full_run,6a0d47e3-f472-4b63-a6f5-67c693a0adf9,exec_e6811f
Bologna_1629a,Practical Geometry,unknown,new_full_run,6a0d47e3-f472-4b63-a6f5-67c693a0adf9,exec_gzf84z
Bologna_1629a,Theoretical Mathematics,unknown,new_full_run,6a0d47e3-f472-4b63-a6f5-67c693a0adf9,exec_gzf84z
Bologna_1663,Theoretical Mathematics,primary,new_full_run,6a0d47e3-f472-4b63-a6f5-67c693a0adf9,exec_gro712
Bologna_1684,Theoretical Mathematics,primary,new_full_run,6a0d47e3-f472-4b63-a6f5-67c693a0adf9,exec_zyg1lm
Brussels_1688,Practical Geometry,unknown,new_full_run,6a0d47e3-f472-4b63-a6f5-67c693a0adf9,exec_ht0fp6
Brussels_1688,Theoretical Mathematics,primary,new_full_run,6a0d47e3-f472-4b63-a6f5-67c693a0adf9,exec_ht0fp6
Brussels_1689,Mechanics,unknown,new_full_run,6a0d47e3-f472-4b63-a6f5-67c693a0adf9,exec_27fiu5
Brussels_1689,Theoretical Mathematics,primary,new_full_run,6a0d47e3-f472-4b63-a6f5-67c693a0adf9,exec_27fiu5
Brussels_1701,Theoretical Mathematics,primary,new_full_run,6a0d47e3-f472-4b63-a6f5-67c693a0adf9,exec_51rlfb
C8SLYQ,Architecture,secondary,old_155_handoff,final_hybrid_v1_2026_06_03,final_hybrid_handoff
C8SLYQ,Perspective,primary,old_155_handoff,final_hybrid_v1_2026_06_03,final_hybrid_handoff
C8SLYQ,Practical Geometry,primary,old_155_handoff,final_hybrid_v1_2026_06_03,final_hybrid_handoff
CG8KPH,Architecture,secondary,new_full_run,6a0d47e3-f472-4b63-a6f5-67c693a0adf9,exec_xsxpni
CG8KPH,Instrument Use,secondary,new_full_run,6a0d47e3-f472-4b63-a6f5-67c693a0adf9,exec_xsxpni
CG8KPH,Perspective,primary,new_full_run,6a0d47e3-f472-4b63-a6f5-67c693a0adf9,exec_xsxpni
CG8KPH,Practical Geometry,secondary,new_full_run,6a0d47e3-f472-4b63-a6f5-67c693a0adf9,exec_xsxpni
CYFAY3,Perspective,secondary,new_full_run,6a0d47e3-f472-4b63-a6f5-67c693a0adf9,exec_4bd043
Cambridge_1655,Theoretical Mathematics,primary,new_full_run,6a0d47e3-f472-4b63-a6f5-67c693a0adf9,exec_0nudav
Cambridge_1657,Theoretical Mathematics,primary,new_full_run,6a0d47e3-f472-4b63-a6f5-67c693a0adf9,exec_0cu7li
Cambridge_1665,Astronomy,secondary,new_full_run,6a0d47e3-f472-4b63-a6f5-67c693a0adf9,exec_n6qvjm
Cambridge_1665,Theoretical Mathematics,primary,new_full_run,6a0d47e3-f472-4b63-a6f5-67c693a0adf9,exec_n6qvjm
Cambridge_1665,Trigonometry,unknown,new_full_run,6a0d47e3-f472-4b63-a6f5-67c693a0adf9,exec_n6qvjm
Cambridge_1703,Practical Geometry,unknown,new_full_run,6a0d47e3-f472-4b63-a6f5-67c693a0adf9,exec_nm8t6f
Cologne_1591,Theoretical Mathematics,primary,new_full_run,6a0d47e3-f472-4b63-a6f5-67c693a0adf9,exec_qzg5iu
Cologne_1602,Theoretical Mathematics,primary,new_full_run,6a0d47e3-f472-4b63-a6f5-67c693a0adf9,exec_hfuqev
Cologne_1607,Theoretical Mathematics,primary,new_full_run,6a0d47e3-f472-4b63-a6f5-67c693a0adf9,exec_kt5k2j
Cologne_1607a,Music Theory,unknown,new_full_run,6a0d47e3-f472-4b63-a6f5-67c693a0adf9,exec_uxks7o
Cologne_1607a,Theoretical Mathematics,primary,new_full_run,6a0d47e3-f472-4b63-a6f5-67c693a0adf9,exec_uxks7o
Cologne_1612,Theoretical Mathematics,primary,new_full_run,6a0d47e3-f472-4b63-a6f5-67c693a0adf9,exec_thsp25
Cologne_1627,Theoretical Mathematics,primary,new_full_run,6a0d47e3-f472-4b63-a6f5-67c693a0adf9,exec_tmnke6
DA54XK,Perspective,primary,new_full_run,6a0d47e3-f472-4b63-a6f5-67c693a0adf9,exec_sqh95n
DDUZGF,Arithmetic,primary,old_155_handoff,final_hybrid_v1_2026_06_03,final_hybrid_handoff
DMOHT7,Perspective,primary,new_full_run,6a0d47e3-f472-4b63-a6f5-67c693a0adf9,exec_p9lqjq
E4JQEB,Arithmetic,primary,old_155_handoff,final_hybrid_v1_2026_06_03,final_hybrid_handoff
E7J0Y4,Arithmetic,primary,new_full_run,6a0d47e3-f472-4b63-a6f5-67c693a0adf9,exec_1uvx7q
E8K2CK,Theoretical Mathematics,primary,new_full_run,6a0d47e3-f472-4b63-a6f5-67c693a0adf9,exec_17m7as
EFXRG3,Instrument Use,secondary,new_full_run,6a0d47e3-f472-4b63-a6f5-67c693a0adf9,exec_8ceayh
EFXRG3,Perspective,primary,new_full_run,6a0d47e3-f472-4b63-a6f5-67c693a0adf9,exec_8ceayh
EJGRZN,Theoretical Mathematics,primary,new_full_run,6a0d47e3-f472-4b63-a6f5-67c693a0adf9,exec_74tz6v
EN496R,Architecture,primary,new_full_run,6a0d47e3-f472-4b63-a6f5-67c693a0adf9,exec_xlgf71
EN496R,Perspective,secondary,new_full_run,6a0d47e3-f472-4b63-a6f5-67c693a0adf9,exec_xlgf71
EW54CX,Perspective,primary,new_full_run,6a0d47e3-f472-4b63-a6f5-67c693a0adf9,exec_l9cy8a
EW54CX,Practical Geometry,unknown,new_full_run,6a0d47e3-f472-4b63-a6f5-67c693a0adf9,exec_l9cy8a
EW54CX,Theoretical Mathematics,unknown,new_full_run,6a0d47e3-f472-4b63-a6f5-67c693a0adf9,exec_l9cy8a
Edinburgh_1795,Theoretical Mathematics,primary,new_full_run,6a0d47e3-f472-4b63-a6f5-67c693a0adf9,exec_576spe
Edinburgh_1795,Trigonometry,primary,new_full_run,6a0d47e3-f472-4b63-a6f5-67c693a0adf9,exec_576spe
FA6MQ0,Instrument Use,primary,new_full_run,6a0d47e3-f472-4b63-a6f5-67c693a0adf9,exec_0ncucn
FA6MQ0,Practical Geometry,primary,new_full_run,6a0d47e3-f472-4b63-a6f5-67c693a0adf9,exec_0ncucn
Ferrara_1587,Architecture,unknown,old_155_handoff,final_hybrid_v1_2026_06_03,final_hybrid_handoff
Ferrara_1587,Practical Geometry,unknown,old_155_handoff,final_hybrid_v1_2026_06_03,final_hybrid_handoff
Ferrara_1587,Theoretical Mathematics,primary,old_155_handoff,final_hybrid_v1_2026_06_03,final_hybrid_handoff
Florence_1573,Perspective,primary,new_full_run,6a0d47e3-f472-4b63-a6f5-67c693a0adf9,exec_ns8w9r
Florence_1674,Theoretical Mathematics,primary,new_full_run,6a0d47e3-f472-4b63-a6f5-67c693a0adf9,exec_grr91r
Florence_1690,Theoretical Mathematics,primary,new_full_run,6a0d47e3-f472-4b63-a6f5-67c693a0adf9,exec_56vmph
Frankfurt_1506,Commercial Mathematics,unknown,new_full_run,6a0d47e3-f472-4b63-a6f5-67c693a0adf9,exec_q7nybq
Frankfurt_1607,Theoretical Mathematics,primary,new_full_run,6a0d47e3-f472-4b63-a6f5-67c693a0adf9,exec_zrtpjk
Frankfurt_1654,Theoretical Mathematics,primary,new_full_run,6a0d47e3-f472-4b63-a6f5-67c693a0adf9,exec_ifpimd
Frankfurt_1674,Mechanics,secondary,new_full_run,6a0d47e3-f472-4b63-a6f5-67c693a0adf9,exec_ppd8ss
G2T7OK,Perspective,primary,new_full_run,6a0d47e3-f472-4b63-a6f5-67c693a0adf9,exec_zny8t9
G5IUDY,Arithmetic,secondary,new_full_run,6a0d47e3-f472-4b63-a6f5-67c693a0adf9,exec_azvi1c
G5IUDY,Perspective,primary,new_full_run,6a0d47e3-f472-4b63-a6f5-67c693a0adf9,exec_azvi1c
GD0NV0,Instrument Use,primary,new_full_run,6a0d47e3-f472-4b63-a6f5-67c693a0adf9,exec_2c5c3i
GD0NV0,Mechanics,secondary,new_full_run,6a0d47e3-f472-4b63-a6f5-67c693a0adf9,exec_2c5c3i
GD0NV0,Perspective,primary,new_full_run,6a0d47e3-f472-4b63-a6f5-67c693a0adf9,exec_2c5c3i
GD0NV0,Practical Geometry,primary,new_full_run,6a0d47e3-f472-4b63-a6f5-67c693a0adf9,exec_2c5c3i
GDC2CP,Theoretical Mathematics,primary,new_full_run,6a0d47e3-f472-4b63-a6f5-67c693a0adf9,exec_y7w2rs
GDIHEX,Construction,primary,new_full_run,6a0d47e3-f472-4b63-a6f5-67c693a0adf9,exec_hganat
GDIHEX,Mechanics,primary,new_full_run,6a0d47e3-f472-4b63-a6f5-67c693a0adf9,exec_hganat
GDIHEX,Perspective,primary,new_full_run,6a0d47e3-f472-4b63-a6f5-67c693a0adf9,exec_hganat
GGD02E,Architecture,unknown,old_155_handoff,final_hybrid_v1_2026_06_03,final_hybrid_handoff
GGD02E,Instrument Use,unknown,old_155_handoff,final_hybrid_v1_2026_06_03,final_hybrid_handoff
GGD02E,Perspective,primary,old_155_handoff,final_hybrid_v1_2026_06_03,final_hybrid_handoff
GGD02E,Practical Geometry,unknown,old_155_handoff,final_hybrid_v1_2026_06_03,final_hybrid_handoff
GY5QLD,Astronomy,primary,new_full_run,6a0d47e3-f472-4b63-a6f5-67c693a0adf9,exec_0etbvf
GY5QLD,Theoretical Mathematics,primary,new_full_run,6a0d47e3-f472-4b63-a6f5-67c693a0adf9,exec_0etbvf
Glasgow_1756,Theoretical Mathematics,primary,new_full_run,6a0d47e3-f472-4b63-a6f5-67c693a0adf9,exec_5zqns3
Graz_1636,Trigonometry,secondary,new_full_run,6a0d47e3-f472-4b63-a6f5-67c693a0adf9,exec_59vho9
HFRLRC,Perspective,primary,new_full_run,6a0d47e3-f472-4b63-a6f5-67c693a0adf9,exec_8tehgh
Halle_1758,Theoretical Mathematics,primary,new_full_run,6a0d47e3-f472-4b63-a6f5-67c693a0adf9,exec_2zftfh
Hamburg_1633,Theoretical Mathematics,primary,new_full_run,6a0d47e3-f472-4b63-a6f5-67c693a0adf9,exec_228lsd
Hamburg_1638,Theoretical Mathematics,primary,new_full_run,6a0d47e3-f472-4b63-a6f5-67c693a0adf9,exec_jcmath
Hardy-1,Theoretical Mathematics,primary,new_full_run,6a0d47e3-f472-4b63-a6f5-67c693a0adf9,exec_0rfpjl
Hardy-2,Theoretical Mathematics,primary,new_full_run,6a0d47e3-f472-4b63-a6f5-67c693a0adf9,exec_v2uxd9
Hardy-4,Theoretical Mathematics,primary,new_full_run,6a0d47e3-f472-4b63-a6f5-67c693a0adf9,exec_zulqk2
Hardy-4,Trigonometry,unknown,new_full_run,6a0d47e3-f472-4b63-a6f5-67c693a0adf9,exec_zulqk2
Hardy-5,Theoretical Mathematics,primary,new_full_run,6a0d47e3-f472-4b63-a6f5-67c693a0adf9,exec_wdu2rx
Hardy-6,Theoretical Mathematics,primary,new_full_run,6a0d47e3-f472-4b63-a6f5-67c693a0adf9,exec_tl299c
I9PE2Y,Astronomy,primary,new_full_run,6a0d47e3-f472-4b63-a6f5-67c693a0adf9,exec_zcole6
IC4Y79,Architecture,secondary,new_full_run,6a0d47e3-f472-4b63-a6f5-67c693a0adf9,exec_loo6qa
IC4Y79,Arithmetic,primary,new_full_run,6a0d47e3-f472-4b63-a6f5-67c693a0adf9,exec_loo6qa
IC4Y79,Instrument Construction,secondary,new_full_run,6a0d47e3-f472-4b63-a6f5-67c693a0adf9,exec_loo6qa
IC4Y79,Instrument Use,secondary,new_full_run,6a0d47e3-f472-4b63-a6f5-67c693a0adf9,exec_loo6qa
IC4Y79,Theoretical Mathematics,primary,new_full_run,6a0d47e3-f472-4b63-a6f5-67c693a0adf9,exec_loo6qa
JT4H92,Architecture,primary,new_full_run,6a0d47e3-f472-4b63-a6f5-67c693a0adf9,exec_ha566q
JT4H92,Practical Geometry,unknown,new_full_run,6a0d47e3-f472-4b63-a6f5-67c693a0adf9,exec_ha566q
JTRIRS,Architecture,secondary,old_155_handoff,final_hybrid_v1_2026_06_03,final_hybrid_handoff
JTRIRS,Perspective,primary,old_155_handoff,final_hybrid_v1_2026_06_03,final_hybrid_handoff
JTRIRS,Practical Geometry,secondary,old_155_handoff,final_hybrid_v1_2026_06_03,final_hybrid_handoff
JTZKPV,Construction,primary,new_full_run,6a0d47e3-f472-4b63-a6f5-67c693a0adf9,exec_8u7vgk
JTZKPV,Instrument Use,primary,new_full_run,6a0d47e3-f472-4b63-a6f5-67c693a0adf9,exec_8u7vgk
JTZKPV,Practical Geometry,primary,new_full_run,6a0d47e3-f472-4b63-a6f5-67c693a0adf9,exec_8u7vgk
JXC181,Architecture,secondary,old_155_handoff,final_hybrid_v1_2026_06_03,final_hybrid_handoff
JXC181,Perspective,primary,old_155_handoff,final_hybrid_v1_2026_06_03,final_hybrid_handoff
JXC181,Practical Geometry,secondary,old_155_handoff,final_hybrid_v1_2026_06_03,final_hybrid_handoff
JZ3MT9,Practical Geometry,primary,old_155_handoff,final_hybrid_v1_2026_06_03,final_hybrid_handoff
JZ3MT9,Theoretical Mathematics,secondary,old_155_handoff,final_hybrid_v1_2026_06_03,final_hybrid_handoff
Jena_1628,Theoretical Mathematics,primary,new_full_run,6a0d47e3-f472-4b63-a6f5-67c693a0adf9,exec_hok3i8
K7DERJ,Construction,secondary,old_155_handoff,final_hybrid_v1_2026_06_03,final_hybrid_handoff
K7DERJ,Perspective,primary,old_155_handoff,final_hybrid_v1_2026_06_03,final_hybrid_handoff
K7DERJ,Practical Geometry,primary,old_155_handoff,final_hybrid_v1_2026_06_03,final_hybrid_handoff
KLSGAN,Instrument Construction,secondary,new_full_run,6a0d47e3-f472-4b63-a6f5-67c693a0adf9,exec_6ngc8w
KLSGAN,Instrument Use,primary,new_full_run,6a0d47e3-f472-4b63-a6f5-67c693a0adf9,exec_6ngc8w
KLSGAN,Military Engineering,primary,new_full_run,6a0d47e3-f472-4b63-a6f5-67c693a0adf9,exec_6ngc8w
KLSGAN,Perspective,primary,new_full_run,6a0d47e3-f472-4b63-a6f5-67c693a0adf9,exec_6ngc8w
KLSGAN,Practical Geometry,primary,new_full_run,6a0d47e3-f472-4b63-a6f5-67c693a0adf9,exec_6ngc8w
KLSGAN,Surveying,primary,new_full_run,6a0d47e3-f472-4b63-a6f5-67c693a0adf9,exec_6ngc8w
KVSFF1,Theoretical Mathematics,primary,new_full_run,6a0d47e3-f472-4b63-a6f5-67c693a0adf9,exec_eb3q6d
KVSFF1,Trigonometry,secondary,new_full_run,6a0d47e3-f472-4b63-a6f5-67c693a0adf9,exec_eb3q6d
Kiel_Hamburg_and_Leipzig_1697,Theoretical Mathematics,primary,new_full_run,6a0d47e3-f472-4b63-a6f5-67c693a0adf9,exec_iwheol
L3XLGB,Gnomonics & Horology,primary,old_155_handoff,final_hybrid_v1_2026_06_03,final_hybrid_handoff
L3XLGB,Instrument Construction,primary,old_155_handoff,final_hybrid_v1_2026_06_03,final_hybrid_handoff
L3XLGB,Instrument Use,secondary,old_155_handoff,final_hybrid_v1_2026_06_03,final_hybrid_handoff
L3XLGB,Practical Geometry,secondary,old_155_handoff,final_hybrid_v1_2026_06_03,final_hybrid_handoff
LQNZBJ,Architecture,secondary,old_155_handoff,final_hybrid_v1_2026_06_03,final_hybrid_handoff
LQNZBJ,Astronomy,primary,old_155_handoff,final_hybrid_v1_2026_06_03,final_hybrid_handoff
Le_Mans_1663,Perspective,primary,new_full_run,6a0d47e3-f472-4b63-a6f5-67c693a0adf9,exec_ynmkhs
Le_Mans_1663,Theoretical Mathematics,primary,new_full_run,6a0d47e3-f472-4b63-a6f5-67c693a0adf9,exec_ynmkhs
Leiden_1599,Perspective,primary,new_full_run,6a0d47e3-f472-4b63-a6f5-67c693a0adf9,exec_7kv4i4
Leiden_1606,Practical Geometry,secondary,new_full_run,6a0d47e3-f472-4b63-a6f5-67c693a0adf9,exec_jahej2
Leiden_1606,Theoretical Mathematics,primary,new_full_run,6a0d47e3-f472-4b63-a6f5-67c693a0adf9,exec_jahej2
Leiden_1607,Practical Geometry,primary,new_full_run,6a0d47e3-f472-4b63-a6f5-67c693a0adf9,exec_2vjcwa
Leiden_1615,Arithmetic,primary,new_full_run,6a0d47e3-f472-4b63-a6f5-67c693a0adf9,exec_rc2gzb
Leiden_1615,Theoretical Mathematics,secondary,new_full_run,6a0d47e3-f472-4b63-a6f5-67c693a0adf9,exec_rc2gzb
Leiden_1615,Trigonometry,primary,new_full_run,6a0d47e3-f472-4b63-a6f5-67c693a0adf9,exec_rc2gzb
Leiden_1617,Theoretical Mathematics,primary,new_full_run,6a0d47e3-f472-4b63-a6f5-67c693a0adf9,exec_5f8w7t
Leiden_and_Amsterdam_1673,Theoretical Mathematics,primary,new_full_run,6a0d47e3-f472-4b63-a6f5-67c693a0adf9,exec_26c2jr
Leipzig_1577,Theoretical Mathematics,primary,new_full_run,6a0d47e3-f472-4b63-a6f5-67c693a0adf9,exec_h1vi35
Leipzig_1607,Theoretical Mathematics,primary,new_full_run,6a0d47e3-f472-4b63-a6f5-67c693a0adf9,exec_bnmq3v
Leipzig_1883,Theoretical Mathematics,primary,new_full_run,6a0d47e3-f472-4b63-a6f5-67c693a0adf9,exec_08v898
Lisbon_1735,Theoretical Mathematics,primary,new_full_run,6a0d47e3-f472-4b63-a6f5-67c693a0adf9,exec_3cwesm
Livorno_1709,Theoretical Mathematics,primary,new_full_run,6a0d47e3-f472-4b63-a6f5-67c693a0adf9,exec_s713q4
London_1570,Mechanics,secondary,new_full_run,6a0d47e3-f472-4b63-a6f5-67c693a0adf9,exec_c8s15k
London_1651,Theoretical Mathematics,primary,new_full_run,6a0d47e3-f472-4b63-a6f5-67c693a0adf9,exec_i9k413
London_1654,Theoretical Mathematics,primary,new_full_run,6a0d47e3-f472-4b63-a6f5-67c693a0adf9,exec_k541r2
London_1659,Theoretical Mathematics,primary,new_full_run,6a0d47e3-f472-4b63-a6f5-67c693a0adf9,exec_kf1kbr
London_1660,Theoretical Mathematics,primary,new_full_run,6a0d47e3-f472-4b63-a6f5-67c693a0adf9,exec_f2pirf
London_1661,Theoretical Mathematics,primary,new_full_run,6a0d47e3-f472-4b63-a6f5-67c693a0adf9,exec_iniwp0
London_1678a,Theoretical Mathematics,primary,new_full_run,6a0d47e3-f472-4b63-a6f5-67c693a0adf9,exec_uaszbj
London_1680–81,Arithmetic,primary,new_full_run,6a0d47e3-f472-4b63-a6f5-67c693a0adf9,exec_gqakfm
London_1680–81,Astronomy,primary,new_full_run,6a0d47e3-f472-4b63-a6f5-67c693a0adf9,exec_gqakfm
London_1680–81,Cartography,primary,new_full_run,6a0d47e3-f472-4b63-a6f5-67c693a0adf9,exec_gqakfm
London_1680–81,Cosmography,primary,new_full_run,6a0d47e3-f472-4b63-a6f5-67c693a0adf9,exec_gqakfm
London_1680–81,Geography,primary,new_full_run,6a0d47e3-f472-4b63-a6f5-67c693a0adf9,exec_gqakfm
London_1680–81,Navigation,primary,new_full_run,6a0d47e3-f472-4b63-a6f5-67c693a0adf9,exec_gqakfm
London_1680–81,Practical Geometry,primary,new_full_run,6a0d47e3-f472-4b63-a6f5-67c693a0adf9,exec_gqakfm
London_1680–81,Theoretical Mathematics,primary,new_full_run,6a0d47e3-f472-4b63-a6f5-67c693a0adf9,exec_gqakfm
London_1680–81,Trigonometry,primary,new_full_run,6a0d47e3-f472-4b63-a6f5-67c693a0adf9,exec_gqakfm
London_1685a,Practical Geometry,unknown,new_full_run,6a0d47e3-f472-4b63-a6f5-67c693a0adf9,exec_7vfeon
London_1686,Theoretical Mathematics,primary,new_full_run,6a0d47e3-f472-4b63-a6f5-67c693a0adf9,exec_y7vx7m
London_1695,Practical Geometry,unknown,new_full_run,6a0d47e3-f472-4b63-a6f5-67c693a0adf9,exec_nk029i
London_1695,Theoretical Mathematics,primary,new_full_run,6a0d47e3-f472-4b63-a6f5-67c693a0adf9,exec_nk029i
London_1696,Practical Geometry,unknown,new_full_run,6a0d47e3-f472-4b63-a6f5-67c693a0adf9,exec_rmbma4
London_1696,Theoretical Mathematics,primary,new_full_run,6a0d47e3-f472-4b63-a6f5-67c693a0adf9,exec_rmbma4
London_1700,Construction,primary,new_full_run,6a0d47e3-f472-4b63-a6f5-67c693a0adf9,exec_j656q2
London_1700,Practical Geometry,primary,new_full_run,6a0d47e3-f472-4b63-a6f5-67c693a0adf9,exec_j656q2
London_1700,Surveying,primary,new_full_run,6a0d47e3-f472-4b63-a6f5-67c693a0adf9,exec_j656q2
London_1700,Theoretical Mathematics,secondary,new_full_run,6a0d47e3-f472-4b63-a6f5-67c693a0adf9,exec_j656q2
London_1705,Theoretical Mathematics,primary,new_full_run,6a0d47e3-f472-4b63-a6f5-67c693a0adf9,exec_ctyqc9
London_1747,Practical Geometry,primary,new_full_run,6a0d47e3-f472-4b63-a6f5-67c693a0adf9,exec_spato7
London_1747,Theoretical Mathematics,primary,new_full_run,6a0d47e3-f472-4b63-a6f5-67c693a0adf9,exec_spato7
London_1789,Theoretical Mathematics,primary,new_full_run,6a0d47e3-f472-4b63-a6f5-67c693a0adf9,exec_xawnqc
Lund_1855,Theoretical Mathematics,primary,new_full_run,6a0d47e3-f472-4b63-a6f5-67c693a0adf9,exec_0rw0eb
Lyon_1603,Arithmetic,unknown,new_full_run,6a0d47e3-f472-4b63-a6f5-67c693a0adf9,exec_7n33cy
Lyon_1645,Theoretical Mathematics,primary,new_full_run,6a0d47e3-f472-4b63-a6f5-67c693a0adf9,exec_ljxnbe
Lyon_1646,Theoretical Mathematics,primary,new_full_run,6a0d47e3-f472-4b63-a6f5-67c693a0adf9,exec_6df1dc
Lyon_1660,Theoretical Mathematics,primary,new_full_run,6a0d47e3-f472-4b63-a6f5-67c693a0adf9,exec_6nj2qn
Lyon_1669,Theoretical Mathematics,primary,new_full_run,6a0d47e3-f472-4b63-a6f5-67c693a0adf9,exec_sqrd26
Lyon_1669,Trigonometry,primary,new_full_run,6a0d47e3-f472-4b63-a6f5-67c693a0adf9,exec_sqrd26
Lyon_1672,Theoretical Mathematics,primary,new_full_run,6a0d47e3-f472-4b63-a6f5-67c693a0adf9,exec_gbt9n0
Lyon_1674,Architecture,primary,new_full_run,6a0d47e3-f472-4b63-a6f5-67c693a0adf9,exec_6gpy5t
Lyon_1674,Arithmetic,primary,new_full_run,6a0d47e3-f472-4b63-a6f5-67c693a0adf9,exec_6gpy5t
Lyon_1674,Construction,primary,new_full_run,6a0d47e3-f472-4b63-a6f5-67c693a0adf9,exec_6gpy5t
Lyon_1674,Geography,primary,new_full_run,6a0d47e3-f472-4b63-a6f5-67c693a0adf9,exec_6gpy5t
Lyon_1674,Mechanics,primary,new_full_run,6a0d47e3-f472-4b63-a6f5-67c693a0adf9,exec_6gpy5t
Lyon_1674,Practical Geometry,primary,new_full_run,6a0d47e3-f472-4b63-a6f5-67c693a0adf9,exec_6gpy5t
Lyon_1674,Trigonometry,primary,new_full_run,6a0d47e3-f472-4b63-a6f5-67c693a0adf9,exec_6gpy5t
Lyon_1690,Arithmetic,primary,new_full_run,6a0d47e3-f472-4b63-a6f5-67c693a0adf9,exec_n8ygym
Lyon_1690,Theoretical Mathematics,primary,new_full_run,6a0d47e3-f472-4b63-a6f5-67c693a0adf9,exec_n8ygym
Lyon_1690,Trigonometry,primary,new_full_run,6a0d47e3-f472-4b63-a6f5-67c693a0adf9,exec_n8ygym
Lübeck_and_Frankfurt_1699,Practical Geometry,primary,new_full_run,6a0d47e3-f472-4b63-a6f5-67c693a0adf9,exec_dn8n9h
Lübeck_and_Frankfurt_1699,Surveying,unknown,new_full_run,6a0d47e3-f472-4b63-a6f5-67c693a0adf9,exec_dn8n9h
MIZPJ8,Perspective,primary,old_155_handoff,final_hybrid_v1_2026_06_03,final_hybrid_handoff
MIZPJ8,Practical Geometry,secondary,old_155_handoff,final_hybrid_v1_2026_06_03,final_hybrid_handoff
MM0YD0,Construction,primary,new_full_run,6a0d47e3-f472-4b63-a6f5-67c693a0adf9,exec_iwcuve
MM0YD0,Practical Geometry,primary,new_full_run,6a0d47e3-f472-4b63-a6f5-67c693a0adf9,exec_iwcuve
MMJVXG,Arithmetic,primary,new_full_run,6a0d47e3-f472-4b63-a6f5-67c693a0adf9,exec_wgelyd
MYFHIS,Architecture,primary,old_155_handoff,final_hybrid_v1_2026_06_03,final_hybrid_handoff
MYFHIS,Construction,primary,old_155_handoff,final_hybrid_v1_2026_06_03,final_hybrid_handoff
MYFHIS,Instrument Use,unknown,old_155_handoff,final_hybrid_v1_2026_06_03,final_hybrid_handoff
MYFHIS,Practical Geometry,unknown,old_155_handoff,final_hybrid_v1_2026_06_03,final_hybrid_handoff
Madrid_1585,Perspective,primary,new_full_run,6a0d47e3-f472-4b63-a6f5-67c693a0adf9,exec_xu5nmp
Madrid_1585,Theoretical Mathematics,secondary,new_full_run,6a0d47e3-f472-4b63-a6f5-67c693a0adf9,exec_xu5nmp
Madrid_1665,Architecture,primary,new_full_run,6a0d47e3-f472-4b63-a6f5-67c693a0adf9,exec_5hr63i
Madrid_1665,Practical Geometry,primary,new_full_run,6a0d47e3-f472-4b63-a6f5-67c693a0adf9,exec_5hr63i
Madrid_1665,Theoretical Mathematics,primary,new_full_run,6a0d47e3-f472-4b63-a6f5-67c693a0adf9,exec_5hr63i
Mainz_1611_1612,Arithmetic,primary,new_full_run,6a0d47e3-f472-4b63-a6f5-67c693a0adf9,exec_ttsl6a
Mainz_1611_1612,Practical Geometry,primary,new_full_run,6a0d47e3-f472-4b63-a6f5-67c693a0adf9,exec_ttsl6a
Mainz_1611_1612,Theoretical Mathematics,primary,new_full_run,6a0d47e3-f472-4b63-a6f5-67c693a0adf9,exec_ttsl6a
Mainz_1611_1612,Trigonometry,primary,new_full_run,6a0d47e3-f472-4b63-a6f5-67c693a0adf9,exec_ttsl6a
Messina_1558,Astronomy,primary,new_full_run,6a0d47e3-f472-4b63-a6f5-67c693a0adf9,exec_g78yiu
Messina_1558,Practical Geometry,unknown,new_full_run,6a0d47e3-f472-4b63-a6f5-67c693a0adf9,exec_g78yiu
Messina_1558,Theoretical Mathematics,primary,new_full_run,6a0d47e3-f472-4b63-a6f5-67c693a0adf9,exec_g78yiu
Messina_1558,Trigonometry,primary,new_full_run,6a0d47e3-f472-4b63-a6f5-67c693a0adf9,exec_g78yiu
Milan_1671,Theoretical Mathematics,primary,new_full_run,6a0d47e3-f472-4b63-a6f5-67c693a0adf9,exec_37wt5k
MorisS-1-1,Arithmetic,primary,new_full_run,6a0d47e3-f472-4b63-a6f5-67c693a0adf9,exec_jq6pe2
MorisS-10-1,Mechanics,primary,new_full_run,6a0d47e3-f472-4b63-a6f5-67c693a0adf9,exec_6qxmu3
MorisS-10-3,Theoretical Mathematics,primary,new_full_run,6a0d47e3-f472-4b63-a6f5-67c693a0adf9,exec_xx8dyh
MorisS-10-3,Trigonometry,primary,new_full_run,6a0d47e3-f472-4b63-a6f5-67c693a0adf9,exec_xx8dyh
MorisS-12-1,Theoretical Mathematics,primary,new_full_run,6a0d47e3-f472-4b63-a6f5-67c693a0adf9,exec_hg7bf2
MorisS-13-1,Astronomy,primary,new_full_run,6a0d47e3-f472-4b63-a6f5-67c693a0adf9,exec_4sq2e3
MorisS-13-2,Astronomy,primary,new_full_run,6a0d47e3-f472-4b63-a6f5-67c693a0adf9,exec_h5t2h5
MorisS-13-3,Astronomy,primary,new_full_run,6a0d47e3-f472-4b63-a6f5-67c693a0adf9,exec_1mlqjz
MorisS-13-4,Mechanics,primary,new_full_run,6a0d47e3-f472-4b63-a6f5-67c693a0adf9,exec_50dtb4
MorisS-13-5,Astronomy,primary,new_full_run,6a0d47e3-f472-4b63-a6f5-67c693a0adf9,exec_2979gc
MorisS-14-1,Practical Geometry,unknown,new_full_run,6a0d47e3-f472-4b63-a6f5-67c693a0adf9,exec_upq3mu
MorisS-14-1,Theoretical Mathematics,secondary,new_full_run,6a0d47e3-f472-4b63-a6f5-67c693a0adf9,exec_upq3mu
MorisS-14-1,Trigonometry,primary,new_full_run,6a0d47e3-f472-4b63-a6f5-67c693a0adf9,exec_upq3mu
MorisS-14-3,Theoretical Mathematics,primary,new_full_run,6a0d47e3-f472-4b63-a6f5-67c693a0adf9,exec_zotrz4
MorisS-15-1,Theoretical Mathematics,primary,new_full_run,6a0d47e3-f472-4b63-a6f5-67c693a0adf9,exec_1u2cfl
MorisS-15-2,Theoretical Mathematics,primary,new_full_run,6a0d47e3-f472-4b63-a6f5-67c693a0adf9,exec_26kzy1
MorisS-16-1,Arithmetic,primary,new_full_run,6a0d47e3-f472-4b63-a6f5-67c693a0adf9,exec_ndn65h
MorisS-16-1,Construction,primary,new_full_run,6a0d47e3-f472-4b63-a6f5-67c693a0adf9,exec_ndn65h
MorisS-16-1,Instrument Use,secondary,new_full_run,6a0d47e3-f472-4b63-a6f5-67c693a0adf9,exec_ndn65h
MorisS-16-1,Military Engineering,primary,new_full_run,6a0d47e3-f472-4b63-a6f5-67c693a0adf9,exec_ndn65h
MorisS-16-1,Practical Geometry,primary,new_full_run,6a0d47e3-f472-4b63-a6f5-67c693a0adf9,exec_ndn65h
MorisS-16-1,Trigonometry,primary,new_full_run,6a0d47e3-f472-4b63-a6f5-67c693a0adf9,exec_ndn65h
MorisS-16-10,Arithmetic,secondary,new_full_run,6a0d47e3-f472-4b63-a6f5-67c693a0adf9,exec_2u7wzx
MorisS-16-10,Mechanics,secondary,new_full_run,6a0d47e3-f472-4b63-a6f5-67c693a0adf9,exec_2u7wzx
MorisS-16-11,Arithmetic,unknown,new_full_run,6a0d47e3-f472-4b63-a6f5-67c693a0adf9,exec_5eswv2
MorisS-16-11,Cartography,primary,new_full_run,6a0d47e3-f472-4b63-a6f5-67c693a0adf9,exec_5eswv2
MorisS-16-11,Instrument Use,primary,new_full_run,6a0d47e3-f472-4b63-a6f5-67c693a0adf9,exec_5eswv2
MorisS-16-11,Practical Geometry,primary,new_full_run,6a0d47e3-f472-4b63-a6f5-67c693a0adf9,exec_5eswv2
MorisS-16-11,Surveying,secondary,new_full_run,6a0d47e3-f472-4b63-a6f5-67c693a0adf9,exec_5eswv2
MorisS-16-3,Instrument Use,primary,new_full_run,6a0d47e3-f472-4b63-a6f5-67c693a0adf9,exec_jvosan
MorisS-16-3,Practical Geometry,unknown,new_full_run,6a0d47e3-f472-4b63-a6f5-67c693a0adf9,exec_jvosan
MorisS-16-4,Theoretical Mathematics,secondary,new_full_run,6a0d47e3-f472-4b63-a6f5-67c693a0adf9,exec_93smrn
MorisS-16-4,Trigonometry,primary,new_full_run,6a0d47e3-f472-4b63-a6f5-67c693a0adf9,exec_93smrn
MorisS-16-5,Astronomy,primary,new_full_run,6a0d47e3-f472-4b63-a6f5-67c693a0adf9,exec_o6owbt
MorisS-16-5,Cosmography,primary,new_full_run,6a0d47e3-f472-4b63-a6f5-67c693a0adf9,exec_o6owbt
MorisS-16-5,Geography,unknown,new_full_run,6a0d47e3-f472-4b63-a6f5-67c693a0adf9,exec_o6owbt
MorisS-16-6,Practical Geometry,primary,new_full_run,6a0d47e3-f472-4b63-a6f5-67c693a0adf9,exec_7hyg6d
MorisS-16-6,Theoretical Mathematics,unknown,new_full_run,6a0d47e3-f472-4b63-a6f5-67c693a0adf9,exec_7hyg6d
MorisS-16-7,Theoretical Mathematics,primary,new_full_run,6a0d47e3-f472-4b63-a6f5-67c693a0adf9,exec_g1nq2d
MorisS-17-3,Astronomy,secondary,new_full_run,6a0d47e3-f472-4b63-a6f5-67c693a0adf9,exec_77mjqk
MorisS-17-3,Instrument Use,secondary,new_full_run,6a0d47e3-f472-4b63-a6f5-67c693a0adf9,exec_77mjqk
MorisS-17-3,Perspective,secondary,new_full_run,6a0d47e3-f472-4b63-a6f5-67c693a0adf9,exec_77mjqk
MorisS-17-3,Theoretical Mathematics,primary,new_full_run,6a0d47e3-f472-4b63-a6f5-67c693a0adf9,exec_77mjqk
MorisS-18-1,Practical Geometry,primary,new_full_run,6a0d47e3-f472-4b63-a6f5-67c693a0adf9,exec_hf4q00
MorisS-18-1,Theoretical Mathematics,primary,new_full_run,6a0d47e3-f472-4b63-a6f5-67c693a0adf9,exec_hf4q00
MorisS-18-3,Theoretical Mathematics,primary,new_full_run,6a0d47e3-f472-4b63-a6f5-67c693a0adf9,exec_5o20ov
MorisS-18-4,Theoretical Mathematics,primary,new_full_run,6a0d47e3-f472-4b63-a6f5-67c693a0adf9,exec_o8at5q
MorisS-2-1,Theoretical Mathematics,primary,new_full_run,6a0d47e3-f472-4b63-a6f5-67c693a0adf9,exec_deu8p5
MorisS-20-6,Arithmetic,secondary,new_full_run,6a0d47e3-f472-4b63-a6f5-67c693a0adf9,exec_o9eal2
MorisS-20-6,Mechanics,secondary,new_full_run,6a0d47e3-f472-4b63-a6f5-67c693a0adf9,exec_o9eal2
MorisS-20-6,Practical Geometry,unknown,new_full_run,6a0d47e3-f472-4b63-a6f5-67c693a0adf9,exec_o9eal2
MorisS-20-6,Theoretical Mathematics,unknown,new_full_run,6a0d47e3-f472-4b63-a6f5-67c693a0adf9,exec_o9eal2
MorisS-21-10,Theoretical Mathematics,primary,new_full_run,6a0d47e3-f472-4b63-a6f5-67c693a0adf9,exec_nnhk9b
MorisS-21-12,Astronomy,primary,new_full_run,6a0d47e3-f472-4b63-a6f5-67c693a0adf9,exec_46xsgj
MorisS-21-12,Cosmography,unknown,new_full_run,6a0d47e3-f472-4b63-a6f5-67c693a0adf9,exec_46xsgj
MorisS-21-12,Theoretical Mathematics,unknown,new_full_run,6a0d47e3-f472-4b63-a6f5-67c693a0adf9,exec_46xsgj
MorisS-21-2,Music Theory,primary,new_full_run,6a0d47e3-f472-4b63-a6f5-67c693a0adf9,exec_n4j7k4
MorisS-21-2,Theoretical Mathematics,unknown,new_full_run,6a0d47e3-f472-4b63-a6f5-67c693a0adf9,exec_n4j7k4
MorisS-21-4,Mechanics,primary,new_full_run,6a0d47e3-f472-4b63-a6f5-67c693a0adf9,exec_83e2k1
MorisS-21-5,Music Theory,unknown,new_full_run,6a0d47e3-f472-4b63-a6f5-67c693a0adf9,exec_8l8fu7
MorisS-21-6,Music Theory,primary,new_full_run,6a0d47e3-f472-4b63-a6f5-67c693a0adf9,exec_q438h7
MorisS-21-7,Music Theory,primary,new_full_run,6a0d47e3-f472-4b63-a6f5-67c693a0adf9,exec_aquatx
MorisS-21-8,Music Theory,primary,new_full_run,6a0d47e3-f472-4b63-a6f5-67c693a0adf9,exec_i9v29i
MorisS-21-9,Mechanics,primary,new_full_run,6a0d47e3-f472-4b63-a6f5-67c693a0adf9,exec_djood6
MorisS-22-2,Astronomy,primary,new_full_run,6a0d47e3-f472-4b63-a6f5-67c693a0adf9,exec_ghsrgv
MorisS-22-3,Theoretical Mathematics,primary,new_full_run,6a0d47e3-f472-4b63-a6f5-67c693a0adf9,exec_gqiyvz
MorisS-22-3,Trigonometry,primary,new_full_run,6a0d47e3-f472-4b63-a6f5-67c693a0adf9,exec_gqiyvz
MorisS-22-4,Astronomy,primary,new_full_run,6a0d47e3-f472-4b63-a6f5-67c693a0adf9,exec_7lest7
MorisS-22-4,Navigation,unknown,new_full_run,6a0d47e3-f472-4b63-a6f5-67c693a0adf9,exec_7lest7
MorisS-22-4,Theoretical Mathematics,unknown,new_full_run,6a0d47e3-f472-4b63-a6f5-67c693a0adf9,exec_7lest7
MorisS-22-4,Trigonometry,unknown,new_full_run,6a0d47e3-f472-4b63-a6f5-67c693a0adf9,exec_7lest7
MorisS-22-5,Astronomy,primary,new_full_run,6a0d47e3-f472-4b63-a6f5-67c693a0adf9,exec_jeo78j
MorisS-22-5,Gnomonics & Horology,unknown,new_full_run,6a0d47e3-f472-4b63-a6f5-67c693a0adf9,exec_jeo78j
MorisS-22-5,Instrument Use,secondary,new_full_run,6a0d47e3-f472-4b63-a6f5-67c693a0adf9,exec_jeo78j
MorisS-22-5,Navigation,primary,new_full_run,6a0d47e3-f472-4b63-a6f5-67c693a0adf9,exec_jeo78j
MorisS-22-5,Practical Geometry,unknown,new_full_run,6a0d47e3-f472-4b63-a6f5-67c693a0adf9,exec_jeo78j
MorisS-22-5,Trigonometry,unknown,new_full_run,6a0d47e3-f472-4b63-a6f5-67c693a0adf9,exec_jeo78j
MorisS-22-6,Arithmetic,secondary,new_full_run,6a0d47e3-f472-4b63-a6f5-67c693a0adf9,exec_pxx9a3
MorisS-22-6,Practical Geometry,unknown,new_full_run,6a0d47e3-f472-4b63-a6f5-67c693a0adf9,exec_pxx9a3
MorisS-22-6,Theoretical Mathematics,primary,new_full_run,6a0d47e3-f472-4b63-a6f5-67c693a0adf9,exec_pxx9a3
MorisS-22-6,Trigonometry,primary,new_full_run,6a0d47e3-f472-4b63-a6f5-67c693a0adf9,exec_pxx9a3
MorisS-22-7,Astronomy,unknown,new_full_run,6a0d47e3-f472-4b63-a6f5-67c693a0adf9,exec_rbgw2l
MorisS-23-1,Mechanics,primary,new_full_run,6a0d47e3-f472-4b63-a6f5-67c693a0adf9,exec_nblses
MorisS-23-1,Practical Geometry,unknown,new_full_run,6a0d47e3-f472-4b63-a6f5-67c693a0adf9,exec_nblses
MorisS-23-1,Theoretical Mathematics,unknown,new_full_run,6a0d47e3-f472-4b63-a6f5-67c693a0adf9,exec_nblses
MorisS-23-2,Theoretical Mathematics,primary,new_full_run,6a0d47e3-f472-4b63-a6f5-67c693a0adf9,exec_oskvyj
MorisS-24-1,Instrument Use,primary,new_full_run,6a0d47e3-f472-4b63-a6f5-67c693a0adf9,exec_n0bc3h
MorisS-24-1,Perspective,primary,new_full_run,6a0d47e3-f472-4b63-a6f5-67c693a0adf9,exec_n0bc3h
MorisS-24-1,Practical Geometry,primary,new_full_run,6a0d47e3-f472-4b63-a6f5-67c693a0adf9,exec_n0bc3h
MorisS-24-3,Architecture,secondary,new_full_run,6a0d47e3-f472-4b63-a6f5-67c693a0adf9,exec_0ns3js
MorisS-24-3,Perspective,primary,new_full_run,6a0d47e3-f472-4b63-a6f5-67c693a0adf9,exec_0ns3js
MorisS-24-3,Practical Geometry,secondary,new_full_run,6a0d47e3-f472-4b63-a6f5-67c693a0adf9,exec_0ns3js
MorisS-25-3,Arithmetic,primary,new_full_run,6a0d47e3-f472-4b63-a6f5-67c693a0adf9,exec_npt6v4
MorisS-25-3,Theoretical Mathematics,primary,new_full_run,6a0d47e3-f472-4b63-a6f5-67c693a0adf9,exec_npt6v4
MorisS-25-4,Theoretical Mathematics,primary,new_full_run,6a0d47e3-f472-4b63-a6f5-67c693a0adf9,exec_q1025h
MorisS-25-8,Mechanics,primary,new_full_run,6a0d47e3-f472-4b63-a6f5-67c693a0adf9,exec_vm2181
MorisS-25-8,Practical Geometry,primary,new_full_run,6a0d47e3-f472-4b63-a6f5-67c693a0adf9,exec_vm2181
MorisS-26-1,Commercial Mathematics,unknown,new_full_run,6a0d47e3-f472-4b63-a6f5-67c693a0adf9,exec_373hws
MorisS-26-1,Instrument Construction,primary,new_full_run,6a0d47e3-f472-4b63-a6f5-67c693a0adf9,exec_373hws
MorisS-26-1,Instrument Use,secondary,new_full_run,6a0d47e3-f472-4b63-a6f5-67c693a0adf9,exec_373hws
MorisS-26-1,Military Engineering,secondary,new_full_run,6a0d47e3-f472-4b63-a6f5-67c693a0adf9,exec_373hws
MorisS-26-1,Practical Geometry,unknown,new_full_run,6a0d47e3-f472-4b63-a6f5-67c693a0adf9,exec_373hws
MorisS-26-2,Astronomy,primary,new_full_run,6a0d47e3-f472-4b63-a6f5-67c693a0adf9,exec_ie1wih
MorisS-27-1,Mechanics,primary,new_full_run,6a0d47e3-f472-4b63-a6f5-67c693a0adf9,exec_ro9d2n
MorisS-27-2,Astronomy,primary,new_full_run,6a0d47e3-f472-4b63-a6f5-67c693a0adf9,exec_vlbftc
MorisS-27-2,Cosmography,unknown,new_full_run,6a0d47e3-f472-4b63-a6f5-67c693a0adf9,exec_vlbftc
MorisS-27-2,Theoretical Mathematics,unknown,new_full_run,6a0d47e3-f472-4b63-a6f5-67c693a0adf9,exec_vlbftc
MorisS-28-1,Instrument Construction,primary,new_full_run,6a0d47e3-f472-4b63-a6f5-67c693a0adf9,exec_lmrlj7
MorisS-28-1,Instrument Use,primary,new_full_run,6a0d47e3-f472-4b63-a6f5-67c693a0adf9,exec_lmrlj7
MorisS-28-1,Practical Geometry,primary,new_full_run,6a0d47e3-f472-4b63-a6f5-67c693a0adf9,exec_lmrlj7
MorisS-28-1,Trigonometry,primary,new_full_run,6a0d47e3-f472-4b63-a6f5-67c693a0adf9,exec_lmrlj7
MorisS-3-1,Theoretical Mathematics,primary,new_full_run,6a0d47e3-f472-4b63-a6f5-67c693a0adf9,exec_mkvsz7
MorisS-3-2,Theoretical Mathematics,primary,new_full_run,6a0d47e3-f472-4b63-a6f5-67c693a0adf9,exec_a4o25k
MorisS-3-3,Astronomy,primary,new_full_run,6a0d47e3-f472-4b63-a6f5-67c693a0adf9,exec_abf9oo
MorisS-3-4,Music Theory,unknown,new_full_run,6a0d47e3-f472-4b63-a6f5-67c693a0adf9,exec_rlyfus
MorisS-3-4,Theoretical Mathematics,primary,new_full_run,6a0d47e3-f472-4b63-a6f5-67c693a0adf9,exec_rlyfus
MorisS-3-5,Arithmetic,primary,new_full_run,6a0d47e3-f472-4b63-a6f5-67c693a0adf9,exec_qoeq2u
MorisS-3-5,Theoretical Mathematics,primary,new_full_run,6a0d47e3-f472-4b63-a6f5-67c693a0adf9,exec_qoeq2u
MorisS-3-6,Astronomy,primary,new_full_run,6a0d47e3-f472-4b63-a6f5-67c693a0adf9,exec_2v5ck7
MorisS-4-1,Architecture,primary,new_full_run,6a0d47e3-f472-4b63-a6f5-67c693a0adf9,exec_2farxp
MorisS-4-1,Construction,secondary,new_full_run,6a0d47e3-f472-4b63-a6f5-67c693a0adf9,exec_2farxp
MorisS-4-1,Practical Geometry,primary,new_full_run,6a0d47e3-f472-4b63-a6f5-67c693a0adf9,exec_2farxp
MorisS-4-2,Gnomonics & Horology,primary,new_full_run,6a0d47e3-f472-4b63-a6f5-67c693a0adf9,exec_908153
MorisS-4-2,Instrument Construction,secondary,new_full_run,6a0d47e3-f472-4b63-a6f5-67c693a0adf9,exec_908153
MorisS-4-2,Practical Geometry,unknown,new_full_run,6a0d47e3-f472-4b63-a6f5-67c693a0adf9,exec_908153
MorisS-4-3,Construction,primary,new_full_run,6a0d47e3-f472-4b63-a6f5-67c693a0adf9,exec_sxbce6
MorisS-4-4,Perspective,primary,new_full_run,6a0d47e3-f472-4b63-a6f5-67c693a0adf9,exec_r0e2cg
MorisS-4-5,Perspective,primary,new_full_run,6a0d47e3-f472-4b63-a6f5-67c693a0adf9,exec_c1mkgb
MorisS-4-5,Practical Geometry,unknown,new_full_run,6a0d47e3-f472-4b63-a6f5-67c693a0adf9,exec_c1mkgb
MorisS-4-6,Architecture,primary,new_full_run,6a0d47e3-f472-4b63-a6f5-67c693a0adf9,exec_sdcpl9
MorisS-4-6,Practical Geometry,primary,new_full_run,6a0d47e3-f472-4b63-a6f5-67c693a0adf9,exec_sdcpl9
MorisS-4-7,Architecture,primary,new_full_run,6a0d47e3-f472-4b63-a6f5-67c693a0adf9,exec_ec2l39
MorisS-4-7,Perspective,primary,new_full_run,6a0d47e3-f472-4b63-a6f5-67c693a0adf9,exec_ec2l39
MorisS-4-7,Practical Geometry,secondary,new_full_run,6a0d47e3-f472-4b63-a6f5-67c693a0adf9,exec_ec2l39
MorisS-5-2,Astronomy,primary,new_full_run,6a0d47e3-f472-4b63-a6f5-67c693a0adf9,exec_zq4fbo
MorisS-5-2,Cosmography,unknown,new_full_run,6a0d47e3-f472-4b63-a6f5-67c693a0adf9,exec_zq4fbo
MorisS-5-2,Theoretical Mathematics,unknown,new_full_run,6a0d47e3-f472-4b63-a6f5-67c693a0adf9,exec_zq4fbo
MorisS-5-3,Astronomy,primary,new_full_run,6a0d47e3-f472-4b63-a6f5-67c693a0adf9,exec_4mtf2l
MorisS-5-4,Theoretical Mathematics,primary,new_full_run,6a0d47e3-f472-4b63-a6f5-67c693a0adf9,exec_ehirox
MorisS-7-1,Arithmetic,primary,new_full_run,6a0d47e3-f472-4b63-a6f5-67c693a0adf9,exec_5oriop
MorisS-7-1,Instrument Use,primary,new_full_run,6a0d47e3-f472-4b63-a6f5-67c693a0adf9,exec_5oriop
MorisS-8-2,Perspective,primary,new_full_run,6a0d47e3-f472-4b63-a6f5-67c693a0adf9,exec_29u7uo
MorisS-8-3,Theoretical Mathematics,primary,new_full_run,6a0d47e3-f472-4b63-a6f5-67c693a0adf9,exec_icejpn
MorisS-9-3,Astronomy,unknown,new_full_run,6a0d47e3-f472-4b63-a6f5-67c693a0adf9,exec_g9b1xw
MorisS-9-3,Instrument Construction,unknown,new_full_run,6a0d47e3-f472-4b63-a6f5-67c693a0adf9,exec_g9b1xw
MorisS-9-3,Instrument Use,unknown,new_full_run,6a0d47e3-f472-4b63-a6f5-67c693a0adf9,exec_g9b1xw
MorisS-9-3,Theoretical Mathematics,primary,new_full_run,6a0d47e3-f472-4b63-a6f5-67c693a0adf9,exec_g9b1xw
N000JX,Arithmetic,primary,old_155_handoff,final_hybrid_v1_2026_06_03,final_hybrid_handoff
N000JX,Astronomy,primary,old_155_handoff,final_hybrid_v1_2026_06_03,final_hybrid_handoff
N000JX,Instrument Use,unknown,old_155_handoff,final_hybrid_v1_2026_06_03,final_hybrid_handoff
N000JX,Music Theory,primary,old_155_handoff,final_hybrid_v1_2026_06_03,final_hybrid_handoff
N000JX,Practical Geometry,unknown,old_155_handoff,final_hybrid_v1_2026_06_03,final_hybrid_handoff
N61RR8,Perspective,primary,new_full_run,6a0d47e3-f472-4b63-a6f5-67c693a0adf9,exec_528qfm
NYJL4C,Arithmetic,primary,new_full_run,6a0d47e3-f472-4b63-a6f5-67c693a0adf9,exec_qg6yhl
NYJL4C,Instrument Construction,unknown,new_full_run,6a0d47e3-f472-4b63-a6f5-67c693a0adf9,exec_qg6yhl
NYJL4C,Instrument Use,primary,new_full_run,6a0d47e3-f472-4b63-a6f5-67c693a0adf9,exec_qg6yhl
Naples_1702,Theoretical Mathematics,primary,new_full_run,6a0d47e3-f472-4b63-a6f5-67c693a0adf9,exec_e3bd47
Nuremberg_1539,Architecture,secondary,old_155_handoff,final_hybrid_v1_2026_06_03,final_hybrid_handoff
Nuremberg_1539,Instrument Use,secondary,old_155_handoff,final_hybrid_v1_2026_06_03,final_hybrid_handoff
Nuremberg_1539,Practical Geometry,primary,old_155_handoff,final_hybrid_v1_2026_06_03,final_hybrid_handoff
Nuremberg_1625,Instrument Use,secondary,new_full_run,6a0d47e3-f472-4b63-a6f5-67c693a0adf9,exec_jb29eh
Nuremberg_1625,Practical Geometry,primary,new_full_run,6a0d47e3-f472-4b63-a6f5-67c693a0adf9,exec_jb29eh
OGXS5A,Theoretical Mathematics,primary,new_full_run,6a0d47e3-f472-4b63-a6f5-67c693a0adf9,exec_z00gb7
OGXS5A,Trigonometry,primary,new_full_run,6a0d47e3-f472-4b63-a6f5-67c693a0adf9,exec_z00gb7
OQBIL8,Architecture,secondary,new_full_run,6a0d47e3-f472-4b63-a6f5-67c693a0adf9,exec_9es8iv
OQBIL8,Instrument Use,secondary,new_full_run,6a0d47e3-f472-4b63-a6f5-67c693a0adf9,exec_9es8iv
OQBIL8,Perspective,primary,new_full_run,6a0d47e3-f472-4b63-a6f5-67c693a0adf9,exec_9es8iv
OQBIL8,Practical Geometry,unknown,new_full_run,6a0d47e3-f472-4b63-a6f5-67c693a0adf9,exec_9es8iv
OQE4ZD,Instrument Construction,unknown,new_full_run,6a0d47e3-f472-4b63-a6f5-67c693a0adf9,exec_m6dc4s
OQE4ZD,Instrument Use,secondary,new_full_run,6a0d47e3-f472-4b63-a6f5-67c693a0adf9,exec_m6dc4s
OQE4ZD,Perspective,primary,new_full_run,6a0d47e3-f472-4b63-a6f5-67c693a0adf9,exec_m6dc4s
OQE4ZD,Practical Geometry,unknown,new_full_run,6a0d47e3-f472-4b63-a6f5-67c693a0adf9,exec_m6dc4s
OT231L,Perspective,primary,new_full_run,6a0d47e3-f472-4b63-a6f5-67c693a0adf9,exec_zuk6gd
Osnabrück_1676,Theoretical Mathematics,primary,new_full_run,6a0d47e3-f472-4b63-a6f5-67c693a0adf9,exec_mp9589
Oxford_1703,Astronomy,secondary,new_full_run,6a0d47e3-f472-4b63-a6f5-67c693a0adf9,exec_1yw50a
Oxford_1703,Mechanics,secondary,new_full_run,6a0d47e3-f472-4b63-a6f5-67c693a0adf9,exec_1yw50a
Oxford_1703,Music Theory,secondary,new_full_run,6a0d47e3-f472-4b63-a6f5-67c693a0adf9,exec_1yw50a
Oxford_1703,Theoretical Mathematics,primary,new_full_run,6a0d47e3-f472-4b63-a6f5-67c693a0adf9,exec_1yw50a
Oxford_1705,Theoretical Mathematics,primary,new_full_run,6a0d47e3-f472-4b63-a6f5-67c693a0adf9,exec_k6ot83
P3JCQH,Arithmetic,primary,new_full_run,6a0d47e3-f472-4b63-a6f5-67c693a0adf9,exec_aquvjx
P3JCQH,Commercial Mathematics,unknown,new_full_run,6a0d47e3-f472-4b63-a6f5-67c693a0adf9,exec_aquvjx
Padua_1694,Trigonometry,primary,new_full_run,6a0d47e3-f472-4b63-a6f5-67c693a0adf9,exec_pcfoz1
Paris_1500,Astronomy,primary,new_full_run,6a0d47e3-f472-4b63-a6f5-67c693a0adf9,exec_gyn47q
Paris_1500,Instrument Use,secondary,new_full_run,6a0d47e3-f472-4b63-a6f5-67c693a0adf9,exec_gyn47q
Paris_1507,Astronomy,primary,new_full_run,6a0d47e3-f472-4b63-a6f5-67c693a0adf9,exec_d5h58b
Paris_1507,Gnomonics & Horology,unknown,new_full_run,6a0d47e3-f472-4b63-a6f5-67c693a0adf9,exec_d5h58b
Paris_1507,Instrument Construction,secondary,new_full_run,6a0d47e3-f472-4b63-a6f5-67c693a0adf9,exec_d5h58b
Paris_1507,Instrument Use,unknown,new_full_run,6a0d47e3-f472-4b63-a6f5-67c693a0adf9,exec_d5h58b
Paris_1507,Theoretical Mathematics,secondary,new_full_run,6a0d47e3-f472-4b63-a6f5-67c693a0adf9,exec_d5h58b
Paris_1511,Astronomy,primary,new_full_run,6a0d47e3-f472-4b63-a6f5-67c693a0adf9,exec_4gh5u9
Paris_1511,Instrument Construction,secondary,new_full_run,6a0d47e3-f472-4b63-a6f5-67c693a0adf9,exec_4gh5u9
Paris_1511,Theoretical Mathematics,secondary,new_full_run,6a0d47e3-f472-4b63-a6f5-67c693a0adf9,exec_4gh5u9
Paris_1516,Theoretical Mathematics,primary,new_full_run,6a0d47e3-f472-4b63-a6f5-67c693a0adf9,exec_8jldcp
Paris_1516a,Astronomy,primary,new_full_run,6a0d47e3-f472-4b63-a6f5-67c693a0adf9,exec_eazt1y
Paris_1516a,Gnomonics & Horology,primary,new_full_run,6a0d47e3-f472-4b63-a6f5-67c693a0adf9,exec_eazt1y
Paris_1516a,Instrument Construction,primary,new_full_run,6a0d47e3-f472-4b63-a6f5-67c693a0adf9,exec_eazt1y
Paris_1516a,Theoretical Mathematics,primary,new_full_run,6a0d47e3-f472-4b63-a6f5-67c693a0adf9,exec_eazt1y
Paris_1521,Astronomy,primary,new_full_run,6a0d47e3-f472-4b63-a6f5-67c693a0adf9,exec_sw59uc
Paris_1521,Instrument Construction,primary,new_full_run,6a0d47e3-f472-4b63-a6f5-67c693a0adf9,exec_sw59uc
Paris_1521,Theoretical Mathematics,secondary,new_full_run,6a0d47e3-f472-4b63-a6f5-67c693a0adf9,exec_sw59uc
Paris_1527,Astronomy,primary,new_full_run,6a0d47e3-f472-4b63-a6f5-67c693a0adf9,exec_8nq8q4
Paris_1527,Instrument Construction,secondary,new_full_run,6a0d47e3-f472-4b63-a6f5-67c693a0adf9,exec_8nq8q4
Paris_1527,Theoretical Mathematics,secondary,new_full_run,6a0d47e3-f472-4b63-a6f5-67c693a0adf9,exec_8nq8q4
Paris_1532,Architecture,unknown,old_155_handoff,final_hybrid_v1_2026_06_03,final_hybrid_handoff
Paris_1532,Instrument Use,unknown,old_155_handoff,final_hybrid_v1_2026_06_03,final_hybrid_handoff
Paris_1532,Practical Geometry,primary,old_155_handoff,final_hybrid_v1_2026_06_03,final_hybrid_handoff
Paris_1538,Astronomy,primary,new_full_run,6a0d47e3-f472-4b63-a6f5-67c693a0adf9,exec_b249wd
Paris_1538,Instrument Construction,secondary,new_full_run,6a0d47e3-f472-4b63-a6f5-67c693a0adf9,exec_b249wd
Paris_1538,Theoretical Mathematics,secondary,new_full_run,6a0d47e3-f472-4b63-a6f5-67c693a0adf9,exec_b249wd
Paris_1544,Theoretical Mathematics,primary,new_full_run,6a0d47e3-f472-4b63-a6f5-67c693a0adf9,exec_4zacnf
Paris_1549,Theoretical Mathematics,primary,new_full_run,6a0d47e3-f472-4b63-a6f5-67c693a0adf9,exec_wmg5fh
Paris_1551a,Theoretical Mathematics,primary,new_full_run,6a0d47e3-f472-4b63-a6f5-67c693a0adf9,exec_0vld92
Paris_1552,Theoretical Mathematics,primary,new_full_run,6a0d47e3-f472-4b63-a6f5-67c693a0adf9,exec_vn9ols
Paris_1557,Theoretical Mathematics,primary,new_full_run,6a0d47e3-f472-4b63-a6f5-67c693a0adf9,exec_uo9kw3
Paris_1557a,Theoretical Mathematics,primary,new_full_run,6a0d47e3-f472-4b63-a6f5-67c693a0adf9,exec_qorqfw
Paris_1557b,Music Theory,primary,new_full_run,6a0d47e3-f472-4b63-a6f5-67c693a0adf9,exec_ba0oix
Paris_1557b,Theoretical Mathematics,secondary,new_full_run,6a0d47e3-f472-4b63-a6f5-67c693a0adf9,exec_ba0oix
Paris_1558,Theoretical Mathematics,primary,new_full_run,6a0d47e3-f472-4b63-a6f5-67c693a0adf9,exec_fa5bmn
Paris_1565,Theoretical Mathematics,primary,new_full_run,6a0d47e3-f472-4b63-a6f5-67c693a0adf9,exec_89xk7t
Paris_1566,Theoretical Mathematics,primary,new_full_run,6a0d47e3-f472-4b63-a6f5-67c693a0adf9,exec_owreuj
Paris_1566a,Theoretical Mathematics,primary,new_full_run,6a0d47e3-f472-4b63-a6f5-67c693a0adf9,exec_3fapxl
Paris_1566b,Music Theory,primary,new_full_run,6a0d47e3-f472-4b63-a6f5-67c693a0adf9,exec_jla8jp
Paris_1578,Theoretical Mathematics,primary,new_full_run,6a0d47e3-f472-4b63-a6f5-67c693a0adf9,exec_hibqgd
Paris_1604,Perspective,secondary,new_full_run,6a0d47e3-f472-4b63-a6f5-67c693a0adf9,exec_b3ccuu
Paris_1604,Theoretical Mathematics,primary,new_full_run,6a0d47e3-f472-4b63-a6f5-67c693a0adf9,exec_b3ccuu
Paris_1605,Theoretical Mathematics,primary,new_full_run,6a0d47e3-f472-4b63-a6f5-67c693a0adf9,exec_9itarp
Paris_1609,Theoretical Mathematics,primary,new_full_run,6a0d47e3-f472-4b63-a6f5-67c693a0adf9,exec_ykunh8
Paris_1610,Theoretical Mathematics,primary,new_full_run,6a0d47e3-f472-4b63-a6f5-67c693a0adf9,exec_kaffcn
Paris_1612,Theoretical Mathematics,primary,new_full_run,6a0d47e3-f472-4b63-a6f5-67c693a0adf9,exec_i6mqsk
Paris_1615,Theoretical Mathematics,primary,new_full_run,6a0d47e3-f472-4b63-a6f5-67c693a0adf9,exec_nmhgms
Paris_1623,Theoretical Mathematics,primary,new_full_run,6a0d47e3-f472-4b63-a6f5-67c693a0adf9,exec_gdjqc0
Paris_1624,Military Engineering,secondary,new_full_run,6a0d47e3-f472-4b63-a6f5-67c693a0adf9,exec_qeip9y
Paris_1624,Theoretical Mathematics,unknown,new_full_run,6a0d47e3-f472-4b63-a6f5-67c693a0adf9,exec_qeip9y
Paris_1625,Theoretical Mathematics,primary,new_full_run,6a0d47e3-f472-4b63-a6f5-67c693a0adf9,exec_7rtl3w
Paris_1626,Construction,secondary,new_full_run,6a0d47e3-f472-4b63-a6f5-67c693a0adf9,exec_wezq1e
Paris_1626,Military Engineering,primary,new_full_run,6a0d47e3-f472-4b63-a6f5-67c693a0adf9,exec_wezq1e
Paris_1626,Practical Geometry,unknown,new_full_run,6a0d47e3-f472-4b63-a6f5-67c693a0adf9,exec_wezq1e
Paris_1626,Theoretical Mathematics,primary,new_full_run,6a0d47e3-f472-4b63-a6f5-67c693a0adf9,exec_wezq1e
Paris_1626a,Astronomy,unknown,new_full_run,6a0d47e3-f472-4b63-a6f5-67c693a0adf9,exec_g0bpbe
Paris_1626a,Theoretical Mathematics,primary,new_full_run,6a0d47e3-f472-4b63-a6f5-67c693a0adf9,exec_g0bpbe
Paris_1626b,Astronomy,primary,new_full_run,6a0d47e3-f472-4b63-a6f5-67c693a0adf9,exec_t9fg0e
Paris_1626b,Theoretical Mathematics,primary,new_full_run,6a0d47e3-f472-4b63-a6f5-67c693a0adf9,exec_t9fg0e
Paris_1626b,Trigonometry,unknown,new_full_run,6a0d47e3-f472-4b63-a6f5-67c693a0adf9,exec_t9fg0e
Paris_1632,Theoretical Mathematics,primary,new_full_run,6a0d47e3-f472-4b63-a6f5-67c693a0adf9,exec_k5vvt2
Paris_1634,Theoretical Mathematics,primary,new_full_run,6a0d47e3-f472-4b63-a6f5-67c693a0adf9,exec_x06jpu
Paris_1640,Theoretical Mathematics,primary,new_full_run,6a0d47e3-f472-4b63-a6f5-67c693a0adf9,exec_z5m1d3
Paris_1644,Theoretical Mathematics,primary,new_full_run,6a0d47e3-f472-4b63-a6f5-67c693a0adf9,exec_kd8zei
Paris_1644b,Theoretical Mathematics,primary,new_full_run,6a0d47e3-f472-4b63-a6f5-67c693a0adf9,exec_zi0dna
Paris_1644c,Astronomy,primary,new_full_run,6a0d47e3-f472-4b63-a6f5-67c693a0adf9,exec_6mfy1k
Paris_1644c,Practical Geometry,unknown,new_full_run,6a0d47e3-f472-4b63-a6f5-67c693a0adf9,exec_6mfy1k
Paris_1644c,Theoretical Mathematics,primary,new_full_run,6a0d47e3-f472-4b63-a6f5-67c693a0adf9,exec_6mfy1k
Paris_1652,Military Engineering,secondary,new_full_run,6a0d47e3-f472-4b63-a6f5-67c693a0adf9,exec_3nbnjp
Paris_1652,Theoretical Mathematics,primary,new_full_run,6a0d47e3-f472-4b63-a6f5-67c693a0adf9,exec_3nbnjp
Paris_1661,Geography,unknown,new_full_run,6a0d47e3-f472-4b63-a6f5-67c693a0adf9,exec_6j536y
Paris_1661,Instrument Use,primary,new_full_run,6a0d47e3-f472-4b63-a6f5-67c693a0adf9,exec_6j536y
Paris_1661,Military Engineering,primary,new_full_run,6a0d47e3-f472-4b63-a6f5-67c693a0adf9,exec_6j536y
Paris_1661,Practical Geometry,primary,new_full_run,6a0d47e3-f472-4b63-a6f5-67c693a0adf9,exec_6j536y
Paris_1661,Surveying,primary,new_full_run,6a0d47e3-f472-4b63-a6f5-67c693a0adf9,exec_6j536y
Paris_1661,Trigonometry,primary,new_full_run,6a0d47e3-f472-4b63-a6f5-67c693a0adf9,exec_6j536y
Paris_1667,Theoretical Mathematics,primary,new_full_run,6a0d47e3-f472-4b63-a6f5-67c693a0adf9,exec_jqbseb
Paris_1675,Theoretical Mathematics,primary,new_full_run,6a0d47e3-f472-4b63-a6f5-67c693a0adf9,exec_60q8wu
Paris_1677a,Theoretical Mathematics,unknown,new_full_run,6a0d47e3-f472-4b63-a6f5-67c693a0adf9,exec_tohlvd
Paris_1685,Practical Geometry,unknown,new_full_run,6a0d47e3-f472-4b63-a6f5-67c693a0adf9,exec_icy5o7
Paris_1689,Theoretical Mathematics,primary,new_full_run,6a0d47e3-f472-4b63-a6f5-67c693a0adf9,exec_jekbfn
Paris_1693,Theoretical Mathematics,primary,new_full_run,6a0d47e3-f472-4b63-a6f5-67c693a0adf9,exec_qy60jr
Paris_1695,Practical Geometry,unknown,new_full_run,6a0d47e3-f472-4b63-a6f5-67c693a0adf9,exec_75qa4d
Paris_1695,Theoretical Mathematics,primary,new_full_run,6a0d47e3-f472-4b63-a6f5-67c693a0adf9,exec_75qa4d
Paris_1739,Practical Geometry,primary,new_full_run,6a0d47e3-f472-4b63-a6f5-67c693a0adf9,exec_ujt0t4
Paris_1739,Surveying,secondary,new_full_run,6a0d47e3-f472-4b63-a6f5-67c693a0adf9,exec_ujt0t4
Paris_1739,Theoretical Mathematics,secondary,new_full_run,6a0d47e3-f472-4b63-a6f5-67c693a0adf9,exec_ujt0t4
Paris_1739,Trigonometry,primary,new_full_run,6a0d47e3-f472-4b63-a6f5-67c693a0adf9,exec_ujt0t4
Paris_1814,Theoretical Mathematics,primary,new_full_run,6a0d47e3-f472-4b63-a6f5-67c693a0adf9,exec_6u1m6s
Pesaro_1572,Theoretical Mathematics,primary,new_full_run,6a0d47e3-f472-4b63-a6f5-67c693a0adf9,exec_njmlts
Pesaro_1619,Theoretical Mathematics,primary,new_full_run,6a0d47e3-f472-4b63-a6f5-67c693a0adf9,exec_ech01s
Q4F538,Architecture,secondary,old_155_handoff,final_hybrid_v1_2026_06_03,final_hybrid_handoff
Q4F538,Perspective,primary,old_155_handoff,final_hybrid_v1_2026_06_03,final_hybrid_handoff
Q4F538,Practical Geometry,primary,old_155_handoff,final_hybrid_v1_2026_06_03,final_hybrid_handoff
QR4DDA,Architecture,unknown,new_full_run,6a0d47e3-f472-4b63-a6f5-67c693a0adf9,exec_pd88wn
QR4DDA,Perspective,unknown,new_full_run,6a0d47e3-f472-4b63-a6f5-67c693a0adf9,exec_pd88wn
QR4DDA,Practical Geometry,unknown,new_full_run,6a0d47e3-f472-4b63-a6f5-67c693a0adf9,exec_pd88wn
QR4DDA,Theoretical Mathematics,primary,new_full_run,6a0d47e3-f472-4b63-a6f5-67c693a0adf9,exec_pd88wn
QWCWLH,Architecture,primary,old_155_handoff,final_hybrid_v1_2026_06_03,final_hybrid_handoff
RH6KEE,Construction,secondary,new_full_run,6a0d47e3-f472-4b63-a6f5-67c693a0adf9,exec_e4er8c
RH6KEE,Military Engineering,primary,new_full_run,6a0d47e3-f472-4b63-a6f5-67c693a0adf9,exec_e4er8c
RSEIPO,Theoretical Mathematics,primary,new_full_run,6a0d47e3-f472-4b63-a6f5-67c693a0adf9,exec_zmvcjc
Rome_1545,Theoretical Mathematics,primary,new_full_run,6a0d47e3-f472-4b63-a6f5-67c693a0adf9,exec_3a0393
Rome_1545a,Theoretical Mathematics,primary,new_full_run,6a0d47e3-f472-4b63-a6f5-67c693a0adf9,exec_20g55d
Rome_1589,Theoretical Mathematics,primary,new_full_run,6a0d47e3-f472-4b63-a6f5-67c693a0adf9,exec_1ysmbe
Rome_1591,Astronomy,primary,new_full_run,6a0d47e3-f472-4b63-a6f5-67c693a0adf9,exec_5cfqqu
Rome_1593,Music Theory,unknown,new_full_run,6a0d47e3-f472-4b63-a6f5-67c693a0adf9,exec_68ly9u
Rome_1593,Theoretical Mathematics,primary,new_full_run,6a0d47e3-f472-4b63-a6f5-67c693a0adf9,exec_68ly9u
Rome_1603,Theoretical Mathematics,primary,new_full_run,6a0d47e3-f472-4b63-a6f5-67c693a0adf9,exec_rreph0
Rome_1609,Astronomy,primary,new_full_run,6a0d47e3-f472-4b63-a6f5-67c693a0adf9,exec_zxxj8p
Rome_1609,Theoretical Mathematics,primary,new_full_run,6a0d47e3-f472-4b63-a6f5-67c693a0adf9,exec_zxxj8p
Rome_1629,Theoretical Mathematics,unknown,new_full_run,6a0d47e3-f472-4b63-a6f5-67c693a0adf9,exec_v6d43v
Rome_1679,Theoretical Mathematics,primary,new_full_run,6a0d47e3-f472-4b63-a6f5-67c693a0adf9,exec_x2dxtc
Rome_1680,Theoretical Mathematics,primary,new_full_run,6a0d47e3-f472-4b63-a6f5-67c693a0adf9,exec_u1t5nm
Rome_1695,Arithmetic,secondary,new_full_run,6a0d47e3-f472-4b63-a6f5-67c693a0adf9,exec_3jzabd
Rome_1695,Theoretical Mathematics,primary,new_full_run,6a0d47e3-f472-4b63-a6f5-67c693a0adf9,exec_3jzabd
Rotterdam_1632,Practical Geometry,primary,new_full_run,6a0d47e3-f472-4b63-a6f5-67c693a0adf9,exec_38nry8
Rotterdam_1647,Practical Geometry,secondary,new_full_run,6a0d47e3-f472-4b63-a6f5-67c693a0adf9,exec_o7zp9y
Rotterdam_1661,Practical Geometry,secondary,new_full_run,6a0d47e3-f472-4b63-a6f5-67c693a0adf9,exec_rfhml4
Rotterdam_1661,Theoretical Mathematics,primary,new_full_run,6a0d47e3-f472-4b63-a6f5-67c693a0adf9,exec_rfhml4
Rotterdam_1681,Practical Geometry,secondary,new_full_run,6a0d47e3-f472-4b63-a6f5-67c693a0adf9,exec_em3xdx
Rouen_1676,Theoretical Mathematics,primary,new_full_run,6a0d47e3-f472-4b63-a6f5-67c693a0adf9,exec_wea98l
Rouen_and_Paris_1677,Theoretical Mathematics,primary,new_full_run,6a0d47e3-f472-4b63-a6f5-67c693a0adf9,exec_71qane
Rouen_and_Paris_1683,Theoretical Mathematics,unknown,new_full_run,6a0d47e3-f472-4b63-a6f5-67c693a0adf9,exec_p0u0n6
Rouen_and_Paris_1685,Theoretical Mathematics,primary,new_full_run,6a0d47e3-f472-4b63-a6f5-67c693a0adf9,exec_kf66vn
S105XB,Instrument Use,primary,old_155_handoff,final_hybrid_v1_2026_06_03,final_hybrid_handoff
S105XB,Perspective,primary,old_155_handoff,final_hybrid_v1_2026_06_03,final_hybrid_handoff
S105XB,Practical Geometry,primary,old_155_handoff,final_hybrid_v1_2026_06_03,final_hybrid_handoff
Seville_1576,Theoretical Mathematics,primary,new_full_run,6a0d47e3-f472-4b63-a6f5-67c693a0adf9,exec_ybujtm
Strasbourg_1529,Practical Geometry,unknown,old_155_handoff,final_hybrid_v1_2026_06_03,final_hybrid_handoff
Strasbourg_1557,Theoretical Mathematics,primary,new_full_run,6a0d47e3-f472-4b63-a6f5-67c693a0adf9,exec_e8nqfn
Strasbourg_1564,Theoretical Mathematics,primary,new_full_run,6a0d47e3-f472-4b63-a6f5-67c693a0adf9,exec_l1glwb
Strasbourg_1564a,Arithmetic,secondary,new_full_run,6a0d47e3-f472-4b63-a6f5-67c693a0adf9,exec_l4y9df
Strasbourg_1564a,Theoretical Mathematics,primary,new_full_run,6a0d47e3-f472-4b63-a6f5-67c693a0adf9,exec_l4y9df
Strasbourg_1566,Theoretical Mathematics,secondary,new_full_run,6a0d47e3-f472-4b63-a6f5-67c693a0adf9,exec_b21oky
Strasbourg_1570,Theoretical Mathematics,primary,new_full_run,6a0d47e3-f472-4b63-a6f5-67c693a0adf9,exec_r4b7r1
Strasbourg_1570a,Astronomy,primary,new_full_run,6a0d47e3-f472-4b63-a6f5-67c693a0adf9,exec_rpg84a
Strasbourg_1570a,Music Theory,primary,new_full_run,6a0d47e3-f472-4b63-a6f5-67c693a0adf9,exec_rpg84a
Strasbourg_1570a,Perspective,primary,new_full_run,6a0d47e3-f472-4b63-a6f5-67c693a0adf9,exec_rpg84a
Strasbourg_1571,Theoretical Mathematics,primary,new_full_run,6a0d47e3-f472-4b63-a6f5-67c693a0adf9,exec_1nit3a
Strasbourg_1571a,Astronomy,secondary,new_full_run,6a0d47e3-f472-4b63-a6f5-67c693a0adf9,exec_rncwko
Strasbourg_1571a,Music Theory,secondary,new_full_run,6a0d47e3-f472-4b63-a6f5-67c693a0adf9,exec_rncwko
Strasbourg_1571a,Theoretical Mathematics,primary,new_full_run,6a0d47e3-f472-4b63-a6f5-67c693a0adf9,exec_rncwko
Strasbourg_1572,Astronomy,primary,new_full_run,6a0d47e3-f472-4b63-a6f5-67c693a0adf9,exec_ppzu78
Strasbourg_1572,Theoretical Mathematics,primary,new_full_run,6a0d47e3-f472-4b63-a6f5-67c693a0adf9,exec_ppzu78
Strasbourg_1599,Theoretical Mathematics,primary,new_full_run,6a0d47e3-f472-4b63-a6f5-67c693a0adf9,exec_vj1ctg
Strasbourg_1625,Arithmetic,primary,new_full_run,6a0d47e3-f472-4b63-a6f5-67c693a0adf9,exec_18wm3a
Strasbourg_1625,Astronomy,primary,new_full_run,6a0d47e3-f472-4b63-a6f5-67c693a0adf9,exec_18wm3a
Strasbourg_1625,Geography,primary,new_full_run,6a0d47e3-f472-4b63-a6f5-67c693a0adf9,exec_18wm3a
T4DFPF,Astronomy,secondary,new_full_run,6a0d47e3-f472-4b63-a6f5-67c693a0adf9,exec_cs76sr
T4DFPF,Theoretical Mathematics,primary,new_full_run,6a0d47e3-f472-4b63-a6f5-67c693a0adf9,exec_cs76sr
TJONV6,Arithmetic,primary,old_155_handoff,final_hybrid_v1_2026_06_03,final_hybrid_handoff
TMVVZN,Practical Geometry,unknown,old_155_handoff,final_hybrid_v1_2026_06_03,final_hybrid_handoff
The_Hague_1758,Theoretical Mathematics,primary,new_full_run,6a0d47e3-f472-4b63-a6f5-67c693a0adf9,exec_d4npam
Tours_1593,Theoretical Mathematics,primary,old_155_handoff,final_hybrid_v1_2026_06_03,final_hybrid_handoff
Turin_1671,Theoretical Mathematics,primary,new_full_run,6a0d47e3-f472-4b63-a6f5-67c693a0adf9,exec_07e8dy
UEIZFO,Arithmetic,primary,old_155_handoff,final_hybrid_v1_2026_06_03,final_hybrid_handoff
UOH868,Perspective,primary,new_full_run,6a0d47e3-f472-4b63-a6f5-67c693a0adf9,exec_pw6d8n
UQI2BV,Theoretical Mathematics,primary,new_full_run,6a0d47e3-f472-4b63-a6f5-67c693a0adf9,exec_shqw5t
UX662Y,Perspective,primary,new_full_run,6a0d47e3-f472-4b63-a6f5-67c693a0adf9,exec_zzlqpq
UX662Y,Practical Geometry,secondary,new_full_run,6a0d47e3-f472-4b63-a6f5-67c693a0adf9,exec_zzlqpq
Uppsala_1642,Theoretical Mathematics,primary,new_full_run,6a0d47e3-f472-4b63-a6f5-67c693a0adf9,exec_oma822
Uppsala_1741,Theoretical Mathematics,primary,new_full_run,6a0d47e3-f472-4b63-a6f5-67c693a0adf9,exec_3pg356
Uppsala_1744,Theoretical Mathematics,primary,new_full_run,6a0d47e3-f472-4b63-a6f5-67c693a0adf9,exec_imsjsk
Urbino_1575,Theoretical Mathematics,primary,new_full_run,6a0d47e3-f472-4b63-a6f5-67c693a0adf9,exec_de8eo9
Utrecht_n.d,Arithmetic,primary,new_full_run,6a0d47e3-f472-4b63-a6f5-67c693a0adf9,exec_mrpjis
Utrecht_n.d,Theoretical Mathematics,primary,new_full_run,6a0d47e3-f472-4b63-a6f5-67c693a0adf9,exec_mrpjis
VQDBOK,Mechanics,primary,new_full_run,6a0d47e3-f472-4b63-a6f5-67c693a0adf9,exec_l8buxj
VQDBOK,Practical Geometry,unknown,new_full_run,6a0d47e3-f472-4b63-a6f5-67c693a0adf9,exec_l8buxj
VQDBOK,Theoretical Mathematics,primary,new_full_run,6a0d47e3-f472-4b63-a6f5-67c693a0adf9,exec_l8buxj
VRHOHN,Architecture,primary,new_full_run,6a0d47e3-f472-4b63-a6f5-67c693a0adf9,exec_6lfxr1
VRHOHN,Construction,secondary,new_full_run,6a0d47e3-f472-4b63-a6f5-67c693a0adf9,exec_6lfxr1
VRHOHN,Instrument Use,secondary,new_full_run,6a0d47e3-f472-4b63-a6f5-67c693a0adf9,exec_6lfxr1
VRHOHN,Practical Geometry,secondary,new_full_run,6a0d47e3-f472-4b63-a6f5-67c693a0adf9,exec_6lfxr1
VT5JVX,Perspective,primary,new_full_run,6a0d47e3-f472-4b63-a6f5-67c693a0adf9,exec_8jc6d3
VWMZ7L,Arithmetic,primary,old_155_handoff,final_hybrid_v1_2026_06_03,final_hybrid_handoff
VWMZ7L,Astronomy,primary,old_155_handoff,final_hybrid_v1_2026_06_03,final_hybrid_handoff
VWMZ7L,Music Theory,primary,old_155_handoff,final_hybrid_v1_2026_06_03,final_hybrid_handoff
VWMZ7L,Practical Geometry,unknown,old_155_handoff,final_hybrid_v1_2026_06_03,final_hybrid_handoff
VWMZ7L,Theoretical Mathematics,primary,old_155_handoff,final_hybrid_v1_2026_06_03,final_hybrid_handoff
Valencia_1569,Theoretical Mathematics,primary,old_155_handoff,final_hybrid_v1_2026_06_03,final_hybrid_handoff
Valencia_1673,Theoretical Mathematics,primary,new_full_run,6a0d47e3-f472-4b63-a6f5-67c693a0adf9,exec_c8viao
Venice_1482,Theoretical Mathematics,primary,new_full_run,6a0d47e3-f472-4b63-a6f5-67c693a0adf9,exec_ym8nfj
Venice_1491,Practical Geometry,unknown,new_full_run,6a0d47e3-f472-4b63-a6f5-67c693a0adf9,exec_o42s7c
Venice_1498,Theoretical Mathematics,primary,new_full_run,6a0d47e3-f472-4b63-a6f5-67c693a0adf9,exec_0i01mj
Venice_1498a,Astronomy,secondary,new_full_run,6a0d47e3-f472-4b63-a6f5-67c693a0adf9,exec_gsv11i
Venice_1498a,Instrument Use,secondary,new_full_run,6a0d47e3-f472-4b63-a6f5-67c693a0adf9,exec_gsv11i
Venice_1498a,Music Theory,secondary,new_full_run,6a0d47e3-f472-4b63-a6f5-67c693a0adf9,exec_gsv11i
Venice_1498a,Theoretical Mathematics,primary,new_full_run,6a0d47e3-f472-4b63-a6f5-67c693a0adf9,exec_gsv11i
Venice_1505,Astronomy,secondary,new_full_run,6a0d47e3-f472-4b63-a6f5-67c693a0adf9,exec_b1o4j5
Venice_1505,Theoretical Mathematics,primary,new_full_run,6a0d47e3-f472-4b63-a6f5-67c693a0adf9,exec_b1o4j5
Venice_1565,Theoretical Mathematics,primary,new_full_run,6a0d47e3-f472-4b63-a6f5-67c693a0adf9,exec_ioyhcs
Venice_1569,Mechanics,secondary,new_full_run,6a0d47e3-f472-4b63-a6f5-67c693a0adf9,exec_7w9vdu
Venice_1575,Theoretical Mathematics,primary,new_full_run,6a0d47e3-f472-4b63-a6f5-67c693a0adf9,exec_huyjr5
Venice_1603,Music Theory,unknown,new_full_run,6a0d47e3-f472-4b63-a6f5-67c693a0adf9,exec_t5vsc2
Venice_1603,Theoretical Mathematics,primary,new_full_run,6a0d47e3-f472-4b63-a6f5-67c693a0adf9,exec_t5vsc2
Venice_1641,Theoretical Mathematics,primary,new_full_run,6a0d47e3-f472-4b63-a6f5-67c693a0adf9,exec_xv1vad
Venice_1647,Theoretical Mathematics,primary,new_full_run,6a0d47e3-f472-4b63-a6f5-67c693a0adf9,exec_xsx7fo
Vienna_1694,Practical Geometry,primary,new_full_run,6a0d47e3-f472-4b63-a6f5-67c693a0adf9,exec_udlbtg
Vienna_1694,Theoretical Mathematics,primary,new_full_run,6a0d47e3-f472-4b63-a6f5-67c693a0adf9,exec_udlbtg
WHEESV,Architecture,unknown,old_155_handoff,final_hybrid_v1_2026_06_03,final_hybrid_handoff
WHEESV,Instrument Use,unknown,old_155_handoff,final_hybrid_v1_2026_06_03,final_hybrid_handoff
WHEESV,Perspective,primary,old_155_handoff,final_hybrid_v1_2026_06_03,final_hybrid_handoff
WHEESV,Practical Geometry,unknown,old_155_handoff,final_hybrid_v1_2026_06_03,final_hybrid_handoff
WNYVAP,Trigonometry,primary,new_full_run,6a0d47e3-f472-4b63-a6f5-67c693a0adf9,exec_qf4cbo
WOQG2Q,Architecture,primary,new_full_run,6a0d47e3-f472-4b63-a6f5-67c693a0adf9,exec_hhccku
WOQG2Q,Military Engineering,primary,new_full_run,6a0d47e3-f472-4b63-a6f5-67c693a0adf9,exec_hhccku
WWE4ON,Arithmetic,primary,new_full_run,6a0d47e3-f472-4b63-a6f5-67c693a0adf9,exec_yu6t64
WWE4ON,Theoretical Mathematics,primary,new_full_run,6a0d47e3-f472-4b63-a6f5-67c693a0adf9,exec_yu6t64
Wittenberg_1564,Arithmetic,primary,new_full_run,6a0d47e3-f472-4b63-a6f5-67c693a0adf9,exec_bfggoc
Wittenberg_1564,Theoretical Mathematics,secondary,new_full_run,6a0d47e3-f472-4b63-a6f5-67c693a0adf9,exec_bfggoc
Wittenberg_1609,Theoretical Mathematics,primary,new_full_run,6a0d47e3-f472-4b63-a6f5-67c693a0adf9,exec_ppy9qy
Wittenberg_1661,Theoretical Mathematics,primary,new_full_run,6a0d47e3-f472-4b63-a6f5-67c693a0adf9,exec_26dfnp
Würzburg_1661,Mechanics,secondary,new_full_run,6a0d47e3-f472-4b63-a6f5-67c693a0adf9,exec_w039l2
Würzburg_1661,Theoretical Mathematics,unknown,new_full_run,6a0d47e3-f472-4b63-a6f5-67c693a0adf9,exec_w039l2
X2T7PY,Gnomonics & Horology,primary,old_155_handoff,final_hybrid_v1_2026_06_03,final_hybrid_handoff
X2T7PY,Instrument Construction,primary,old_155_handoff,final_hybrid_v1_2026_06_03,final_hybrid_handoff
X2T7PY,Instrument Use,primary,old_155_handoff,final_hybrid_v1_2026_06_03,final_hybrid_handoff
X2T7PY,Practical Geometry,unknown,old_155_handoff,final_hybrid_v1_2026_06_03,final_hybrid_handoff
X5YBIB,Instrument Use,primary,old_155_handoff,final_hybrid_v1_2026_06_03,final_hybrid_handoff
X5YBIB,Practical Geometry,primary,old_155_handoff,final_hybrid_v1_2026_06_03,final_hybrid_handoff
XAFNOE,Mechanics,primary,new_full_run,6a0d47e3-f472-4b63-a6f5-67c693a0adf9,exec_zx7o5x
XCQGKZ,Architecture,primary,new_full_run,6a0d47e3-f472-4b63-a6f5-67c693a0adf9,exec_zjrocx
XCQGKZ,Military Engineering,primary,new_full_run,6a0d47e3-f472-4b63-a6f5-67c693a0adf9,exec_zjrocx
XCQGKZ,Perspective,primary,new_full_run,6a0d47e3-f472-4b63-a6f5-67c693a0adf9,exec_zjrocx
XHZ2XV,Arithmetic,primary,old_155_handoff,final_hybrid_v1_2026_06_03,final_hybrid_handoff
XHZ2XV,Astronomy,unknown,old_155_handoff,final_hybrid_v1_2026_06_03,final_hybrid_handoff
XHZ2XV,Music Theory,primary,old_155_handoff,final_hybrid_v1_2026_06_03,final_hybrid_handoff
XHZ2XV,Practical Geometry,primary,old_155_handoff,final_hybrid_v1_2026_06_03,final_hybrid_handoff
XOIASP,Perspective,primary,new_full_run,6a0d47e3-f472-4b63-a6f5-67c693a0adf9,exec_vqmx31
XP5WU4,Arithmetic,primary,new_full_run,6a0d47e3-f472-4b63-a6f5-67c693a0adf9,exec_dz1vos
XP5WU4,Commercial Mathematics,unknown,new_full_run,6a0d47e3-f472-4b63-a6f5-67c693a0adf9,exec_dz1vos
XXI4KS,Architecture,unknown,old_155_handoff,final_hybrid_v1_2026_06_03,final_hybrid_handoff
XXI4KS,Perspective,primary,old_155_handoff,final_hybrid_v1_2026_06_03,final_hybrid_handoff
XXI4KS,Practical Geometry,unknown,old_155_handoff,final_hybrid_v1_2026_06_03,final_hybrid_handoff
YB32U5,Perspective,primary,new_full_run,6a0d47e3-f472-4b63-a6f5-67c693a0adf9,exec_2ddapc
YB32U5,Practical Geometry,secondary,new_full_run,6a0d47e3-f472-4b63-a6f5-67c693a0adf9,exec_2ddapc
YBCWZV,Gnomonics & Horology,primary,new_full_run,6a0d47e3-f472-4b63-a6f5-67c693a0adf9,exec_sfnb8s
YBCWZV,Instrument Construction,unknown,new_full_run,6a0d47e3-f472-4b63-a6f5-67c693a0adf9,exec_sfnb8s
YBCWZV,Instrument Use,primary,new_full_run,6a0d47e3-f472-4b63-a6f5-67c693a0adf9,exec_sfnb8s
YCXMIJ,Mechanics,primary,old_155_handoff,final_hybrid_v1_2026_06_03,final_hybrid_handoff
YCXMIJ,Practical Geometry,unknown,old_155_handoff,final_hybrid_v1_2026_06_03,final_hybrid_handoff
YPQYIR,Mechanics,primary,old_155_handoff,final_hybrid_v1_2026_06_03,final_hybrid_handoff
YQDZSW,Mechanics,primary,old_155_handoff,final_hybrid_v1_2026_06_03,final_hybrid_handoff
YSF4K5,Perspective,primary,new_full_run,6a0d47e3-f472-4b63-a6f5-67c693a0adf9,exec_m6bgn2
YUHFFF,Arithmetic,primary,new_full_run,6a0d47e3-f472-4b63-a6f5-67c693a0adf9,exec_ccxlhm
YUHFFF,Music Theory,primary,new_full_run,6a0d47e3-f472-4b63-a6f5-67c693a0adf9,exec_ccxlhm
YUHFFF,Practical Geometry,unknown,new_full_run,6a0d47e3-f472-4b63-a6f5-67c693a0adf9,exec_ccxlhm
YUHFFF,Theoretical Mathematics,primary,new_full_run,6a0d47e3-f472-4b63-a6f5-67c693a0adf9,exec_ccxlhm
Z0K13S,Astronomy,primary,old_155_handoff,final_hybrid_v1_2026_06_03,final_hybrid_handoff
Z26G13,Perspective,primary,new_full_run,6a0d47e3-f472-4b63-a6f5-67c693a0adf9,exec_8aeia5
ZGOHUR,Gnomonics & Horology,primary,old_155_handoff,final_hybrid_v1_2026_06_03,final_hybrid_handoff
ZGOHUR,Instrument Use,secondary,old_155_handoff,final_hybrid_v1_2026_06_03,final_hybrid_handoff
ZGOHUR,Practical Geometry,secondary,old_155_handoff,final_hybrid_v1_2026_06_03,final_hybrid_handoff
ZN24V0,Architecture,primary,old_155_handoff,final_hybrid_v1_2026_06_03,final_hybrid_handoff
ZN24V0,Instrument Use,unknown,old_155_handoff,final_hybrid_v1_2026_06_03,final_hybrid_handoff
ZN24V0,Perspective,primary,old_155_handoff,final_hybrid_v1_2026_06_03,final_hybrid_handoff
ZN24V0,Practical Geometry,primary,old_155_handoff,final_hybrid_v1_2026_06_03,final_hybrid_handoff
ZNLALU,Arithmetic,primary,new_full_run,6a0d47e3-f472-4b63-a6f5-67c693a0adf9,exec_5qcrd1
ZYVGSH,Theoretical Mathematics,primary,new_full_run,6a0d47e3-f472-4b63-a6f5-67c693a0adf9,exec_0vbc00
bib-1,Practical Geometry,primary,old_155_handoff,final_hybrid_v1_2026_06_03,final_hybrid_handoff
bib-10,Instrument Use,primary,old_155_handoff,final_hybrid_v1_2026_06_03,final_hybrid_handoff
bib-10,Practical Geometry,primary,old_155_handoff,final_hybrid_v1_2026_06_03,final_hybrid_handoff
bib-100,Architecture,primary,new_full_run,6a0d47e3-f472-4b63-a6f5-67c693a0adf9,exec_11hfsg
bib-100,Practical Geometry,primary,new_full_run,6a0d47e3-f472-4b63-a6f5-67c693a0adf9,exec_11hfsg
bib-103,Instrument Construction,primary,new_full_run,6a0d47e3-f472-4b63-a6f5-67c693a0adf9,exec_uqbkr3
bib-103,Instrument Use,primary,new_full_run,6a0d47e3-f472-4b63-a6f5-67c693a0adf9,exec_uqbkr3
bib-103,Mechanics,secondary,new_full_run,6a0d47e3-f472-4b63-a6f5-67c693a0adf9,exec_uqbkr3
bib-103,Practical Geometry,primary,new_full_run,6a0d47e3-f472-4b63-a6f5-67c693a0adf9,exec_uqbkr3
bib-103,Surveying,primary,new_full_run,6a0d47e3-f472-4b63-a6f5-67c693a0adf9,exec_uqbkr3
bib-105,Instrument Use,primary,old_155_handoff,final_hybrid_v1_2026_06_03,final_hybrid_handoff
bib-105,Practical Geometry,primary,old_155_handoff,final_hybrid_v1_2026_06_03,final_hybrid_handoff
bib-106,Astronomy,primary,new_full_run,6a0d47e3-f472-4b63-a6f5-67c693a0adf9,exec_24k267
bib-106,Geography,primary,new_full_run,6a0d47e3-f472-4b63-a6f5-67c693a0adf9,exec_24k267
bib-106,Navigation,secondary,new_full_run,6a0d47e3-f472-4b63-a6f5-67c693a0adf9,exec_24k267
bib-106,Theoretical Mathematics,unknown,new_full_run,6a0d47e3-f472-4b63-a6f5-67c693a0adf9,exec_24k267
bib-107,Arithmetic,primary,new_full_run,6a0d47e3-f472-4b63-a6f5-67c693a0adf9,exec_ua5s27
bib-107,Astronomy,primary,new_full_run,6a0d47e3-f472-4b63-a6f5-67c693a0adf9,exec_ua5s27
bib-107,Geography,primary,new_full_run,6a0d47e3-f472-4b63-a6f5-67c693a0adf9,exec_ua5s27
bib-107,Navigation,secondary,new_full_run,6a0d47e3-f472-4b63-a6f5-67c693a0adf9,exec_ua5s27
bib-108,Astronomy,primary,new_full_run,6a0d47e3-f472-4b63-a6f5-67c693a0adf9,exec_adwaaq
bib-108,Geography,primary,new_full_run,6a0d47e3-f472-4b63-a6f5-67c693a0adf9,exec_adwaaq
bib-108,Navigation,secondary,new_full_run,6a0d47e3-f472-4b63-a6f5-67c693a0adf9,exec_adwaaq
bib-108,Theoretical Mathematics,unknown,new_full_run,6a0d47e3-f472-4b63-a6f5-67c693a0adf9,exec_adwaaq
bib-110,Practical Geometry,primary,new_full_run,6a0d47e3-f472-4b63-a6f5-67c693a0adf9,exec_lr6ewj
bib-110,Theoretical Mathematics,secondary,new_full_run,6a0d47e3-f472-4b63-a6f5-67c693a0adf9,exec_lr6ewj
bib-111,Practical Geometry,primary,new_full_run,6a0d47e3-f472-4b63-a6f5-67c693a0adf9,exec_ivdbn2
bib-111,Surveying,unknown,new_full_run,6a0d47e3-f472-4b63-a6f5-67c693a0adf9,exec_ivdbn2
bib-111,Trigonometry,unknown,new_full_run,6a0d47e3-f472-4b63-a6f5-67c693a0adf9,exec_ivdbn2
bib-112,Practical Geometry,primary,new_full_run,6a0d47e3-f472-4b63-a6f5-67c693a0adf9,exec_aw2gnt
bib-113,Theoretical Mathematics,unknown,new_full_run,6a0d47e3-f472-4b63-a6f5-67c693a0adf9,exec_jn72kd
bib-114,Navigation,unknown,new_full_run,6a0d47e3-f472-4b63-a6f5-67c693a0adf9,exec_1451bk
bib-114,Practical Geometry,primary,new_full_run,6a0d47e3-f472-4b63-a6f5-67c693a0adf9,exec_1451bk
bib-114,Trigonometry,secondary,new_full_run,6a0d47e3-f472-4b63-a6f5-67c693a0adf9,exec_1451bk
bib-115,Architecture,secondary,new_full_run,6a0d47e3-f472-4b63-a6f5-67c693a0adf9,exec_4dzdsm
bib-115,Arithmetic,primary,new_full_run,6a0d47e3-f472-4b63-a6f5-67c693a0adf9,exec_4dzdsm
bib-115,Astronomy,primary,new_full_run,6a0d47e3-f472-4b63-a6f5-67c693a0adf9,exec_4dzdsm
bib-115,Cosmography,primary,new_full_run,6a0d47e3-f472-4b63-a6f5-67c693a0adf9,exec_4dzdsm
bib-115,Instrument Construction,primary,new_full_run,6a0d47e3-f472-4b63-a6f5-67c693a0adf9,exec_4dzdsm
bib-115,Instrument Use,primary,new_full_run,6a0d47e3-f472-4b63-a6f5-67c693a0adf9,exec_4dzdsm
bib-115,Military Engineering,secondary,new_full_run,6a0d47e3-f472-4b63-a6f5-67c693a0adf9,exec_4dzdsm
bib-115,Navigation,primary,new_full_run,6a0d47e3-f472-4b63-a6f5-67c693a0adf9,exec_4dzdsm
bib-115,Practical Geometry,primary,new_full_run,6a0d47e3-f472-4b63-a6f5-67c693a0adf9,exec_4dzdsm
bib-115,Surveying,secondary,new_full_run,6a0d47e3-f472-4b63-a6f5-67c693a0adf9,exec_4dzdsm
bib-115,Theoretical Mathematics,primary,new_full_run,6a0d47e3-f472-4b63-a6f5-67c693a0adf9,exec_4dzdsm
bib-115,Trigonometry,primary,new_full_run,6a0d47e3-f472-4b63-a6f5-67c693a0adf9,exec_4dzdsm
bib-116,Practical Geometry,primary,new_full_run,6a0d47e3-f472-4b63-a6f5-67c693a0adf9,exec_b02rd8
bib-116,Surveying,unknown,new_full_run,6a0d47e3-f472-4b63-a6f5-67c693a0adf9,exec_b02rd8
bib-117,Architecture,primary,new_full_run,6a0d47e3-f472-4b63-a6f5-67c693a0adf9,exec_qrp2ig
bib-117,Military Engineering,primary,new_full_run,6a0d47e3-f472-4b63-a6f5-67c693a0adf9,exec_qrp2ig
bib-117,Perspective,primary,new_full_run,6a0d47e3-f472-4b63-a6f5-67c693a0adf9,exec_qrp2ig
bib-119,Arithmetic,primary,new_full_run,6a0d47e3-f472-4b63-a6f5-67c693a0adf9,exec_lxobgg
bib-119,Construction,secondary,new_full_run,6a0d47e3-f472-4b63-a6f5-67c693a0adf9,exec_lxobgg
bib-119,Instrument Construction,unknown,new_full_run,6a0d47e3-f472-4b63-a6f5-67c693a0adf9,exec_lxobgg
bib-119,Instrument Use,secondary,new_full_run,6a0d47e3-f472-4b63-a6f5-67c693a0adf9,exec_lxobgg
bib-119,Military Engineering,primary,new_full_run,6a0d47e3-f472-4b63-a6f5-67c693a0adf9,exec_lxobgg
bib-119,Practical Geometry,primary,new_full_run,6a0d47e3-f472-4b63-a6f5-67c693a0adf9,exec_lxobgg
bib-119,Surveying,primary,new_full_run,6a0d47e3-f472-4b63-a6f5-67c693a0adf9,exec_lxobgg
bib-12,Architecture,primary,new_full_run,6a0d47e3-f472-4b63-a6f5-67c693a0adf9,exec_3zl19o
bib-12,Construction,primary,new_full_run,6a0d47e3-f472-4b63-a6f5-67c693a0adf9,exec_3zl19o
bib-12,Military Engineering,primary,new_full_run,6a0d47e3-f472-4b63-a6f5-67c693a0adf9,exec_3zl19o
bib-12,Perspective,primary,new_full_run,6a0d47e3-f472-4b63-a6f5-67c693a0adf9,exec_3zl19o
bib-120,Arithmetic,primary,new_full_run,6a0d47e3-f472-4b63-a6f5-67c693a0adf9,exec_r1splx
bib-120,Theoretical Mathematics,primary,new_full_run,6a0d47e3-f472-4b63-a6f5-67c693a0adf9,exec_r1splx
bib-122,Practical Geometry,unknown,new_full_run,6a0d47e3-f472-4b63-a6f5-67c693a0adf9,exec_vrfrhw
bib-122,Theoretical Mathematics,unknown,new_full_run,6a0d47e3-f472-4b63-a6f5-67c693a0adf9,exec_vrfrhw
bib-123,Architecture,unknown,old_155_handoff,final_hybrid_v1_2026_06_03,final_hybrid_handoff
bib-123,Arithmetic,primary,old_155_handoff,final_hybrid_v1_2026_06_03,final_hybrid_handoff
bib-123,Practical Geometry,primary,old_155_handoff,final_hybrid_v1_2026_06_03,final_hybrid_handoff
bib-124,Practical Geometry,primary,new_full_run,6a0d47e3-f472-4b63-a6f5-67c693a0adf9,exec_4mfdso
bib-125,Practical Geometry,primary,new_full_run,6a0d47e3-f472-4b63-a6f5-67c693a0adf9,exec_dvzzw6
bib-126,Architecture,secondary,new_full_run,6a0d47e3-f472-4b63-a6f5-67c693a0adf9,exec_hr38zy
bib-126,Cosmography,secondary,new_full_run,6a0d47e3-f472-4b63-a6f5-67c693a0adf9,exec_hr38zy
bib-126,Geography,secondary,new_full_run,6a0d47e3-f472-4b63-a6f5-67c693a0adf9,exec_hr38zy
bib-126,Military Engineering,secondary,new_full_run,6a0d47e3-f472-4b63-a6f5-67c693a0adf9,exec_hr38zy
bib-126,Practical Geometry,primary,new_full_run,6a0d47e3-f472-4b63-a6f5-67c693a0adf9,exec_hr38zy
bib-126,Surveying,secondary,new_full_run,6a0d47e3-f472-4b63-a6f5-67c693a0adf9,exec_hr38zy
bib-127,Practical Geometry,primary,old_155_handoff,final_hybrid_v1_2026_06_03,final_hybrid_handoff
bib-128,Architecture,unknown,old_155_handoff,final_hybrid_v1_2026_06_03,final_hybrid_handoff
bib-128,Arithmetic,primary,old_155_handoff,final_hybrid_v1_2026_06_03,final_hybrid_handoff
bib-128,Instrument Use,unknown,old_155_handoff,final_hybrid_v1_2026_06_03,final_hybrid_handoff
bib-128,Practical Geometry,primary,old_155_handoff,final_hybrid_v1_2026_06_03,final_hybrid_handoff
bib-128,Theoretical Mathematics,primary,old_155_handoff,final_hybrid_v1_2026_06_03,final_hybrid_handoff
bib-129,Arithmetic,primary,new_full_run,6a0d47e3-f472-4b63-a6f5-67c693a0adf9,exec_sv9ee3
bib-13,Architecture,unknown,old_155_handoff,final_hybrid_v1_2026_06_03,final_hybrid_handoff
bib-13,Instrument Use,unknown,old_155_handoff,final_hybrid_v1_2026_06_03,final_hybrid_handoff
bib-13,Practical Geometry,primary,old_155_handoff,final_hybrid_v1_2026_06_03,final_hybrid_handoff
bib-130,Arithmetic,primary,new_full_run,6a0d47e3-f472-4b63-a6f5-67c693a0adf9,exec_reqy9r
bib-130,Theoretical Mathematics,unknown,new_full_run,6a0d47e3-f472-4b63-a6f5-67c693a0adf9,exec_reqy9r
bib-131,Cartography,primary,old_155_handoff,final_hybrid_v1_2026_06_03,final_hybrid_handoff
bib-131,Instrument Use,primary,old_155_handoff,final_hybrid_v1_2026_06_03,final_hybrid_handoff
bib-131,Practical Geometry,primary,old_155_handoff,final_hybrid_v1_2026_06_03,final_hybrid_handoff
bib-132,Practical Geometry,unknown,new_full_run,6a0d47e3-f472-4b63-a6f5-67c693a0adf9,exec_1xrzh0
bib-132,Surveying,primary,new_full_run,6a0d47e3-f472-4b63-a6f5-67c693a0adf9,exec_1xrzh0
bib-133,Arithmetic,primary,new_full_run,6a0d47e3-f472-4b63-a6f5-67c693a0adf9,exec_kz0qwt
bib-133,Practical Geometry,primary,new_full_run,6a0d47e3-f472-4b63-a6f5-67c693a0adf9,exec_kz0qwt
bib-133,Surveying,primary,new_full_run,6a0d47e3-f472-4b63-a6f5-67c693a0adf9,exec_kz0qwt
bib-134,Practical Geometry,primary,new_full_run,6a0d47e3-f472-4b63-a6f5-67c693a0adf9,exec_5lv7pz
bib-135,Instrument Use,secondary,new_full_run,6a0d47e3-f472-4b63-a6f5-67c693a0adf9,exec_u8mvbh
bib-135,Practical Geometry,primary,new_full_run,6a0d47e3-f472-4b63-a6f5-67c693a0adf9,exec_u8mvbh
bib-135,Surveying,primary,new_full_run,6a0d47e3-f472-4b63-a6f5-67c693a0adf9,exec_u8mvbh
bib-137,Architecture,primary,new_full_run,6a0d47e3-f472-4b63-a6f5-67c693a0adf9,exec_5s6exc
bib-137,Arithmetic,primary,new_full_run,6a0d47e3-f472-4b63-a6f5-67c693a0adf9,exec_5s6exc
bib-137,Gnomonics & Horology,primary,new_full_run,6a0d47e3-f472-4b63-a6f5-67c693a0adf9,exec_5s6exc
bib-137,Mechanics,primary,new_full_run,6a0d47e3-f472-4b63-a6f5-67c693a0adf9,exec_5s6exc
bib-137,Military Engineering,primary,new_full_run,6a0d47e3-f472-4b63-a6f5-67c693a0adf9,exec_5s6exc
bib-137,Theoretical Mathematics,primary,new_full_run,6a0d47e3-f472-4b63-a6f5-67c693a0adf9,exec_5s6exc
bib-137,Trigonometry,primary,new_full_run,6a0d47e3-f472-4b63-a6f5-67c693a0adf9,exec_5s6exc
bib-139,Architecture,secondary,new_full_run,6a0d47e3-f472-4b63-a6f5-67c693a0adf9,exec_ht8lol
bib-139,Arithmetic,secondary,new_full_run,6a0d47e3-f472-4b63-a6f5-67c693a0adf9,exec_ht8lol
bib-139,Astronomy,secondary,new_full_run,6a0d47e3-f472-4b63-a6f5-67c693a0adf9,exec_ht8lol
bib-139,Cosmography,secondary,new_full_run,6a0d47e3-f472-4b63-a6f5-67c693a0adf9,exec_ht8lol
bib-139,Geography,secondary,new_full_run,6a0d47e3-f472-4b63-a6f5-67c693a0adf9,exec_ht8lol
bib-139,Music Theory,unknown,new_full_run,6a0d47e3-f472-4b63-a6f5-67c693a0adf9,exec_ht8lol
bib-139,Practical Geometry,unknown,new_full_run,6a0d47e3-f472-4b63-a6f5-67c693a0adf9,exec_ht8lol
bib-139,Theoretical Mathematics,unknown,new_full_run,6a0d47e3-f472-4b63-a6f5-67c693a0adf9,exec_ht8lol
bib-14,Arithmetic,primary,old_155_handoff,final_hybrid_v1_2026_06_03,final_hybrid_handoff
bib-14,Practical Geometry,unknown,old_155_handoff,final_hybrid_v1_2026_06_03,final_hybrid_handoff
bib-14,Theoretical Mathematics,primary,old_155_handoff,final_hybrid_v1_2026_06_03,final_hybrid_handoff
bib-140,Architecture,secondary,new_full_run,6a0d47e3-f472-4b63-a6f5-67c693a0adf9,exec_fsndkw
bib-140,Arithmetic,secondary,new_full_run,6a0d47e3-f472-4b63-a6f5-67c693a0adf9,exec_fsndkw
bib-140,Astronomy,secondary,new_full_run,6a0d47e3-f472-4b63-a6f5-67c693a0adf9,exec_fsndkw
bib-140,Cosmography,secondary,new_full_run,6a0d47e3-f472-4b63-a6f5-67c693a0adf9,exec_fsndkw
bib-140,Geography,secondary,new_full_run,6a0d47e3-f472-4b63-a6f5-67c693a0adf9,exec_fsndkw
bib-140,Music Theory,unknown,new_full_run,6a0d47e3-f472-4b63-a6f5-67c693a0adf9,exec_fsndkw
bib-140,Theoretical Mathematics,unknown,new_full_run,6a0d47e3-f472-4b63-a6f5-67c693a0adf9,exec_fsndkw
bib-141,Architecture,secondary,new_full_run,6a0d47e3-f472-4b63-a6f5-67c693a0adf9,exec_sweog7
bib-141,Arithmetic,secondary,new_full_run,6a0d47e3-f472-4b63-a6f5-67c693a0adf9,exec_sweog7
bib-141,Astronomy,secondary,new_full_run,6a0d47e3-f472-4b63-a6f5-67c693a0adf9,exec_sweog7
bib-141,Cosmography,secondary,new_full_run,6a0d47e3-f472-4b63-a6f5-67c693a0adf9,exec_sweog7
bib-141,Geography,secondary,new_full_run,6a0d47e3-f472-4b63-a6f5-67c693a0adf9,exec_sweog7
bib-141,Music Theory,secondary,new_full_run,6a0d47e3-f472-4b63-a6f5-67c693a0adf9,exec_sweog7
bib-142,Architecture,secondary,new_full_run,6a0d47e3-f472-4b63-a6f5-67c693a0adf9,exec_jzpbe7
bib-142,Arithmetic,secondary,new_full_run,6a0d47e3-f472-4b63-a6f5-67c693a0adf9,exec_jzpbe7
bib-142,Astronomy,secondary,new_full_run,6a0d47e3-f472-4b63-a6f5-67c693a0adf9,exec_jzpbe7
bib-142,Cosmography,secondary,new_full_run,6a0d47e3-f472-4b63-a6f5-67c693a0adf9,exec_jzpbe7
bib-142,Geography,secondary,new_full_run,6a0d47e3-f472-4b63-a6f5-67c693a0adf9,exec_jzpbe7
bib-142,Music Theory,unknown,new_full_run,6a0d47e3-f472-4b63-a6f5-67c693a0adf9,exec_jzpbe7
bib-142,Practical Geometry,unknown,new_full_run,6a0d47e3-f472-4b63-a6f5-67c693a0adf9,exec_jzpbe7
bib-142,Theoretical Mathematics,unknown,new_full_run,6a0d47e3-f472-4b63-a6f5-67c693a0adf9,exec_jzpbe7
bib-144,Arithmetic,unknown,new_full_run,6a0d47e3-f472-4b63-a6f5-67c693a0adf9,exec_61evn9
bib-144,Astronomy,primary,new_full_run,6a0d47e3-f472-4b63-a6f5-67c693a0adf9,exec_61evn9
bib-144,Theoretical Mathematics,primary,new_full_run,6a0d47e3-f472-4b63-a6f5-67c693a0adf9,exec_61evn9
bib-144,Trigonometry,unknown,new_full_run,6a0d47e3-f472-4b63-a6f5-67c693a0adf9,exec_61evn9
bib-145,Practical Geometry,primary,new_full_run,6a0d47e3-f472-4b63-a6f5-67c693a0adf9,exec_tl4fdv
bib-145,Theoretical Mathematics,primary,new_full_run,6a0d47e3-f472-4b63-a6f5-67c693a0adf9,exec_tl4fdv
bib-146,Practical Geometry,primary,new_full_run,6a0d47e3-f472-4b63-a6f5-67c693a0adf9,exec_aqqmrh
bib-146,Theoretical Mathematics,primary,new_full_run,6a0d47e3-f472-4b63-a6f5-67c693a0adf9,exec_aqqmrh
bib-147,Architecture,primary,old_155_handoff,final_hybrid_v1_2026_06_03,final_hybrid_handoff
bib-147,Military Engineering,primary,old_155_handoff,final_hybrid_v1_2026_06_03,final_hybrid_handoff
bib-147,Practical Geometry,primary,old_155_handoff,final_hybrid_v1_2026_06_03,final_hybrid_handoff
bib-148,Architecture,secondary,old_155_handoff,final_hybrid_v1_2026_06_03,final_hybrid_handoff
bib-148,Military Engineering,primary,old_155_handoff,final_hybrid_v1_2026_06_03,final_hybrid_handoff
bib-148,Perspective,primary,old_155_handoff,final_hybrid_v1_2026_06_03,final_hybrid_handoff
bib-148,Practical Geometry,primary,old_155_handoff,final_hybrid_v1_2026_06_03,final_hybrid_handoff
bib-149,Construction,secondary,new_full_run,6a0d47e3-f472-4b63-a6f5-67c693a0adf9,exec_qpvkas
bib-149,Mechanics,secondary,new_full_run,6a0d47e3-f472-4b63-a6f5-67c693a0adf9,exec_qpvkas
bib-149,Military Engineering,primary,new_full_run,6a0d47e3-f472-4b63-a6f5-67c693a0adf9,exec_qpvkas
bib-15,Arithmetic,primary,old_155_handoff,final_hybrid_v1_2026_06_03,final_hybrid_handoff
bib-150,Military Engineering,primary,old_155_handoff,final_hybrid_v1_2026_06_03,final_hybrid_handoff
bib-150,Practical Geometry,secondary,old_155_handoff,final_hybrid_v1_2026_06_03,final_hybrid_handoff
bib-151,Arithmetic,primary,old_155_handoff,final_hybrid_v1_2026_06_03,final_hybrid_handoff
bib-151,Military Engineering,primary,old_155_handoff,final_hybrid_v1_2026_06_03,final_hybrid_handoff
bib-151,Practical Geometry,unknown,old_155_handoff,final_hybrid_v1_2026_06_03,final_hybrid_handoff
bib-152,Construction,primary,old_155_handoff,final_hybrid_v1_2026_06_03,final_hybrid_handoff
bib-152,Military Engineering,primary,old_155_handoff,final_hybrid_v1_2026_06_03,final_hybrid_handoff
bib-153,Arithmetic,primary,old_155_handoff,final_hybrid_v1_2026_06_03,final_hybrid_handoff
bib-153,Military Engineering,secondary,old_155_handoff,final_hybrid_v1_2026_06_03,final_hybrid_handoff
bib-154,Arithmetic,primary,old_155_handoff,final_hybrid_v1_2026_06_03,final_hybrid_handoff
bib-154,Military Engineering,primary,old_155_handoff,final_hybrid_v1_2026_06_03,final_hybrid_handoff
bib-155,Architecture,unknown,old_155_handoff,final_hybrid_v1_2026_06_03,final_hybrid_handoff
bib-155,Instrument Use,unknown,old_155_handoff,final_hybrid_v1_2026_06_03,final_hybrid_handoff
bib-155,Practical Geometry,unknown,old_155_handoff,final_hybrid_v1_2026_06_03,final_hybrid_handoff
bib-156,Architecture,secondary,old_155_handoff,final_hybrid_v1_2026_06_03,final_hybrid_handoff
bib-156,Instrument Use,primary,old_155_handoff,final_hybrid_v1_2026_06_03,final_hybrid_handoff
bib-156,Mechanics,primary,old_155_handoff,final_hybrid_v1_2026_06_03,final_hybrid_handoff
bib-156,Military Engineering,secondary,old_155_handoff,final_hybrid_v1_2026_06_03,final_hybrid_handoff
bib-156,Practical Geometry,unknown,old_155_handoff,final_hybrid_v1_2026_06_03,final_hybrid_handoff
bib-157,Astronomy,unknown,new_full_run,6a0d47e3-f472-4b63-a6f5-67c693a0adf9,exec_vn3kxq
bib-157,Cosmography,primary,new_full_run,6a0d47e3-f472-4b63-a6f5-67c693a0adf9,exec_vn3kxq
bib-157,Geography,secondary,new_full_run,6a0d47e3-f472-4b63-a6f5-67c693a0adf9,exec_vn3kxq
bib-158,Arithmetic,secondary,new_full_run,6a0d47e3-f472-4b63-a6f5-67c693a0adf9,exec_mdvwe8
bib-158,Astronomy,primary,new_full_run,6a0d47e3-f472-4b63-a6f5-67c693a0adf9,exec_mdvwe8
bib-158,Geography,primary,new_full_run,6a0d47e3-f472-4b63-a6f5-67c693a0adf9,exec_mdvwe8
bib-158,Navigation,secondary,new_full_run,6a0d47e3-f472-4b63-a6f5-67c693a0adf9,exec_mdvwe8
bib-158,Trigonometry,primary,new_full_run,6a0d47e3-f472-4b63-a6f5-67c693a0adf9,exec_mdvwe8
bib-159,Astronomy,primary,new_full_run,6a0d47e3-f472-4b63-a6f5-67c693a0adf9,exec_83ypqz
bib-159,Cosmography,primary,new_full_run,6a0d47e3-f472-4b63-a6f5-67c693a0adf9,exec_83ypqz
bib-159,Geography,primary,new_full_run,6a0d47e3-f472-4b63-a6f5-67c693a0adf9,exec_83ypqz
bib-159,Instrument Use,primary,new_full_run,6a0d47e3-f472-4b63-a6f5-67c693a0adf9,exec_83ypqz
bib-16,Architecture,unknown,old_155_handoff,final_hybrid_v1_2026_06_03,final_hybrid_handoff
bib-16,Instrument Use,unknown,old_155_handoff,final_hybrid_v1_2026_06_03,final_hybrid_handoff
bib-16,Practical Geometry,primary,old_155_handoff,final_hybrid_v1_2026_06_03,final_hybrid_handoff
bib-160,Music Theory,primary,new_full_run,6a0d47e3-f472-4b63-a6f5-67c693a0adf9,exec_0l07kv
bib-161,Theoretical Mathematics,primary,new_full_run,6a0d47e3-f472-4b63-a6f5-67c693a0adf9,exec_3y0and
bib-162,Theoretical Mathematics,primary,new_full_run,6a0d47e3-f472-4b63-a6f5-67c693a0adf9,exec_mclcit
bib-163,Theoretical Mathematics,primary,new_full_run,6a0d47e3-f472-4b63-a6f5-67c693a0adf9,exec_q0xovk
bib-167,Theoretical Mathematics,primary,old_155_handoff,final_hybrid_v1_2026_06_03,final_hybrid_handoff
bib-169,Astronomy,primary,old_155_handoff,final_hybrid_v1_2026_06_03,final_hybrid_handoff
bib-169,Cartography,secondary,old_155_handoff,final_hybrid_v1_2026_06_03,final_hybrid_handoff
bib-169,Cosmography,primary,old_155_handoff,final_hybrid_v1_2026_06_03,final_hybrid_handoff
bib-169,Geography,primary,old_155_handoff,final_hybrid_v1_2026_06_03,final_hybrid_handoff
bib-169,Practical Geometry,unknown,old_155_handoff,final_hybrid_v1_2026_06_03,final_hybrid_handoff
bib-17,Architecture,unknown,old_155_handoff,final_hybrid_v1_2026_06_03,final_hybrid_handoff
bib-17,Instrument Use,unknown,old_155_handoff,final_hybrid_v1_2026_06_03,final_hybrid_handoff
bib-17,Practical Geometry,primary,old_155_handoff,final_hybrid_v1_2026_06_03,final_hybrid_handoff
bib-170,Astronomy,primary,new_full_run,6a0d47e3-f472-4b63-a6f5-67c693a0adf9,exec_rw7naq
bib-170,Instrument Construction,unknown,new_full_run,6a0d47e3-f472-4b63-a6f5-67c693a0adf9,exec_rw7naq
bib-170,Instrument Use,primary,new_full_run,6a0d47e3-f472-4b63-a6f5-67c693a0adf9,exec_rw7naq
bib-171,Arithmetic,primary,new_full_run,6a0d47e3-f472-4b63-a6f5-67c693a0adf9,exec_t1w8hp
bib-171,Astronomy,primary,new_full_run,6a0d47e3-f472-4b63-a6f5-67c693a0adf9,exec_t1w8hp
bib-171,Geography,primary,new_full_run,6a0d47e3-f472-4b63-a6f5-67c693a0adf9,exec_t1w8hp
bib-171,Music Theory,unknown,new_full_run,6a0d47e3-f472-4b63-a6f5-67c693a0adf9,exec_t1w8hp
bib-171,Perspective,primary,new_full_run,6a0d47e3-f472-4b63-a6f5-67c693a0adf9,exec_t1w8hp
bib-174,Arithmetic,primary,old_155_handoff,final_hybrid_v1_2026_06_03,final_hybrid_handoff
bib-174,Astronomy,primary,old_155_handoff,final_hybrid_v1_2026_06_03,final_hybrid_handoff
bib-174,Practical Geometry,primary,old_155_handoff,final_hybrid_v1_2026_06_03,final_hybrid_handoff
bib-174,Theoretical Mathematics,secondary,old_155_handoff,final_hybrid_v1_2026_06_03,final_hybrid_handoff
bib-176,Architecture,unknown,old_155_handoff,final_hybrid_v1_2026_06_03,final_hybrid_handoff
bib-176,Instrument Use,unknown,old_155_handoff,final_hybrid_v1_2026_06_03,final_hybrid_handoff
bib-176,Practical Geometry,unknown,old_155_handoff,final_hybrid_v1_2026_06_03,final_hybrid_handoff
bib-176,Theoretical Mathematics,unknown,old_155_handoff,final_hybrid_v1_2026_06_03,final_hybrid_handoff
bib-179,Arithmetic,primary,new_full_run,6a0d47e3-f472-4b63-a6f5-67c693a0adf9,exec_ctma4a
bib-179,Commercial Mathematics,primary,new_full_run,6a0d47e3-f472-4b63-a6f5-67c693a0adf9,exec_ctma4a
bib-18,Astronomy,primary,old_155_handoff,final_hybrid_v1_2026_06_03,final_hybrid_handoff
bib-18,Geography,secondary,old_155_handoff,final_hybrid_v1_2026_06_03,final_hybrid_handoff
bib-18,Gnomonics & Horology,secondary,old_155_handoff,final_hybrid_v1_2026_06_03,final_hybrid_handoff
bib-18,Instrument Use,primary,old_155_handoff,final_hybrid_v1_2026_06_03,final_hybrid_handoff
bib-18,Navigation,secondary,old_155_handoff,final_hybrid_v1_2026_06_03,final_hybrid_handoff
bib-18,Practical Geometry,primary,old_155_handoff,final_hybrid_v1_2026_06_03,final_hybrid_handoff
bib-18,Theoretical Mathematics,unknown,old_155_handoff,final_hybrid_v1_2026_06_03,final_hybrid_handoff
bib-180,Arithmetic,primary,new_full_run,6a0d47e3-f472-4b63-a6f5-67c693a0adf9,exec_fecl0z
bib-180,Commercial Mathematics,primary,new_full_run,6a0d47e3-f472-4b63-a6f5-67c693a0adf9,exec_fecl0z
bib-181,Arithmetic,primary,old_155_handoff,final_hybrid_v1_2026_06_03,final_hybrid_handoff
bib-182,Arithmetic,primary,new_full_run,6a0d47e3-f472-4b63-a6f5-67c693a0adf9,exec_wiitya
bib-182,Military Engineering,primary,new_full_run,6a0d47e3-f472-4b63-a6f5-67c693a0adf9,exec_wiitya
bib-182,Trigonometry,primary,new_full_run,6a0d47e3-f472-4b63-a6f5-67c693a0adf9,exec_wiitya
bib-183,Astronomy,primary,new_full_run,6a0d47e3-f472-4b63-a6f5-67c693a0adf9,exec_xuwhiz
bib-183,Cosmography,primary,new_full_run,6a0d47e3-f472-4b63-a6f5-67c693a0adf9,exec_xuwhiz
bib-183,Geography,primary,new_full_run,6a0d47e3-f472-4b63-a6f5-67c693a0adf9,exec_xuwhiz
bib-183,Gnomonics & Horology,primary,new_full_run,6a0d47e3-f472-4b63-a6f5-67c693a0adf9,exec_xuwhiz
bib-183,Instrument Use,primary,new_full_run,6a0d47e3-f472-4b63-a6f5-67c693a0adf9,exec_xuwhiz
bib-183,Navigation,primary,new_full_run,6a0d47e3-f472-4b63-a6f5-67c693a0adf9,exec_xuwhiz
bib-184,Arithmetic,primary,new_full_run,6a0d47e3-f472-4b63-a6f5-67c693a0adf9,exec_fdyedq
bib-184,Practical Geometry,primary,new_full_run,6a0d47e3-f472-4b63-a6f5-67c693a0adf9,exec_fdyedq
bib-185,Arithmetic,primary,old_155_handoff,final_hybrid_v1_2026_06_03,final_hybrid_handoff
bib-185,Commercial Mathematics,primary,old_155_handoff,final_hybrid_v1_2026_06_03,final_hybrid_handoff
bib-186,Arithmetic,primary,old_155_handoff,final_hybrid_v1_2026_06_03,final_hybrid_handoff
bib-186,Commercial Mathematics,secondary,old_155_handoff,final_hybrid_v1_2026_06_03,final_hybrid_handoff
bib-186,Theoretical Mathematics,secondary,old_155_handoff,final_hybrid_v1_2026_06_03,final_hybrid_handoff
bib-187,Arithmetic,secondary,new_full_run,6a0d47e3-f472-4b63-a6f5-67c693a0adf9,exec_h08oua
bib-187,Commercial Mathematics,primary,new_full_run,6a0d47e3-f472-4b63-a6f5-67c693a0adf9,exec_h08oua
bib-187,Practical Geometry,primary,new_full_run,6a0d47e3-f472-4b63-a6f5-67c693a0adf9,exec_h08oua
bib-187,Surveying,primary,new_full_run,6a0d47e3-f472-4b63-a6f5-67c693a0adf9,exec_h08oua
bib-187,Trigonometry,primary,new_full_run,6a0d47e3-f472-4b63-a6f5-67c693a0adf9,exec_h08oua
bib-188,Theoretical Mathematics,primary,new_full_run,6a0d47e3-f472-4b63-a6f5-67c693a0adf9,exec_j4s3r7
bib-189,Arithmetic,primary,new_full_run,6a0d47e3-f472-4b63-a6f5-67c693a0adf9,exec_b5uk5d
bib-189,Practical Geometry,unknown,new_full_run,6a0d47e3-f472-4b63-a6f5-67c693a0adf9,exec_b5uk5d
bib-189,Theoretical Mathematics,primary,new_full_run,6a0d47e3-f472-4b63-a6f5-67c693a0adf9,exec_b5uk5d
bib-189,Trigonometry,primary,new_full_run,6a0d47e3-f472-4b63-a6f5-67c693a0adf9,exec_b5uk5d
bib-19,Practical Geometry,primary,old_155_handoff,final_hybrid_v1_2026_06_03,final_hybrid_handoff
bib-19,Theoretical Mathematics,primary,old_155_handoff,final_hybrid_v1_2026_06_03,final_hybrid_handoff
bib-190,Arithmetic,primary,new_full_run,6a0d47e3-f472-4b63-a6f5-67c693a0adf9,exec_d6ublb
bib-190,Astronomy,secondary,new_full_run,6a0d47e3-f472-4b63-a6f5-67c693a0adf9,exec_d6ublb
bib-190,Commercial Mathematics,primary,new_full_run,6a0d47e3-f472-4b63-a6f5-67c693a0adf9,exec_d6ublb
bib-190,Practical Geometry,unknown,new_full_run,6a0d47e3-f472-4b63-a6f5-67c693a0adf9,exec_d6ublb
bib-190,Surveying,unknown,new_full_run,6a0d47e3-f472-4b63-a6f5-67c693a0adf9,exec_d6ublb
bib-190,Theoretical Mathematics,secondary,new_full_run,6a0d47e3-f472-4b63-a6f5-67c693a0adf9,exec_d6ublb
bib-191,Arithmetic,primary,new_full_run,6a0d47e3-f472-4b63-a6f5-67c693a0adf9,exec_ahcdw7
bib-191,Commercial Mathematics,primary,new_full_run,6a0d47e3-f472-4b63-a6f5-67c693a0adf9,exec_ahcdw7
bib-192,Arithmetic,secondary,new_full_run,6a0d47e3-f472-4b63-a6f5-67c693a0adf9,exec_lq9zgj
bib-192,Instrument Use,secondary,new_full_run,6a0d47e3-f472-4b63-a6f5-67c693a0adf9,exec_lq9zgj
bib-192,Practical Geometry,secondary,new_full_run,6a0d47e3-f472-4b63-a6f5-67c693a0adf9,exec_lq9zgj
bib-192,Surveying,primary,new_full_run,6a0d47e3-f472-4b63-a6f5-67c693a0adf9,exec_lq9zgj
bib-193,Arithmetic,primary,new_full_run,6a0d47e3-f472-4b63-a6f5-67c693a0adf9,exec_fci4yi
bib-193,Instrument Use,unknown,new_full_run,6a0d47e3-f472-4b63-a6f5-67c693a0adf9,exec_fci4yi
bib-194,Astronomy,primary,new_full_run,6a0d47e3-f472-4b63-a6f5-67c693a0adf9,exec_9ngz26
bib-194,Gnomonics & Horology,primary,new_full_run,6a0d47e3-f472-4b63-a6f5-67c693a0adf9,exec_9ngz26
bib-194,Instrument Use,secondary,new_full_run,6a0d47e3-f472-4b63-a6f5-67c693a0adf9,exec_9ngz26
bib-194,Practical Geometry,primary,new_full_run,6a0d47e3-f472-4b63-a6f5-67c693a0adf9,exec_9ngz26
bib-194,Trigonometry,primary,new_full_run,6a0d47e3-f472-4b63-a6f5-67c693a0adf9,exec_9ngz26
bib-195,Arithmetic,secondary,new_full_run,6a0d47e3-f472-4b63-a6f5-67c693a0adf9,exec_81527i
bib-195,Astronomy,secondary,new_full_run,6a0d47e3-f472-4b63-a6f5-67c693a0adf9,exec_81527i
bib-195,Gnomonics & Horology,primary,new_full_run,6a0d47e3-f472-4b63-a6f5-67c693a0adf9,exec_81527i
bib-195,Instrument Construction,primary,new_full_run,6a0d47e3-f472-4b63-a6f5-67c693a0adf9,exec_81527i
bib-195,Mechanics,secondary,new_full_run,6a0d47e3-f472-4b63-a6f5-67c693a0adf9,exec_81527i
bib-195,Practical Geometry,primary,new_full_run,6a0d47e3-f472-4b63-a6f5-67c693a0adf9,exec_81527i
bib-195,Trigonometry,primary,new_full_run,6a0d47e3-f472-4b63-a6f5-67c693a0adf9,exec_81527i
bib-196,Arithmetic,secondary,new_full_run,6a0d47e3-f472-4b63-a6f5-67c693a0adf9,exec_mxdkvr
bib-196,Commercial Mathematics,primary,new_full_run,6a0d47e3-f472-4b63-a6f5-67c693a0adf9,exec_mxdkvr
bib-197,Astronomy,primary,new_full_run,6a0d47e3-f472-4b63-a6f5-67c693a0adf9,exec_g0k1mx
bib-197,Cartography,primary,new_full_run,6a0d47e3-f472-4b63-a6f5-67c693a0adf9,exec_g0k1mx
bib-197,Cosmography,primary,new_full_run,6a0d47e3-f472-4b63-a6f5-67c693a0adf9,exec_g0k1mx
bib-197,Geography,primary,new_full_run,6a0d47e3-f472-4b63-a6f5-67c693a0adf9,exec_g0k1mx
bib-197,Gnomonics & Horology,primary,new_full_run,6a0d47e3-f472-4b63-a6f5-67c693a0adf9,exec_g0k1mx
bib-197,Instrument Construction,secondary,new_full_run,6a0d47e3-f472-4b63-a6f5-67c693a0adf9,exec_g0k1mx
bib-197,Instrument Use,secondary,new_full_run,6a0d47e3-f472-4b63-a6f5-67c693a0adf9,exec_g0k1mx
bib-197,Navigation,primary,new_full_run,6a0d47e3-f472-4b63-a6f5-67c693a0adf9,exec_g0k1mx
bib-197,Practical Geometry,unknown,new_full_run,6a0d47e3-f472-4b63-a6f5-67c693a0adf9,exec_g0k1mx
bib-197,Theoretical Mathematics,unknown,new_full_run,6a0d47e3-f472-4b63-a6f5-67c693a0adf9,exec_g0k1mx
bib-197,Trigonometry,unknown,new_full_run,6a0d47e3-f472-4b63-a6f5-67c693a0adf9,exec_g0k1mx
bib-198,Arithmetic,primary,new_full_run,6a0d47e3-f472-4b63-a6f5-67c693a0adf9,exec_jnbqfc
bib-199,Arithmetic,primary,new_full_run,6a0d47e3-f472-4b63-a6f5-67c693a0adf9,exec_e0wj05
bib-199,Commercial Mathematics,primary,new_full_run,6a0d47e3-f472-4b63-a6f5-67c693a0adf9,exec_e0wj05
bib-199,Instrument Use,primary,new_full_run,6a0d47e3-f472-4b63-a6f5-67c693a0adf9,exec_e0wj05
bib-2,Architecture,unknown,old_155_handoff,final_hybrid_v1_2026_06_03,final_hybrid_handoff
bib-2,Instrument Use,unknown,old_155_handoff,final_hybrid_v1_2026_06_03,final_hybrid_handoff
bib-2,Practical Geometry,primary,old_155_handoff,final_hybrid_v1_2026_06_03,final_hybrid_handoff
bib-20,Architecture,secondary,old_155_handoff,final_hybrid_v1_2026_06_03,final_hybrid_handoff
bib-20,Construction,secondary,old_155_handoff,final_hybrid_v1_2026_06_03,final_hybrid_handoff
bib-20,Cosmography,secondary,old_155_handoff,final_hybrid_v1_2026_06_03,final_hybrid_handoff
bib-20,Geography,secondary,old_155_handoff,final_hybrid_v1_2026_06_03,final_hybrid_handoff
bib-20,Practical Geometry,primary,old_155_handoff,final_hybrid_v1_2026_06_03,final_hybrid_handoff
bib-20,Surveying,secondary,old_155_handoff,final_hybrid_v1_2026_06_03,final_hybrid_handoff
bib-200,Arithmetic,primary,new_full_run,6a0d47e3-f472-4b63-a6f5-67c693a0adf9,exec_wxsk4q
bib-200,Commercial Mathematics,primary,new_full_run,6a0d47e3-f472-4b63-a6f5-67c693a0adf9,exec_wxsk4q
bib-202,Arithmetic,primary,new_full_run,6a0d47e3-f472-4b63-a6f5-67c693a0adf9,exec_87ie2p
bib-202,Commercial Mathematics,primary,new_full_run,6a0d47e3-f472-4b63-a6f5-67c693a0adf9,exec_87ie2p
bib-202,Practical Geometry,unknown,new_full_run,6a0d47e3-f472-4b63-a6f5-67c693a0adf9,exec_87ie2p
bib-203,Arithmetic,primary,new_full_run,6a0d47e3-f472-4b63-a6f5-67c693a0adf9,exec_6ycm6t
bib-204,Arithmetic,primary,new_full_run,6a0d47e3-f472-4b63-a6f5-67c693a0adf9,exec_3fe4ff
bib-204,Theoretical Mathematics,secondary,new_full_run,6a0d47e3-f472-4b63-a6f5-67c693a0adf9,exec_3fe4ff
bib-205,Arithmetic,primary,new_full_run,6a0d47e3-f472-4b63-a6f5-67c693a0adf9,exec_4utxyf
bib-205,Practical Geometry,primary,new_full_run,6a0d47e3-f472-4b63-a6f5-67c693a0adf9,exec_4utxyf
bib-205,Surveying,primary,new_full_run,6a0d47e3-f472-4b63-a6f5-67c693a0adf9,exec_4utxyf
bib-206,Construction,secondary,new_full_run,6a0d47e3-f472-4b63-a6f5-67c693a0adf9,exec_3v8hy2
bib-206,Instrument Construction,secondary,new_full_run,6a0d47e3-f472-4b63-a6f5-67c693a0adf9,exec_3v8hy2
bib-206,Instrument Use,secondary,new_full_run,6a0d47e3-f472-4b63-a6f5-67c693a0adf9,exec_3v8hy2
bib-206,Military Engineering,primary,new_full_run,6a0d47e3-f472-4b63-a6f5-67c693a0adf9,exec_3v8hy2
bib-206,Practical Geometry,secondary,new_full_run,6a0d47e3-f472-4b63-a6f5-67c693a0adf9,exec_3v8hy2
bib-207,Practical Geometry,primary,new_full_run,6a0d47e3-f472-4b63-a6f5-67c693a0adf9,exec_gecsdc
bib-207,Surveying,primary,new_full_run,6a0d47e3-f472-4b63-a6f5-67c693a0adf9,exec_gecsdc
bib-208,Construction,secondary,new_full_run,6a0d47e3-f472-4b63-a6f5-67c693a0adf9,exec_4kxea9
bib-208,Instrument Use,unknown,new_full_run,6a0d47e3-f472-4b63-a6f5-67c693a0adf9,exec_4kxea9
bib-208,Practical Geometry,primary,new_full_run,6a0d47e3-f472-4b63-a6f5-67c693a0adf9,exec_4kxea9
bib-208,Surveying,primary,new_full_run,6a0d47e3-f472-4b63-a6f5-67c693a0adf9,exec_4kxea9
bib-209,Instrument Use,secondary,old_155_handoff,final_hybrid_v1_2026_06_03,final_hybrid_handoff
bib-209,Practical Geometry,primary,old_155_handoff,final_hybrid_v1_2026_06_03,final_hybrid_handoff
bib-209,Surveying,primary,old_155_handoff,final_hybrid_v1_2026_06_03,final_hybrid_handoff
bib-210,Architecture,secondary,old_155_handoff,final_hybrid_v1_2026_06_03,final_hybrid_handoff
bib-210,Cartography,primary,old_155_handoff,final_hybrid_v1_2026_06_03,final_hybrid_handoff
bib-210,Instrument Use,primary,old_155_handoff,final_hybrid_v1_2026_06_03,final_hybrid_handoff
bib-210,Practical Geometry,primary,old_155_handoff,final_hybrid_v1_2026_06_03,final_hybrid_handoff
bib-210,Surveying,primary,old_155_handoff,final_hybrid_v1_2026_06_03,final_hybrid_handoff
bib-211,Instrument Use,secondary,old_155_handoff,final_hybrid_v1_2026_06_03,final_hybrid_handoff
bib-211,Practical Geometry,primary,old_155_handoff,final_hybrid_v1_2026_06_03,final_hybrid_handoff
bib-212,Arithmetic,primary,old_155_handoff,final_hybrid_v1_2026_06_03,final_hybrid_handoff
bib-212,Commercial Mathematics,primary,old_155_handoff,final_hybrid_v1_2026_06_03,final_hybrid_handoff
bib-213,Astronomy,primary,new_full_run,6a0d47e3-f472-4b63-a6f5-67c693a0adf9,exec_62hyjd
bib-213,Instrument Use,primary,new_full_run,6a0d47e3-f472-4b63-a6f5-67c693a0adf9,exec_62hyjd
bib-213,Practical Geometry,primary,new_full_run,6a0d47e3-f472-4b63-a6f5-67c693a0adf9,exec_62hyjd
bib-213,Surveying,primary,new_full_run,6a0d47e3-f472-4b63-a6f5-67c693a0adf9,exec_62hyjd
bib-214,Practical Geometry,primary,new_full_run,6a0d47e3-f472-4b63-a6f5-67c693a0adf9,exec_2tdp4w
bib-215,Architecture,secondary,new_full_run,6a0d47e3-f472-4b63-a6f5-67c693a0adf9,exec_za8602
bib-215,Arithmetic,secondary,new_full_run,6a0d47e3-f472-4b63-a6f5-67c693a0adf9,exec_za8602
bib-215,Astronomy,secondary,new_full_run,6a0d47e3-f472-4b63-a6f5-67c693a0adf9,exec_za8602
bib-215,Cosmography,secondary,new_full_run,6a0d47e3-f472-4b63-a6f5-67c693a0adf9,exec_za8602
bib-215,Gnomonics & Horology,primary,new_full_run,6a0d47e3-f472-4b63-a6f5-67c693a0adf9,exec_za8602
bib-215,Instrument Construction,unknown,new_full_run,6a0d47e3-f472-4b63-a6f5-67c693a0adf9,exec_za8602
bib-215,Instrument Use,primary,new_full_run,6a0d47e3-f472-4b63-a6f5-67c693a0adf9,exec_za8602
bib-215,Mechanics,secondary,new_full_run,6a0d47e3-f472-4b63-a6f5-67c693a0adf9,exec_za8602
bib-215,Navigation,secondary,new_full_run,6a0d47e3-f472-4b63-a6f5-67c693a0adf9,exec_za8602
bib-216,Arithmetic,secondary,new_full_run,6a0d47e3-f472-4b63-a6f5-67c693a0adf9,exec_dex7tk
bib-216,Commercial Mathematics,secondary,new_full_run,6a0d47e3-f472-4b63-a6f5-67c693a0adf9,exec_dex7tk
bib-217,Arithmetic,primary,new_full_run,6a0d47e3-f472-4b63-a6f5-67c693a0adf9,exec_bdqdib
bib-217,Music Theory,primary,new_full_run,6a0d47e3-f472-4b63-a6f5-67c693a0adf9,exec_bdqdib
bib-218,Arithmetic,primary,new_full_run,6a0d47e3-f472-4b63-a6f5-67c693a0adf9,exec_3qoj9x
bib-218,Commercial Mathematics,secondary,new_full_run,6a0d47e3-f472-4b63-a6f5-67c693a0adf9,exec_3qoj9x
bib-219,Arithmetic,primary,new_full_run,6a0d47e3-f472-4b63-a6f5-67c693a0adf9,exec_sd8sx4
bib-219,Commercial Mathematics,primary,new_full_run,6a0d47e3-f472-4b63-a6f5-67c693a0adf9,exec_sd8sx4
bib-220,Arithmetic,primary,new_full_run,6a0d47e3-f472-4b63-a6f5-67c693a0adf9,exec_bzg02m
bib-220,Commercial Mathematics,unknown,new_full_run,6a0d47e3-f472-4b63-a6f5-67c693a0adf9,exec_bzg02m
bib-221,Arithmetic,primary,new_full_run,6a0d47e3-f472-4b63-a6f5-67c693a0adf9,exec_n8mv7a
bib-221,Commercial Mathematics,primary,new_full_run,6a0d47e3-f472-4b63-a6f5-67c693a0adf9,exec_n8mv7a
bib-222,Arithmetic,primary,old_155_handoff,final_hybrid_v1_2026_06_03,final_hybrid_handoff
bib-222,Commercial Mathematics,primary,old_155_handoff,final_hybrid_v1_2026_06_03,final_hybrid_handoff
bib-223,Arithmetic,primary,old_155_handoff,final_hybrid_v1_2026_06_03,final_hybrid_handoff
bib-223,Commercial Mathematics,primary,old_155_handoff,final_hybrid_v1_2026_06_03,final_hybrid_handoff
bib-223,Instrument Construction,secondary,old_155_handoff,final_hybrid_v1_2026_06_03,final_hybrid_handoff
bib-223,Music Theory,secondary,old_155_handoff,final_hybrid_v1_2026_06_03,final_hybrid_handoff
bib-223,Practical Geometry,secondary,old_155_handoff,final_hybrid_v1_2026_06_03,final_hybrid_handoff
bib-224,Arithmetic,primary,new_full_run,6a0d47e3-f472-4b63-a6f5-67c693a0adf9,exec_8igl25
bib-224,Commercial Mathematics,unknown,new_full_run,6a0d47e3-f472-4b63-a6f5-67c693a0adf9,exec_8igl25
bib-224,Practical Geometry,unknown,new_full_run,6a0d47e3-f472-4b63-a6f5-67c693a0adf9,exec_8igl25
bib-225,Arithmetic,primary,old_155_handoff,final_hybrid_v1_2026_06_03,final_hybrid_handoff
bib-226,Arithmetic,primary,new_full_run,6a0d47e3-f472-4b63-a6f5-67c693a0adf9,exec_ggd2ky
bib-226,Astronomy,primary,new_full_run,6a0d47e3-f472-4b63-a6f5-67c693a0adf9,exec_ggd2ky
bib-23,Arithmetic,primary,old_155_handoff,final_hybrid_v1_2026_06_03,final_hybrid_handoff
bib-23,Theoretical Mathematics,secondary,old_155_handoff,final_hybrid_v1_2026_06_03,final_hybrid_handoff
bib-232,Arithmetic,primary,new_full_run,6a0d47e3-f472-4b63-a6f5-67c693a0adf9,exec_td48tp
bib-234,Astronomy,primary,new_full_run,6a0d47e3-f472-4b63-a6f5-67c693a0adf9,exec_6nd84f
bib-234,Cartography,primary,new_full_run,6a0d47e3-f472-4b63-a6f5-67c693a0adf9,exec_6nd84f
bib-234,Geography,primary,new_full_run,6a0d47e3-f472-4b63-a6f5-67c693a0adf9,exec_6nd84f
bib-234,Instrument Use,secondary,new_full_run,6a0d47e3-f472-4b63-a6f5-67c693a0adf9,exec_6nd84f
bib-234,Practical Geometry,primary,new_full_run,6a0d47e3-f472-4b63-a6f5-67c693a0adf9,exec_6nd84f
bib-234,Theoretical Mathematics,secondary,new_full_run,6a0d47e3-f472-4b63-a6f5-67c693a0adf9,exec_6nd84f
bib-235,Astronomy,primary,new_full_run,6a0d47e3-f472-4b63-a6f5-67c693a0adf9,exec_5b6btq
bib-235,Instrument Use,primary,new_full_run,6a0d47e3-f472-4b63-a6f5-67c693a0adf9,exec_5b6btq
bib-235,Navigation,primary,new_full_run,6a0d47e3-f472-4b63-a6f5-67c693a0adf9,exec_5b6btq
bib-235,Practical Geometry,unknown,new_full_run,6a0d47e3-f472-4b63-a6f5-67c693a0adf9,exec_5b6btq
bib-235,Theoretical Mathematics,primary,new_full_run,6a0d47e3-f472-4b63-a6f5-67c693a0adf9,exec_5b6btq
bib-235,Trigonometry,primary,new_full_run,6a0d47e3-f472-4b63-a6f5-67c693a0adf9,exec_5b6btq
bib-236,Arithmetic,secondary,new_full_run,6a0d47e3-f472-4b63-a6f5-67c693a0adf9,exec_xjesb1
bib-236,Astronomy,secondary,new_full_run,6a0d47e3-f472-4b63-a6f5-67c693a0adf9,exec_xjesb1
bib-236,Gnomonics & Horology,secondary,new_full_run,6a0d47e3-f472-4b63-a6f5-67c693a0adf9,exec_xjesb1
bib-236,Navigation,secondary,new_full_run,6a0d47e3-f472-4b63-a6f5-67c693a0adf9,exec_xjesb1
bib-236,Practical Geometry,primary,new_full_run,6a0d47e3-f472-4b63-a6f5-67c693a0adf9,exec_xjesb1
bib-236,Trigonometry,primary,new_full_run,6a0d47e3-f472-4b63-a6f5-67c693a0adf9,exec_xjesb1
bib-237,Arithmetic,secondary,new_full_run,6a0d47e3-f472-4b63-a6f5-67c693a0adf9,exec_sqvl6y
bib-237,Astronomy,secondary,new_full_run,6a0d47e3-f472-4b63-a6f5-67c693a0adf9,exec_sqvl6y
bib-237,Gnomonics & Horology,secondary,new_full_run,6a0d47e3-f472-4b63-a6f5-67c693a0adf9,exec_sqvl6y
bib-237,Instrument Construction,unknown,new_full_run,6a0d47e3-f472-4b63-a6f5-67c693a0adf9,exec_sqvl6y
bib-237,Instrument Use,primary,new_full_run,6a0d47e3-f472-4b63-a6f5-67c693a0adf9,exec_sqvl6y
bib-237,Military Engineering,secondary,new_full_run,6a0d47e3-f472-4b63-a6f5-67c693a0adf9,exec_sqvl6y
bib-237,Navigation,secondary,new_full_run,6a0d47e3-f472-4b63-a6f5-67c693a0adf9,exec_sqvl6y
bib-237,Practical Geometry,secondary,new_full_run,6a0d47e3-f472-4b63-a6f5-67c693a0adf9,exec_sqvl6y
bib-237,Theoretical Mathematics,secondary,new_full_run,6a0d47e3-f472-4b63-a6f5-67c693a0adf9,exec_sqvl6y
bib-237,Trigonometry,primary,new_full_run,6a0d47e3-f472-4b63-a6f5-67c693a0adf9,exec_sqvl6y
bib-238,Instrument Construction,primary,new_full_run,6a0d47e3-f472-4b63-a6f5-67c693a0adf9,exec_bdjht7
bib-238,Instrument Use,primary,new_full_run,6a0d47e3-f472-4b63-a6f5-67c693a0adf9,exec_bdjht7
bib-239,Arithmetic,unknown,old_155_handoff,final_hybrid_v1_2026_06_03,final_hybrid_handoff
bib-239,Astronomy,unknown,old_155_handoff,final_hybrid_v1_2026_06_03,final_hybrid_handoff
bib-239,Commercial Mathematics,primary,old_155_handoff,final_hybrid_v1_2026_06_03,final_hybrid_handoff
bib-239,Instrument Use,unknown,old_155_handoff,final_hybrid_v1_2026_06_03,final_hybrid_handoff
bib-239,Music Theory,secondary,old_155_handoff,final_hybrid_v1_2026_06_03,final_hybrid_handoff
bib-239,Practical Geometry,primary,old_155_handoff,final_hybrid_v1_2026_06_03,final_hybrid_handoff
bib-24,Theoretical Mathematics,primary,old_155_handoff,final_hybrid_v1_2026_06_03,final_hybrid_handoff
bib-247,Arithmetic,primary,old_155_handoff,final_hybrid_v1_2026_06_03,final_hybrid_handoff
bib-247,Commercial Mathematics,primary,old_155_handoff,final_hybrid_v1_2026_06_03,final_hybrid_handoff
bib-248,Arithmetic,primary,old_155_handoff,final_hybrid_v1_2026_06_03,final_hybrid_handoff
bib-25,Instrument Use,unknown,old_155_handoff,final_hybrid_v1_2026_06_03,final_hybrid_handoff
bib-25,Practical Geometry,primary,old_155_handoff,final_hybrid_v1_2026_06_03,final_hybrid_handoff
bib-25,Surveying,primary,old_155_handoff,final_hybrid_v1_2026_06_03,final_hybrid_handoff
bib-250,Arithmetic,primary,new_full_run,6a0d47e3-f472-4b63-a6f5-67c693a0adf9,exec_aoltdp
bib-250,Cosmography,primary,new_full_run,6a0d47e3-f472-4b63-a6f5-67c693a0adf9,exec_aoltdp
bib-250,Gnomonics & Horology,primary,new_full_run,6a0d47e3-f472-4b63-a6f5-67c693a0adf9,exec_aoltdp
bib-250,Mechanics,primary,new_full_run,6a0d47e3-f472-4b63-a6f5-67c693a0adf9,exec_aoltdp
bib-251,Astronomy,primary,old_155_handoff,final_hybrid_v1_2026_06_03,final_hybrid_handoff
bib-252,Astronomy,primary,old_155_handoff,final_hybrid_v1_2026_06_03,final_hybrid_handoff
bib-252,Instrument Use,unknown,old_155_handoff,final_hybrid_v1_2026_06_03,final_hybrid_handoff
bib-252,Practical Geometry,unknown,old_155_handoff,final_hybrid_v1_2026_06_03,final_hybrid_handoff
bib-253,Astronomy,primary,old_155_handoff,final_hybrid_v1_2026_06_03,final_hybrid_handoff
bib-253,Practical Geometry,unknown,old_155_handoff,final_hybrid_v1_2026_06_03,final_hybrid_handoff
bib-255,Cosmography,primary,old_155_handoff,final_hybrid_v1_2026_06_03,final_hybrid_handoff
bib-255,Navigation,secondary,old_155_handoff,final_hybrid_v1_2026_06_03,final_hybrid_handoff
bib-256,Arithmetic,secondary,new_full_run,6a0d47e3-f472-4b63-a6f5-67c693a0adf9,exec_whof2k
bib-256,Astronomy,secondary,new_full_run,6a0d47e3-f472-4b63-a6f5-67c693a0adf9,exec_whof2k
bib-256,Geography,secondary,new_full_run,6a0d47e3-f472-4b63-a6f5-67c693a0adf9,exec_whof2k
bib-256,Gnomonics & Horology,secondary,new_full_run,6a0d47e3-f472-4b63-a6f5-67c693a0adf9,exec_whof2k
bib-256,Military Engineering,secondary,new_full_run,6a0d47e3-f472-4b63-a6f5-67c693a0adf9,exec_whof2k
bib-256,Navigation,secondary,new_full_run,6a0d47e3-f472-4b63-a6f5-67c693a0adf9,exec_whof2k
bib-256,Practical Geometry,secondary,new_full_run,6a0d47e3-f472-4b63-a6f5-67c693a0adf9,exec_whof2k
bib-256,Surveying,secondary,new_full_run,6a0d47e3-f472-4b63-a6f5-67c693a0adf9,exec_whof2k
bib-256,Trigonometry,primary,new_full_run,6a0d47e3-f472-4b63-a6f5-67c693a0adf9,exec_whof2k
bib-257,Arithmetic,primary,new_full_run,6a0d47e3-f472-4b63-a6f5-67c693a0adf9,exec_u3sgsz
bib-257,Astronomy,primary,new_full_run,6a0d47e3-f472-4b63-a6f5-67c693a0adf9,exec_u3sgsz
bib-257,Gnomonics & Horology,primary,new_full_run,6a0d47e3-f472-4b63-a6f5-67c693a0adf9,exec_u3sgsz
bib-257,Mechanics,primary,new_full_run,6a0d47e3-f472-4b63-a6f5-67c693a0adf9,exec_u3sgsz
bib-257,Practical Geometry,unknown,new_full_run,6a0d47e3-f472-4b63-a6f5-67c693a0adf9,exec_u3sgsz
bib-257,Theoretical Mathematics,secondary,new_full_run,6a0d47e3-f472-4b63-a6f5-67c693a0adf9,exec_u3sgsz
bib-258,Arithmetic,primary,old_155_handoff,final_hybrid_v1_2026_06_03,final_hybrid_handoff
bib-259,Arithmetic,primary,old_155_handoff,final_hybrid_v1_2026_06_03,final_hybrid_handoff
bib-259,Music Theory,primary,old_155_handoff,final_hybrid_v1_2026_06_03,final_hybrid_handoff
bib-259,Practical Geometry,unknown,old_155_handoff,final_hybrid_v1_2026_06_03,final_hybrid_handoff
bib-259,Theoretical Mathematics,primary,old_155_handoff,final_hybrid_v1_2026_06_03,final_hybrid_handoff
bib-260,Astronomy,primary,new_full_run,6a0d47e3-f472-4b63-a6f5-67c693a0adf9,exec_n9c957
bib-260,Instrument Construction,primary,new_full_run,6a0d47e3-f472-4b63-a6f5-67c693a0adf9,exec_n9c957
bib-260,Instrument Use,primary,new_full_run,6a0d47e3-f472-4b63-a6f5-67c693a0adf9,exec_n9c957
bib-260,Navigation,unknown,new_full_run,6a0d47e3-f472-4b63-a6f5-67c693a0adf9,exec_n9c957
bib-260,Practical Geometry,primary,new_full_run,6a0d47e3-f472-4b63-a6f5-67c693a0adf9,exec_n9c957
bib-260,Surveying,secondary,new_full_run,6a0d47e3-f472-4b63-a6f5-67c693a0adf9,exec_n9c957
bib-261,Instrument Construction,unknown,new_full_run,6a0d47e3-f472-4b63-a6f5-67c693a0adf9,exec_0xw0la
bib-261,Instrument Use,unknown,new_full_run,6a0d47e3-f472-4b63-a6f5-67c693a0adf9,exec_0xw0la
bib-261,Mechanics,primary,new_full_run,6a0d47e3-f472-4b63-a6f5-67c693a0adf9,exec_0xw0la
bib-262,Arithmetic,primary,old_155_handoff,final_hybrid_v1_2026_06_03,final_hybrid_handoff
bib-263,Arithmetic,primary,new_full_run,6a0d47e3-f472-4b63-a6f5-67c693a0adf9,exec_ye2l94
bib-263,Commercial Mathematics,unknown,new_full_run,6a0d47e3-f472-4b63-a6f5-67c693a0adf9,exec_ye2l94
bib-264,Arithmetic,primary,old_155_handoff,final_hybrid_v1_2026_06_03,final_hybrid_handoff
bib-264,Commercial Mathematics,primary,old_155_handoff,final_hybrid_v1_2026_06_03,final_hybrid_handoff
bib-264,Practical Geometry,secondary,old_155_handoff,final_hybrid_v1_2026_06_03,final_hybrid_handoff
bib-264,Trigonometry,primary,old_155_handoff,final_hybrid_v1_2026_06_03,final_hybrid_handoff
bib-265,Arithmetic,primary,new_full_run,6a0d47e3-f472-4b63-a6f5-67c693a0adf9,exec_a24c6f
bib-265,Commercial Mathematics,primary,new_full_run,6a0d47e3-f472-4b63-a6f5-67c693a0adf9,exec_a24c6f
bib-266,Arithmetic,primary,old_155_handoff,final_hybrid_v1_2026_06_03,final_hybrid_handoff
bib-266,Commercial Mathematics,secondary,old_155_handoff,final_hybrid_v1_2026_06_03,final_hybrid_handoff
bib-267,Arithmetic,primary,new_full_run,6a0d47e3-f472-4b63-a6f5-67c693a0adf9,exec_ldmhn0
bib-267,Astronomy,secondary,new_full_run,6a0d47e3-f472-4b63-a6f5-67c693a0adf9,exec_ldmhn0
bib-267,Construction,secondary,new_full_run,6a0d47e3-f472-4b63-a6f5-67c693a0adf9,exec_ldmhn0
bib-267,Practical Geometry,secondary,new_full_run,6a0d47e3-f472-4b63-a6f5-67c693a0adf9,exec_ldmhn0
bib-267,Surveying,secondary,new_full_run,6a0d47e3-f472-4b63-a6f5-67c693a0adf9,exec_ldmhn0
bib-267,Trigonometry,secondary,new_full_run,6a0d47e3-f472-4b63-a6f5-67c693a0adf9,exec_ldmhn0
bib-268,Architecture,primary,new_full_run,6a0d47e3-f472-4b63-a6f5-67c693a0adf9,exec_pgqhqc
bib-268,Military Engineering,primary,new_full_run,6a0d47e3-f472-4b63-a6f5-67c693a0adf9,exec_pgqhqc
bib-268,Perspective,primary,new_full_run,6a0d47e3-f472-4b63-a6f5-67c693a0adf9,exec_pgqhqc
bib-269,Arithmetic,primary,new_full_run,6a0d47e3-f472-4b63-a6f5-67c693a0adf9,exec_yk0p8w
bib-27,Architecture,primary,old_155_handoff,final_hybrid_v1_2026_06_03,final_hybrid_handoff
bib-27,Instrument Use,unknown,old_155_handoff,final_hybrid_v1_2026_06_03,final_hybrid_handoff
bib-27,Practical Geometry,unknown,old_155_handoff,final_hybrid_v1_2026_06_03,final_hybrid_handoff
bib-270,Arithmetic,primary,new_full_run,6a0d47e3-f472-4b63-a6f5-67c693a0adf9,exec_9wu4pg
bib-270,Commercial Mathematics,primary,new_full_run,6a0d47e3-f472-4b63-a6f5-67c693a0adf9,exec_9wu4pg
bib-270,Practical Geometry,unknown,new_full_run,6a0d47e3-f472-4b63-a6f5-67c693a0adf9,exec_9wu4pg
bib-270,Theoretical Mathematics,unknown,new_full_run,6a0d47e3-f472-4b63-a6f5-67c693a0adf9,exec_9wu4pg
bib-271,Arithmetic,primary,new_full_run,6a0d47e3-f472-4b63-a6f5-67c693a0adf9,exec_20ktv7
bib-271,Theoretical Mathematics,secondary,new_full_run,6a0d47e3-f472-4b63-a6f5-67c693a0adf9,exec_20ktv7
bib-271,Trigonometry,secondary,new_full_run,6a0d47e3-f472-4b63-a6f5-67c693a0adf9,exec_20ktv7
bib-273,Construction,primary,new_full_run,6a0d47e3-f472-4b63-a6f5-67c693a0adf9,exec_ll3934
bib-273,Military Engineering,primary,new_full_run,6a0d47e3-f472-4b63-a6f5-67c693a0adf9,exec_ll3934
bib-274,Instrument Construction,primary,new_full_run,6a0d47e3-f472-4b63-a6f5-67c693a0adf9,exec_poht2o
bib-274,Instrument Use,primary,new_full_run,6a0d47e3-f472-4b63-a6f5-67c693a0adf9,exec_poht2o
bib-274,Practical Geometry,primary,new_full_run,6a0d47e3-f472-4b63-a6f5-67c693a0adf9,exec_poht2o
bib-275,Instrument Use,primary,new_full_run,6a0d47e3-f472-4b63-a6f5-67c693a0adf9,exec_jss7d5
bib-275,Practical Geometry,primary,new_full_run,6a0d47e3-f472-4b63-a6f5-67c693a0adf9,exec_jss7d5
bib-276,Practical Geometry,primary,old_155_handoff,final_hybrid_v1_2026_06_03,final_hybrid_handoff
bib-276,Theoretical Mathematics,primary,old_155_handoff,final_hybrid_v1_2026_06_03,final_hybrid_handoff
bib-277,Arithmetic,primary,old_155_handoff,final_hybrid_v1_2026_06_03,final_hybrid_handoff
bib-277,Commercial Mathematics,primary,old_155_handoff,final_hybrid_v1_2026_06_03,final_hybrid_handoff
bib-277,Practical Geometry,unknown,old_155_handoff,final_hybrid_v1_2026_06_03,final_hybrid_handoff
bib-278,Arithmetic,primary,old_155_handoff,final_hybrid_v1_2026_06_03,final_hybrid_handoff
bib-278,Commercial Mathematics,primary,old_155_handoff,final_hybrid_v1_2026_06_03,final_hybrid_handoff
bib-279,Arithmetic,primary,new_full_run,6a0d47e3-f472-4b63-a6f5-67c693a0adf9,exec_75wkvm
bib-279,Astronomy,secondary,new_full_run,6a0d47e3-f472-4b63-a6f5-67c693a0adf9,exec_75wkvm
bib-279,Practical Geometry,secondary,new_full_run,6a0d47e3-f472-4b63-a6f5-67c693a0adf9,exec_75wkvm
bib-279,Surveying,unknown,new_full_run,6a0d47e3-f472-4b63-a6f5-67c693a0adf9,exec_75wkvm
bib-279,Theoretical Mathematics,secondary,new_full_run,6a0d47e3-f472-4b63-a6f5-67c693a0adf9,exec_75wkvm
bib-279,Trigonometry,unknown,new_full_run,6a0d47e3-f472-4b63-a6f5-67c693a0adf9,exec_75wkvm
bib-28,Architecture,unknown,old_155_handoff,final_hybrid_v1_2026_06_03,final_hybrid_handoff
bib-28,Instrument Use,unknown,old_155_handoff,final_hybrid_v1_2026_06_03,final_hybrid_handoff
bib-28,Perspective,primary,old_155_handoff,final_hybrid_v1_2026_06_03,final_hybrid_handoff
bib-28,Practical Geometry,unknown,old_155_handoff,final_hybrid_v1_2026_06_03,final_hybrid_handoff
bib-28,Trigonometry,secondary,old_155_handoff,final_hybrid_v1_2026_06_03,final_hybrid_handoff
bib-280,Architecture,secondary,old_155_handoff,final_hybrid_v1_2026_06_03,final_hybrid_handoff
bib-280,Construction,primary,old_155_handoff,final_hybrid_v1_2026_06_03,final_hybrid_handoff
bib-280,Instrument Use,unknown,old_155_handoff,final_hybrid_v1_2026_06_03,final_hybrid_handoff
bib-280,Military Engineering,primary,old_155_handoff,final_hybrid_v1_2026_06_03,final_hybrid_handoff
bib-280,Practical Geometry,secondary,old_155_handoff,final_hybrid_v1_2026_06_03,final_hybrid_handoff
bib-281,Arithmetic,primary,new_full_run,6a0d47e3-f472-4b63-a6f5-67c693a0adf9,exec_ybwzfu
bib-281,Commercial Mathematics,secondary,new_full_run,6a0d47e3-f472-4b63-a6f5-67c693a0adf9,exec_ybwzfu
bib-281,Mechanics,secondary,new_full_run,6a0d47e3-f472-4b63-a6f5-67c693a0adf9,exec_ybwzfu
bib-281,Military Engineering,secondary,new_full_run,6a0d47e3-f472-4b63-a6f5-67c693a0adf9,exec_ybwzfu
bib-281,Perspective,secondary,new_full_run,6a0d47e3-f472-4b63-a6f5-67c693a0adf9,exec_ybwzfu
bib-281,Practical Geometry,primary,new_full_run,6a0d47e3-f472-4b63-a6f5-67c693a0adf9,exec_ybwzfu
bib-281,Theoretical Mathematics,secondary,new_full_run,6a0d47e3-f472-4b63-a6f5-67c693a0adf9,exec_ybwzfu
bib-282,Arithmetic,primary,old_155_handoff,final_hybrid_v1_2026_06_03,final_hybrid_handoff
bib-282,Practical Geometry,secondary,old_155_handoff,final_hybrid_v1_2026_06_03,final_hybrid_handoff
bib-283,Arithmetic,primary,old_155_handoff,final_hybrid_v1_2026_06_03,final_hybrid_handoff
bib-283,Commercial Mathematics,secondary,old_155_handoff,final_hybrid_v1_2026_06_03,final_hybrid_handoff
bib-284,Arithmetic,primary,new_full_run,6a0d47e3-f472-4b63-a6f5-67c693a0adf9,exec_oygh59
bib-284,Commercial Mathematics,secondary,new_full_run,6a0d47e3-f472-4b63-a6f5-67c693a0adf9,exec_oygh59
bib-285,Arithmetic,primary,old_155_handoff,final_hybrid_v1_2026_06_03,final_hybrid_handoff
bib-29,Architecture,primary,old_155_handoff,final_hybrid_v1_2026_06_03,final_hybrid_handoff
bib-29,Construction,primary,old_155_handoff,final_hybrid_v1_2026_06_03,final_hybrid_handoff
bib-3,Gnomonics & Horology,primary,new_full_run,6a0d47e3-f472-4b63-a6f5-67c693a0adf9,exec_x0bvrj
bib-3,Instrument Construction,primary,new_full_run,6a0d47e3-f472-4b63-a6f5-67c693a0adf9,exec_x0bvrj
bib-3,Practical Geometry,primary,new_full_run,6a0d47e3-f472-4b63-a6f5-67c693a0adf9,exec_x0bvrj
bib-30,Construction,secondary,new_full_run,6a0d47e3-f472-4b63-a6f5-67c693a0adf9,exec_6vbdjv
bib-30,Military Engineering,secondary,new_full_run,6a0d47e3-f472-4b63-a6f5-67c693a0adf9,exec_6vbdjv
bib-30,Practical Geometry,primary,new_full_run,6a0d47e3-f472-4b63-a6f5-67c693a0adf9,exec_6vbdjv
bib-30,Surveying,secondary,new_full_run,6a0d47e3-f472-4b63-a6f5-67c693a0adf9,exec_6vbdjv
bib-30,Theoretical Mathematics,primary,new_full_run,6a0d47e3-f472-4b63-a6f5-67c693a0adf9,exec_6vbdjv
bib-31,Construction,secondary,new_full_run,6a0d47e3-f472-4b63-a6f5-67c693a0adf9,exec_1wdiyq
bib-31,Instrument Use,primary,new_full_run,6a0d47e3-f472-4b63-a6f5-67c693a0adf9,exec_1wdiyq
bib-31,Practical Geometry,primary,new_full_run,6a0d47e3-f472-4b63-a6f5-67c693a0adf9,exec_1wdiyq
bib-31,Surveying,primary,new_full_run,6a0d47e3-f472-4b63-a6f5-67c693a0adf9,exec_1wdiyq
bib-31,Theoretical Mathematics,primary,new_full_run,6a0d47e3-f472-4b63-a6f5-67c693a0adf9,exec_1wdiyq
bib-33,Perspective,primary,old_155_handoff,final_hybrid_v1_2026_06_03,final_hybrid_handoff
bib-33,Practical Geometry,primary,old_155_handoff,final_hybrid_v1_2026_06_03,final_hybrid_handoff
bib-33,Surveying,primary,old_155_handoff,final_hybrid_v1_2026_06_03,final_hybrid_handoff
bib-35,Instrument Use,unknown,old_155_handoff,final_hybrid_v1_2026_06_03,final_hybrid_handoff
bib-35,Practical Geometry,unknown,old_155_handoff,final_hybrid_v1_2026_06_03,final_hybrid_handoff
bib-37,Military Engineering,primary,new_full_run,6a0d47e3-f472-4b63-a6f5-67c693a0adf9,exec_0zn976
bib-38,Arithmetic,secondary,new_full_run,6a0d47e3-f472-4b63-a6f5-67c693a0adf9,exec_8yw45f
bib-38,Construction,secondary,new_full_run,6a0d47e3-f472-4b63-a6f5-67c693a0adf9,exec_8yw45f
bib-38,Geography,secondary,new_full_run,6a0d47e3-f472-4b63-a6f5-67c693a0adf9,exec_8yw45f
bib-38,Navigation,secondary,new_full_run,6a0d47e3-f472-4b63-a6f5-67c693a0adf9,exec_8yw45f
bib-38,Practical Geometry,primary,new_full_run,6a0d47e3-f472-4b63-a6f5-67c693a0adf9,exec_8yw45f
bib-38,Surveying,secondary,new_full_run,6a0d47e3-f472-4b63-a6f5-67c693a0adf9,exec_8yw45f
bib-38,Trigonometry,secondary,new_full_run,6a0d47e3-f472-4b63-a6f5-67c693a0adf9,exec_8yw45f
bib-39,Architecture,secondary,old_155_handoff,final_hybrid_v1_2026_06_03,final_hybrid_handoff
bib-39,Construction,secondary,old_155_handoff,final_hybrid_v1_2026_06_03,final_hybrid_handoff
bib-39,Military Engineering,primary,old_155_handoff,final_hybrid_v1_2026_06_03,final_hybrid_handoff
bib-39,Practical Geometry,unknown,old_155_handoff,final_hybrid_v1_2026_06_03,final_hybrid_handoff
bib-40,Arithmetic,secondary,old_155_handoff,final_hybrid_v1_2026_06_03,final_hybrid_handoff
bib-40,Commercial Mathematics,secondary,old_155_handoff,final_hybrid_v1_2026_06_03,final_hybrid_handoff
bib-40,Instrument Use,unknown,old_155_handoff,final_hybrid_v1_2026_06_03,final_hybrid_handoff
bib-40,Practical Geometry,primary,old_155_handoff,final_hybrid_v1_2026_06_03,final_hybrid_handoff
bib-40,Surveying,secondary,old_155_handoff,final_hybrid_v1_2026_06_03,final_hybrid_handoff
bib-40,Trigonometry,primary,old_155_handoff,final_hybrid_v1_2026_06_03,final_hybrid_handoff
bib-41,Astronomy,primary,old_155_handoff,final_hybrid_v1_2026_06_03,final_hybrid_handoff
bib-41,Perspective,primary,old_155_handoff,final_hybrid_v1_2026_06_03,final_hybrid_handoff
bib-41,Practical Geometry,secondary,old_155_handoff,final_hybrid_v1_2026_06_03,final_hybrid_handoff
bib-42,Practical Geometry,primary,old_155_handoff,final_hybrid_v1_2026_06_03,final_hybrid_handoff
bib-42,Theoretical Mathematics,primary,old_155_handoff,final_hybrid_v1_2026_06_03,final_hybrid_handoff
bib-44,Architecture,primary,old_155_handoff,final_hybrid_v1_2026_06_03,final_hybrid_handoff
bib-44,Practical Geometry,unknown,old_155_handoff,final_hybrid_v1_2026_06_03,final_hybrid_handoff
bib-45,Arithmetic,primary,old_155_handoff,final_hybrid_v1_2026_06_03,final_hybrid_handoff
bib-45,Cosmography,primary,old_155_handoff,final_hybrid_v1_2026_06_03,final_hybrid_handoff
bib-45,Gnomonics & Horology,primary,old_155_handoff,final_hybrid_v1_2026_06_03,final_hybrid_handoff
bib-45,Instrument Use,secondary,old_155_handoff,final_hybrid_v1_2026_06_03,final_hybrid_handoff
bib-45,Practical Geometry,primary,old_155_handoff,final_hybrid_v1_2026_06_03,final_hybrid_handoff
bib-47,Cartography,primary,old_155_handoff,final_hybrid_v1_2026_06_03,final_hybrid_handoff
bib-47,Instrument Use,primary,old_155_handoff,final_hybrid_v1_2026_06_03,final_hybrid_handoff
bib-47,Practical Geometry,primary,old_155_handoff,final_hybrid_v1_2026_06_03,final_hybrid_handoff
bib-47,Surveying,primary,old_155_handoff,final_hybrid_v1_2026_06_03,final_hybrid_handoff
bib-48,Cartography,secondary,new_full_run,6a0d47e3-f472-4b63-a6f5-67c693a0adf9,exec_jtr9ta
bib-48,Instrument Construction,unknown,new_full_run,6a0d47e3-f472-4b63-a6f5-67c693a0adf9,exec_jtr9ta
bib-48,Instrument Use,primary,new_full_run,6a0d47e3-f472-4b63-a6f5-67c693a0adf9,exec_jtr9ta
bib-48,Practical Geometry,primary,new_full_run,6a0d47e3-f472-4b63-a6f5-67c693a0adf9,exec_jtr9ta
bib-48,Surveying,primary,new_full_run,6a0d47e3-f472-4b63-a6f5-67c693a0adf9,exec_jtr9ta
bib-49,Cartography,secondary,new_full_run,6a0d47e3-f472-4b63-a6f5-67c693a0adf9,exec_40223n
bib-49,Geography,secondary,new_full_run,6a0d47e3-f472-4b63-a6f5-67c693a0adf9,exec_40223n
bib-49,Instrument Construction,unknown,new_full_run,6a0d47e3-f472-4b63-a6f5-67c693a0adf9,exec_40223n
bib-49,Instrument Use,primary,new_full_run,6a0d47e3-f472-4b63-a6f5-67c693a0adf9,exec_40223n
bib-49,Practical Geometry,primary,new_full_run,6a0d47e3-f472-4b63-a6f5-67c693a0adf9,exec_40223n
bib-49,Surveying,primary,new_full_run,6a0d47e3-f472-4b63-a6f5-67c693a0adf9,exec_40223n
bib-5,Instrument Use,primary,old_155_handoff,final_hybrid_v1_2026_06_03,final_hybrid_handoff
bib-5,Practical Geometry,primary,old_155_handoff,final_hybrid_v1_2026_06_03,final_hybrid_handoff
bib-50,Astronomy,secondary,new_full_run,6a0d47e3-f472-4b63-a6f5-67c693a0adf9,exec_gz57tf
bib-50,Cartography,unknown,new_full_run,6a0d47e3-f472-4b63-a6f5-67c693a0adf9,exec_gz57tf
bib-50,Geography,unknown,new_full_run,6a0d47e3-f472-4b63-a6f5-67c693a0adf9,exec_gz57tf
bib-50,Instrument Construction,primary,new_full_run,6a0d47e3-f472-4b63-a6f5-67c693a0adf9,exec_gz57tf
bib-50,Instrument Use,primary,new_full_run,6a0d47e3-f472-4b63-a6f5-67c693a0adf9,exec_gz57tf
bib-50,Navigation,unknown,new_full_run,6a0d47e3-f472-4b63-a6f5-67c693a0adf9,exec_gz57tf
bib-50,Practical Geometry,primary,new_full_run,6a0d47e3-f472-4b63-a6f5-67c693a0adf9,exec_gz57tf
bib-50,Surveying,unknown,new_full_run,6a0d47e3-f472-4b63-a6f5-67c693a0adf9,exec_gz57tf
bib-51,Astronomy,unknown,new_full_run,6a0d47e3-f472-4b63-a6f5-67c693a0adf9,exec_x7hrku
bib-51,Cartography,secondary,new_full_run,6a0d47e3-f472-4b63-a6f5-67c693a0adf9,exec_x7hrku
bib-51,Instrument Use,unknown,new_full_run,6a0d47e3-f472-4b63-a6f5-67c693a0adf9,exec_x7hrku
bib-51,Navigation,primary,new_full_run,6a0d47e3-f472-4b63-a6f5-67c693a0adf9,exec_x7hrku
bib-51,Practical Geometry,unknown,new_full_run,6a0d47e3-f472-4b63-a6f5-67c693a0adf9,exec_x7hrku
bib-51,Surveying,unknown,new_full_run,6a0d47e3-f472-4b63-a6f5-67c693a0adf9,exec_x7hrku
bib-51,Theoretical Mathematics,unknown,new_full_run,6a0d47e3-f472-4b63-a6f5-67c693a0adf9,exec_x7hrku
bib-51,Trigonometry,unknown,new_full_run,6a0d47e3-f472-4b63-a6f5-67c693a0adf9,exec_x7hrku
bib-52,Architecture,secondary,old_155_handoff,final_hybrid_v1_2026_06_03,final_hybrid_handoff
bib-52,Instrument Use,primary,old_155_handoff,final_hybrid_v1_2026_06_03,final_hybrid_handoff
bib-52,Practical Geometry,primary,old_155_handoff,final_hybrid_v1_2026_06_03,final_hybrid_handoff
bib-53,Practical Geometry,primary,new_full_run,6a0d47e3-f472-4b63-a6f5-67c693a0adf9,exec_u9d70b
bib-53,Surveying,primary,new_full_run,6a0d47e3-f472-4b63-a6f5-67c693a0adf9,exec_u9d70b
bib-54,Construction,primary,new_full_run,6a0d47e3-f472-4b63-a6f5-67c693a0adf9,exec_8gkw5u
bib-54,Military Engineering,primary,new_full_run,6a0d47e3-f472-4b63-a6f5-67c693a0adf9,exec_8gkw5u
bib-55,Perspective,primary,new_full_run,6a0d47e3-f472-4b63-a6f5-67c693a0adf9,exec_ztdrda
bib-55,Practical Geometry,unknown,new_full_run,6a0d47e3-f472-4b63-a6f5-67c693a0adf9,exec_ztdrda
bib-55,Trigonometry,unknown,new_full_run,6a0d47e3-f472-4b63-a6f5-67c693a0adf9,exec_ztdrda
bib-57,Practical Geometry,primary,new_full_run,6a0d47e3-f472-4b63-a6f5-67c693a0adf9,exec_0oqbr0
bib-57,Theoretical Mathematics,primary,new_full_run,6a0d47e3-f472-4b63-a6f5-67c693a0adf9,exec_0oqbr0
bib-57,Trigonometry,primary,new_full_run,6a0d47e3-f472-4b63-a6f5-67c693a0adf9,exec_0oqbr0
bib-58,Instrument Use,primary,new_full_run,6a0d47e3-f472-4b63-a6f5-67c693a0adf9,exec_vwkt5v
bib-58,Practical Geometry,primary,new_full_run,6a0d47e3-f472-4b63-a6f5-67c693a0adf9,exec_vwkt5v
bib-58,Surveying,primary,new_full_run,6a0d47e3-f472-4b63-a6f5-67c693a0adf9,exec_vwkt5v
bib-59,Practical Geometry,primary,old_155_handoff,final_hybrid_v1_2026_06_03,final_hybrid_handoff
bib-6,Practical Geometry,primary,new_full_run,6a0d47e3-f472-4b63-a6f5-67c693a0adf9,exec_lu49gi
bib-60,Architecture,primary,new_full_run,6a0d47e3-f472-4b63-a6f5-67c693a0adf9,exec_04qi2f
bib-60,Military Engineering,secondary,new_full_run,6a0d47e3-f472-4b63-a6f5-67c693a0adf9,exec_04qi2f
bib-61,Gnomonics & Horology,primary,new_full_run,6a0d47e3-f472-4b63-a6f5-67c693a0adf9,exec_w2tlkx
bib-61,Mechanics,unknown,new_full_run,6a0d47e3-f472-4b63-a6f5-67c693a0adf9,exec_w2tlkx
bib-61,Theoretical Mathematics,primary,new_full_run,6a0d47e3-f472-4b63-a6f5-67c693a0adf9,exec_w2tlkx
bib-62,Instrument Use,secondary,new_full_run,6a0d47e3-f472-4b63-a6f5-67c693a0adf9,exec_232ml2
bib-62,Practical Geometry,primary,new_full_run,6a0d47e3-f472-4b63-a6f5-67c693a0adf9,exec_232ml2
bib-62,Surveying,secondary,new_full_run,6a0d47e3-f472-4b63-a6f5-67c693a0adf9,exec_232ml2
bib-63,Military Engineering,unknown,new_full_run,6a0d47e3-f472-4b63-a6f5-67c693a0adf9,exec_5m61ch
bib-63,Navigation,unknown,new_full_run,6a0d47e3-f472-4b63-a6f5-67c693a0adf9,exec_5m61ch
bib-63,Practical Geometry,primary,new_full_run,6a0d47e3-f472-4b63-a6f5-67c693a0adf9,exec_5m61ch
bib-63,Surveying,unknown,new_full_run,6a0d47e3-f472-4b63-a6f5-67c693a0adf9,exec_5m61ch
bib-64,Practical Geometry,primary,old_155_handoff,final_hybrid_v1_2026_06_03,final_hybrid_handoff
bib-64,Theoretical Mathematics,primary,old_155_handoff,final_hybrid_v1_2026_06_03,final_hybrid_handoff
bib-65,Theoretical Mathematics,primary,new_full_run,6a0d47e3-f472-4b63-a6f5-67c693a0adf9,exec_ipwqhc
bib-66,Theoretical Mathematics,primary,new_full_run,6a0d47e3-f472-4b63-a6f5-67c693a0adf9,exec_kspya9
bib-67,Architecture,unknown,old_155_handoff,final_hybrid_v1_2026_06_03,final_hybrid_handoff
bib-67,Instrument Use,unknown,old_155_handoff,final_hybrid_v1_2026_06_03,final_hybrid_handoff
bib-67,Practical Geometry,primary,old_155_handoff,final_hybrid_v1_2026_06_03,final_hybrid_handoff
bib-68,Theoretical Mathematics,primary,new_full_run,6a0d47e3-f472-4b63-a6f5-67c693a0adf9,exec_aswj67
bib-7,Cartography,secondary,old_155_handoff,final_hybrid_v1_2026_06_03,final_hybrid_handoff
bib-7,Instrument Use,secondary,old_155_handoff,final_hybrid_v1_2026_06_03,final_hybrid_handoff
bib-7,Perspective,secondary,old_155_handoff,final_hybrid_v1_2026_06_03,final_hybrid_handoff
bib-7,Practical Geometry,primary,old_155_handoff,final_hybrid_v1_2026_06_03,final_hybrid_handoff
bib-7,Surveying,secondary,old_155_handoff,final_hybrid_v1_2026_06_03,final_hybrid_handoff
bib-7,Theoretical Mathematics,secondary,old_155_handoff,final_hybrid_v1_2026_06_03,final_hybrid_handoff
bib-70,Architecture,secondary,new_full_run,6a0d47e3-f472-4b63-a6f5-67c693a0adf9,exec_f2k69n
bib-70,Construction,primary,new_full_run,6a0d47e3-f472-4b63-a6f5-67c693a0adf9,exec_f2k69n
bib-70,Military Engineering,primary,new_full_run,6a0d47e3-f472-4b63-a6f5-67c693a0adf9,exec_f2k69n
bib-70,Practical Geometry,primary,new_full_run,6a0d47e3-f472-4b63-a6f5-67c693a0adf9,exec_f2k69n
bib-70,Trigonometry,primary,new_full_run,6a0d47e3-f472-4b63-a6f5-67c693a0adf9,exec_f2k69n
bib-71,Architecture,primary,old_155_handoff,final_hybrid_v1_2026_06_03,final_hybrid_handoff
bib-71,Gnomonics & Horology,secondary,old_155_handoff,final_hybrid_v1_2026_06_03,final_hybrid_handoff
bib-71,Mechanics,secondary,old_155_handoff,final_hybrid_v1_2026_06_03,final_hybrid_handoff
bib-71,Practical Geometry,secondary,old_155_handoff,final_hybrid_v1_2026_06_03,final_hybrid_handoff
bib-72,Architecture,primary,new_full_run,6a0d47e3-f472-4b63-a6f5-67c693a0adf9,exec_oyfezc
bib-72,Arithmetic,primary,new_full_run,6a0d47e3-f472-4b63-a6f5-67c693a0adf9,exec_oyfezc
bib-72,Astronomy,primary,new_full_run,6a0d47e3-f472-4b63-a6f5-67c693a0adf9,exec_oyfezc
bib-72,Cosmography,primary,new_full_run,6a0d47e3-f472-4b63-a6f5-67c693a0adf9,exec_oyfezc
bib-72,Geography,primary,new_full_run,6a0d47e3-f472-4b63-a6f5-67c693a0adf9,exec_oyfezc
bib-72,Music Theory,unknown,new_full_run,6a0d47e3-f472-4b63-a6f5-67c693a0adf9,exec_oyfezc
bib-72,Theoretical Mathematics,unknown,new_full_run,6a0d47e3-f472-4b63-a6f5-67c693a0adf9,exec_oyfezc
bib-75,Construction,secondary,new_full_run,6a0d47e3-f472-4b63-a6f5-67c693a0adf9,exec_l6lod6
bib-75,Practical Geometry,primary,new_full_run,6a0d47e3-f472-4b63-a6f5-67c693a0adf9,exec_l6lod6
bib-75,Surveying,primary,new_full_run,6a0d47e3-f472-4b63-a6f5-67c693a0adf9,exec_l6lod6
bib-75,Theoretical Mathematics,primary,new_full_run,6a0d47e3-f472-4b63-a6f5-67c693a0adf9,exec_l6lod6
bib-76,Arithmetic,secondary,old_155_handoff,final_hybrid_v1_2026_06_03,final_hybrid_handoff
bib-76,Cosmography,primary,old_155_handoff,final_hybrid_v1_2026_06_03,final_hybrid_handoff
bib-76,Instrument Use,unknown,old_155_handoff,final_hybrid_v1_2026_06_03,final_hybrid_handoff
bib-76,Practical Geometry,secondary,old_155_handoff,final_hybrid_v1_2026_06_03,final_hybrid_handoff
bib-76,Theoretical Mathematics,secondary,old_155_handoff,final_hybrid_v1_2026_06_03,final_hybrid_handoff
bib-77,Instrument Use,primary,new_full_run,6a0d47e3-f472-4b63-a6f5-67c693a0adf9,exec_6s8wkq
bib-77,Navigation,unknown,new_full_run,6a0d47e3-f472-4b63-a6f5-67c693a0adf9,exec_6s8wkq
bib-77,Practical Geometry,primary,new_full_run,6a0d47e3-f472-4b63-a6f5-67c693a0adf9,exec_6s8wkq
bib-77,Surveying,unknown,new_full_run,6a0d47e3-f472-4b63-a6f5-67c693a0adf9,exec_6s8wkq
bib-77,Theoretical Mathematics,primary,new_full_run,6a0d47e3-f472-4b63-a6f5-67c693a0adf9,exec_6s8wkq
bib-78,Practical Geometry,primary,new_full_run,6a0d47e3-f472-4b63-a6f5-67c693a0adf9,exec_v0lg87
bib-78,Theoretical Mathematics,primary,new_full_run,6a0d47e3-f472-4b63-a6f5-67c693a0adf9,exec_v0lg87
bib-79,Arithmetic,primary,new_full_run,6a0d47e3-f472-4b63-a6f5-67c693a0adf9,exec_tsel5p
bib-79,Astronomy,unknown,new_full_run,6a0d47e3-f472-4b63-a6f5-67c693a0adf9,exec_tsel5p
bib-79,Geography,primary,new_full_run,6a0d47e3-f472-4b63-a6f5-67c693a0adf9,exec_tsel5p
bib-79,Military Engineering,primary,new_full_run,6a0d47e3-f472-4b63-a6f5-67c693a0adf9,exec_tsel5p
bib-79,Practical Geometry,unknown,new_full_run,6a0d47e3-f472-4b63-a6f5-67c693a0adf9,exec_tsel5p
bib-79,Theoretical Mathematics,unknown,new_full_run,6a0d47e3-f472-4b63-a6f5-67c693a0adf9,exec_tsel5p
bib-79,Trigonometry,primary,new_full_run,6a0d47e3-f472-4b63-a6f5-67c693a0adf9,exec_tsel5p
bib-8,Instrument Use,secondary,old_155_handoff,final_hybrid_v1_2026_06_03,final_hybrid_handoff
bib-8,Practical Geometry,primary,old_155_handoff,final_hybrid_v1_2026_06_03,final_hybrid_handoff
bib-80,Arithmetic,secondary,new_full_run,6a0d47e3-f472-4b63-a6f5-67c693a0adf9,exec_f2iy4e
bib-80,Practical Geometry,primary,new_full_run,6a0d47e3-f472-4b63-a6f5-67c693a0adf9,exec_f2iy4e
bib-80,Surveying,primary,new_full_run,6a0d47e3-f472-4b63-a6f5-67c693a0adf9,exec_f2iy4e
bib-82,Commercial Mathematics,secondary,old_155_handoff,final_hybrid_v1_2026_06_03,final_hybrid_handoff
bib-82,Construction,secondary,old_155_handoff,final_hybrid_v1_2026_06_03,final_hybrid_handoff
bib-82,Instrument Use,secondary,old_155_handoff,final_hybrid_v1_2026_06_03,final_hybrid_handoff
bib-82,Mechanics,secondary,old_155_handoff,final_hybrid_v1_2026_06_03,final_hybrid_handoff
bib-82,Military Engineering,secondary,old_155_handoff,final_hybrid_v1_2026_06_03,final_hybrid_handoff
bib-82,Practical Geometry,primary,old_155_handoff,final_hybrid_v1_2026_06_03,final_hybrid_handoff
bib-82,Theoretical Mathematics,secondary,old_155_handoff,final_hybrid_v1_2026_06_03,final_hybrid_handoff
bib-83,Commercial Mathematics,secondary,old_155_handoff,final_hybrid_v1_2026_06_03,final_hybrid_handoff
bib-83,Construction,secondary,old_155_handoff,final_hybrid_v1_2026_06_03,final_hybrid_handoff
bib-83,Instrument Use,unknown,old_155_handoff,final_hybrid_v1_2026_06_03,final_hybrid_handoff
bib-83,Mechanics,secondary,old_155_handoff,final_hybrid_v1_2026_06_03,final_hybrid_handoff
bib-83,Military Engineering,secondary,old_155_handoff,final_hybrid_v1_2026_06_03,final_hybrid_handoff
bib-83,Practical Geometry,primary,old_155_handoff,final_hybrid_v1_2026_06_03,final_hybrid_handoff
bib-83,Surveying,secondary,old_155_handoff,final_hybrid_v1_2026_06_03,final_hybrid_handoff
bib-84,Architecture,secondary,new_full_run,6a0d47e3-f472-4b63-a6f5-67c693a0adf9,exec_n755o2
bib-84,Construction,primary,new_full_run,6a0d47e3-f472-4b63-a6f5-67c693a0adf9,exec_n755o2
bib-84,Practical Geometry,primary,new_full_run,6a0d47e3-f472-4b63-a6f5-67c693a0adf9,exec_n755o2
bib-84,Surveying,secondary,new_full_run,6a0d47e3-f472-4b63-a6f5-67c693a0adf9,exec_n755o2
bib-85,Architecture,unknown,new_full_run,6a0d47e3-f472-4b63-a6f5-67c693a0adf9,exec_gz17qc
bib-85,Arithmetic,primary,new_full_run,6a0d47e3-f472-4b63-a6f5-67c693a0adf9,exec_gz17qc
bib-85,Commercial Mathematics,unknown,new_full_run,6a0d47e3-f472-4b63-a6f5-67c693a0adf9,exec_gz17qc
bib-85,Instrument Construction,primary,new_full_run,6a0d47e3-f472-4b63-a6f5-67c693a0adf9,exec_gz17qc
bib-85,Instrument Use,primary,new_full_run,6a0d47e3-f472-4b63-a6f5-67c693a0adf9,exec_gz17qc
bib-85,Perspective,unknown,new_full_run,6a0d47e3-f472-4b63-a6f5-67c693a0adf9,exec_gz17qc
bib-85,Practical Geometry,secondary,new_full_run,6a0d47e3-f472-4b63-a6f5-67c693a0adf9,exec_gz17qc
bib-85,Surveying,unknown,new_full_run,6a0d47e3-f472-4b63-a6f5-67c693a0adf9,exec_gz17qc
bib-86,Arithmetic,secondary,new_full_run,6a0d47e3-f472-4b63-a6f5-67c693a0adf9,exec_wix1ik
bib-86,Instrument Construction,primary,new_full_run,6a0d47e3-f472-4b63-a6f5-67c693a0adf9,exec_wix1ik
bib-86,Instrument Use,primary,new_full_run,6a0d47e3-f472-4b63-a6f5-67c693a0adf9,exec_wix1ik
bib-86,Practical Geometry,secondary,new_full_run,6a0d47e3-f472-4b63-a6f5-67c693a0adf9,exec_wix1ik
bib-87,Instrument Use,unknown,old_155_handoff,final_hybrid_v1_2026_06_03,final_hybrid_handoff
bib-87,Practical Geometry,primary,old_155_handoff,final_hybrid_v1_2026_06_03,final_hybrid_handoff
bib-87,Surveying,primary,old_155_handoff,final_hybrid_v1_2026_06_03,final_hybrid_handoff
bib-88,Practical Geometry,primary,new_full_run,6a0d47e3-f472-4b63-a6f5-67c693a0adf9,exec_r7vlhg
bib-88,Surveying,primary,new_full_run,6a0d47e3-f472-4b63-a6f5-67c693a0adf9,exec_r7vlhg
bib-89,Mechanics,unknown,new_full_run,6a0d47e3-f472-4b63-a6f5-67c693a0adf9,exec_i4lz5q
bib-89,Practical Geometry,primary,new_full_run,6a0d47e3-f472-4b63-a6f5-67c693a0adf9,exec_i4lz5q
bib-9,Instrument Use,secondary,old_155_handoff,final_hybrid_v1_2026_06_03,final_hybrid_handoff
bib-9,Mechanics,secondary,old_155_handoff,final_hybrid_v1_2026_06_03,final_hybrid_handoff
bib-9,Practical Geometry,primary,old_155_handoff,final_hybrid_v1_2026_06_03,final_hybrid_handoff
bib-90,Instrument Use,primary,old_155_handoff,final_hybrid_v1_2026_06_03,final_hybrid_handoff
bib-90,Practical Geometry,primary,old_155_handoff,final_hybrid_v1_2026_06_03,final_hybrid_handoff
bib-91,Arithmetic,primary,old_155_handoff,final_hybrid_v1_2026_06_03,final_hybrid_handoff
bib-91,Practical Geometry,primary,old_155_handoff,final_hybrid_v1_2026_06_03,final_hybrid_handoff
bib-91,Theoretical Mathematics,primary,old_155_handoff,final_hybrid_v1_2026_06_03,final_hybrid_handoff
bib-92,Arithmetic,primary,new_full_run,6a0d47e3-f472-4b63-a6f5-67c693a0adf9,exec_vr52ob
bib-92,Commercial Mathematics,primary,new_full_run,6a0d47e3-f472-4b63-a6f5-67c693a0adf9,exec_vr52ob
bib-92,Instrument Use,secondary,new_full_run,6a0d47e3-f472-4b63-a6f5-67c693a0adf9,exec_vr52ob
bib-92,Practical Geometry,primary,new_full_run,6a0d47e3-f472-4b63-a6f5-67c693a0adf9,exec_vr52ob
bib-92,Surveying,primary,new_full_run,6a0d47e3-f472-4b63-a6f5-67c693a0adf9,exec_vr52ob
bib-92,Theoretical Mathematics,primary,new_full_run,6a0d47e3-f472-4b63-a6f5-67c693a0adf9,exec_vr52ob
bib-93,Arithmetic,primary,old_155_handoff,final_hybrid_v1_2026_06_03,final_hybrid_handoff
bib-93,Commercial Mathematics,primary,old_155_handoff,final_hybrid_v1_2026_06_03,final_hybrid_handoff
bib-93,Practical Geometry,primary,old_155_handoff,final_hybrid_v1_2026_06_03,final_hybrid_handoff
bib-93,Surveying,primary,old_155_handoff,final_hybrid_v1_2026_06_03,final_hybrid_handoff
bib-94,Arithmetic,primary,new_full_run,6a0d47e3-f472-4b63-a6f5-67c693a0adf9,exec_xjr770
bib-94,Practical Geometry,primary,new_full_run,6a0d47e3-f472-4b63-a6f5-67c693a0adf9,exec_xjr770
bib-95,Arithmetic,primary,new_full_run,6a0d47e3-f472-4b63-a6f5-67c693a0adf9,exec_12i0uq
bib-95,Astronomy,primary,new_full_run,6a0d47e3-f472-4b63-a6f5-67c693a0adf9,exec_12i0uq
bib-95,Geography,primary,new_full_run,6a0d47e3-f472-4b63-a6f5-67c693a0adf9,exec_12i0uq
bib-95,Gnomonics & Horology,primary,new_full_run,6a0d47e3-f472-4b63-a6f5-67c693a0adf9,exec_12i0uq
bib-95,Music Theory,unknown,new_full_run,6a0d47e3-f472-4b63-a6f5-67c693a0adf9,exec_12i0uq
bib-95,Theoretical Mathematics,unknown,new_full_run,6a0d47e3-f472-4b63-a6f5-67c693a0adf9,exec_12i0uq
bib-96,Astronomy,secondary,new_full_run,6a0d47e3-f472-4b63-a6f5-67c693a0adf9,exec_jfzbuq
bib-96,Geography,secondary,new_full_run,6a0d47e3-f472-4b63-a6f5-67c693a0adf9,exec_jfzbuq
bib-96,Gnomonics & Horology,secondary,new_full_run,6a0d47e3-f472-4b63-a6f5-67c693a0adf9,exec_jfzbuq
bib-96,Navigation,secondary,new_full_run,6a0d47e3-f472-4b63-a6f5-67c693a0adf9,exec_jfzbuq
bib-99,Architecture,primary,new_full_run,6a0d47e3-f472-4b63-a6f5-67c693a0adf9,exec_w4sitq
bib-99,Construction,primary,new_full_run,6a0d47e3-f472-4b63-a6f5-67c693a0adf9,exec_w4sitq
bib-99,Military Engineering,primary,new_full_run,6a0d47e3-f472-4b63-a6f5-67c693a0adf9,exec_w4sitq
bib-99,Practical Geometry,primary,new_full_run,6a0d47e3-f472-4b63-a6f5-67c693a0adf9,exec_w4sitq
bib-99,Surveying,primary,new_full_run,6a0d47e3-f472-4b63-a6f5-67c693a0adf9,exec_w4sitq
bib-99,Theoretical Mathematics,primary,new_full_run,6a0d47e3-f472-4b63-a6f5-67c693a0adf9,exec_w4sitq
s.l_1650,Theoretical Mathematics,primary,new_full_run,6a0d47e3-f472-4b63-a6f5-67c693a0adf9,exec_s5jpz4
ustc-10,Instrument Use,primary,new_full_run,6a0d47e3-f472-4b63-a6f5-67c693a0adf9,exec_0zrbb7
ustc-10,Practical Geometry,primary,new_full_run,6a0d47e3-f472-4b63-a6f5-67c693a0adf9,exec_0zrbb7
ustc-11,Instrument Use,primary,new_full_run,6a0d47e3-f472-4b63-a6f5-67c693a0adf9,exec_zmka1u
ustc-11,Practical Geometry,primary,new_full_run,6a0d47e3-f472-4b63-a6f5-67c693a0adf9,exec_zmka1u
ustc-11,Surveying,unknown,new_full_run,6a0d47e3-f472-4b63-a6f5-67c693a0adf9,exec_zmka1u
ustc-12,Theoretical Mathematics,secondary,new_full_run,6a0d47e3-f472-4b63-a6f5-67c693a0adf9,exec_ktlbjv
ustc-12,Trigonometry,primary,new_full_run,6a0d47e3-f472-4b63-a6f5-67c693a0adf9,exec_ktlbjv
ustc-13,Mechanics,primary,new_full_run,6a0d47e3-f472-4b63-a6f5-67c693a0adf9,exec_wzoo0a
ustc-13,Theoretical Mathematics,unknown,new_full_run,6a0d47e3-f472-4b63-a6f5-67c693a0adf9,exec_wzoo0a
ustc-14,Gnomonics & Horology,primary,new_full_run,6a0d47e3-f472-4b63-a6f5-67c693a0adf9,exec_kpmkpf
ustc-14,Instrument Construction,primary,new_full_run,6a0d47e3-f472-4b63-a6f5-67c693a0adf9,exec_kpmkpf
ustc-14,Instrument Use,primary,new_full_run,6a0d47e3-f472-4b63-a6f5-67c693a0adf9,exec_kpmkpf
ustc-14,Practical Geometry,primary,new_full_run,6a0d47e3-f472-4b63-a6f5-67c693a0adf9,exec_kpmkpf
ustc-15,Practical Geometry,primary,new_full_run,6a0d47e3-f472-4b63-a6f5-67c693a0adf9,exec_xghn1p
ustc-15,Surveying,primary,new_full_run,6a0d47e3-f472-4b63-a6f5-67c693a0adf9,exec_xghn1p
ustc-16,Astronomy,primary,old_155_handoff,final_hybrid_v1_2026_06_03,final_hybrid_handoff
ustc-16,Instrument Construction,primary,old_155_handoff,final_hybrid_v1_2026_06_03,final_hybrid_handoff
ustc-16,Instrument Use,primary,old_155_handoff,final_hybrid_v1_2026_06_03,final_hybrid_handoff
ustc-16,Navigation,primary,old_155_handoff,final_hybrid_v1_2026_06_03,final_hybrid_handoff
ustc-16,Practical Geometry,secondary,old_155_handoff,final_hybrid_v1_2026_06_03,final_hybrid_handoff
ustc-17,Arithmetic,primary,new_full_run,6a0d47e3-f472-4b63-a6f5-67c693a0adf9,exec_jsavmh
ustc-17,Commercial Mathematics,primary,new_full_run,6a0d47e3-f472-4b63-a6f5-67c693a0adf9,exec_jsavmh
ustc-18,Arithmetic,primary,new_full_run,6a0d47e3-f472-4b63-a6f5-67c693a0adf9,exec_4xh83z
ustc-18,Construction,primary,new_full_run,6a0d47e3-f472-4b63-a6f5-67c693a0adf9,exec_4xh83z
ustc-18,Instrument Use,secondary,new_full_run,6a0d47e3-f472-4b63-a6f5-67c693a0adf9,exec_4xh83z
ustc-18,Military Engineering,primary,new_full_run,6a0d47e3-f472-4b63-a6f5-67c693a0adf9,exec_4xh83z
ustc-18,Practical Geometry,primary,new_full_run,6a0d47e3-f472-4b63-a6f5-67c693a0adf9,exec_4xh83z
ustc-18,Trigonometry,primary,new_full_run,6a0d47e3-f472-4b63-a6f5-67c693a0adf9,exec_4xh83z
ustc-19,Theoretical Mathematics,primary,new_full_run,6a0d47e3-f472-4b63-a6f5-67c693a0adf9,exec_gu4dnl
ustc-2,Arithmetic,primary,new_full_run,6a0d47e3-f472-4b63-a6f5-67c693a0adf9,exec_sxo5ls
ustc-2,Theoretical Mathematics,secondary,new_full_run,6a0d47e3-f472-4b63-a6f5-67c693a0adf9,exec_sxo5ls
ustc-21,Arithmetic,primary,new_full_run,6a0d47e3-f472-4b63-a6f5-67c693a0adf9,exec_wsx0kk
ustc-21,Theoretical Mathematics,primary,new_full_run,6a0d47e3-f472-4b63-a6f5-67c693a0adf9,exec_wsx0kk
ustc-23,Practical Geometry,primary,new_full_run,6a0d47e3-f472-4b63-a6f5-67c693a0adf9,exec_zimjxc
ustc-23,Theoretical Mathematics,unknown,new_full_run,6a0d47e3-f472-4b63-a6f5-67c693a0adf9,exec_zimjxc
ustc-25,Theoretical Mathematics,primary,new_full_run,6a0d47e3-f472-4b63-a6f5-67c693a0adf9,exec_0zf3fc
ustc-26,Arithmetic,primary,new_full_run,6a0d47e3-f472-4b63-a6f5-67c693a0adf9,exec_0uryt6
ustc-26,Construction,primary,new_full_run,6a0d47e3-f472-4b63-a6f5-67c693a0adf9,exec_0uryt6
ustc-26,Instrument Use,primary,new_full_run,6a0d47e3-f472-4b63-a6f5-67c693a0adf9,exec_0uryt6
ustc-26,Military Engineering,primary,new_full_run,6a0d47e3-f472-4b63-a6f5-67c693a0adf9,exec_0uryt6
ustc-26,Practical Geometry,primary,new_full_run,6a0d47e3-f472-4b63-a6f5-67c693a0adf9,exec_0uryt6
ustc-26,Trigonometry,primary,new_full_run,6a0d47e3-f472-4b63-a6f5-67c693a0adf9,exec_0uryt6
ustc-27,Arithmetic,primary,new_full_run,6a0d47e3-f472-4b63-a6f5-67c693a0adf9,exec_n9wg2s
ustc-27,Commercial Mathematics,primary,new_full_run,6a0d47e3-f472-4b63-a6f5-67c693a0adf9,exec_n9wg2s
ustc-28,Arithmetic,primary,new_full_run,6a0d47e3-f472-4b63-a6f5-67c693a0adf9,exec_eeamu6
ustc-28,Practical Geometry,secondary,new_full_run,6a0d47e3-f472-4b63-a6f5-67c693a0adf9,exec_eeamu6
ustc-29,Architecture,unknown,old_155_handoff,final_hybrid_v1_2026_06_03,final_hybrid_handoff
ustc-29,Instrument Use,secondary,old_155_handoff,final_hybrid_v1_2026_06_03,final_hybrid_handoff
ustc-29,Practical Geometry,primary,old_155_handoff,final_hybrid_v1_2026_06_03,final_hybrid_handoff
ustc-3,Theoretical Mathematics,primary,new_full_run,6a0d47e3-f472-4b63-a6f5-67c693a0adf9,exec_c3kcsq
ustc-3,Trigonometry,primary,new_full_run,6a0d47e3-f472-4b63-a6f5-67c693a0adf9,exec_c3kcsq
ustc-31,Arithmetic,primary,new_full_run,6a0d47e3-f472-4b63-a6f5-67c693a0adf9,exec_fmydl0
ustc-31,Theoretical Mathematics,secondary,new_full_run,6a0d47e3-f472-4b63-a6f5-67c693a0adf9,exec_fmydl0
ustc-32,Arithmetic,primary,old_155_handoff,final_hybrid_v1_2026_06_03,final_hybrid_handoff
ustc-33,Astronomy,unknown,new_full_run,6a0d47e3-f472-4b63-a6f5-67c693a0adf9,exec_jalkfy
ustc-33,Instrument Use,primary,new_full_run,6a0d47e3-f472-4b63-a6f5-67c693a0adf9,exec_jalkfy
ustc-33,Navigation,unknown,new_full_run,6a0d47e3-f472-4b63-a6f5-67c693a0adf9,exec_jalkfy
ustc-33,Practical Geometry,secondary,new_full_run,6a0d47e3-f472-4b63-a6f5-67c693a0adf9,exec_jalkfy
ustc-33,Theoretical Mathematics,unknown,new_full_run,6a0d47e3-f472-4b63-a6f5-67c693a0adf9,exec_jalkfy
ustc-34,Practical Geometry,primary,new_full_run,6a0d47e3-f472-4b63-a6f5-67c693a0adf9,exec_nlkq5u
ustc-34,Surveying,primary,new_full_run,6a0d47e3-f472-4b63-a6f5-67c693a0adf9,exec_nlkq5u
ustc-35,Practical Geometry,primary,new_full_run,6a0d47e3-f472-4b63-a6f5-67c693a0adf9,exec_jdd0s3
ustc-35,Surveying,primary,new_full_run,6a0d47e3-f472-4b63-a6f5-67c693a0adf9,exec_jdd0s3
ustc-36,Arithmetic,primary,new_full_run,6a0d47e3-f472-4b63-a6f5-67c693a0adf9,exec_83bccq
ustc-36,Practical Geometry,secondary,new_full_run,6a0d47e3-f472-4b63-a6f5-67c693a0adf9,exec_83bccq
ustc-38,Arithmetic,primary,new_full_run,6a0d47e3-f472-4b63-a6f5-67c693a0adf9,exec_dkmuny
ustc-38,Practical Geometry,secondary,new_full_run,6a0d47e3-f472-4b63-a6f5-67c693a0adf9,exec_dkmuny
ustc-39,Practical Geometry,primary,new_full_run,6a0d47e3-f472-4b63-a6f5-67c693a0adf9,exec_2li6dl
ustc-4,Arithmetic,primary,new_full_run,6a0d47e3-f472-4b63-a6f5-67c693a0adf9,exec_00f1ie
ustc-4,Instrument Use,secondary,new_full_run,6a0d47e3-f472-4b63-a6f5-67c693a0adf9,exec_00f1ie
ustc-4,Practical Geometry,primary,new_full_run,6a0d47e3-f472-4b63-a6f5-67c693a0adf9,exec_00f1ie
ustc-4,Surveying,primary,new_full_run,6a0d47e3-f472-4b63-a6f5-67c693a0adf9,exec_00f1ie
ustc-40,Arithmetic,primary,new_full_run,6a0d47e3-f472-4b63-a6f5-67c693a0adf9,exec_ae13sa
ustc-40,Mechanics,primary,new_full_run,6a0d47e3-f472-4b63-a6f5-67c693a0adf9,exec_ae13sa
ustc-41,Mechanics,primary,new_full_run,6a0d47e3-f472-4b63-a6f5-67c693a0adf9,exec_vli5xq
ustc-41,Practical Geometry,unknown,new_full_run,6a0d47e3-f472-4b63-a6f5-67c693a0adf9,exec_vli5xq
ustc-41,Theoretical Mathematics,unknown,new_full_run,6a0d47e3-f472-4b63-a6f5-67c693a0adf9,exec_vli5xq
ustc-42,Arithmetic,primary,new_full_run,6a0d47e3-f472-4b63-a6f5-67c693a0adf9,exec_mlkyzd
ustc-42,Cosmography,primary,new_full_run,6a0d47e3-f472-4b63-a6f5-67c693a0adf9,exec_mlkyzd
ustc-42,Mechanics,primary,new_full_run,6a0d47e3-f472-4b63-a6f5-67c693a0adf9,exec_mlkyzd
ustc-44,Instrument Use,unknown,old_155_handoff,final_hybrid_v1_2026_06_03,final_hybrid_handoff
ustc-44,Practical Geometry,primary,old_155_handoff,final_hybrid_v1_2026_06_03,final_hybrid_handoff
ustc-46,Arithmetic,primary,new_full_run,6a0d47e3-f472-4b63-a6f5-67c693a0adf9,exec_s2hyco
ustc-46,Commercial Mathematics,primary,new_full_run,6a0d47e3-f472-4b63-a6f5-67c693a0adf9,exec_s2hyco
ustc-47,Theoretical Mathematics,primary,new_full_run,6a0d47e3-f472-4b63-a6f5-67c693a0adf9,exec_uwwns2
ustc-48,Theoretical Mathematics,primary,new_full_run,6a0d47e3-f472-4b63-a6f5-67c693a0adf9,exec_8zwlka
ustc-49,Theoretical Mathematics,primary,new_full_run,6a0d47e3-f472-4b63-a6f5-67c693a0adf9,exec_q5h0da
ustc-5,Architecture,unknown,new_full_run,6a0d47e3-f472-4b63-a6f5-67c693a0adf9,exec_63xbij
ustc-5,Arithmetic,unknown,new_full_run,6a0d47e3-f472-4b63-a6f5-67c693a0adf9,exec_63xbij
ustc-5,Astronomy,unknown,new_full_run,6a0d47e3-f472-4b63-a6f5-67c693a0adf9,exec_63xbij
ustc-5,Cartography,unknown,new_full_run,6a0d47e3-f472-4b63-a6f5-67c693a0adf9,exec_63xbij
ustc-5,Commercial Mathematics,unknown,new_full_run,6a0d47e3-f472-4b63-a6f5-67c693a0adf9,exec_63xbij
ustc-5,Construction,unknown,new_full_run,6a0d47e3-f472-4b63-a6f5-67c693a0adf9,exec_63xbij
ustc-5,Cosmography,unknown,new_full_run,6a0d47e3-f472-4b63-a6f5-67c693a0adf9,exec_63xbij
ustc-5,Geography,unknown,new_full_run,6a0d47e3-f472-4b63-a6f5-67c693a0adf9,exec_63xbij
ustc-5,Gnomonics & Horology,unknown,new_full_run,6a0d47e3-f472-4b63-a6f5-67c693a0adf9,exec_63xbij
ustc-5,Instrument Construction,unknown,new_full_run,6a0d47e3-f472-4b63-a6f5-67c693a0adf9,exec_63xbij
ustc-5,Instrument Use,unknown,new_full_run,6a0d47e3-f472-4b63-a6f5-67c693a0adf9,exec_63xbij
ustc-5,Mechanics,unknown,new_full_run,6a0d47e3-f472-4b63-a6f5-67c693a0adf9,exec_63xbij
ustc-5,Military Engineering,unknown,new_full_run,6a0d47e3-f472-4b63-a6f5-67c693a0adf9,exec_63xbij
ustc-5,Music Theory,unknown,new_full_run,6a0d47e3-f472-4b63-a6f5-67c693a0adf9,exec_63xbij
ustc-5,Navigation,unknown,new_full_run,6a0d47e3-f472-4b63-a6f5-67c693a0adf9,exec_63xbij
ustc-5,Perspective,unknown,new_full_run,6a0d47e3-f472-4b63-a6f5-67c693a0adf9,exec_63xbij
ustc-5,Practical Geometry,unknown,new_full_run,6a0d47e3-f472-4b63-a6f5-67c693a0adf9,exec_63xbij
ustc-5,Surveying,unknown,new_full_run,6a0d47e3-f472-4b63-a6f5-67c693a0adf9,exec_63xbij
ustc-5,Theoretical Mathematics,unknown,new_full_run,6a0d47e3-f472-4b63-a6f5-67c693a0adf9,exec_63xbij
ustc-5,Trigonometry,unknown,new_full_run,6a0d47e3-f472-4b63-a6f5-67c693a0adf9,exec_63xbij
ustc-50,Arithmetic,primary,new_full_run,6a0d47e3-f472-4b63-a6f5-67c693a0adf9,exec_jqkmu2
ustc-50,Theoretical Mathematics,primary,new_full_run,6a0d47e3-f472-4b63-a6f5-67c693a0adf9,exec_jqkmu2
ustc-52,Arithmetic,primary,new_full_run,6a0d47e3-f472-4b63-a6f5-67c693a0adf9,exec_kt73x9
ustc-52,Commercial Mathematics,primary,new_full_run,6a0d47e3-f472-4b63-a6f5-67c693a0adf9,exec_kt73x9
ustc-53,Arithmetic,primary,new_full_run,6a0d47e3-f472-4b63-a6f5-67c693a0adf9,exec_uw078h
ustc-53,Commercial Mathematics,primary,new_full_run,6a0d47e3-f472-4b63-a6f5-67c693a0adf9,exec_uw078h
ustc-53,Surveying,primary,new_full_run,6a0d47e3-f472-4b63-a6f5-67c693a0adf9,exec_uw078h
ustc-54,Practical Geometry,primary,new_full_run,6a0d47e3-f472-4b63-a6f5-67c693a0adf9,exec_wga5j1
ustc-54,Surveying,unknown,new_full_run,6a0d47e3-f472-4b63-a6f5-67c693a0adf9,exec_wga5j1
ustc-55,Astronomy,primary,new_full_run,6a0d47e3-f472-4b63-a6f5-67c693a0adf9,exec_akew0q
ustc-55,Instrument Use,primary,new_full_run,6a0d47e3-f472-4b63-a6f5-67c693a0adf9,exec_akew0q
ustc-55,Practical Geometry,secondary,new_full_run,6a0d47e3-f472-4b63-a6f5-67c693a0adf9,exec_akew0q
ustc-56,Arithmetic,primary,new_full_run,6a0d47e3-f472-4b63-a6f5-67c693a0adf9,exec_120558
ustc-56,Instrument Use,unknown,new_full_run,6a0d47e3-f472-4b63-a6f5-67c693a0adf9,exec_120558
ustc-56,Practical Geometry,primary,new_full_run,6a0d47e3-f472-4b63-a6f5-67c693a0adf9,exec_120558
ustc-56,Surveying,primary,new_full_run,6a0d47e3-f472-4b63-a6f5-67c693a0adf9,exec_120558
ustc-57,Practical Geometry,primary,new_full_run,6a0d47e3-f472-4b63-a6f5-67c693a0adf9,exec_7czdf2
ustc-57,Surveying,unknown,new_full_run,6a0d47e3-f472-4b63-a6f5-67c693a0adf9,exec_7czdf2
ustc-58,Practical Geometry,primary,new_full_run,6a0d47e3-f472-4b63-a6f5-67c693a0adf9,exec_rr2dzz
ustc-59,Astronomy,unknown,new_full_run,6a0d47e3-f472-4b63-a6f5-67c693a0adf9,exec_8nqorv
ustc-59,Cosmography,unknown,new_full_run,6a0d47e3-f472-4b63-a6f5-67c693a0adf9,exec_8nqorv
ustc-59,Geography,unknown,new_full_run,6a0d47e3-f472-4b63-a6f5-67c693a0adf9,exec_8nqorv
ustc-59,Instrument Use,secondary,new_full_run,6a0d47e3-f472-4b63-a6f5-67c693a0adf9,exec_8nqorv
ustc-59,Navigation,unknown,new_full_run,6a0d47e3-f472-4b63-a6f5-67c693a0adf9,exec_8nqorv
ustc-59,Practical Geometry,unknown,new_full_run,6a0d47e3-f472-4b63-a6f5-67c693a0adf9,exec_8nqorv
ustc-59,Theoretical Mathematics,unknown,new_full_run,6a0d47e3-f472-4b63-a6f5-67c693a0adf9,exec_8nqorv
ustc-6,Arithmetic,secondary,new_full_run,6a0d47e3-f472-4b63-a6f5-67c693a0adf9,exec_2e3287
ustc-6,Military Engineering,primary,new_full_run,6a0d47e3-f472-4b63-a6f5-67c693a0adf9,exec_2e3287
ustc-6,Practical Geometry,unknown,new_full_run,6a0d47e3-f472-4b63-a6f5-67c693a0adf9,exec_2e3287
ustc-60,Theoretical Mathematics,primary,new_full_run,6a0d47e3-f472-4b63-a6f5-67c693a0adf9,exec_metf6g
ustc-63,Astronomy,primary,new_full_run,6a0d47e3-f472-4b63-a6f5-67c693a0adf9,exec_u1dh8e
ustc-63,Gnomonics & Horology,primary,new_full_run,6a0d47e3-f472-4b63-a6f5-67c693a0adf9,exec_u1dh8e
ustc-63,Instrument Use,primary,new_full_run,6a0d47e3-f472-4b63-a6f5-67c693a0adf9,exec_u1dh8e
ustc-63,Practical Geometry,unknown,new_full_run,6a0d47e3-f472-4b63-a6f5-67c693a0adf9,exec_u1dh8e
ustc-7,Instrument Use,primary,new_full_run,6a0d47e3-f472-4b63-a6f5-67c693a0adf9,exec_jbpajn
ustc-7,Practical Geometry,secondary,new_full_run,6a0d47e3-f472-4b63-a6f5-67c693a0adf9,exec_jbpajn
ustc-7,Theoretical Mathematics,unknown,new_full_run,6a0d47e3-f472-4b63-a6f5-67c693a0adf9,exec_jbpajn
ustc-8,Practical Geometry,primary,new_full_run,6a0d47e3-f472-4b63-a6f5-67c693a0adf9,exec_187lq2
ustc-8,Surveying,unknown,new_full_run,6a0d47e3-f472-4b63-a6f5-67c693a0adf9,exec_187lq2
ustc-9,Arithmetic,primary,new_full_run,6a0d47e3-f472-4b63-a6f5-67c693a0adf9,exec_2noc4q
ustc-9,Practical Geometry,secondary,new_full_run,6a0d47e3-f472-4b63-a6f5-67c693a0adf9,exec_2noc4q
ustc-9,Trigonometry,secondary,new_full_run,6a0d47e3-f472-4b63-a6f5-67c693a0adf9,exec_2noc4q
