classification_key,short_title,year,period,city,language_first,primary_subject_family,is_metadata_elements_representative,elements_books_group,natural_dominant_mode,format_group,format_first,deductive_part_count,deductive_parts,deductive_part_evidence,part_demonstrations_proofs,part_propositions,part_theorems,part_problems,part_figures_diagrams,part_scholia_commentary,part_notes_observations,part_corollaries,part_definitions,part_axioms_common_notions,part_postulates,part_lemmas,part_enunciations,part_examples,part_operations_constructions,part_principles,part_paradoxes
Basel_1550,Euclidis Megarensis philosophi et mathematici excellentissimi sex libri priores de geometricis principiis,1550,1550-1599,Basel,LATIN,Geometry/Theory,True,books_1_6,institutional-composite,folio,2,5,demonstrations_proofs;propositions;notes_observations;examples;principles,"Euclidis Megarensis philosophi et mathematici excellentissimi sex libri priores de geometricis principiis | adiectis | præmissæ | studiosorum | sex libri priores | de geometricis principijs, græci & latini, unà cum demonstrationibus propositionum, absque literarum notis, ueris ac proprijs, & alijs quibusdam, usum earum concernentibus | in inclyta academia tubingensi euclidis professore ordinario | sex libri priores | adiectis | algebrae porro regvlae, propter nvmerorum exempla, passim propositionibus adiecta, his libris præmissæ sunt, eædemque demonstratæ | algebrae porro regvlae | megarensis, philosophi & mathematici excel-lentissimi | euclidis professore ordinario | græci | latini | evclidis megarensis | euclidis | adiectis prmiss de geometricis principijs grci latini una cum demonstrationibus propositionum absque literarum notis ueris ac proprijs alijs quibusdam usum earum concernentibus adiectis algebrae porro regvlae propter nvmerorum exempla passim propositionibus adiecta his libris prmiss sunt edemque demonstrat algebrae porro regvlae grci latini sex libri priores evclidis megarensis euclidis megarensis philosophi mathematici excel lentissimi euclidis professore ordinario | adiectis prmiss de geometricis principijs grci latini una cum demonstrationibus propositionum absque literarum notis ueris ac proprijs alijs quibusdam usum earum concernentibus adiectis algebrae porro regvlae propter nvmerorum exempla passim propositionibus adiecta his libris prmiss sunt edemque demonstrat algebrae porro regvlae studiosorum academia tubingensi grci latini sex libri priores evclidis megarensis euclidis megarensis philosophi mathematici excel lentissimi euclidis professore ordinario in inclyta academia tubingensi euclidis professore ordinario ioanne schevbelio | DE Geometricis principijs, Græci & Latini, unà cum demonstrationibus propositionum, absque literarum notis, ueris ac proprijs, & alijs quibusdam, usum earum concernentibus | SEX LIBRI PRIORES | adiectis | ALGEBRAE PORRO REGVLAE, PROPTER NVMErorum exempla, passim propositionibus adiecta, his libris præmissæ sunt, eædemque demonstratæ | False | False | False",True,True,False,False,False,False,True,False,False,False,False,False,False,True,False,True,False
Antwerp_1645,"Euclidis elementorum geometricorum libros tredecim Isidorum et Hypsiclem & recentiores de corporibus regularibus, & Procli propositiones geometricas",1645,1600-1649,Antwerp,LATIN,Geometry/Theory,True,near_complete_or_expanded,institutional-composite,folio,2,5,demonstrations_proofs;propositions;corollaries;definitions;axioms_common_notions,"Euclidis elementorum geometricorum libros tredecim Isidorum et Hypsiclem & recentiores de corporibus regularibus, & Procli propositiones geometricas | illustrauit | locupletauit | evclidis elementorvm geometricorvm libros tredecim isidorvm | immissionemq´ ue duarum rectarum linearum continué proportionalium inter duas rectas, tàm secundùm antiquos, quàm se-cundùm recentiores geometras, nouis vbique ferè demonstrationibus illustrauit, & multis definitionibus, axiomatibus, propositionibus, corollariis, & animaduersionibus, ad geometriam rectè intelligen-dam necessariis, locupletauit | e societate iesv sacerdos, patria ornacensis in libero comitatu burgundiæ, & regius mathematicarum professor | evclidis elementorvm geometricorvm libros tredecim isidorvm | immissionemq´ ue duarum rectarum linearum continué proportionalium inter duas rectas | nouis vbique ferè demonstrationibus | multis definitionibus, axiomatibus, propositionibus, corollariis, & animaduersionibus | hypsiclem | recentiores de corporibus regularibus | procli propositiones geo-metricas | hypsiclem | recentiores de corporibus regularibus | procli propositiones geo-metricas | evclidis | illustrauit locupletauit immissionemq ue duarum rectarum linearum continue proportionalium inter duas rectas tam secundum antiquos quam se cundum recentiores geometras nouis vbique fere demonstrationibus illustrauit multis definitionibus axiomatibus propositionibus corollariis animaduersionibus ad geometriam recte intelligen dam necessariis locupletauit immissionemq ue duarum rectarum linearum continue proportionalium inter duas rectas nouis vbique fere demonstrationibus multis definitionibus axiomatibus propositionibus corollariis animaduersionibus hypsiclem recentiores de corporibus regularibus procli propositiones geo metricas hypsiclem recentiores de corporibus regularibus procli propositiones geo metricas evclidis elementorvm geometricorvm libros tredecim isidorvm evclidis | illustrauit locupletauit immissionemq ue duarum rectarum linearum continue proportionalium inter duas rectas tam secundum antiquos quam se cundum recentiores geometras nouis vbique fere demonstrationibus illustrauit multis definitionibus axiomatibus propositionibus corollariis animaduersionibus ad geometriam recte intelligen dam necessariis locupletauit immissionemq ue duarum rectarum linearum continue proportionalium inter duas rectas nouis vbique fere demonstrationibus multis definitionibus axiomatibus propositionibus corollariis animaduersionibus hypsiclem recentiores de corporibus regularibus procli propositiones geo metricas hypsiclem recentiores de corporibus regularibus procli propositiones geo metricas societate iesv evclidis elementorvm geometricorvm libros tredecim isidorvm evclidis e societate iesv sacerdos patria ornacensis in libero comitatu burgundi regius mathematicarum professor clavdivs richardvs | Immissionemq´ ue duarum rectarum linearum continué proportionalium inter duas rectas, tàm secundùm Antiquos, quàm se-cundùm Recentiores Geometras, nouis vbique ferè demonstrationibus illustrauit, & multis definitionibus, axiomatibus, propositionibus, corollariis, & animaduersionibus, ad Geometriam rectè intelligen-dam necessariis, locupletauit | EVCLIDIS ELEMENTORVM GEOMETRICORVM LIBROS TREDECIM ISIDORVM | Immissionemq´ ue duarum rectarum linearum continué proportionalium inter duas rectas | nouis vbique ferè demonstrationibus | multis definitionibus, axiomatibus, propositionibus, corollariis, & animaduersionibus | HYPSICLEM | Recentiores de Corporibus Regularibus | PROCLI PROPOSITIONES GEO-METRICAS | False | False | False",True,True,False,False,False,False,False,True,True,True,False,False,False,False,False,False,False
Cambridge_1703,,1703,1700+,Cambridge,LATIN,No primary family,True,books_1_6_plus_solids,institutional-composite,octavo,8,4,propositions;theorems;figures_diagrams;corollaries,accedunt | emendata | illustrata | accommodata | elementa geometriæ planæ ac solidæ | in hac nova editione | summa cura emendata | a. m. math-eseωs professore lucasiano apud cantabrigienses | archimede | elementa geometriæ planæ ac solidæ | corollaria non pauca illustrandis elementis accommodata | varios propositionum pluri-marum usus continentia | xl schematibus novis æri incisis illustrata | selecta ex archimede theoremata | selecta ex archimede theoremata | accedunt emendata illustrata accommodata in hac nova editione summa cura emendata corollaria non pauca illustrandis elementis accommodata varios propositionum pluri marum usus continentia xl schematibus novis ri incisis illustrata selecta ex archimede theoremata selecta ex archimede theoremata archimede elementa geometri plan ac solid | accedunt emendata illustrata accommodata in hac nova editione summa cura emendata corollaria non pauca illustrandis elementis accommodata varios propositionum pluri marum usus continentia xl schematibus novis ri incisis illustrata selecta ex archimede theoremata selecta ex archimede theoremata soc jesu cantabrigienses archimede elementa geometri plan ac solid a m math eses professore lucasiano apud cantabrigienses gvlielmo whiston | ELEMENTA GEOMETRIÆ PLANÆ AC SOLIDÆ | COROLLARIA non pauca illustrandis Elementis accommodata | varios propositionum pluri-marum USUS continentia | XL Schematibus novis æri incisis illustrata | in hac nova Editione | Summa cura emendata | SELECTA EX ARCHIMEDE THEOREMATA | False | False | False,False,True,True,False,True,False,False,True,False,False,False,False,False,False,False,False,False
Basel_1570,,1570,1550-1599,Basel,DUTCH,Geometry/Theory | Arithmetic/Commerce | Music,True,unknown_books,institutional-composite,folio,2,3,demonstrations_proofs;scholia_commentary;principles,"recognita | emendatiss | prodeunt | accesservnt | restituit | illustrauit | descripsit | anitii manlii severini boethi, philosophorvm et theologorvm principis opera omnia | præter uniuersæ philosophiæ exactissimam doctrinam, pluri-morum in diuinis mysteriorum, & diiciliorum locorum in platone, aristotele alijsque græcis & latinis autoribus luculentissimæ expli-cationes | nunc denuò per doctos uiros recognita | primùm emendatiss. in lucem prodeunt | episcopi pictauiensis | ioannis murmelij | rodolphi agricolæ | gilberti porretæ | henricvs loritvs glareanvs | mar-tianvs rota | plato | gilberti porretæ, episcopi pictauiensis | demonstrationibus & figuris | ioannis murmelij in v. lib. de consolatione philosophiæ commentaria | rodolphi agricolæ enarrationes | gilberti porretæ, episcopi pictauiensis in iiii. lib. de trinitate commentarij | henricvs loritvs glareanvs, arithmeticam & musicam demonstrationibus & figuris auctiorem redditam | mar-tianvs rota, opus de tota differendi ratione, hoc est, organum, dialecticæ & rhetoricæ studiosis necessarium | de consolatione philosophiæ | enarrationes | de trinitate | arithmeticam & musicam | opus de tota differendi ratione | recognita emendatiss prodeunt accesservnt restituit illustrauit descripsit nunc denuo per doctos uiros recognita primum emendatiss in lucem prodeunt prter uniuers philosophi exactissimam doctrinam pluri morum in diuinis mysteriorum diiciliorum locorum in platone aristotele alijsque grcis latinis autoribus luculentissim expli cationes demonstrationibus figuris ioannis murmelij in v lib de consolatione philosophi commentaria rodolphi agricol enarrationes gilberti porret episcopi pictauiensis in iiii lib de trinitate commentarij henricvs loritvs glareanvs arithmeticam musicam demonstrationibus figuris auctiorem redditam mar tianvs rota opus de tota differendi ratione hoc est organum dialectic rhetoric studiosis necessarium de consolatione philosophi enarrationes de trinitate arithmeticam musicam opus de tota differendi ratione ioannis murmelij rodolphi agricol gilberti porret henricvs loritvs glareanvs mar tianvs rota plato gilberti porret episcopi pictauiensis | recognita emendatiss prodeunt accesservnt restituit illustrauit descripsit nunc denuo per doctos uiros recognita primum emendatiss in lucem prodeunt prter uniuers philosophi exactissimam doctrinam pluri morum in diuinis mysteriorum diiciliorum locorum in platone aristotele alijsque grcis latinis autoribus luculentissim expli cationes demonstrationibus figuris ioannis murmelij in v lib de consolatione philosophi commentaria rodolphi agricol enarrationes gilberti porret episcopi pictauiensis in iiii lib de trinitate commentarij henricvs loritvs glareanvs arithmeticam musicam demonstrationibus figuris auctiorem redditam mar tianvs rota opus de tota differendi ratione hoc est organum dialectic rhetoric studiosis necessarium de consolatione philosophi enarrationes de trinitate arithmeticam musicam opus de tota differendi ratione monasterio s georgij ioannis murmelij rodolphi agricol gilberti porret henricvs loritvs glareanvs mar tianvs rota plato gilberti porret episcopi pictauiensis episcopi pictauiensis | præter uniuersæ philosophiæ exactissimam doctrinam, pluri-morum in diuinis mysteriorum, & diiciliorum locorum in Platone, Aristotele alijsque Græcis & Latinis autoribus luculentissimæ expli-cationes | ANITII MANLII SEVERINI BOETHI, PHILOSOPHORVM ET THEOLOGORVM PRINCIPIS OPERA omnia | demonstrationibus & figuris | nunc denuò per doctos uiros recognita | primùm emendatiss. in lucem prodeunt | Ioannis Murmelij in v. Lib. De Consolatione Philosophiæ commentaria | Rodolphi Agricolæ Enarrationes | Gilberti Porretæ, Episcopi Pictauiensis in IIII. Lib. de Trinitate commentarij | HENRICVS LORITVS GLAREANVS, Arithmeticam & Musicam demonstrationibus & figuris auctiorem redditam | MAR-TIANVS ROTA, opus de tota differendi ratione, hoc est, organum, Dialecticæ & Rhetoricæ studiosis necessarium | Geometria | False | False | False",True,False,False,False,False,True,False,False,False,False,False,False,False,False,False,True,False
Strasbourg_1564a,Euclides: Eukleidu Tōn Pente Kai Deka Stoicheiōn Ek Tōn Tu Theōnos synusiōn to deuteron,1564,1550-1599,Strasbourg,GREEK,Geometry/Theory,True,selected_later_books,institutional-composite,octavo,8,3,demonstrations_proofs;propositions;scholia_commentary,"Euclides: Eukleidu Tōn Pente Kai Deka Stoicheiōn Ek Tōn Tu Theōnos synusiōn to deuteron | των πεντε και δεκα στοι- χειων | evclidis qvindecim elementorum geometriae | συνουσιῶν τὸ δεύτερον | scholae argentinæ= sis professorem | theonis commentarijs | barlaam monachi arithmetica demonſtra- tio eorum, quae in secundo libro elementorum sunt in lineis & figuris planis demonstrata | octo propositiones stereometricae, eiusdem cum præ- cedentibus argumenti | arithmetica | octo propositiones stereometricae | graecè | latinè | ευκλειδου | evclidis | barlaam monachi arithmetica demonstra tio eorum quae in secundo libro elementorum sunt in lineis figuris planis demonstrata octo propositiones stereometricae eiusdem cum pr cedentibus argumenti arithmetica octo propositiones stereometricae graece latine theonis commentarijs evclidis |  barlaam monachi arithmetica demonstra tio eorum quae in secundo libro elementorum sunt in lineis figuris planis demonstrata octo propositiones stereometricae eiusdem cum pr cedentibus argumenti arithmetica octo propositiones stereometricae scholae argentin sis theonis commentarijs graece latine evclidis scholae argentin sis professorem cunradum da sypodium | συνουσιῶν τὸ δεύτερον | ΤΩΝ ΠΕΝΤΕ ΚΑΙ ΔΕΚΑ ΣΤΟΙ- ΧΕΙΩΝ | EVCLIDIS QVINDECIM elementorum Geometriae | Barlaam monachi Arithmetica demonſtra- tio eorum, quae in secundo libro elementorum sunt in lineis & figuris planis demonstrata | Octo propositiones Stereometricae, eiusdem cum præ- cedentibus argumenti | False | False | False",True,True,False,False,False,True,False,False,False,False,False,False,False,False,False,False,False
Paris_1624,,1624,1600-1649,Paris,FRENCH,No primary family,True,selected_later_books,institutional-composite,octavo,8,3,theorems;definitions;principles,"ceux qui se veulent seruir proprement des ma- thematiques, & de la philosophie | d’euclides | d’archimedes | de proclus | de sacrobosco | d’aristote | ensemble les definitions theoremes & maximes, d’euclides, d’archime- des, de proclus, de sacrobosco, & d’aristote | auec un abregé des reigles de la geometrie, & des principales ma- ximes & regles des arts, de for- tifier & assaillir les places | ensemble les definitions theoremes & maximes, d’euclides, d’archime- des, de proclus, de sacrobosco, & d’aristote | d’euclides | d’archimedes | de proclus | de sacrobosco | d’aristote | d’euclides | ensemble les definitions theoremes maximes deuclides darchime des de proclus de sacrobosco daristote auec un abrege des reigles de la geometrie des principales ma ximes regles des arts de for tifier assaillir les places ensemble les definitions theoremes maximes deuclides darchime des de proclus de sacrobosco daristote deuclides darchimedes de proclus de sacrobosco daristote deuclides darchimedes de proclus de sacrobosco daristote deuclides | ensemble les definitions theoremes maximes deuclides darchime des de proclus de sacrobosco daristote auec un abrege des reigles de la geometrie des principales ma ximes regles des arts de for tifier assaillir les places ensemble les definitions theoremes maximes deuclides darchime des de proclus de sacrobosco daristote deuclides darchimedes de proclus de sacrobosco daristote ceux qui se veulent seruir proprement des ma thematiques de la philosophie deuclides darchimedes de proclus de sacrobosco daristote deuclides | Ensemble les Definitions Theoremes & Maximes, d’Euclides, d’Archime- des, de Proclus, de Sacrobosco, & d’Aristote | Auec un abregé des reigles de la Geometrie, & des principales Ma- ximes & regles des Arts, de for- tifier & assaillir les places | Ensemble les Definitions Theoremes & Maximes, d’Euclides, d’Archime- des, de Proclus, de Sacrobosco, & d’Aristote | False | False | False",False,False,True,False,False,False,False,False,True,False,False,False,False,False,False,True,False
Rome_1680,"Euclide Restituto, overo gli antichi elementi geometrici ristaurati e facilitati",1680,1650-1699,Rome,ITALIAN,Geometry/Theory,True,near_complete_or_expanded,practical-pedagogical,folio,2,3,demonstrations_proofs;definitions;principles,"Euclide Restituto, overo gli antichi elementi geometrici ristaurati e facilitati | restitvto | ristaurati | facilitati | gli antichi elementi geometrici | ne i quali principalmente si dimostra la composizione delle proporzioni secondo la definizione datane dal suo antico autore | lettore delle matematiche nella reale accademia stabilita dal re' cristianissimo in roma | gli antichi elementi geometrici | evclide | restitvto ristaurati facilitati ne i quali principalmente si dimostra la composizione delle proporzioni secondo la definizione datane dal suo antico autore gli antichi elementi geometrici evclide | restitvto ristaurati facilitati ne i quali principalmente si dimostra la composizione delle proporzioni secondo la definizione datane dal suo antico autore reale accademia gli antichi elementi geometrici evclide lettore delle matematiche nella reale accademia stabilita dal re cristianissimo in roma vitale giordano da bitonto | Ne i quali principalmente si dimostra la composizione delle proporzioni secondo la definizione datane dal suo antico Autore | GLI ANTICHI ELEMENTI GEOMETRICI | False | False | False",True,False,False,False,False,False,False,False,True,False,False,False,False,False,False,True,False
London_1789,Elements of Geometry,1789,1700+,London,ENGLISH,Geometry/Theory,True,books_1_6_plus_solids,practical-pedagogical,octavo,8,3,propositions;notes_observations;principles,"Elements of Geometry | containing | elements of geometry | containing the principal propositions in the first six, and the eleventh and twelfth books of euclid | of the royal military academy, woolwich | elements of geometry | with notes critical and explanatory | euclid | containing containing the principal propositions in the first six and the eleventh and twelfth books of euclid with notes critical and explanatory elements of geometry euclid | containing containing the principal propositions in the first six and the eleventh and twelfth books of euclid with notes critical and explanatory the royal military academy woolwich elements of geometry euclid of the royal military academy woolwich john bonnycastle | CONTAINING THE PRINCIPAL PROPOSITIONS IN THE FIRST SIX, AND THE ELEVENTH AND TWELFTH BOOKS OF EUCLID | ELEMENTS OF   GEOMETRY | WITH NOTES CRITICAL AND EXPLANATORY | False | False | False",False,True,False,False,False,False,True,False,False,False,False,False,False,False,False,True,False
Venice_1509,Euclidis megarensis philosophi acutissimi mathematicorumque omnium sine controversia principis opera,1509,pre-1550,Venice,LATIN,No primary family,True,near_complete_or_expanded,institutional-composite,folio,2,3,figures_diagrams;scholia_commentary;principles,Euclidis megarensis philosophi acutissimi mathematicorumque omnium sine controversia principis opera | tralata | emen-dauit | detersit | concinnauit | addidit | aperuit | enarrauit | illustrauit | prestitit | euclidis megarensis philosophi acutissimi mathematicorumque omnium sine controuersia principis opera | que cum antea librariorum detestanda culpa mendis fedissimis adeo deformia essent: vt vix euclidem ipsum agnoscere-mus | a campano interprete fidissimo tralata | interprete fidissimo | lucas paciolus theologus insignis | euclidis megarensis philosophi acutissimi mathematicorumque omnium sine controuersia principis opera | figuras centum et vndetriginta que in alijs codicibus inuerse et deformate erant: ad rectam symmetriam concinnauit: et multas necessarias addidit | plurimis locis intellectu diicilem commentariolis sane luculentis et eruditiss | aperuit: enarrauit: illustrauit | megarensis philosophi acutissimi mathematicorumque omnium sine controuersia principis | euclidis | euclidem | tralata emen dauit detersit concinnauit addidit aperuit enarrauit illustrauit prestitit a campano interprete fidissimo tralata que cum antea librariorum detestanda culpa mendis fedissimis adeo deformia essent vt vix euclidem ipsum agnoscere mus figuras centum et vndetriginta que in alijs codicibus inuerse et deformate erant ad rectam symmetriam concinnauit et multas necessarias addidit plurimis locis intellectu diicilem commentariolis sane luculentis et eruditiss aperuit enarrauit illustrauit lucas paciolus theologus insignis euclidis megarensis philosophi acutissimi mathematicorumque omnium sine controuersia principis opera euclidis euclidem megarensis philosophi acutissimi mathematicorumque omnium sine controuersia principis | tralata emen dauit detersit concinnauit addidit aperuit enarrauit illustrauit prestitit a campano interprete fidissimo tralata que cum antea librariorum detestanda culpa mendis fedissimis adeo deformia essent vt vix euclidem ipsum agnoscere mus figuras centum et vndetriginta que in alijs codicibus inuerse et deformate erant ad rectam symmetriam concinnauit et multas necessarias addidit plurimis locis intellectu diicilem commentariolis sane luculentis et eruditiss aperuit enarrauit illustrauit lucas paciolus theologus insignis euclidis megarensis philosophi acutissimi mathematicorumque omnium sine controuersia principis opera euclidis euclidem megarensis philosophi acutissimi mathematicorumque omnium sine controuersia principis interprete fidissimo campano | Que cum antea librariorum detestanda culpa mendis fedissimis adeo deformia essent: vt vix Euclidem ipsum agnoscere-mus | Euclidis megarensis philosophi acutissimi mathematicorumque omnium sine controuersia principis opera | Figuras centum et vndetriginta que in alijs codicibus inuerse et deformate erant: ad rectam symmetriam concinnauit: et multas necessarias addidit | plurimis locis intellectu diicilem commentariolis sane luculentis et eruditiss | aperuit: enarrauit: illustrauit | a Campano interprete fidissimo tralata | False | False | False,False,False,False,False,True,True,False,False,False,False,False,False,False,False,False,True,False
Cologne_1591,Euclidis elementorum libri XV; accessit XVI de solidorum regularium cuiuslibet intra quodlibet comparatione,1591,1550-1599,Cologne,LATIN,Geometry/Theory,True,near_complete_or_expanded,institutional-composite,quarto,4,2,demonstrations_proofs;scholia_commentary,"Euclidis elementorum libri XV; accessit XVI de solidorum regularium cuiuslibet intra quodlibet comparatione | accessit | editi | recogniti | emendati | illustrati | locupletati | evclidis elementorvm libri xv | evclidis posteriores libri ix | omnes perspicuis demonstrationibvs, accuratisque scholiis illustrati | nunc tertiò editi, summaque diligentia recogniti, atque emendati | nunc tertiò editi, ac multarum rerum accessione locupletati | è societate iesv | evclidis elementorvm libri xv | evclidis posteriores libri ix | ac multarum rerum accessione locupletati | de solidorvm regvlarivm | xvi | solidorvm regvlarivm | evclidis | accessit editi recogniti emendati illustrati locupletati nunc tertio editi summaque diligentia recogniti atque emendati nunc tertio editi ac multarum rerum accessione locupletati omnes perspicuis demonstrationibvs accuratisque scholiis illustrati ac multarum rerum accessione locupletati de solidorvm regvlarivm xvi solidorvm regvlarivm evclidis elementorvm libri xv evclidis posteriores libri ix evclidis | accessit editi recogniti emendati illustrati locupletati nunc tertio editi summaque diligentia recogniti atque emendati nunc tertio editi ac multarum rerum accessione locupletati omnes perspicuis demonstrationibvs accuratisque scholiis illustrati ac multarum rerum accessione locupletati de solidorvm regvlarivm xvi solidorvm regvlarivm societate iesv evclidis elementorvm libri xv evclidis posteriores libri ix evclidis e societate iesv christophoro clavio bambergensi | Omnes perspicuis DEMONSTRATIONIBVS, accuratisque SCHOLIIS illustrati | EVCLIDIS ELEMENTORVM LIBRI XV | EVCLIDIS POSTERIORES LIBRI IX | ac multarum rerum accessione locupletati | Nunc tertiò editi, summaque diligentia recogniti, atque emendati | Nunc tertiò editi, ac multarum rerum accessione locupletati | de SOLIDORVM REGVLARIVM | XVI | False | False | False",True,False,False,False,False,True,False,False,False,False,False,False,False,False,False,False,False
Messina_1558,,1558,1550-1599,Messina,LATIN,Geometry/Theory | Cosmos/Earth,True,unknown_books,practical-pedagogical,folio,2,2,demonstrations_proofs;enunciations,"ev- clidis phaenomena | brevissime demonstrata | theodosii sphaericorvm elementorvm libri. iii | menelai sphaericorvm lib. iii. ex traditione eiusdem | mavrolyci sphaericorvm lib. ii | avtolyci de sphaera, quae movetvr liber | theodosii de habitationibvs | compendivm mathemati-cae mira breuitate ex clarissimis authoribus | theodosii sphaericorvm elementorvm libri | menelai sphaericorvm lib | mavrolyci sphaericorvm lib | avtolyci de sphaera | theodosii de habitationibvs | compendivm mathemati-cae | ev- clidis | brevissime demonstrata theodosii sphaericorvm elementorvm libri iii menelai sphaericorvm lib iii ex traditione eiusdem mavrolyci sphaericorvm lib ii avtolyci de sphaera quae movetvr liber theodosii de habitationibvs compendivm mathemati cae mira breuitate ex clarissimis authoribus theodosii sphaericorvm elementorvm libri menelai sphaericorvm lib mavrolyci sphaericorvm lib avtolyci de sphaera theodosii de habitationibvs compendivm mathemati cae ev clidis | brevissime demonstrata theodosii sphaericorvm elementorvm libri iii menelai sphaericorvm lib iii ex traditione eiusdem mavrolyci sphaericorvm lib ii avtolyci de sphaera quae movetvr liber theodosii de habitationibvs compendivm mathemati cae mira breuitate ex clarissimis authoribus theodosii sphaericorvm elementorvm libri menelai sphaericorvm lib mavrolyci sphaericorvm lib avtolyci de sphaera theodosii de habitationibvs compendivm mathemati cae ev clidis | Brevissime demonstrata | EV- CLIDIS PHAENOMENA | THEODOSII SPHAERICORVM ELEMENTORVM LIBRI. III | MENELAI SPHAERICORVM LIB. III. Ex traditione eiusdem | MAVROLYCI SPHAERICORVM LIB. II | AVTOLYCI DE SPHAERA, QUAE MOVETVR Liber | THEODOSII DE HABITATIONIBVS | COMPENDIVM MATHEMATI-CAE mira breuitate ex clarissimis Authoribus | Phaenomena (enunciations) | False | False | False",True,False,False,False,False,False,False,False,False,False,False,False,True,False,False,False,False
Rome_1589,Euclidis elementorum libri XV,1589,1550-1599,Rome,LATIN,Geometry/Theory,True,near_complete_or_expanded,institutional-composite,octavo,8,2,demonstrations_proofs;scholia_commentary,"Euclidis elementorum libri XV | acces- sit | ac-cessit | illustrati | editi | locupletati | illustrati | evclidis elementorvm libri xv | evclidis posteriores libri sex a x. ad xv | evclidis elementorvm lib. xv | evclidis posteriores lib. ix | omnes perspicvis demonstrationibus, accuratisque scholijs illustrati | nunc iterum editi, ac multarum rerum accessione locupletati | soci-etatis iesv | avctore | è societate iesv | evclidis elementorvm libri xv | evclidis posteriores libri sex a x. ad xv | evclidis elementorvm lib. xv | evclidis posteriores lib. ix | scholijs illustrati | multarum rerum accessione | scholijs illustrati | de solidorum regularium comparatione | de solidorvm | de solidorum regularium | de solidorvm | evclidis | acces sit ac cessit illustrati editi locupletati illustrati nunc iterum editi ac multarum rerum accessione locupletati omnes perspicvis demonstrationibus accuratisque scholijs illustrati scholijs illustrati multarum rerum accessione scholijs illustrati de solidorum regularium comparatione de solidorvm de solidorum regularium de solidorvm evclidis elementorvm libri xv evclidis posteriores libri sex a x ad xv evclidis elementorvm lib xv evclidis posteriores lib ix evclidis | acces sit ac cessit illustrati editi locupletati illustrati nunc iterum editi ac multarum rerum accessione locupletati omnes perspicvis demonstrationibus accuratisque scholijs illustrati scholijs illustrati multarum rerum accessione scholijs illustrati de solidorum regularium comparatione de solidorvm de solidorum regularium de solidorvm soci etatis iesv societate iesv evclidis elementorvm libri xv evclidis posteriores libri sex a x ad xv evclidis elementorvm lib xv evclidis posteriores lib ix evclidis soci etatis iesv avctore e societate iesv christophoro clavio bambergensi christophoro clavio bamber gensi christophoro clavio bambergensi | OMNES PERSPICVIS DEmonstrationibus, accuratisque scholijs illustrati | EVCLIDIS ELEMENTORVM LIBRI XV | EVCLIDIS POSTERIORES Libri sex a x. ad xv | EVCLIDIS ELEMENTORVM LIB. XV | EVCLIDIS POSTERIORES LIB. IX | scholijs illustrati | multarum rerum accessione | scholijs illustrati | nunc iterum editi, ac multarum rerum accessione locupletati | DE SOLIDORUM REGULARIUM comparatione | DE SOLIDORVM | False | False | False",True,False,False,False,False,True,False,False,False,False,False,False,False,False,False,False,False
Strasbourg_1570a,,1570,1550-1599,Strasbourg,GREEK,Visual/Spatial Arts | Cosmos/Earth | Music,True,near_complete_or_expanded,pedagogical/method,octavo,8,2,propositions;enunciations,"ευκλειδου προτασεις στοιχείων | evclidis propositiones. elementorum | προτασεις στοιχείων | propositiones. elementorum | opticorum | catoptricorum | harmonicorum | apparentiarum | opticorum | catoptricorum | harmonicorum | apparentiarum | ευκλειδου | evclidis | opticorum catoptricorum harmonicorum apparentiarum opticorum catoptricorum harmonicorum apparentiarum propositiones elementorum evclidis | opticorum catoptricorum harmonicorum apparentiarum opticorum catoptricorum harmonicorum apparentiarum propositiones elementorum evclidis cunradum dasypodium | ΕΥΚΛΕΙΔΟΥ ΠΡΟΤΑΣΕΙΣ Στοιχείων | EVCLIDIS Propositiones. Elementorum | Opticorum | Catoptricorum | Harmonicorum | Apparentiarum | Optica, Catoptrica, Introductio harmonica, Sectio canonis, Phaenomena (enunciations in Greek and Latin) | False | True | False",False,True,False,False,False,False,False,False,False,False,False,False,True,False,False,False,False
Strasbourg_1571a,,1571,1550-1599,Strasbourg,LATIN,Geometry/Theory,True,near_complete_or_expanded,humanist/vernacular transfer,octavo,8,2,propositions;enunciations,"editæ | evclidis omnes omnivm librorvm propositiones | editæ per m. cunradum dasypodium | evclidis omnes omnivm librorvm propositiones | græcè | latinè | evclidis | edit edit per m cunradum dasypodium grce latine evclidis omnes omnivm librorvm propositiones evclidis | edit edit per m cunradum dasypodium grce latine evclidis omnes omnivm librorvm propositiones evclidis m cunradum dasypodium | EVCLIDIS OMNES OMNIVM LIBRORVM PROPOSITIOnes | editæ per M. Cunradum Dasypodium | Optica, Catoptrica, Introductio harmonica, Sectio canonis, Phaenomena, Data (enunciations) | True | True | False",False,True,False,False,False,False,False,False,False,False,False,False,True,False,False,False,False
Strasbourg_1572,,1572,1550-1599,Strasbourg,LATIN,Geometry/Theory | Cosmos/Earth,True,unknown_books,pedagogical/method,octavo,8,2,propositions;enunciations,editæ | sphaericae doctrinæ propositiones græcæ et latinæ | nunc primùm | græcæ | latinæ | edit nunc primum grc latin | edit nunc primum grc latin m cunradum dasypodium | SPHAERICAE DOCTRINÆ PROPOSITIONES GRÆCÆ ET LATInæ | nunc primùm | Phaenomena (enunciations) | False | False | False,False,True,False,False,False,False,False,False,False,False,False,False,True,False,False,False,False
Ansbach_1610,Die ersten sechs Bücher Elementorum Euclidis,1610,1600-1649,Ansbach,GERMAN,Geometry/Theory,True,books_1_6,practical-pedagogical,folio,2,2,figures_diagrams;examples,"Die ersten sechs Bücher Elementorum Euclidis | übergesetzet | erkläret | jenigen, so sich der geometria, im rechnen, kriegsswesen, feldtmässen, bauen, vnd andern künsten vnnd handtwerckern zugebrauchen haben | die ersten sechs bücher elementorum evclidis | in welchen die anfäng vnd gründe der geometria ordenlich gelehret, vnd gründtlich erwiesen werden | franc. fürstlichen brandenb | die ersten sechs bücher elementorum evclidis | mit verständtlichen exempeln in linien vnd gemeinen rational zahlen | auch mit newen figuren | griechischer | deutsche | evclidis | ubergesetzet erklaret in welchen die anfang vnd grunde der geometria ordenlich gelehret vnd grundtlich erwiesen werden mit verstandtlichen exempeln in linien vnd gemeinen rational zahlen auch mit newen figuren griechischer deutsche die ersten sechs bucher elementorum evclidis evclidis | ubergesetzet erklaret in welchen die anfang vnd grunde der geometria ordenlich gelehret vnd grundtlich erwiesen werden mit verstandtlichen exempeln in linien vnd gemeinen rational zahlen auch mit newen figuren jenigen so sich der geometria im rechnen kriegsswesen feldtmassen bauen vnd andern kunsten vnnd handtwerckern zugebrauchen haben griechischer deutsche die ersten sechs bucher elementorum evclidis evclidis franc furstlichen brandenb simonem marium guntzenhu sanum | In welchen die Anfäng vnd Gründe der Geometria ordenlich gelehret, vnd gründtlich erwiesen werden | Die Ersten Sechs Bücher Elementorum EVCLIDIS | mit verständtlichen Exempeln in Linien vnd gemeinen Rational Zahlen | Auch mit Newen Figuren | False | False | False",False,False,False,False,True,False,False,False,False,False,False,False,False,True,False,False,False
Frankfurt_1607,,1607,1600-1649,Frankfurt,LATIN,Geometry/Theory,True,near_complete_or_expanded,institutional-composite,octavo,8,2,demonstrations_proofs;scholia_commentary,"accessit | nunc quartò editi | locupletati | evclidis elementorvm libri xv | evclidis posteriores libri ix | nunc quartò editi, ac multarum rerum accessione post primam editionem locupletati | bambergensi è societate iesv | evclidis elementorvm libri xv | evclidis posteriores libri ix | omnes perspicvis demonstrationibus, accuratísque scholiis illustrati | liber xvi. de solidorum regularium cuiuslibet intra quodlibet comparatione | de solidorum regularium | evclidis | accessit nunc quarto editi locupletati nunc quarto editi ac multarum rerum accessione post primam editionem locupletati omnes perspicvis demonstrationibus accuratisque scholiis illustrati liber xvi de solidorum regularium cuiuslibet intra quodlibet comparatione de solidorum regularium evclidis elementorvm libri xv evclidis posteriores libri ix evclidis | accessit nunc quarto editi locupletati nunc quarto editi ac multarum rerum accessione post primam editionem locupletati omnes perspicvis demonstrationibus accuratisque scholiis illustrati liber xvi de solidorum regularium cuiuslibet intra quodlibet comparatione de solidorum regularium societate iesv evclidis elementorvm libri xv evclidis posteriores libri ix evclidis bambergensi e societate iesv christophoro clavio | EVCLIDIS ELEMENTORVM LIBRI XV | EVCLIDIS POSTERIORES LIBRI IX | OMNES PERSPICVIS DEMONSTRAtionibus, accuratísque scholiis illustrati | nunc quartò editi, ac multarum rerum accessione post primam editionem locupletati | liber XVI. De Solidorum Regularium cuiuslibet intra quodlibet comparatione | False | False | False",True,False,False,False,False,True,False,False,False,False,False,False,False,False,False,False,False
Graz_1636,Euclidis sex primi elementorum geometricorum libri cum parte undecimi ex majoribus Clavij commentarijs in commodiorem forma contracti,1636,1600-1649,Graz,LATIN,No primary family,True,books_1_6,institutional-composite,duodecimo,12,2,figures_diagrams;scholia_commentary,"Euclidis sex primi elementorum geometricorum libri cum parte undecimi ex majoribus Clavij commentarijs in commodiorem forma contracti | contracti | accessit | evclidis sex primi elementorum geometrico- rum libri cum parte undecimi | ex majoribus clavij com-mentarijs in commodiorem formam contracti | è societate jesu | honoratvm dvrandvm eivsdem societatis | evclidis sex primi elementorum geometricorum libri cum parte undecimi | ferme ex clavio brevis trignonometria planorum, cum tabulis sinuum, tangentium, & secantium, ad partes radij 100000 per sex prima scrupula graduum | brevis trignonometria | evclidis | contracti accessit ex majoribus clavij com mentarijs in commodiorem formam contracti ferme ex clavio brevis trignonometria planorum cum tabulis sinuum tangentium secantium ad partes radij 100000 per sex prima scrupula graduum brevis trignonometria evclidis sex primi elementorum geometricorum libri cum parte undecimi evclidis | contracti accessit ex majoribus clavij com mentarijs in commodiorem formam contracti ferme ex clavio brevis trignonometria planorum cum tabulis sinuum tangentium secantium ad partes radij 100000 per sex prima scrupula graduum brevis trignonometria soc ietate jesu eivsdem societatis evclidis sex primi elementorum geometricorum libri cum parte undecimi evclidis e societate jesu honoratvm dvrandvm eivsdem societatis p christopho rum grienbergerum p jacobvm | Ex majoribus Clavij com-mentarijs in commodiorem formam contracti | EVCLIDIS SEX PRIMI ELEMENTORUM GEOMETRICO- RUM LIBRI CUM PARTE UNDECIMI | ferme ex Clavio BREVIS TRIGNONOMEtria planorum, cum Tabulis Sinuum, Tangentium, & Secantium, ad partes Radij 100000 per sex prima scrupula graduum | False | False | False",False,False,False,False,True,True,False,False,False,False,False,False,False,False,False,False,False
Leiden_1607,,1607,1600-1649,Leiden,DUTCH,Geometry/Theory,True,books_1_6,practical-pedagogical,quarto,4,2,figures_diagrams;principles,"gevoecht | overgheset | verclaert | uytgheleyt | alle leergierige, liefhebbers der selver vryer conste | de ses eerste boucken evclidis | van de beginselen ende fonda-menten der geometri | der stadt leyden lantmeter ende wijnroeyer | de ses eerste boucken evclidis | by gevoecht sijn eenige nutticheden, uyt de selve boecken ghetrocken | mitsgaders de specien in geometrische figuren, als ’tmaecken, veranderen, ’t samenvougen, aftrecken, ver-menichvuldigen, ende deelen | overgheset, verclaert, ende uytgheleyt | evclidis | gevoecht overgheset verclaert uytgheleyt van de beginselen ende fonda menten der geometri by gevoecht sijn eenige nutticheden uyt de selve boecken ghetrocken mitsgaders de specien in geometrische figuren als tmaecken veranderen t samenvougen aftrecken ver menichvuldigen ende deelen overgheset verclaert ende uytgheleyt de ses eerste boucken evclidis evclidis | gevoecht overgheset verclaert uytgheleyt van de beginselen ende fonda menten der geometri by gevoecht sijn eenige nutticheden uyt de selve boecken ghetrocken mitsgaders de specien in geometrische figuren als tmaecken veranderen t samenvougen aftrecken ver menichvuldigen ende deelen overgheset verclaert ende uytgheleyt alle leergierige liefhebbers der selver vryer conste de ses eerste boucken evclidis evclidis der stadt leyden lantmeter ende wijnroeyer ian pieterszoon dov | Van de beginselen ende fonda-menten der Geometri | De ses eerste Boucken EVCLIDIS | by gevoecht sijn eenige nutticheden, uyt de selve Boecken ghetrocken | Mitsgaders de Specien in Geometrische figuren, als ’tmaecken, veranderen, ’t samenvougen, aftrecken, ver-menichvuldigen, ende deelen | Overgheset, verclaert, ende uytgheleyt | False | False | False",False,False,False,False,True,False,False,False,False,False,False,False,False,False,False,True,False
Lyon_1645,,1645,1600-1649,Lyon,FRENCH,Geometry/Theory,True,near_complete_or_expanded,institutional-composite,octavo,8,2,demonstrations_proofs;figures_diagrams,"traduits | augmentez | les qvinze livres des elements geometriqves d’evclide | traduits de grec en françois, & augmentez de plusieurs figures & demonstrations, auec la correction des erreurs commises és autres traductions | professeur és mathematiques | les qvinze livres des elements geometriqves d’evclide | augmentez de plusieurs figures & demonstrations | la correction des erreurs commises és autres traductions | d’evclide megarien | grec | françois | d’evclide | traduits augmentez traduits de grec en francois augmentez de plusieurs figures demonstrations auec la correction des erreurs commises es autres traductions augmentez de plusieurs figures demonstrations la correction des erreurs commises es autres traductions grec francois les qvinze livres des elements geometriqves devclide devclide devclide megarien | traduits augmentez traduits de grec en francois augmentez de plusieurs figures demonstrations auec la correction des erreurs commises es autres traductions augmentez de plusieurs figures demonstrations la correction des erreurs commises es autres traductions grec francois les qvinze livres des elements geometriqves devclide devclide devclide megarien professeur es mathematiques pierre mardele | LES QVINZE LIVRES DES ELEMENTS GEOMETRIQVES D’EVCLIDE | augmentez de plusieurs figures & demonstrations | la correction des erreurs commises és autres traductions | Traduits de Grec en François, & augmentez de plusieurs figures & demonstrations, auec la correction des erreurs commises és autres traductions | False | False | False",True,False,False,False,True,False,False,False,False,False,False,False,False,False,False,False,False
Lyon_1646,,1646,1600-1649,Lyon,FRENCH,Geometry/Theory,True,near_complete_or_expanded,institutional-composite,octavo,8,2,demonstrations_proofs;figures_diagrams,traduits | augmentez | les qvinze livres des elements geometriqves d’evclide | traduits de grec en françois | professeur és mathematiques | les qvinze livres des elements geometriqves d’evclide | plusieurs figures & demonstrations | la correction des erreurs commises és autres traductions | grec | françois | d’evclide | traduits augmentez traduits de grec en francois plusieurs figures demonstrations la correction des erreurs commises es autres traductions grec francois les qvinze livres des elements geometriqves devclide devclide | traduits augmentez traduits de grec en francois plusieurs figures demonstrations la correction des erreurs commises es autres traductions grec francois les qvinze livres des elements geometriqves devclide devclide professeur es mathematiques pierre mardele | LES QVINZE LIVRES DES ELEMENTS GEOMETRIQVES D’EVCLIDE | plusieurs figures & demonstrations | la correction des erreurs commises és autres traductions | Traduits de Grec en François | False | False | False,True,False,False,False,True,False,False,False,False,False,False,False,False,False,False,False,False
Paris_1622,,1622,1600-1649,Paris,FRENCH,No primary family,True,near_complete_or_expanded,institutional-composite,octavo,8,2,demonstrations_proofs;figures_diagrams,"traduicts | augmentez | les qvinze livres des elements geometriqves d’evclide | traduicts de grec en françois, et augmentez de plusieurs figures et demonstrations, auec la correction des erreurs commises es autres traductions | professeur es mathematiques | qvinze livres des elements geometriqves d’evclide | plusieurs figures et demonstrations | la correction des erreurs commises es autres traductions | grec | françois | d’evclide | traduicts augmentez traduicts de grec en francois et augmentez de plusieurs figures et demonstrations auec la correction des erreurs commises es autres traductions plusieurs figures et demonstrations la correction des erreurs commises es autres traductions grec francois qvinze livres des elements geometriqves devclide devclide | traduicts augmentez traduicts de grec en francois et augmentez de plusieurs figures et demonstrations auec la correction des erreurs commises es autres traductions plusieurs figures et demonstrations la correction des erreurs commises es autres traductions grec francois qvinze livres des elements geometriqves devclide devclide professeur es mathematiques p le mardele | LES QVINZE LIVRES DES ELEMENTS GEOMETRIQVES D’EVCLIDE | plusieurs figures et demonstrations | la correction des erreurs commises es autres traductions | Traduicts de Grec en François, et augmentez de plusieurs figures et demonstrations, auec la correction des erreurs commises es autres traductions | False | False | False",True,False,False,False,True,False,False,False,False,False,False,False,False,False,False,False,False
Paris_1632,Les quinze livres des éléments géométriques d'Euclide,1632,1600-1649,Paris,FRENCH,Geometry/Theory,True,near_complete_or_expanded,practical-pedagogical,quarto,4,2,figures_diagrams;scholia_commentary,Les quinze livres des éléments géométriques d'Euclide | traduicts | imprimez | reueus | corrigez | traduict | imprimé | les qvinze livres des elements geometriqves d’evclide | reueus & corrigez du viuant de l’autheur | professeur és mathematiques | les qvinze livres des elements geometriqves d’evclide | commentaires beaucoup plus amples & faciles | figures en plus grand nombre | le liure des donnez du mesme euclide | donnez | françois | d’evclide | euclide | traduicts imprimez reueus corrigez traduict imprime reueus corrigez du viuant de lautheur commentaires beaucoup plus amples faciles figures en plus grand nombre le liure des donnez du mesme euclide donnez francois les qvinze livres des elements geometriqves devclide devclide euclide | traduicts imprimez reueus corrigez traduict imprime reueus corrigez du viuant de lautheur commentaires beaucoup plus amples faciles figures en plus grand nombre le liure des donnez du mesme euclide donnez francois les qvinze livres des elements geometriqves devclide devclide euclide professeur es mathematiques d henrion | LES QVINZE LIVRES DES ELEMENTS GEOMETRIQVES D’EVCLIDE | Commentaires beaucoup plus amples & faciles | figures en plus grand nombre | reueus & corrigez du viuant de l’Autheur | le Liure des DONNEZ du mesme Euclide | Data | True | False | False,False,False,False,False,True,True,False,False,False,False,False,False,False,False,False,False,False
Paris_1632a,,1632,1600-1649,Paris,FRENCH,No primary family,True,near_complete_or_expanded,institutional-composite,octavo,8,2,demonstrations_proofs;figures_diagrams,traduicts | augmentez | les qvinze livres des elements geometriqves d’evclide | seconde edition | professeur es mathematiques | les qvinze livres des elements geometriqves d’evclide | plusieurs figures et demonstrations | la correction des erreurs commises es autres traductions | grec | françois | d’evclide | traduicts augmentez seconde edition plusieurs figures et demonstrations la correction des erreurs commises es autres traductions grec francois les qvinze livres des elements geometriqves devclide devclide | traduicts augmentez seconde edition plusieurs figures et demonstrations la correction des erreurs commises es autres traductions grec francois les qvinze livres des elements geometriqves devclide devclide professeur es mathematiques p le mardele | LES QVINZE LIVRES DES ELEMENTS GEOMETRIQVES D’EVCLIDE | plusieurs figures et demonstrations | la correction des erreurs commises es autres traductions | seconde edition | False | False | False,True,False,False,False,True,False,False,False,False,False,False,False,False,False,False,False,False
Paris_1634,Cursus mathematicus,1634,1600-1649,Paris,FRENCH,Geometry/Theory,True,near_complete_or_expanded,institutional-composite,octavo,8,2,demonstrations_proofs;notes_observations,Cursus mathematicus | demonstratvs | demonstre | mathematicien | notas reales & vniuersales | notes reelles & vniuerselles | demonstratvs demonstre notas reales vniuersales notes reelles vniuerselles | demonstratvs demonstre notas reales vniuersales notes reelles vniuerselles mathematicien pierre herigone | NOTAS reales & vniuersales | NOTES reelles & vniuerselles | Data | True | False | False,True,False,False,False,False,False,True,False,False,False,False,False,False,False,False,False,False
Paris_1639,"Les Six premiers livres des Éléments d'Euclide, démonstrez par notes d'une méthode très briève et intelligible,... par Pierre Hérigone,...",1639,1600-1649,Paris,FRENCH,No primary family,True,books_1_6,institutional-composite,octavo,8,2,notes_observations;principles,"Les Six premiers livres des Éléments d'Euclide, démonstrez par notes d'une méthode très briève et intelligible,... par Pierre Hérigone,... | demonstrez | les six premiers livres des elements d’evclide | demonstrez par notes, d’vne methode tres-brieve & intelligible | auec les principales parties des mathematiques ex- pliquées succinctement sans notes | professeur és mathematiques | les six premiers livres des elements d’evclide | notes | vn petit dictionnaire, contenant les ety- mologies & significations des noms & termes plus obscurs des mathematiques | dictionnaire | d’evclide | demonstrez demonstrez par notes dvne methode tres brieve intelligible auec les principales parties des mathematiques ex pliquees succinctement sans notes notes vn petit dictionnaire contenant les ety mologies significations des noms termes plus obscurs des mathematiques dictionnaire les six premiers livres des elements devclide devclide | demonstrez demonstrez par notes dvne methode tres brieve intelligible auec les principales parties des mathematiques ex pliquees succinctement sans notes notes vn petit dictionnaire contenant les ety mologies significations des noms termes plus obscurs des mathematiques dictionnaire les six premiers livres des elements devclide devclide professeur es mathematiques pierre herigone | Demonstrez par Notes, d’vne methode tres-brieve & intelligible | Auec les principales parties des Mathematiques ex- pliquées succinctement sans Notes | LES SIX PREMIERS LIVRES DES ELEMENTS D’EVCLIDE | Notes | vn petit Dictionnaire, contenant les ety- mologies & significations des noms & termes plus obscurs des Mathematiques | False | False | False",False,False,False,False,False,False,True,False,False,False,False,False,False,False,False,True,False
Paris_1640,,1640,1600-1649,Paris,FRENCH,Geometry/Theory,True,unknown_books,practical-pedagogical,quarto,4,2,demonstrations_proofs;propositions,"illustré | reduit | le dizieme livre d’evclide | illustré de nouueles demonstrations plus faciles & plus succinctes que les ordinaires, & reduit à 62. propositions | stevin | le dizieme livre d’evclide | illustré de nouueles demonstrations plus faciles & plus succinctes que les ordinaires | avec vn discours de la maniere d’expliquer les sciences en françois | traite' des qvantitez incomensvrables: ov sont decidees plvsievrs belles questions des nombres rationaus & irrationaus | les errevrs de stevin refutées | traite' des qvantitez incomensvrables | les errevrs de stevin | françois | evclide | illustre reduit illustre de nouueles demonstrations plus faciles plus succinctes que les ordinaires reduit a 62 propositions illustre de nouueles demonstrations plus faciles plus succinctes que les ordinaires avec vn discours de la maniere dexpliquer les sciences en francois traite des qvantitez incomensvrables ov sont decidees plvsievrs belles questions des nombres rationaus irrationaus les errevrs de stevin refutees traite des qvantitez incomensvrables les errevrs de stevin francois stevin le dizieme livre devclide evclide | illustre reduit illustre de nouueles demonstrations plus faciles plus succinctes que les ordinaires reduit a 62 propositions illustre de nouueles demonstrations plus faciles plus succinctes que les ordinaires avec vn discours de la maniere dexpliquer les sciences en francois traite des qvantitez incomensvrables ov sont decidees plvsievrs belles questions des nombres rationaus irrationaus les errevrs de stevin refutees traite des qvantitez incomensvrables les errevrs de stevin stevin francois le dizieme livre devclide evclide | illustré de nouueles demonstrations plus faciles & plus succinctes que les ordinaires, & reduit à 62. Propositions | LE DIZIEME LIVRE D’EVCLIDE | illustré de nouueles demonstrations plus faciles & plus succinctes que les ordinaires | AVEC VN DISCOURS DE LA MANIERE d’expliquer les sciences en François | TRAITE' DES QVANTITEZ INCOMENSVRABLES: OV SONT DECIDEes PLVSIEVRS belles Questions des Nombres Rationaus & Irrationaus | LES ERREVRS DE STEVIN refutées | False | False | False",True,True,False,False,False,False,False,False,False,False,False,False,False,False,False,False,False
Paris_1644,Euclides: Les six premiers livres des Éléments d'Euclide,1644,1600-1649,Paris,FRENCH,Geometry/Theory,True,books_1_6,institutional-composite,octavo,8,2,notes_observations;principles,"Euclides: Les six premiers livres des Éléments d'Euclide | demonstrez | les six premiers livres des elements d’evclide | demonstrez par notes, d’vne methode tres-brieve & intelligible | professeur és mathematiques | les six premiers livres des elements d’evclide | auec les principalles parties des mathematiques, ex- pliquées succinctement sans notes | et de plus, vn petit dictionnaire, contenant les ety- mologies & significations des noms & termes plus obscures des mathematiques | et de plus, vn petit dictionnaire, contenant les ety- mologies & significations des noms & termes plus obscures des mathematiques | vn petit dictionnaire | d’evclide | demonstrez demonstrez par notes dvne methode tres brieve intelligible auec les principalles parties des mathematiques ex pliquees succinctement sans notes et de plus vn petit dictionnaire contenant les ety mologies significations des noms termes plus obscures des mathematiques et de plus vn petit dictionnaire contenant les ety mologies significations des noms termes plus obscures des mathematiques vn petit dictionnaire les six premiers livres des elements devclide devclide | demonstrez demonstrez par notes dvne methode tres brieve intelligible auec les principalles parties des mathematiques ex pliquees succinctement sans notes et de plus vn petit dictionnaire contenant les ety mologies significations des noms termes plus obscures des mathematiques et de plus vn petit dictionnaire contenant les ety mologies significations des noms termes plus obscures des mathematiques vn petit dictionnaire les six premiers livres des elements devclide devclide professeur es mathematiques pierre herigone | Demonstrez par Notes, d’vne Methode tres-brieve & intelligible | LES SIX PREMIERS LIVRES DES ELEMENTS D’EVCLIDE | Auec les principalles parties des Mathematiques, ex- pliquées succinctement sans Notes | Et de plus, vn petit Dictionnaire, contenant les ety- mologies & significations des noms & termes plus obscures des Mathematiques | Et de plus, vn petit Dictionnaire, contenant les ety- mologies & significations des noms & termes plus obscures des Mathematiques | False | False | False",False,False,False,False,False,False,True,False,False,False,False,False,False,False,False,True,False
Paris_1644b,"Cursus mathematicus noua, breui, et clara methodo demonstratus",1644,1600-1649,Paris,FRENCH,Geometry/Theory,True,near_complete_or_expanded,institutional-composite,octavo,8,2,demonstrations_proofs;notes_observations,"Cursus mathematicus noua, breui, et clara methodo demonstratus | demonstratvs | demonstré | mathematicien | notas reales & vniuersales | notes reelles & vniuerselles | demonstratvs demonstre notas reales vniuersales notes reelles vniuerselles | demonstratvs demonstre notas reales vniuersales notes reelles vniuerselles mathematicien pierre herigone | NOTAS reales & vniuersales | NOTES reelles & vniuerselles | Data | True | False | False",True,False,False,False,False,False,True,False,False,False,False,False,False,False,False,False,False
Rome_1603,,1603,1600-1649,Rome,LATIN,Geometry/Theory,True,near_complete_or_expanded,institutional-composite,octavo,8,2,demonstrations_proofs;scholia_commentary,"accessit | editi | locupletati | illustrati | evclidis elementorvm libri xv | evclidis posteriores libri ix | nunc quarto editi, ac multarum rerum accessione post primam editionem locupletati | e societate iesv | evclidis elementorvm libri xv | evclidis posteriores libri ix | omnes perspicvis demonstrationibvs, accuratisque scholijs illustrati | liber xvi. de solidorum regularium cuiuslibet intra quodlibet comparatione | liber xvi. de solidorum regularium | accessit editi locupletati illustrati nunc quarto editi ac multarum rerum accessione post primam editionem locupletati omnes perspicvis demonstrationibvs accuratisque scholijs illustrati liber xvi de solidorum regularium cuiuslibet intra quodlibet comparatione liber xvi de solidorum regularium evclidis elementorvm libri xv evclidis posteriores libri ix | accessit editi locupletati illustrati nunc quarto editi ac multarum rerum accessione post primam editionem locupletati omnes perspicvis demonstrationibvs accuratisque scholijs illustrati liber xvi de solidorum regularium cuiuslibet intra quodlibet comparatione liber xvi de solidorum regularium societate iesv evclidis elementorvm libri xv evclidis posteriores libri ix e societate iesv christo phoro clavio bambergensi christophoro clavio bambergensi | EVCLIDIS ELEMENTORVM LIBRI XV | EVCLIDIS POSTERIORES LIBRI IX | OMNES PERSPICVIS DEMONSTRATIONIBVS, accuratisque scholijs illustrati | nunc quarto editi, ac multarum rerum accessione post primam editionem locupletati | LIBER XVI. De Solidorum Regularium cuiuslibet intra quodlibet comparatione | False | False | False",True,False,False,False,False,True,False,False,False,False,False,False,False,False,False,False,False
Rotterdam_1647,,1647,1600-1649,Rotterdam,DUTCH,No primary family,True,books_1_6,practical-pedagogical,octavo,8,2,figures_diagrams;principles,"bygevoeght | overgeset | verklaert | uytgeleyt | oversien | verbetert | vermeerdert | breeder verklaert | bygevoeght | overgeset | verklaert | uytgeleyt | oversien | verbetert | vermeerdert | alle leergierige liefhebbers der selver vrye konste | de ses eerste boecken euclidis | van de beginselen ende fonda-menten der geometrie | waer bygevoeght zijn eenige nuttigheden | van nieus oversien ende verbetert | der stadt leyden lant-meter ende wijnroyer | de ses eerste boecken euclidis | eenige nuttigheden, uyt de selve boecken getrocken | de specien in geometrische figuren, als ’tmaken, veranderen, t’samenvoegen, aftrecken, ver-menigvuldigen ende deelen | de bygevoegde nuttigheden, met de specien in geometrische figuren | eenige nuttigheden, uyt de selve boecken getrocken | specien in geometrische figuren | bygevoegde nuttigheden, met de specien in geometrische figuren | euclidis | bygevoeght overgeset verklaert uytgeleyt oversien verbetert vermeerdert breeder verklaert bygevoeght overgeset verklaert uytgeleyt oversien verbetert vermeerdert waer bygevoeght zijn eenige nuttigheden van nieus oversien ende verbetert van de beginselen ende fonda menten der geometrie eenige nuttigheden uyt de selve boecken getrocken de specien in geometrische figuren als tmaken veranderen tsamenvoegen aftrecken ver menigvuldigen ende deelen de bygevoegde nuttigheden met de specien in geometrische figuren eenige nuttigheden uyt de selve boecken getrocken specien in geometrische figuren bygevoegde nuttigheden met de specien in geometrische figuren de ses eerste boecken euclidis euclidis | bygevoeght overgeset verklaert uytgeleyt oversien verbetert vermeerdert breeder verklaert bygevoeght overgeset verklaert uytgeleyt oversien verbetert vermeerdert waer bygevoeght zijn eenige nuttigheden van nieus oversien ende verbetert van de beginselen ende fonda menten der geometrie eenige nuttigheden uyt de selve boecken getrocken de specien in geometrische figuren als tmaken veranderen tsamenvoegen aftrecken ver menigvuldigen ende deelen de bygevoegde nuttigheden met de specien in geometrische figuren eenige nuttigheden uyt de selve boecken getrocken specien in geometrische figuren bygevoegde nuttigheden met de specien in geometrische figuren alle leergierige liefhebbers der selver vrye konste de ses eerste boecken euclidis euclidis der stadt leyden lant meter ende wijnroyer jan pieterse dou | Van de beginselen ende fonda-menten der Geometrie | De ses eerste Boecken EUCLIDIS | eenige nuttigheden, uyt de selve Boecken getrocken | de Specien in Geometrische figuren, als ’tmaken, veranderen, t’samenvoegen, aftrecken, ver-menigvuldigen ende deelen | de bygevoegde nuttigheden, met de specien in Geometrische figuren | eenige nuttigheden, uyt de selve Boecken getrocken | Specien in Geometrische figuren | bygevoegde nuttigheden, met de specien in Geometrische figuren | Waer bygevoeght zijn eenige nuttigheden | Van nieus oversien ende verbetert | False | False | False",False,False,False,False,True,False,False,False,False,False,False,False,False,False,False,True,False
Uppsala_1642,In geometriam Euclidis demonstrationum libri sex,1642,1600-1649,Uppsala,LATIN,Geometry/Theory,True,books_1_6,pedagogical/method,missing/unknown,,2,demonstrations_proofs;notes_observations,"In geometriam Euclidis demonstrationum libri sex | in geometriam euclidis demonstrationum libri sex | in quibus geometria planorum traditur, & brevibus notis perspicuè explicatur | in geometriam euclidis demonstrationum libri sex | euclidis | in quibus geometria planorum traditur brevibus notis perspicue explicatur in geometriam euclidis demonstrationum libri sex euclidis | in quibus geometria planorum traditur brevibus notis perspicue explicatur in geometriam euclidis demonstrationum libri sex euclidis martini e gestrinii | In quibus GEOMETRIA planorum traditur, & brevibus NOTIS perspicuè explicatur | IN GEOMETRIAM EUCLIDIS Demonstrationum LIBRI SEX | False | False | False",True,False,False,False,False,False,True,False,False,False,False,False,False,False,False,False,False
Frankfurt_1654,"Euclidis Posteriores Libri IX Accessit liber XVI. De Solidorum Regularium cuiuslibet intra quodlibet comparatione, Omnes Perspicuis Demonstrationibus, accuratisque scholiis illustrati Auctore Christophoro Clavio Bambergensi e Societate Jesu: nunc quarto editi, ac multarum rerum accessione post primam editionem locupletati",1654,1650-1699,Frankfurt,LATIN,Geometry/Theory,True,near_complete_or_expanded,institutional-composite,octavo,8,2,demonstrations_proofs;scholia_commentary,"Euclidis Posteriores Libri IX Accessit liber XVI. De Solidorum Regularium cuiuslibet intra quodlibet comparatione, Omnes Perspicuis Demonstrationibus, accuratisque scholiis illustrati Auctore Christophoro Clavio Bambergensi e Societate Jesu: nunc quarto editi, ac multarum rerum accessione post primam editionem locupletati | accessit | editi | locupletati | illustrati | euclidis elementorum libri xv | euclidis posteriores libri ix | omnes perspicvis demonstrationibus accuratisque scholiis illustrati | omnes perspicuis demonstrationibus, accuratisque scholiis illustrati | nunc quartò editi | post primam editionem locupletati | bambergensi è societate iesv | bambergensi è societate iesu | euclidis elementorum libri xv | euclidis posteriores libri ix | ac multarum rerum accessione | post primam editionem locupletati | scholiis illustrati | accessit liber xvi. de solidorum regularium | de solidorum regularium | euclidis | accessit editi locupletati illustrati nunc quarto editi post primam editionem locupletati omnes perspicvis demonstrationibus accuratisque scholiis illustrati omnes perspicuis demonstrationibus accuratisque scholiis illustrati ac multarum rerum accessione post primam editionem locupletati scholiis illustrati accessit liber xvi de solidorum regularium de solidorum regularium euclidis elementorum libri xv euclidis posteriores libri ix euclidis | accessit editi locupletati illustrati nunc quarto editi post primam editionem locupletati omnes perspicvis demonstrationibus accuratisque scholiis illustrati omnes perspicuis demonstrationibus accuratisque scholiis illustrati ac multarum rerum accessione post primam editionem locupletati scholiis illustrati accessit liber xvi de solidorum regularium de solidorum regularium societate iesv societate iesu euclidis elementorum libri xv euclidis posteriores libri ix euclidis bambergensi e societate iesv bambergensi e societate iesu christophoro clavio | OMNES PERSPICVIS DEMONSTRATIONIbus accuratisque scholiis illustrati | OMNES PERSPICUIS DEMONSTRAtionibus, accuratisque scholiis illustrati | EUCLIDIS ELEMENTORUM LIBRI XV | EUCLIDIS POSTERIORES LIBRI IX | ac multarum rerum accessione | post primam editionem locupletati | scholiis illustrati | nunc quartò editi | post primam editionem locupletati | Accessit liber XVI. De Solidorum Regularium | False | False | False",True,False,False,False,False,True,False,False,False,False,False,False,False,False,False,False,False
London_1661,,1661,1650-1699,London,ENGLISH,Geometry/Theory,True,near_complete_or_expanded,pedagogical/method,folio,2,2,propositions;corollaries,"with a supplement of | to which is added | annexed | ascribed to | published by | euclid’s elements of geometry. in xv. books | campane | flussas | marinus | machomet bagdedine | john dee of london | euclid’s elements of geometry. in xv. books | with a supplement of divers propositions and corollaries | a treatise of regular solids, by campane and flussas | euclid’s data: and marinus his pref-ace thereunto annexed | a treatise of the divisions of superficies, ascribed to machomet bagdedine | treatise of regular solids | euclid’s data | treatise of the divisions of superficies | the author of these elements | euclid’s | euclid’s | euclide | with a supplement of to which is added annexed ascribed to published by with a supplement of divers propositions and corollaries a treatise of regular solids by campane and flussas euclids data and marinus his pref ace thereunto annexed a treatise of the divisions of superficies ascribed to machomet bagdedine treatise of regular solids euclids data treatise of the divisions of superficies campane flussas marinus machomet bagdedine john dee of london euclids elements of geometry in xv books euclids euclids euclide the author of these elements | with a supplement of to which is added annexed ascribed to published by with a supplement of divers propositions and corollaries a treatise of regular solids by campane and flussas euclids data and marinus his pref ace thereunto annexed a treatise of the divisions of superficies ascribed to machomet bagdedine treatise of regular solids euclids data treatise of the divisions of superficies campane flussas marinus machomet bagdedine john dee of london euclids elements of geometry in xv books euclids euclids euclide the author of these elements | EUCLID’S ELEMENTS OF Geometry. In XV. Books | With a supplement of divers PROPOSITIONS and COROLLARIES | a Treatise of REGULAR SOLIDS, By CAMPANE and FLUSSAS | Euclid’s DATA: And MARINUS his Pref-ace thereunto annexed | a Treatise of the Divisions of Superficies, ascribed to Machomet Bagdedine | Data | True | False | False",False,True,False,False,False,False,False,True,False,False,False,False,False,False,False,False,False
London_1680–81,"A new systeme of the mathematicks: containing I. Arithmetick, as well natural and decimal, as in species, or the principles of Algebra. II. Practical geometry, together with the first six books of Euclid's Elements, as also the eleventh and twelfth, symbolically demonstrated. III. Trigonometry plain and spherical. IV. Cosmography, or a description of the heavens. V. Navigation, or sailing by a plain or Mercator's chart; as also by the arch of a great circle,",1680/1681,1650-1699,London,ENGLISH,Geometry/Theory | Arithmetic/Commerce | Cosmos/Earth,True,books_1_6_plus_solids,practical-pedagogical,quarto,4,2,demonstrations_proofs;principles,"A new systeme of the mathematicks: containing I. Arithmetick, as well natural and decimal, as in species, or the principles of Algebra. II. Practical geometry, together with the first six books of Euclid's Elements, as also the eleventh and twelfth, symbolically demonstrated. III. Trigonometry plain and spherical. IV. Cosmography, or a description of the heavens. V. Navigation, or sailing by a plain or Mercator's chart; as also by the arch of a great circle, | contain-ing | composed | demonstrated | the first six books of euclid’s elements | as also the eleventh and twelfth, symbolically demonstrated | late surveyor general of his majesty’s ordnance, and fellow of the royal society | the first six books of euclid’s elements | euclid’s elements | contain ing composed demonstrated as also the eleventh and twelfth symbolically demonstrated the first six books of euclids elements euclids elements | contain ing composed demonstrated as also the eleventh and twelfth symbolically demonstrated royal foundation of the mathematical school royal society the first six books of euclids elements euclids elements late surveyor general of his majestys ordnance and fellow of the royal society sir jonas moore knight | as also the Eleventh and Twelfth, symbolically demonstrated | the first Six Books of Euclid’s ELEMENTS | False | False | False",True,False,False,False,False,False,False,False,False,False,False,False,False,False,False,True,False
London_1685a,,1685,1650-1699,London,ENGLISH,No primary family,True,books_1_6_plus_solids,practical-pedagogical,duodecimo,12,2,demonstrations_proofs;propositions,"explained | demonstrated | done out of | corrected | augmented | illustrated | the elements of euclid | explained and demonstrated in a new and most easie method. with the uses of each proposi-tion in all the parts of the mathematicks | done out of french, corrected and augmented | a jesuite | the elements of euclid | illustrated with nine copper plates | the effigies of evclid | french | euclid | evclid | explained demonstrated done out of corrected augmented illustrated done out of french corrected and augmented explained and demonstrated in a new and most easie method with the uses of each proposi tion in all the parts of the mathematicks illustrated with nine copper plates the effigies of evclid french the elements of euclid euclid evclid | explained demonstrated done out of corrected augmented illustrated done out of french corrected and augmented explained and demonstrated in a new and most easie method with the uses of each proposi tion in all the parts of the mathematicks illustrated with nine copper plates the effigies of evclid french the elements of euclid euclid evclid a jesuite claude francois milliet dchales | Explained and Demonstrated in a New and most easie Method. With the USES of each PROPOSI-TION In all the Parts of the MATHEMATICKS | THE ELEMENTS OF EUCLID | Illustrated with Nine Copper Plates | the Effigies of EVCLID | Done out of FRENCH, Corrected and Augmented | False | False | False",True,True,False,False,False,False,False,False,False,False,False,False,False,False,False,False,False
Paris_1667,Nouveaux Élémens de géométrie,1667,1650-1699,Paris,FRENCH,Geometry/Theory,True,near_complete_or_expanded,pedagogical/method,quarto,4,2,demonstrations_proofs;propositions,"Nouveaux Élémens de géométrie | contenant | contenant | novveavx elemens de geometrie | nouveaux elemens de geometrie | outre un ordre tout nouveau, & de nouvelles demonstrations des propositions les plus com- munes, de nouveaux moyens de faire voir quelles lignes sont incommensurables, de nouvelles mesures de l’angle, dont on ne s’estoit point encore avisé, et de nouvelles manières de trouver & de demonstrer la proportion des lignes | seconde edition | novveavx elemens de geometrie | nouveaux elemens de geometrie | de nouvelles demonstrations des propositions les plus com- munes | de nouveaux moyens de faire voir quelles lignes sont incommensurables | de nouvelles mesures de l’angle, dont on ne s’estoit point encore avisé | et de nouvelles manières de trouver & de demonstrer la proportion des lignes | un ordre tout nouveau | de nouvelles démonstrations des propositions les plus communes | de nouveaux moyens de faire voir quelles lignes sont incommensurables | de nouvelles mesures des angles, dont on ne s’étoit point encore avisé | et de nouvelles manières de trouver & de démontrer la proportion des lignes | un traité tout nouveau des proportions | traité tout nouveau des proportions | contenant contenant seconde edition outre un ordre tout nouveau de nouvelles demonstrations des propositions les plus com munes de nouveaux moyens de faire voir quelles lignes sont incommensurables de nouvelles mesures de langle dont on ne sestoit point encore avise et de nouvelles manieres de trouver de demonstrer la proportion des lignes de nouvelles demonstrations des propositions les plus com munes de nouveaux moyens de faire voir quelles lignes sont incommensurables de nouvelles mesures de langle dont on ne sestoit point encore avise et de nouvelles manieres de trouver de demonstrer la proportion des lignes un ordre tout nouveau de nouvelles demonstrations des propositions les plus communes de nouveaux moyens de faire voir quelles lignes sont incommensurables de nouvelles mesures des angles dont on ne setoit point encore avise et de nouvelles manieres de trouver de demontrer la proportion des lignes un traite tout nouveau des proportions traite tout nouveau des proportions novveavx elemens de geometrie nouveaux elemens de geometrie | contenant contenant seconde edition outre un ordre tout nouveau de nouvelles demonstrations des propositions les plus com munes de nouveaux moyens de faire voir quelles lignes sont incommensurables de nouvelles mesures de langle dont on ne sestoit point encore avise et de nouvelles manieres de trouver de demonstrer la proportion des lignes de nouvelles demonstrations des propositions les plus com munes de nouveaux moyens de faire voir quelles lignes sont incommensurables de nouvelles mesures de langle dont on ne sestoit point encore avise et de nouvelles manieres de trouver de demonstrer la proportion des lignes un ordre tout nouveau de nouvelles demonstrations des propositions les plus communes de nouveaux moyens de faire voir quelles lignes sont incommensurables de nouvelles mesures des angles dont on ne setoit point encore avise et de nouvelles manieres de trouver de demontrer la proportion des lignes un traite tout nouveau des proportions traite tout nouveau des proportions novveavx elemens de geometrie nouveaux elemens de geometrie | Outre un ordre tout nouveau, & de nouvelles demonstrations des propositions les plus com- munes,  De nouveaux moyens de faire voir quelles lignes sont incommensurables,  De nouvelles mesures de l’angle, dont on ne s’estoit point encore avisé,  Et de nouvelles manières de trouver & de demonstrer la proportion des Lignes | NOVVEAVX ELEMENS DE GEOMETRIE | NOUVEAUX ELEMENS DE GEOMETRIE | de nouvelles demonstrations des propositions les plus com- munes | De nouveaux moyens de faire voir quelles lignes sont incommensurables | De nouvelles mesures de l’angle, dont on ne s’estoit point encore avisé | Et de nouvelles manières de trouver & de demonstrer la proportion des Lignes | un ordre tout nouveau | de nouvelles démonstrations des Propositions les plus communes | De nouveaux moyens de faire voir quelles Lignes sont incommensurables | De nouvelles mesures des Angles, dont on ne s’étoit point encore avisé | Et de nouvelles manières de trouver & de démontrer la proportion des Lignes | SECONDE EDITION | un Traité tout nouveau des Proportions | False | False | False",True,True,False,False,False,False,False,False,False,False,False,False,False,False,False,False,False
Rome_1679,"Euclides restitutus, sive prisca geometriae elementa",1679,1650-1699,Rome,LATIN,Geometry/Theory,True,partial_from_book_1,practical-pedagogical,quarto,4,2,demonstrations_proofs;theorems,"Euclides restitutus, sive prisca geometriae elementa | restitutus | restitutus | contexta | prisca geometriae elementa | evclides restitutus denuo priscae geometriae elementa | breuiùs, & faciliùs contexta | in quibus praecipuè proportionvm theoriae nova, firmiorique methodo promuntur | brevius, & luculentiùs contexta | restitutus | editio tertia | in messanensi pridem, nunc verò in pisana academia matheſeos professore | prisca geometriae elementa | evclides restitutus denuo priscae geometriae elementa | breuiùs, & faciliùs contexta | proportionvm theoriae nova, firmiorique methodo | apollonij elementa conica | archimedis opera breviore methodo demonstrata | elementa conica | archimedis opera | evclides | restitutus restitutus contexta restitutus editio tertia breuius facilius contexta in quibus praecipue proportionvm theoriae nova firmiorique methodo promuntur brevius luculentius contexta breuius facilius contexta proportionvm theoriae nova firmiorique methodo apollonij elementa conica archimedis opera breviore methodo demonstrata elementa conica archimedis opera prisca geometriae elementa evclides restitutus denuo priscae geometriae elementa evclides | restitutus restitutus contexta restitutus editio tertia breuius facilius contexta in quibus praecipue proportionvm theoriae nova firmiorique methodo promuntur brevius luculentius contexta breuius facilius contexta proportionvm theoriae nova firmiorique methodo apollonij elementa conica archimedis opera breviore methodo demonstrata elementa conica archimedis opera pisana academia prisca geometriae elementa evclides restitutus denuo priscae geometriae elementa evclides in messanensi pridem nunc vero in pisana academia matheseos professore io alphonso borellio | Breuiùs, & faciliùs contexta | In quibus praecipuè PROPORTIONVM THEORIAE nova, firmiorique Methodo promuntur | Brevius, & luculentiùs contexta | PRISCA GEOMETRIAE ELEMENTA | EVCLIDES RESTITUTUS Denuo PRISCAE GEOMETRIAE ELEMENTA | Breuiùs, & faciliùs contexta | PROPORTIONVM THEORIAE nova, firmiorique Methodo | RESTITUTUS | Editio tertia | Apollonij Elementa conica | Archimedis opera breviore methodo demonstrata | False | False | False",True,False,True,False,False,False,False,False,False,False,False,False,False,False,False,False,False
Rotterdam_1661,,1661,1650-1699,Rotterdam,DUTCH,Geometry/Theory,True,books_1_6,practical-pedagogical,octavo,8,2,figures_diagrams;principles,by-gevoeght | over-geset | verklaert | uyt-geleydt | oversien | verbetert | vermeerdert | by-gevoeghde | alle leer-gierige liefhebbers der selver vrye konste | de ses eerste boecken euclidis | van de beginselen ende fonda-menten der geometrie | van nieuws oversien ende verbetert | landt-meter ende wijn-roeyer der stadt leyden | de ses eerste boecken euclidis | eenige nuttigheden | specien in geometrische figuren | by-gevoeghde nuttigheden | euclidis | by gevoeght over geset verklaert uyt geleydt oversien verbetert vermeerdert by gevoeghde van nieuws oversien ende verbetert van de beginselen ende fonda menten der geometrie eenige nuttigheden specien in geometrische figuren by gevoeghde nuttigheden de ses eerste boecken euclidis euclidis | by gevoeght over geset verklaert uyt geleydt oversien verbetert vermeerdert by gevoeghde van nieuws oversien ende verbetert van de beginselen ende fonda menten der geometrie eenige nuttigheden specien in geometrische figuren by gevoeghde nuttigheden alle leer gierige liefhebbers der selver vrye konste de ses eerste boecken euclidis euclidis landt meter ende wijn roeyer der stadt leyden jan pietersz dou | Van de beginselen ende fonda-menten der Geometrie | De ses eerste Boecken EUCLIDIS | eenige nuttigheden | Specien in Geometrische figuren | by-gevoeghde nuttigheden | Van nieuws oversien ende verbetert | False | False | False,False,False,False,False,True,False,False,False,False,False,False,False,False,False,False,True,False
Rotterdam_1681,,1681,1650-1699,Rotterdam,DUTCH,No primary family,True,books_1_6,practical-pedagogical,octavo,8,2,figures_diagrams;principles,"by-gevoeght | over-geset | verklaert | uyt-geleydt | oversien | verbetert | vermeerdert | alle leer-gierige liefhebbers der selver vrye konste | de ses eerste boecken euclidis | van de beginselen ende fondamenten der geometrie | desen laetsten druck, van nieuws oversien ende verbetert | landt-meter ende wijn-roeyer der stadt leyden | de ses eerste boecken euclidis | eenige nut-tigheden | specien in geometrische figuren | by-gevoegde nuttigheden | euclidis | by gevoeght over geset verklaert uyt geleydt oversien verbetert vermeerdert desen laetsten druck van nieuws oversien ende verbetert van de beginselen ende fondamenten der geometrie eenige nut tigheden specien in geometrische figuren by gevoegde nuttigheden de ses eerste boecken euclidis euclidis | by gevoeght over geset verklaert uyt geleydt oversien verbetert vermeerdert desen laetsten druck van nieuws oversien ende verbetert van de beginselen ende fondamenten der geometrie eenige nut tigheden specien in geometrische figuren by gevoegde nuttigheden alle leer gierige liefhebbers der selver vrye konste de ses eerste boecken euclidis euclidis landt meter ende wijn roeyer der stadt leyden jan pietersz dou | Van de beginselen ende fondamenten der Geometrie | De ses eerste Boecken EUCLIDIS | eenige nut-tigheden | Specien in Geometrische figuren | by-gevoegde nuttigheden | Desen laetsten druck, van nieuws oversien ende verbetert | False | False | False",False,False,False,False,True,False,False,False,False,False,False,False,False,False,False,True,False
Rouen_1676,,1676,1650-1699,Rouen,FRENCH,Geometry/Theory,True,near_complete_or_expanded,practical-pedagogical,octavo,8,2,figures_diagrams;scholia_commentary,traduits | reveus & corrigez | traduit | les quinze livres des elements d’euclide | traduits en françois par d. henrion | reveus & corrigez | aussi traduit en françois par ledit henrion | professeur és mathematiques | les quinze livres des elements d’euclide | avec des commentaires beaucoup plus amples & faciles | des figures en plus grand nombre | le livre des donnez du même euclide | donnez | françois | d’euclide | euclide | traduits reveus corrigez traduit traduits en francois par d henrion reveus corrigez aussi traduit en francois par ledit henrion avec des commentaires beaucoup plus amples faciles des figures en plus grand nombre le livre des donnez du meme euclide donnez francois les quinze livres des elements deuclide deuclide euclide | traduits reveus corrigez traduit traduits en francois par d henrion reveus corrigez aussi traduit en francois par ledit henrion avec des commentaires beaucoup plus amples faciles des figures en plus grand nombre le livre des donnez du meme euclide donnez francois les quinze livres des elements deuclide deuclide euclide professeur es mathematiques d henrion | LES QUINZE LIVRES DES ELEMENTS D’EUCLIDE | avec des Commentaires beaucoup plus amples & faciles | des figures en plus grand nombre | Traduits en François par D. HENRION | reveus & corrigez | aussi traduit en François par ledit Henrion | le Livre des DONNEZ du même Euclide | Data | True | False | False,False,False,False,False,True,True,False,False,False,False,False,False,False,False,False,False,False
Rouen_and_Paris_1677,,1677,1650-1699,"Rouen, Paris",FRENCH,Geometry/Theory,True,near_complete_or_expanded,institutional-composite,octavo,8,2,figures_diagrams;scholia_commentary,traduits | commentez | reveuë | augmentée | les quinze livres des elemens geometriques d’euclide | derniere edition | reveuë et augmentée de plusieurs figures | mathematicien | les quinze livres des elemens geometriques d’euclide | plusieurs figures | du livre des donnez du même auteur | livre des donnez | euclide | traduits commentez reveue augmentee derniere edition reveue et augmentee de plusieurs figures plusieurs figures du livre des donnez du meme auteur livre des donnez les quinze livres des elemens geometriques deuclide euclide | traduits commentez reveue augmentee derniere edition reveue et augmentee de plusieurs figures plusieurs figures du livre des donnez du meme auteur livre des donnez les quinze livres des elemens geometriques deuclide euclide mathematicien d henrion | Les quinze livres des elemens geometriques d’Euclide | plusieurs figures | Derniere edition | Reveuë et augmentée de plusieurs figures | du Livre des Donnez du même Auteur | Data | True | False | False,False,False,False,False,True,True,False,False,False,False,False,False,False,False,False,False,False
Rouen_and_Paris_1683,,1683,1650-1699,"Rouen, Paris",FRENCH,No primary family,True,near_complete_or_expanded,institutional-composite,octavo,8,2,figures_diagrams;scholia_commentary,traduits | commentez | reveuë | augmentée | les quinze livres des elemens geometriques d’euclide | derniere edition | mathematicien | les quinze livres des elemens geometriques d’euclide | plusieurs figures | du livre des donnez du même auteur | livre des donnez | d’euclide | traduits commentez reveue augmentee derniere edition plusieurs figures du livre des donnez du meme auteur livre des donnez les quinze livres des elemens geometriques deuclide deuclide | traduits commentez reveue augmentee derniere edition plusieurs figures du livre des donnez du meme auteur livre des donnez les quinze livres des elemens geometriques deuclide deuclide mathematicien d henrion | LES QUINZE LIVRES DES ELEMENS GEOMETRIQUES D’EUCLIDE | plusieurs figures | DERNIERE EDITION | du Livre des DONNEZ du même Auteur | Data | True | False | False,False,False,False,False,True,True,False,False,False,False,False,False,False,False,False,False,False
6XTAVU,Elements of Geometry,1760,1700+,London,ENGLISH,Geometry/Theory,True,unknown_books,practical-pedagogical,missing/unknown,,2,problems;operations_constructions,"Elements of Geometry | alterations | additions | elements of geometry | with their application to the mensuration of superficies and solids, to the determination of the maxima and minima of geometrical quantities, and to the construction of a great variety of geometrical problems | the second edition, with large alterations and additions | f.r.s | member of the royal academy of sciences at stockholm | elements of geometry | alterations additions the second edition with large alterations and additions with their application to the mensuration of superficies and solids to the determination of the maxima and minima of geometrical quantities and to the construction of a great variety of geometrical problems elements of geometry | alterations additions the second edition with large alterations and additions with their application to the mensuration of superficies and solids to the determination of the maxima and minima of geometrical quantities and to the construction of a great variety of geometrical problems royal academy of sciences at stockholm elements of geometry f r s member of the royal academy of sciences at stockholm thomas simpson | WITH THEIR Application to the Mensuration of SUPERFICIES and SOLIDS, TO THE Determination of the MAXIMA and MINIMA of Geometrical Quantities, AND TO THE Construction of a great Variety of GEOMETRICAL PROBLEMS | ELEMENTS OF GEOMETRY | The SECOND EDITION, With large ALTERATIONS and ADDITIONS | False | False | False",False,False,False,True,False,False,False,False,False,False,False,False,False,False,True,False,False
Amsterdam_1700b,,1700,1700+,Amsterdam,DUTCH,Geometry/Theory,True,books_1_6,practical-pedagogical,octavo,8,2,figures_diagrams;principles,"by-gevoeght | over-geset | verklaert | uyt-geleyt | oversien | verbetert | vermeerdert | by-gevoegde | van alle leer-gierige liefhebbers der selver vrye konste | de zes eerste boecken euclidis | van de beginselen ende fon-damenten der geometrie | desen laetsten druk, van nieuws oversien en verbetert | lant-meter ende wijn-roeyer der stadt leyden | de zes eerste boecken euclidis | by-gevoeght zijn eenige nuttigheden, uyt deselve boecken getroken | mitsgaders de specien in geometrische figuren, als ’t maken, veranderen, t’samen voegen, aftrecken, ver-meenighvuldigen, ende deelen | mitsgaders de by-gevoegde nuttigheden, met de specien in geometrische figuren breeder verklaert ende vermeerdert | euclidis | by gevoeght over geset verklaert uyt geleyt oversien verbetert vermeerdert by gevoegde desen laetsten druk van nieuws oversien en verbetert van de beginselen ende fon damenten der geometrie by gevoeght zijn eenige nuttigheden uyt deselve boecken getroken mitsgaders de specien in geometrische figuren als t maken veranderen tsamen voegen aftrecken ver meenighvuldigen ende deelen mitsgaders de by gevoegde nuttigheden met de specien in geometrische figuren breeder verklaert ende vermeerdert de zes eerste boecken euclidis euclidis | by gevoeght over geset verklaert uyt geleyt oversien verbetert vermeerdert by gevoegde desen laetsten druk van nieuws oversien en verbetert van de beginselen ende fon damenten der geometrie by gevoeght zijn eenige nuttigheden uyt deselve boecken getroken mitsgaders de specien in geometrische figuren als t maken veranderen tsamen voegen aftrecken ver meenighvuldigen ende deelen mitsgaders de by gevoegde nuttigheden met de specien in geometrische figuren breeder verklaert ende vermeerdert van alle leer gierige liefhebbers der selver vrye konste de zes eerste boecken euclidis euclidis lant meter ende wijn roeyer der stadt leyden jan pietersz dou | Van de beginselen ende fon-damenten der Geometrie | De zes eerste Boecken EUCLIDIS | by-gevoeght zijn eenige nuttigheden, uyt deselve Boecken getroken | Mitsgaders de Specien in Geometrische figuren, als ’t maken, veranderen, t’samen voegen, aftrecken, ver-meenighvuldigen, ende deelen | Mitsgaders de by-gevoegde nuttigheden, met de specien in Geometrische figuren breeder verklaert ende vermeerdert | Desen laetsten Druk, van nieuws oversien en verbetert | False | False | False",False,False,False,False,True,False,False,False,False,False,False,False,False,False,False,True,False
Amsterdam_1701,,1701,1700+,Amsterdam,DUTCH,Geometry/Theory,True,books_1_6,practical-pedagogical,octavo,8,2,figures_diagrams;principles,"by-gevoeght | by-gevoegde | over-geset | verklaert | uyt-geleyt | oversien | verbeter t | vermeerdert | alle leer-gierige liefhebbers der selver vrye konste | de zes eerste boecken euclidis | van de beginselen ende fondamenten der geometrie | desen laetsten druk, van nieuws oversien en verbetert | lant-meter ende wijn-roeyer der stadt leyden | de zes eerste boecken euclidis | by-gevoeght zijn eenige nut-tigheden, uyt deselve boecken getrocken: mitsgaders de specien in geometrische figuren, als ’t maken, veranderen, t’samen voegen, aftrecken, vermeenighvuldigen, ende deelen | over-geset, verklaert, ende uyt-geleyt tot vorderinge ende oeffeninge van alle leer-gierige liefhebbers der selver vrye konste | by-gevoegde nuttigheden, met de specien in geometrische figuren breeder verklaert ende vermeerdert | euclidis | by gevoeght by gevoegde over geset verklaert uyt geleyt oversien verbeter t vermeerdert desen laetsten druk van nieuws oversien en verbetert van de beginselen ende fondamenten der geometrie by gevoeght zijn eenige nut tigheden uyt deselve boecken getrocken mitsgaders de specien in geometrische figuren als t maken veranderen tsamen voegen aftrecken vermeenighvuldigen ende deelen over geset verklaert ende uyt geleyt tot vorderinge ende oeffeninge van alle leer gierige liefhebbers der selver vrye konste by gevoegde nuttigheden met de specien in geometrische figuren breeder verklaert ende vermeerdert de zes eerste boecken euclidis euclidis | by gevoeght by gevoegde over geset verklaert uyt geleyt oversien verbeter t vermeerdert desen laetsten druk van nieuws oversien en verbetert van de beginselen ende fondamenten der geometrie by gevoeght zijn eenige nut tigheden uyt deselve boecken getrocken mitsgaders de specien in geometrische figuren als t maken veranderen tsamen voegen aftrecken vermeenighvuldigen ende deelen over geset verklaert ende uyt geleyt tot vorderinge ende oeffeninge van alle leer gierige liefhebbers der selver vrye konste by gevoegde nuttigheden met de specien in geometrische figuren breeder verklaert ende vermeerdert alle leer gierige liefhebbers der selver vrye konste de zes eerste boecken euclidis euclidis lant meter ende wijn roeyer der stadt leyden jan pietersz dou | Van de beginselen ende fondamenten der Geometrie | De zes eerste Boecken EUCLIDIS | by-gevoeght zijn eenige nut-tigheden, uyt deselve Boecken getrocken: Mitsgaders de Specien in Geometrische figuren, als ’t maken, veranderen, t’samen voegen, aftrecken, vermeenighvuldigen, ende deelen | Over-geset, verklaert, ende uyt-geleyt tot vorderinge ende oeffeninge van alle leer-gierige Liefhebbers der selver vrye Konste | by-gevoegde nuttigheden, met de specien in Geometrische figuren breeder verklaert ende vermeerdert | Desen laetsten Druk, van nieuws oversien en verbetert | False | False | False",False,False,False,False,True,False,False,False,False,False,False,False,False,False,False,True,False
Berlin_1824,EUCLIDIS ELEMENTORUM LIBRI SEX PRIORES  ,1824,1700+,Berlin,GREEK,No primary family,True,books_1_6,institutional-composite,octavo,8,2,figures_diagrams;scholia_commentary,"EUCLIDIS ELEMENTORUM LIBRI SEX PRIORES   | edidit | complectens | libri sex priores | complectens libr. i–iii | gymnasii stuttgardiani rector | pfleidereri | euclidis elementorum libri sex priores | commentario e scriptis veterum ac recentiorum mathematicorum et pfleidereri, maxime illustrati | cum x. tabulis | graece | latine | graece | latine | euclidis | edidit complectens complectens libr iiii commentario e scriptis veterum ac recentiorum mathematicorum et pfleidereri maxime illustrati cum x tabulis graece latine graece latine pfleidereri euclidis elementorum libri sex priores euclidis | edidit complectens complectens libr iiii commentario e scriptis veterum ac recentiorum mathematicorum et pfleidereri maxime illustrati cum x tabulis gymnasii stuttgardiani pfleidereri graece latine graece latine euclidis elementorum libri sex priores euclidis gymnasii stuttgardiani rector ioannes guilelmus camer | LIBRI SEX PRIORES | COMMENTARIO E SCRIPTIS VETERUM AC RECENTIORUM MATHEMATICORUM ET PFLEIDERERI, MAXIME ILLUSTRATI | CUM X. TABULIS | COMPLECTENS LIBR. I–III | False | False | False",False,False,False,False,True,True,False,False,False,False,False,False,False,False,False,False,False
London_1703,,1703,1700+,London,ENGLISH,No primary family,True,books_1_6_plus_solids,practical-pedagogical,duodecimo,12,2,demonstrations_proofs;propositions,explained | demonstrated | corrected | augmented | illustrated | done | the elements of euclid | explained and demonstrated in a new and most easy method | with the uses of each proposi-tion in all the parts of the mathematicks | corrected and augmented | done out of french | a jesuite | the elements of euclid | illustrated with nine copper plates | the effigies of evclid | french | euclid | evclid | explained demonstrated corrected augmented illustrated done corrected and augmented done out of french explained and demonstrated in a new and most easy method with the uses of each proposi tion in all the parts of the mathematicks illustrated with nine copper plates the effigies of evclid french the elements of euclid euclid evclid | explained demonstrated corrected augmented illustrated done corrected and augmented done out of french explained and demonstrated in a new and most easy method with the uses of each proposi tion in all the parts of the mathematicks illustrated with nine copper plates the effigies of evclid french the elements of euclid euclid evclid a jesuite claude francois milliet dchales | Explained and Demonstrated in a New and most Easy Method | With the Uses of each PROPOSI-TION In all the Parts of the MATHEMATICKS | THE ELEMENTS OF EUCLID | Illustrated with Nine Copper Plates | the Effigies of EVCLID | Corrected and Augmented | Done out of FRENCH | False | False | False,True,True,False,False,False,False,False,False,False,False,False,False,False,False,False,False,False
London_1705,,1705,1700+,London,ENGLISH,Geometry/Theory,True,near_complete_or_expanded,practical-pedagogical,duodecimo,12,2,demonstrations_proofs;theorems,added | demonstrated | euclide’s elements | compendiously demonstrated | d. d. late master of trinity college in cambridge | hierocl | euclide’s elements | archimedes theorems of the sphere and cylinder | archimedes theorems | in english | euclide’s | added demonstrated compendiously demonstrated archimedes theorems of the sphere and cylinder archimedes theorems in english hierocl euclides elements euclides | added demonstrated compendiously demonstrated archimedes theorems of the sphere and cylinder archimedes theorems trinity college in cambridge hierocl in english euclides elements euclides d d late master of trinity college in cambridge isaac barrow | Compendiously Demonstrated | EUCLIDE’S ELEMENTS | ARCHIMEDES THEOREMS Of the Sphere and Cylinder | False | False | False,True,False,True,False,False,False,False,False,False,False,False,False,False,False,False,False,False
London_1747,Elements of Plane Geometry,1747,1700+,London,ENGLISH,Geometry/Theory,True,books_1_6,practical-pedagogical,octavo,8,2,problems;operations_constructions,"Elements of Plane Geometry | are added | schools | elements of plane geometry | fellow of the royal society, and professor of geometry in the royal academy at woolwich | elements of plane geometry | an essay on the maxima and minima of geometrical quantities | a brief treatise of regular solids | the mensuration of both superficies and solids, together with the construction of a large variety of geometrical problems | essay on the maxima and minima of geometrical quantities | treatise of regular solids | mensuration of both superficies and solids | are added an essay on the maxima and minima of geometrical quantities a brief treatise of regular solids the mensuration of both superficies and solids together with the construction of a large variety of geometrical problems essay on the maxima and minima of geometrical quantities treatise of regular solids mensuration of both superficies and solids elements of plane geometry | are added an essay on the maxima and minima of geometrical quantities a brief treatise of regular solids the mensuration of both superficies and solids together with the construction of a large variety of geometrical problems essay on the maxima and minima of geometrical quantities treatise of regular solids mensuration of both superficies and solids schools royal society royal academy at woolwich elements of plane geometry fellow of the royal society and professor of geometry in the royal academy at woolwich thomas simpson | ELEMENTS OF   Plane Geometry | An ESSAY on the MAXIMA and   MINIMA of Geometrical Quantities | A brief Treatise of regular SOLIDS | The MENSURATION of both SUPERFICIES and SOLIDS, together with the CONSTRUCTION of a large Variety of Geometrical PROBLEMS | False | False | False",False,False,False,True,False,False,False,False,False,False,False,False,False,False,True,False,False
Naples_1810,I primi sei libri degli elementi di Euclide,1810,1700+,Naples,ITALIAN,No primary family,True,books_1_6,pedagogical/method,missing/unknown,,2,demonstrations_proofs;definitions,"I primi sei libri degli elementi di Euclide | emendati | i primi sei libri degli elementi di euclide | i primi sei libri degli elementi di euclide | emendati in que’ luoghi in cui una voce furono vi- ziati da teone, o da altri; e ne’ quali sono resti- tuite alcune definizioni, e dimostrazioni dello stesso euclide | quarta edizione | teone | i primi sei libri degli elementi di euclide | i primi sei libri degli elementi di euclide | alcune definizioni, e dimostrazioni | euclide | stesso euclide | euclide | emendati quarta edizione emendati in que luoghi in cui una voce furono vi ziati da teone o da altri e ne quali sono resti tuite alcune definizioni e dimostrazioni dello stesso euclide alcune definizioni e dimostrazioni teone i primi sei libri degli elementi di euclide i primi sei libri degli elementi di euclide euclide stesso euclide euclide | emendati quarta edizione emendati in que luoghi in cui una voce furono vi ziati da teone o da altri e ne quali sono resti tuite alcune definizioni e dimostrazioni dello stesso euclide alcune definizioni e dimostrazioni teone i primi sei libri degli elementi di euclide i primi sei libri degli elementi di euclide euclide stesso euclide euclide v flauti | Emendati in que’ luoghi in cui una voce furono vi- ziati da Teone, o da altri; e ne’ quali sono resti- tuite alcune definizioni, e dimostrazioni dello stesso Euclide | I PRIMI SEI LIBRI DEGLI ELEMENTI DI EUCLIDE | I primi sei libri degli elementi di Euclide | alcune definizioni, e dimostrazioni | QUARTA EDIZIONE | False | False | False",True,False,False,False,False,False,False,False,True,False,False,False,False,False,False,False,False
Augsburg_1555,"Das sibend, acht und neünt büch des hochberümbten mathematici Euclidis Megarensis",1555,1550-1599,Augsburg,GERMAN,Geometry/Theory | Arithmetic/Commerce,True,selected_later_books,practical-pedagogical,quarto,4,1,operations_constructions,"Das sibend, acht und neünt büch des hochberümbten mathematici Euclidis Megarensis | auß dem latein ins teütsch gebracht | mit gemainen exemplen also illustrirt | allen den, so die kunst der rechnung liebhaben | das sibend, acht und neünt büch, des hochberümbten mathematici euclidis megarensis | in welchen der operationen vnnd regulen aller gemainer rechnung, vrsach grund vnd fundament, angezaigt wirt | mag-istrum | der löblichen vniuersitet zü tübingen des eu-clidis vnd arithmetic ordinarien | das sibend, acht und neünt büch, des hochberümbten mathematici euclidis megarensis | mit gemainen exemplen also illustrirt | des hochberümbten mathematici euclidis megarensis | latein | teütsch | euclidis | eu-clidis | au dem latein ins teutsch gebracht mit gemainen exemplen also illustrirt in welchen der operationen vnnd regulen aller gemainer rechnung vrsach grund vnd fundament angezaigt wirt mit gemainen exemplen also illustrirt latein teutsch das sibend acht und neunt buch des hochberumbten mathematici euclidis megarensis euclidis eu clidis des hochberumbten mathematici euclidis megarensis | au dem latein ins teutsch gebracht mit gemainen exemplen also illustrirt in welchen der operationen vnnd regulen aller gemainer rechnung vrsach grund vnd fundament angezaigt wirt mit gemainen exemplen also illustrirt allen den so die kunst der rechnung liebhaben vniuersitet zu tubingen latein teutsch das sibend acht und neunt buch des hochberumbten mathematici euclidis megarensis euclidis eu clidis des hochberumbten mathematici euclidis megarensis mag istrum der loblichen vniuersitet zu tubingen des eu clidis vnd arithmetic ordinarien johann scheybl | in welchen der operationen vnnd regulen aller gemainer rechnung, vrsach grund vnd fundament, angezaigt wirt | das sibend, acht und neünt büch, des hochberümbten Mathematici Euclidis Megarensis | mit gemainen exemplen also illustrirt | False | False | False",False,False,False,False,False,False,False,False,False,False,False,False,False,False,True,False,False
Basel_1562,"Die sechs ersten Bücher Euclidis, vom Anfang oder Grund der Geometrie",1562,1550-1599,Basel,GERMAN,Geometry/Theory,True,books_1_6,institutional-composite,folio,2,1,examples,"Die sechs ersten Bücher Euclidis, vom Anfang oder Grund der Geometrie | gebracht | erklärt | geziert | gegeben | genant | den kunstliebenden teütschen | die sechs erste bücher euclidis | vom anfang oder grund der geometrj | von augspurg | die sechs erste bücher euclidis | aigenttlich erklärt | verstentlichen exempeln, gründlichen figurn | allerlaj den nutz füraugen stellenden anhängen | griechischer | teütsch | euclidis | gebracht erklart geziert gegeben genant vom anfang oder grund der geometrj aigenttlich erklart verstentlichen exempeln grundlichen figurn allerlaj den nutz furaugen stellenden anhangen griechischer teutsch die sechs erste bucher euclidis euclidis | gebracht erklart geziert gegeben genant vom anfang oder grund der geometrj aigenttlich erklart verstentlichen exempeln grundlichen figurn allerlaj den nutz furaugen stellenden anhangen den kunstliebenden teutschen griechischer teutsch die sechs erste bucher euclidis euclidis von augspurg wilhelm holtzman | Vom anfang oder grund der Geometrj | Die Sechs Erste Bücher Euclidis | aigenttlich erklärt | verstentlichen Exempeln, gründlichen Figurn | allerlaj den nutz füraugen stellenden Anhängen | False | False | False",False,False,False,False,False,False,False,False,False,False,False,False,False,True,False,False,False
Cologne_1556,Euclidis Megarensis mathematici clarissimi elementorum geometricorum liber primus,1556,1550-1599,Cologne,LATIN,No primary family,True,near_complete_or_expanded,pedagogical/method,octavo,8,1,propositions,"Euclidis Megarensis mathematici clarissimi elementorum geometricorum liber primus | elementorum geometricorum liber primus | cui ex sequentibus libris accesserunt propositiones selectæ atque ita ordinatae, ut demonstrari queant obseruata geometrarum methodo | elementorum geometricorum liber primus | evclidis megarensis mathematici clariss | evclidis | cui ex sequentibus libris accesserunt propositiones select atque ita ordinatae ut demonstrari queant obseruata geometrarum methodo elementorum geometricorum liber primus evclidis evclidis megarensis mathematici clariss | cui ex sequentibus libris accesserunt propositiones select atque ita ordinatae ut demonstrari queant obseruata geometrarum methodo elementorum geometricorum liber primus evclidis evclidis megarensis mathematici clariss | cui ex sequentibus libris accesserunt Propositiones selectæ atque ita ordinatae, ut demonstrari queant obseruata Geometrarum Methodo | Elementorum Geometricorum liber primus | False | False | False",False,True,False,False,False,False,False,False,False,False,False,False,False,False,False,False,False
FA6MQ0,"The Pathway to Knowledg, containing the First Principles of Geometrie",1551,1550-1599,London,ENGLISH,Geometry/Theory | Instruments/Measurement,True,unknown_books,sparse/canonical,quarto,4,1,principles,"The Pathway to Knowledg, containing the First Principles of Geometrie | containing | for all sortes of men | the first principles of geometrie | as they may moste aptly be applied vnto practise, bothe for vse of instrumentes geometricall, and astronomicall and also for proiection of plattes in euerye kinde, and therfore much necessary | containing as they may moste aptly be applied vnto practise bothe for vse of instrumentes geometricall and astronomicall and also for proiection of plattes in euerye kinde and therfore much necessary | containing as they may moste aptly be applied vnto practise bothe for vse of instrumentes geometricall and astronomicall and also for proiection of plattes in euerye kinde and therfore much necessary for all sortes of men | as they may moste aptly be applied vnto practise, bothe for vse of instrumentes Geometricall, and astronomicall and also for proiection of plattes in euerye kinde, and therfore much necessary | THE FIRST PRINciples of Geometrie | False | False | False",False,False,False,False,False,False,False,False,False,False,False,False,False,False,False,True,False
Florence_1573,,1573,1550-1599,Florence,ITALIAN,Visual/Spatial Arts,True,unknown_books,institutional-composite,quarto,4,1,notes_observations,"tradotta | data | la prospettiva di evclide | nella quale si tratta di quelle cose, che per raggi diritti si veggono: & di quelle, che con raggi ref-lessi nelli specchi appariscono | nuouamente data in luce | r. p. m | cosmografo del seren. gran duca di toscana | la prospettiva di evclide | con alcune sue an-notationi de’luoghi piu importanti | la prospet-tiva di eliodoro larisseo cauata della libreria vaticana | la prospet-tiva di eliodoro larisseo | evclide | tradotta data nuouamente data in luce nella quale si tratta di quelle cose che per raggi diritti si veggono di quelle che con raggi ref lessi nelli specchi appariscono con alcune sue an notationi deluoghi piu importanti la prospet tiva di eliodoro larisseo cauata della libreria vaticana la prospet tiva di eliodoro larisseo la prospettiva di evclide evclide | tradotta data nuouamente data in luce nella quale si tratta di quelle cose che per raggi diritti si veggono di quelle che con raggi ref lessi nelli specchi appariscono con alcune sue an notationi deluoghi piu importanti la prospet tiva di eliodoro larisseo cauata della libreria vaticana la prospet tiva di eliodoro larisseo libreria vaticana la prospettiva di evclide evclide r p m cosmografo del seren gran duca di toscana egnatio danti | Nella quale si tratta di quelle cose, che per raggi diritti si veggono: & di quelle, che con raggi ref-lessi nelli SPECCHI appariscono | LA PROSPETTIVA DI EVCLIDE | Con alcune sue An-notationi de’luoghi piu importanti | nuouamente data in luce | LA PROSPET-TIVA DI Eliodoro Larisseo Cauata della Libreria Vaticana | Optica, Catoptrica | False | True | False",False,False,False,False,False,False,True,False,False,False,False,False,False,False,False,False,False
Leiden_1599,,1599,1550-1599,Leiden,LATIN,Visual/Spatial Arts,True,unknown_books,institutional-composite,quarto,4,1,enunciations,"versa | evclidis optica & catoptrica | regium mathematicum | evclidis optica & catoptrica | græco | evclidis | versa grco evclidis optica catoptrica evclidis | versa grco evclidis optica catoptrica evclidis regium mathematicum ioannem penam | EVCLIDIS Optica & Catoptrica | Optica, Catoptrica (enunciations) | False | True | False",False,False,False,False,False,False,False,False,False,False,False,False,True,False,False,False,False
Leipzig_1577,EUCLIDIS ELEMENTORUM GEOMETRICORUM LIBRI SEX conuersi in latinum sermonem à Ioach,1577,1550-1599,Leipzig,LATIN,Geometry/Theory,True,unknown_books,institutional-composite,octavo,8,1,demonstrations_proofs,EUCLIDIS ELEMENTORUM GEOMETRICORUM LIBRI SEX conuersi in latinum sermonem à Ioach | conuersi | adiectæ | editæ | stu-diosorum mathematices in acad. lips | εuκλείδου στοιχείων βίβλια eξ. evclidis elementorvm geometricorvm libri sex | conuersi in latinum sermonem | camerario | mauritio steinmetz | evclidis elementorvm geometricorvm libri sex | trium priorum librorum demonstrationes | trium priorum librorum demonstrationes | demonstrationes | latinum | εuκλείδου | evclidis | conuersi adiect edit conuersi in latinum sermonem trium priorum librorum demonstrationes trium priorum librorum demonstrationes demonstrationes latinum mauritio steinmetz evclidis elementorvm geometricorvm libri sex u evclidis | conuersi adiect edit conuersi in latinum sermonem trium priorum librorum demonstrationes trium priorum librorum demonstrationes demonstrationes stu diosorum mathematices in acad lips acad lips mauritio steinmetz latinum evclidis elementorvm geometricorvm libri sex u evclidis camerario ioach | Εuκλείδου στοιχείων βίβλια Eξ. EVCLIDIS ELEMENTORVM GEOMETRICORVM LIBRI SEX | trium priorum librorum Demonstrationes | conuersi in latinum sermonem | trium priorum librorum Demonstrationes | False | False | False,True,False,False,False,False,False,False,False,False,False,False,False,False,False,False,False,False
London_1570,The elements of geometrie of the most ancient philosopher Euclide of Megara,1570,1550-1599,London,ENGLISH,No primary family,True,near_complete_or_expanded,institutional-composite,folio,2,1,scholia_commentary,The elements of geometrie of the most ancient philosopher Euclide of Megara | translated | annexed | made | the elements of geometrie | now first | citizen of london | m. i. dee | the elements of geometrie | certaine scholies | annotations | inuentions | a very fruitfull præface | certaine scholies | annotations | inuentions | scholies | annotations | inuentions | the most auncient philosopher | englishe | evclide | translated annexed made now first certaine scholies annotations inuentions a very fruitfull prface certaine scholies annotations inuentions scholies annotations inuentions englishe m i dee the elements of geometrie evclide the most auncient philosopher | translated annexed made now first certaine scholies annotations inuentions a very fruitfull prface certaine scholies annotations inuentions scholies annotations inuentions m i dee englishe the elements of geometrie evclide the most auncient philosopher citizen of london h billingsley | THE ELEMENTS OF GEOMETRIE | certaine Scholies | Annotations | Inuentions | a very fruitfull Præface | now first | certaine Scholies | Annotations | Inuentions | False | False | False,False,False,False,False,False,True,False,False,False,False,False,False,False,False,False,False,False
Lyon_1557,In Euclidis Elementa geometrica demonstrationum libri sex,1557,1550-1599,Lyon,LATIN,No primary family,True,books_1_6,institutional-composite,quarto,4,1,demonstrations_proofs,"In Euclidis Elementa geometrica demonstrationum libri sex | auctior | emendatior | additus | contulerit | in evclidis elementa geometrica demonstrationum libri sex | euclidis elementa ge-ometrica demonstrationum libri sex | secunda editio, auctior & emendatior | cenom | cenomani | in evclidis elementa geometrica demonstrationum libri sex | euclidis elementa ge-ometrica demonstrationum libri sex | cui & textus euclidis græcus additus est | quid autem præcipuè ad euclidem contulerit peletarius | euclidis græcus | græcus | euclidis | euclidem | euclidis | auctior emendatior additus contulerit secunda editio auctior emendatior cui textus euclidis grcus additus est quid autem prcipue ad euclidem contulerit peletarius grcus in evclidis elementa geometrica demonstrationum libri sex euclidis elementa ge ometrica demonstrationum libri sex euclidis euclidem euclidis euclidis grcus | auctior emendatior additus contulerit secunda editio auctior emendatior cui textus euclidis grcus additus est quid autem prcipue ad euclidem contulerit peletarius grcus in evclidis elementa geometrica demonstrationum libri sex euclidis elementa ge ometrica demonstrationum libri sex euclidis euclidem euclidis euclidis grcus cenom cenomani iacobi peletarii | IN EVCLIDIS ELEMENTA GEOMETRICA Demonstrationum Libri sex | Euclidis Elementa Ge-ometrica Demonstrationum Libri sex | cui & textus Euclidis Græcus additus est | Quid autem præcipuè ad Euclidem contulerit Peletarius | Secunda editio, auctior & emendatior | False | False | False",True,False,False,False,False,False,False,False,False,False,False,False,False,False,False,False,False
Paris_1564,"Les six premiers livres des Éléments d’Euclide, traduits et commentés",1564,1550-1599,Paris,FRENCH,No primary family,True,books_1_6,practical-pedagogical,quarto,4,1,scholia_commentary,"Les six premiers livres des Éléments d’Euclide, traduits et commentés | tradvicts | commentez | les six premiers livres des elements d’ev- clide | lecteur ordi- naire du roy és mathema- tiques en l’vniuersité de paris | les six premiers livres des elements d’ev- clide | ev- clide | tradvicts commentez les six premiers livres des elements dev clide ev clide | tradvicts commentez lvniuersite de paris les six premiers livres des elements dev clide ev clide lecteur ordi naire du roy es mathema tiques en lvniuersite de paris pierre forcadel de bezies | LES SIX PREMIERS LIVRES DES ELEMENTS D’EV- CLIDE | False | False | False",False,False,False,False,False,True,False,False,False,False,False,False,False,False,False,False,False
Paris_1565,"Les septième, huitième et neuvième livres des Éléments d’Euclide",1565,1550-1599,Paris,FRENCH,Geometry/Theory,True,selected_later_books,practical-pedagogical,quarto,4,1,scholia_commentary,"Les septième, huitième et neuvième livres des Éléments d’Euclide | comprenans | traduits | com- mentez | tradvict | commenté | intitulé | les septieme, hvictieme et nevfieme, livres des elemens d’evclide | liure d’euclide | comprenans tovte la scien- ce des nombres | du leger & du pesant | tradvict et commenté | lecteur ordinaire du roy és mathema- tiques, en l’vni- uersité de paris | lecteur ordinaire du roy es mathematiques en l’vniuersité de paris | les septieme, hvictieme et nevfieme, livres des elemens d’evclide | liure d’euclide | com- mentez | traduict & commenté | le livre d’archimede des pois | le livre d’archimede des pois | d’evclide | liure d’euclide | comprenans traduits com mentez tradvict commente intitule tradvict et commente comprenans tovte la scien ce des nombres du leger du pesant com mentez traduict commente le livre darchimede des pois le livre darchimede des pois les septieme hvictieme et nevfieme livres des elemens devclide liure deuclide devclide liure deuclide | comprenans traduits com mentez tradvict commente intitule tradvict et commente comprenans tovte la scien ce des nombres du leger du pesant com mentez traduict commente le livre darchimede des pois le livre darchimede des pois vni uersite de paris lvniuersite de paris les septieme hvictieme et nevfieme livres des elemens devclide liure deuclide devclide liure deuclide lecteur ordinaire du roy es mathema tiques en lvni uersite de paris lecteur ordinaire du roy es mathematiques en lvniuersite de paris pierre forcadel de bezies pierre forcadel de bezies | COMPRENANS TOVTE LA SCIEN- ce des nombres | du leger & du pesant | LES SEPTIEME, HVICTIEME ET NEVFIEME, LIVRES DES ELEMENS D’EVCLIDE | Liure d’Euclide | com- mentez | traduict & commenté | TRADVICT ET COMMENté | LE LIVRE D’ARCHIMEDE DES POIS | De levi et ponderoso | False | False | False",False,False,False,False,False,True,False,False,False,False,False,False,False,False,False,False,False
Paris_1598a,Les six premiers livres des Éléments d’Euclide,1598,1550-1599,Paris,FRENCH,No primary family,True,books_1_6,practical-pedagogical,octavo,8,1,scholia_commentary,Les six premiers livres des Éléments d’Euclide | tradvicts | commentez | dediez | les six premiers livres des elemens d’evclide | ingenieur du tres -chrestien roy de france & de nauarre | les six premiers livres des elemens d’evclide | tradvicts | commentez | d’evclide | tradvicts commentez dediez tradvicts commentez les six premiers livres des elemens devclide devclide | tradvicts commentez dediez tradvicts commentez les six premiers livres des elemens devclide devclide ingenieur du tres chrestien roy de france de nauarre i errard de bar le duc | LES SIX PREMIERS LIVRES DES ELEMENS D’EVCLIDE | TRADVICTS | commentez | False | False | False,False,False,False,False,False,True,False,False,False,False,False,False,False,False,False,False,False
Pesaro_1572,Euclidis elementorum libri XV una cum scholiis antiquis,1572,1550-1599,Pesaro,LATIN,Geometry/Theory,True,near_complete_or_expanded,institutional-composite,folio,2,1,scholia_commentary,Euclidis elementorum libri XV una cum scholiis antiquis | conuersi | illustrati | evclidis elementorvm libri xv | vnà cum scholijs antiquis | à federico commandino vrbinate nvper in latinvm conuersi | vrbinate nvper | evclidis elementorvm libri xv | commentarijsque quibusdam illustrati | latinvm | evclidis | conuersi illustrati a federico commandino vrbinate nvper in latinvm conuersi vna cum scholijs antiquis commentarijsque quibusdam illustrati latinvm evclidis elementorvm libri xv evclidis | conuersi illustrati a federico commandino vrbinate nvper in latinvm conuersi vna cum scholijs antiquis commentarijsque quibusdam illustrati latinvm evclidis elementorvm libri xv evclidis vrbinate nvper federico commandino | Vnà cum Scholijs antiquis | EVCLIDIS ELEMENTORVM LIBRI XV | commentarijsque quibusdam illustrati | À FEDERICO COMMANDINO VRBINATE NVPER IN LATINVM conuersi | False | False | False,False,False,False,False,False,True,False,False,False,False,False,False,False,False,False,False,False
Rome_1591,"Phaenomena post Zamberti, & Maurolyci editionem, nunc tandem de Vaticana. bibliotheca deprompta. Scholiis antiquis: & figuris optimis illustrata: & de Graeca lingua in Latinam conversa. A Iosepho. Auria. Neapolitano. His additae sunt Maurolyci breves aliquot annotationes",1591,1550-1599,Rome,LATIN,Cosmos/Earth,True,unknown_books,practical-pedagogical,quarto,4,1,scholia_commentary,"Phaenomena post Zamberti, & Maurolyci editionem, nunc tandem de Vaticana. bibliotheca deprompta. Scholiis antiquis: & figuris optimis illustrata: & de Graeca lingua in Latinam conversa. A Iosepho. Auria. Neapolitano. His additae sunt Maurolyci breves aliquot annotationes | conuersa | illustrata | ad-ditæ sunt | evclidis phaenomena | scholijs antiquis: & figuris optimis illustrata: & de græca lingua in latinam conuersa | post zamberti: & maurolyci edi-tionem | evclidis phaenomena | scholijs antiquis | figuris optimis | de græca lingua in latinam conuersa | maurolyci breues aliquot annotationes | de græca lingua | in latinam | evclidis | conuersa illustrata ad dit sunt post zamberti maurolyci edi tionem scholijs antiquis figuris optimis illustrata de grca lingua in latinam conuersa scholijs antiquis figuris optimis de grca lingua in latinam conuersa maurolyci breues aliquot annotationes de grca lingua in latinam evclidis phaenomena evclidis | conuersa illustrata ad dit sunt post zamberti maurolyci edi tionem scholijs antiquis figuris optimis illustrata de grca lingua in latinam conuersa scholijs antiquis figuris optimis de grca lingua in latinam conuersa maurolyci breues aliquot annotationes vaticana bibliotheca bibliothe carivm de grca lingua in latinam evclidis phaenomena evclidis iosepho avria neapolitano | Scholijs antiquis: & figuris optimis illustrata: & de Græca lingua in Latinam conuersa | EVCLIDIS PHAENOMENA | Scholijs antiquis | figuris optimis | de Græca lingua in Latinam conuersa | Maurolyci breues aliquot annotationes | Post Zamberti: & Maurolyci edi-tionem | Phaenomena | False | False | False",False,False,False,False,False,True,False,False,False,False,False,False,False,False,False,False,False
Strasbourg_1564,Euclidis quindecim Elementorum Geometriae primum,1564,1550-1599,Strasbourg,GREEK,Geometry/Theory,True,selected_later_books,institutional-composite,octavo,8,1,scholia_commentary,Euclidis quindecim Elementorum Geometriae primum | accesserunt | explicantur | ευκλειδου των πεντε και δεκα στοιχειων | evclidis qvin-decim elementorum geometriæ primum | scholæ argentinensis professore | theonis | ευκλειδου των πεντε και δεκα στοιχειων | evclidis qvin-decim elementorum geometriæ primum | scholia | græcè | latinè | græcè | latinè | ευκλειδου | evclidis | accesserunt explicantur scholia grce latine grce latine theonis evclidis qvin decim elementorum geometri primum evclidis | accesserunt explicantur scholia schol argentinensis theonis grce latine grce latine evclidis qvin decim elementorum geometri primum evclidis schol argentinensis professore cunrado dasypodio | ΕΥΚΛΕΙΔΟΥ ΤΩΝ ΠΕΝΤΕ ΚΑΙ ΔΕΚΑ ΣΤΟΙΧΕΙΩΝ | EVCLIDIS QVIN-DEcim Elementorum Geometriæ primum | Scholia | False | False | False,False,False,False,False,False,True,False,False,False,False,False,False,False,False,False,False,False
Strasbourg_1564b,PROPOSITIOnes reliquorum Librorum Geometriæ Euclidis,1564,1550-1599,Strasbourg,LATIN,No primary family,True,unknown_books,humanist/vernacular transfer,octavo,8,1,propositions,"PROPOSITIOnes reliquorum Librorum Geometriæ Euclidis | in vsum eorum, qui volumine euclidis carent | propositiones reliquorum librorum geometriæ euclidis | græcè, & latinè | scholæ argentinensis professorem | græcè | latinè | euclidis | grce latine grce latine euclidis | grce latine in vsum eorum qui volumine euclidis carent schol argentinensis grce latine euclidis schol argentinensis professorem cunradum dasypodium | Græcè, & Latinè | PROPOSITIOnes reliquorum Librorum Geometriæ Euclidis | False | False | False",False,True,False,False,False,False,False,False,False,False,False,False,False,False,False,False,False
Strasbourg_1566,Analyseis geometricae sex librorum Euclidis,1566,1550-1599,Strasbourg,GREEK,No primary family,True,books_1_6,institutional-composite,quarto,4,1,scholia_commentary,"Analyseis geometricae sex librorum Euclidis | factae | pro schola argentinensi | sex librorum euclidis | analyseis geometricæ | primi et qvinti factae à christiano herlino | sex librorum euclidis | cvm commentariis, & scholiis perbreuibus in eosdem sex libros geometricos | cvm indice πορισ[lάτων καl λη[l[lάτων | euclidis | factae primi et qvinti factae a christiano herlino analyseis geometric cvm commentariis scholiis perbreuibus in eosdem sex libros geometricos cvm indice l l l l sex librorum euclidis euclidis | factae primi et qvinti factae a christiano herlino analyseis geometric cvm commentariis scholiis perbreuibus in eosdem sex libros geometricos cvm indice l l l l pro schola argentinensi schola argentinensi sex librorum euclidis euclidis cunrado dasypodio | ANALYSEIS GEOmetricæ | sex librorum Euclidis | CVM COMmentariis, & Scholiis perbreuibus in eosdem sex libros Geometricos | CVM Indice Πορισ[lάτων καl λη[l[lάτων | PRIMI ET QVINTI FACTAE À CHRISTIANO HERLINO | False | False | False",False,False,False,False,False,True,False,False,False,False,False,False,False,False,False,False,False
Urbino_1575,De gli elementi d’Euclide libri quindici con gli scolii antichi,1575,1550-1599,Urbino,ITALIAN,Geometry/Theory,True,near_complete_or_expanded,institutional-composite,folio,2,1,scholia_commentary,"De gli elementi d’Euclide libri quindici con gli scolii antichi | volgarizzati | reuisti | ristampati | illustrati | tradotti | illustrati | trasportati | riueduti | de gli elementi d’evclide libri qvindici | con gli scholii antichi | volgarizzati già d’ordine del famosissimo matematico federigo commandino da vrbino | con diligenza reuisti, e ristampati | famosissimo matematico | m | de gli elementi d’evclide libri qvindici | commentarij illustrati | con commentarij illustrati | et hora d’ordine dell’istesso trasportati nella nostra vvlgare | gli scholii antichi | gli scholii antichi | latina | evclide | volgarizzati reuisti ristampati illustrati tradotti illustrati trasportati riueduti volgarizzati gia dordine del famosissimo matematico federigo commandino da vrbino con diligenza reuisti e ristampati con gli scholii antichi commentarij illustrati con commentarij illustrati et hora dordine dellistesso trasportati nella nostra vvlgare gli scholii antichi gli scholii antichi latina de gli elementi devclide libri qvindici evclide | volgarizzati reuisti ristampati illustrati tradotti illustrati trasportati riueduti volgarizzati gia dordine del famosissimo matematico federigo commandino da vrbino con diligenza reuisti e ristampati con gli scholii antichi commentarij illustrati con commentarij illustrati et hora dordine dellistesso trasportati nella nostra vvlgare gli scholii antichi gli scholii antichi latina de gli elementi devclide libri qvindici evclide famosissimo matematico m federigo commandino da vrbino federico commandino da vrbino | CON GLI SCHOLII ANTICHI | DE GLI ELEMENTI D’EVCLIDE LIBRI QVINDICI | Commentarij illustrati | con Commentarij illustrati | ET HORA D’ORDINE DELL’ISTESSO TRASPORTATI NELLA NOSTRA VVLGAre | Volgarizzati già d’ordine del famosissimo Matematico FEDERIGO COMMANDINO DA VRBINO | con diligenza reuisti, e ristampati | GLI SCHOLII ANTICHI | False | False | False",False,False,False,False,False,True,False,False,False,False,False,False,False,False,False,False,False
Venice_1575,Opuscula mathematica,1575,1550-1599,Venice,LATIN,Geometry/Theory,True,selected_later_books,composite/apparatus,quarto,4,1,notes_observations,Opuscula mathematica | ædita | opuscula mathematica | cum rerum omnium notatu dignarum | nunc primùm in lucem ædita | indice locvpletissimo | dita nunc primum in lucem dita cum rerum omnium notatu dignarum indice locvpletissimo | dita nunc primum in lucem dita cum rerum omnium notatu dignarum indice locvpletissimo | cum rerum omnium notatu dignarum | Opuscula Mathematica | INDICE LOCVPLETISSIMO | Nunc primùm in lucem ædita | False | False | False,False,False,False,False,False,False,True,False,False,False,False,False,False,False,False,False,False
Amsterdam_1616,,1616,1600-1649,Amsterdam,DUTCH,Geometry/Theory,True,books_1_6,practical-pedagogical,octavo,8,1,principles,"ghevoecht | overgeset | verclaert | uytgeleyt | oversien | verbetert | vermeerdert | van alle leergierighe, liefhebbers der selver vryer conste | de ses eerste boucken evclidis | van de beginselen ende fondamenten der geometrie | van nieus oversien, ende verbetert | der stadt leyden landtmeter ende wijnroeyer | de ses eerste boucken evclidis | eenighe nut-ticheden, uyt de selve boecken ghetrocken | specien in geometrische figueren | bygevouchde nutticheden mette spetien in geometrische figueren | evclidis | ghevoecht overgeset verclaert uytgeleyt oversien verbetert vermeerdert van nieus oversien ende verbetert van de beginselen ende fondamenten der geometrie eenighe nut ticheden uyt de selve boecken ghetrocken specien in geometrische figueren bygevouchde nutticheden mette spetien in geometrische figueren de ses eerste boucken evclidis evclidis | ghevoecht overgeset verclaert uytgeleyt oversien verbetert vermeerdert van nieus oversien ende verbetert van de beginselen ende fondamenten der geometrie eenighe nut ticheden uyt de selve boecken ghetrocken specien in geometrische figueren bygevouchde nutticheden mette spetien in geometrische figueren van alle leergierighe liefhebbers der selver vryer conste de ses eerste boucken evclidis evclidis der stadt leyden landtmeter ende wijnroeyer ian pieterszoon dov | Van de beginselen ende fondamenten der Geometrie | De ses eerste Boucken EVCLIDIS | eenighe nut-ticheden, uyt de selve Boecken ghetrocken | Specien in Geometrische figueren | bygevouchde nutticheden mette spetien in Geometrische figueren | Van nieus oversien, ende verbetert | False | False | False",False,False,False,False,False,False,False,False,False,False,False,False,False,False,False,True,False
Amsterdam_1626,,1626,1600-1649,Amsterdam,DUTCH,No primary family,True,books_1_6,practical-pedagogical,octavo,8,1,principles,"ghevoecht | overgheset | verclaert | uytgheleyt | over-sien | verbetert | vermeerdert | alle leergierighe liefhebbers der selver vryer conste | de ses eerste boecken evclidis | van de beginselen ende fondamenten der geometrie | van nieus over-sien, ende verbetert | der stadt leyden landtmeter ende wijnroeyer | de ses eerste boecken evclidis | waer by ghevoecht zijn eenighe nut-ticheden, uyt de selve boecken ghetrocken; mitsgaders de specien in geometrische figueren, als ’tmaken, veranderen, t’samen-voeghen, af-trecken, vermenichvuldighen, ende deelen | mitsgaders de byghevoechde nutticheden, mette specien in geometrische figueren breeder verclaert ende vermeerdert deur den selven autheur | evclidis | ghevoecht overgheset verclaert uytgheleyt over sien verbetert vermeerdert van nieus over sien ende verbetert van de beginselen ende fondamenten der geometrie waer by ghevoecht zijn eenighe nut ticheden uyt de selve boecken ghetrocken mitsgaders de specien in geometrische figueren als tmaken veranderen tsamen voeghen af trecken vermenichvuldighen ende deelen mitsgaders de byghevoechde nutticheden mette specien in geometrische figueren breeder verclaert ende vermeerdert deur den selven autheur de ses eerste boecken evclidis evclidis | ghevoecht overgheset verclaert uytgheleyt over sien verbetert vermeerdert van nieus over sien ende verbetert van de beginselen ende fondamenten der geometrie waer by ghevoecht zijn eenighe nut ticheden uyt de selve boecken ghetrocken mitsgaders de specien in geometrische figueren als tmaken veranderen tsamen voeghen af trecken vermenichvuldighen ende deelen mitsgaders de byghevoechde nutticheden mette specien in geometrische figueren breeder verclaert ende vermeerdert deur den selven autheur alle leergierighe liefhebbers der selver vryer conste de ses eerste boecken evclidis evclidis der stadt leyden landtmeter ende wijnroeyer ian pieterszoon dov | Van de beginselen ende fondamenten der Geometrie | De ses eerste Boecken EVCLIDIS | Waer by ghevoecht zijn eenighe nut-ticheden, uyt de selve Boecken ghetrocken; Mitsgaders de Specien in Geometrische figueren, als ’tmaken, veranderen, t’samen-voeghen, af-trecken, vermenichvuldighen, ende deelen | Mitsgaders de byghevoechde nutticheden, mette specien in Geometrische figueren breeder verclaert ende vermeerdert deur den selven Autheur | Van nieus over-sien, ende verbetert | False | False | False",False,False,False,False,False,False,False,False,False,False,False,False,False,False,False,True,False
Amsterdam_1634,"Die sechs ersten Bücher Euclidis, Deß Hochgelährten weitberümbten, Griechischen Philosophi und Mathematici: Von den Anfängen und fundamenten der Geometriae : Dabey dann mancherley auß diesen Büchern gezogene Nutzbarkeiten angefüget seind: sampt den Specie",1634,1600-1649,Amsterdam,GERMAN,Geometry/Theory,True,books_1_6,institutional-composite,octavo,8,1,figures_diagrams,"Die sechs ersten Bücher Euclidis, Deß Hochgelährten weitberümbten, Griechischen Philosophi und Mathematici: Von den Anfängen und fundamenten der Geometriae : Dabey dann mancherley auß diesen Büchern gezogene Nutzbarkeiten angefüget seind: sampt den Specie | angefüget | verteutscht | die sechs ersten bücher evclidis | von den anfängen vnd fundamenten der geometriæ | auss h. ioann petersz dou niderländischen andern edition verteutscht | arithmeticum & g. verordneten inspectorn vnd visitatorn der teuschen schuln in nürnberg | h. ioann petersz | die sechs ersten bücher evclidis | nutzbarkeiten angefüget | speciebus in geometrischen figuren | per demonstra-tiones lineales | dess hochgelährten weit-berümbten, griechischen philosophi vnd mathematici | niderländischen | evclidis | angefuget verteutscht auss h ioann petersz dou niderlandischen andern edition verteutscht von den anfangen vnd fundamenten der geometri nutzbarkeiten angefuget speciebus in geometrischen figuren per demonstra tiones lineales niderlandischen h ioann petersz die sechs ersten bucher evclidis evclidis dess hochgelahrten weit berumbten griechischen philosophi vnd mathematici | angefuget verteutscht auss h ioann petersz dou niderlandischen andern edition verteutscht von den anfangen vnd fundamenten der geometri nutzbarkeiten angefuget speciebus in geometrischen figuren per demonstra tiones lineales der teuschen schuln in nurnberg h ioann petersz niderlandischen die sechs ersten bucher evclidis evclidis dess hochgelahrten weit berumbten griechischen philosophi vnd mathematici arithmeticum g verordneten inspectorn vnd visitatorn der teuschen schuln in nurnberg sebastianum curtium | Von den Anfängen vnd fundamenten der Geometriæ | Die sechs ersten Bücher EVCLIDIS | Nutzbarkeiten angefüget | Speciebus in Geometrischen Figuren | Per Demonstra-tiones Lineales | Auss H. Ioann Petersz Dou Niderländischen andern Edition verteutscht | False | False | False",False,False,False,False,True,False,False,False,False,False,False,False,False,False,False,False,False
Arnhem_1603,In geometriam Euclidis prioribus sex elementorum libris comprehensam demonstratio linealis,1603,1600-1649,Arnhem,LATIN,Geometry/Theory,True,books_1_6,pedagogical/method,quarto,4,1,demonstrations_proofs,In geometriam Euclidis prioribus sex elementorum libris comprehensam demonstratio linealis | in geometriam evclidis prioribus sex elementorum libris | comprehensam demonstratio linealis | in geometriam evclidis prioribus sex elementorum libris | evclidis | comprehensam demonstratio linealis in geometriam evclidis prioribus sex elementorum libris evclidis | comprehensam demonstratio linealis in geometriam evclidis prioribus sex elementorum libris evclidis c dibvadii | comprehensam Demonstratio Linealis | IN GEOMETRIAM EVCLIDIS prioribus sex Elementorum libris | False | False | False,True,False,False,False,False,False,False,False,False,False,False,False,False,False,False,False,False
Arnhem_1605a,In arithmeticam irrationalium Euclidis ,1605,1600-1649,Arnhem,LATIN,Geometry/Theory,True,selected_later_books,pedagogical/method,quarto,4,1,demonstrations_proofs,In arithmeticam irrationalium Euclidis  | ev- clidis decimo elementorum libro | in arithmeticam irrationalivm | demonstratio linealis & numeralis | ev- clidis decimo elementorum libro | ev- clidis | in arithmeticam irrationalivm demonstratio linealis numeralis ev clidis decimo elementorum libro ev clidis | in arithmeticam irrationalivm demonstratio linealis numeralis ev clidis decimo elementorum libro ev clidis c dibvadii | IN ARITHMETICAM IRRATIONALIVM | Demonstratio Linealis & Numeralis | EV- CLIDIS Decimo Elementorum libro | False | False | False,True,False,False,False,False,False,False,False,False,False,False,False,False,False,False,False,False
Douai_1620,,1620,1600-1649,Douai,LATIN,No primary family,True,books_1_6,practical-pedagogical,octavo,8,1,demonstrations_proofs,"accommodauit | evclidis elementorvm libri sex priores | quorum demonstrationes tum alibi sparsim, tum maximè libro quinto ad facil-iorem captum | montensis è societate iesv | evclidis elementorvm libri sex priores | quorum demonstrationes tum alibi sparsim, tum maximè libro quinto ad facil-iorem captum | evclidis | accommodauit quorum demonstrationes tum alibi sparsim tum maxime libro quinto ad facil iorem captum quorum demonstrationes tum alibi sparsim tum maxime libro quinto ad facil iorem captum evclidis elementorvm libri sex priores evclidis | accommodauit quorum demonstrationes tum alibi sparsim tum maxime libro quinto ad facil iorem captum quorum demonstrationes tum alibi sparsim tum maxime libro quinto ad facil iorem captum societate iesv evclidis elementorvm libri sex priores evclidis montensis e societate iesv carolvs malapertivs | Quorum demonstrationes tum alibi sparsim, tum maximè libro quinto ad facil-iorem captum | EVCLIDIS ELEMENTORVM LIBRI SEX PRIORES | Quorum demonstrationes tum alibi sparsim, tum maximè libro quinto ad facil-iorem captum | False | False | False",True,False,False,False,False,False,False,False,False,False,False,False,False,False,False,False,False
Douai_1625,,1625,1600-1649,Douai,LATIN,No primary family,True,books_1_6,practical-pedagogical,duodecimo,12,1,demonstrations_proofs,"accommodauit | euclidis elementorvm libri sex priores | quorum demonstrationes tum alibi sparsim, tum maximè libro quinto ad facil-iorem captum | demonstrationes tum alibi sparsim, tum maximè libro quinto ad facil-iorem captum | editio altera emendatior | montensis è societate iesv | euclidis elementorvm libri sex priores | demonstrationes | euclidis | accommodauit editio altera emendatior quorum demonstrationes tum alibi sparsim tum maxime libro quinto ad facil iorem captum demonstrationes tum alibi sparsim tum maxime libro quinto ad facil iorem captum demonstrationes euclidis elementorvm libri sex priores euclidis | accommodauit editio altera emendatior quorum demonstrationes tum alibi sparsim tum maxime libro quinto ad facil iorem captum demonstrationes tum alibi sparsim tum maxime libro quinto ad facil iorem captum demonstrationes societate iesv euclidis elementorvm libri sex priores euclidis montensis e societate iesv carolvs malapertivs | Quorum demonstrationes tum alibi sparsim, tum maximè libro quinto ad facil-iorem captum | demonstrationes tum alibi sparsim, tum maximè libro quinto ad facil-iorem captum | Euclidis ELEMENTORVM LIBRI SEX PRIORES | demonstrationes | Editio altera emendatior | False | False | False",True,False,False,False,False,False,False,False,False,False,False,False,False,False,False,False,False
Geneva_1611,Les six premiers livres des Eléments géométriques,1611,1600-1649,Geneva,FRENCH,No primary family,True,books_1_6,institutional-composite,quarto,4,1,demonstrations_proofs,Les six premiers livres des Eléments géométriques | traduicts | dediés | les six premiers livres des elements geome- triqves d’evclide | les six premiers livres des elements geometriqves d’evclide | du mans | les six premiers livres des elements geome- triqves d’evclide | les six premiers livres des elements geometriqves d’evclide | avec les demonstra- tions | les demonstrations de iacqves peletier du mans | les demonstrations de iacqves peletier | françois | evclide | traduicts dedies avec les demonstra tions les demonstrations de iacqves peletier du mans les demonstrations de iacqves peletier francois les six premiers livres des elements geome triqves devclide les six premiers livres des elements geometriqves devclide evclide | traduicts dedies avec les demonstra tions les demonstrations de iacqves peletier du mans les demonstrations de iacqves peletier francois les six premiers livres des elements geome triqves devclide les six premiers livres des elements geometriqves devclide evclide du mans jaques peletier | LES SIX PREMIERS LIVRES DES ELEMENTS GEOME- TRIQVES D’EVCLIDE | LES SIX PREMIERS LIVRES DES ELEMENTS GEOMETRIQVES D’EVCLIDE | AVEC LES DEMONSTRA- tions | LES DEMONSTRATIONS DE IACQVES PELETIER du Mans | False | False | False,True,False,False,False,False,False,False,False,False,False,False,False,False,False,False,False,False
Hamburg_1633,,1633,1600-1649,Hamburg,DUTCH,Geometry/Theory,True,books_1_6,humanist/vernacular transfer,quarto,4,1,principles,vertaelt | verroten | evclides zes eerste boekken | vande beginselen der vviskonsten | evclides zes eerste boekken | neerdvyts | evclides | vertaelt verroten vande beginselen der vviskonsten neerdvyts evclides zes eerste boekken evclides | vertaelt verroten vande beginselen der vviskonsten neerdvyts evclides zes eerste boekken evclides iacob vvillemsz | VANDE BEGINSELEN DER VViskonsten | EVCLIDES ZES EERSTE BOEKKEN | False | False | False,False,False,False,False,False,False,False,False,False,False,False,False,False,False,False,True,False
Leiden_1606,De ses eerste boucken Euclidis,1606,1600-1649,Leiden,DUTCH,Geometry/Theory,True,books_1_6,institutional-composite,quarto,4,1,principles,De ses eerste boucken Euclidis | verclaert | over-gheset | uytgheleyt | de ses eerste boucken evclidis | van de beginselen ende fon-damenten der geometri | der stadt leyden lantmeter ende wijn-roeyer | de ses eerste boucken evclidis | een cort byvouchsel | de specien in geometrische figueren | evclidis | verclaert over gheset uytgheleyt van de beginselen ende fon damenten der geometri een cort byvouchsel de specien in geometrische figueren de ses eerste boucken evclidis evclidis | verclaert over gheset uytgheleyt van de beginselen ende fon damenten der geometri een cort byvouchsel de specien in geometrische figueren de ses eerste boucken evclidis evclidis der stadt leyden lantmeter ende wijn roeyer ian pieterszoon dov | Van de beginselen ende fon-damenten der Geometri | De ses eerste boucken EVCLIDIS | een cort byvouchsel | de specien in Geometrische figueren | False | False | False,False,False,False,False,False,False,False,False,False,False,False,False,False,False,False,True,False
Leiden_1617,,1617,1600-1649,Leiden,DUTCH,Geometry/Theory,True,near_complete_or_expanded_enunciations,institutional-composite,duodecimo,12,1,propositions,overgeset | tsamenghestelt | de propositien vande xv. boucken der elementen euclidis | professor matheseos tot leyden | xv. boucken der elementen euclidis | met corte verclaringen sommiger propositien | euclidis | overgeset tsamenghestelt met corte verclaringen sommiger propositien xv boucken der elementen euclidis euclidis | overgeset tsamenghestelt met corte verclaringen sommiger propositien xv boucken der elementen euclidis euclidis professor matheseos tot leyden f v schooten | DE PROPOSITIEN vande xv. Boucken der Elementen Euclidis | met corte verclaringen sommiger propositien | False | False | False,False,True,False,False,False,False,False,False,False,False,False,False,False,False,False,False,False
Leipzig_1607,,1607,1600-1649,Leipzig,LATIN,Geometry/Theory,True,unknown_books,institutional-composite,octavo,8,1,enunciations,"evclidis optica & catoptrica | d. mathematum professoris | evclidis optica & catoptrica | programmate | evclidis | programmate evclidis optica catoptrica evclidis | programmate evclidis optica catoptrica evclidis d mathematum professoris christophori meureri | EVCLIDIS OPTICA & CATOPTRICA | Programmate | Optica, Catoptrica (enunciations) | False | True | False",False,False,False,False,False,False,False,False,False,False,False,False,True,False,False,False,False
Lyon_1603,In geometriam Euclidis prioribus sex Elementorum libris comprehensam Demonstratio linealis Numeralis,1603,1600-1649,Lyon,LATIN,No primary family,True,books_1_6,pedagogical/method,quarto,4,1,demonstrations_proofs,In geometriam Euclidis prioribus sex Elementorum libris comprehensam Demonstratio linealis Numeralis | geometriam evclidis prioribus sex elementorum | libris comprehensam demonstratio numeralis | geometriam evclidis prioribus sex elementorum | geometriam evclidis | libris comprehensam demonstratio numeralis geometriam evclidis prioribus sex elementorum geometriam evclidis | libris comprehensam demonstratio numeralis cancellarium regium geometriam evclidis prioribus sex elementorum geometriam evclidis c dibvadii | libris comprehensam Demonstratio Numeralis | GEOMETRIAM EVCLIDIS prioribus sex Elementorum | False | False | False,True,False,False,False,False,False,False,False,False,False,False,False,False,False,False,False,False
Mainz_1611_1612,"Geometria Practica, Arithmetica Practica, Algebra",1611/1612,1600-1649,Mainz,LATIN,Geometry/Theory | Arithmetic/Commerce,True,near_complete_or_expanded,practical-pedagogical,folio,2,1,scholia_commentary,"Geometria Practica, Arithmetica Practica, Algebra | distributa | denuo correcta | aucta | euclidis ele-menta geometrica | denuo correcta, et plurimis locis aucta | e societate iesv | theodosij | euclidis ele-menta geometrica | commentaria in euclidis ele-menta geometrica | in sphærica theodosij | sinuum, tangentium & secantium rationem & canones | tractationem triangulorum, tum rectilineorum, tum sphæricorum | commentaria in euclidis ele-menta geometrica | sphærica theodosij | sinuum | tangentium | secantium | tractationem triangulorum | euclidis | distributa denuo correcta aucta denuo correcta et plurimis locis aucta commentaria in euclidis ele menta geometrica in sphrica theodosij sinuum tangentium secantium rationem canones tractationem triangulorum tum rectilineorum tum sphricorum commentaria in euclidis ele menta geometrica sphrica theodosij sinuum tangentium secantium tractationem triangulorum theodosij euclidis ele menta geometrica euclidis | distributa denuo correcta aucta denuo correcta et plurimis locis aucta commentaria in euclidis ele menta geometrica in sphrica theodosij sinuum tangentium secantium rationem canones tractationem triangulorum tum rectilineorum tum sphricorum commentaria in euclidis ele menta geometrica sphrica theodosij sinuum tangentium secantium tractationem triangulorum societate iesv theodosij euclidis ele menta geometrica euclidis e societate iesv christophori clavii bambergensis | Euclidis Ele-menta Geometrica | denuo correcta, et plurimis locis aucta | Commentaria In Euclidis Ele-menta Geometrica | In Sphærica Theodosij | Sinuum, Tangentium & Secantium rationem & Canones | Tractationem triangulorum, tum rectilineorum, tum sphæricorum | False | False | False",False,False,False,False,False,True,False,False,False,False,False,False,False,False,False,False,False
Nuremberg_1625,Euclidis elementa practica oder Ausszug aller Problematum und Handarbeiten auss den 15 Büchern Euclidis,1625,1600-1649,Nuremberg,GERMAN,Geometry/Theory,True,near_complete_or_expanded,practical-pedagogical,quarto,4,1,problems,Euclidis elementa practica oder Ausszug aller Problematum und Handarbeiten auss den 15 Büchern Euclidis | dargegeben | gedruckt | verlegt | allen und jeden | euclidis elementa practica | auszug aller problematum und haubarbeiten auß den 15. büchern euclidis | churf. sächs. mathematicum und inspectorn der kunstkammer zu dresden | euclidis elementa practica | teutsche sprach | euclidis | euclidis | dargegeben gedruckt verlegt auszug aller problematum und haubarbeiten au den 15 buchern euclidis teutsche sprach euclidis elementa practica euclidis euclidis | dargegeben gedruckt verlegt auszug aller problematum und haubarbeiten au den 15 buchern euclidis allen und jeden kunstkammer zu dresden teutsche sprach euclidis elementa practica euclidis euclidis churf sachs mathematicum und inspectorn der kunstkammer zu dresden m luc brunn | Auszug aller Problematum und Haubarbeiten auß den 15. Büchern Euclidis | EUCLIDIS ELEMENTA PRACTICA | False | False | False,False,False,False,True,False,False,False,False,False,False,False,False,False,False,False,False,False
Paris_1605,Les nevf premiers livres des elemens,1605,1600-1649,Paris,FRENCH,Geometry/Theory,True,partial_from_book_1,practical-pedagogical,octavo,8,1,scholia_commentary,Les nevf premiers livres des elemens | tradvits | commentez | dediez | reueus | corrigez | les nevf premiers livres des elemens d’evclide | reueus & corrigez | ingenieur du tres- chrestien roy de france & de nauarre | les nevf premiers livres des elemens d’evclide | commentez | d’evclide | tradvits commentez dediez reueus corrigez reueus corrigez commentez les nevf premiers livres des elemens devclide devclide | tradvits commentez dediez reueus corrigez reueus corrigez commentez les nevf premiers livres des elemens devclide devclide ingenieur du tres chrestien roy de france de nauarre i errard de bar le duc | LES NEVF PREMIERS LIVRES DES ELEMENS D’EVCLIDE | commentez | Reueus & corrigez | False | False | False,False,False,False,False,False,True,False,False,False,False,False,False,False,False,False,False,False
Paris_1625,,1625,1600-1649,Paris,GREEK,Geometry/Theory,True,unknown_books,institutional-composite,quarto,4,1,scholia_commentary,"vertit | adiectus est | edidit | illus‑trauit | explicantur | evclidis data | opvs ad vetervm geometriæ autorum archimedis, apollonij, pappi, eutocij, cæterorúmque non modo lectionem, sed ad geometricæ quoque analyseos instaurationem planè necessar-ium, & à multis diu desideratum | nunc primùm edidit | in supremâ parisiensi curiâ aduocatus, è regis christianissimi bibliothecâ græcè | archimedis | apollonij | pappi | eutocij | evclidis data | scholijsq | commentarius græcè & latinè | græcè | latinè | ευκλειδου | evclidis | eu-clideorum | vertit adiectus est edidit illustrauit explicantur nunc primum edidit opvs ad vetervm geometri autorum archimedis apollonij pappi eutocij cterorumque non modo lectionem sed ad geometric quoque analyseos instaurationem plane necessar ium a multis diu desideratum scholijsq commentarius grce latine grce latine archimedis apollonij pappi eutocij evclidis data evclidis eu clideorum | vertit adiectus est edidit illustrauit explicantur nunc primum edidit opvs ad vetervm geometri autorum archimedis apollonij pappi eutocij cterorumque non modo lectionem sed ad geometric quoque analyseos instaurationem plane necessar ium a multis diu desideratum scholijsq commentarius grce latine regis christianissimi bibliotheca grce bibliotheca marini philosophi parisiensi curia archimedis apollonij pappi eutocij grce latine evclidis data evclidis eu clideorum in suprema parisiensi curia aduocatus e regis christianissimi bibliotheca grce clavdivs hardy sebast fil | OPVS AD VETERVM GEOMETRIÆ Autorum Archimedis, Apollonij, Pappi, Eutocij, cæterorúmque non modo lectionem, sed ad Geometricæ quoque Analyseos instaurationem planè necessar-ium, & à multis diu desideratum | EVCLIDIS DATA | scholijsq | Commentarius Græcè & Latinè | nunc primùm edidit | Data | True | False | False",False,False,False,False,False,True,False,False,False,False,False,False,False,False,False,False,False
Paris_1626a,,1626,1600-1649,Paris,LATIN,Geometry/Theory,True,near_complete_or_expanded,pedagogical/method,octavo,8,1,enunciations,"elementorvm evclidis libri xvi | elementorvm evclidis libri xvi | cvm addition-ibvs mavrolyci et candallæ | opticorvm libri v | opticorvm libri v | evclidis | cvm addition ibvs mavrolyci et candall opticorvm libri v opticorvm libri v elementorvm evclidis libri xvi evclidis | cvm addition ibvs mavrolyci et candall opticorvm libri v opticorvm libri v elementorvm evclidis libri xvi evclidis | ELEMENTORVM EVCLIDIS LIBRI XVI | CVM ADDITION-IBVS MAVROLYCI ET CANDALLÆ | OPTICORVM LIBRI V | Optica, Phaenomena (enunciations) | False | True | False",False,False,False,False,False,False,False,False,False,False,False,False,True,False,False,False,False
Paris_1629,,1629,1600-1649,Paris,FRENCH,No primary family,True,partial_from_book_1,practical-pedagogical,quarto,4,1,scholia_commentary,tradvits | commentez | reueuz | corrigez | les nevf premiers livres des elemens d’evclide | reueuz & corrigez par l’autheur | ingenieur du tres- chrestien roy de france & de nauarre | les nevf premiers livres des elemens d’evclide | d’evclide | tradvits commentez reueuz corrigez reueuz corrigez par lautheur les nevf premiers livres des elemens devclide devclide | tradvits commentez reueuz corrigez reueuz corrigez par lautheur les nevf premiers livres des elemens devclide devclide ingenieur du tres chrestien roy de france de nauarre i errard de bar le duc | LES NEVF PREMIERS LIVRES DES ELEMENS D’EVCLIDE | Reueuz & corrigez par l’Autheur | False | False | False,False,False,False,False,False,True,False,False,False,False,False,False,False,False,False,False,False
Paris_1643b,,1643,1600-1649,Paris,LATIN,No primary family,True,books_1_6,pedagogical/method,octavo,8,1,demonstrations_proofs,contracti | demonstrati | evclidis sex primi elementorvm geometri- corvm libri | in commodiorem formam contracti & demonstrati | è societate iesv | evclidis sex primi elementorvm geometri- corvm libri | evclidis | contracti demonstrati in commodiorem formam contracti demonstrati evclidis sex primi elementorvm geometri corvm libri evclidis | contracti demonstrati in commodiorem formam contracti demonstrati iesv societate iesv evclidis sex primi elementorvm geometri corvm libri evclidis e societate iesv p georgio fovrnier | EVCLIDIS SEX PRIMI ELEMENTORVM GEOMETRI- CORVM LIBRI | In commodiorem formam contracti & demonstrati | False | False | False,True,False,False,False,False,False,False,False,False,False,False,False,False,False,False,False,False
Paris_1644c,,1644,1600-1649,Paris,LATIN,Geometry/Theory | Cosmos/Earth,True,near_complete_or_expanded_enunciations,institutional-composite,quarto,4,1,enunciations,"studio & operâ | studio opera f m mersenni | Phaenomena, Data (enunciations) | True | False | False",False,False,False,False,False,False,False,False,False,False,False,False,True,False,False,False,False
Rome_1609,,1609,1600-1649,Rome,LATIN,Geometry/Theory | Cosmos/Earth,True,unknown_books,practical-pedagogical,quarto,4,1,scholia_commentary,"deprompta | illustrata | conuersa | addita sunt | evclidis phaenomena | post zamberti, & maurolyci edi-tionem | his addita sunt maurolyci breues aliquot annotationes | neapolitano | zamberti | maurolyci | evclidis phaenomena | scholijs antiquis, & figuris optimis illustrata | maurolyci breues aliquot annotationes | de græca lingua | in latinam | evclidis | deprompta illustrata conuersa addita sunt post zamberti maurolyci edi tionem his addita sunt maurolyci breues aliquot annotationes scholijs antiquis figuris optimis illustrata maurolyci breues aliquot annotationes de grca lingua in latinam zamberti maurolyci evclidis phaenomena evclidis | deprompta illustrata conuersa addita sunt post zamberti maurolyci edi tionem his addita sunt maurolyci breues aliquot annotationes scholijs antiquis figuris optimis illustrata maurolyci breues aliquot annotationes zamberti maurolyci de grca lingua in latinam evclidis phaenomena evclidis neapolitano iosepho avria | EVCLIDIS PHAENOMENA | Scholijs antiquis, & figuris optimis illustrata | Maurolyci breues aliquot annotationes | Post Zamberti, & Maurolyci edi-tionem | His addita sunt Maurolyci breues aliquot annotationes | Phaenomena | False | False | False",False,False,False,False,False,True,False,False,False,False,False,False,False,False,False,False,False
Rome_1629,,1629,1600-1649,Rome,LATIN,No primary family,True,books_1_6,institutional-composite,duodecimo,12,1,scholia_commentary,contracti | evclidis sex primi elementorvm geometricorvm | ex maioribus clavii commentariis in commodiorem formam contracti | rervmq. mathemati-carvm | clavii | evclidis sex primi elementorvm geometricorvm | evclidis | contracti ex maioribus clavii commentariis in commodiorem formam contracti clavii evclidis sex primi elementorvm geometricorvm evclidis | contracti ex maioribus clavii commentariis in commodiorem formam contracti societate iesv clavii evclidis sex primi elementorvm geometricorvm evclidis rervmq mathemati carvm christophori grienbergeri oenohallensis | EVCLIDIS Sex primi ELEMENTORVM GEOMETRICORVM | Ex maioribus CLAVII Commentariis in commodiorem formam contracti | False | False | False,False,False,False,False,False,True,False,False,False,False,False,False,False,False,False,False,False
Rotterdam_1632,,1632,1600-1649,Rotterdam,DUTCH,Geometry/Theory,True,books_1_6,practical-pedagogical,octavo,8,1,principles,ghevoeght | overgheset | verk-laert | uytgheleyt | oversien | verbetert | byghevoeghde | verklaert | vermeerdert | van alle leergierighe lief hebbers der selver vryer konste | de ses eerste boecken evclidis | van de beginselen ende fondamenten der geometrie | van nieus oversien ende verbetert | der stadt leyden lant-meter ende wijnroeyer | de ses eerste boecken evclidis | eenighe nut-tigheden | specien in geometrische figueren | byghevoeghde nut-tigheden | evclidis | ghevoeght overgheset verk laert uytgheleyt oversien verbetert byghevoeghde verklaert vermeerdert van nieus oversien ende verbetert van de beginselen ende fondamenten der geometrie eenighe nut tigheden specien in geometrische figueren byghevoeghde nut tigheden de ses eerste boecken evclidis evclidis | ghevoeght overgheset verk laert uytgheleyt oversien verbetert byghevoeghde verklaert vermeerdert van nieus oversien ende verbetert van de beginselen ende fondamenten der geometrie eenighe nut tigheden specien in geometrische figueren byghevoeghde nut tigheden van alle leergierighe lief hebbers der selver vryer konste de ses eerste boecken evclidis evclidis der stadt leyden lant meter ende wijnroeyer ian pietersz dou | Van de beginselen ende fondamenten der Geometrie | De ses eerste Boecken EVCLIDIS | eenighe nut-tigheden | Specien in Geometrische figueren | byghevoeghde nut-tigheden | Van nieus oversien ende verbetert | False | False | False,False,False,False,False,False,False,False,False,False,False,False,False,False,False,False,True,False
Wittenberg_1609,Euclidis elementorum libri XIII,1609,1600-1649,Wittenberg,LATIN,Geometry/Theory,True,books_1_13,practical-pedagogical,octavo,8,1,demonstrations_proofs,"Euclidis elementorum libri XIII | correctior | emendatior | evclidis elementorum libri xiii | succinctis & per- spicuis demonstrationibus comprehensi | editio postuma, priore correctior & emendatior | mathematum professore extraordinario in academia leucorea | mathematum super: professore publico in academia leucorea | evclidis elementorum libri xiii | evclidis | correctior emendatior editio postuma priore correctior emendatior succinctis per spicuis demonstrationibus comprehensi evclidis elementorum libri xiii evclidis | correctior emendatior editio postuma priore correctior emendatior succinctis per spicuis demonstrationibus comprehensi academia leucorea evclidis elementorum libri xiii evclidis mathematum professore extraordinario in academia leucorea mathematum super professore publico in academia leucorea m ambrosio rhodio kembergense ambrosio rhodio kembergensi | Succinctis & per- spicuis demonstrationibus comprehensi | EVCLIDIS ELEMENTORUM LIBRI XIII | Editio postuma, priore Correctior & Emendatior | False | False | False",True,False,False,False,False,False,False,False,False,False,False,False,False,False,False,False,False
Amsterdam_1652,,1652,1650-1699,Amsterdam,LATIN,Music,True,unknown_books,composite/apparatus,quarto,4,1,notes_observations,"restiuit | explicavit | notis | græce | latine | græce | latine | restiuit explicavit notis grce latine grce latine | restiuit explicavit notis grce latine grce latine marcvs meibomivs | Notis | Introductio harmonica, Sectio canonis | False | False | False",False,False,False,False,False,False,True,False,False,False,False,False,False,False,False,False,False
Amsterdam_1660,,1660,1650-1699,Amsterdam,DUTCH,Geometry/Theory,True,books_1_6,pedagogical/method,quarto,4,1,principles,vertaald | euklides ses eerste boekken | van de beginselen der wiskonsten | van haerlem | euklides ses eerste boekken | neerduyts | euklides | vertaald van de beginselen der wiskonsten neerduyts euklides ses eerste boekken euklides | vertaald van de beginselen der wiskonsten neerduyts euklides ses eerste boekken euklides van haerlem jacob willemsz verrooten | Van de Beginselen der WISKONSTEN | EUKLIDES SES EERSTE BOEKKEN | False | False | False,False,False,False,False,False,False,False,False,False,False,False,False,False,False,False,True,False
Amsterdam_1662,,1662,1650-1699,Amsterdam,DUTCH,Geometry/Theory,True,near_complete_or_expanded_enunciations,practical-pedagogical,duodecimo,12,1,propositions,overgeset | vertaelt | vergroot | verrijckt | de 15 boecken der elementen van euclidis | met korte verk-laringen eeniger propositien | en nu vergroot deor j. v. l | in sijn leven professer matheseos der hooge schoole tot leyden | christophoro clavio | de 15 boecken der elementen van euclidis | met korte verk-laringen eeniger propositien | een aenhanghsel der fondamenten vande mathematische namen ende coracteren | het sesthiende boeck van christophoro clavio | sesthiende boeck | latijn | euclidis | overgeset vertaelt vergroot verrijckt en nu vergroot deor j v l met korte verk laringen eeniger propositien met korte verk laringen eeniger propositien een aenhanghsel der fondamenten vande mathematische namen ende coracteren het sesthiende boeck van christophoro clavio sesthiende boeck latijn christophoro clavio de 15 boecken der elementen van euclidis euclidis | overgeset vertaelt vergroot verrijckt en nu vergroot deor j v l met korte verk laringen eeniger propositien met korte verk laringen eeniger propositien een aenhanghsel der fondamenten vande mathematische namen ende coracteren het sesthiende boeck van christophoro clavio sesthiende boeck hooge schoole tot leyden christophoro clavio latijn de 15 boecken der elementen van euclidis euclidis in sijn leven professer matheseos der hooge schoole tot leyden frans van schoten | Met korte verk-laringen eeniger Propositien | De 15 Boecken der ELEMENTEN Van Euclidis | Met korte verk-laringen eeniger Propositien | een Aenhanghsel der Fondamenten vande Mathematische Namen ende Coracteren | En nu vergroot deor J. V. L | het sesthiende Boeck van Christophoro Clavio | False | False | False,False,True,False,False,False,False,False,False,False,False,False,False,False,False,False,False,False
Amsterdam_1683,,1683,1650-1699,Amsterdam,LATIN,Geometry/Theory,True,books_1_6_plus_solids,institutional-composite,octavo,8,1,theorems,accedunt | elementa geometriæ planæ ac solidæ | editio nova | soc. jesu sacerdote & matheseos professore | archimede | elementa geometriæ planæ ac solidæ | selecta ex archimede theoremata | selecta ex archimede theoremata | ex archimede theoremata | accedunt editio nova selecta ex archimede theoremata selecta ex archimede theoremata ex archimede theoremata archimede elementa geometri plan ac solid | accedunt editio nova selecta ex archimede theoremata selecta ex archimede theoremata ex archimede theoremata soc jesu archimede elementa geometri plan ac solid soc jesu sacerdote matheseos professore an drea tacquet | ELEMENTA GEOMETRIÆ PLANÆ AC SOLIDÆ | selecta EX ARCHIMEDE THEOREMATA | EDITIO NOVA | selecta EX ARCHIMEDE THEOREMATA | False | False | False,False,False,True,False,False,False,False,False,False,False,False,False,False,False,False,False,False
Amsterdam_1695,,1695,1650-1699,Amsterdam,DUTCH,Geometry/Theory,True,near_complete_or_expanded,institutional-composite,quarto,4,1,principles,"vervaat | opgesteld | euclidis beginselen der meetkonst | begrijpende de beginselen, op dewelke de gantsche wiskonst rust, daarom ook te recht genaamt beginselen der wiskonst | vervaat in 15 boeken | geometra, geswooren landmeeter en leermeester, in de wiskonst, als stuurmanskonst enz | euclidis beginselen der meetkonst | begrijpende de beginselen, op dewelke de gantsche wiskonst rust | 16 boek fr. flussatis candallæ | 16 boek fr. flussatis candallæ | nederduytse | euclidis | vervaat opgesteld vervaat in 15 boeken begrijpende de beginselen op dewelke de gantsche wiskonst rust daarom ook te recht genaamt beginselen der wiskonst begrijpende de beginselen op dewelke de gantsche wiskonst rust 16 boek fr flussatis candall 16 boek fr flussatis candall nederduytse euclidis beginselen der meetkonst euclidis | vervaat opgesteld vervaat in 15 boeken begrijpende de beginselen op dewelke de gantsche wiskonst rust daarom ook te recht genaamt beginselen der wiskonst begrijpende de beginselen op dewelke de gantsche wiskonst rust 16 boek fr flussatis candall 16 boek fr flussatis candall nederduytse euclidis beginselen der meetkonst euclidis geometra geswooren landmeeter en leermeester in de wiskonst als stuurmanskonst enz claas jansz | Begrijpende de Beginselen, op dewelke de gantsche Wiskonst rust, Daarom ook te recht genaamt BEGINSELEN DER WISKONST | EUCLIDIS BEGINSELEN der MEETKONST | Begrijpende de Beginselen, op dewelke de gantsche Wiskonst rust | Vervaat in 15 Boeken | 16 Boek Fr. Flussatis Candallæ | False | False | False",False,False,False,False,False,False,False,False,False,False,False,False,False,False,False,True,False
Antwerp_1654,Elementa geometriae planae et solidae,1654,1650-1699,Antwerp,LATIN,Geometry/Theory,True,books_1_6_plus_solids,institutional-composite,octavo,8,1,theorems,Elementa geometriae planae et solidae | accedvnt | lectorem | elementa geometriæ planæ ac solidæ | societatis iesv sacerdote & matheseos professore | elementa geometriæ planæ ac solidæ | selecta ex archimede theoremata | accedvnt selecta ex archimede theoremata elementa geometri plan ac solid | accedvnt selecta ex archimede theoremata lectorem societatis iesv elementa geometri plan ac solid societatis iesv sacerdote matheseos professore andrea tacqvet | ELEMENTA GEOMETRIÆ PLANÆ AC SOLIDÆ | SELECTA EX ARCHIMEDE THEOREMATA | False | False | False,False,False,True,False,False,False,False,False,False,False,False,False,False,False,False,False,False
Antwerp_1665,,1665,1650-1699,Antwerp,LATIN,Geometry/Theory,True,books_1_6_plus_solids,institutional-composite,octavo,8,1,theorems,ad lectorem | elementa geometriæ planæ ac solidæ | editio secunda correctior | societatis iesv | sacerdote & matheseos professore | archimede | elementa geometriæ planæ ac solidæ | qviʋs accedvnt selecta ex archimede theoremata | ex archimede theoremata | editio secunda correctior qvis accedvnt selecta ex archimede theoremata ex archimede theoremata archimede elementa geometri plan ac solid | editio secunda correctior qvis accedvnt selecta ex archimede theoremata ex archimede theoremata ad lectorem societatis iesv archimede elementa geometri plan ac solid societatis iesv sacerdote matheseos professore andrea tacqvet | ELEMENTA GEOMETRIÆ PLANÆ AC SOLIDÆ | EDITIO SECUNDA CORRECTIOR | QVIƲS ACCEDVNT SELECTA EX ARCHIMEDE THEOREMATA | False | False | False,False,False,True,False,False,False,False,False,False,False,False,False,False,False,False,False,False
Antwerp_1672,,1672,1650-1699,Antwerp,LATIN,Geometry/Theory,True,books_1_6_plus_solids,institutional-composite,octavo,8,1,theorems,accedvnt | lectorem | elementa geometriæ planæ ac solidæ | editio tertia correctior | societatis iesv sacerdote & matheseos professore | archimede | elementa geometriæ planæ ac solidæ | selecta ex archimede theoremata | selecta ex archimede theoremata | accedvnt editio tertia correctior selecta ex archimede theoremata selecta ex archimede theoremata archimede elementa geometri plan ac solid | accedvnt editio tertia correctior selecta ex archimede theoremata selecta ex archimede theoremata lectorem societatis iesv archimede elementa geometri plan ac solid societatis iesv sacerdote matheseos professore andrea tacqvet | ELEMENTA GEOMETRIÆ PLANÆ AC SOLIDÆ | EDITIO TERTIA CORRECTIOR | SELECTA EX ARCHIMEDE THEOREMATA | False | False | False,False,False,True,False,False,False,False,False,False,False,False,False,False,False,False,False,False
Bamberg_1677,,1677,1650-1699,Bamberg,LATIN,Geometry/Theory,True,books_1_6,institutional-composite,folio,2,1,theorems,"digesta | disposita | additis | accesserunt | quivis, vel mediocri præditus ingenio | regis -curiani, e societate jesu | additis indicibus locupletissimis | theoreses mechanicæ novæ | theoreses mechanicæ novæ | digesta disposita additis accesserunt additis indicibus locupletissimis theoreses mechanic nov theoreses mechanic nov | digesta disposita additis accesserunt additis indicibus locupletissimis theoreses mechanic nov theoreses mechanic nov quivis vel mediocri prditus ingenio ejusdem societatis iesu gymnasio matheseos regis curiani e societate jesu p gasparis schotti | Additis INDICIBUS locupletissimis | THEORESES MECHANICÆ NOVÆ | False | False | False",False,False,True,False,False,False,False,False,False,False,False,False,False,False,False,False,False
Bologna_1684,,1684,1650-1699,Bologna,LATIN,Geometry/Theory,True,books_1_6,pedagogical/method,octavo,8,1,demonstrations_proofs,"edita | consecrata | studiosæ iuuentutis | sex priora evclidis geometrica elementa | denuò clarioribus auctorum demonstrationibus, vnà cum breuissimo proportionum tractatu | in gratiam studiosæ iuuentutis edita | sex priora evclidis geometrica elementa | cum breuissimo proportionum tractatu | evclidis | edita consecrata in gratiam studios iuuentutis edita denuo clarioribus auctorum demonstrationibus vna cum breuissimo proportionum tractatu cum breuissimo proportionum tractatu sex priora evclidis geometrica elementa evclidis | edita consecrata in gratiam studios iuuentutis edita denuo clarioribus auctorum demonstrationibus vna cum breuissimo proportionum tractatu cum breuissimo proportionum tractatu studios iuuentutis sex priora evclidis geometrica elementa evclidis | Denuò clarioribus Auctorum demonstrationibus, vnà cum breuissimo proportionum tractatu | SEX PRIORA EVCLIDIS GEOMETRICA ELEMENTA | cum breuissimo proportionum tractatu | in gratiam studiosæ iuuentutis edita | False | False | False",True,False,False,False,False,False,False,False,False,False,False,False,False,False,False,False,False
Brussels_1688,,1688,1650-1699,Brussels,SPANISH,Geometry/Theory,True,books_1_6_plus_solids,practical-pedagogical,octavo,8,1,propositions,"augmentados | al excelentissimo señor marques de bedmar, capitan general de la artilleria del exercito de los payses baxos | los seis primeros libros, onze, y doze de los elementos de euclides megarense | el capitan | maestro de mathematicas | los seis primeros libros, onze, y doze de los elementos de euclides | augmentados de muchas proposiciones curiosas que facilitan su uso | euclides | augmentados augmentados de muchas proposiciones curiosas que facilitan su uso los seis primeros libros onze y doze de los elementos de euclides euclides | augmentados augmentados de muchas proposiciones curiosas que facilitan su uso al excelentissimo senor marques de bedmar capitan general de la artilleria del exercito de los payses baxos los seis primeros libros onze y doze de los elementos de euclides euclides el capitan maestro de mathematicas don sebastian fernandez de medrano | LOS SEIS PRIMEROS LIBROS, ONZE, Y DOZE DE LOS ELEMENTOS DE EUCLIDES MEGARENSE | Augmentados de muchas Proposiciones curiosas que facilitan su uso | False | False | False",False,True,False,False,False,False,False,False,False,False,False,False,False,False,False,False,False
Brussels_1689,"Elementos geometricos de Euclides, los seis primeros libros de los planos; y los onzeno, y dozeno de los solidos: con algunos selectos theoremas de Archimedes. Traducidos, y explicados por el P. Jacobo Kresa de la Compañia de Jesus, cathedratico de mathem",1689,1650-1699,Brussels,SPANISH,Geometry/Theory,True,books_1_6_plus_solids,institutional-composite,quarto,4,1,theorems,"Elementos geometricos de Euclides, los seis primeros libros de los planos; y los onzeno, y dozeno de los solidos: con algunos selectos theoremas de Archimedes. Traducidos, y explicados por el P. Jacobo Kresa de la Compañia de Jesus, cathedratico de mathem | tradvcidos | explica-dos | elementos geometricos de evclides | los seis primeros libros de los planos; y los onzeno, y dozeno de los solidos | de la compañia de jesvs | cathedratico de mathematicas en los estudios reales del colegio imperial de madrid; y en interin en la armada real en cadiz | archimedes | elementos geometricos de evclides, los seis primeros libros de los planos; y los onzeno, y dozeno de los solidos | con algvnos selectos theoremas de archimedes | algvnos selectos theoremas de archimedes | theoremas de archimedes | evclides | tradvcidos explica dos los seis primeros libros de los planos y los onzeno y dozeno de los solidos con algvnos selectos theoremas de archimedes algvnos selectos theoremas de archimedes theoremas de archimedes archimedes elementos geometricos de evclides los seis primeros libros de los planos y los onzeno y dozeno de los solidos evclides | tradvcidos explica dos los seis primeros libros de los planos y los onzeno y dozeno de los solidos con algvnos selectos theoremas de archimedes algvnos selectos theoremas de archimedes theoremas de archimedes compania de jesvs colegio imperial de madrid armada real en cadiz archimedes elementos geometricos de evclides los seis primeros libros de los planos y los onzeno y dozeno de los solidos evclides de la compania de jesvs cathedratico de mathematicas en los estudios reales del colegio imperial de madrid y en interin en la armada real en cadiz p jacobo kresa | LOS SEIS PRIMEROS LIBROS DE LOS PLANOS; Y LOS ONZENO, Y DOZENO DE LOS SOLIDOS | ELEMENTOS GEOMETRICOS DE EVCLIDES | CON ALGVNOS SELECTOS THEOREMAS DE ARCHIMEDES | ALGVNOS SELECTOS THEOREMAS DE ARCHIMEDES | False | False | False",False,False,True,False,False,False,False,False,False,False,False,False,False,False,False,False,False
Cambridge_1655,Euclidis Elementorum Libri XV breviter demonstrati,1655,1650-1699,Cambridge,LATIN,Geometry/Theory,True,near_complete_or_expanded,pedagogical/method,6,6,1,demonstrations_proofs,Euclidis Elementorum Libri XV breviter demonstrati | demonstrati | euclidis elementorum libri xv | breviter demonstrati | cantabrigiensis coll. trin. soc | euclidis elementorum libri xv | euclidis elementorum | euclidis | demonstrati breviter demonstrati euclidis elementorum libri xv euclidis euclidis elementorum | demonstrati breviter demonstrati coll trin soc euclidis elementorum libri xv euclidis euclidis elementorum cantabrigiensis coll trin soc is barrow | breviter demonstrati | EUCLIDIS ELEMENTORUM Libri xv | False | False | False,True,False,False,False,False,False,False,False,False,False,False,False,False,False,False,False,False
Cambridge_1657,,1657,1650-1699,Cambridge,LATIN,Geometry/Theory,True,unknown_books,institutional-composite,missing/unknown,,1,demonstrations_proofs,edita | euclidis data | succinctè demonstrata | nuper edita | mri. is | cantabrigiensis coll. trin. soc | elementa euclidis | emendation-ibus quibusdam | additionibus | euclidis | edita nuper edita succincte demonstrata emendation ibus quibusdam additionibus elementa euclidis euclidis | edita nuper edita succincte demonstrata emendation ibus quibusdam additionibus coll trin soc elementa euclidis euclidis mri is cantabrigiensis coll trin soc barrovv | succinctè demonstrata | EUCLIDIS DATA | Emendation-ibus quibusdam | Additionibus | nuper edita | Data | True | False | False,True,False,False,False,False,False,False,False,False,False,False,False,False,False,False,False,False
Cambridge_1665,"Euclidis sex primi Elementorum geometricorum libri, commodiùs demonstrati. A.P. Georg. Fournier è societate Jesu. Accesserunt elementa astronomica, ubi Theodosii Tripolitæ sphæricorum libri tres, & universa triangulorum resolutio demonstrantur per Johannem Baptistam Duhamel, Mathesews Professorem.",1665,1650-1699,Cambridge,LATIN,Geometry/Theory,True,books_1_6,institutional-composite,duodecimo,12,1,demonstrations_proofs,"Euclidis sex primi Elementorum geometricorum libri, commodiùs demonstrati. A.P. Georg. Fournier è societate Jesu. Accesserunt elementa astronomica, ubi Theodosii Tripolitæ sphæricorum libri tres, & universa triangulorum resolutio demonstrantur per Johannem Baptistam Duhamel, Mathesews Professorem. | accesserunt | euclidis sex primi elementorum geometri- corvm libri | commodiùs demonstrati | editio prioribus auctior atq; castigatior | matheseωs professorem | theodosii tripolitæ | euclidis sex primi elementorum geometri- corvm libri | elementa astronom-ica | theodosii tripolitæ sphæricorum libri tres | elementa astronom-ica | sphæricorum libri tres | euclidis | accesserunt editio prioribus auctior atq castigatior commodius demonstrati elementa astronom ica theodosii tripolit sphricorum libri tres elementa astronom ica sphricorum libri tres theodosii tripolit euclidis sex primi elementorum geometri corvm libri euclidis | accesserunt editio prioribus auctior atq castigatior commodius demonstrati elementa astronom ica theodosii tripolit sphricorum libri tres elementa astronom ica sphricorum libri tres societate jesu theodosii tripolit euclidis sex primi elementorum geometri corvm libri euclidis matheses professorem johannem baptistam duhamel | Commodiùs demonstrati | EUCLIDIS SEX PRIMI ELEMENTORUM GEOMETRI- CORVM LIBRI | Editio prioribus auctior atq; castigatior | Elementa Astronom-ica | Theodosii Tripolitæ Sphæricorum libri tres | False | False | False",True,False,False,False,False,False,False,False,False,False,False,False,False,False,False,False,False
Frankfurt_1674,,1674,1650-1699,Frankfurt,LATIN,No primary family,True,books_1_6,institutional-composite,folio,2,1,theorems,"digesta | disposita | additis | accesserunt | quivis, vel mediocri præditus ingenio | libros xxviii | sive absoluta omnium mathematicarum disciplinarum encyclopædia | regiscuriani e societ. jesu olim in panormitano siciliæ, nunc in herbipolitano franconiæ ejusdem societatis jesu gymnasio matheseos professoris cursus mathematicus | additis indicibus locupletissimis | theoreses mechanicæ novæ | theoreses mechanicæ novæ | digesta disposita additis accesserunt sive absoluta omnium mathematicarum disciplinarum encyclopdia additis indicibus locupletissimis theoreses mechanic nov theoreses mechanic nov | digesta disposita additis accesserunt sive absoluta omnium mathematicarum disciplinarum encyclopdia additis indicibus locupletissimis theoreses mechanic nov theoreses mechanic nov quivis vel mediocri prditus ingenio societatis jesu gymnasio matheseos regiscuriani e societ jesu olim in panormitano sicili nunc in herbipolitano franconi ejusdem societatis jesu gymnasio matheseos professoris cursus mathematicus p gasparis schotti | SIVE ABSOLUTA OMNIUM MATHEMATICARUM DISCIPLINARUM ENCYCLOPÆDIA | Libros XXVIII | Additis Indicibus locupletissimis | THEORESES MECHANICÆ NOVÆ | False | False | False",False,False,True,False,False,False,False,False,False,False,False,False,False,False,False,False,False
Kiel_Hamburg_and_Leipzig_1697,"Samuel Reyhers, Icti, Bey der Hoch-Fürstl. Holst. Universität Codic. und Mathematum Prof. In Teutscher Sprache vorgestellter Euclides, Dessen VI. erste Bücher auf sonderbahre Art, Mit Algebraischen Zeichen, also eingerichtet sind, daß man derselben Beweise auch in andern Sprachen gebrauchen kan",1697,1650-1699,"Hamburg, Leipzig",GERMAN,Geometry/Theory,True,books_1_6,institutional-composite,quarto,4,1,demonstrations_proofs,"Samuel Reyhers, Icti, Bey der Hoch-Fürstl. Holst. Universität Codic. und Mathematum Prof. In Teutscher Sprache vorgestellter Euclides, Dessen VI. erste Bücher auf sonderbahre Art, Mit Algebraischen Zeichen, also eingerichtet sind, daß man derselben Beweise auch in andern Sprachen gebrauchen kan | vorgestellter | euclides, dessen vi. erste bücher | auf sonderbahre art, mit algebraischen zeichen | jcti, bey der hoch-fürstl. holst. universität codic. und mathematum prof | euclides, dessen vi. erste bücher | mit algebraischen zeichen | teutscher | euclides | vorgestellter auf sonderbahre art mit algebraischen zeichen mit algebraischen zeichen teutscher euclides dessen vi erste bucher euclides | vorgestellter auf sonderbahre art mit algebraischen zeichen mit algebraischen zeichen universitat codic teutscher euclides dessen vi erste bucher euclides jcti bey der hoch furstl holst universitat codic und mathematum prof samuel reyhers | auf sonderbahre Art, Mit Algebraischen Zeichen | EUCLIDES, Dessen VI. erste Bücher | Mit Algebraischen Zeichen | False | False | False",True,False,False,False,False,False,False,False,False,False,False,False,False,False,False,False,False
Kiel_and_Leipzig_1699,,1699,1650-1699,"Kiel, Leipzig",GERMAN,No primary family,True,books_1_6,institutional-composite,quarto,4,1,demonstrations_proofs,"vorgestellter | eingerichtet | euclides | dessen vi. erste bücher auf sonderbahre und sehr leichte art, mit algebraischen, oder aus der neuesten löse-kunst entlehneten zeichen, also dass man deroselben beweiss auch in andern sprachen gebrauchen kan | jcti, bey der hoch-fürstl. holst. universität codic. und mathematum prof | euclides | mit algebraischen, oder aus der neuesten löse-kunst entlehneten zeichen | auch des ii. buchs vorträge nebst der gemeinen, auff algebraische ahrt beweisen | teutscher | euclides | vorgestellter eingerichtet dessen vi erste bucher auf sonderbahre und sehr leichte art mit algebraischen oder aus der neuesten lose kunst entlehneten zeichen also dass man deroselben beweiss auch in andern sprachen gebrauchen kan mit algebraischen oder aus der neuesten lose kunst entlehneten zeichen auch des ii buchs vortrage nebst der gemeinen auff algebraische ahrt beweisen teutscher euclides euclides | vorgestellter eingerichtet dessen vi erste bucher auf sonderbahre und sehr leichte art mit algebraischen oder aus der neuesten lose kunst entlehneten zeichen also dass man deroselben beweiss auch in andern sprachen gebrauchen kan mit algebraischen oder aus der neuesten lose kunst entlehneten zeichen auch des ii buchs vortrage nebst der gemeinen auff algebraische ahrt beweisen universitat codic teutscher euclides euclides jcti bey der hoch furstl holst universitat codic und mathematum prof samuel reyhers | Dessen VI. erste Bücher auf sonderbahre und sehr leichte Art, Mit Algebraischen, oder aus der neuesten Löse-Kunst entlehneten Zeichen, also dass man deroselben Beweiss auch in andern Sprachen gebrauchen kan | EUCLIDES | Mit Algebraischen, oder aus der neuesten Löse-Kunst entlehneten Zeichen | auch des II. Buchs Vorträge nebst der gemeinen, auff Algebraische Ahrt beweisen | False | False | False",True,False,False,False,False,False,False,False,False,False,False,False,False,False,False,False,False
Lausanne_1683,"Les Élémens d'Euclide, expliquez d'une manière nouvelle …  par le P. Claude-François Milliet-Dechales",1683,1650-1699,Lausanne,FRENCH,No primary family,True,books_1_6_plus_solids,practical-pedagogical,duodecimo,12,1,propositions,"Les Élémens d'Euclide, expliquez d'une manière nouvelle …  par le P. Claude-François Milliet-Dechales | expliqvez | les elemens d’euclide | expliqvez d’une maniere nouvelle & tres facile | avec l’vsage de chaqve proposition pour toutes les parties des mathematiques | p | les elemens d’euclide | avec l’vsage de chaqve proposition | euclide | expliqvez expliqvez dune maniere nouvelle tres facile avec lvsage de chaqve proposition pour toutes les parties des mathematiques avec lvsage de chaqve proposition les elemens deuclide euclide | expliqvez expliqvez dune maniere nouvelle tres facile avec lvsage de chaqve proposition pour toutes les parties des mathematiques avec lvsage de chaqve proposition les elemens deuclide euclide p clavde francois milliet dechales | EXPLIQVEZ D’UNE MANIERE nouvelle & tres facile | AVEC L’VSAGE DE CHAQVE Proposition pour toutes les parties des Mathematiques | LES ELEMENS D’EUCLIDE | AVEC L’VSAGE DE CHAQVE Proposition | False | False | False",False,True,False,False,False,False,False,False,False,False,False,False,False,False,False,False,False
Leiden_1692,,1692,1650-1699,Leiden,LATIN,No primary family,True,selected_later_books,institutional-composite,quarto,4,1,demonstrations_proofs,adornati | euclidis elementorum sex libri priores | magnam partem novis demonstrationibus adornati | stvdio | opera & stvdio | euclidis elementorum sex libri priores | novis demonstrationibus | magnam partem novis demonstrationibus adornati | euclidis | adornati magnam partem novis demonstrationibus adornati novis demonstrationibus magnam partem novis demonstrationibus adornati euclidis elementorum sex libri priores euclidis | adornati magnam partem novis demonstrationibus adornati novis demonstrationibus magnam partem novis demonstrationibus adornati euclidis elementorum sex libri priores euclidis stvdio opera stvdio henrici coetsii | Magnam partem novis demonstrationibus ADORNATI | EUCLIDIS ELEMENTORUM SEX LIBRI PRIORES | novis demonstrationibus | Magnam partem novis demonstrationibus ADORNATI | False | False | False,True,False,False,False,False,False,False,False,False,False,False,False,False,False,False,False,False
London_1651,"Euclides Elements of geometry: the first VI books: in a compendious form contracted and demonstrated. By Captain Thomas Rudd, chiefe engineer to his late Majesty. Whereunto is added, the mathematicall preface of Mr. John Dee.",1651,1650-1699,London,ENGLISH,Geometry/Theory,True,books_1_6,practical-pedagogical,quarto,4,1,demonstrations_proofs,"Euclides Elements of geometry: the first VI books: in a compendious form contracted and demonstrated. By Captain Thomas Rudd, chiefe engineer to his late Majesty. Whereunto is added, the mathematicall preface of Mr. John Dee. | contracted | demonstrated | added | euclides elements of geometry: the first vi books | of geometry | captain | chiefe engineer to his late majesty | mr. john dee | euclides elements of geometry | the mathematicall preface of mr. john dee | euclides | contracted demonstrated added of geometry the mathematicall preface of mr john dee mr john dee euclides elements of geometry euclides | contracted demonstrated added of geometry the mathematicall preface of mr john dee mr john dee euclides elements of geometry euclides captain chiefe engineer to his late majesty thomas rudd | OF GEOMETRY | EUCLIDES ELEMENTS OF GEOMETRY: The first VI Books | The Mathematicall Preface of MR. JOHN DEE | False | False | False",True,False,False,False,False,False,False,False,False,False,False,False,False,False,False,False,False
London_1654,,1654,1650-1699,London,LATIN,Geometry/Theory,True,books_1_6,pedagogical/method,duodecimo,12,1,demonstrations_proofs,contracti | demonstrati | euclidis sex primi elementorum geometrico- rum libri | in commodiorem formam contracti & demonstrati | editio prioribus auctior atq; castigatior | è societate jesu | euclidis sex primi elementorum geometrico- rum libri | euclidis | contracti demonstrati editio prioribus auctior atq castigatior in commodiorem formam contracti demonstrati euclidis sex primi elementorum geometrico rum libri euclidis | contracti demonstrati editio prioribus auctior atq castigatior in commodiorem formam contracti demonstrati societate jesu euclidis sex primi elementorum geometrico rum libri euclidis e societate jesu georg fournier | In commodiorem formam contracti & demonstrati | EUCLIDIS SEX PRIMI ELEMENTORUM GEOMETRICO- RUM LIBRI | Editio prioribus auctior atq; castigatior | False | False | False,True,False,False,False,False,False,False,False,False,False,False,False,False,False,False,False,False
London_1659,"Euclidis Elementorum libri xv. breviter demonstrati, opera Is. Barrow, Cantabrigiensis, Coll. Trin. Soc.",1659,1650-1699,London,LATIN,Geometry/Theory,True,near_complete_or_expanded,institutional-composite,octavo,8,1,demonstrations_proofs,"Euclidis Elementorum libri xv. breviter demonstrati, opera Is. Barrow, Cantabrigiensis, Coll. Trin. Soc. | euclidis elementorum libri xv | breviter demonstrati | cantabrigiensis, coll. trin. soc | euclidis elementorum libri xv | euclidis | breviter demonstrati euclidis elementorum libri xv euclidis | breviter demonstrati coll trin soc euclidis elementorum libri xv euclidis cantabrigiensis coll trin soc is barrow | breviter demonstrati | EUCLIDIS ELEMENTORUM Libri xv | Data | True | False | False",True,False,False,False,False,False,False,False,False,False,False,False,False,False,False,False,False
London_1660,,1660,1650-1699,London,ENGLISH,Geometry/Theory,True,near_complete_or_expanded,humanist/vernacular transfer,octavo,8,1,demonstrations_proofs,demonstrated | translated | euclide’s elements | the whole fifteen books compen-diously demonstrated | fellow of trinity colledge in cambridge | euclide’s elements | latin | euclide’s | demonstrated translated the whole fifteen books compen diously demonstrated latin euclides elements euclides | demonstrated translated the whole fifteen books compen diously demonstrated trinity colledge latin euclides elements euclides fellow of trinity colledge in cambridge mr isaac barrow | The whole Fifteen Books compen-diously Demonstrated | EUCLIDE’S ELEMENTS | False | False | False,True,False,False,False,False,False,False,False,False,False,False,False,False,False,False,False,False
London_1678,EUCLIDIS ELEMENTORUM Libri XV. breviter demonstrati,1678,1650-1699,London,LATIN,No primary family,True,near_complete_or_expanded,institutional-composite,octavo,8,1,demonstrations_proofs,"EUCLIDIS ELEMENTORUM Libri XV. breviter demonstrati | purgati | euclidis elementorum libri xv | breviter demonstrati | et pri-oribus mendis typographicis nunc demum purgati | cantabrigiensis, coll. trin. soc | euclidis elementorum libri xv | euclidis | purgati et pri oribus mendis typographicis nunc demum purgati breviter demonstrati euclidis elementorum libri xv euclidis | purgati et pri oribus mendis typographicis nunc demum purgati breviter demonstrati cantabrigiensis coll trin soc euclidis elementorum libri xv euclidis cantabrigiensis coll trin soc is barrow | Breviter demonstrati | EUCLIDIS Elementorum LIBRI XV | Et pri-oribus mendis typographicis nunc demum purgati | Data | True | False | False",True,False,False,False,False,False,False,False,False,False,False,False,False,False,False,False,False
London_1685,,1685,1650-1699,London,LATIN,No primary family,True,selected_later_books,institutional-composite,octavo,8,1,demonstrations_proofs,"breviter demonstrati | purgati | nunc demum purgati | euclidis elementorum libri xv | breviter demonstrati | et prioribus mendis typographicis nunc demum purgati | cantabrigiensis, coll. trin. soc | euclidis elementorum libri xv | euclidis | breviter demonstrati purgati nunc demum purgati et prioribus mendis typographicis nunc demum purgati breviter demonstrati euclidis elementorum libri xv euclidis | breviter demonstrati purgati nunc demum purgati et prioribus mendis typographicis nunc demum purgati breviter demonstrati coll trin soc euclidis elementorum libri xv euclidis cantabrigiensis coll trin soc is barrow | breviter demonstrati | EUCLIDIS ELEMENTORUM Libri XV | Et prioribus mendis typographicis nunc demum purgati | Data | True | False | False",True,False,False,False,False,False,False,False,False,False,False,False,False,False,False,False,False
London_1686,"Euclid's Elements. The whole fifteen books compendiously demonstrated by Mr. Isaac Barrow, Fellow of Trinity Colledge in Cambridge. And translated out of the Latin.",1686,1650-1699,London,ENGLISH,Geometry/Theory,True,near_complete_or_expanded,humanist/vernacular transfer,duodecimo,12,1,demonstrations_proofs,"Euclid's Elements. The whole fifteen books compendiously demonstrated by Mr. Isaac Barrow, Fellow of Trinity Colledge in Cambridge. And translated out of the Latin. | demonstrated | translated | very carefully corrected | evclid’s elements. the whole fifteen books | the second edition, very carefully corrected | fellow of trin-ity colledge in cambridge | evclid’s elements. the whole fifteen books | latin | evclid’s | demonstrated translated very carefully corrected the second edition very carefully corrected latin evclids elements the whole fifteen books evclids | demonstrated translated very carefully corrected the second edition very carefully corrected trin ity colledge latin evclids elements the whole fifteen books evclids fellow of trin ity colledge in cambridge mr isaac barrow | EVCLID’s ELEMENTS. The Whole FIFTEEN BOOKS | The Second Edition, very carefully corrected | False | False | False",True,False,False,False,False,False,False,False,False,False,False,False,False,False,False,False,False
London_1696,"The elements of Euclid explain'd, in a new, but most easie method: together with the use of every proposition through all parts of the mathematicks. Written in French, by that excellent mathematician, F. Claud. Francis Milliet de Chales, of the Society of Jesus. Now made English, and a multitude of errors corrected, which had escap'd in the original.",1696,1650-1699,London,ENGLISH,Geometry/Theory,True,books_1_6_plus_solids,practical-pedagogical,octavo,8,1,propositions,"The elements of Euclid explain'd, in a new, but most easie method: together with the use of every proposition through all parts of the mathematicks. Written in French, by that excellent mathematician, F. Claud. Francis Milliet de Chales, of the Society of Jesus. Now made English, and a multitude of errors corrected, which had escap'd in the original. | explain’d | written | made | cor-rected | the elements of euclid | in a new, but most easie method | the second edition | now made english, and a multitude of errors cor-rected, which had escap’d in the original | that excellent mathematician | of the society of jesus | the elements of euclid | the use of every proposition through all parts of the mathematicks | the use of every proposition through all parts of the mathematicks | the use of every proposition through all parts of the mathematicks | french | english | euclid | explaind written made cor rected the second edition now made english and a multitude of errors cor rected which had escapd in the original in a new but most easie method the use of every proposition through all parts of the mathematicks the use of every proposition through all parts of the mathematicks the use of every proposition through all parts of the mathematicks french english the elements of euclid euclid | explaind written made cor rected the second edition now made english and a multitude of errors cor rected which had escapd in the original in a new but most easie method the use of every proposition through all parts of the mathematicks the use of every proposition through all parts of the mathematicks the use of every proposition through all parts of the mathematicks society of jesus french english the elements of euclid euclid that excellent mathematician of the society of jesus f claud francis milliet de chales | in a New, but most Easie method | THE ELEMENTS OF EUCLID | The Use of every Proposition through all parts of the Mathematicks | The Second Edition | Now made English, and a multitude of Errors Cor-rected, which had escap’d in the Original | The Use of every Proposition through all parts of the Mathematicks | False | False | False",False,True,False,False,False,False,False,False,False,False,False,False,False,False,False,False,False
Osnabrück_1676,,1676,1650-1699,Osnabrück,LATIN,Geometry/Theory,True,near_complete_or_expanded,institutional-composite,octavo,8,1,demonstrations_proofs,"revisi | expurgati | elementorvm euclidis libri xv | breviter ac succinctè demonstrati | nunc vicissim revisi, & à cunctis erroribus expurgati | cantabrigiensis, coll. trin. soc | elementorvm euclidis libri xv | elementorvm euclidis | revisi expurgati nunc vicissim revisi a cunctis erroribus expurgati breviter ac succincte demonstrati elementorvm euclidis libri xv elementorvm euclidis | revisi expurgati nunc vicissim revisi a cunctis erroribus expurgati breviter ac succincte demonstrati coll trin soc elementorvm euclidis libri xv elementorvm euclidis cantabrigiensis coll trin soc mri js barrow | Breviter ac succinctè demonstrati | ELEMENTORVM EUCLIDIS Libri XV | Nunc vicissim revisi, & à cunctis erroribus expurgati | Data | True | False | False",True,False,False,False,False,False,False,False,False,False,False,False,False,False,False,False,False
Oxford_1685,,1685,1650-1699,Oxford,ENGLISH,No primary family,True,books_1_6_plus_solids,practical-pedagogical,quarto,4,1,propositions,"explain’d | written | done | purg’d | the elements of euclid | explain’d, in a new, but most easie method, together with the use of every proposition through all parts of the mathematicks | purg’d from a multitude of errors, which had escap’d in the original | exccellent math-ematician | of the so-ciety of jesus | the elements of euclid | the use of every proposition through all parts of the mathematicks | french | english | euclid | explaind written done purgd purgd from a multitude of errors which had escapd in the original explaind in a new but most easie method together with the use of every proposition through all parts of the mathematicks the use of every proposition through all parts of the mathematicks french english the elements of euclid euclid | explaind written done purgd purgd from a multitude of errors which had escapd in the original explaind in a new but most easie method together with the use of every proposition through all parts of the mathematicks the use of every proposition through all parts of the mathematicks so ciety of jesus french english the elements of euclid euclid exccellent math ematician of the so ciety of jesus f claud francis milliet de chales | Explain’d, in a new, but most easie method, Together with The Use of every Proposition through all parts of the Mathematicks | THE ELEMENTS OF EUCLID | The Use of every Proposition through all parts of the Mathematicks | purg’d from a multitude of Errors, which had escap’d in the Original | False | False | False",False,True,False,False,False,False,False,False,False,False,False,False,False,False,False,False,False
Padua_1694,,1694,1650-1699,Padua,LATIN,Geometry/Theory,True,books_1_6_plus_solids,institutional-composite,octavo,8,1,theorems,"accedunt | inserta est | desumpta | elementa geometriæ planæ ac solidæ | quibus accedunt selecta ex archimede theoremata | in hac nova editione | societatis jesv sacerdote, & matheseos professore | archimede | elementa geometriæ planæ ac solidæ | trigonometria plana | sphærica aliundè desumpta | accedunt inserta est desumpta in hac nova editione quibus accedunt selecta ex archimede theoremata trigonometria plana sphrica aliunde desumpta archimede elementa geometri plan ac solid | accedunt inserta est desumpta in hac nova editione quibus accedunt selecta ex archimede theoremata trigonometria plana sphrica aliunde desumpta archimede elementa geometri plan ac solid societatis jesv sacerdote matheseos professore andrea tacquet | QUIBUS ACCEDUNT SELECTA EX ARCHIMEDE THEOREMATA | ELEMENTA GEOMETRIÆ PLANÆ AC SOLIDÆ | Trigonometria plana | Sphærica aliundè desumpta | IN HAC NOVA EDITIONE | False | False | False",False,False,True,False,False,False,False,False,False,False,False,False,False,False,False,False,False
Paris_1652,,1652,1650-1699,Paris,FRENCH,Geometry/Theory,True,unknown_books,institutional-composite,duodecimo,12,1,principles,"ceux qui se veulent servir proprement des mathematiques, & de la philosophie | dernière edition | d’euclides | d’archimedes | de proclus | de sacrobosco | d’aristote | un abregé des reigles de la geometrie | des principales maximes & regles des arts | d’euclides | derniere edition un abrege des reigles de la geometrie des principales maximes regles des arts deuclides darchimedes de proclus de sacrobosco daristote deuclides | derniere edition un abrege des reigles de la geometrie des principales maximes regles des arts ceux qui se veulent servir proprement des mathematiques de la philosophie deuclides darchimedes de proclus de sacrobosco daristote deuclides | un Abregé des reigles de la Geometrie | des principales maximes & regles des Arts | DERNIÈRE EDITION | False | False | False",False,False,False,False,False,False,False,False,False,False,False,False,False,False,False,True,False
Paris_1654,Euclidis elementorum geometricorum libri,1654,1650-1699,Paris,LATIN,No primary family,True,books_1_6,pedagogical/method,octavo,8,1,demonstrations_proofs,Euclidis elementorum geometricorum libri | correctior | evclidis elementorvm geometricorvm libri sex | priores breuiùs demonstrati | secvnda editio correctior | evclidis elementorvm geometricorvm libri sex | evclidis | correctior secvnda editio correctior priores breuius demonstrati evclidis elementorvm geometricorvm libri sex evclidis | correctior secvnda editio correctior priores breuius demonstrati societate iesv evclidis elementorvm geometricorvm libri sex evclidis a p georgio fovrnier | priores breuiùs demonstrati | EVCLIDIS ELEMENTORVM GEOMETRICORVM LIBRI Sex | SECVNDA EDITIO correctior | False | False | False,True,False,False,False,False,False,False,False,False,False,False,False,False,False,False,False,False
Paris_1675,"Elemens des mathematiques, ou principes generaux de toutes les sciences qui ont les grandeurs pour objet",1675,1650-1699,Paris,FRENCH,Geometry/Theory,True,partial_from_book_1,low-signal/other,quarto,4,1,principles,"Elemens des mathematiques, ou principes generaux de toutes les sciences qui ont les grandeurs pour objet | elemens des mathematiques | ou principes generaux de toutes les sciences, qui ont les grandeurs pour objet | ou principes generaux de toutes les sciences qui ont les grandeurs pour objet | ou principes generaux de toutes les sciences qui ont les grandeurs pour objet | OU PRINCIPES GENERAUX DE TOUTES LES SCIENCES, QUI ONT LES GRANDEURS POUR OBJET | ELEMENS DES MATHEMATIQUES | False | False | False",False,False,False,False,False,False,False,False,False,False,False,False,False,False,False,True,False
Paris_1677a,,1677,1650-1699,Paris,FRENCH,No primary family,True,books_1_6_plus_solids,pedagogical/method,duodecimo,12,1,propositions,expliquez | les elemens d’evclide | proposition pour toutes les parties des mathematiques | p | les elemens d’evclide | d’evclide | expliquez proposition pour toutes les parties des mathematiques les elemens devclide devclide | expliquez proposition pour toutes les parties des mathematiques compagnie de jesus les elemens devclide devclide p claude francois milliet dechales | Proposition pour toutes les parties des Mathematiques | LES ELEMENS D’EVCLIDE | False | False | False,False,True,False,False,False,False,False,False,False,False,False,False,False,False,False,False,False
Paris_1682,Les Elemens d'Euclide expliqués par le P. Claude François Milliet Dechalles,1682,1650-1699,Paris,FRENCH,No primary family,True,books_1_6_plus_solids,practical-pedagogical,duodecimo,12,1,propositions,Les Elemens d'Euclide expliqués par le P. Claude François Milliet Dechalles | les elemens d’euclide | expliquez d’une maniere nouvelle & tres-facile | avec l’usage de chaque proposition pour toutes les parties des mathematiques | nouvelle edition | de la compagnie de jesus | les elemens d’euclide | euclide | nouvelle edition expliquez dune maniere nouvelle tres facile avec lusage de chaque proposition pour toutes les parties des mathematiques les elemens deuclide euclide | nouvelle edition expliquez dune maniere nouvelle tres facile avec lusage de chaque proposition pour toutes les parties des mathematiques compagnie de jesus les elemens deuclide euclide de la compagnie de jesus claude francois millet dechalles | EXPLIQUEZ D’UNE MANIERE nouvelle & tres-facile | AVEC L’USAGE DE CHAQUE Proposition pour toutes les parties des Mathematiques | LES ELEMENS D’EUCLIDE | NOUVELLE EDITION | False | False | False,False,True,False,False,False,False,False,False,False,False,False,False,False,False,False,False,False
Paris_1683,,1683,1650-1699,Paris,FRENCH,No primary family,True,books_1_6_plus_solids,practical-pedagogical,duodecimo,12,1,propositions,expliquez | les elemens d’euclide | expliquez d’une maniere nouvelle & tres-facile | avec l’usage de chaque proposition pour toutes les parties des mathematiques | nouvelle edition | de la compagnie de jesus | les elemens d’euclide | avec l’usage de chaque proposition pour toutes les parties des mathematiques | euclide | expliquez nouvelle edition expliquez dune maniere nouvelle tres facile avec lusage de chaque proposition pour toutes les parties des mathematiques avec lusage de chaque proposition pour toutes les parties des mathematiques les elemens deuclide euclide | expliquez nouvelle edition expliquez dune maniere nouvelle tres facile avec lusage de chaque proposition pour toutes les parties des mathematiques avec lusage de chaque proposition pour toutes les parties des mathematiques compagnie de jesus les elemens deuclide euclide de la compagnie de jesus p claude francois millet dechalles | EXPLIQUEZ D’UNE MANIERE nouvelle & tres-facile | AVEC L’USAGE DE CHAQUE Proposition pour toutes les parties des Mathematiques | LES ELEMENS D’EUCLIDE | AVEC L’USAGE DE CHAQUE Proposition pour toutes les parties des Mathematiques | NOUVELLE EDITION | False | False | False,False,True,False,False,False,False,False,False,False,False,False,False,False,False,False,False,False
Paris_1685,Les elemens de geometrie,1685,1650-1699,Paris,FRENCH,No primary family,True,partial_from_book_1,pedagogical/method,octavo,8,1,propositions,"Les elemens de geometrie | les elemens de geometrie ou de la mesure du corps | qui comprennent tout ce qu’euclide, en a enseigné: les plus belles propositions d’archimede & l’analyse | my, prêtre de l’oratoire | archimede | les elemens de geometrie ou de la mesure du corps | euclide | qui comprennent tout ce queuclide en a enseigne les plus belles propositions darchimede lanalyse archimede les elemens de geometrie ou de la mesure du corps euclide | qui comprennent tout ce queuclide en a enseigne les plus belles propositions darchimede lanalyse loratoire archimede les elemens de geometrie ou de la mesure du corps euclide my pretre de loratoire bernard lamy | Qui comprennent tout ce qu’Euclide, en a enseigné: Les plus belles propositions d’Archimede & l’Analyse | LES ELEMENS DE GEOMETRIE OU DE LA MESURE DU CORPS | False | False | False",False,True,False,False,False,False,False,False,False,False,False,False,False,False,False,False,False
Paris_1690,,1690,1650-1699,Paris,FRENCH,No primary family,True,books_1_6_plus_solids,practical-pedagogical,duodecimo,12,1,propositions,reveuë | corrigée | les elemens d’euclide | expliquez d’une maniere nouvelle & tres-facile | avec l’usage de chaque proposition pour toutes les parties des mathematiques | nouvelle edition | de la compagnie de jesus | les elemens d’euclide | d’euclide | reveue corrigee nouvelle edition expliquez dune maniere nouvelle tres facile avec lusage de chaque proposition pour toutes les parties des mathematiques les elemens deuclide deuclide | reveue corrigee nouvelle edition expliquez dune maniere nouvelle tres facile avec lusage de chaque proposition pour toutes les parties des mathematiques compagnie de jesus les elemens deuclide deuclide de la compagnie de jesus claude francois milliet dechalles | EXPLIQUEZ D’UNE MANIERE nouvelle & tres-facile | AVEC L’USAGE DE CHAQUE Proposition pour toutes les parties des Mathematiques | LES ELEMENS D’EUCLIDE | NOUVELLE EDITION | False | False | False,False,True,False,False,False,False,False,False,False,False,False,False,False,False,False,False,False
Rome_1655,,1655,1650-1699,Rome,LATIN,No primary family,True,books_1_6,institutional-composite,duodecimo,12,1,scholia_commentary,contracti | accessere | evclidis sex primi elementorvm geometri- corvm libri cum parte vndecimi | ex maioribus clavii com-mentarijs in commodiorem formam contracti | ex maioribus clavii com-mentarijs in commodiorem formam contracti | rervmqve mathematicarvm | è societate iesv opvscvlvm primvm | clavii | isaaci monachi | evclidis sex primi elementorvm geometri- corvm | isaaci monachi in sex eosdem libros scholia | scholia | evclidis | contracti accessere ex maioribus clavii com mentarijs in commodiorem formam contracti ex maioribus clavii com mentarijs in commodiorem formam contracti isaaci monachi in sex eosdem libros scholia scholia clavii isaaci monachi evclidis sex primi elementorvm geometri corvm evclidis | contracti accessere ex maioribus clavii com mentarijs in commodiorem formam contracti ex maioribus clavii com mentarijs in commodiorem formam contracti isaaci monachi in sex eosdem libros scholia scholia societate iesv opvscvlvm primvm clavii isaaci monachi evclidis sex primi elementorvm geometri corvm evclidis rervmqve mathematicarvm e societate iesv opvscvlvm primvm christophori grienbergeri | Ex maioribus CLAVII Com-mentarijs in commodiorem formam contracti | EVCLIDIS SEX PRIMI ELEMENTORVM GEOMETRI- CORVM Libri cum parte Vndecimi | Ex maioribus CLAVII Com-mentarijs in commodiorem formam contracti | ISAACI MONACHI In sex eosdem Libros Scholia | False | False | False,False,False,False,False,False,True,False,False,False,False,False,False,False,False,False,False,False
Rome_1695,,1695,1650-1699,Rome,LATIN,Geometry/Theory,True,books_1_13,practical-pedagogical,duodecimo,12,1,theorems,"addito | contexta | evclides restitutus sive prisca geometriæ elementa | breviùs, & faciliùs contexta | præcipuè proportionum theoriæ proponuntur | addito in hac quarta impressione | neapolitano | evclides restitutus sive prisca geometriæ elementa | addito in hac quarta impressione lib. viii. arithmeticorum | lib. viii. arithmeticorum | arithmeticorum | evclides | addito contexta addito in hac quarta impressione brevius facilius contexta prcipue proportionum theori proponuntur addito in hac quarta impressione lib viii arithmeticorum lib viii arithmeticorum arithmeticorum evclides restitutus sive prisca geometri elementa evclides | addito contexta addito in hac quarta impressione brevius facilius contexta prcipue proportionum theori proponuntur addito in hac quarta impressione lib viii arithmeticorum lib viii arithmeticorum arithmeticorum evclides restitutus sive prisca geometri elementa evclides neapolitano jo alphonso borellio | Breviùs, & faciliùs contexta | præcipuè proportionum Theoriæ proponuntur | EVCLIDES RESTITUTUS SIVE PRISCA GEOMETRIÆ ELEMENTA | Addito in hac quarta Impressione lib. VIII. Arithmeticorum | Addito in hac quarta Impressione | lib. VIII. Arithmeticorum | False | False | False",False,False,True,False,False,False,False,False,False,False,False,False,False,False,False,False,False
Rouen_and_Paris_1685,"Les quinze livres des Elemens geometriques d'Euclide; et son Livre des donnez avec des commentaires beaucoup plus amples & beaucoup plus faciles que dans les editions precedentes, et un Traité sommaire de l'algebre par le Sieur Henrion.",1685,1650-1699,"Rouen, Paris",FRENCH,Geometry/Theory,True,near_complete_or_expanded,practical-pedagogical,octavo,8,1,scholia_commentary,"Les quinze livres des Elemens geometriques d'Euclide; et son Livre des donnez avec des commentaires beaucoup plus amples & beaucoup plus faciles que dans les editions precedentes, et un Traité sommaire de l'algebre par le Sieur Henrion. | les quinze livres des elements geometriques d’euclide | les quinze livres des elemens geometriques d’euclide | le sieur | les quinze livres des elements geometriques d’euclide | les quinze livres des elemens geometriques d’euclide | avec des commentaires beaucoup plus amples & beaucoup plus faciles que dans les editions precedentes | son livre des donnez | un traité sommaire de l’algebre | livre des donnez | traité sommaire de l’algebre | euclide | avec des commentaires beaucoup plus amples beaucoup plus faciles que dans les editions precedentes son livre des donnez un traite sommaire de lalgebre livre des donnez traite sommaire de lalgebre les quinze livres des elements geometriques deuclide les quinze livres des elemens geometriques deuclide euclide | avec des commentaires beaucoup plus amples beaucoup plus faciles que dans les editions precedentes son livre des donnez un traite sommaire de lalgebre livre des donnez traite sommaire de lalgebre les quinze livres des elements geometriques deuclide les quinze livres des elemens geometriques deuclide euclide le sieur henrion | LES QUINZE LIVRES DES ELEMENTS GEOMETRIQUES D’EUCLIDE | LES QUINZE LIVRES DES ELEMENS GEOMETRIQUES D’EUCLIDE | Avec des Commentaires beaucoup plus amples & beaucoup plus faciles que dans les editions precedentes | son Livre des DONNEZ | un Traité sommaire de l’Algebre | Data | True | False | False",False,False,False,False,False,True,False,False,False,False,False,False,False,False,False,False,False
Siena_1691,,1691,1650-1699,Siena,LATIN,No primary family,True,near_complete_or_expanded,pedagogical/method,duodecimo,12,1,demonstrations_proofs,succinctè demonstrata | ad usum novæ academiæ no- bilivm senensivm | elementa evclidis | carmelitam consentinum | elementa evclidis | evclidis | succincte demonstrata elementa evclidis evclidis | succincte demonstrata ad usum nov academi no bilivm senensivm nov academi nobilivm senensivm elementa evclidis evclidis carmelitam consentinum fr eliam astorinvm | ELEMENTA EVCLIDIS | False | False | False,True,False,False,False,False,False,False,False,False,False,False,False,False,False,False,False,False
WWE4ON,Arithmeticae theoria et praxis,1656,1650-1699,Leuven,LATIN,Geometry/Theory | Arithmetic/Commerce,True,unknown_books,pedagogical/method,octavo,8,1,theorems,"Arithmeticae theoria et praxis | arithmeticæ theoria et praxis | ant.verpiensi, e societate iesv matheseos professore | soc ietate iesv ant verpiensi e societate iesv matheseos professore andrea tacqvet | ARITHMETICÆ THEORIA ET PRAXIS | False | False | False",False,False,True,False,False,False,False,False,False,False,False,False,False,False,False,False,False
Wittenberg_1661,"Euclidis Elementorum Libri XIII., Succinctis & perspicuis demonstrationibus comprehensi a D. Ambrosio Rhodio Kembergensi, Mathematum Super: Professore publico in Academia Leucorea: Editio novissima, priore Correctior & Emendatior",1661,1650-1699,Wittenberg,LATIN,Geometry/Theory,True,books_1_13,practical-pedagogical,octavo,8,1,demonstrations_proofs,"Euclidis Elementorum Libri XIII., Succinctis & perspicuis demonstrationibus comprehensi a D. Ambrosio Rhodio Kembergensi, Mathematum Super: Professore publico in Academia Leucorea: Editio novissima, priore Correctior & Emendatior | correctior | emendatior | euclidis elementorum libri xiii | succinctis & per- spicuis demonstrationibus comprehensi | editio novissima, priore correctior & emendatior | kembergensi, mathematum super: professore publico in academia leucorea | euclidis elementorum libri xiii | euclidis | correctior emendatior editio novissima priore correctior emendatior succinctis per spicuis demonstrationibus comprehensi euclidis elementorum libri xiii euclidis | correctior emendatior editio novissima priore correctior emendatior succinctis per spicuis demonstrationibus comprehensi academia leucorea euclidis elementorum libri xiii euclidis kembergensi mathematum super professore publico in academia leucorea d ambrosio rhodio | Succinctis & per- spicuis demonstrationibus comprehensi | EUCLIDIS ELEMENTORUM LIBRI XIII | Editio novissima, priore Correctior & Emendatior | False | False | False",True,False,False,False,False,False,False,False,False,False,False,False,False,False,False,False,False
Würzburg_1661,"Cursus mathematicus, sive Absoluta omnium mathematicarum disciplinarum encyclopaedia",1661,1650-1699,Würzburg,LATIN,No primary family,True,books_1_6,institutional-composite,folio,2,1,theorems,"Cursus mathematicus, sive Absoluta omnium mathematicarum disciplinarum encyclopaedia | digesta | disposita | accesserunt | quivis, vel mediocri præditus ingenio | regiscuriani e societate jesu olim in panormitano siciliæ, nunc in herbipolitano franconiæ ejusdem societatis jesu gymnasio matheseos professoris cur-sus mathematicus, sive absoluta omnium mathematicarum disciplinarum encyclopædia | theoreses mechanicæ novæ | theoreses mechanicæ novæ | theoreses mechanicæ novæ | digesta disposita accesserunt theoreses mechanic nov theoreses mechanic nov theoreses mechanic nov | digesta disposita accesserunt theoreses mechanic nov theoreses mechanic nov theoreses mechanic nov quivis vel mediocri prditus ingenio societate jesu societatis jesu gymnasio matheseos regiscuriani e societate jesu olim in panormitano sicili nunc in herbipolitano franconi ejusdem societatis jesu gymnasio matheseos professoris cur sus mathematicus sive absoluta omnium mathematicarum disciplinarum encyclopdia p gasparis schotti | THEORESES MECHANICÆ NOVÆ | THEORESES MECHANICÆ NOVÆ | False | False | False",False,False,True,False,False,False,False,False,False,False,False,False,False,False,False,False,False
473J72,"The Six First, Together with the Eleventh and the Twelfth Books of Euclid’s Elements, Demonstrated after a New, Plain, and Easie Method",1726,1700+,London,ENGLISH,No primary family,True,books_1_6_plus_solids,practical-pedagogical,missing/unknown,,1,demonstrations_proofs,"The Six First, Together with the Eleventh and the Twelfth Books of Euclid’s Elements, Demonstrated after a New, Plain, and Easie Method | demonstrated | the six first, together with the eleventh and twelfth books of euclid's elements | demonstrated after a new, plain, and eafie method | a. m | six first, together with the eleventh and twelfth books of euclid's elements | euclid's | demonstrated demonstrated after a new plain and eafie method six first together with the eleventh and twelfth books of euclid s elements euclid s | demonstrated demonstrated after a new plain and eafie method six first together with the eleventh and twelfth books of euclid s elements euclid s a m henry hill | Demonstrated after a New, Plain, and Eafie METHOD | THE Six First, Together with the Eleventh and Twelfth Books OF EUCLID's ELEMENTS | False | False | False",True,False,False,False,False,False,False,False,False,False,False,False,False,False,False,False,False
Amsterdam_1700,,1700,1700+,Amsterdam,FRENCH,Geometry/Theory,True,books_1_6_plus_solids,practical-pedagogical,duodecimo,12,1,propositions,expliquez | reveuë | corrigée | les elemens d’euclide | expliquez d’une maniere nouvelle & tres-facile | avec l’usage de chaque proposition pour toutes les parties des mathematiques | nouvelle edition | reveuë & corrigée | p | les elemens d’euclide | euclide | expliquez reveue corrigee nouvelle edition reveue corrigee expliquez dune maniere nouvelle tres facile avec lusage de chaque proposition pour toutes les parties des mathematiques les elemens deuclide euclide | expliquez reveue corrigee nouvelle edition reveue corrigee expliquez dune maniere nouvelle tres facile avec lusage de chaque proposition pour toutes les parties des mathematiques compagnie de jesus les elemens deuclide euclide p claude francois millet dechalles | EXPLIQUEZ D’UNE MANIERE nouvelle & tres-facile | AVEC L’USAGE DE CHAQUE Proposition pour toutes les parties des Mathematiques | LES ELEMENS D’EUCLIDE | NOUVELLE EDITION | Reveuë & corrigée | False | False | False,False,True,False,False,False,False,False,False,False,False,False,False,False,False,False,False,False
Amsterdam_1701b,,1701,1700+,Amsterdam,LATIN,Geometry/Theory,True,books_1_6_plus_solids,institutional-composite,octavo,8,1,theorems,accedunt | elementa geometriæ planæ ac solidæ | soc. jesu sacerd. & matheseos professore | archimede | elementa geometriæ planæ ac solidæ | selecta ex archimede theoremata | accedunt selecta ex archimede theoremata archimede elementa geometri plan ac solid | accedunt selecta ex archimede theoremata soc jesu archimede elementa geometri plan ac solid soc jesu sacerd matheseos professore an drea tacquet | ELEMENTA GEOMETRIÆ PLANÆ AC SOLIDÆ | selecta EX ARCHIMEDE THEOREMATA | False | False | False,False,False,True,False,False,False,False,False,False,False,False,False,False,False,False,False,False
Amsterdam_1702,,1702,1700+,Amsterdam,DUTCH,Geometry/Theory,True,books_1_6,pedagogical/method,octavo,8,1,principles,gedemonstreert | de ses eerste boeken der beginselen euclidis | lector in de mathesis tot leyden | de ses eerste boeken der beginselen euclidis | euclidis | gedemonstreert de ses eerste boeken der beginselen euclidis euclidis | gedemonstreert de ses eerste boeken der beginselen euclidis euclidis lector in de mathesis tot leyden henrick coets | DE SES EERSTE BOEKEN DER BEGINSELEN EUCLIDIS | False | False | False,False,False,False,False,False,False,False,False,False,False,False,False,False,False,False,True,False
Glasgow_1756,Euclidis Elementorum libri priores sex item undecimus et duodecimus ex versione latina Federici Commandini,1756,1700+,Glasgow,LATIN,Geometry/Theory,True,books_1_6,institutional-composite,quarto,4,1,demonstrations_proofs,"Euclidis Elementorum libri priores sex item undecimus et duodecimus ex versione latina Federici Commandini | sublatis | vitiati | restitutis | libri priores sex, item undecimus et duodecimus | ex versione latina federici commandini | sublatis iis quibus olim libri hi a theone, aliisve, vitiati sunt, et quibusdam euclidis demonstrationibus restitutis | in academia glasguensi matheseos professore | theone | euclidis elementorum | et quibusdam euclidis demonstrationibus restitutis | latina | euclidis | euclidis elementorum | euclidis demonstrationibus | sublatis vitiati restitutis ex versione latina federici commandini sublatis iis quibus olim libri hi a theone aliisve vitiati sunt et quibusdam euclidis demonstrationibus restitutis et quibusdam euclidis demonstrationibus restitutis latina theone euclidis elementorum euclidis euclidis elementorum euclidis demonstrationibus | sublatis vitiati restitutis ex versione latina federici commandini sublatis iis quibus olim libri hi a theone aliisve vitiati sunt et quibusdam euclidis demonstrationibus restitutis et quibusdam euclidis demonstrationibus restitutis academia glasguensi theone latina euclidis elementorum euclidis euclidis elementorum euclidis demonstrationibus in academia glasguensi matheseos professore roberto simson | LIBRI PRIORES SEX, ITEM UNDECIMUS ET DUODECIMUS | Et quibusdam EUCLIDIS Demonstrationibus Restitutis | EX VERSIONE LATINA FEDERICI COMMANDINI | Sublatis iis quibus olim Libri hi a THEONE, aliisve, Vitiati sunt, Et quibusdam EUCLIDIS Demonstrationibus Restitutis | False | False | False",True,False,False,False,False,False,False,False,False,False,False,False,False,False,False,False,False
KVSFF1,Éléments de géométrie avec des notes,1799,1700+,Paris,FRENCH,Geometry/Theory,True,partial_from_book_1,institutional-composite,octavo,8,1,notes_observations,"Éléments de géométrie avec des notes | revue | corrigée | augmentée | éléments de géométrie | éléments de géométrie | seconde édition revue, corrigée et augmentée de la trigonométrie | membre de l'institut national | éléments de géométrie | éléments de géométrie | avec des notes | revue corrigee augmentee seconde edition revue corrigee et augmentee de la trigonometrie avec des notes elements de geometrie elements de geometrie | revue corrigee augmentee seconde edition revue corrigee et augmentee de la trigonometrie avec des notes institut national elements de geometrie elements de geometrie membre de l institut national a m le gendre adrien marie legendre | ÉLÉMENTS DE GÉOMÉTRIE | ÉLÉMENTS DE   GÉOMÉTRIE | AVEC DES NOTES | SECONDE ÉDITION REVUE, CORRIGÉE ET AUGMENTÉE DE LA TRIGONOMÉTRIE | False | False | False",False,False,False,False,False,False,True,False,False,False,False,False,False,False,False,False,False
Lisbon_1735,"Elementos de geometria plana, e solida, segundo a ordem de Euclides",1735,1700+,Lisbon,PORTUGUESE,Geometry/Theory,True,unknown_books,institutional-composite,missing/unknown,,1,theorems,"Elementos de geometria plana, e solida, segundo a ordem de Euclides | acrescentados com três uteis | para uso da real aula | elementos de geometria plana, e solida, segundo a ordem de euclides | acrescentados com três uteis | padre | da mesma companhia | archimedes | dinostrato | elementos de geometria plana, e solida, segundo a ordem de euclides | o primeiro da logística das proporções | o segundo dos theoremas selectos de archimedes | o terceiro da quadratriz de dinostrato | três uteis appendices: o primeiro da logística das proporções: o segundo dos theoremas selectos de archimedes: e o terceiro da quadratriz de dinostrato | logística das proporções | theoremas selectos de archimedes | quadratriz de dinostrato | princepe dos geometras | euclides | acrescentados com tres uteis acrescentados com tres uteis o primeiro da logistica das proporcoes o segundo dos theoremas selectos de archimedes o terceiro da quadratriz de dinostrato tres uteis appendices o primeiro da logistica das proporcoes o segundo dos theoremas selectos de archimedes e o terceiro da quadratriz de dinostrato logistica das proporcoes theoremas selectos de archimedes quadratriz de dinostrato archimedes dinostrato elementos de geometria plana e solida segundo a ordem de euclides euclides princepe dos geometras | acrescentados com tres uteis acrescentados com tres uteis o primeiro da logistica das proporcoes o segundo dos theoremas selectos de archimedes o terceiro da quadratriz de dinostrato tres uteis appendices o primeiro da logistica das proporcoes o segundo dos theoremas selectos de archimedes e o terceiro da quadratriz de dinostrato logistica das proporcoes theoremas selectos de archimedes quadratriz de dinostrato para uso da real aula collegio de santo antao da companhia de jesus de lisboa occidental companhia de jesus archimedes dinostrato elementos de geometria plana e solida segundo a ordem de euclides euclides princepe dos geometras padre da mesma companhia manoel de campos | ELEMENTOS DE GEOMETRIA PLANA, E SOLIDA, SEGUNDO A ORDEM DE EUCLIDES | o primeiro da Logística das Proporções | o segundo dos Theoremas selectos de Archimedes | o terceiro da Quadratriz de Dinostrato | ACRESCENTADOS COM TRÊS UTEIS | TRÊS UTEIS Appendices: o primeiro da Logística das Proporções: o segundo dos Theoremas selectos de Archimedes: e o terceiro da Quadratriz de Dinostrato | False | False | False",False,False,True,False,False,False,False,False,False,False,False,False,False,False,False,False,False
Livorno_1709,Euclides reformatus,1709,1700+,Livorno,LATIN,Geometry/Theory,True,books_1_6,practical-pedagogical,quarto,4,1,principles,"Euclides reformatus | reformatus | exponuntur | demonstrantur | euclides reformatus, sive plana, et solida geometriæ elem enta opus | in quo tum alia pleraque, cum præcipuè rationis, & proportionis natura, & proprietates nova methodo clarius, quam antea ab aliis, atque facilius exponuntur, firmiusque, ac evidentius demonstrantur | reformatus | regiæ celsitudinis ferdinandi hetruriæ principis mathematico | ac in alma pisana universitate scientiarum mechanicarum professore | euclides reformatus, sive plana, et solida geometriæ elem enta opus | euclides | reformatus exponuntur demonstrantur reformatus in quo tum alia pleraque cum prcipue rationis proportionis natura proprietates nova methodo clarius quam antea ab aliis atque facilius exponuntur firmiusque ac evidentius demonstrantur euclides reformatus sive plana et solida geometri elem enta opus euclides | reformatus exponuntur demonstrantur reformatus in quo tum alia pleraque cum prcipue rationis proportionis natura proprietates nova methodo clarius quam antea ab aliis atque facilius exponuntur firmiusque ac evidentius demonstrantur alma pisana universitate euclides reformatus sive plana et solida geometri elem enta opus euclides regi celsitudinis ferdinandi hetruri principis mathematico ac in alma pisana universitate scientiarum mechanicarum professore angelo de marchettis | In quo tum alia pleraque, cum præcipuè Rationis, & Proportionis Natura, & proprietates Nova Methodo Clarius, quam antea ab aliis, atque facilius exponuntur, firmiusque, ac evidentius demonstrantur | EUCLIDES REFORMATUS, SIVE PLANA, ET SOLIDA GEOMETRIÆ ELEM ENTA OPUS | REFORMATUS | False | False | False",False,False,False,False,False,False,False,False,False,False,False,False,False,False,False,True,False
Naples_1701,,1701,1700+,Naples,LATIN,No primary family,True,near_complete_or_expanded,practical-pedagogical,octavo,8,1,demonstrations_proofs,"reco- gnita | emendata | elementa euclidis | novâ methodô, & compendiariè olim demonstrata | nunc verò ab ipso eodem auctore recognita, & emendata | carmelitam consentinum | elementa euclidis | euclidis | reco gnita emendata nunc vero ab ipso eodem auctore recognita emendata nova methodo compendiarie olim demonstrata elementa euclidis euclidis | reco gnita emendata nunc vero ab ipso eodem auctore recognita emendata nova methodo compendiarie olim demonstrata carmelitam consentinum elementa euclidis euclidis carmelitam consentinum f eliam astorinum | Novâ methodô, & compendiariè olim demonstrata | ELEMENTA EUCLIDIS | NUNC VERÒ Ab ipso eodem Auctore recognita, & emendata | False | False | False",True,False,False,False,False,False,False,False,False,False,False,False,False,False,False,False,False
Oxford_1705,"The English Euclide, being The First Six Elements of Geometry, translated out of the Greek",1705,1700+,Oxford,ENGLISH,Geometry/Theory,True,books_1_6,practical-pedagogical,folio,2,1,scholia_commentary,"The English Euclide, being The First Six Elements of Geometry, translated out of the Greek | translated | translated | the english euclide | the english euclide | of geometry | the first six elements of geometry | translated out of the greek | chaplain to his grace the duke of buckinghamshire l.d privy seal | prebendary of sarum | rector of upwey in the county of dorsett | the english euclide, being the first six elements of geometry | first six elements of geometry | annotations and useful supplements | annotations | useful supplements | greek | greek | english | english | euclide | euclide | translated translated translated out of the greek of geometry the first six elements of geometry annotations and useful supplements annotations useful supplements greek greek english english the english euclide being the first six elements of geometry first six elements of geometry euclide euclide | translated translated translated out of the greek of geometry the first six elements of geometry annotations and useful supplements annotations useful supplements sarum upwey greek greek english english the english euclide being the first six elements of geometry first six elements of geometry euclide euclide chaplain to his grace the duke of buckinghamshire l d privy seal prebendary of sarum rector of upwey in the county of dorsett edmund scarburgh m a edmund scarburgh | OF GEOMETRY | the first six Elements of geometry | THE ENGLISH EUCLIDE | The English Euclide | Annotations and useful Supplements | annotations | useful supplements | Translated out of the GREEK | False | False | False",False,False,False,False,False,True,False,False,False,False,False,False,False,False,False,False,False
Oxford_London_1700,,1700,1700+,"Oxford, London",ENGLISH,No primary family,True,books_1_6_plus_solids,practical-pedagogical,octavo,8,1,propositions,"explain’d | written in french | now made english | errors corrected | the elements of euclid | explain’d, in a new, but most easie method: together with the use of every proposition through all parts of the mathematicks | the third edition | now made english, and a multitude of errors corrected, which had escap’d in the original | that excellent mathematician | of the society of jesus | the elements of euclid | together with the use of every proposition through all parts of the mathematicks | french | english | euclid | explaind written in french now made english errors corrected the third edition now made english and a multitude of errors corrected which had escapd in the original explaind in a new but most easie method together with the use of every proposition through all parts of the mathematicks together with the use of every proposition through all parts of the mathematicks french english the elements of euclid euclid | explaind written in french now made english errors corrected the third edition now made english and a multitude of errors corrected which had escapd in the original explaind in a new but most easie method together with the use of every proposition through all parts of the mathematicks together with the use of every proposition through all parts of the mathematicks society of jesus french english the elements of euclid euclid that excellent mathematician of the society of jesus f claud francis milliet de chales | Explain’d, In a New, but most Easie Method: Together with The Use of every Proposition through all parts of the Mathematicks | THE ELEMENTS OF EUCLID | Together with The Use of every Proposition through all parts of the Mathematicks | The Third Edition | Now made English, and a multitude of Errors Corrected, which had escap’d in the Original | False | False | False",False,True,False,False,False,False,False,False,False,False,False,False,False,False,False,False,False
Paris_1739,La science des géomètres,1739,1700+,Paris,FRENCH,Geometry/Theory,True,unknown_books,practical-pedagogical,folio,2,1,figures_diagrams,La science des géomètres | contenant | travaillé | enrichi de | à l’usage de ceux qui ne sont point versés dans l’algebre | élemens d’euclide | non seulement ce qui est compris dans les élemens d’euclide | m. l’abbé | élemens d’euclide | enrichi de quarante-sept planches en taille-douce | euclide | contenant travaille enrichi de non seulement ce qui est compris dans les elemens deuclide enrichi de quarante sept planches en taille douce elemens deuclide euclide | contenant travaille enrichi de non seulement ce qui est compris dans les elemens deuclide enrichi de quarante sept planches en taille douce a lusage de ceux qui ne sont point verses dans lalgebre elemens deuclide euclide m labbe deidier | non seulement ce qui est compris dans les Élemens d’Euclide | Élemens d’Euclide | enrichi de quarante-sept Planches en Taille-douce | False | False | False,False,False,False,False,True,False,False,False,False,False,False,False,False,False,False,False,False
QX7XH4,"The Elements of Euclid, viz. the first Six Books together with the Eleventh and Twelfth. In this Edition, the Errors, by which Theon, or others, have long ago Vitiated these Books, are Corrected, and some of Euclid’s Demonstrations are Restored",1756,1700+,Glasgow,ENGLISH,No primary family,True,books_1_6_plus_solids,pedagogical/method,missing/unknown,,1,demonstrations_proofs,"The Elements of Euclid, viz. the first Six Books together with the Eleventh and Twelfth. In this Edition, the Errors, by which Theon, or others, have long ago Vitiated these Books, are Corrected, and some of Euclid’s Demonstrations are Restored | corrected | restored | the elements of euclid | the first six books, together with the eleventh and twelfth | in this edition | m.d | professor of mathematics in the university of glasgow | theon | the elements of euclid, viz. the first six books, together with the eleventh and twelfth | euclid | euclid's | corrected restored in this edition the first six books together with the eleventh and twelfth theon the elements of euclid viz the first six books together with the eleventh and twelfth euclid euclid s | corrected restored in this edition the first six books together with the eleventh and twelfth university of glasgow theon the elements of euclid viz the first six books together with the eleventh and twelfth euclid euclid s m d professor of mathematics in the university of glasgow robert simson | THE FIRST SIX BOOKS, TOGETHER WITH THE ELEVENTH AND TWELFTH | THE ELEMENTS OF EUCLID | In this Edition | False | False | False",True,False,False,False,False,False,False,False,False,False,False,False,False,False,False,False,False
Frankfurt_1506,Algorithmus mercatorrum variis proposicionibus eorundem contractibus inseruientibus multum decoratus,1506,pre-1550,Frankfurt,LATIN,No primary family,True,partial_from_book_1,low-signal/other,quarto,4,1,propositions,Algorithmus mercatorrum variis proposicionibus eorundem contractibus inseruientibus multum decoratus | False | False | False,False,True,False,False,False,False,False,False,False,False,False,False,False,False,False,False,False
IC4Y79,De expetendis et fugiendis rerum opus,1501,pre-1550,Venice,LATIN,Geometry/Theory | Arithmetic/Commerce,True,unknown_books,practical-pedagogical,folio,2,1,problems,"De expetendis et fugiendis rerum opus | elementorum euclidis | difficultates omnes fere exponuntur | boetio | hippocrate | paulo | galeni | elementorum euclidis | de arithmetica libri.iiii.ubi quædam a boetio prætermissa tractantur | de musica libri.v.sed primo de inuentione, & commoditate eius | de geometria libri.vi.in quibus elementorum euclidis difficultates omnes fere exponuntur, ubi etiam de mechanicis spiritalibus, catoptricis, ac opticis, deq; quadrato circuli habetur tractatus | de tota astrologia libri.iiii.in qua fabrica, usus, astrolabij exaratur, & quæ si- gnorum in exhibendis medicaminibus sit habenda obseruatio | de physiologia libri.iiii.ubi & methaphysices qđã lectu q̃ dignũ.utilissimaq̃ | de medicina libri.vii.ubi de simplicium natura per ordinem litterarum | problematum liber unus | de grammatica libri.iiii | de dialectica libri.iiii | de poetica liber unus | de rhetorica libri.ii | de morali philosophia liber unus | de oeconomia, siue administratione domus libri.iii.in quibus de architectu- ra, req; rustica suus est locus | politicon unicum uolumen, ubi de iure ciuili, ac pontificio primum. mox de le gibus in uniuersum. inde de re militari agitur | de corporis commodis, & incommodis libri.iii.quorum primus totus de ani- ma. secūdus de corpore. tertius uero de urinis ex hippocrate, ac paulo agi- tur, deq; galeni quæstionibus in hippocratem | de rebus externis liber unus, ac ultimus, ubi de gloria, amplitudine, & cæte- ris huiusmodi | de arithmetica | de musica | de geometria | de tota astrologia | de physiologia | de medicina | problematum | de grammatica | de dialectica | de poetica | de rhetorica | de morali philosophia | de oeconomia | politicon | de corporis commodis, & incommodis | de rebus externis | euclidis | difficultates omnes fere exponuntur de arithmetica libri iiii ubi qudam a boetio prtermissa tractantur de musica libri v sed primo de inuentione commoditate eius de geometria libri vi in quibus elementorum euclidis difficultates omnes fere exponuntur ubi etiam de mechanicis spiritalibus catoptricis ac opticis deq quadrato circuli habetur tractatus de tota astrologia libri iiii in qua fabrica usus astrolabij exaratur qu si gnorum in exhibendis medicaminibus sit habenda obseruatio de physiologia libri iiii ubi methaphysices qa lectu q dignu utilissimaq de medicina libri vii ubi de simplicium natura per ordinem litterarum problematum liber unus de grammatica libri iiii de dialectica libri iiii de poetica liber unus de rhetorica libri ii de morali philosophia liber unus de oeconomia siue administratione domus libri iii in quibus de architectu ra req rustica suus est locus politicon unicum uolumen ubi de iure ciuili ac pontificio primum mox de le gibus in uniuersum inde de re militari agitur de corporis commodis incommodis libri iii quorum primus totus de ani ma secudus de corpore tertius uero de urinis ex hippocrate ac paulo agi tur deq galeni qustionibus in hippocratem de rebus externis liber unus ac ultimus ubi de gloria amplitudine cte ris huiusmodi de arithmetica de musica de geometria de tota astrologia de physiologia de medicina problematum de grammatica de dialectica de poetica de rhetorica de morali philosophia de oeconomia politicon de corporis commodis incommodis de rebus externis boetio hippocrate paulo galeni elementorum euclidis euclidis | difficultates omnes fere exponuntur de arithmetica libri iiii ubi qudam a boetio prtermissa tractantur de musica libri v sed primo de inuentione commoditate eius de geometria libri vi in quibus elementorum euclidis difficultates omnes fere exponuntur ubi etiam de mechanicis spiritalibus catoptricis ac opticis deq quadrato circuli habetur tractatus de tota astrologia libri iiii in qua fabrica usus astrolabij exaratur qu si gnorum in exhibendis medicaminibus sit habenda obseruatio de physiologia libri iiii ubi methaphysices qa lectu q dignu utilissimaq de medicina libri vii ubi de simplicium natura per ordinem litterarum problematum liber unus de grammatica libri iiii de dialectica libri iiii de poetica liber unus de rhetorica libri ii de morali philosophia liber unus de oeconomia siue administratione domus libri iii in quibus de architectu ra req rustica suus est locus politicon unicum uolumen ubi de iure ciuili ac pontificio primum mox de le gibus in uniuersum inde de re militari agitur de corporis commodis incommodis libri iii quorum primus totus de ani ma secudus de corpore tertius uero de urinis ex hippocrate ac paulo agi tur deq galeni qustionibus in hippocratem de rebus externis liber unus ac ultimus ubi de gloria amplitudine cte ris huiusmodi de arithmetica de musica de geometria de tota astrologia de physiologia de medicina problematum de grammatica de dialectica de poetica de rhetorica de morali philosophia de oeconomia politicon de corporis commodis incommodis de rebus externis boetio hippocrate paulo galeni elementorum euclidis euclidis georgii vallae placentini | difficultates omnes fere exponuntur | elementorum Euclidis | De Arithmetica libri.iiii.ubi quædam a Boetio prætermissa tractantur | De Musica libri.v.sed primo de inuentione, & commoditate eius | De Geometria libri.vi.in quibus elementorum Euclidis difficultates omnes fere exponuntur, ubi etiam de Mechanicis spiritalibus, Catoptricis, ac Opticis, deq; quadrato circuli habetur tractatus | De tota Astrologia libri.iiii.in qua fabrica, usus, astrolabij exaratur, & quæ si- gnorum in exhibendis medicaminibus sit habenda obseruatio | De Physiologia libri.iiii.ubi & Methaphysices qđã lectu q̃ dignũ.utilissimaq̃ | De Medicina libri.vii.ubi de simplicium natura per ordinem litterarum | Problematum liber unus | De Grammatica libri.iiii | De Dialectica libri.iiii | De Poetica liber unus | De Rhetorica libri.ii | De Morali Philosophia liber unus | De Oeconomia, siue administratione domus libri.iii.in quibus de Architectu- ra, req; rustica suus est locus | Politicon unicum uolumen, ubi de iure ciuili, ac pontificio primum. Mox de le gibus in uniuersum. Inde de re militari agitur | De Corporis commodis, & incommodis libri.iii.quorum primus totus de ani- ma. Secūdus de corpore. Tertius uero de urinis ex Hippocrate, ac Paulo agi- tur, deq; Galeni quæstionibus in Hippocratem | De Rebus externis liber unus, ac ultimus, ubi de Gloria, Amplitudine, & cæte- ris huiusmodi | False | False | False",False,False,False,True,False,False,False,False,False,False,False,False,False,False,False,False,False
Paris_1500,,1500,pre-1550,Paris,LATIN,Cosmos/Earth,True,unknown_books,practical-pedagogical,folio,2,1,scholia_commentary,adiecta | illustratus | geometria euclidis | academie illustratus | expositione anuli astronomici | johannis de sacro bosco | iacobi lefranc | geometria euclidis | cum additione | adiecta | nouo commentario nuper coito | de sphe ra johannis de sa- cro bosco | anuli astronomici iacobi lefranc | anuli astronomici | de sphe ra johannis de sa- cro bosco | nouo commentario nuper coito adutilitate studii philosophici | lili expositione anuli astro- nomici iacobi lefranc | euclidis | adiecta illustratus cum additione adiecta nouo commentario nuper coito de sphe ra johannis de sa cro bosco anuli astronomici iacobi lefranc anuli astronomici de sphe ra johannis de sa cro bosco nouo commentario nuper coito adutilitate studii philosophici lili expositione anuli astro nomici iacobi lefranc johannis de sacro bosco iacobi lefranc geometria euclidis euclidis | adiecta illustratus cum additione adiecta nouo commentario nuper coito de sphe ra johannis de sa cro bosco anuli astronomici iacobi lefranc anuli astronomici de sphe ra johannis de sa cro bosco nouo commentario nuper coito adutilitate studii philosophici lili expositione anuli astro nomici iacobi lefranc academie johannis de sacro bosco iacobi lefranc geometria euclidis euclidis academie illustratus expositione anuli astronomici lili | Geometria Euclidis | cum additione | adiecta | Nouo commentario nuper coito | De Sphe ra Johannis de Sa- cro bosco | Anuli Astronomici Iacobi Lefranc | Geometria (extract) | False | False | False,False,False,False,False,False,True,False,False,False,False,False,False,False,False,False,False,False
Paris_1507,,1507,pre-1550,Paris,LATIN,Cosmos/Earth,True,unknown_books,institutional-composite,folio,2,1,scholia_commentary,adiecta | edito | illustratus | studentium philosophice parisiensis | geometria euclidis megarensis | cum additione (quan-tum necessarium est) adiecta | nouo commentario nuper edito | academie illustratus | geometria euclidis megarensis | cum additione (quan-tum necessarium est) adiecta | nouo commentario nuper edito | cum compositione anuli astronomici boni latensis | de sphera iohannis de sacrobosco | compositione anuli astronomici boni latensis | de sphera iohannis de sacrobosco | compositione anuli astronomici boni latensis | euclidis megarensis | euclidis megarensis | adiecta edito illustratus cum additione quan tum necessarium est adiecta nouo commentario nuper edito cum additione quan tum necessarium est adiecta nouo commentario nuper edito cum compositione anuli astronomici boni latensis de sphera iohannis de sacrobosco compositione anuli astronomici boni latensis de sphera iohannis de sacrobosco compositione anuli astronomici boni latensis geometria euclidis megarensis euclidis megarensis euclidis megarensis | adiecta edito illustratus cum additione quan tum necessarium est adiecta nouo commentario nuper edito cum additione quan tum necessarium est adiecta nouo commentario nuper edito cum compositione anuli astronomici boni latensis de sphera iohannis de sacrobosco compositione anuli astronomici boni latensis de sphera iohannis de sacrobosco compositione anuli astronomici boni latensis studentium philosophice parisiensis academie geometria euclidis megarensis euclidis megarensis euclidis megarensis academie illustratus | Geometria Euclidis Megarensis | Cum additione (quan-tum necessarium est) adiecta | Nouo commentario nuper edito | Cum Compositione Anuli Astronomici Boni Latensis | Cum additione (quan-tum necessarium est) adiecta | Nouo commentario nuper edito | De Sphera Iohannis de Sacrobosco | Compositione Anuli Astronomici Boni Latensis | Geometria | False | False | False,False,False,False,False,False,True,False,False,False,False,False,False,False,False,False,False,False
Paris_1511,,1511,pre-1550,Paris,LATIN,Cosmos/Earth,True,unknown_books,institutional-composite,folio,2,1,scholia_commentary,adiecta | nuper edito | illustratus | studentium philosophice parisiensis | geometria euclidis megarensis | cum additione (quan- tum necessarium est) adiecta | nouo commentario nuper edito | johannis de sacrobosco | boni latensis | geometria euclidis megarensis | cum additione (quan- tum necessarium est) adiecta | nouo commentario nuper edito | textus de sphera johannis de sacrobosco | compositione anuli astronomici boni latensis | de sphera | compositione anuli astronomici | euclidis megarensis | euclidis megarensis | adiecta nuper edito illustratus cum additione quan tum necessarium est adiecta nouo commentario nuper edito cum additione quan tum necessarium est adiecta nouo commentario nuper edito textus de sphera johannis de sacrobosco compositione anuli astronomici boni latensis de sphera compositione anuli astronomici johannis de sacrobosco boni latensis geometria euclidis megarensis euclidis megarensis euclidis megarensis | adiecta nuper edito illustratus cum additione quan tum necessarium est adiecta nouo commentario nuper edito cum additione quan tum necessarium est adiecta nouo commentario nuper edito textus de sphera johannis de sacrobosco compositione anuli astronomici boni latensis de sphera compositione anuli astronomici studentium philosophice parisiensis academie johannis de sacrobosco boni latensis geometria euclidis megarensis euclidis megarensis euclidis megarensis | Geometria Euclidis Megarensis | Cum additione (quan-  tum necessarium est) adiecta | Nouo commentario nuper edito | Cum additione (quan-  tum necessarium est) adiecta | Nouo commentario nuper edito | TEXtus De Sphera Johannis de Sacrobosco | Compositione Anuli Astronomici Boni Latensis | Geometria | False | False | False,False,False,False,False,False,True,False,False,False,False,False,False,False,False,False,False,False
Paris_1516,Euclidis Megarensis geometricorum elementorum libri XV,1516,pre-1550,Paris,LATIN,Geometry/Theory,True,near_complete_or_expanded,institutional-composite,folio,2,1,scholia_commentary,"Euclidis Megarensis geometricorum elementorum libri XV | ad studiosorum | gallis | italis | germanis | hispanis | anglis | evclidis megarensis geometricorum el-ementorum libri xv | bartholamæo zamberto veneto interprete | eodem bartholamæo zamberto veneto interprete | theonis alexandrini | hypsiclis alexandrini | campani galli | evclidis megarensis geometricorum el-ementorum libri xv | campani galli transalpini in eosdem commentariorum libri xv | theonis alexandrini bartholamæo zamberto veneto interprete, in tredecim priores, commentariorum libri xiii | hypsiclis alexandrini in duos posteriores, eodem bartholamæo zamberto veneto interprete, commentariorum libri ii | campani | theonis | hypsiclis | evclidis megarensis | evclidis | campani galli transalpini in eosdem commentariorum libri xv theonis alexandrini bartholamo zamberto veneto interprete in tredecim priores commentariorum libri xiii hypsiclis alexandrini in duos posteriores eodem bartholamo zamberto veneto interprete commentariorum libri ii campani theonis hypsiclis theonis alexandrini hypsiclis alexandrini campani galli evclidis megarensis geometricorum el ementorum libri xv evclidis evclidis megarensis | campani galli transalpini in eosdem commentariorum libri xv theonis alexandrini bartholamo zamberto veneto interprete in tredecim priores commentariorum libri xiii hypsiclis alexandrini in duos posteriores eodem bartholamo zamberto veneto interprete commentariorum libri ii campani theonis hypsiclis ad studiosorum gallis italis germanis hispanis anglis theonis alexandrini hypsiclis alexandrini campani galli evclidis megarensis geometricorum el ementorum libri xv evclidis evclidis megarensis bartholamo zamberto veneto interprete eodem bartholamo zamberto veneto interprete bartholamo zamberto veneto | EVCLIDIS Megarensis Geometricorum el-ementorum libri XV | CAMPANI Galli transalpini in eosdem commentariorum libri XV | THEONIS Alexandrini Bartholamæo Zamberto Veneto interprete, in tredecim priores, commentariorum libri XIII | HYPSICLIS Alexandrini in duos posteriores, eodem Bartholamæo Zamberto Veneto interprete, commentariorum libri II | False | False | False",False,False,False,False,False,True,False,False,False,False,False,False,False,False,False,False,False
Paris_1516a,,1516,pre-1550,Paris,LATIN,Geometry/Theory | Instruments/Measurement | Cosmos/Earth,True,unknown_books,institutional-composite,folio,2,1,scholia_commentary,adjecta | edito | illustratus | studentium philosophice parisiensis | geometria eu-clidis megarensis | nouo commentario nuper edito | joannis de sacrobosco | boneti latensis | geometria eu-clidis megarensis | additione (quan-tum necessarium est) adjecta | nouo commentario nuper edito | compositione anuli astronomici boneti latensis | textus de sphera joannis de sacrobosco | textus de sphera joannis de sacrobosco | eu-clidis megarensis | eu-clidis | adjecta edito illustratus nouo commentario nuper edito additione quan tum necessarium est adjecta nouo commentario nuper edito compositione anuli astronomici boneti latensis textus de sphera joannis de sacrobosco textus de sphera joannis de sacrobosco joannis de sacrobosco boneti latensis geometria eu clidis megarensis eu clidis eu clidis megarensis | adjecta edito illustratus nouo commentario nuper edito additione quan tum necessarium est adjecta nouo commentario nuper edito compositione anuli astronomici boneti latensis textus de sphera joannis de sacrobosco textus de sphera joannis de sacrobosco studentium philosophice parisiensis academie joannis de sacrobosco boneti latensis geometria eu clidis megarensis eu clidis eu clidis megarensis | Geometria Eu-clidis Megarensis | additione (quan-tum necessarium est) adjecta | Nouo commentario nuper edito | Compositione Anuli Astronomici Boneti Latensis | Nouo commentario nuper edito | Textus De Sphera Joannis de Sacrobosco | Geometria | False | False | False,False,False,False,False,False,True,False,False,False,False,False,False,False,False,False,False,False
Paris_1521,"Textus de Sphaera, introductoria additione commentarioque ad utilitatem studentium philosophiae Parisiensis Academiae illustratus, cum compositione annuli astronomici et geometria",1521,pre-1550,Paris,LATIN,Instruments/Measurement | Cosmos/Earth,True,unknown_books,institutional-composite,folio,2,1,scholia_commentary,"Textus de Sphaera, introductoria additione commentarioque ad utilitatem studentium philosophiae Parisiensis Academiae illustratus, cum compositione annuli astronomici et geometria | additione | illustratus | studentium philosophiæ parisiensis academiæ | geometria euclidis megarensis | introdvctoria additione (quantum necessarium est) commentarioque | cum compositione annuli astronomici boneti latensis | boneti | geometria euclidis megarensis | introdvctoria additione (quantum necessarium est) commentarioque | annuli astronomici boneti latensis | geometria euclidis megarensis | annuli astronomici boneti latensis | geometria euclidis megarensis | euclidis megarensis | euclidis | additione illustratus introdvctoria additione quantum necessarium est commentarioque cum compositione annuli astronomici boneti latensis introdvctoria additione quantum necessarium est commentarioque annuli astronomici boneti latensis geometria euclidis megarensis annuli astronomici boneti latensis geometria euclidis megarensis boneti geometria euclidis megarensis euclidis euclidis megarensis | additione illustratus introdvctoria additione quantum necessarium est commentarioque cum compositione annuli astronomici boneti latensis introdvctoria additione quantum necessarium est commentarioque annuli astronomici boneti latensis geometria euclidis megarensis annuli astronomici boneti latensis geometria euclidis megarensis studentium philosophi parisiensis academi parisiensis academi boneti geometria euclidis megarensis euclidis euclidis megarensis ioannis de sacrobosco | Geometria Euclidis Megarensis | INTRODVCTORIA ADditione (quantum necessarium est) commentarioque | INTRODVCTORIA ADditione (quantum necessarium est) commentarioque | Cum compositione Annuli astronomici Boneti Latensis | Annuli astronomici Boneti Latensis | Geometria Euclidis Megarensis | Geometria | False | False | False",False,False,False,False,False,True,False,False,False,False,False,False,False,False,False,False,False
Paris_1527,,1527,pre-1550,Paris,LATIN,Cosmos/Earth,True,unknown_books,institutional-composite,folio,2,1,scholia_commentary,additione | illustratus | studentium philosophiæ parisiensis academiæ | studentium philosophiæ parisiensis academiæ | geometria euclidis megarensis | introdvctoria additione (qvantum necessarium est) commentarióque | academiæ illustratus | boneti latensis | ioannis de sacrobosco | boneti latensis | geometria euclidis megarensis | introdvctoria additione (quantum necessarium est) commentarióque | introdvctoria additione | introdvctoria additione (qvantum necessarium est) commentarióque | annuli astronomici boneti latensis | geometria euclidis megarensis | textvs de sphaera ioannis de sacrobosco | annuli astronomici boneti latensis | annuli astronomici boneti latensis | annuli astronomici boneti latensis | geometria euclidis megarensis | textvs de sphaera | annuli astronomici | annuli astronomici boneti latensis | euclidis megarensis | euclidis megarensis | additione illustratus introdvctoria additione qvantum necessarium est commentarioque introdvctoria additione quantum necessarium est commentarioque introdvctoria additione introdvctoria additione qvantum necessarium est commentarioque annuli astronomici boneti latensis geometria euclidis megarensis textvs de sphaera ioannis de sacrobosco annuli astronomici boneti latensis annuli astronomici boneti latensis annuli astronomici boneti latensis geometria euclidis megarensis textvs de sphaera annuli astronomici annuli astronomici boneti latensis boneti latensis ioannis de sacrobosco boneti latensis geometria euclidis megarensis euclidis megarensis euclidis megarensis | additione illustratus introdvctoria additione qvantum necessarium est commentarioque introdvctoria additione quantum necessarium est commentarioque introdvctoria additione introdvctoria additione qvantum necessarium est commentarioque annuli astronomici boneti latensis geometria euclidis megarensis textvs de sphaera ioannis de sacrobosco annuli astronomici boneti latensis annuli astronomici boneti latensis annuli astronomici boneti latensis geometria euclidis megarensis textvs de sphaera annuli astronomici annuli astronomici boneti latensis studentium philosophi parisiensis academi studentium philosophi parisiensis academi parisiensis academi philosophi parisiensis academi boneti latensis ioannis de sacrobosco boneti latensis geometria euclidis megarensis euclidis megarensis euclidis megarensis academi illustratus ioannis de sacrobosco | Geometria Euclidis Megarensis | INTRODVCTORIA ADDITIONE (quantum necessarium est) commentarióque | INTRODVCTORIA ADDITIONE | INTRODVCTORIA ADDITIONE (QVANtum necessarium est) commentarióque | INTRODVCTORIA ADDITIONE (QVANtum necessarium est) commentarióque | Annuli astronomici Boneti Latensis | Geometria Euclidis Megarensis | TEXTVS DE SPHAERA IOANNIS DE SACROBOSCO | Annuli astronomici Boneti Latensis | Annuli astronomici Boneti Latensis | Geometria | False | False | False,False,False,False,False,False,True,False,False,False,False,False,False,False,False,False,False,False
Paris_1536,In sex priores libros geometricorum elementorum Euclidis Megarensis demonstrationes,1536,pre-1550,Paris,LATIN,No primary family,True,books_1_6,institutional-composite,folio,2,1,demonstrations_proofs,In sex priores libros geometricorum elementorum Euclidis Megarensis demonstrationes | insertus est | recognita | sex priores libros geometricorum elementorum euclidis megarensis | demonstrationes | regii mathematicarum professoris | bartholamæi zamberti veneti | sex priores libros geometricorum elementorum euclidis megarensis | ipsius euclidis textus græcus | interpretatione latina bartholamæi zamberti veneti | euclidis megarensis | græcus | latina | euclidis megarensis | ipsius euclidis | insertus est recognita demonstrationes ipsius euclidis textus grcus interpretatione latina bartholami zamberti veneti grcus latina bartholami zamberti veneti sex priores libros geometricorum elementorum euclidis megarensis euclidis megarensis ipsius euclidis euclidis megarensis | insertus est recognita demonstrationes ipsius euclidis textus grcus interpretatione latina bartholami zamberti veneti bartholami zamberti veneti grcus latina sex priores libros geometricorum elementorum euclidis megarensis euclidis megarensis ipsius euclidis euclidis megarensis regii mathematicarum professoris orontij finei delphinatis | Demonstrationes | SEX PRIORES LIBROS geometricorum elementorum Euclidis Megarensis | ipsius Euclidis textus græcus | interpretatione latina Bartholamæi Zamberti Veneti | False | False | False,True,False,False,False,False,False,False,False,False,False,False,False,False,False,False,False,False
Paris_1544,In sex priores libros geometricorum elementorum Euclidis Megarensis demonstrationes,1544,pre-1550,Paris,LATIN,Geometry/Theory,True,books_1_6,institutional-composite,folio,2,1,demonstrations_proofs,"In sex priores libros geometricorum elementorum Euclidis Megarensis demonstrationes | recèns | emendatæ | recognita | recèns auctæ | emendatæ | recognita | ge-ometricorum elementorum euclidis megarensis | in sex priores libros geometricorum elementorum euclidis megarensis | in sex priores libros | demonstrationes | geometricorum elementorum euclidis | recèns auctæ, & emendatæ | aeditio tertia | veneti | ge-ometricorum elementorum euclidis megarensis | sex priores libros geometricorum elementorum euclidis megarensis | demonstrationes | recèns auctæ | emendatæ | interpretatione latina | interpretatione latina bartholomæi zamberti veneti | bartholomæi zamberti veneti | euclidis megarensis | græco | græco | latina | latina | euclidis megarensis | ipsius euclidis | euclidis megarensis | euclidis | recens emendat recognita recens auct emendat recognita recens auct emendat aeditio tertia in sex priores libros demonstrationes geometricorum elementorum euclidis demonstrationes recens auct emendat interpretatione latina interpretatione latina bartholomi zamberti veneti bartholomi zamberti veneti grco grco latina latina ge ometricorum elementorum euclidis megarensis sex priores libros geometricorum elementorum euclidis megarensis euclidis megarensis ipsius euclidis euclidis megarensis euclidis euclidis megarensis | recens emendat recognita recens auct emendat recognita recens auct emendat aeditio tertia in sex priores libros demonstrationes geometricorum elementorum euclidis demonstrationes recens auct emendat interpretatione latina interpretatione latina bartholomi zamberti veneti bartholomi zamberti veneti regii mathemati carvm lvtetiae regii mathematicarum luteti grco grco latina latina ge ometricorum elementorum euclidis megarensis sex priores libros geometricorum elementorum euclidis megarensis euclidis megarensis ipsius euclidis euclidis megarensis euclidis euclidis megarensis veneti bartholomi zamberti veneti bartholomaei zam berti | In sex priores libros | demonstrationes | Geometricorum elementorum Euclidis | Ge-ometricorum elementorum Euclidis Megarensis | In sex priores libros Geometricorum elementorum Euclidis Megarensis | demonstrationes | recèns auctæ | emendatæ | interpretatione Latina | Recèns auctæ, & emendatæ | Aeditio tertia | interpretatione latina Bartholomæi Zamberti Veneti | False | False | False",True,False,False,False,False,False,False,False,False,False,False,False,False,False,False,False,False
ustc-47,"Introduction en l'art analytic, ou Nouvelle algèbre de François Viète. Oeuvre dans lequel sont veus les plus miraculeux effects des sciences mathématiques, pour l'invention et solution tant des problèmes que théorèmes proposez en icelles. Traduit en nostr",1630,1600-1649,Paris,FRENCH,Geometry/Theory,False,unknown_books,not_euclid_elements,,,5,propositions;theorems;problems;scholia_commentary;examples,"Introduction en l'art analytic, ou Nouvelle algèbre de François Viète. Oeuvre dans lequel sont veus les plus miraculeux effects des sciences mathématiques, pour l'invention et solution tant des problèmes que théorèmes proposez en icelles. Traduit en nostr | tradvit | commenté | illustré | novvelle algebre de françois viete | veus les plus miraculeux effectz des sciences mathematiques, pour l’inuention & solu- tion, tant des problemes, que theoremes, proposez en icelles | mathematicien | françois viete | commenté & illustré d'exemples | en nostre langve | tradvit commente illustre veus les plus miraculeux effectz des sciences mathematiques pour linuention solu tion tant des problemes que theoremes proposez en icelles commente illustre d exemples en nostre langve francois viete | tradvit commente illustre veus les plus miraculeux effectz des sciences mathematiques pour linuention solu tion tant des problemes que theoremes proposez en icelles commente illustre d exemples francois viete en nostre langve mathematicien i l sieur de vav lezard | veus les plus miraculeux effectz des sciences Mathematiques, pour l’inuention & solu- tion, tant des Problemes, que Theoremes, proposez en icelles | NOVVELLE ALGEBRE DE FRANÇOIS VIETE | commenté & illustré d'exemples | False | False | False",False,True,True,True,False,True,False,False,False,False,False,False,False,True,False,False,False
bib-251,"De fixis stellis commentarius tabulae bergenses aequabilis et adparentis motus orbium coelestium. Ad illustrissimum principem D. Robertum de bergis, leodii episcopum per Joannem stadium, regium et ducis sabaudiae mathematicum. Quae decem canonibus ad omnium seculorum memoriam planetarum et siderum vera loca cum observationum historiis congruentia suppeditant. Item de fixis stellis commentarius",1560,1550-1599,Cologne,LATIN,Cosmos/Earth,False,unknown_books,not_euclid_elements,,,4,figures_diagrams;scholia_commentary;notes_observations;principles,"De fixis stellis commentarius tabulae bergenses aequabilis et adparentis motus orbium coelestium. Ad illustrissimum principem D. Robertum de bergis, leodii episcopum per Joannem stadium, regium et ducis sabaudiae mathematicum. Quae decem canonibus ad omnium seculorum memoriam planetarum et siderum vera loca cum observationum historiis congruentia suppeditant. Item de fixis stellis commentarius | regivm et dv- cis sabavdiae mathematicvm | de fixis stellis commentarius | de fixis stellis commentarius | de fixis stellis commentarius de fixis stellis commentarius | de fixis stellis commentarius de fixis stellis commentarius regivm et dv cis sabavdiae mathematicvm ioannem stadivm | de fixis stellis Commentarius | False | False | False",False,False,False,False,True,True,True,False,False,False,False,False,False,False,False,True,False
bib-85,,1685,1650-1699,Bologna,ITALIAN,Arithmetic/Commerce | Instruments/Measurement,False,unknown_books,not_euclid_elements,,,4,demonstrations_proofs;problems;notes_observations;operations_constructions,"accresciuta | dando | apportando | geometri | agrimensori | architetti ciuili | militari | pittori | scultori | tutti quelli, che vsano del disegno | bombardieri | sergenti di battaglia | mercanti | altri | fabrica et uso del compasso di proportione | dove insegna à gli artefici il modo di fare in esso le necessarie diuisioni, e con varij problemi vsuali mostra l’vtilità di questo stromento | accresciuta notabilmente in questa seconda editione dal medesimo autore | della compagnia di giesu | dando le ragioni, & apportando le dimostrazioni di tutte le operationi nella fabrica, e nell’vso | accresciuta notabilmente | accresciuta dando apportando accresciuta notabilmente in questa seconda editione dal medesimo autore dove insegna a gli artefici il modo di fare in esso le necessarie diuisioni e con varij problemi vsuali mostra lvtilita di questo stromento dando le ragioni apportando le dimostrazioni di tutte le operationi nella fabrica e nellvso accresciuta notabilmente | accresciuta dando apportando accresciuta notabilmente in questa seconda editione dal medesimo autore dove insegna a gli artefici il modo di fare in esso le necessarie diuisioni e con varij problemi vsuali mostra lvtilita di questo stromento dando le ragioni apportando le dimostrazioni di tutte le operationi nella fabrica e nellvso accresciuta notabilmente geometri agrimensori architetti ciuili militari pittori scultori tutti quelli che vsano del disegno bombardieri sergenti di battaglia mercanti altri della compagnia di giesu della compagnia di giesu paolo casati | Dove insegna à gli ARTEFICI il modo di fare in esso le necessarie diuisioni,  E con varij Problemi vsuali mostra l’vtilità di questo Stromento | FABRICA ET USO Del Compasso di Proportione | Dando le ragioni, & apportando le dimostrazioni di tutte le operationi nella Fabrica, e nell’Vso | Accresciuta notabilmente | Accresciuta notabilmente in questa Seconda Editione dal medesimo Autore | False | False | False",True,False,False,True,False,False,True,False,False,False,False,False,False,False,True,False,False
bib-276,"Procli Diadochi Lycii philosophi platonici ac mathematici probatissimi In primum Euclidis Elementorum librum commentariorum ad vniuersam mathematicam disciplinam principium eruditionis tradentium libri IIII. A Francisco Barocio patritio Veneto summa opera, cura, ac diligentia cunctis mendis expurgati: scholiis, & figuris, quae in graeco codice omnes desiderabantnr [!] aucti: primùm iam Romanae linguae venustate donati, et nunc recèns editi. Cum catalogo deorum, & virorum illustrium, atque autorum ... & indice locupleti notabilium omnium in opere contentorum",1560,1550-1599,Padua,LATIN,Geometry/Theory,False,unknown_books,euclid_composite_workshop,,,3,scholia_commentary;notes_observations;principles,"Procli Diadochi Lycii philosophi platonici ac mathematici probatissimi In primum Euclidis Elementorum librum commentariorum ad vniuersam mathematicam disciplinam principium eruditionis tradentium libri IIII. A Francisco Barocio patritio Veneto summa opera, cura, ac diligentia cunctis mendis expurgati: scholiis, & figuris, quae in graeco codice omnes desiderabantnr [!] aucti: primùm iam Romanae linguae venustate donati, et nunc recèns editi. Cum catalogo deorum, & virorum illustrium, atque autorum ... & indice locupleti notabilium omnium in opere contentorum | expurgati | aucti | donati | editi | primum euclidis elementorum librum | commentariorum ad universam mathematicam disciplinam principium eruditionis tradentium | summa opera, cura, ac diligentia cunctis mendis expurgati: scholiis, & figuris, quæ in græco codice omnes desiderabantur, aucti: primùm iam in romanâ linguae venustate donati, & nunc recens editi | procli diadochi lycii | primum euclidis elementorum librum | scholiis, & figuris | catalogo deorum, & virorum illustrium, atque auctorum | catalogo deorum | græco codice | romanâ linguae | euclidis | expurgati aucti donati editi summa opera cura ac diligentia cunctis mendis expurgati scholiis figuris qu in grco codice omnes desiderabantur aucti primum iam in romana linguae venustate donati nunc recens editi commentariorum ad universam mathematicam disciplinam principium eruditionis tradentium scholiis figuris catalogo deorum virorum illustrium atque auctorum catalogo deorum grco codice romana linguae procli diadochi lycii primum euclidis elementorum librum euclidis | expurgati aucti donati editi summa opera cura ac diligentia cunctis mendis expurgati scholiis figuris qu in grco codice omnes desiderabantur aucti primum iam in romana linguae venustate donati nunc recens editi commentariorum ad universam mathematicam disciplinam principium eruditionis tradentium scholiis figuris catalogo deorum virorum illustrium atque auctorum catalogo deorum procli diadochi lycii grco codice romana linguae primum euclidis elementorum librum euclidis francisco barocio patritio veneto | COMMENTARIORUM AD UNIVERSAM MATHEMATICAM DISCIPLINAM PRINCIPIUM ERUDITIONIS TRADENTIUM | PRIMUM EUCLIDIS Elementorum librum | Scholiis, & Figuris | summa opera, cura, ac diligentia cunctis mendis expurgati: Scholiis, & Figuris, quæ in græco codice omnes desiderabantur, aucti: Primùm iam in Romanâ linguae venustate donati, & nunc recens editi | Catalogo Deorum, & Virorum Illustrium, atque Auctorum | False | False | False",False,False,False,False,False,True,True,False,False,False,False,False,False,False,False,True,False
35H84Y,"Apiaria uninversae philosophiae mathematicae, in quibus paradoxa, et nova pleraque machinamenta ad usus eximios traducta, & facillimis demonstrationibus confirmata […] Tomus primus (1)",1642,1600-1649,Bologna,LATIN,Applied Mechanics/Military,False,unknown_books,euclid_utility_public,,,3,demonstrations_proofs;figures_diagrams;paradoxes,"Apiaria uninversae philosophiae mathematicae, in quibus paradoxa, et nova pleraque machinamenta ad usus eximios traducta, & facillimis demonstrationibus confirmata […] Tomus primus (1) | traducta | confirmata | refertum | ornatum | distributum | accessit | dicata | applicatvs | conditus | philosophis mathematicis, sed & physicis, anatomicis, militaribus viris, machinariæ, musicæ, poeticæ, agrariæ, architecturæ, mercaturæ professoribus | evclides applicatvs | e soc. iesv, olim in publico parmensi gymnasio philosophiæ mathematicæ, & philosophiæ moralis lectore | evclides applicatvs | noua pleraque machinamenta ad vsus eximios traducta | facillimis demonstrationibus confirmata | curiosissimis inuentis refertum | figurarum æreis formis cusarum numerosa | speciosa varietate ornatum | gemino copiosissimo indice | evclides applicatvs | evclides applicatvs | evclides | euclideorum | traducta confirmata refertum ornatum distributum accessit dicata applicatvs conditus noua pleraque machinamenta ad vsus eximios traducta facillimis demonstrationibus confirmata curiosissimis inuentis refertum figurarum reis formis cusarum numerosa speciosa varietate ornatum gemino copiosissimo indice evclides applicatvs evclides applicatvs evclides applicatvs evclides euclideorum | traducta confirmata refertum ornatum distributum accessit dicata applicatvs conditus noua pleraque machinamenta ad vsus eximios traducta facillimis demonstrationibus confirmata curiosissimis inuentis refertum figurarum reis formis cusarum numerosa speciosa varietate ornatum gemino copiosissimo indice evclides applicatvs evclides applicatvs philosophis mathematicis sed physicis anatomicis militaribus viris machinari music poetic agrari architectur mercatur professoribus coll tridentino soc iesu parmensi gymnasio philosophi mathematic parmensi gymnasio evclides applicatvs evclides euclideorum e soc iesv olim in publico parmensi gymnasio philosophi mathematic philosophi moralis lectore mario bettino bononiensi | EVCLIDES APPLICATVS | noua pleraque Machinamenta ad vsus eximios traducta | facillimis demonstrationibus confirmata | curiosissimis inuentis refertum | figurarum æreis formis cusarum numerosa | speciosa varietate ornatum | gemino copiosissimo Indice | EVCLIDES APPLICATVS | False | False | False",True,False,False,False,True,False,False,False,False,False,False,False,False,False,False,False,True
BFI81M,"Della architettura libri due ne' quali con nuova simmetria, & facoltà si mostrano le giuste regole dei cinque ordini di detta architettura, & osservationi de' piu eccellenti architetti",1629,1600-1649,Padua,ITALIAN,Visual/Spatial Arts,False,unknown_books,not_euclid_elements,,,3,scholia_commentary;notes_observations;principles,"Della architettura libri due ne' quali con nuova simmetria, & facoltà si mostrano le giuste regole dei cinque ordini di detta architettura, & osservationi de' piu eccellenti architetti | padovano pittore, et architetto | con alcvne diffinitioni de' principii geometrici, meteorologici, e mathematici, & regole nella prospettiua, & della simmetria humana | con le annotationi, & tauole delle cose notabili | con alcvne diffinitioni de principii geometrici meteorologici e mathematici regole nella prospettiua della simmetria humana con le annotationi tauole delle cose notabili | con alcvne diffinitioni de principii geometrici meteorologici e mathematici regole nella prospettiua della simmetria humana con le annotationi tauole delle cose notabili padovano pittore et architetto gioseffe viola zanini | CON ALCVNE DIFFINITIONI DE' PRINCIPII GEOMETRICI, Meteorologici, e Mathematici, & regole nella prospettiua, & della simmetria humana | Con le Annotationi, & Tauole delle cose notabili | False | False | False",False,False,False,False,False,True,True,False,False,False,False,False,False,False,False,True,False
OGXS5A,"Mirifici logarithmorum canonis constructio, et eorum ad naturales ipsorum numeros habitudines; una cum appendice, de alia eaque praestantiore logarithmorum specie condenda. Quibus accessere propositiones ad triangula sphaerica faciliore calculo resolvenda",1620,1600-1649,Lyon,LATIN,Geometry/Theory,False,unknown_books,not_euclid_elements,,,3,propositions;scholia_commentary;operations_constructions,"Mirifici logarithmorum canonis constructio, et eorum ad naturales ipsorum numeros habitudines; una cum appendice, de alia eaque praestantiore logarithmorum specie condenda. Quibus accessere propositiones ad triangula sphaerica faciliore calculo resolvenda | mirifici | condenda | memoratam | accedere | resoluenda | logarithmorvm canonis con-strvctio | et eorvm ad natvrales ipsorum numeros habitudines | barone merchistonii, &c. scoto | doctissimi d. henrici briggii | vna cvm appendice, de alia eáque præstantiore logarithmorum specie condenda | vna cum annotationibus aliquot doctissimi d. henrici briggii in eas, & memoratam appendicem | quibus accedere propositiones ad triangula sphæ- rica faciliore calculo resoluenda | mirifici condenda memoratam accedere resoluenda et eorvm ad natvrales ipsorum numeros habitudines vna cvm appendice de alia eaque prstantiore logarithmorum specie condenda vna cum annotationibus aliquot doctissimi d henrici briggii in eas memoratam appendicem quibus accedere propositiones ad triangula sph rica faciliore calculo resoluenda doctissimi d henrici briggii | mirifici condenda memoratam accedere resoluenda et eorvm ad natvrales ipsorum numeros habitudines vna cvm appendice de alia eaque prstantiore logarithmorum specie condenda vna cum annotationibus aliquot doctissimi d henrici briggii in eas memoratam appendicem quibus accedere propositiones ad triangula sph rica faciliore calculo resoluenda doctissimi d henrici briggii barone merchistonii c scoto ioanne nepero | ET EORVM AD NATVRALES ipsorum numeros habitudines | LOGARITHMORVM CANONIS CON-STRVCTIO | VNA CVM APPENDICE, DE ALIA eáque præstantiore Logarithmorum specie condenda | Vna cum Annotationibus aliquot doctissimi D. HENRICI BRIGGII in eas, & memoratam appendicem | Quibus accedere Propositiones ad triangula sphæ- rica faciliore calculo resoluenda | False | False | False",False,True,False,False,False,True,False,False,False,False,False,False,False,False,True,False,False
Paris_1626,,1626,1600-1649,Paris,FRENCH,Geometry/Theory | Applied Mechanics/Military,False,unknown_books,euclid_procedural_pedagogical,,,3,theorems;definitions;paradoxes,"vtiles à ceux qui se veulent seruir proprement des mathematiques, & de la philosophie | ensemble les definitions, theoremes & maximes | d’euclides, d’archimedes, de proclus, de sacrobosco, & d’aristote | d’euclides | paradoxes de meynier, contre les mathematiciens qui abusent la ieunesse | vn abrege' des reigles de la geometrie, & des prin- cipalles maximes & reigles des arts, de fortifier & assaillir les places | paradoxes de meynier, contre les mathematiciens | abrege' des reigles de la geometrie | d’euclides | deuclides darchimedes de proclus de sacrobosco daristote paradoxes de meynier contre les mathematiciens qui abusent la ieunesse vn abrege des reigles de la geometrie des prin cipalles maximes reigles des arts de fortifier assaillir les places paradoxes de meynier contre les mathematiciens abrege des reigles de la geometrie deuclides deuclides | deuclides darchimedes de proclus de sacrobosco daristote paradoxes de meynier contre les mathematiciens qui abusent la ieunesse vn abrege des reigles de la geometrie des prin cipalles maximes reigles des arts de fortifier assaillir les places paradoxes de meynier contre les mathematiciens abrege des reigles de la geometrie vtiles a ceux qui se veulent seruir proprement des mathematiques de la philosophie deuclides deuclides | d’Euclides, d’Archimedes, de Proclus, de Sacrobosco, & d’Aristote | Ensemble les Definitions, Theoremes & Maximes | PARADOXES DE MEYNIER, CONTRE LES MATHEMATICIENS qui abusent la Ieunesse | VN ABREGE' DES Reigles de la Geometrie, & des prin- cipalles Maximes & reigles des Arts, de fortifier & assaillir les places | False | False | False",False,False,True,False,False,False,False,False,True,False,False,False,False,False,False,False,True
ustc-19,"L'algèbre, Effections géométriques, et partie de l'Exégétique nombreuse. Traduites de latin en françois, où est adjouté des notes et commentaires, et quantité de problèmes zététiques",1644,1600-1649,Paris,FRENCH,Geometry/Theory,False,unknown_books,not_euclid_elements,,,3,problems;scholia_commentary;notes_observations,"L'algèbre, Effections géométriques, et partie de l'Exégétique nombreuse. Traduites de latin en françois, où est adjouté des notes et commentaires, et quantité de problèmes zététiques | eſt adjouté | traduites | cosmographe ordinaire du roy | f. viete | des notes commentaires | quantité de problemes ze- teticques | de latin | en françois | est adjoute traduites des notes commentaires quantite de problemes ze teticques de latin en francois f viete | est adjoute traduites des notes commentaires quantite de problemes ze teticques f viete de latin en francois cosmographe ordinaire du roy n dvrret | des notes Commentaires | quantité de Problemes Ze- teticques | False | False | False",False,False,False,True,False,True,True,False,False,False,False,False,False,False,False,False,False
London_1695,"Geometry epitomiz'd: being a compendious collection of the most useful propositions in the first, third, fourth, fifth and sixth books of Euclid. Together with their uses, in several practical parts of the mathematicks. Also, Euclid's second book and doctrine of proportion alegebraically demonstrated. With some of the most useful problems required in practise. By William Alingham.",1695,1650-1699,London,ENGLISH,Geometry/Theory,False,unknown_books,euclid_method_access,,,3,demonstrations_proofs;propositions;problems,"Geometry epitomiz'd: being a compendious collection of the most useful propositions in the first, third, fourth, fifth and sixth books of Euclid. Together with their uses, in several practical parts of the mathematicks. Also, Euclid's second book and doctrine of proportion alegebraically demonstrated. With some of the most useful problems required in practise. By William Alingham. | epitomiz’d | being | demonſtrated | firſt, third, fourth, fifth and sixth books of euclid | a compendious collection of the moſt uſeful propoſitions in the firſt, third, fourth, fifth and sixth books of euclid | firſt, third, fourth, fifth and sixth books of euclid | together with their uſes, in ſeveral practical parts of the mathematicks | with ſome of the moſt uſeful problems re­quired in practice | euclid’s ſecond book and doctrine of pro­ portion | euclid’s ſecond book | euclid | euclid’s ſecond book | epitomizd being demonstrated a compendious collection of the most useful propositions in the first third fourth fifth and sixth books of euclid together with their uses in several practical parts of the mathematicks with some of the most useful problems required in practice euclids second book and doctrine of pro portion euclids second book first third fourth fifth and sixth books of euclid euclid euclids second book | epitomizd being demonstrated a compendious collection of the most useful propositions in the first third fourth fifth and sixth books of euclid together with their uses in several practical parts of the mathematicks with some of the most useful problems required in practice euclids second book and doctrine of pro portion euclids second book first third fourth fifth and sixth books of euclid euclid euclids second book william alingham | A Compendious Collection of the moſt uſeful Propoſitions in the Firſt, Third, Fourth, Fifth and Sixth Books of EUCLID | Firſt, Third, Fourth, Fifth and Sixth Books of EUCLID | Together With their Uſes, in ſeveral practical Parts of the Mathematicks | With ſome of the moſt uſeful Problems re­quired in Practice | Euclid’s ſecond Book and Doctrine of Pro­ portion | False | False | False",True,True,False,True,False,False,False,False,False,False,False,False,False,False,False,False,False
MorisS-12-1,"Solutio duorum problematum circa numeros cubos & quadratos, quae tanquam insolubilia universis Europae mathematicis",1657,1650-1699,Paris,LATIN,Geometry/Theory,False,unknown_books,not_euclid_elements,,,3,propositions;problems;operations_constructions,"Solutio duorum problematum circa numeros cubos & quadratos, quae tanquam insolubilia universis Europae mathematicis | inventa | transmissa | proposita | accessit | d. fermat | d. cl. m. laurenderium | d. francisco à schooten | alia duo problemata numerica a d. cl. m. laurenderio vicissim proposita, cum quibusdam solutionibus ab eodem d. b. f. d. b. datis | inquisitio in solutionem prioris problematis a d. francisco à schooten in academia lugduno batava matheseos professore datam | sex aliae solutiones prioris problematis terminis analyticis ab eodem d. b. f. sub forma problematis datae | solutio alterius problematis ab eodem cl. viro d. fermat circa numeros unitate à quadrato deficientes proposita, cum ipsius solutionis constructione | inventa transmissa proposita accessit alia duo problemata numerica a d cl m laurenderio vicissim proposita cum quibusdam solutionibus ab eodem d b f d b datis inquisitio in solutionem prioris problematis a d francisco a schooten in academia lugduno batava matheseos professore datam sex aliae solutiones prioris problematis terminis analyticis ab eodem d b f sub forma problematis datae solutio alterius problematis ab eodem cl viro d fermat circa numeros unitate a quadrato deficientes proposita cum ipsius solutionis constructione d fermat d cl m laurenderium d francisco a schooten | inventa transmissa proposita accessit alia duo problemata numerica a d cl m laurenderio vicissim proposita cum quibusdam solutionibus ab eodem d b f d b datis inquisitio in solutionem prioris problematis a d francisco a schooten in academia lugduno batava matheseos professore datam sex aliae solutiones prioris problematis terminis analyticis ab eodem d b f sub forma problematis datae solutio alterius problematis ab eodem cl viro d fermat circa numeros unitate a quadrato deficientes proposita cum ipsius solutionis constructione academia lugduno batava d fermat d cl m laurenderium d francisco a schooten d b f d b | Alia duo Problemata numerica a D. Cl. M. Laurenderio Vicissim proposita, cum quibusdam solutionibus ab eodem D. B. F. D. B. datis | Inquisitio in solutionem prioris Problematis a D. Francisco à Schooten in Academia Lugduno Batava Matheseos Professore datam | Sex aliae solutiones prioris Problematis terminis Analyticis ab eodem D. B. F. sub forma Problematis datae | Solutio alterius Problematis ab eodem Cl. viro D. Fermat circa numeros unitate à quadrato deficientes proposita, cum ipsius solutionis constructione | False | False | False",False,True,False,True,False,False,False,False,False,False,False,False,False,False,True,False,False
Turin_1671,,1671,1650-1699,Turin,LATIN,Geometry/Theory,False,unknown_books,euclid_procedural_pedagogical,,,3,demonstrations_proofs;propositions;notes_observations,"adavctvs | evclides adavctvs et methodicvs mathematicae universalis | quae ne dum propositionum dependentiam, sed & rerum ordinem observat. et complectitur ea omnia, quae de quantitate tum discreta, tum continua abstracta speculari queunt. rescissis superfluis demonstrationibus, & requisitis omnibus profusè coadunatis | adavctvs et methodicvs | mvtinensi c. r. théatino | philosofo, theologo & eiusdem r. c. mathematico | evclides | singuli quoque tractatus novis propositionibus aucti sunt | aliqui etiam ex integro adornati | omnesque tum figuris, tum verbis clare, dulciloquèque propositi | evclides | adavctvs adavctvs et methodicvs quae ne dum propositionum dependentiam sed rerum ordinem observat et complectitur ea omnia quae de quantitate tum discreta tum continua abstracta speculari queunt rescissis superfluis demonstrationibus requisitis omnibus profuse coadunatis singuli quoque tractatus novis propositionibus aucti sunt aliqui etiam ex integro adornati omnesque tum figuris tum verbis clare dulciloqueque propositi evclides evclides | adavctvs adavctvs et methodicvs quae ne dum propositionum dependentiam sed rerum ordinem observat et complectitur ea omnia quae de quantitate tum discreta tum continua abstracta speculari queunt rescissis superfluis demonstrationibus requisitis omnibus profuse coadunatis singuli quoque tractatus novis propositionibus aucti sunt aliqui etiam ex integro adornati omnesque tum figuris tum verbis clare dulciloqueque propositi evclides evclides mvtinensi c r theatino philosofo theologo eiusdem r c mathematico d gvarino gvarino | Quae ne dum propositionum dependentiam, sed & rerum ordinem observat. Et complectitur ea omnia, quae de quantitate tum discreta, tum continua abstracta speculari queunt. Rescissis superfluis demonstrationibus, & requisitis omnibus profusè coadunatis | EVCLIDES ADAVCTVS ET METHODICVS MATHEMATICAE UNIVERSALIS | Singuli quoque Tractatus novis propositionibus aucti sunt | aliqui etiam ex integro adornati | Omnesque tum figuris, tum verbis clare, dulciloquèque propositi | ADAVCTVS ET METHODICVS | False | False | False",True,True,False,False,False,False,True,False,False,False,False,False,False,False,False,False,False
bib-133,"Practical geometry, in two parts: the first, shewing how to perform the four species of arithmetick, (viz. addition, substraction [sic], multiplication, and division,) together with reduction, and the rule of proportion in figures. The second, containing",1650,1650-1699,London,ENGLISH,Geometry/Theory | Arithmetic/Commerce | Instruments/Measurement,False,unknown_books,not_euclid_elements,,,3,demonstrations_proofs;figures_diagrams;principles,"Practical geometry, in two parts: the first, shewing how to perform the four species of arithmetick, (viz. addition, substraction [sic], multiplication, and division,) together with reduction, and the rule of proportion in figures. The second, containing | a worke very necessary for all men, but principally for surveyors of land, engineers, and all other students in the mathematicks | practical geometry | in two parts: the first, shewing how to perform the four species of arithmetick, (viz. addition, substraction, multiplication, and division,) together with reduction, and the rule of proportion in figures. the second, containing a hundred geometricall questions, with their solutions and demonstrations, some of them being performed arithmetically, and others geometri- cally, yet all without the help of algebra. a worke very necessary for all men, but principally for surveyors of land, engineers, and all other students in the mathematicks | chief engineer to his late majesty | in two parts the first shewing how to perform the four species of arithmetick viz addition substraction multiplication and division together with reduction and the rule of proportion in figures the second containing a hundred geometricall questions with their solutions and demonstrations some of them being performed arithmetically and others geometri cally yet all without the help of algebra a worke very necessary for all men but principally for surveyors of land engineers and all other students in the mathematicks | in two parts the first shewing how to perform the four species of arithmetick viz addition substraction multiplication and division together with reduction and the rule of proportion in figures the second containing a hundred geometricall questions with their solutions and demonstrations some of them being performed arithmetically and others geometri cally yet all without the help of algebra a worke very necessary for all men but principally for surveyors of land engineers and all other students in the mathematicks a worke very necessary for all men but principally for surveyors of land engineers and all other students in the mathematicks chief engineer to his late majesty captain thomas rudd | In Two Parts:  The First, Shewing how to perform the four Species of ARITHMETICK, (viz. Addition, Substraction, Multiplication, and Division,) Together with Reduction, and the Rule of Proportion in FIGURES.  The Second, Containing A Hundred GEOMETRICALL QUESTIONS, With their Solutions and Demonstrations, some of them being performed Arithmetically, and others Geometri- cally, yet all without the help of Algebra.  A Worke very necessary for all Men, but principally for Surveyors of Land, Engineers, and all other Students in the Mathematicks | PRACTICAL GEOMETRY | False | False | False",True,False,False,False,True,False,False,False,False,False,False,False,False,False,False,True,False
bib-143,,1690,1650-1699,Rome,LATIN,No primary family,False,unknown_books,elements_language_no_euclid,,,3,figures_diagrams;axioms_common_notions;principles,"additis | rerum omnium ad universam planè mathesim quocunque modo, directè, vel indirectè spectantium | tyronum | continens terminum, praesertim exoticorum, dilucidationem, nominis rationem, atque etymologiam, principia, praecepta communia, axiomata, &c. ac brevem, & exactam doctrinae traditionem | additis, ubi opus est, schematibus | additis continens terminum praesertim exoticorum dilucidationem nominis rationem atque etymologiam principia praecepta communia axiomata c ac brevem exactam doctrinae traditionem additis ubi opus est schematibus | additis continens terminum praesertim exoticorum dilucidationem nominis rationem atque etymologiam principia praecepta communia axiomata c ac brevem exactam doctrinae traditionem additis ubi opus est schematibus rerum omnium ad universam plane mathesim quocunque modo directe vel indirecte spectantium tyronum hieronymo vitali | Continens Terminum, praesertim exoticorum, dilucidationem, Nominis rationem, atque Etymologiam, Principia, Praecepta communia, Axiomata, &c. ac brevem, & exactam Doctrinae traditionem | additis, ubi opus est, schematibus | False | False | False",False,False,False,False,True,False,False,False,False,True,False,False,False,False,False,True,False
bib-238,,1716,1700+,Paris,FRENCH,Instruments/Measurement,False,unknown_books,not_euclid_elements,,,3,figures_diagrams;operations_constructions;principles,"revue | corrigée | augmentée | traité de la construction et des principaux usages des instrumens de mathématique | seconde édition, revue, corrigée & augmentée | juge- nier du roy pour les instrumens de mathématique, quay de l’horloge du palais, où l’on trouve tous ces instrumens dans leur perfection | avec les figures nécessaires pour l’intelligence de ce traité | revue corrigee augmentee seconde edition revue corrigee augmentee avec les figures necessaires pour lintelligence de ce traite | revue corrigee augmentee seconde edition revue corrigee augmentee avec les figures necessaires pour lintelligence de ce traite juge nier du roy pour les instrumens de mathematique quay de lhorloge du palais ou lon trouve tous ces instrumens dans leur perfection le sr n bion | TRAITÉ DE LA CONSTRUCTION ET DES PRINCIPAUX USAGES DES INSTRUMENS DE MATHÉMATIQUE | Avec les Figures nécessaires pour l’intelligence de ce Traité | Seconde Édition, revue, corrigée & augmentée | False | False | False",False,False,False,False,True,False,False,False,False,False,False,False,False,False,True,True,False
JXC181,La pratica della perspettiva,1569,1550-1599,Venice,ITALIAN,Visual/Spatial Arts,False,unknown_books,not_euclid_elements,,,2,notes_observations;principles,"La pratica della perspettiva | a pittori, a scultori, & ad architetti | eletto patriarca d'aqvileia | con due tavole, una de' capitoli principali, l'altra delle cose più notabili contenute nella presente opera | con due tavole una de capitoli principali l altra delle cose piu notabili contenute nella presente opera | con due tavole una de capitoli principali l altra delle cose piu notabili contenute nella presente opera a pittori a scultori ad architetti eletto patriarca d aqvileia daniel barbaro | Con due tavole, una de' capitoli principali, l'altra delle cose più notabili contenute nella presente opera | False | False | False",False,False,False,False,False,False,True,False,False,False,False,False,False,False,False,True,False
bib-76,,1598,1550-1599,Venice,LATIN,Cosmos/Earth,False,unknown_books,elements_language_no_euclid,,,2,operations_constructions;principles,"distribvta | recognita | aucta | cosmographia | in quatvor libros distribvta, svmmo ordine, miraq. facilitate, ac brevitate ad magnam ptolemaei mathematicam constructionem, ad universamque astrologiam instituens | nuper in hac secunda editione ab ipso authore | iacobi filio, patritio veneto | ioannis de sacrobosco | aucta | communia mathematica | arithmetica | geometrica principia | index eorum | communia mathematica | arithmetica | geometrica principia | index | distribvta recognita aucta nuper in hac secunda editione ab ipso authore in quatvor libros distribvta svmmo ordine miraq facilitate ac brevitate ad magnam ptolemaei mathematicam constructionem ad universamque astrologiam instituens aucta communia mathematica arithmetica geometrica principia index eorum communia mathematica arithmetica geometrica principia index ioannis de sacrobosco | distribvta recognita aucta nuper in hac secunda editione ab ipso authore in quatvor libros distribvta svmmo ordine miraq facilitate ac brevitate ad magnam ptolemaei mathematicam constructionem ad universamque astrologiam instituens aucta communia mathematica arithmetica geometrica principia index eorum communia mathematica arithmetica geometrica principia index ioannis de sacrobosco iacobi filio patritio veneto francisco barocio | IN QUATVOR LIBROS DISTRIBVTA,  SVMMO ORDINE, MIRAQ. FACILITATE, ac brevitate ad Magnam Ptolemaei Mathematicam Constructionem, ad universamque Astrologiam instituens | COSMOGRAPHIA | aucta | nuper in hac secunda editione ab ipso Authore | Communia Mathematica | Arithmetica | Geometrica principia | Index eorum | False | False | False",False,False,False,False,False,False,False,False,False,False,False,False,False,False,True,True,False
DA54XK,"Abbreviations des plus difficiles Operations de Perspective Pratique. Soulagement tres-grand aux Curieux de cet Art; Principalement aux vrais Peintres, qui operent avec connoissance de raison. Par Nicolas Baytaz, Doyen de Nostre Dame d'Annecy.",1644,1600-1649,Annecy,FRENCH,Visual/Spatial Arts,False,unknown_books,not_euclid_elements,,,2,operations_constructions;principles,"Abbreviations des plus difficiles Operations de Perspective Pratique. Soulagement tres-grand aux Curieux de cet Art; Principalement aux vrais Peintres, qui operent avec connoissance de raison. Par Nicolas Baytaz, Doyen de Nostre Dame d'Annecy. | aux curieux de cet art | principalement aux vrais peintres | doyen de nostre dame d’annecy | aux curieux de cet art principalement aux vrais peintres nostre dame dannecy doyen de nostre dame dannecy nicolas battaz | False | False | False",False,False,False,False,False,False,False,False,False,False,False,False,False,False,True,True,False
MorisS-16-1,,1623,1600-1649,Paris,FRENCH,Geometry/Theory | Arithmetic/Commerce | Visual/Spatial Arts | Applied Mechanics/Military,False,unknown_books,not_euclid_elements,,,2,problems;operations_constructions,"reueuë | corrigée | augmentée | en favevr de la noblesse françoiſe | de l’arithmetique militaire | construction des tables des sinus, tou‑chantes & couppantes ; doctrine des triangles rectilignes ; pratique de diuers problemes geometriques ; dimenſion des lignes droictes, su‑perficies & corps ; pratique du compas de proportions ; & de la conſtruction des fortereſſes, ſeruans d’explication & augmentation | seconde edition, reueuë, corrigée & augmentée en diuers en‑droicts, & meſme d’vn traicté entier, co[n]tenant vne brieue inſtru‑ ction pour conſtruire les fortifications pratiquées aux pays bas | mathematicien | monſieur errard | d’explication & augmentation | vne brieue instruction | de l’arithmetique militaire | conſtruction des tables des sinus, tou- chantes & couppantes | doctrine des triangles rectilignes | pratique de diuers problemes geometriques | dimenſion des lignes droictes, su- perficies & corps | pratique du compas de proportions | de la conſtruction des fortereſſes, ſeruans d’explication & augmentation és deux & troiſieſmes liures des fortifications de monſieur errard | vn traicté entier, co[n]tenant vne brieue inſtru- ction pour conſtruire les fortifications pratiquées aux pays bas | fortifications de monſieur errard | françoiſe | reueue corrigee augmentee seconde edition reueue corrigee augmentee en diuers endroicts mesme dvn traicte entier co n tenant vne brieue instru ction pour construire les fortifications pratiquees aux pays bas construction des tables des sinus touchantes couppantes doctrine des triangles rectilignes pratique de diuers problemes geometriques dimension des lignes droictes superficies corps pratique du compas de proportions de la construction des forteresses seruans dexplication augmentation dexplication augmentation vne brieue instruction de larithmetique militaire construction des tables des sinus tou chantes couppantes doctrine des triangles rectilignes pratique de diuers problemes geometriques dimension des lignes droictes su perficies corps pratique du compas de proportions de la construction des forteresses seruans dexplication augmentation es deux troisiesmes liures des fortifications de monsieur errard vn traicte entier co n tenant vne brieue instru ction pour construire les fortifications pratiquees aux pays bas fortifications de monsieur errard francoise monsieur errard | reueue corrigee augmentee seconde edition reueue corrigee augmentee en diuers endroicts mesme dvn traicte entier co n tenant vne brieue instru ction pour construire les fortifications pratiquees aux pays bas construction des tables des sinus touchantes couppantes doctrine des triangles rectilignes pratique de diuers problemes geometriques dimension des lignes droictes superficies corps pratique du compas de proportions de la construction des forteresses seruans dexplication augmentation dexplication augmentation vne brieue instruction de larithmetique militaire construction des tables des sinus tou chantes couppantes doctrine des triangles rectilignes pratique de diuers problemes geometriques dimension des lignes droictes su perficies corps pratique du compas de proportions de la construction des forteresses seruans dexplication augmentation es deux troisiesmes liures des fortifications de monsieur errard vn traicte entier co n tenant vne brieue instru ction pour construire les fortifications pratiquees aux pays bas fortifications de monsieur errard en favevr de la noblesse francoise monsieur errard francoise mathematicien d henrion | Construction des tables des Sinus, Tou‑chantes & Couppantes ; Doctrine des triangles Rectilignes ; Pratique de diuers Problemes Geometriques ; Dimenſion des lignes droictes, Su‑perficies & Corps ; Pratique du Compas de proportions ; & de la Conſtruction des Fortereſſes, ſeruans d’explication & augmentation | De l’Arithmetique militaire | d’explication & augmentation | vne brieue instruction | SECONDE EDITION, reueuë, corrigée & augmentée en diuers en‑droicts, & meſme d’vn traicté entier, co[n]tenant vne brieue inſtru‑ ction pour conſtruire les fortifications pratiquées aux pays bas | De l’Arithmetique militaire | Conſtruction des tables des Sinus, Tou- chantes & Couppantes | Doctrine des triangles Rectilignes | Pratique de diuers Problemes Geometriques | Dimenſion des lignes droictes, Su- perficies & Corps | Pratique du Compas de proportions | de la Conſtruction des Fortereſſes, ſeruans d’explication & augmentation és deux & troiſieſmes Liures des Fortifications de Monſieur Errard | vn traicté entier, co[n]tenant vne brieue inſtru- ction pour conſtruire les fortifications pratiquées aux pays bas | False | False | False",False,False,False,True,False,False,False,False,False,False,False,False,False,False,True,False,False
XOIASP,"Perspective cilindrique et conique, ou Traicté des apparences veuës par le moyen des miroirs cilindriques & côniques, soient convexes ou concaves; ensemble la construction et position des figures objectées au mesmes miroirs, afin que leurs apparences soie",1630,1600-1649,Paris,FRENCH,Visual/Spatial Arts,False,unknown_books,not_euclid_elements,,,2,figures_diagrams;operations_constructions,"Perspective cilindrique et conique, ou Traicté des apparences veuës par le moyen des miroirs cilindriques & côniques, soient convexes ou concaves; ensemble la construction et position des figures objectées au mesmes miroirs, afin que leurs apparences soie | mathematic | mathematic i l sr de vavlezard | False | False | False",False,False,False,False,True,False,False,False,False,False,False,False,False,False,True,False,False
bib-218,,1634,1600-1649,London,ENGLISH,Arithmetic/Commerce,False,unknown_books,elements_language_no_euclid,,,2,notes_observations;principles,"making | the principles of arithmetick | with helpfull observations, making the entrance easie, and the practice pleasant | with helpfull observations | with new and notable abridgements | with extraordinarie helps | some excellent observations | teaching the five ordinary parts of arithme- tick, the usuall way | rules of practice, with extraordinarie helps | the doctrine of fractions, the foure rules of arithmetick | recreations extraordinary; or the easie perfor- mance of (seeming) impossibilities | the five ordinary parts of arithme- tick | rules of practice | the doctrine of fractions | recreations extraordinary | making with helpfull observations making the entrance easie and the practice pleasant with helpfull observations with new and notable abridgements with extraordinarie helps some excellent observations teaching the five ordinary parts of arithme tick the usuall way rules of practice with extraordinarie helps the doctrine of fractions the foure rules of arithmetick recreations extraordinary or the easie perfor mance of seeming impossibilities the five ordinary parts of arithme tick rules of practice the doctrine of fractions recreations extraordinary | making with helpfull observations making the entrance easie and the practice pleasant with helpfull observations with new and notable abridgements with extraordinarie helps some excellent observations teaching the five ordinary parts of arithme tick the usuall way rules of practice with extraordinarie helps the doctrine of fractions the foure rules of arithmetick recreations extraordinary or the easie perfor mance of seeming impossibilities the five ordinary parts of arithme tick rules of practice the doctrine of fractions recreations extraordinary william webster | WITH Helpfull Observations, making the Entrance easie, and the Practice pleasant | THE PRINCIPLES of Arithmetick | WITH Helpfull Observations | With new and notable Abridgements | with extraordinarie Helps | some excellent Observations | TEACHING The five ordinary parts of ARITHME- TICK, the usuall way | Rules of PRACTICE, with extraordinarie Helps | The doctrine of FRACTIONS, The foure Rules of ARITHMETICK | Recreations extraordinary; or the easie perfor- mance of (seeming) Impossibilities | False | False | False",False,False,False,False,False,False,True,False,False,False,False,False,False,False,False,True,False
ustc-26,Mémoires mathématiques recueillis et dressez en faveur de la noblesse françoise. Premier [-second] volume,1627,1600-1649,Paris,FRENCH,Geometry/Theory | Arithmetic/Commerce | Visual/Spatial Arts | Instruments/Measurement | Applied Mechanics/Military,False,unknown_books,not_euclid_elements,,,2,problems;operations_constructions,"Mémoires mathématiques recueillis et dressez en faveur de la noblesse françoise. Premier [-second] volume | reueuë | corrigée | augmentée | en favevr de la noblesse françoise | memoires mathematiqves | de l’arithmetique militaire ; conſtruction des tables des sinus, chanzes & coupantes ; doctrine des triangles recitilignes ; pratique de diuers problemes geometriques ; dimeſon des lignes droites, perficies & corps ; pratique du compas de proportion ; ȣ de la conſtruction des fortereſses, ſeruant d’application & augmentacion eſ deux & troisſiemes liures des fortifications de monſieur errard | seconde edition, reueuë, corrigée & augmentée en diuers en droicts ; & meſme d'vn traicté entier, contenant vne briefve inconſtr tion pour conſtruire les fortifications pées aux pays bas | mathematicien | reueue corrigee augmentee seconde edition reueue corrigee augmentee en diuers en droicts mesme d vn traicte entier contenant vne briefve inconstr tion pour construire les fortifications pees aux pays bas de larithmetique militaire construction des tables des sinus chanzes coupantes doctrine des triangles recitilignes pratique de diuers problemes geometriques dimeson des lignes droites perficies corps pratique du compas de proportion de la construction des forteresses seruant dapplication augmentacion es deux troissiemes liures des fortifications de monsieur errard | reueue corrigee augmentee seconde edition reueue corrigee augmentee en diuers en droicts mesme d vn traicte entier contenant vne briefve inconstr tion pour construire les fortifications pees aux pays bas de larithmetique militaire construction des tables des sinus chanzes coupantes doctrine des triangles recitilignes pratique de diuers problemes geometriques dimeson des lignes droites perficies corps pratique du compas de proportion de la construction des forteresses seruant dapplication augmentacion es deux troissiemes liures des fortifications de monsieur errard en favevr de la noblesse francoise mathematicien d henrion | De l’Arithmetique militaire ; Conſtruction des tables des Sinus, chanzes & Coupantes ; Doctrine des triangles Recitilignes ; Pratique de diuers problemes Geometriques ; Dimeſon des lignes droites, perficies & Corps ; Pratique du Compas de proportion ; ȣ de la Conſtruction des Fortereſses, ſeruant d’application & augmentacion eſ deux & troisſiemes Liures des Fortifications de Monſieur Errard | MEMOIRES MATHEMATIQVES | SECONDE EDITION, reueuë, corrigée & augmentée en diuers en droicts ; & meſme d'vn traicté entier, contenant vne briefve inconſtr tion pour conſtruire les fortifications pées aux pays bas | False | False | False",False,False,False,True,False,False,False,False,False,False,False,False,False,False,True,False,False
London_1678a,Euclidis Elementa Geometrica Novo Ordine ac Methodo fere demonstrata,1678,1650-1699,London,LATIN,Geometry/Theory,False,unknown_books,euclid_procedural_pedagogical,,,2,demonstrations_proofs;principles,"Euclidis Elementa Geometrica Novo Ordine ac Methodo fere demonstrata | demonstrata | evclidis elementa geometrica | euclidis elementa geometrica | novo ordine ac methodo ferè demonstrata | novo ordine ac methodo fere, demonstrata | introductione brevi, quâ magnitudinum ortus ex genuinis principiis, & ortarum affectiones ex ipsa genesi derivantur | evclidis elementa geometrica | euclidis elementa geometrica | introductione brevi | nicolai mercatoris in geometriam | in geometriam | evclidis | euclidis | demonstrata novo ordine ac methodo fere demonstrata novo ordine ac methodo fere demonstrata introductione brevi qua magnitudinum ortus ex genuinis principiis ortarum affectiones ex ipsa genesi derivantur introductione brevi nicolai mercatoris in geometriam in geometriam evclidis elementa geometrica euclidis elementa geometrica evclidis euclidis | demonstrata novo ordine ac methodo fere demonstrata novo ordine ac methodo fere demonstrata introductione brevi qua magnitudinum ortus ex genuinis principiis ortarum affectiones ex ipsa genesi derivantur introductione brevi nicolai mercatoris in geometriam in geometriam evclidis elementa geometrica euclidis elementa geometrica evclidis euclidis | NOVO ORDINE AC METHODO FERÈ DEMONSTRATA | Novo Ordine ac Methodo FERE, DEMONSTRATA | Introductione brevi, Quâ Magnitudinum Ortus ex genuinis Principiis, & ortarum Affectiones ex ipsa Genesi derivantur | EVCLIDIS ELEMENTA GEOMETRICA | EUCLIDIS ELEMENTA GEOMETRICA | Introductione brevi | NICOLAI MERCATORIS IN GEOMETRIAM | False | False | False",True,False,False,False,False,False,False,False,False,False,False,False,False,False,False,True,False
MorisS-22-6,,1657,1650-1699,Paris,FRENCH,Geometry/Theory,False,unknown_books,not_euclid_elements,,,2,theorems;operations_constructions,"divisée | svivis | contenant | dedie | trigonometrie canoniqve | divisée en trois livres | de villefranche en beaujollois, docteur en medecine, & professeur du roy aux mathematiques à paris | les tables des logarithmes | avsqvels la theorie et pratiqve des triangles plans & spheriques | svivis d’vn qvatrieme livre, contenant les tables des logarithmes pour le calcul; à sçavoir leur construction, & leur usage tres-ample & facile | avsqvels la theorie et pratiqve | svivis d’vn qvatrieme livre | divisee svivis contenant dedie divisee en trois livres les tables des logarithmes avsqvels la theorie et pratiqve des triangles plans spheriques svivis dvn qvatrieme livre contenant les tables des logarithmes pour le calcul a scavoir leur construction leur usage tres ample facile avsqvels la theorie et pratiqve svivis dvn qvatrieme livre | divisee svivis contenant dedie divisee en trois livres les tables des logarithmes avsqvels la theorie et pratiqve des triangles plans spheriques svivis dvn qvatrieme livre contenant les tables des logarithmes pour le calcul a scavoir leur construction leur usage tres ample facile avsqvels la theorie et pratiqve svivis dvn qvatrieme livre des mines de france de villefranche en beaujollois docteur en medecine professeur du roy aux mathematiques a paris iean baptiste morin | Divisée en trois Livres | TRIGONOMETRIE CANONIQVE | les Tables des logarithmes | AVSQVELS LA THEORIE ET PRATIQVE des Triangles plans & spheriques | SVIVIS D’VN QVATRIEME LIVRE, contenant les Tables des logarithmes pour le calcul; à sçavoir leur construction, & leur usage tres-ample & facile | False | False | False",False,False,True,False,False,False,False,False,False,False,False,False,False,False,True,False,False
bib-115,"Cursus mathematicus. Mathematical sciences, in nine books. Comprehending arithmetick, vulgar, decimal, instrumental, algebraical. Geometry, plain, solid. Cosmography, cœlestial, terrestrial. Astronomy, theorical, practical. Navigation, plain, spherical. Trigonometry, rectilinear, circular. With the description, construction, and use of geometrical and nautical instruments: and the doctrine of triangles applied to practice in mensurations of all kinds: as in",1690,1650-1699,London,ENGLISH,Geometry/Theory | Arithmetic/Commerce | Instruments/Measurement | Cosmos/Earth,False,unknown_books,not_euclid_elements,,,2,theorems;operations_constructions,"Cursus mathematicus. Mathematical sciences, in nine books. Comprehending arithmetick, vulgar, decimal, instrumental, algebraical. Geometry, plain, solid. Cosmography, cœlestial, terrestrial. Astronomy, theorical, practical. Navigation, plain, spherical. Trigonometry, rectilinear, circular. With the description, construction, and use of geometrical and nautical instruments: and the doctrine of triangles applied to practice in mensurations of all kinds: as in | by such as would attain to a competent proficiency in them by their own industry | philomath | by such as would attain to a competent proficiency in them by their own industry philomath william leybourn | False | False | False",False,False,True,False,False,False,False,False,False,False,False,False,False,False,True,False,False
bib-9,,1544,pre-1550,Strasbourg,LATIN,Geometry/Theory,False,unknown_books,euclid_procedural_pedagogical,,,2,demonstrations_proofs;corollaries,"emissus | liber de geometria practica | sive de practicis longitudinum, planorum & so- lidorum: hoc est, linearum, superficio- rum, & corporum mensonibus; aliisqꝫ mechanicis, ex demonstratis evclidis elementis corollarius | nunc primvm apvd germa- nos in lucem emissus | lutetiae liberalivm disciplinarum professoris regij | evclidis elementis | ex demonstratis evclidis elementis corollarius | evclidis | emissus nunc primvm apvd germa nos in lucem emissus sive de practicis longitudinum planorum so lidorum hoc est linearum superficio rum corporum mensonibus aliisq mechanicis ex demonstratis evclidis elementis corollarius ex demonstratis evclidis elementis corollarius evclidis elementis evclidis | emissus nunc primvm apvd germa nos in lucem emissus sive de practicis longitudinum planorum so lidorum hoc est linearum superficio rum corporum mensonibus aliisq mechanicis ex demonstratis evclidis elementis corollarius ex demonstratis evclidis elementis corollarius evclidis elementis evclidis lutetiae liberalivm disciplinarum professoris regij orontii finei delphina tis | SIVE DE practicis longitudinum, planorum & so- lidorum: hoc est, linearum, superficio- rum, & corporum mensonibus; aliisqꝫ mechanicis, ex demonstratis EVCLIDIS elementis corollarius | LIBER DE GEOMETRIA PRACTICA | ex demonstratis EVCLIDIS elementis corollarius | NUNC PRIMVM APVD GERMA- nos in lucem emissus | False | False | False",True,False,False,False,False,False,False,True,False,False,False,False,False,False,False,False,False
bib-156,,1581,1550-1599,Venice,ITALIAN,Instruments/Measurement | Applied Mechanics/Military,False,unknown_books,not_euclid_elements,,,1,principles,"tradotte | chi si diletta di questa nobilissima scienza | capitani di guerra | ingegneri | architetti | artefice | la vera dottrina di tutti gli instrumenti principali da mouer pesi grandissimi con picciola forza | sig | i vocaboli, & luoghi più difficili | in volgare | tradotte la vera dottrina di tutti gli instrumenti principali da mouer pesi grandissimi con picciola forza i vocaboli luoghi piu difficili in volgare | tradotte la vera dottrina di tutti gli instrumenti principali da mouer pesi grandissimi con picciola forza i vocaboli luoghi piu difficili chi si diletta di questa nobilissima scienza capitani di guerra ingegneri architetti artefice in volgare sig filippo pigafetta | la vera Dottrina di tutti gli Instrumenti principali da mouer pesi grandissimi con picciola forza | i vocaboli, & luoghi più difficili | False | False | False",False,False,False,False,False,False,False,False,False,False,False,False,False,False,False,True,False
bib-169,,1552,1550-1599,Paris,FRENCH,Cosmos/Earth,False,unknown_books,elements_language_no_euclid,,,1,principles,"composée | divisée | comprenant | touchant | l’sphere du mon- de | proprement ditte cos- mographie, composée nouvellement en françois, & divisée en cinq livres, comprenant la première partie de l’astronomie, & les principes universels de la géographie & hydrographie | natif du daulphiné | lecteur mathematicien du tres-chrestien roy de france en l’université de paris | avec une épistre, touchant la dignité, perfection & utilité des sciences mathematiques | en françois | composee divisee comprenant touchant proprement ditte cos mographie composee nouvellement en francois divisee en cinq livres comprenant la premiere partie de lastronomie les principes universels de la geographie hydrographie avec une epistre touchant la dignite perfection utilite des sciences mathematiques en francois | composee divisee comprenant touchant proprement ditte cos mographie composee nouvellement en francois divisee en cinq livres comprenant la premiere partie de lastronomie les principes universels de la geographie hydrographie avec une epistre touchant la dignite perfection utilite des sciences mathematiques luniversite de paris en francois natif du daulphine lecteur mathematicien du tres chrestien roy de france en luniversite de paris oronce fine | PROPREMENT DITTE COS- mographie, composée nouvellement en françois, & divisée en cinq livres, comprenant la première partie de l’astronomie, & les principes universels de la géographie & hydrographie | L’SPHERE DU MON- DE | Avec une épistre, touchant la dignité, perfection & utilité des sciences mathematiques | False | False | False",False,False,False,False,False,False,False,False,False,False,False,False,False,False,False,True,False
bib-185,"Tafelen van interest, midtsgaders de constructie der selver",1582,1550-1599,Antwerp,DUTCH,Arithmetic/Commerce,False,unknown_books,not_euclid_elements,,,1,operations_constructions,"Tafelen van interest, midtsgaders de constructie der selver | ghecalculeert | bruggelinck | ghecalculeert | ghecalculeert bruggelinck simon stevin | False | False | False",False,False,False,False,False,False,False,False,False,False,False,False,False,False,True,False,False
bib-23,,1556,1550-1599,Venice,ITALIAN,Arithmetic/Commerce,False,unknown_books,not_euclid_elements,,,1,operations_constructions,"general trattato di numeri | et misvre di nicolo tartaglia | nella qvale in vndici libri si notifica la piv elevata, et specvlativa parte della pratica arithmetica, laqual è tutte le regole, & operationi pratticali delle progressioni, radici, proportionj, & quantita irrationali | et misvre di nicolo tartaglia nella qvale in vndici libri si notifica la piv elevata et specvlativa parte della pratica arithmetica laqual e tutte le regole operationi pratticali delle progressioni radici proportionj quantita irrationali | et misvre di nicolo tartaglia nella qvale in vndici libri si notifica la piv elevata et specvlativa parte della pratica arithmetica laqual e tutte le regole operationi pratticali delle progressioni radici proportionj quantita irrationali | ET MISVRE DI NICOLO TARTAGLIA | NELLA QVALE IN VNDICI LIBRI SI NOTIFICA LA PIV ELEVATA, ET SPECVLATIVA PARTE DELLA PRATICA Arithmetica, laqual è tutte le regole, & operationi pratticali delle progressioni, radici, proportionj, & quantita irrationali | GENERAL TRATTATO DI NUMERI | False | False | False",False,False,False,False,False,False,False,False,False,False,False,False,False,False,True,False,False
bib-24,,1575,1550-1599,Bordeaux,LATIN,Geometry/Theory,False,unknown_books,euclid_sparse_canonical,,,1,definitions,"interpretatæ | elementi qvincti, et sexti, evclidis | definitiones | elementi qvincti, et sexti, evclidis | evclidis | interpretat definitiones elementi qvincti et sexti evclidis evclidis | interpretat definitiones elementi qvincti et sexti evclidis evclidis elia vineto santone | DEFINITIONES | ELEMENTI QVINCTI, ET SEXTI, EVCLIDIS | False | False | False",False,False,False,False,False,False,False,False,True,False,False,False,False,False,False,False,False
bib-254,,1591,1550-1599,Cologne,LATIN,No primary family,False,unknown_books,not_euclid_elements,,,1,principles,"correctior | auctior | editus | omnibvs historiarvm stvdiosis | thesavrvs principvm | libellvs, iam multis locis correctior & auctior quàm antea editus | avstriacvm | correctior auctior editus libellvs iam multis locis correctior auctior quam antea editus | correctior auctior editus libellvs iam multis locis correctior auctior quam antea editus omnibvs historiarvm stvdiosis avstriacvm michaelem eyzinger | THESAVRVS PRINCIPVM | LIBELLVS, IAM MULTIS LOCIS correctior & auctior quàm antea editus | False | False | False",False,False,False,False,False,False,False,False,False,False,False,False,False,False,False,True,False
4C287U,"Tables des sinus, tangentes & secantes, selon le raid de 100000 parties. Avec un traicté succinct de la trigonometrie tant des triangles plans, que spheriques. Où sont plusieurs operations nouvelles",1626,1600-1649,The Hague,FRENCH,Geometry/Theory,False,unknown_books,not_euclid_elements,,,1,operations_constructions,"Tables des sinus, tangentes & secantes, selon le raid de 100000 parties. Avec un traicté succinct de la trigonometrie tant des triangles plans, que spheriques. Où sont plusieurs operations nouvelles | aux apprentis | aux plus doctes praticiens des mathematiques | samielois | aux apprentis aux plus doctes praticiens des mathematiques samielois albert girard | False | False | False",False,False,False,False,False,False,False,False,False,False,False,False,False,False,True,False,False
5ZF83O,"Tables des sinus, tangentes & secantes, selon le raid de 100000 parties. Avec la trigonometrie tant plane que spheriques. Contenant succicntement plusieurs operations",1627,1600-1649,The Hague,FRENCH,Geometry/Theory,False,unknown_books,not_euclid_elements,,,1,operations_constructions,"Tables des sinus, tangentes & secantes, selon le raid de 100000 parties. Avec la trigonometrie tant plane que spheriques. Contenant succicntement plusieurs operations | False | False | False",False,False,False,False,False,False,False,False,False,False,False,False,False,False,True,False,False
MorisS-26-1,,1634,1600-1649,Paris,FRENCH,Instruments/Measurement,False,unknown_books,not_euclid_elements,,,1,operations_constructions,"augmentée | augmentée des tables de la pesanteur & grandeur des metaux & plusieurs autres corps | reduction de toutes les mesures & de tous les poids d’europe, d’afrique & d’asie, à la mesure & au poids de paris | construction & l’vsage du talisso, ou calibre d’artillerie | augmentee augmentee des tables de la pesanteur grandeur des metaux plusieurs autres corps reduction de toutes les mesures de tous les poids deurope dafrique dasie a la mesure au poids de paris construction lvsage du talisso ou calibre dartillerie | augmentee augmentee des tables de la pesanteur grandeur des metaux plusieurs autres corps reduction de toutes les mesures de tous les poids deurope dafrique dasie a la mesure au poids de paris construction lvsage du talisso ou calibre dartillerie p petit bovrbonnois | augmentée des tables de la pesanteur & grandeur des metaux & plusieurs autres corps | reduction de toutes les mesures & de tous les poids d’Europe, d’Afrique & d’Asie, à la mesure & au poids de Paris | construction & l’vsage du Talisso, ou Calibre d’Artillerie | False | False | False",False,False,False,False,False,False,False,False,False,False,False,False,False,False,True,False,False
MorisS-28-1,,1631,1600-1649,Brussels,FRENCH,Geometry/Theory | Instruments/Measurement,False,unknown_books,not_euclid_elements,,,1,operations_constructions,"la constrvction | l’vsage | composé | capitaine & chastellain pour sa majesté au chasteau dornans, conseillier, & general de ses monnoyes, au comté de bourgongne | construction de la table des sinus, de minute en minutes successiue- ment par vn seul maxime | abregé desdictes tables en vne petite demye page auec son vsage | methode de trouuer les angles d’vn triangle par la cognoissance des costez | la constrvction lvsage compose construction de la table des sinus de minute en minutes successiue ment par vn seul maxime abrege desdictes tables en vne petite demye page auec son vsage methode de trouuer les angles dvn triangle par la cognoissance des costez | la constrvction lvsage compose construction de la table des sinus de minute en minutes successiue ment par vn seul maxime abrege desdictes tables en vne petite demye page auec son vsage methode de trouuer les angles dvn triangle par la cognoissance des costez capitaine chastellain pour sa majeste au chasteau dornans conseillier general de ses monnoyes au comte de bourgongne pierre vernier | Construction de la Table des sinus, de minute en minutes successiue- ment par vn seul maxime | Abregé desdictes tables en vne petite demye page auec son vsage | methode de trouuer les angles d’vn triangle par la cognoissance des costez | False | False | False",False,False,False,False,False,False,False,False,False,False,False,False,False,False,True,False,False
bib-191,,1649,1600-1649,London,ENGLISH,Arithmetic/Commerce,False,unknown_books,not_euclid_elements,,,1,operations_constructions,"added | arithmetick | the first of vulgar arithmetick with easie rules to worke all the first four parts of arithmetick, in whole numbers and fractions | the second of decimall arithmetick, whereby all fractionall operations are wrought in whole number, in mer- chants accompts, without reducti- ons, with the perfect working of interests and annuities | the first edition | surveyer, and practitioner in the mathematicks | tables of interest exactly calculated at 10, 8, 7, and 6 per cent | the reduction of weights, value of leases and annuities | the weight and value of english gold | rebate at 8 per cent | added the first edition the first of vulgar arithmetick with easie rules to worke all the first four parts of arithmetick in whole numbers and fractions the second of decimall arithmetick whereby all fractionall operations are wrought in whole number in mer chants accompts without reducti ons with the perfect working of interests and annuities tables of interest exactly calculated at 10 8 7 and 6 per cent the reduction of weights value of leases and annuities the weight and value of english gold rebate at 8 per cent | added the first edition the first of vulgar arithmetick with easie rules to worke all the first four parts of arithmetick in whole numbers and fractions the second of decimall arithmetick whereby all fractionall operations are wrought in whole number in mer chants accompts without reducti ons with the perfect working of interests and annuities tables of interest exactly calculated at 10 8 7 and 6 per cent the reduction of weights value of leases and annuities the weight and value of english gold rebate at 8 per cent surveyer and practitioner in the mathematicks john johnson | The first of Vulgar Arithmetick with easie Rules to worke all the first four parts of Arithmetick, in whole Numbers and Fractions | The second of Decimall Arithmetick, whereby all Fractionall Operations are wrought in whole Number, in Mer- chants Accompts, without Reducti- ons, with the perfect working of Interests and Annuities | ARITHMETICK | Tables of Interest exactly calculated at 10, 8, 7, and 6 per cent | The Reduction of Weights, Value of Leases and Annuities | The weight and value of English Gold | Rebate at 8 per cent | The First Edition | False | False | False",False,False,False,False,False,False,False,False,False,False,False,False,False,False,True,False,False
ustc-33,"Traicte des globes et de leur usage. Traduict du latin de Robert Hues. Et augmenté de plusieurs nottes & operations du compas de proportion. Par D. Henrion, mathematicien",1618,1600-1649,Paris,FRENCH,Instruments/Measurement,False,unknown_books,not_euclid_elements,,,1,operations_constructions,"Traicte des globes et de leur usage. Traduict du latin de Robert Hues. Et augmenté de plusieurs nottes & operations du compas de proportion. Par D. Henrion, mathematicien | traduict | augmenté | traicte' des globes, et de levr vsage | mathematicien | robert hves | plusieurs nottes & operations du compas de proportion | latin | traduict augmente plusieurs nottes operations du compas de proportion latin robert hves | traduict augmente plusieurs nottes operations du compas de proportion robert hves latin mathematicien d henrion | TRAICTE' DES GLOBES, ET DE LEVR VSAGE | plusieurs nottes & operations du compas de proportion | False | False | False",False,False,False,False,False,False,False,False,False,False,False,False,False,False,True,False,False
ustc-34,"La Géométrie pratique, ou Nouvelle méthode de toiser et arpenter toutes sortes de grandeurs",1634,1600-1649,Paris,FRENCH,Geometry/Theory | Instruments/Measurement,False,unknown_books,not_euclid_elements,,,1,operations_constructions,"La Géométrie pratique, ou Nouvelle méthode de toiser et arpenter toutes sortes de grandeurs | à tous architećtes, ingenieurs, maçons, arpenteurs, langiers & aàtres geometres | la geometrie practiqve | novvelle methode de toiser et arpenter toutes sortes de grandeurs, sans qu’il soit besoin d’vser de fractions ny de redućtions, ny mesme d’aucune diuisìon: enco- re que l’on se serue de la mesure ordinaire & de ses parties: et par ce moyen expediant plus d’opérations en vne heure, que l’on n’a- uoit de coustume par cy-deuant de faire en huict | lectevr ordinaire dv roy. ov | novvelle methode de toiser et arpenter toutes sortes de grandeurs sans quil soit besoin dvser de fractions ny de reductions ny mesme daucune diuision enco re que lon se serue de la mesure ordinaire de ses parties et par ce moyen expediant plus doperations en vne heure que lon na uoit de coustume par cy deuant de faire en huict | novvelle methode de toiser et arpenter toutes sortes de grandeurs sans quil soit besoin dvser de fractions ny de reductions ny mesme daucune diuision enco re que lon se serue de la mesure ordinaire de ses parties et par ce moyen expediant plus doperations en vne heure que lon na uoit de coustume par cy deuant de faire en huict a tous architectes ingenieurs macons arpenteurs langiers aatres geometres lectevr ordinaire dv roy ov sievr bovlenger | NOVVELLE METHODE DE TOISER ET Arpenter toutes sortes de grandeurs, sans qu’il soit besoin d’vser de fractions ny de redućtions, ny mesme d’aucune diuisìon: enco- re que l’on se serue de la mesure ordinaire & de ses parties: Et par ce moyen expediant plus d’opérations en vne heure, que l’on n’a- uoit de coustume par cy-deuant de faire en huict | LA GEOMETRIE PRACTIQVE | False | False | False",False,False,False,False,False,False,False,False,False,False,False,False,False,False,True,False,False
ustc-59,"Traicté des globes et de leur usage traduict du latin de Robert Hues et augmenté par de plusieurs nottes & operations du compas de proportion par D. Henrion, mathematicien.",1618,1600-1649,Paris,FRENCH,No primary family,False,unknown_books,not_euclid_elements,,,1,operations_constructions,"Traicté des globes et de leur usage traduict du latin de Robert Hues et augmenté par de plusieurs nottes & operations du compas de proportion par D. Henrion, mathematicien. | traduict | augmenté | traicte des globes, et de levr vsage | augmenté de plusieurs nottes & operations du compas de proportion | mathematicien | robert hves | augmenté de plusieurs nottes & operations du compas de proportion | latin | traduict augmente augmente de plusieurs nottes operations du compas de proportion augmente de plusieurs nottes operations du compas de proportion latin robert hves | traduict augmente augmente de plusieurs nottes operations du compas de proportion augmente de plusieurs nottes operations du compas de proportion robert hves latin mathematicien d henrion | TRAICTE DES GLOBES, ET DE LEVR VSAGE | Augmenté de plusieurs nottes & operations du compas de proportion | Augmenté de plusieurs nottes & operations du compas de proportion | False | False | False",False,False,False,False,False,False,False,False,False,False,False,False,False,False,True,False,False
ustc-9,"Arithmétique logarithmétique, ou la Construction et usage des tables logarithmétiques",1626,1600-1649,Paris,FRENCH,Arithmetic/Commerce,False,unknown_books,not_euclid_elements,,,1,operations_constructions,"Arithmétique logarithmétique, ou la Construction et usage des tables logarithmétiques | adiouſté | arithmetiqve logarithmetiqve | la construćtion & vſage des ta- bles logarithmetiques | gentil-homme anglois | adiouſté | adiouste la construction vsage des ta bles logarithmetiques adiouste | adiouste la construction vsage des ta bles logarithmetiques adiouste gentil homme anglois edmond vvingate | La Construćtion & Vſage des Ta- bles Logarithmetiques | ARITHMETIQVE LOGARITHMETIQVE | adiouſté | False | False | False",False,False,False,False,False,False,False,False,False,False,False,False,False,False,True,False,False
Paris_1689,"Nouveaux elemens des mathematiques, ou principes generaux de toutes les sciences qui ont les grandeurs pour objet",1689,1650-1699,Paris,FRENCH,Geometry/Theory,False,unknown_books,elements_language_no_euclid,,,1,principles,"Nouveaux elemens des mathematiques, ou principes generaux de toutes les sciences qui ont les grandeurs pour objet | mieux digeree | nouveaux elemens | ou principes generaux de toutes les sciences qui ont les grandeurs pour objet | seconde edition, plus ample et mieux digeree | prêtre, ci-devant professeur des mathématiques dans les universitez d’angers & de nantes | nouveaux elemens | mieux digeree seconde edition plus ample et mieux digeree ou principes generaux de toutes les sciences qui ont les grandeurs pour objet nouveaux elemens | mieux digeree seconde edition plus ample et mieux digeree ou principes generaux de toutes les sciences qui ont les grandeurs pour objet universitez dangers de nantes nouveaux elemens pretre ci devant professeur des mathematiques dans les universitez dangers de nantes jean prestet | OU PRINCIPES GENERAUX DE TOUTES LES SCIENCES Qui ont les grandeurs pour objet | NOUVEAUX ELEMENS | SECONDE EDITION, PLUS AMPLE ET MIEUX DIGEREE | False | False | False",False,False,False,False,False,False,False,False,False,False,False,False,False,False,False,True,False
bib-216,,1694,1650-1699,London,ENGLISH,No primary family,False,unknown_books,elements_language_no_euclid,,,1,principles,"added | children and youth | men of all degrees, and qualities | school-master at st. georges church in southwark | an appendix containing the principles of arith- metick; with an account of coins, weights, measure, time, &c | the english | added an appendix containing the principles of arith metick with an account of coins weights measure time c the english | added an appendix containing the principles of arith metick with an account of coins weights measure time c children and youth men of all degrees and qualities st georges church in southwark universities city of london the english school master at st georges church in southwark john hawkins | An Appendix containing the Principles of Arith- metick; with an Account of Coins, Weights, Measure, Time, &c | False | False | False",False,False,False,False,False,False,False,False,False,False,False,False,False,False,False,True,False
bib-236,,1654,1650-1699,London,ENGLISH,Geometry/Theory,False,unknown_books,not_euclid_elements,,,1,operations_constructions,"institutio mathematica | shewing the construction and use of the naturall and artificiall sines, tangents, and secants, in decimal numbers, and also of the table of logarithms | in the general solution of any triangle, whether plain or spherical | with their more particular application in astronomie, dialling, and navigation | with their more particular application in astronomie, dialling, and navigation | shewing the construction and use of the naturall and artificiall sines tangents and secants in decimal numbers and also of the table of logarithms in the general solution of any triangle whether plain or spherical with their more particular application in astronomie dialling and navigation with their more particular application in astronomie dialling and navigation | shewing the construction and use of the naturall and artificiall sines tangents and secants in decimal numbers and also of the table of logarithms in the general solution of any triangle whether plain or spherical with their more particular application in astronomie dialling and navigation with their more particular application in astronomie dialling and navigation john newton | Shewing the Construction and use of the Naturall and Artificiall Sines, Tangents, and Secants, in Decimal Numbers, and also of the Table of Logarithms | In the general solution of any Triangle, whether Plain or Spherical | WITH Their more particular application in  ASTRONOMIE, DIALLING, and NAVIGATION | Institutio Mathematica | WITH Their more particular application in  ASTRONOMIE, DIALLING, and NAVIGATION | False | False | False",False,False,False,False,False,False,False,False,False,False,False,False,False,False,True,False,False
bib-74,The Elements or principles of geometrie·,1684,1650-1699,London,ENGLISH,No primary family,False,unknown_books,elements_language_no_euclid,,,1,principles,The Elements or principles of geometrie· | the elements | or principles of geometrie | the elements | or principles of geometrie the elements | or principles of geometrie the elements | OR PRINCIPLES OF GEOMETRIE | THE ELEMENTS | False | False | False,False,False,False,False,False,False,False,False,False,False,False,False,False,False,False,True,False
