classification_key,year,city,language,primary_classes,secondary_classes,unknown_classes,euclid_or_elements,mentions_euclid,mentions_elements_language,elements_without_euclid_reference,euclid_elements_dominant_mode,euclid_sparse_canonical,euclid_procedural_pedagogical,euclid_composite_workshop,euclid_utility_public,euclid_humanist_transfer,euclid_method_access,elements_language_no_euclid,euclid_no_primary_subject,euclid_geometry_theory_primary,euclid_practical_geometry_primary,base_content,elements_designation,references_to_euclid,description_of_euclid,rich_claim_text_raw,rich_social_text_raw
0CKY65,1557,Paris,FRENCH,Arithmetic,Theoretical Mathematics,,False,False,False,False,not_euclid_elements,False,False,False,False,False,False,False,False,False,False,L'ARITHMETICQVE,,,,"L'ARITHMETICQVE | quatre reigles briefues, qui contiennent les deux cents quarante anciennes & plusieurs autres reigles, pour l'exercice des nombres entiers, par lesquels on peut facilement paruenir à la cognoissance de l'Algebre | DE BEZIERS",DE BEZIERS
0NKS71,1568,Paris,FRENCH,Gnomonics & Horology,Instrument Use | Practical Geometry,,False,False,False,False,not_euclid_elements,False,False,False,False,False,False,False,False,False,False,,,,,demonstrée | Lecteur du Roy ez Mathe- matiques,Lecteur du Roy ez Mathe- matiques | Monseigneur le Comte de Brissac
10AUQ5,1509,Toul,"LATIN, FRENCH",Perspective,,,False,False,False,False,not_euclid_elements,False,False,False,False,False,False,False,False,False,False,,,,,,
136K7I,1629,Amsterdam,FRENCH,Theoretical Mathematics,,,False,False,False,False,not_euclid_elements,False,False,False,False,False,False,False,False,False,False,,,,,,
144JC3,1586,Ferrara,ITALIAN,Theoretical Mathematics,Practical Geometry,Architecture | Instrument Use,False,False,False,False,not_euclid_elements,False,False,False,False,False,False,False,False,False,False,DELLA NVOVA GEOMETRIA DI FRANC. PATRICI LIBRI XV,,,,"DELLA NVOVA GEOMETRIA DI FRANC. PATRICI LIBRI XV | Ne’ quali con mirabile ordine, e con dimostra- zioni à marauiglia più facili, e più forti del le vſate si vede che le Matematiche per via Regia, e più piana che da gli antichi fatto non si è, si possono trattare",SERENISSIMO CARLO EMANVELE DVCA DI SAVOIA
1496,1496,,LATIN,Arithmetic | Music Theory,Theoretical Mathematics,,False,False,False,False,not_euclid_elements,False,False,False,False,False,False,False,False,False,False,,,,,,
22INUJ,1643,Paris,FRENCH,Perspective,,,False,False,False,False,not_euclid_elements,False,False,False,False,False,False,False,False,False,False,,,,,MISE AV IOVR | MISE AV IOVR | Professeur és Mathematiques | feu Sieur ALEAVME,Professeur és Mathematiques | feu Sieur ALEAVME
2BRI1Z,1598,Oxford,ENGLISH,,,Architecture | Practical Geometry,False,False,False,False,not_euclid_elements,False,False,False,False,False,False,False,False,False,False,,,,,,
2I9HSY,1560,Paris,FRENCH,Perspective,,Architecture | Practical Geometry,False,False,False,False,not_euclid_elements,False,False,False,False,False,False,False,False,False,False,,,,,"Senonois, maistre Painctre à Paris","Senonois, maistre Painctre à Paris"
2L8L55,1719,Bologna,LATIN,Theoretical Mathematics,,,True,True,True,False,euclid_composite_workshop,False,False,True,False,False,False,False,False,True,False,SEX PRIORA EUCLIDIS ELEMENTA,SEX PRIORA EUCLIDIS ELEMENTA,EUCLIDIS,,"accefferunt | iterum expofita | SEX PRIORA EUCLIDIS ELEMENTA | Quibus accefferunt Undecimum, & Duodecimum | iterum expofita | In Bononienfi Archigymnafio Hydrometriæ Profeffore | SEX PRIORA EUCLIDIS ELEMENTA | Undecimum, & Duodecimum | Hydrometriæ | Hydrometriæ | EUCLIDIS",Bononienfi Archigymnafio | BONONIÆ SENATUS | In Bononienfi Archigymnafio Hydrometriæ Profeffore | BONONIÆ SENATUS PATRIBUS Scientiarum omnium Mæcenatibus
35H84Y,1642,Bologna,LATIN,Mechanics,Practical Geometry,Theoretical Mathematics,True,True,False,False,euclid_utility_public,False,True,True,True,True,True,False,False,False,False,EVCLIDES APPLICATVS,EVCLIDES APPLICATVS,EVCLIDES | Euclideorum,,"traducta | confirmata | refertum | ornatum | distributum | ACCESSIT | dicata | APPLICATVS | conditus | Philosophis Mathematicis, sed & Physicis, Anatomicis, Militaribus viris, Machinariæ, Musicæ, Poeticæ, Agrariæ, Architecturæ, Mercaturæ professoribus | EVCLIDES APPLICATVS | E SOC. IESV, olim in publico Parmensi Gymnasio Philosophiæ Mathematicæ, & Philosophiæ Moralis Lectore | EVCLIDES APPLICATVS | noua pleraque Machinamenta ad vsus eximios traducta | facillimis demonstrationibus confirmata | curiosissimis inuentis refertum | figurarum æreis formis cusarum numerosa | speciosa varietate ornatum | gemino copiosissimo Indice | EVCLIDES APPLICATVS | EVCLIDES APPLICATVS | EVCLIDES | Euclideorum","Philosophis Mathematicis, sed & Physicis, Anatomicis, Militaribus viris, Machinariæ, Musicæ, Poeticæ, Agrariæ, Architecturæ, Mercaturæ professoribus | Coll. Tridentino Soc. Iesu | Parmensi Gymnasio Philosophiæ Mathematicæ | Parmensi Gymnasio | E SOC. IESV, olim in publico Parmensi Gymnasio Philosophiæ Mathematicæ, & Philosophiæ Moralis Lectore | MATTHIAE GALASSO SAC. ROM. IMPERII COMITI, &c"
3WRC2Y,1649,Paris,FRENCH,Perspective,,,False,False,False,False,not_euclid_elements,False,False,False,False,False,False,False,False,False,False,,,,,,la Compagnie de IESVS
3WV6N7,1642,Paris,FRENCH,Perspective,,,False,False,False,False,not_euclid_elements,False,False,False,False,False,False,False,False,False,False,,,,,TIREES | Sieur Desargues | TIREES POVR LA PLVS-PART DV CONTENV DV LIVRE DE LA PERSPECTIVE PRATIQVE,Sieur Desargues
473J72,1726,London,ENGLISH,,,,True,True,True,False,euclid_method_access,False,True,False,False,False,True,False,True,False,False,"THE Six First, Together with the Eleventh and Twelfth Books OF EUCLID's ELEMENTS","Six First, Together with the Eleventh and Twelfth Books OF EUCLID's ELEMENTS",EUCLID's,,"Demonstrated | THE Six First, Together with the Eleventh and Twelfth Books OF EUCLID's ELEMENTS | Demonstrated after a New, Plain, and Eafie METHOD | A. M | Six First, Together with the Eleventh and Twelfth Books OF EUCLID's ELEMENTS | EUCLID's",A. M
4C287U,1626,The Hague,FRENCH,Trigonometry,Theoretical Mathematics,Astronomy,False,False,False,False,not_euclid_elements,False,False,False,False,False,False,False,False,False,False,,,,,aux apprentis | aux plus doctes praticiens des Mathematiques | Samielois,aux apprentis | aux plus doctes praticiens des Mathematiques | Samielois
4ZSED7,1589,Leipzig,LATIN,,,,False,False,False,False,not_euclid_elements,False,False,False,False,False,False,False,False,False,False,,,,,,
5J1UUA,1573,Paris,FRENCH,Arithmetic,,,False,False,False,False,not_euclid_elements,False,False,False,False,False,False,False,False,False,False,L'ARITHMETIQVE ENTIERE ET ABREGEE,,,,Reueue | augmentee | L'ARITHMETIQVE ENTIERE ET ABREGEE | Reueue & augmentee par le mesme Forcadel | LECTEVR DV ROY EZ MATHEMATIQVES,LECTEVR DV ROY EZ MATHEMATIQVES | ROY DE POLOGNE ESLEY
5KCP5R,1553,Antwerp,DUTCH,Architecture | Perspective,Practical Geometry,Instrument Use,False,False,False,False,not_euclid_elements,False,False,False,False,False,False,False,False,False,False,,,,,Overgheset | Ghedruct | doen | Schildere der K. Maiesteyt | Sebastiani Serlij | vten Italiaen- sche | in nederlandts,Schildere der K. Maiesteyt | Mayken verhulst | Sebastiani Serlij
5V691B,1583,Basel,LATIN,,Theoretical Mathematics,,True,True,False,False,euclid_composite_workshop,False,True,True,False,False,False,False,True,False,False,in Euclidis & Rami ἐννέαϐι- ϐλια,in Euclidis & Rami ἐννέαϐι- ϐλια,Euclidis,,illustratur | demonstratur | in Euclidis & Rami ἐννέαϐι- ϐλια | in quibus Logica veterum Mathematicorum illustratur & demonstratur | in Euclidis & Rami ἐννέαϐι- ϐλια | Euclidis,
5YK5ZF,1648,Rome,LATIN,Gnomonics & Horology | Perspective | Practical Geometry,Astronomy | Instrument Construction | Instrument Use,Theoretical Mathematics,False,False,False,False,not_euclid_elements,False,False,False,False,False,False,False,False,False,False,"PERSPECTIVA HORARIA SIVE DE HOROGRAPHIA GNOMONICA TVM THEORETICA, TVM PRACTICA LIBRI QVATVOR",,,,"traditurque | PERSPECTIVA HORARIA SIVE DE HOROGRAPHIA GNOMONICA TVM THEORETICA, TVM PRACTICA LIBRI QVATVOR | In quibus Gnomonices antiqui fines latiùs protenduntur: traditurque ratio, & delineatio Geometrica expeditissima non solùm communium, quae radio directo vel vmbra pariter directa; sed etiam aliorum nouae in- uentionis Solarium horariorum, quae radio vel vmbra tum reflexis 	tum refractis horas, aliaque ad coelestium motuum notitiam pertinentia indicant | Ordinis Minimorum, in Regio nationis Gallicanae Romano SS. Trinitatis montis Pincij Coenobio Sacrae Theologiae Professore","Ordinis Minimorum | Regio nationis Gallicanae Romano SS. Trinitatis montis Pincij Coenobio Sacrae Theologiae | Ordinis Minimorum, in Regio nationis Gallicanae Romano SS. Trinitatis montis Pincij Coenobio Sacrae Theologiae Professore"
5ZF83O,1627,The Hague,FRENCH,Trigonometry,,Theoretical Mathematics,False,False,False,False,not_euclid_elements,False,False,False,False,False,False,False,False,False,False,,,,,,
612FNN,1583,Rome,ITALIAN,Perspective,,Practical Geometry,False,False,False,False,not_euclid_elements,False,False,False,False,False,False,False,False,False,False,,,,,dell'ordine de Predicatori Matematico dello Studio di Bologna | R.P.M | Con i comentarij del R.P.M,ordine de Predicatori | Studio di Bologna | dell'ordine de Predicatori Matematico dello Studio di Bologna | IACOMO BVONCOMPAGNI Duca di Sora et d'Arce Signor d'Arpino Marchese di Vignola Cap. Gen. degl' huomini d'arme del Re Catt | R.P.M
66HH5T,1640,Paris,FRENCH,Instrument Use | Perspective,,,False,False,False,False,not_euclid_elements,False,False,False,False,False,False,False,False,False,False,,,,,,
6AMYTJ,1557,Paris,FRENCH,Arithmetic,Theoretical Mathematics,,False,False,False,False,not_euclid_elements,False,False,False,False,False,False,False,False,False,False,TROYSIESME LI- VRE DE L'ARITHMETIQVE,,,,"TROYSIESME LI- VRE DE L'ARITHMETIQVE | AVQVEL SONT TRAICTEES LES DE- monstrations de toutes les sortes de racines, auecques l'entiere pra- ctique de l'extraction d'icelles, ensemble plusieurs questions, reigles, & demonstrations Mathematiques, auecques le propre subiect de l'Algebre",
6MOFBH,1671,Nuremberg,LATIN,Perspective,,Arithmetic,False,False,False,False,not_euclid_elements,False,False,False,False,False,False,False,False,False,False,DE PERSPECTIVA | De UMBRA ad Eam pertinente,,,,inventa | DE PERSPECTIVA | De UMBRA ad Eam pertinente | Cum & Praeter Arithmeticam inventa | ad Eam pertinente | De UMBRA ad Eam pertinente | De UMBRA,Paulu Fürstii
6PMNRZ,1526,Paris,LATIN,Arithmetic | Commercial Mathematics,,,False,False,False,False,not_euclid_elements,False,False,False,False,False,False,False,False,False,False,,,,,vindicata | te collatio huius æditionis cum priore palam doctura est | Thoma Rhæto,Thoma Rhæto
6X6R6Y,1547,Nuremberg,GERMAN,Architecture | Construction | Perspective | Practical Geometry,Instrument Use | Military Engineering,,False,False,False,False,not_euclid_elements,False,False,False,False,False,False,False,False,False,False,,,,,abgetheilet | Allen Künstlichen Handtwerckern / Werckmeistern / Steinmetzen / Bawmeistern / Zeug oder Büxenmeiste- ren / Maleren / Bildhaweren / Goldschmiden / Schreineren | Medi. & Math | Vitruuij | Mit ge- trewer vnterweisung | Mit sonderlicher abtheilung | Der newen Perspectiua das .1. buch | Weiteren inhalt des II. vnd III. Buchs der Geometrischen Büxenmei- sterey / vnd Geometrischen Messung | Perspectiua | Geometrischen Büxenmei- sterey | Geometrischen Messung,Allen Künstlichen Handtwerckern / Werckmeistern / Steinmetzen / Bawmeistern / Zeug oder Büxenmeiste- ren / Maleren / Bildhaweren / Goldschmiden / Schreineren | Medi. & Math | Vitruuij
6XTAVU,1760,London,ENGLISH,Practical Geometry | Theoretical Mathematics,,,True,False,True,True,elements_language_no_euclid,False,False,False,False,False,False,True,False,True,True,ELEMENTS OF GEOMETRY,ELEMENTS OF GEOMETRY,,,"ALTERATIONS | ADDITIONS | ELEMENTS OF GEOMETRY | WITH THEIR Application to the Mensuration of SUPERFICIES and SOLIDS, TO THE Determination of the MAXIMA and MINIMA of Geometrical Quantities, AND TO THE Construction of a great Variety of GEOMETRICAL PROBLEMS | The SECOND EDITION, With large ALTERATIONS and ADDITIONS | F.R.S | Member of the Royal Academy of Sciences at STOCKHOLM | ELEMENTS OF GEOMETRY",Royal Academy of Sciences at STOCKHOLM | F.R.S | Member of the Royal Academy of Sciences at STOCKHOLM
70Q8M8,1495,Paris,LATIN,,,,False,False,False,False,not_euclid_elements,False,False,False,False,False,False,False,False,False,False,,,,,,
77RUJE,1614,The Hague,LATIN,Perspective,,,False,False,False,False,not_euclid_elements,False,False,False,False,False,False,False,False,False,False,,,,,,
8DP4C1,1613,Bologna,ITALIAN,Practical Geometry,,,True,True,True,False,euclid_sparse_canonical,True,False,False,False,False,False,False,False,True,True,I primi sei libri de gl’Elementi d’Euclide,I primi sei libri de gl’Elementi d’Euclide,Euclide,,ridotti | I primi sei libri de gl’Elementi d’Euclide | I primi sei libri de gl’Elementi d’Euclide | Euclide,
93LJS8,1625,Firenze,ITALIAN,Perspective,,,False,False,False,False,not_euclid_elements,False,False,False,False,False,False,False,False,False,False,,,,,GENTILHVOMO FIORENTINO,Toscana Accademia del Disegno | GENTILHVOMO FIORENTINO
93PZQ5,1505,Toul,"LATIN, FRENCH",Perspective,,,False,False,False,False,not_euclid_elements,False,False,False,False,False,False,False,False,False,False,,,,,,
99CARP,1646,Paris,LATIN,Perspective,Architecture | Practical Geometry,Instrument Use | Trigonometry,False,False,False,False,not_euclid_elements,False,False,False,False,False,False,False,False,False,False,,,,,"Pictoribus, Architectis, Statuariis, Sculptoribus, Caelatoribus, & qui- buscumque aliis | PARISINI, EX ORD. MINIM","Pictoribus, Architectis, Statuariis, Sculptoribus, Caelatoribus, & qui- buscumque aliis | ORD. MINIM | PARISINI, EX ORD. MINIM | EMINENTISS. CARDINALEM MAZARINVM"
9D1KT8,1682,Siena,ITALIAN,Arithmetic | Practical Geometry,,,False,False,False,False,not_euclid_elements,False,False,False,False,False,False,False,False,False,False,"Pratica d'arithmetica, e geometria",,,,"Ristampata | Ricorretta | Pratica d'arithmetica, e geometria | Di nuouo Ristampata | con somma diligenza Ricorretta | da Pescia de'Minori Conuentuali di S: Francesco",S: Francesco | da Pescia de'Minori Conuentuali di S: Francesco
9TXK4F,1612,Frankfurt,FRENCH,Perspective,,,False,False,False,False,not_euclid_elements,False,False,False,False,False,False,False,False,False,False,,,,,Ingenieur du Serennissime Prince de Galles | aux langues estrangeres,Ingenieur du Serennissime Prince de Galles | son Altesse
ABSZLW,1630,Amsterdam,GERMAN,Perspective,,Instrument Construction | Instrument Use | Practical Geometry,False,False,False,False,not_euclid_elements,False,False,False,False,False,False,False,False,False,False,,,,,beschrieben | erzehlet | geziert | vielen Kupfferstücken | einem noht-wendigen Register,
AVXGNJ,1633,Ulm,GERMAN,Construction | Military Engineering,Instrument Use,,False,False,False,False,not_euclid_elements,False,False,False,False,False,False,False,False,False,False,,,,,Getruckt | Allen Liebhabern der Mathematischen Kün- sten | Ingenieurn vnd Burgern zu Vlm,Allen Liebhabern der Mathematischen Kün- sten | Ingenieurn vnd Burgern zu Vlm | Der Ingenieurs Schul | Johann Faulhabern
AWKSO4,1642,Paris,FRENCH,Perspective,Architecture,,False,False,False,False,not_euclid_elements,False,False,False,False,False,False,False,False,False,False,,,,,"PEINTRES, GRAVEVRS, SCVLPTEVRS, ARCHITECTES, ORFEVRES, BRODEVRS, TAPISSIERS, & autres se seruans du Dessein | Religieux de la Compagnie de IESVS","PEINTRES, GRAVEVRS, SCVLPTEVRS, ARCHITECTES, ORFEVRES, BRODEVRS, TAPISSIERS, & autres se seruans du Dessein | Compagnie de IESVS | Religieux de la Compagnie de IESVS"
Alcala_1637,1637,Alcala,"DUTCH, LATIN",,,,True,True,True,False,euclid_humanist_transfer,False,False,False,False,True,False,False,True,False,False,ELEMENTOS GEOMETRICOS DE EVCLIDES,ELEMENTOS GEOMETRICOS DE EVCLIDES,EVCLIDES,,Traducido | comentado | ELEMENTOS GEOMETRICOS DE EVCLIDES | PHILO-SOPHO MEGARENSE SVS SEYS PRIMEROS LIBROS | Mathematico de su Magestad | ELEMENTOS GEOMETRICOS DE EVCLIDES | EVCLIDES,Mathematico de su Magestad | AL EXmo Sr D. GASPAR DE GVZMAN CONDE DE OLIBARES DVCq DE S. LVCAR LA MAYOR CAMARERO Y CABALLERICO MAYOR DE SV MAG
Amsterdam_1616,1616,Amsterdam,DUTCH,Practical Geometry | Theoretical Mathematics,,,True,True,True,False,euclid_composite_workshop,False,True,True,False,True,True,False,False,True,True,De ses eerste Boucken EVCLIDIS,De ses eerste Boucken EVCLIDIS,EVCLIDIS,,"ghevoecht | Overgeset | verclaert | uytgeleyt | oversien | verbetert | vermeerdert | van alle leergierighe, liefhebbers der selver vryer Conste | De ses eerste Boucken EVCLIDIS | Van de beginselen ende fondamenten der Geometrie | Van nieus oversien, ende verbetert | der stadt Leyden Landtmeter ende Wijnroeyer | De ses eerste Boucken EVCLIDIS | eenighe nut-ticheden, uyt de selve Boecken ghetrocken | Specien in Geometrische figueren | bygevouchde nutticheden mette spetien in Geometrische figueren | EVCLIDIS","van alle leergierighe, liefhebbers der selver vryer Conste | der stadt Leyden Landtmeter ende Wijnroeyer"
Amsterdam_1618,1618,Amsterdam,GERMAN,,Practical Geometry,,True,True,False,False,euclid_procedural_pedagogical,False,True,False,False,False,False,False,True,False,False,Die sechs ersten Bücher EVCLIDIS,Die sechs ersten Bücher EVCLIDIS,EVCLIDIS,"Desz höchgelärten weit-berümbten, Griechischen Philosophi und Mathematici","angefüget | verteutscht | Die sechs ersten Bücher EVCLIDIS | Von den anfängen vnd fundamenten der Geometriæ | Niderlandischen andern Edition | H. Ioann Petersz Dou | Die sechs ersten Bücher EVCLIDIS | angefüget seind: sampt den Speciebus inn Geometrischen figurn, als machen, verändern, zusammenfügen, abziehen, vielfältigen vnnd theilen | Per Demonstra-tiones Lineales | Desz höchgelärten weit-berümbten, Griechischen Philosophi und Mathematici | Niderlandischen | Griechischen | EVCLIDIS",Teütschen Schuln in Nurnberg | H. Ioann Petersz Dou
Amsterdam_1626,1626,Amsterdam,DUTCH,,Practical Geometry,,True,True,True,False,euclid_composite_workshop,False,True,True,False,False,True,False,True,False,False,De ses eerste Boecken EVCLIDIS,De ses eerste Boecken EVCLIDIS,EVCLIDIS,,"ghevoecht | Overgheset | verclaert | uytgheleyt | over-sien | verbetert | vermeerdert | alle leergierighe liefhebbers der selver vryer Conste | De ses eerste Boecken EVCLIDIS | Van de beginselen ende fondamenten der Geometrie | Van nieus over-sien, ende verbetert | der stadt Leyden Landtmeter ende Wijnroeyer | De ses eerste Boecken EVCLIDIS | Waer by ghevoecht zijn eenighe nut-ticheden, uyt de selve Boecken ghetrocken; Mitsgaders de Specien in Geometrische figueren, als ’tmaken, veranderen, t’samen-voeghen, af-trecken, vermenichvuldighen, ende deelen | Mitsgaders de byghevoechde nutticheden, mette specien in Geometrische figueren breeder verclaert ende vermeerdert deur den selven Autheur | EVCLIDIS",alle leergierighe liefhebbers der selver vryer Conste | der stadt Leyden Landtmeter ende Wijnroeyer
Amsterdam_1634,1634,Amsterdam,"GERMAN, LATIN",Theoretical Mathematics,Practical Geometry,,True,True,False,False,euclid_composite_workshop,False,True,True,False,False,False,False,False,True,False,Die sechs ersten Bücher EVCLIDIS,Die sechs ersten Bücher EVCLIDIS,EVCLIDIS,"Dess hochgelährten weit-berümbten, Griechischen Philosophi vnd Mathematici","angefüget | verteutscht | Die sechs ersten Bücher EVCLIDIS | Von den Anfängen vnd fundamenten der Geometriæ | Auss H. Ioann Petersz Dou Niderländischen andern Edition verteutscht | Arithmeticum & G. Verordneten Inspectorn vnd Visitatorn der Teuschen Schuln in Nürnberg | H. Ioann Petersz | Die sechs ersten Bücher EVCLIDIS | Nutzbarkeiten angefüget | Speciebus in Geometrischen Figuren | Per Demonstra-tiones Lineales | Dess hochgelährten weit-berümbten, Griechischen Philosophi vnd Mathematici | Niderländischen | EVCLIDIS",der Teuschen Schuln in Nürnberg | Arithmeticum & G. Verordneten Inspectorn vnd Visitatorn der Teuschen Schuln in Nürnberg | H. Ioann Petersz
Amsterdam_1652,1652,Amsterdam,LATIN,Music Theory,Theoretical Mathematics,,False,False,False,False,not_euclid_elements,False,False,False,False,False,False,False,False,False,False,,,,,Restiuit | explicavit | Notis | GRÆCE | LATINE | GRÆCE | LATINE,
Amsterdam_1660,1660,Amsterdam,DUTCH,Theoretical Mathematics,,,True,True,True,False,euclid_geometry_theory_primary,False,False,False,False,False,False,False,False,True,False,EUKLIDES SES EERSTE BOEKKEN,EUKLIDES SES EERSTE BOEKKEN,EUKLIDES,,vertaald | EUKLIDES SES EERSTE BOEKKEN | Van de Beginselen der WISKONSTEN | van Haerlem | EUKLIDES SES EERSTE BOEKKEN | Neerduyts | EUKLIDES,van Haerlem
Amsterdam_1660a,1660,Amsterdam,LATIN,Theoretical Mathematics,,,False,False,False,False,not_euclid_elements,False,False,False,False,False,False,False,False,False,False,DE UNIVERSAE MATHESIOS NATURA & CONSTITUTIONE LIBER,,,,subjungitur | DE UNIVERSAE MATHESIOS NATURA & CONSTITUTIONE LIBER | CHRONOLOGIA MATHEMATICORUM | CHRONOLOGIA MATHEMATICORUM,
Amsterdam_1662,1662,Amsterdam,DUTCH,Theoretical Mathematics,,,True,True,True,False,euclid_humanist_transfer,False,True,False,False,True,False,False,False,True,False,De 15 Boecken der ELEMENTEN Van Euclidis,De 15 Boecken der ELEMENTEN Van Euclidis,Euclidis,,Overgeset | Vertaelt | vergroot | verrijckt | De 15 Boecken der ELEMENTEN Van Euclidis | Met korte verk-laringen eeniger Propositien | En nu vergroot deor J. V. L | in sijn leven Professer Matheseos der Hooge Schoole tot Leyden | Christophoro Clavio | De 15 Boecken der ELEMENTEN Van Euclidis | Met korte verk-laringen eeniger Propositien | een Aenhanghsel der Fondamenten vande Mathematische Namen ende Coracteren | het sesthiende Boeck van Christophoro Clavio | sesthiende Boeck | Latijn | Euclidis,Hooge Schoole tot Leyden | in sijn leven Professer Matheseos der Hooge Schoole tot Leyden | Christophoro Clavio
Amsterdam_1672,1672,Amsterdam,DUTCH,Instrument Use | Practical Geometry,Gnomonics & Horology | Perspective,,True,True,False,False,euclid_procedural_pedagogical,False,True,False,False,False,False,False,False,True,True,de ses eerste Boecken Euclidis,de ses eerste Boecken Euclidis,EUCLIDES DANICUS | Euclidis,EUCLIDES DANICUS,"Voorgesteld | de ses eerste Boecken Euclidis | Handeldt van de Meetkonstige Werckstucken | de ses eerste Boecken Euclidis | Alleenigh met een Passer te wercken (sonder Rye ofte Liniael te gebruycken) door Snijding van Roeden | Geeft aanleyding om verscheyde Werckstucken te maecken, als van Snijding, Raecking, Deeling, Perspectie en Sonnewijssers | aanleyding om verscheyde Werckstucken te maecken | EUCLIDES DANICUS | EUCLIDES DANICUS | Euclidis",
Amsterdam_1683,1683,Amsterdam,LATIN,Theoretical Mathematics,,Mechanics,True,False,True,True,elements_language_no_euclid,False,True,False,False,False,False,True,False,True,False,ELEMENTA GEOMETRIÆ PLANÆ AC SOLIDÆ,ELEMENTA GEOMETRIÆ PLANÆ AC SOLIDÆ,,,accedunt | ELEMENTA GEOMETRIÆ PLANÆ AC SOLIDÆ | EDITIO NOVA | SOC. JESU Sacerdote & Matheseos Professore | ARCHIMEDE | ELEMENTA GEOMETRIÆ PLANÆ AC SOLIDÆ | selecta EX ARCHIMEDE THEOREMATA | selecta EX ARCHIMEDE THEOREMATA | EX ARCHIMEDE THEOREMATA,SOC. JESU | SOC. JESU Sacerdote & Matheseos Professore | ARCHIMEDE
Amsterdam_1695,1695,Amsterdam,DUTCH,Theoretical Mathematics,,Navigation,True,True,True,False,euclid_geometry_theory_primary,False,False,False,False,False,False,False,False,True,False,EUCLIDIS BEGINSELEN der MEETKONST,EUCLIDIS BEGINSELEN der MEETKONST,EUCLIDIS,,"Vervaat | opgesteld | EUCLIDIS BEGINSELEN der MEETKONST | Begrijpende de Beginselen, op dewelke de gantsche Wiskonst rust, Daarom ook te recht genaamt BEGINSELEN DER WISKONST | Vervaat in 15 Boeken | Geometra, Geswooren Landmeeter en Leermeester, in de Wiskonst, als Stuurmanskonst enz | EUCLIDIS BEGINSELEN der MEETKONST | Begrijpende de Beginselen, op dewelke de gantsche Wiskonst rust | 16 Boek Fr. Flussatis Candallæ | 16 Boek Fr. Flussatis Candallæ | nederduytse | EUCLIDIS","Geometra, Geswooren Landmeeter en Leermeester, in de Wiskonst, als Stuurmanskonst enz"
Amsterdam_1697,1697,Amsterdam,FRENCH,Arithmetic | Theoretical Mathematics | Trigonometry,,,False,False,False,False,not_euclid_elements,False,False,False,False,False,False,False,False,False,False,,,,,REVUE | CORRIGÉE | un homme de Guerre | tous ceux qui se veulent perfectionner dans cette Science | NOUVELLE EDITION REVUE ET CORRIGÉE | Professeur des Mathematiques,un homme de Guerre | tous ceux qui se veulent perfectionner dans cette Science | Professeur des Mathematiques
Amsterdam_1700,1700,Amsterdam,FRENCH,Theoretical Mathematics,,,True,True,True,False,euclid_utility_public,False,True,False,True,False,True,False,False,True,False,LES ELEMENS D’EUCLIDE,LES ELEMENS D’EUCLIDE,EUCLIDE,,EXPLIQUEZ | Reveuë | corrigée | LES ELEMENS D’EUCLIDE | EXPLIQUEZ D’UNE MANIERE nouvelle & tres-facile | AVEC L’USAGE DE CHAQUE Proposition pour toutes les parties des Mathematiques | NOUVELLE EDITION | Reveuë & corrigée | P | LES ELEMENS D’EUCLIDE | EUCLIDE,Compagnie de JESUS | P
Amsterdam_1700b,1700,Amsterdam,DUTCH,Theoretical Mathematics,Practical Geometry,,True,True,True,False,euclid_composite_workshop,False,True,True,False,False,False,False,False,True,False,De zes eerste Boecken EUCLIDIS,De zes eerste Boecken EUCLIDIS,EUCLIDIS,,"by-gevoeght | Over-geset | verklaert | uyt-geleyt | oversien | verbetert | vermeerdert | by-gevoegde | van alle leer-gierige Liefhebbers der selver vrye Konste | De zes eerste Boecken EUCLIDIS | Van de beginselen ende fon-damenten der Geometrie | Desen laetsten Druk, van nieuws oversien en verbetert | Lant-meter ende Wijn-roeyer der Stadt LEYDEN | De zes eerste Boecken EUCLIDIS | by-gevoeght zijn eenige nuttigheden, uyt deselve Boecken getroken | Mitsgaders de Specien in Geometrische figuren, als ’t maken, veranderen, t’samen voegen, aftrecken, ver-meenighvuldigen, ende deelen | Mitsgaders de by-gevoegde nuttigheden, met de specien in Geometrische figuren breeder verklaert ende vermeerdert | EUCLIDIS",van alle leer-gierige Liefhebbers der selver vrye Konste | Lant-meter ende Wijn-roeyer der Stadt LEYDEN
Amsterdam_1701,1701,Amsterdam,DUTCH,Practical Geometry | Theoretical Mathematics,,,True,True,True,False,euclid_composite_workshop,False,True,True,False,False,False,False,False,True,True,De zes eerste Boecken EUCLIDIS,De zes eerste Boecken EUCLIDIS,EUCLIDIS,,"by-gevoeght | by-gevoegde | Over-geset | verklaert | uyt-geleyt | oversien | verbeter t | vermeerdert | alle leer-gierige Liefhebbers der selver vrye Konste | De zes eerste Boecken EUCLIDIS | Van de beginselen ende fondamenten der Geometrie | Desen laetsten Druk, van nieuws oversien en verbetert | Lant-meter ende Wijn-roeyer der Stadt LEYDEN | De zes eerste Boecken EUCLIDIS | by-gevoeght zijn eenige nut-tigheden, uyt deselve Boecken getrocken: Mitsgaders de Specien in Geometrische figuren, als ’t maken, veranderen, t’samen voegen, aftrecken, vermeenighvuldigen, ende deelen | Over-geset, verklaert, ende uyt-geleyt tot vorderinge ende oeffeninge van alle leer-gierige Liefhebbers der selver vrye Konste | by-gevoegde nuttigheden, met de specien in Geometrische figuren breeder verklaert ende vermeerdert | EUCLIDIS",alle leer-gierige Liefhebbers der selver vrye Konste | Lant-meter ende Wijn-roeyer der Stadt LEYDEN
Amsterdam_1701b,1701,Amsterdam,LATIN,Theoretical Mathematics,,,True,False,True,True,elements_language_no_euclid,False,False,False,False,False,False,True,False,True,False,ELEMENTA GEOMETRIÆ PLANÆ AC SOLIDÆ,ELEMENTA GEOMETRIÆ PLANÆ AC SOLIDÆ,,,accedunt | ELEMENTA GEOMETRIÆ PLANÆ AC SOLIDÆ | SOC. JESU Sacerd. & Matheseos Professore | ARCHIMEDE | ELEMENTA GEOMETRIÆ PLANÆ AC SOLIDÆ | selecta EX ARCHIMEDE THEOREMATA,SOC. JESU | SOC. JESU Sacerd. & Matheseos Professore | ARCHIMEDE
Amsterdam_1702,1702,Amsterdam,DUTCH,Theoretical Mathematics,,,True,True,True,False,euclid_procedural_pedagogical,False,True,False,False,False,False,False,False,True,False,DE SES EERSTE BOEKEN DER BEGINSELEN EUCLIDIS,DE SES EERSTE BOEKEN DER BEGINSELEN EUCLIDIS,EUCLIDIS,,GEDEMONSTREERT | DE SES EERSTE BOEKEN DER BEGINSELEN EUCLIDIS | Lector in de MATHESIS tot LEYDEN | DE SES EERSTE BOEKEN DER BEGINSELEN EUCLIDIS | EUCLIDIS,Lector in de MATHESIS tot LEYDEN
Ansbach_1610,1610,Ansbach,"GERMAN, LATIN",Practical Geometry | Theoretical Mathematics,Construction | Surveying,Arithmetic | Military Engineering,True,True,True,False,euclid_procedural_pedagogical,False,True,False,False,False,False,False,False,True,True,Die Ersten Sechs Bücher Elementorum EVCLIDIS,Die Ersten Sechs Bücher Elementorum EVCLIDIS,EVCLIDIS,,"übergesetzet | erkläret | jenigen, so sich der Geometria, im Rechnen, Kriegsswesen, Feldtmässen, Bauen, vnd andern Künsten vnnd Handtwerckern zugebrauchen haben | Die Ersten Sechs Bücher Elementorum EVCLIDIS | In welchen die Anfäng vnd Gründe der Geometria ordenlich gelehret, vnd gründtlich erwiesen werden | Franc. Fürstlichen Brandenb | Die Ersten Sechs Bücher Elementorum EVCLIDIS | mit verständtlichen Exempeln in Linien vnd gemeinen Rational Zahlen | Auch mit Newen Figuren | Griechischer | deutsche | EVCLIDIS","jenigen, so sich der Geometria, im Rechnen, Kriegsswesen, Feldtmässen, Bauen, vnd andern Künsten vnnd Handtwerckern zugebrauchen haben | Franc. Fürstlichen Brandenb | Hanss Philip Fuchss von Bimbach, zu Möhrn, Alten Rechenberg vnd Schwaningen, Obristen"
Antwerp_1645,1645,Antwerp,LATIN,Theoretical Mathematics,,,True,True,False,False,euclid_procedural_pedagogical,False,True,False,False,False,False,False,False,True,False,EVCLIDIS ELEMENTORVM GEOMETRICORVM LIBROS TREDECIM ISIDORVM,EVCLIDIS ELEMENTORVM GEOMETRICORVM LIBROS TREDECIM ISIDORVM,EVCLIDIS,,"illustrauit | locupletauit | EVCLIDIS ELEMENTORVM GEOMETRICORVM LIBROS TREDECIM ISIDORVM | Immissionemq´ ue duarum rectarum linearum continué proportionalium inter duas rectas, tàm secundùm Antiquos, quàm se-cundùm Recentiores Geometras, nouis vbique ferè demonstrationibus illustrauit, & multis definitionibus, axiomatibus, propositionibus, corollariis, & animaduersionibus, ad Geometriam rectè intelligen-dam necessariis, locupletauit | E Societate IESV Sacerdos, patria Ornacensis in libero Comitatu Burgundiæ, & Regius Mathematicarum Professor | EVCLIDIS ELEMENTORVM GEOMETRICORVM LIBROS TREDECIM ISIDORVM | Immissionemq´ ue duarum rectarum linearum continué proportionalium inter duas rectas | nouis vbique ferè demonstrationibus | multis definitionibus, axiomatibus, propositionibus, corollariis, & animaduersionibus | HYPSICLEM | Recentiores de Corporibus Regularibus | PROCLI PROPOSITIONES GEO-METRICAS | HYPSICLEM | Recentiores de Corporibus Regularibus | PROCLI PROPOSITIONES GEO-METRICAS | EVCLIDIS","Societate IESV | E Societate IESV Sacerdos, patria Ornacensis in libero Comitatu Burgundiæ, & Regius Mathematicarum Professor | PHILIPPO IIII. HISPANIARVM ET INDIARVM REGI CATHOLICO"
Antwerp_1654,1654,Antwerp,LATIN,Theoretical Mathematics,,,True,False,True,True,elements_language_no_euclid,False,False,False,False,False,False,True,False,True,False,ELEMENTA GEOMETRIÆ PLANÆ AC SOLIDÆ,ELEMENTA GEOMETRIÆ PLANÆ AC SOLIDÆ,,,ACCEDVNT | Lectorem | ELEMENTA GEOMETRIÆ PLANÆ AC SOLIDÆ | SOCIETATIS IESV Sacerdote & Matheseos Professore | ELEMENTA GEOMETRIÆ PLANÆ AC SOLIDÆ | SELECTA EX ARCHIMEDE THEOREMATA,Lectorem | SOCIETATIS IESV | SOCIETATIS IESV Sacerdote & Matheseos Professore
Antwerp_1665,1665,Antwerp,LATIN,Theoretical Mathematics,,Mechanics,True,False,True,True,elements_language_no_euclid,False,True,False,False,False,False,True,False,True,False,ELEMENTA GEOMETRIÆ PLANÆ AC SOLIDÆ,ELEMENTA GEOMETRIÆ PLANÆ AC SOLIDÆ,,,ad Lectorem | ELEMENTA GEOMETRIÆ PLANÆ AC SOLIDÆ | EDITIO SECUNDA CORRECTIOR | SOCIETATIS IESV | Sacerdote & Matheseos Professore | ARCHIMEDE | ELEMENTA GEOMETRIÆ PLANÆ AC SOLIDÆ | QVIƲS ACCEDVNT SELECTA EX ARCHIMEDE THEOREMATA | EX ARCHIMEDE THEOREMATA,ad Lectorem | SOCIETATIS IESV | SOCIETATIS IESV | Sacerdote & Matheseos Professore | ARCHIMEDE
Antwerp_1672,1672,Antwerp,LATIN,Theoretical Mathematics,,,True,False,True,True,elements_language_no_euclid,False,True,False,False,False,False,True,False,True,False,ELEMENTA GEOMETRIÆ PLANÆ AC SOLIDÆ,ELEMENTA GEOMETRIÆ PLANÆ AC SOLIDÆ,,,ACCEDVNT | Lectorem | ELEMENTA GEOMETRIÆ PLANÆ AC SOLIDÆ | EDITIO TERTIA CORRECTIOR | SOCIETATIS IESV Sacerdote & Matheseos Professore | ARCHIMEDE | ELEMENTA GEOMETRIÆ PLANÆ AC SOLIDÆ | SELECTA EX ARCHIMEDE THEOREMATA | SELECTA EX ARCHIMEDE THEOREMATA,Lectorem | SOCIETATIS IESV | SOCIETATIS IESV Sacerdote & Matheseos Professore | ARCHIMEDE
Arnhem_1603,1603,Arnhem,LATIN,Theoretical Mathematics,,,True,True,True,False,euclid_geometry_theory_primary,False,False,False,False,False,False,False,False,True,False,IN GEOMETRIAM EVCLIDIS prioribus sex Elementorum libris,IN GEOMETRIAM EVCLIDIS prioribus sex Elementorum libris,EVCLIDIS,,IN GEOMETRIAM EVCLIDIS prioribus sex Elementorum libris | comprehensam Demonstratio Linealis | IN GEOMETRIAM EVCLIDIS prioribus sex Elementorum libris | EVCLIDIS,CHRISTIANVM IV. Serenissimum Daniæ & Septentrionis Regem
Arnhem_1605,1605,Arnhem,LATIN,Arithmetic,,Theoretical Mathematics,True,True,True,False,euclid_elements_other,False,False,False,False,False,False,False,False,False,False,ARITHMETICAM RATIO- NALIVM EVCLIDIS,ARITHMETICAM RATIO- NALIVM EVCLIDIS,EVCLIDIS,,"comprehenſam | ARITHMETICAM RATIO- NALIVM EVCLIDIS | Septimo, Octavo & Nono Elementorum libris | ARITHMETICAM RATIO- NALIVM EVCLIDIS | EVCLIDIS",IACOBVM I. Magnæ Britanniæ Franciæ & Hyberniæ Regem
Arnhem_1605a,1605,Arnhem,LATIN,Theoretical Mathematics,,,True,True,True,False,euclid_geometry_theory_primary,False,False,False,False,False,False,False,False,True,False,EV- CLIDIS Decimo Elementorum libro,EV- CLIDIS Decimo Elementorum libro,EV- CLIDIS,,EV- CLIDIS Decimo Elementorum libro | IN ARITHMETICAM IRRATIONALIVM | Demonstratio Linealis & Numeralis | EV- CLIDIS Decimo Elementorum libro | EV- CLIDIS,HENRICVM Walliæ Principem
Arnhem_1620,1620,Arnhem,LATIN,Theoretical Mathematics,,,True,True,True,False,euclid_humanist_transfer,False,True,False,False,True,False,False,False,True,False,Euclidea Elementa,Euclidea Elementa,Euclidea,,"corriguntur | reijciuntur | edita | donata | Euclidea Elementa | nonnulla corriguntur, nonnulla ut falsa reijciuntur | NOVA REPERTA GEOMETRICA | Hispanice edita, jam vero latinitate donata | Euclidea Elementa | Hispanice | latinitate | Euclidea",NICOLAO IANSONIO Arnh. Geldro
Augsburg_1555,1555,Augsburg,GERMAN,Arithmetic | Theoretical Mathematics,,,True,True,False,False,euclid_utility_public,False,True,False,True,False,False,False,False,True,False,"das sibend, acht und neünt büch, des hochberümbten Mathematici Euclidis Megarensis","das sibend, acht und neünt büch, des hochberümbten Mathematici Euclidis Megarensis",Euclidis | Eu-clidis,des hochberümbten Mathematici Euclidis Megarensis,"auß dem latein ins teütsch gebracht | mit gemainen exemplen also illustrirt | allen den, so die kunst der Rechnung liebhaben | das sibend, acht und neünt büch, des hochberümbten Mathematici Euclidis Megarensis | in welchen der operationen vnnd regulen aller gemainer rechnung, vrsach grund vnd fundament, angezaigt wirt | Mag-istrum | der löblichen vniuersitet zü Tübingen des Eu-clidis vnd Arithmetic Ordinarien | das sibend, acht und neünt büch, des hochberümbten Mathematici Euclidis Megarensis | mit gemainen exemplen also illustrirt | des hochberümbten Mathematici Euclidis Megarensis | latein | teütsch | Euclidis | Eu-clidis","allen den, so die kunst der Rechnung liebhaben | vniuersitet zü Tübingen | Mag-istrum | der löblichen vniuersitet zü Tübingen des Eu-clidis vnd Arithmetic Ordinarien"
B80KIT,1653,Bologna,ITALIAN,Practical Geometry,,,False,False,False,False,not_euclid_elements,False,False,False,False,False,False,False,False,False,False,,,,,data in luce | alias Prencipe Pittore da Spilimberto,Compagnia di Giesù | alias Prencipe Pittore da Spilimberto | il Sig. ERCOLE MARISCOTTI
B9OW5O,1583,Vienna,GERMAN,Perspective | Practical Geometry,Architecture,,False,False,False,False,not_euclid_elements,False,False,False,False,False,False,False,False,False,False,,,,,gestelt | allen Ma- lern / Tischlern,allen Ma- lern / Tischlern
BCYM68,1638,Paris,FRENCH,Perspective,Instrument Use | Practical Geometry,,False,False,False,False,not_euclid_elements,False,False,False,False,False,False,False,False,False,False,,,,,"aux Peintres, Architectes, Graueurs, Sculpteurs, & à tous autres | PERE | Parisien de l’Ordre des Minimes | L’Optique, par la vision directe | La Catoptrique, par la reflexion des miroirs { plats, Cylindriques & Coniques | La Dioptrique, par la refraction des Crystaux | L’Optique | La Catoptrique | La Dioptrique","aux Peintres, Architectes, Graueurs, Sculpteurs, & à tous autres | l’Ordre des Minimes | PERE | Parisien de l’Ordre des Minimes"
BFI81M,1629,Padua,ITALIAN,Architecture,Construction | Perspective,Astronomy | Practical Geometry | Theoretical Mathematics,False,False,False,False,not_euclid_elements,False,False,False,False,False,False,False,False,False,False,,,,,"PADOVANO PITTORE, ET ARCHITETTO | CON ALCVNE DIFFINITIONI DE' PRINCIPII GEOMETRICI, Meteorologici, e Mathematici, & regole nella prospettiua, & della simmetria humana | Con le Annotationi, & Tauole delle cose notabili","PADOVANO PITTORE, ET ARCHITETTO | GIO: MARIA GIVNTI"
BKH4JK,1656,Oxford,LATIN,Theoretical Mathematics,,,False,False,False,False,not_euclid_elements,False,False,False,False,False,False,False,False,False,False,DE ANGULO CONTACTUS ET SEMICIRCULI,,,,DE ANGULO CONTACTUS ET SEMICIRCULI | Disquisitio Geometrica | GEOMETRIAE PROFESSORIS SAVILIANI in Celeberrimâ Academiâ OXONIENSI,Academiâ OXONIENSI | GEOMETRIAE PROFESSORIS SAVILIANI in Celeberrimâ Academiâ OXONIENSI
BQ96WF,1758,Göttingen,GERMAN,Arithmetic | Perspective | Theoretical Mathematics | Trigonometry,,,False,False,False,False,not_euclid_elements,False,False,False,False,False,False,False,False,False,False,,,,,,Königl. Gesellschaft der Wissenschaften
Bamberg_1677,1677,Bamberg,LATIN,Theoretical Mathematics,Mechanics,,False,False,False,False,not_euclid_elements,False,False,False,False,False,False,False,False,False,False,,,,,"digesta | disposita | Additis | Accesserunt | quivis, vel mediocri præditus ingenio | REGIS -CURIANI, E SOCIETATE JESU | Additis INDICIBUS locupletissimis | THEORESES MECHANICÆ NOVÆ | THEORESES MECHANICÆ NOVÆ","quivis, vel mediocri præditus ingenio | ejusdem SOCIETATIS IESU Gymnasio Matheseos | REGIS -CURIANI, E SOCIETATE JESU"
Barcelona_1698,1698,Barcelona,SPANISH,Theoretical Mathematics,,,True,True,True,False,euclid_sparse_canonical,True,False,False,False,False,False,False,False,True,False,Libro primero (- sexto) de los Elementos Geometricos de Euclides,Libro primero (- sexto) de los Elementos Geometricos de Euclides,Euclides,,Libro primero (- sexto) de los Elementos Geometricos de Euclides | Libro primero (- sexto) de los Elementos Geometricos de Euclides | Euclides,
Basel_1533,1533,Basel,"GREEK, LATIN",,Theoretical Mathematics,,True,True,False,False,euclid_composite_workshop,False,False,True,False,False,False,False,True,False,False,ΕΥΚΛΕΙΔΟΥ ΣΤΟΙΧΕΙΩΝ ΒΙΒΛ. ΙΕ,,ΕΥΚΛΕΙΔΟΥ,,Adiecta | ΕΥΚΛΕΙΔΟΥ ΣΤΟΙΧΕΙΩΝ ΒΙΒΛ. ΙΕ | Πρόκλου | ΕΚ ΤΩΝ ΘΕΩΝΟΣ ΣΥΝΟΥΣΙΩΝ | ἐξηγημάτων Πρόκλου βιβ. δ΄ | ΘΕΩΝΟΣ ΣΥΝΟΥΣΙΩΝ | Πρόκλου βιβ. δ΄ | ΕΥΚΛΕΙΔΟΥ,Πρόκλου
Basel_1537,1537,Basel,LATIN,Theoretical Mathematics,Astronomy,,True,True,True,False,euclid_composite_workshop,False,True,True,False,True,False,False,False,True,False,EVCLIDIS MEGARENSIS MATHEMATICI CLARISSIMI EL- EMENtorum Geometricorum. Lib. XV | Elementorum geo- metricorum libri xv | Elementorum geometricorum libri xv,EVCLIDIS MEGARENSIS MATHEMATICI CLARISSIMI EL- EMENtorum Geometricorum. Lib. XV | Elementorum geo- metricorum libri xv | Elementorum geometricorum libri xv,EVCLIDIS | Euclidis Megarensis,EVCLIDIS MEGARENSIS MATHEMATICI CLARISSIMI | Megarensis mathematici clarissimi | MEGArensis mathematici clarissimi,"donata | adiecta | adiecta sunt | donata | EVCLIDIS MEGARENSIS MATHEMATICI CLARISSIMI EL- EMENtorum Geometricorum. Lib. XV | Elementorum geo- metricorum libri xv | Elementorum geometricorum libri xv | Cum expositione THEONIS in priores XIII à Batholomæo Veneto latinitate donata, CAMPANI in omnes, & HYPSICLIS Alexandrini in duos postremos | Cum expositione Theonis in priores XIII à Bartholomæo Veneto | THEONIS | CAMPANI | HYPSICLIS Alexandrini | Marini | Leui | Theonis | Bartholomæo Veneto | Hypsiclis Alexandrini | Marini | Theonis | EVCLIDIS MEGARENSIS MATHEMATICI CLARISSIMI EL- EMENtorum Geometricorum. Lib. XV | Elementorum geo- metricorum libri xv | Elementorum geometricorum libri xv | Phænomena, Catoptrica & Optica | Protheoria Marini & Data | Opusculum de Leui & Ponderoso | Phænomena, Catoptrica & Optica | Protheoria Marini | Data | Opusculum de Leui & Ponderoso | Phænomena, Catoptrica & Optica | Protheoria Marini & Data | Opusculum de Leui & Ponderoso | Phænomena, Catoptrica & Optica, deinde Protheoria Marini & Data | Opusculum de Leui & Ponderoso | Phænomena, Catoptrica & Optica | Protheoria Marini | Data | Opusculum de Leui & Ponderoso | Phænomena | Catoptrica | Optica | Protheoria Marini | Data | Opusculum de Leui & Ponderoso | EVCLIDIS MEGARENSIS MATHEMATICI CLARISSIMI | Megarensis mathematici clarissimi | MEGArensis mathematici clarissimi | Latinitate | latinitate | latinitate | EVCLIDIS | Euclidis Megarensis",Batholomæo Veneto | THEONIS | CAMPANI | HYPSICLIS Alexandrini | Marini | Leui | Theonis | Bartholomæo Veneto | Hypsiclis Alexandrini | Marini | Theonis
Basel_1546a,1546,Basel,"DUTCH, LATIN",Arithmetic | Music Theory,,,False,False,False,False,not_euclid_elements,False,False,False,False,False,False,False,False,False,False,,,,,emendauimus | illustrauit | restituit | Aristoteles | HENRICHVS LORITVS GLAREANVS | MARTIANVS ROTA | Boëthi,monasterio S. Georgij | Aristoteles | HENRICHVS LORITVS GLAREANVS | MARTIANVS ROTA | Boëthi
Basel_1546b,1546,Basel,LATIN,Theoretical Mathematics,,Astronomy | Cartography | Cosmography | Geography | Mechanics,True,True,True,False,euclid_composite_workshop,False,True,True,False,True,False,False,False,True,False,Euclidis Megarensis mathematici clarissimi Elementorum geometricorum libri XV,Elementorum geometricorum libri XV,Euclidis,Megarensis mathematici clarissimi,donata | adiecta sunt | Euclidis Megarensis mathematici clarissimi Elementorum geometricorum libri XV | Cum expositione Theonis in priores XIII à Bartholomaeo Veneto | Latinitate donata | Veneto | Theonis | Hypsiclis Alexandrini | Marini | Levi | Elementorum geometricorum libri XV | Phaenomena | Catoptrica | Optica | Protheoria Marini | Data | Opusculum de Levi & Ponderoso | Phaenomena | Catoptrica | Optica | Protheoria Marini | Data | Opusculum de Levi & Ponderoso | Phaenomena | Catoptrica | Optica | Protheoria Marini | Data | Opusculum de Levi & Ponderoso | Megarensis mathematici clarissimi | Latinitate | Euclidis,Veneto | Theonis | Hypsiclis Alexandrini | Marini | Levi
Basel_1550,1550,Basel,LATIN,Theoretical Mathematics,,Arithmetic,True,True,False,False,euclid_composite_workshop,False,True,True,False,True,False,False,False,True,False,SEX LIBRI PRIORES,SEX LIBRI PRIORES,EVCLIDIS Megarensis | Euclidis,"Megarensis, Philosophi & MatheMATICI EXCEL-LENTISSIMI | Euclidis professore ordinario","adiectis | præmissæ | studiosorum | SEX LIBRI PRIORES | DE Geometricis principijs, Græci & Latini, unà cum demonstrationibus propositionum, absque literarum notis, ueris ac proprijs, & alijs quibusdam, usum earum concernentibus | IN inclyta Academia Tubingensi Euclidis professore ordinario | SEX LIBRI PRIORES | adiectis | ALGEBRAE PORRO REGVLAE, PROPTER NVMErorum exempla, passim propositionibus adiecta, his libris præmissæ sunt, eædemque demonstratæ | ALGEBRAE PORRO REGVLAE | Megarensis, Philosophi & MatheMATICI EXCEL-LENTISSIMI | Euclidis professore ordinario | Græci | Latini | EVCLIDIS Megarensis | Euclidis",studiosorum | Academia Tubingensi | IN inclyta Academia Tubingensi Euclidis professore ordinario
Basel_1562,1562,Basel,GERMAN,Theoretical Mathematics,Arithmetic | Practical Geometry,,True,True,False,False,euclid_geometry_theory_primary,False,False,False,False,False,False,False,False,True,False,Die Sechs Erste Bücher Euclidis,Die Sechs Erste Bücher Euclidis,Euclidis,,"gebracht | erklärt | geziert | gegeben | genant | den Kunstliebenden Teütschen | Die Sechs Erste Bücher Euclidis | Vom anfang oder grund der Geometrj | von Augspurg | Die Sechs Erste Bücher Euclidis | aigenttlich erklärt | verstentlichen Exempeln, gründlichen Figurn | allerlaj den nutz füraugen stellenden Anhängen | Griechischer | Teütsch | Euclidis",den Kunstliebenden Teütschen | von Augspurg
Basel_1570,1570,Basel,"DUTCH, LATIN",Arithmetic | Music Theory | Theoretical Mathematics,,Practical Geometry,False,False,False,False,not_euclid_elements,False,False,False,False,False,False,False,False,False,False,"ANITII MANLII SEVERINI BOETHI, PHILOSOPHORVM ET THEOLOGORVM PRINCIPIS OPERA omnia",,,,"recognita | emendatiss | prodeunt | ACCESSERVNT | restituit | illustrauit | descripsit | ANITII MANLII SEVERINI BOETHI, PHILOSOPHORVM ET THEOLOGORVM PRINCIPIS OPERA omnia | præter uniuersæ philosophiæ exactissimam doctrinam, pluri-morum in diuinis mysteriorum, & diiciliorum locorum in Platone, Aristotele alijsque Græcis & Latinis autoribus luculentissimæ expli-cationes | nunc denuò per doctos uiros recognita | primùm emendatiss. in lucem prodeunt | Episcopi Pictauiensis | Ioannis Murmelij | Rodolphi Agricolæ | Gilberti Porretæ | HENRICVS LORITVS GLAREANVS | MAR-TIANVS ROTA | Plato | Gilberti Porretæ, Episcopi Pictauiensis | demonstrationibus & figuris | Ioannis Murmelij in v. Lib. De Consolatione Philosophiæ commentaria | Rodolphi Agricolæ Enarrationes | Gilberti Porretæ, Episcopi Pictauiensis in IIII. Lib. de Trinitate commentarij | HENRICVS LORITVS GLAREANVS, Arithmeticam & Musicam demonstrationibus & figuris auctiorem redditam | MAR-TIANVS ROTA, opus de tota differendi ratione, hoc est, organum, Dialecticæ & Rhetoricæ studiosis necessarium | De Consolatione Philosophiæ | Enarrationes | de Trinitate | Arithmeticam & Musicam | opus de tota differendi ratione","monasterio S. Georgij | Episcopi Pictauiensis | Ioannis Murmelij | Rodolphi Agricolæ | Gilberti Porretæ | HENRICVS LORITVS GLAREANVS | MAR-TIANVS ROTA | Plato | Gilberti Porretæ, Episcopi Pictauiensis"
Beaulieu-1,1676,Paris,FRENCH,Military Engineering | Practical Geometry | Surveying,Architecture | Arithmetic | Construction | Theoretical Mathematics,,False,False,False,False,not_euclid_elements,False,False,False,False,False,False,False,False,False,False,,,,,"pour ceux qui n’ont connoissance des Mathematiques | Ingenieur, Geographe du Roy, Arpenteur juré ordinaire de sa Majesté, au departement de la Rochelle","pour ceux qui n’ont connoissance des Mathematiques | Ingenieur, Geographe du Roy, Arpenteur juré ordinaire de sa Majesté, au departement de la Rochelle"
Beijing_1607,1607,Beijing,CHINESE,,,,True,True,True,False,euclid_no_primary_subject,False,False,False,False,False,False,False,True,False,False,幾何原本,幾何原本,,,幾何原本 | 幾何原本,
Beijing_1629,1629,Beijing,CHINESE,Theoretical Mathematics,,Astronomy,False,False,False,False,not_euclid_elements,False,False,False,False,False,False,False,False,False,False,,,,,,
Berlin_1824,1824,Berlin,"GREEK, LATIN",,,Theoretical Mathematics,True,True,True,False,euclid_composite_workshop,False,True,True,False,True,False,False,True,False,False,LIBRI SEX PRIORES,EUCLIDIS ELEMENTORUM LIBRI SEX PRIORES,EUCLIDIS,,"EDIDIT | COMPLECTENS | LIBRI SEX PRIORES | COMPLECTENS LIBR. I–III | GYMNASII STUTTGARDIANI RECTOR | PFLEIDERERI | EUCLIDIS ELEMENTORUM LIBRI SEX PRIORES | COMMENTARIO E SCRIPTIS VETERUM AC RECENTIORUM MATHEMATICORUM ET PFLEIDERERI, MAXIME ILLUSTRATI | CUM X. TABULIS | GRAECE | LATINE | GRAECE | LATINE | EUCLIDIS",GYMNASII STUTTGARDIANI | GYMNASII STUTTGARDIANI RECTOR | PFLEIDERERI
Bologna_1620,1620,Bologna,ITALIAN,Practical Geometry,Arithmetic | Astronomy | Mechanics,,True,True,True,False,euclid_geometry_theory_primary,False,False,False,False,False,False,False,False,True,True,I PRIMI SEI LIBRI DE GL’ ELEMENTI d’Euclide,I PRIMI SEI LIBRI DE GL’ ELEMENTI d’Euclide,d’Euclide,,"ridotti alla Pratica | I PRIMI SEI LIBRI DE GL’ ELEMENTI d’Euclide | Ne mostrano le inventioni delle regole geometriche, arithmetiche, mechaniche, & d’astronomia, & d’ottimo uso | ridotti alla Pratica | LETTORE DELLE SCIENZE Matematiche nello Studio di Bologna | I PRIMI SEI LIBRI DE GL’ ELEMENTI d’Euclide | d’Euclide",Studio di Bologna | LETTORE DELLE SCIENZE Matematiche nello Studio di Bologna | ALL’ILL. ET NOBILISS. SIG. IL SIG. GREGORIO MALVEZZI
Bologna_1629a,1629,Bologna,LATIN,,,Practical Geometry | Theoretical Mathematics,True,True,False,False,euclid_procedural_pedagogical,False,True,False,False,False,False,False,True,False,False,SPECVLVM EVCLIDIANVM,SPECVLVM EVCLIDIANVM,EVCLIDIANVM | Euclidis,,"repraesentans | enodans | Illustrissimos, & Sapientissimos SENATVS BONONIENSIS Quinquaginta Viros | SPECVLVM EVCLIDIANVM | Totam Euclidis Planimetriam, Quæ absoluta dicitur; & Extranea nonnulla, Geometrica tamen, internotata unico in Schemaste lineariter repraesentans, Omniaque propriis, firmisque Demonstrationibus clarè, atq; particulatim enodans | Philosophiæ & Medicinæ Doctore Collegiatò Bonon. & publico Patriæ Archigymnasij Professore | SPECVLVM EVCLIDIANVM | EVCLIDIANVM | Euclidis","Illustrissimos, & Sapientissimos SENATVS BONONIENSIS Quinquaginta Viros | Collegiatò Bonon | Patriæ Archigymnasij | SENATVS BONONIENSIS | Philosophiæ & Medicinæ Doctore Collegiatò Bonon. & publico Patriæ Archigymnasij Professore | SENATVS BONONIENSIS Quinquaginta Viros"
Bologna_1651,1651,Bologna,ITALIAN,,,,True,True,True,False,euclid_humanist_transfer,False,False,False,False,True,False,False,True,False,False,DE GLI ELEMENTI DI EVCLIDE Li Primi sei Libri,DE GLI ELEMENTI DI EVCLIDE Li Primi sei Libri,EVCLIDE,,Tradotti | DE GLI ELEMENTI DI EVCLIDE Li Primi sei Libri | DE GLI ELEMENTI DI EVCLIDE Li Primi sei Libri | Italiana | EVCLIDE,SENATO DI BOLOGNA | SENATO DI BOLOGNA
Bologna_1651a,1651,Bologna,ITALIAN,,,,True,True,True,False,euclid_humanist_transfer,False,False,False,False,True,False,False,True,False,False,DE GLI ELEMENTI DI EVCLIDE Li Primi sei Libri,DE GLI ELEMENTI DI EVCLIDE Li Primi sei Libri,EVCLIDE,,Tradotti | DE GLI ELEMENTI DI EVCLIDE Li Primi sei Libri | Tradotti in lingua Italiana | DE GLI ELEMENTI DI EVCLIDE Li Primi sei Libri | Italiana | EVCLIDE,SENATO DI BOLOGNA
Bologna_1663,1663,Bologna,ITALIAN,Theoretical Mathematics,,,True,True,True,False,euclid_method_access,False,True,False,False,False,True,False,False,True,False,Gl’ antichi Elementi della Geometria,Gl’ antichi Elementi della Geometria,EVCLIDE,,"RINNOVATO | Volgarizzato | reuisito | corretto | ridotti | Gl’ antichi Elementi della Geometria | ridotti à maggior breuità, e facilità, In cui con nuovo, e più sicuro modo si dimostra il trattato delle Proporzioni | RINNOVATO | reuisito, e corretto | Fiorentino | Gl’ antichi Elementi della Geometria | EVCLIDE",Studio di Messina | Fiorentino | SIG. GIO. ALFONSO BORELLI
Bologna_1684,1684,Bologna,LATIN,Theoretical Mathematics,,,True,True,True,False,euclid_composite_workshop,False,True,True,False,False,False,False,False,True,False,SEX PRIORA EVCLIDIS GEOMETRICA ELEMENTA,SEX PRIORA EVCLIDIS GEOMETRICA ELEMENTA,EVCLIDIS,,"edita | consecrata | studiosæ iuuentutis | SEX PRIORA EVCLIDIS GEOMETRICA ELEMENTA | Denuò clarioribus Auctorum demonstrationibus, vnà cum breuissimo proportionum tractatu | in gratiam studiosæ iuuentutis edita | SEX PRIORA EVCLIDIS GEOMETRICA ELEMENTA | cum breuissimo proportionum tractatu | EVCLIDIS",studiosæ iuuentutis | Illustrissimo Domino D. IOANNI FRANCISCO POLO Patritio Veneto
Bologna_1686,1686,Bologna,ITALIAN,,,,True,True,True,False,euclid_humanist_transfer,False,False,False,False,True,False,False,True,False,False,DE GLI ELEMENTI DI EVCLIDE Li Primi sei Libri,DE GLI ELEMENTI DI EVCLIDE Li Primi sei Libri,EVCLIDE,,Tradotti | DE GLI ELEMENTI DI EVCLIDE Li Primi sei Libri | DE GLI ELEMENTI DI EVCLIDE Li Primi sei Libri | Italiana | EVCLIDE,SENATO DI BOLOGNA | SENATO DI BOLOGNA
Bologna_1693,1693,Bologna,LATIN,,,,True,True,True,False,euclid_method_access,False,True,False,False,False,True,False,True,False,False,"PLANORVM, AC SOLIDORVM EVCLIDIS ELEMENTA","PLANORVM, AC SOLIDORVM EVCLIDIS ELEMENTA",EVCLIDIS,,"explicata | PLANORVM, AC SOLIDORVM EVCLIDIS ELEMENTA | Facilioribus Auctorum demonstrationibus | PHILOSOPHIÆ DOCT | PLANORVM, AC SOLIDORVM EVCLIDIS ELEMENTA | Facilioribus Auctorum demonstrationibus | EVCLIDIS",Vniuersali Studio Bononiæ Scientiarum | SENATUS BONONIEN | PHILOSOPHIÆ DOCT
Brussels_1688,1688,Brussels,SPANISH,Theoretical Mathematics,,Practical Geometry,True,True,True,False,euclid_composite_workshop,False,True,True,False,False,False,False,False,True,False,"LOS SEIS PRIMEROS LIBROS, ONZE, Y DOZE DE LOS ELEMENTOS DE EUCLIDES MEGARENSE","LOS SEIS PRIMEROS LIBROS, ONZE, Y DOZE DE LOS ELEMENTOS DE EUCLIDES",EUCLIDES,,"Augmentados | Al Excelentissimo Señor MARQUES DE BEDMAR, Capitan General de la Artilleria del Exercito de los Payses Baxos | LOS SEIS PRIMEROS LIBROS, ONZE, Y DOZE DE LOS ELEMENTOS DE EUCLIDES MEGARENSE | el Capitan | Maestro de Mathematicas | LOS SEIS PRIMEROS LIBROS, ONZE, Y DOZE DE LOS ELEMENTOS DE EUCLIDES | Augmentados de muchas Proposiciones curiosas que facilitan su uso | EUCLIDES","Al Excelentissimo Señor MARQUES DE BEDMAR, Capitan General de la Artilleria del Exercito de los Payses Baxos | el Capitan | Maestro de Mathematicas | Al Excelentissimo Señor MARQUES DE BEDMAR, Capitan General de la Artilleria del Exercito de los Payses Baxos | el Capitan DON SEBASTIAN FERNANDEZ DE MEDRANO, Maestro de Mathematicas"
Brussels_1689,1689,Brussels,SPANISH,Theoretical Mathematics,,Mechanics,True,True,True,False,euclid_geometry_theory_primary,False,False,False,False,False,False,False,False,True,False,ELEMENTOS GEOMETRICOS DE EVCLIDES,"ELEMENTOS GEOMETRICOS DE EVCLIDES, LOS SEIS PRIMEROS LIBROS DE LOS PLANOS; Y LOS ONZENO, Y DOZENO DE LOS SOLIDOS",EVCLIDES,,"TRADVCIDOS | EXPLICA-DOS | ELEMENTOS GEOMETRICOS DE EVCLIDES | LOS SEIS PRIMEROS LIBROS DE LOS PLANOS; Y LOS ONZENO, Y DOZENO DE LOS SOLIDOS | DE LA COMPAñIA DE JESVS | Cathedratico de Mathematicas en los Estudios Reales del Colegio Imperial de Madrid; y en interin en la Armada Real en Cadiz | ARCHIMEDES | ELEMENTOS GEOMETRICOS DE EVCLIDES, LOS SEIS PRIMEROS LIBROS DE LOS PLANOS; Y LOS ONZENO, Y DOZENO DE LOS SOLIDOS | CON ALGVNOS SELECTOS THEOREMAS DE ARCHIMEDES | ALGVNOS SELECTOS THEOREMAS DE ARCHIMEDES | THEOREMAS DE ARCHIMEDES | EVCLIDES",COMPAñIA DE JESVS | Colegio Imperial de Madrid | Armada Real en Cadiz | DE LA COMPAñIA DE JESVS | Cathedratico de Mathematicas en los Estudios Reales del Colegio Imperial de Madrid; y en interin en la Armada Real en Cadiz | ARCHIMEDES
Brussels_1701,1701,Brussels,SPANISH,Theoretical Mathematics,,,True,True,True,False,euclid_utility_public,False,True,False,True,False,False,False,False,True,False,"LOS SEIS PRIMEROS LIBROS, ONZE, Y DOZE, DE LOS ELEMENTOS GEOMETRICOS","LOS SEIS PRIMEROS LIBROS, ONZE, Y DOZE, DE LOS ELEMENTOS GEOMETRICOS",EUCLIDES MEGARENSE,FAMOSO PHILOSOPHO EUCLIDES MEGARENSE,"Amplificado | LOS SEIS PRIMEROS LIBROS, ONZE, Y DOZE, DE LOS ELEMENTOS GEOMETRICOS | Sargento General de Batalla | Director de la Academia Real y Militar de los Payses-Bajos | LOS SEIS PRIMEROS LIBROS, ONZE, Y DOZE, DE LOS ELEMENTOS GEOMETRICOS | Amplificado de nuevas Demonstraciones | FAMOSO PHILOSOPHO EUCLIDES MEGARENSE | EUCLIDES MEGARENSE",Academia Real y Militar de los Payses-Bajos | Sargento General de Batalla | Director de la Academia Real y Militar de los Payses-Bajos | Exmo. Señor Marques de BEDMAR
C8SLYQ,1531,Simmern,GERMAN,Perspective | Practical Geometry,Architecture,,False,False,False,False,not_euclid_elements,False,False,False,False,False,False,False,False,False,False,Perspectiua,,,,Zu nutz allen kunstliebhabern / fürnemlich den Malern / Bildhauwern / Goldschmiden / Seidenstickern / Steynmetzen / Schreinern / auch allen andern | Perspectiua | Eyn schön nützlich büchlin vnd vnderweisung der kunst des Messens / mit dem Zir- ckel / Richtscheidt oder Linial | mit vil schö- nen darzu dienenden figuren | mit viel schö- nen darzu dienenden figuren | latein,Zu nutz allen kunstliebhabern / fürnemlich den Malern / Bildhauwern / Goldschmiden / Seidenstickern / Steynmetzen / Schreinern / auch allen andern
CG8KPH,1648,La Flèche,FRENCH,Perspective,Architecture | Instrument Use | Practical Geometry,,False,False,False,False,not_euclid_elements,False,False,False,False,False,False,False,False,False,False,,,,,Composé,
CYFAY3,1504,Florence,LATIN,,Perspective,,False,False,False,False,not_euclid_elements,False,False,False,False,False,False,False,False,False,False,,,,,,
Cambridge_1655,1655,Cambridge,LATIN,Theoretical Mathematics,,,True,True,True,False,euclid_procedural_pedagogical,False,True,False,False,False,False,False,False,True,False,EUCLIDIS ELEMENTORUM Libri xv,EUCLIDIS ELEMENTORUM Libri xv,EUCLIDIS,EUCLIDIS ELEMENTORUM,demonstrati | EUCLIDIS ELEMENTORUM Libri xv | breviter demonstrati | CANTABRIGIENSIS Coll. TRIN. Soc | EUCLIDIS ELEMENTORUM Libri xv | EUCLIDIS ELEMENTORUM | EUCLIDIS,Coll. TRIN. Soc | CANTABRIGIENSIS Coll. TRIN. Soc
Cambridge_1657,1657,Cambridge,LATIN,Theoretical Mathematics,,,True,True,True,False,euclid_composite_workshop,False,True,True,False,False,False,False,False,True,False,EUCLIDIS DATA,Elementa EUCLIDIS,EUCLIDIS,,edita | EUCLIDIS DATA | succinctè demonstrata | nuper edita | Mri. IS | CANTABRIGIENSIS Coll. Trin. Soc | Elementa EUCLIDIS | Emendation-ibus quibusdam | Additionibus | EUCLIDIS,Coll. Trin. Soc | Mri. IS | CANTABRIGIENSIS Coll. Trin. Soc
Cambridge_1665,1665,Cambridge,LATIN,Theoretical Mathematics,Astronomy,Trigonometry,True,True,True,False,euclid_composite_workshop,False,True,True,False,False,False,False,False,True,False,EUCLIDIS SEX PRIMI ELEMENTORUM GEOMETRI- CORVM LIBRI,EUCLIDIS SEX PRIMI ELEMENTORUM GEOMETRI- CORVM LIBRI,EUCLIDIS,,Accesserunt | EUCLIDIS SEX PRIMI ELEMENTORUM GEOMETRI- CORVM LIBRI | Commodiùs demonstrati | Editio prioribus auctior atq; castigatior | Matheseωs Professorem | Theodosii Tripolitæ | EUCLIDIS SEX PRIMI ELEMENTORUM GEOMETRI- CORVM LIBRI | Elementa Astronom-ica | Theodosii Tripolitæ Sphæricorum libri tres | Elementa Astronom-ica | Sphæricorum libri tres | EUCLIDIS,societate JESU | Matheseωs Professorem | Theodosii Tripolitæ
Cambridge_1703,1703,Cambridge,LATIN,,,Practical Geometry,True,False,True,True,elements_language_no_euclid,False,True,False,False,False,False,True,True,False,False,ELEMENTA GEOMETRIÆ PLANÆ AC SOLIDÆ,ELEMENTA GEOMETRIÆ PLANÆ AC SOLIDÆ,,,accedunt | emendata | illustrata | accommodata | ELEMENTA GEOMETRIÆ PLANÆ AC SOLIDÆ | in hac nova Editione | Summa cura emendata | A. M. Math-eseωs Professore LUCASIANO apud CANTABRIGIENSES | ARCHIMEDE | ELEMENTA GEOMETRIÆ PLANÆ AC SOLIDÆ | COROLLARIA non pauca illustrandis Elementis accommodata | varios propositionum pluri-marum USUS continentia | XL Schematibus novis æri incisis illustrata | SELECTA EX ARCHIMEDE THEOREMATA | SELECTA EX ARCHIMEDE THEOREMATA,SOC. JESU | CANTABRIGIENSES | A. M. Math-eseωs Professore LUCASIANO apud CANTABRIGIENSES | V. CL. ANDREÆ TACQUET SOC. JESU Sacerdotis | ARCHIMEDE
Cologne_1556,1556,Cologne,LATIN,,,,True,True,True,False,euclid_procedural_pedagogical,False,True,False,False,False,False,False,True,False,False,Elementorum Geometricorum liber primus,Elementorum Geometricorum liber primus,EVCLIDIS,EVCLIDIS MEGARENSIS MATHEMATICI CLARISS,"Elementorum Geometricorum liber primus | cui ex sequentibus libris accesserunt Propositiones selectæ atque ita ordinatae, ut demonstrari queant obseruata Geometrarum Methodo | Elementorum Geometricorum liber primus | EVCLIDIS MEGARENSIS MATHEMATICI CLARISS | EVCLIDIS",
Cologne_1580,1580,Cologne,LATIN,,,,True,True,False,False,euclid_procedural_pedagogical,False,True,False,False,False,False,False,True,False,False,EVCLIDIS ELEMENTORVM LIBRI XV,EVCLIDIS ELEMENTORVM LIBRI XV,EVCLIDIS,,"EVCLIDIS ELEMENTORVM LIBRI XV | Quibus, cùm ad omnem Mathematicæ scientiæ partem, tùm ad quamlibet Geometriæ tractationem, facilis comparatur aditus | EVCLIDIS ELEMENTORVM LIBRI XV | EVCLIDIS",
Cologne_1591,1591,Cologne,LATIN,Theoretical Mathematics,,,True,True,False,False,euclid_composite_workshop,False,True,True,False,False,False,False,False,True,False,EVCLIDIS ELEMENTORVM LIBRI XV | EVCLIDIS POSTERIORES LIBRI IX,EVCLIDIS ELEMENTORVM LIBRI XV | EVCLIDIS POSTERIORES LIBRI IX,EVCLIDIS,,"Accessit | editi | recogniti | emendati | illustrati | locupletati | EVCLIDIS ELEMENTORVM LIBRI XV | EVCLIDIS POSTERIORES LIBRI IX | Omnes perspicuis DEMONSTRATIONIBVS, accuratisque SCHOLIIS illustrati | Nunc tertiò editi, summaque diligentia recogniti, atque emendati | Nunc tertiò editi, ac multarum rerum accessione locupletati | è Societate IESV | EVCLIDIS ELEMENTORVM LIBRI XV | EVCLIDIS POSTERIORES LIBRI IX | ac multarum rerum accessione locupletati | de SOLIDORVM REGVLARIVM | XVI | SOLIDORVM REGVLARIVM | EVCLIDIS",Societate IESV | è Societate IESV
Cologne_1600,1600,Cologne,LATIN,,,,True,True,False,False,euclid_procedural_pedagogical,False,True,False,False,False,False,False,True,False,False,EVCLIDIS ELEMENTORVM LIBRI XV. QVIBVS,EVCLIDIS ELEMENTORVM LIBRI XV. QVIBVS,EVCLIDIS,,"EVCLIDIS ELEMENTORVM LIBRI XV. QVIBVS | CVM AD OMNEM MATHEMATICAE SCIENTIAE PARTEM, TVM AD QVAMLIbet Geometriæ tractationem facilis comparatur aditus | EVCLIDIS ELEMENTORVM LIBRI XV. QVIBVS | EVCLIDIS",
Cologne_1602,1602,Cologne,LATIN,Theoretical Mathematics,,,True,True,True,False,euclid_composite_workshop,False,True,True,False,False,False,False,False,True,False,"EVCLIDIS MEGARENSIS MATHEMATICI CLARISSIMI ELEMENTA, LIBRIS XV","EVCLIDIS MEGARENSIS MATHEMATICI CLARISSIMI ELEMENTA, LIBRIS XV | ELEMENTA, LIBRIS XV",EVCLIDIS,MEGARENSIS MATHEMATICI CLARISSIMI | EVCLIDIS MEGARENSIS MATHEMATICI CLARISSIMI,"restituta | collati sunt | polliciti | accessit | RESTITVTA | ADIMPLETIS | Accessit | collati | polliciti | GERMANAM | AD GERMANAM GEOMETRIAE INTELLIGENTIAM | EVCLIDIS MEGARENSIS MATHEMATICI CLARISSIMI ELEMENTA, LIBRIS XV | AD GERMANAM GEOMETRIAE INTELLIGENTIAM, E DIVERSIS LAPSIBVS TEMPORIS INIVRIA CONTRACTIS RESTITUTA, ADIMPLETIS PRAETER MAIORVM SPEM, QUAE HACTEnus deerant, solidorum regu-larium conferentijs ac inscriptionibus | AD GERMANAM GEOMETRIAE INTELLIGENTIAM, E DIVERSIS LAPSIBVS TEMPORIS INIVRIA CONTRACTIS RESTITVTA, ADIMPLETIS PRAETER MAIORVM SPEM, QVAE HACTEnus deerant, solidorum regu-larium conferentijs ac inscriptionibus | E DIVERSIS LAPSIBVS TEMPORIS INIVRIA CONTRACTIS RESTITUTA | Nouissimè collati sunt decimusseptimus & decimusoctauus, priori editioni quodammodo polliciti | Nouissimè collati sunt decimusseptimus & decimusoctauus, priori editioni quodammodo polliciti | D | EVCLIDIS MEGARENSIS MATHEMATICI CLARISSIMI ELEMENTA, LIBRIS XV | ELEMENTA, LIBRIS XV | solidorum regu-larium conferentijs ac inscriptionibus | de componendorum, inscribendo-rum, & conferendorum compositorum solidorum inuentis | solidorum regularium sibi inuicem inscriptorum collationibus | solidorum regularium | decimussextus liber | decimusseptimus | decimusoctauus | decimussextus liber | decimusseptimus & decimusoctauus | decimussextus liber | decimusseptimus | decimusoctauus | MEGARENSIS MATHEMATICI CLARISSIMI | EVCLIDIS MEGARENSIS MATHEMATICI CLARISSIMI | GERMANAM | EVCLIDIS",GERMANAM | AD GERMANAM GEOMETRIAE INTELLIGENTIAM | D | CAROLVM IX. CHRISTIANISSIMVM GALLIARVM REGEM
Cologne_1607,1607,Cologne,LATIN,Theoretical Mathematics,,,True,True,False,False,euclid_composite_workshop,False,True,True,False,False,False,False,False,True,False,EVCLIDIS ELEMENTORVM LIBRI XV,EVCLIDIS ELEMENTORVM LIBRI XV,EVCLIDIS,,"ACCESSIT | collati | emendati | aucti | EVCLIDIS ELEMENTORVM LIBRI XV | ij è Societ. IESV | EVCLIDIS ELEMENTORVM LIBRI XV | AD EXEMPLARIA R.P. CHRISTOphori Clauij è Societ. IESV, & aliorum collati, emendati & aucti | LIBER XVI. DE QVINQVE SOLIDORVM REGVLARIVM inter se com- paratione | LIBER XVI. DE QVINQVE SOLIDORVM REGVLARIVM | EVCLIDIS",Societ. IESV | ij è Societ. IESV
Cologne_1607a,1607,Cologne,LATIN,Theoretical Mathematics,,Music Theory,False,False,False,False,not_euclid_elements,False,False,False,False,False,False,False,False,False,False,,,,,"RECOGNITA | AVCTA | distributa | ADDITVS | EDITA | RECOGNITA NOVISSIME AB EODEM, ET AVCTA, & in duos Tomos distributa | TRIPLEX ADDITVS INDEX | PERMISSV AVCTORIS NVNC PRIMVM IN GERMANIA EDITA | TRIPLEX ADDITVS INDEX",SOCIETATIS IESV BIBLIOTHECA SELECTA | SOCIETATIS IESV BIBLIO-THECAE SELECTÆ
Cologne_1612,1612,Cologne,LATIN,Theoretical Mathematics,,,True,True,False,False,euclid_procedural_pedagogical,False,True,False,False,False,False,False,False,True,False,EVCLIDIS ELEMENTORVM LIBRI XV,EVCLIDIS ELEMENTORVM LIBRI XV,EVCLIDIS | EVCLIDIS ELEMENTORVM,,"EVCLIDIS ELEMENTORVM LIBRI XV | QVIBVS, CVM AD OMNEM MATHEMATICAE SCIENTIAE PARTEM, TVM AD QVAMLIbet Geometriæ tractationem facilis comparatur aditus | EVCLIDIS ELEMENTORVM LIBRI XV | EVCLIDIS | EVCLIDIS ELEMENTORVM",
Cologne_1627,1627,Cologne,LATIN,Theoretical Mathematics,,,True,True,False,False,euclid_procedural_pedagogical,False,True,False,False,False,False,False,False,True,False,EVCLIDIS ELEMENTORVM LIBRI XV,EVCLIDIS ELEMENTORVM LIBRI XV,EVCLIDIS,,collati | emendati | aucti | EVCLIDIS ELEMENTORVM LIBRI XV | hac postrema editione | EVCLIDIS ELEMENTORVM LIBRI XV | AD EXEMPLARIA | LIBER XVI. DE QVINque solidorum Regularium inter se comparatione | DE QVINque solidorum Regularium inter se comparatione | EVCLIDIS,Societ. IESV
D40ZCO,1628,Jena,GERMAN,,,,True,True,True,False,euclid_no_primary_subject,False,False,False,False,False,False,False,True,False,False,Teutscher Euclides,Euclides,Euclides,Teutscher Euclides,Teutscher Euclides | Das ist seiner Geometriæ Erster Theil/ Von derselben Elementen | Hofmanni Professoris Mathematici in der Universitet Jehna | Euclides | Teutscher Euclides | Euclides,Universitet Jehna | Hofmanni Professoris Mathematici in der Universitet Jehna
DA54XK,1644,Annecy,FRENCH,Perspective,,,False,False,False,False,not_euclid_elements,False,False,False,False,False,False,False,False,False,False,,,,,aux Curieux de cet Art | Principalement aux vrais Peintres | Doyen de Nostre Dame d’Annecy,aux Curieux de cet Art | Principalement aux vrais Peintres | Nostre Dame d’Annecy | Doyen de Nostre Dame d’Annecy
DDUZGF,1488,Augsburg,LATIN,Arithmetic,,,False,False,False,False,not_euclid_elements,False,False,False,False,False,False,False,False,False,False,,,,,,
DMOHT7,1647,Paris,FRENCH,Perspective,,,False,False,False,False,not_euclid_elements,False,False,False,False,False,False,False,False,False,False,,,,,de la Compagnie de IESVS,Compagnie de IESVS | de la Compagnie de IESVS
Douai_1620,1620,Douai,LATIN,,,,True,True,False,False,euclid_method_access,False,True,False,False,False,True,False,True,False,False,EVCLIDIS ELEMENTORVM LIBRI SEX PRIORES,EVCLIDIS ELEMENTORVM LIBRI SEX PRIORES,EVCLIDIS,,"accommodauit | EVCLIDIS ELEMENTORVM LIBRI SEX PRIORES | Quorum demonstrationes tum alibi sparsim, tum maximè libro quinto ad facil-iorem captum | Montensis è Societate IESV | EVCLIDIS ELEMENTORVM LIBRI SEX PRIORES | Quorum demonstrationes tum alibi sparsim, tum maximè libro quinto ad facil-iorem captum | EVCLIDIS",Societate IESV | Montensis è Societate IESV
Douai_1625,1625,Douai,LATIN,,,,True,True,False,False,euclid_method_access,False,True,False,False,False,True,False,True,False,False,Euclidis ELEMENTORVM LIBRI SEX PRIORES,Euclidis ELEMENTORVM LIBRI SEX PRIORES,Euclidis,,"accommodauit | Euclidis ELEMENTORVM LIBRI SEX PRIORES | Quorum demonstrationes tum alibi sparsim, tum maximè libro quinto ad facil-iorem captum | demonstrationes tum alibi sparsim, tum maximè libro quinto ad facil-iorem captum | Editio altera emendatior | Montensis è Societate IESV | Euclidis ELEMENTORVM LIBRI SEX PRIORES | demonstrationes | Euclidis",Societate IESV | Montensis è Societate IESV
E4JQEB,1570,Paris,FRENCH,Arithmetic,,,False,False,False,False,not_euclid_elements,False,False,False,False,False,False,False,False,False,False,,,,,DEMONSTREE | TRA- DVITE | COMMENTEE | Lecteur du Roy ez Mathe- matiques | COMMENTEE,Lecteur du Roy ez Mathe- matiques
E7J0Y4,1556,Paris,FRENCH,Arithmetic,,,False,False,False,False,not_euclid_elements,False,False,False,False,False,False,False,False,False,False,LE SECOND LIVRE DE L'ARITHMETIQVE,,,,"nouuellement inuenté | LE SECOND LIVRE DE L'ARITHMETIQVE | AVQVEL SERONT DECLAREES LES fractions vulgaires, auec leurs demonstrations, par les quantitez continues, & premieres causes des esgallissemens de l'Algebre",
E8K2CK,1659,Bologna,LATIN,Theoretical Mathematics,,,True,False,True,True,elements_language_no_euclid,True,False,False,False,False,False,True,False,True,False,GEOMETRIAE SPECIOSAE ELEMENTA,GEOMETRIAE SPECIOSAE ELEMENTA,,,"GEOMETRIAE SPECIOSAE ELEMENTA | De potestatibus, à radice binomia, & residua | De innumerabilibus numerosis progressionibus | De quasi proportionibus | De rationibus logarithmicis | De proprijs rationum logarithmis | De innumerabilibus quadraturis | I. V. Ph. D. Coll. Patr. Bonon. Archigymn. Mechanici | GEOMETRIAE SPECIOSAE ELEMENTA",Coll. Patr. Bonon | Archigymn. Mechanici | I. V. Ph. D. Coll. Patr. Bonon. Archigymn. Mechanici
EFXRG3,1631,Paris,FRENCH,Perspective,Instrument Use,,False,False,False,False,not_euclid_elements,False,False,False,False,False,False,False,False,False,False,ABREGE' OV RACOVRCY DE LA PERSPECTIVE,,,,"à tous Peintres, Archite- ctes, Graueurs & autres qui se seruent du dessein | ABREGE' OV RACOVRCY DE LA PERSPECTIVE | Dans lequel est traicté, du moyen de changer vne Perspective en vne autre semblable, ayant la distance & hauteur de l'œil, comme aussi les di- stances ou enfoncements des obiects plus grands ou moindres que leurs semblables en la primitiue: Ensemble l'inuention d'approprier deux ou plu- sieurs Perspectives, ou parties d'icelles en vne mesme, & souz vne mesme distance d'œil | Mathematicien","à tous Peintres, Archite- ctes, Graueurs & autres qui se seruent du dessein | Mathematicien"
EJGRZN,1671,Paris,FRENCH,Theoretical Mathematics,,,True,True,True,False,euclid_geometry_theory_primary,False,False,False,False,False,False,False,False,True,False,ELEMENS DE GEOMETRIE,ELEMENS DE GEOMETRIE,d’Euclide,,ELEMENS DE GEOMETRIE | OU PAR UNE METHODE COURTE & aisée l’on peut apprendre ce qu’il faut sçavoir | le P | d’Euclide | d’Archimede | Euclide | Archimede | Ap- pollonius | ELEMENS DE GEOMETRIE | d’Euclide,Compagnie de JESUS | le P | d’Euclide | d’Archimede | Euclide | Archimede | Ap- pollonius
EN496R,1617,Amsterdam,FRENCH,Architecture,Perspective,,False,False,False,False,not_euclid_elements,False,False,False,False,False,False,False,False,False,False,LES CINQ RANGS DEL'ARCHITECTVRE,,,,"FAICTE | mises en perspecti- ve | Inuentees | taillees | corrigees | COMPOSEE | FAICTE PAR | reveuës | LES CINQ RANGS DEL'ARCHITECTVRE | A SCAVOIR,TVSCANE. DORIQVE. IONIQVE. CORINTHIAQVE. ET COMPOSEE | de nouveau reveuës & corrigees | Iean Vredeman Frison | L'INSTRVCTION FONDAMENTALE | quelques belles ordonnances d'Architecture",Iean Vredeman Frison
EW54CX,1599,Nuremberg,GERMAN,Perspective,,Practical Geometry | Theoretical Mathematics,False,False,False,False,not_euclid_elements,False,False,False,False,False,False,False,False,False,False,,,,,Gedruckt | verfasset | Kissingensem Francum,Kissingensem Francum
Edinburgh_1795,1795,Edinburgh,ENGLISH,Theoretical Mathematics | Trigonometry,,,True,True,True,False,euclid_composite_workshop,False,True,True,False,False,False,False,False,True,False,THE FIRST SIX BOOKS OF EUCLID,ELEMENTS OF GEOMETRY,EUCLID,,CONTAINING | ARE ADDED | THE FIRST SIX BOOKS OF EUCLID | F.R.S. EDIN | Professor of Mathematics in the University of Edinburgh | ELEMENTS OF GEOMETRY | ELEMENTS OF PLANE AND SPHERICAL TRIGONOMETRY | TWO BOOKS ON THE GEOMETRY OF SOLIDS | ELEMENTS OF PLANE AND SPHERICAL TRIGONOMETRY | GEOMETRY OF SOLIDS | PLANE AND SPHERICAL TRIGONOMETRY | EUCLID,University of Edinburgh | F.R.S. EDIN | Professor of Mathematics in the University of Edinburgh
FA6MQ0,1551,London,ENGLISH,Instrument Use | Practical Geometry,,,True,False,True,True,elements_language_no_euclid,True,False,False,False,False,False,True,False,True,True,THE FIRST PRINciples of Geometrie,,,,"CONTAINING | for all sortes of men | THE FIRST PRINciples of Geometrie | as they may moste aptly be applied vnto practise, bothe for vse of instrumentes Geometricall, and astronomicall and also for proiection of plattes in euerye kinde, and therfore much necessary",for all sortes of men
Ferrara_1587,1587,Ferrara,ITALIAN,Theoretical Mathematics,,Architecture | Practical Geometry,False,False,False,False,not_euclid_elements,False,False,False,False,False,False,False,False,False,False,,,,,"LE VOLENTI | Ne' quali con mirabile ordine, e con dimostrazioni d'amarauglia più facili, e più forti del le usate | si vede che le Matematiche per via Regia, e più piana che da gli antichi fatto non s'è, si possono trattare",LE VOLENTI | Serenissimo Carlo Emanuele Duca di Savoia
Ferrara_1628,1628,Ferrara,LATIN,,,,True,True,False,False,euclid_no_primary_subject,False,False,False,False,False,False,False,True,False,False,EVCLIDIS ELEMENTORVM Libri VI,EVCLIDIS ELEMENTORVM Libri VI,EVCLIDIS,,Ad PerIllm. et Eccum | EVCLIDIS ELEMENTORVM Libri VI | EVCLIDIS ELEMENTORVM Libri VI | EVCLIDIS,Ad PerIllm. et Eccum | D.D. Ioannem Libiolam Philosophu¯ . ac Medicum. insignum
Florence_1573,1573,Florence,ITALIAN,Perspective,,,True,True,False,False,euclid_humanist_transfer,False,False,False,False,True,False,False,False,False,False,LA PROSPETTIVA DI EVCLIDE,LA PROSPETTIVA DI EVCLIDE,EVCLIDE,,"Tradotta | data | LA PROSPETTIVA DI EVCLIDE | Nella quale si tratta di quelle cose, che per raggi diritti si veggono: & di quelle, che con raggi ref-lessi nelli SPECCHI appariscono | nuouamente data in luce | R. P. M | Cosmografo del Seren. Gran Duca di Toscana | LA PROSPETTIVA DI EVCLIDE | Con alcune sue An-notationi de’luoghi piu importanti | LA PROSPET-TIVA DI Eliodoro Larisseo Cauata della Libreria Vaticana | LA PROSPET-TIVA DI Eliodoro Larisseo | EVCLIDE",Libreria Vaticana | R. P. M | Cosmografo del Seren. Gran Duca di Toscana
Florence_1674,1674,Florence,ITALIAN,Theoretical Mathematics,,,True,True,True,False,euclid_geometry_theory_primary,False,False,False,False,False,False,False,False,True,False,QVINTO LIBRO DEGLI ELEMENTI D’EVCLIDE,QVINTO LIBRO DEGLI ELEMENTI D’EVCLIDE,D’EVCLIDE,,"difesa | pubblicata | spiegata | QVINTO LIBRO DEGLI ELEMENTI D’EVCLIDE | SCIENZA VNIVERSALE DELLE PROPORZIONI SPIEGATA COLLA DOTTRINA DEL GALILEO | Con nuovo ordine difesa, e per la prima volta pubblicata | ultimo suo Discepolo | GALILEO | TORRICELLI | QVINTO LIBRO DEGLI ELEMENTI D’EVCLIDE | cose varie | I Ragguali | del TORRICELLI | I Ragguali | Aggiuntivi cose varie, e del GALILEO, e del TORRICELLI; I Ragguali dell’ultime Opere loro, con altro, che dall’Indice si manifesta | TORRICELLI | I Ragguali | GALILEO | D’EVCLIDE",ultimo suo Discepolo | PRINCIPE CARDINALE DE’ MEDICI | GALILEO | TORRICELLI
Florence_1690,1690,Florence,ITALIAN,Theoretical Mathematics,,,True,True,True,False,euclid_geometry_theory_primary,False,False,False,False,False,False,False,False,True,False,"ELEMENTI PIANI, E SOLIDI D’EVCLIDE | QVINTO LIBRO DEGLI ELEMENTI D’EVCLIDE","ELEMENTI PIANI, E SOLIDI D’EVCLIDE | QVINTO LIBRO DEGLI ELEMENTI D’EVCLIDE",D’EVCLIDE | DEGLI ELEMENTI D’EVCLIDE,,"distesa | pubblicata | ELEMENTI PIANI, E SOLIDI D’EVCLIDE | QVINTO LIBRO DEGLI ELEMENTI D’EVCLIDE | OVVERO SCIENZA VNIVERSALE DELLE PROPORZIONI SPIEGATA COLLA DOTTRINA DEL GALILEO | Con nuov’ordine distesa, e pubblicata da Vincenzio Viviani ultimo suo Discepolo | GALILEO | ELEMENTI PIANI, E SOLIDI D’EVCLIDE | QVINTO LIBRO DEGLI ELEMENTI D’EVCLIDE | D’EVCLIDE | DEGLI ELEMENTI D’EVCLIDE",ACCADEMIA DE’ NOBILI | ILLVSTRISSIMI SIG. DELL’ACCADEMIA DE’ NOBILI | GALILEO
Frankfurt_1506,1506,Frankfurt,LATIN,,,Commercial Mathematics,False,False,False,False,not_euclid_elements,False,False,False,False,False,False,False,False,False,False,,,,,,
Frankfurt_1607,1607,Frankfurt,LATIN,Theoretical Mathematics,,,True,True,False,False,euclid_composite_workshop,False,True,True,False,False,False,False,False,True,False,EVCLIDIS ELEMENTORVM LIBRI XV | EVCLIDIS POSTERIORES LIBRI IX,EVCLIDIS ELEMENTORVM LIBRI XV | EVCLIDIS POSTERIORES LIBRI IX,EVCLIDIS,,"Accessit | nunc quartò editi | locupletati | EVCLIDIS ELEMENTORVM LIBRI XV | EVCLIDIS POSTERIORES LIBRI IX | nunc quartò editi, ac multarum rerum accessione post primam editionem locupletati | Bambergensi è Societate IESV | EVCLIDIS ELEMENTORVM LIBRI XV | EVCLIDIS POSTERIORES LIBRI IX | OMNES PERSPICVIS DEMONSTRAtionibus, accuratísque scholiis illustrati | liber XVI. De Solidorum Regularium cuiuslibet intra quodlibet comparatione | De Solidorum Regularium | EVCLIDIS",Societate IESV | Bambergensi è Societate IESV
Frankfurt_1654,1654,Frankfurt,LATIN,Theoretical Mathematics,,,True,True,True,False,euclid_composite_workshop,False,True,True,False,False,False,False,False,True,False,EUCLIDIS ELEMENTORUM LIBRI XV | EUCLIDIS POSTERIORES LIBRI IX,EUCLIDIS ELEMENTORUM LIBRI XV | EUCLIDIS POSTERIORES LIBRI IX,EUCLIDIS,,"Accessit | editi | locupletati | illustrati | EUCLIDIS ELEMENTORUM LIBRI XV | EUCLIDIS POSTERIORES LIBRI IX | OMNES PERSPICVIS DEMONSTRATIONIbus accuratisque scholiis illustrati | OMNES PERSPICUIS DEMONSTRAtionibus, accuratisque scholiis illustrati | nunc quartò editi | post primam editionem locupletati | Bambergensi è Societate IESV | Bambergensi è Societate IESU | EUCLIDIS ELEMENTORUM LIBRI XV | EUCLIDIS POSTERIORES LIBRI IX | ac multarum rerum accessione | post primam editionem locupletati | scholiis illustrati | Accessit liber XVI. De Solidorum Regularium | De Solidorum Regularium | EUCLIDIS",Societate IESV | Societate IESU | Bambergensi è Societate IESV | Bambergensi è Societate IESU
Frankfurt_1674,1674,Frankfurt,LATIN,,Mechanics,,False,False,False,False,not_euclid_elements,False,False,False,False,False,False,False,False,False,False,Libros XXVIII,,,,"digesta | disposita | Additis | Accesserunt | quivis, vel mediocri præditus ingenio | Libros XXVIII | SIVE ABSOLUTA OMNIUM MATHEMATICARUM DISCIPLINARUM ENCYCLOPÆDIA | REGISCURIANI E SOCIET. JESU Olim in Panormitano Siciliæ, nunc in Herbipolitano Franconiæ ejusdem SOCIETATIS JESU Gymnasio Matheseos Professoris CURSUS MATHEMATICUS | Additis Indicibus locupletissimis | THEORESES MECHANICÆ NOVÆ | THEORESES MECHANICÆ NOVÆ","quivis, vel mediocri præditus ingenio | SOCIETATIS JESU Gymnasio Matheseos | REGISCURIANI E SOCIET. JESU Olim in Panormitano Siciliæ, nunc in Herbipolitano Franconiæ ejusdem SOCIETATIS JESU Gymnasio Matheseos Professoris CURSUS MATHEMATICUS"
G2T7OK,1625,The Hague,FRENCH,Perspective,,,False,False,False,False,not_euclid_elements,False,False,False,False,False,False,False,False,False,False,,,,,,
G5IUDY,1623,Nuremberg,GERMAN,Perspective,Arithmetic,,False,False,False,False,not_euclid_elements,False,False,False,False,False,False,False,False,False,False,,,,,Das erste Von der Ohne vnd durch die Arithmetica gefundenen PERSPECTIVA | Das andere Von dem darzu gehörigen Schatten | PERSPECTIVA | Schatten,
GD0NV0,1631,Rome,LATIN,Instrument Use | Perspective | Practical Geometry,Mechanics,,False,False,False,False,not_euclid_elements,False,False,False,False,False,False,False,False,False,False,,,,,explicata | illustrata | Demonstrationibus Geometricis illustrata,SOCIETATE IESV GERMANO-SVEVI
GDC2CP,1615,Paris,LATIN,Theoretical Mathematics,,,False,False,False,False,not_euclid_elements,False,False,False,False,False,False,False,False,False,False,ARCHIMEDIS OPERA,,,,"ILLVSTRATA | ARCHIMEDIS OPERA | QVAE EXTANT | à FLVRANTIA, Ceno- manum, è Regiâ Turma aurea Cubiculi, sanctiori- busque regni Consiliis & à literarum pietatiqueq́ue studiis Christianissimi Gallorum & Nauarræ Regis LVDOVICI XIII. semper Augusti | NOVIS DEMONSTRATIONIBVS | COMMENTARIISQVE ILLVSTRATA","Regiâ Turma aurea Cubiculi | Nauarræ Regis | à FLVRANTIA, Ceno- manum, è Regiâ Turma aurea Cubiculi, sanctiori- busque regni Consiliis & à literarum pietatiqueq́ue studiis Christianissimi Gallorum & Nauarræ Regis LVDOVICI XIII. semper Augusti"
GDIHEX,1638,Ravenna,ITALIAN,Construction | Mechanics | Perspective,,,False,False,False,False,not_euclid_elements,False,False,False,False,False,False,False,False,False,False,PRATICA DI FABRICAR SCENE E MACHINE NE' TEATRI,,,,aggiunti | PRATICA DI FABRICAR SCENE E MACHINE NE' TEATRI | documenti inediti | disegni originali,EDIZIONI D'ARTE
GGD02E,1596,Venice,ITALIAN,Perspective,,Architecture | Instrument Use | Practical Geometry,False,False,False,False,not_euclid_elements,False,False,False,False,False,False,False,False,False,False,,,,,,"AL SER.MO FERDINANDO MEDICI GRANDVCA Di Toscana | AL SER.MO ET INVITTISS.MO LADISLAO SIGISMONDO PRINCIPE DI POLONIA, E DI SVEZIA"
GY5QLD,1537,Basel,LATIN,Astronomy | Theoretical Mathematics,,,True,True,True,False,euclid_composite_workshop,False,True,True,False,True,False,False,False,True,False,Elementorum geometricorum Lib. XV,Elementorum geometricorum Lib. XV,Euclidis,Euclidis Megarensis Mathematici Clarissimi,donata | adiecta | Elementorum geometricorum Lib. XV | expositione Theonis in priores XIII | à Bartholomaeo Veneto latinitate donata | Theonis | Bartholomaeo Veneto | Campani | Hypsiclis Alexandria | Elementorum geometricorum Lib. XV | Phaenomena | Catoptrica et Optica | Protheoria Marini et Data | Opusculum de Leui et Ponderoso | Phaenomena | Catoptrica | Optica | Protheoria Marini | Data | Opusculum de Leui et Ponderoso | Phaenomena | Catoptrica | Optica | Protheoria Marini | Data | Opusculum de Leui et Ponderoso | Euclidis Megarensis Mathematici Clarissimi | latinitate | Euclidis,Theonis | Bartholomaeo Veneto | Campani | Hypsiclis Alexandria
Geneva_1611,1611,Geneva,FRENCH,,,,True,True,True,False,euclid_composite_workshop,False,True,True,False,True,False,False,True,False,False,LES SIX PREMIERS LIVRES DES ELEMENTS GEOME- TRIQVES D’EVCLIDE | LES SIX PREMIERS LIVRES DES ELEMENTS GEOMETRIQVES D’EVCLIDE,LES SIX PREMIERS LIVRES DES ELEMENTS GEOME- TRIQVES D’EVCLIDE | LES SIX PREMIERS LIVRES DES ELEMENTS GEOMETRIQVES D’EVCLIDE,EVCLIDE,,Traduicts | dediés | LES SIX PREMIERS LIVRES DES ELEMENTS GEOME- TRIQVES D’EVCLIDE | LES SIX PREMIERS LIVRES DES ELEMENTS GEOMETRIQVES D’EVCLIDE | du Mans | LES SIX PREMIERS LIVRES DES ELEMENTS GEOME- TRIQVES D’EVCLIDE | LES SIX PREMIERS LIVRES DES ELEMENTS GEOMETRIQVES D’EVCLIDE | AVEC LES DEMONSTRA- tions | LES DEMONSTRATIONS DE IACQVES PELETIER du Mans | LES DEMONSTRATIONS DE IACQVES PELETIER | françois | EVCLIDE,du Mans | Noblesse françoise
Glasgow_1756,1756,Glasgow,LATIN,Theoretical Mathematics,,,True,True,True,False,euclid_composite_workshop,False,True,True,False,True,False,False,False,True,False,"LIBRI PRIORES SEX, ITEM UNDECIMUS ET DUODECIMUS",EUCLIDIS ELEMENTORUM,EUCLIDIS | EUCLIDIS ELEMENTORUM | EUCLIDIS Demonstrationibus,,"Sublatis | Vitiati | Restitutis | LIBRI PRIORES SEX, ITEM UNDECIMUS ET DUODECIMUS | EX VERSIONE LATINA FEDERICI COMMANDINI | Sublatis iis quibus olim Libri hi a THEONE, aliisve, Vitiati sunt, Et quibusdam EUCLIDIS Demonstrationibus Restitutis | In Academia Glasguensi Matheseos Professore | THEONE | EUCLIDIS ELEMENTORUM | Et quibusdam EUCLIDIS Demonstrationibus Restitutis | LATINA | EUCLIDIS | EUCLIDIS ELEMENTORUM | EUCLIDIS Demonstrationibus",Academia Glasguensi | In Academia Glasguensi Matheseos Professore | THEONE
Graz_1636,1636,Graz,LATIN,,Trigonometry,,True,True,True,False,euclid_composite_workshop,False,True,True,False,False,False,False,True,False,False,EVCLIDIS SEX PRIMI ELEMENTORUM GEOMETRICO- RUM LIBRI CUM PARTE UNDECIMI,EVCLIDIS SEX PRIMI ELEMENTORUM GEOMETRICORUM LIBRI CUM PARTE UNDECIMI,EVCLIDIS,,"contracti | Accessit | EVCLIDIS SEX PRIMI ELEMENTORUM GEOMETRICO- RUM LIBRI CUM PARTE UNDECIMI | Ex majoribus Clavij com-mentarijs in commodiorem formam contracti | è SOCIETATE JESU | HONORATVM DVRANDVM EIVSDEM SOCIETATIS | EVCLIDIS SEX PRIMI ELEMENTORUM GEOMETRICORUM LIBRI CUM PARTE UNDECIMI | ferme ex Clavio BREVIS TRIGNONOMEtria planorum, cum Tabulis Sinuum, Tangentium, & Secantium, ad partes Radij 100000 per sex prima scrupula graduum | BREVIS TRIGNONOMEtria | EVCLIDIS",SOC IETATE JESU | EIVSDEM SOCIETATIS | è SOCIETATE JESU | HONORATVM DVRANDVM EIVSDEM SOCIETATIS
HFRLRC,1623,The Hague,DUTCH,Perspective,,,False,False,False,False,not_euclid_elements,False,False,False,False,False,False,False,False,False,False,OPTICA,,,,OPTICA | OFTE PERSPECTIVE KONSTE,
Halle_1758,1773,Halle,GERMAN,Theoretical Mathematics,,,True,True,False,False,euclid_sparse_canonical,True,False,False,False,False,False,False,False,True,False,die sechs ersten Bücher der Elemente,die sechs ersten Bücher der Elemente,Euklid’s | Euklids,,übersetzt | aus dem Griechischen übersetzt | zum Gebrauch der Schulen | die sechs ersten Bücher der Elemente | nebst dem eilften und zwölften | Euklids Geometrie | nach der dritten Ausgabe sämmtlicher sechs Bücher der Elemente | die sechs ersten Bücher der Elemente | nebst dem eilften und zwölften Buche | aus dem Griechischen | Euklid’s | Euklids,zum Gebrauch der Schulen
Hamburg_1633,1633,Hamburg,DUTCH,Theoretical Mathematics,,,True,True,True,False,euclid_humanist_transfer,False,True,False,False,True,False,False,False,True,False,EVCLIDES ZES EERSTE BOEKKEN,EVCLIDES ZES EERSTE BOEKKEN,EVCLIDES,,VERTAELT | Verroten | EVCLIDES ZES EERSTE BOEKKEN | VANDE BEGINSELEN DER VViskonsten | EVCLIDES ZES EERSTE BOEKKEN | NEERDVYTS | EVCLIDES,
Hamburg_1638,1638,Hamburg,DUTCH,Theoretical Mathematics,,,True,True,True,False,euclid_geometry_theory_primary,False,False,False,False,False,False,False,False,True,False,EUKLIDES ZES EERSTE BOEKKEN,EUKLIDES ZES EERSTE BOEKKEN,EUKLIDES,,vertaald | EUKLIDES ZES EERSTE BOEKKEN | VANDE BEGINSE- LEN DER WISKONSTEN | VERROOTEN van Haerlem | EUKLIDES ZES EERSTE BOEKKEN | Neerduids | EUKLIDES,VERROOTEN van Haerlem
Hardy-1,1643,Paris,FRENCH,Theoretical Mathematics,,,True,True,False,False,euclid_sparse_canonical,True,False,False,False,False,False,False,False,True,False,,,Euclide,,REFVTATION | Mr de Laleu | Euclide,Mr de Laleu
Hardy-2,1643,Paris,FRENCH,Theoretical Mathematics,,,False,False,False,False,not_euclid_elements,False,False,False,False,False,False,False,False,False,False,De la fausse Quadrature du Cercle du SIEVR DE LALEV,,,,"monstré | imprimé | demonstré | De la fausse Quadrature du Cercle du SIEVR DE LALEV | si souvent agitée depuis vingt-quatre ans | TROISIEME REFVTATION | Auteur | six ou sept signalées FAVSSETEZ | Quadrature du Cercle & Double du Cube, imprimé & resouë par P. de V, imprimé à la Rochelle en l’an 1619 | NVLLITE’ DES DEMONSTRATIONS | Quadrature du Cercle & Double du Cube | NVLLITE’ DES DEMONSTRATIONS",Auteur
Hardy-3,1613,Paris,FRENCH,,,,False,False,False,False,not_euclid_elements,False,False,False,False,False,False,False,False,False,False,,,,,"Composee | Traduicte | Parisien, aagé de neuf ans | ERASME | en Latin | en François","Parisien, aagé de neuf ans | ERASME"
Hardy-4,1643,Paris,FRENCH,Theoretical Mathematics,,Trigonometry,False,False,False,False,not_euclid_elements,False,False,False,False,False,False,False,False,False,False,,,,,mise au jour | imprimé,
Hardy-5,1644,Paris,FRENCH,Theoretical Mathematics,,,True,True,False,False,euclid_sparse_canonical,True,False,False,False,False,False,False,False,True,False,du premier livre d'Euclide,du premier livre d'Euclide,Euclide,,du premier livre d'Euclide | M. de Laleu | du premier livre d'Euclide | Euclide,M. de Laleu
Hardy-6,1641,Paris,FRENCH,Theoretical Mathematics,,,False,False,False,False,not_euclid_elements,False,False,False,False,False,False,False,False,False,False,Propositions mathematiques,,,,Remise au jour | imprimé | Propositions mathematiques | Où il est demonstré que le quarré des huict ne | Seconde refutation | Remise au jour,
I9PE2Y,1609,Heidelberg,LATIN,Astronomy,,,False,False,False,False,not_euclid_elements,False,False,False,False,False,False,False,False,False,False,ASTRONOMIA NOVA,,,,tradita | ASTRONOMIA NOVA | PHYSICA COELESTIS | G. V. TICHONIS BRAHE | tradita commentariis DE MOTIBVS STELLÆ MARTIS,RVDOLPHI II. ROMANORVM IMPERATORIS | G. V. TICHONIS BRAHE
IC4Y79,1501,Venice,LATIN,Arithmetic | Theoretical Mathematics,Architecture | Instrument Construction | Instrument Use,,True,True,True,False,euclid_composite_workshop,False,True,True,False,False,False,False,False,True,False,elementorum Euclidis,elementorum Euclidis,Euclidis,,"elementorum Euclidis | difficultates omnes fere exponuntur | Boetio | Hippocrate | Paulo | Galeni | elementorum Euclidis | De Arithmetica libri.iiii.ubi quædam a Boetio prætermissa tractantur | De Musica libri.v.sed primo de inuentione, & commoditate eius | De Geometria libri.vi.in quibus elementorum Euclidis difficultates omnes fere exponuntur, ubi etiam de Mechanicis spiritalibus, Catoptricis, ac Opticis, deq; quadrato circuli habetur tractatus | De tota Astrologia libri.iiii.in qua fabrica, usus, astrolabij exaratur, & quæ si- gnorum in exhibendis medicaminibus sit habenda obseruatio | De Physiologia libri.iiii.ubi & Methaphysices qđã lectu q̃ dignũ.utilissimaq̃ | De Medicina libri.vii.ubi de simplicium natura per ordinem litterarum | Problematum liber unus | De Grammatica libri.iiii | De Dialectica libri.iiii | De Poetica liber unus | De Rhetorica libri.ii | De Morali Philosophia liber unus | De Oeconomia, siue administratione domus libri.iii.in quibus de Architectu- ra, req; rustica suus est locus | Politicon unicum uolumen, ubi de iure ciuili, ac pontificio primum. Mox de le gibus in uniuersum. Inde de re militari agitur | De Corporis commodis, & incommodis libri.iii.quorum primus totus de ani- ma. Secūdus de corpore. Tertius uero de urinis ex Hippocrate, ac Paulo agi- tur, deq; Galeni quæstionibus in Hippocratem | De Rebus externis liber unus, ac ultimus, ubi de Gloria, Amplitudine, & cæte- ris huiusmodi | De Arithmetica | De Musica | De Geometria | De tota Astrologia | De Physiologia | De Medicina | Problematum | De Grammatica | De Dialectica | De Poetica | De Rhetorica | De Morali Philosophia | De Oeconomia | Politicon | De Corporis commodis, & incommodis | De Rebus externis | Euclidis",Boetio | Hippocrate | Paulo | Galeni
Ingolstadt_1617,1617,Ingolstadt,LATIN,,,,True,True,False,False,euclid_no_primary_subject,False,False,False,False,False,False,False,True,False,False,"EVCLIDIS ELEMENTORVM GEOMETRICORVM, LIBRI SEX PRIORES | EVCLIDIS ELEMENTORVM GEOMETRICORVM LIBRI SEX PRIORES","EVCLIDIS ELEMENTORVM GEOMETRICORVM, LIBRI SEX PRIORES | EVCLIDIS ELEMENTORVM GEOMETRICORVM LIBRI SEX PRIORES",EVCLIDIS,,"dati | impressi | dicati | in lucem dati | studiosæ iuuentutis | EVCLIDIS ELEMENTORVM GEOMETRICORVM, LIBRI SEX PRIORES | EVCLIDIS ELEMENTORVM GEOMETRICORVM LIBRI SEX PRIORES | Et nunc recens impressi | Noua interpretatione | SOCIETATIS IESV | EVCLIDIS ELEMENTORVM GEOMETRICORVM, LIBRI SEX PRIORES | EVCLIDIS ELEMENTORVM GEOMETRICORVM LIBRI SEX PRIORES | EVCLIDIS",studiosæ iuuentutis | ACADEMIAE | SOCIETATIS IESV | SOCIETATIS IESV | NOBILISSIMIS ACADEMIAE A PORTV ARDENTIBVS | IOANNE LANZ
Innsbruck_1634,1634,Innsbruck,LATIN,,,,True,True,True,False,euclid_method_access,False,True,False,False,False,True,False,True,False,False,EUCLIDIS SEX PRIORIBUS ELEMENTORUM LIBRIS,EUCLIDIS SEX PRIORIBUS ELEMENTORUM LIBRIS,EUCLIDIS,,APERITUR | Accommodavit | SELEGIT | Accommodavit | ADITUS | APERITUR | PER VISITATORES | EUCLIDIS SEX PRIORIBUS ELEMENTORUM LIBRIS | ET FACILIOREM AD CAPTUM | ET FACILIOREM AD CAPTVM | S. I | EUCLIDIS SEX PRIORIBUS ELEMENTORUM LIBRIS | DEMONSTRATIONES | EUCLIDIS,PER VISITATORES | S. I | S. I
JT4H92,1611,London,ENGLISH,Architecture,,Practical Geometry,False,False,False,False,not_euclid_elements,False,False,False,False,False,False,False,False,False,False,The first Booke of Architecture,,,,made | Translated | The first Booke of Architecture | entrea- ting of Geometrie | out of Italian | out of Dutch | into Dutch | into English,
JTRIRS,1569,Venice,ITALIAN,Perspective,Architecture | Practical Geometry,,False,False,False,False,not_euclid_elements,False,False,False,False,False,False,False,False,False,False,LA PRATICA DELLA PERSPETTIVA,,,,"A PITTORI, SCVLTORI, ET ARCHITETTI | LA PRATICA DELLA PERSPETTIVA | MONSIGNOR | ELETTO PATRIARCA D'AQVILEIA","A PITTORI, SCVLTORI, ET ARCHITETTI | MONSIGNOR | ELETTO PATRIARCA D'AQVILEIA"
JTZKPV,1532,Paris,LATIN,Construction | Instrument Use | Practical Geometry,,,False,False,False,False,not_euclid_elements,False,False,False,False,False,False,False,False,False,False,,,,,"versus | Pictoribus, Fabris æreis ac lignariis, Lapicidis, Statuariis, & universis demum qui circino, gnomone, libella, aut alioqui certa mensura opera sua examinant | Germanica lingua | in Latinam","Pictoribus, Fabris æreis ac lignariis, Lapicidis, Statuariis, & universis demum qui circino, gnomone, libella, aut alioqui certa mensura opera sua examinant"
JXC181,1569,Venice,ITALIAN,Perspective,Architecture | Practical Geometry,,False,False,False,False,not_euclid_elements,False,False,False,False,False,False,False,False,False,False,,,,,"a Pittori, a Scultori, & ad Architetti | ELETTO PATRIARCA D'AQVILEIA | Con due tavole, una de' capitoli principali, l'altra delle cose più notabili contenute nella presente opera","a Pittori, a Scultori, & ad Architetti | ELETTO PATRIARCA D'AQVILEIA"
JZ3MT9,1593,Antwerp,LATIN,Practical Geometry,Theoretical Mathematics,,False,False,False,False,not_euclid_elements,False,False,False,False,False,False,False,False,False,False,,,,,MEDICO ET MATHEMATICO,MEDICO ET MATHEMATICO
Jena_1628,1628,Jena,GERMAN,Theoretical Mathematics,,,True,True,True,False,euclid_sparse_canonical,True,False,False,False,False,False,False,False,True,False,Teutscher Eu- CLIDES,Teutscher Eu- CLIDES,Eu- CLIDES,Teutscher Eu- CLIDES,"Teutscher Eu- CLIDES | Das ist, seiner GEOMETRIAE Erster Theil Von derselben Elementen | PROFESSORIS MATHEMATICI in der Universität Jehna | Teutscher Eu- CLIDES | Teutscher Eu- CLIDES | Eu- CLIDES",Universität Jehna | PROFESSORIS MATHEMATICI in der Universität Jehna
K7DERJ,1567,Augsburg,GERMAN,Perspective | Practical Geometry,Construction,,False,False,False,False,not_euclid_elements,False,False,False,False,False,False,False,False,False,False,OCTAEDRON ELEVATVM SOLIDVM,,,,geordnet | gestelt | nachzutrucken | vil andern Liebhabern | OCTAEDRON ELEVATVM SOLIDVM | GEOMETRIA ET PERSPECTIVA | Maller Bürger Inn Augspurg | Etliche Zerbrochne Gebew den Schrainer In eingelegter Arbait,vil andern Liebhabern | Maller Bürger Inn Augspurg
KLSGAN,1610,Frankfurt,GERMAN,Instrument Use | Military Engineering | Perspective | Practical Geometry | Surveying,Instrument Construction,,False,False,False,False,not_euclid_elements,False,False,False,False,False,False,False,False,False,False,,,,,geordnet | gegeben | Etlicher sonderbahrer In- strument/ die zum Perspectiuiischen Grundreissen der Pasteyen vnnd Bestun- gen/ wie auch zum Planimetrischen Grundlegen der Stätt/ Feldläger vnd Landschafften/ deßgleichen zur Büchsenmeisterey sehr nützlich vnnd ge- brauchsam seynd | Newe | Rechenmeistern vnd Modisten | mit verständlichen Kupfferstücken,Rechenmeistern vnd Modisten
KVSFF1,1799,Paris,FRENCH,Theoretical Mathematics,Trigonometry,,True,False,False,False,euclid_composite_workshop,False,False,True,False,False,False,False,False,True,False,ÉLÉMENTS DE GÉOMÉTRIE | ÉLÉMENTS DE   GÉOMÉTRIE,ÉLÉMENTS DE GÉOMÉTRIE | ÉLÉMENTS DE   GÉOMÉTRIE,,,"REVUE | CORRIGÉE | AUGMENTÉE | ÉLÉMENTS DE GÉOMÉTRIE | ÉLÉMENTS DE   GÉOMÉTRIE | SECONDE ÉDITION REVUE, CORRIGÉE ET AUGMENTÉE DE LA TRIGONOMÉTRIE | membre de l'Institut national | ÉLÉMENTS DE GÉOMÉTRIE | ÉLÉMENTS DE   GÉOMÉTRIE | AVEC DES NOTES",Institut national | membre de l'Institut national
Kiel_Hamburg_and_Leipzig_1697,1697,"Hamburg, Leipzig",GERMAN,Theoretical Mathematics,,,True,True,False,False,euclid_geometry_theory_primary,False,False,False,False,False,False,False,False,True,False,"EUCLIDES, Dessen VI. erste Bücher","EUCLIDES, Dessen VI. erste Bücher",EUCLIDES,,"vorgestellter | EUCLIDES, Dessen VI. erste Bücher | auf sonderbahre Art, Mit Algebraischen Zeichen | JCti, Bey der Hoch-Fürstl. Holst. Universität Codic. und Mathematum Prof | EUCLIDES, Dessen VI. erste Bücher | Mit Algebraischen Zeichen | Teutscher | EUCLIDES","Universität Codic | JCti, Bey der Hoch-Fürstl. Holst. Universität Codic. und Mathematum Prof"
Kiel_and_Leipzig_1699,1699,"Kiel, Leipzig",GERMAN,,,,True,True,False,False,euclid_no_primary_subject,False,False,False,False,False,False,False,True,False,False,EUCLIDES,EUCLIDES,EUCLIDES,,"vorgestellter | eingerichtet | EUCLIDES | Dessen VI. erste Bücher auf sonderbahre und sehr leichte Art, Mit Algebraischen, oder aus der neuesten Löse-Kunst entlehneten Zeichen, also dass man deroselben Beweiss auch in andern Sprachen gebrauchen kan | JCti, Bey der Hoch-Fürstl. Holst. Universität Codic. und Mathematum Prof | EUCLIDES | Mit Algebraischen, oder aus der neuesten Löse-Kunst entlehneten Zeichen | auch des II. Buchs Vorträge nebst der gemeinen, auff Algebraische Ahrt beweisen | Teutscher | EUCLIDES","Universität Codic | JCti, Bey der Hoch-Fürstl. Holst. Universität Codic. und Mathematum Prof"
L3XLGB,1564,Poitiers,FRENCH,Gnomonics & Horology | Instrument Construction,Instrument Use | Practical Geometry,,False,False,False,False,not_euclid_elements,False,False,False,False,False,False,False,False,False,False,,,,,,
LQNZBJ,1572,Paris,FRENCH,Astronomy,Architecture,,False,False,False,False,not_euclid_elements,False,False,False,False,False,False,False,False,False,False,,,,,Traduictz | Lecteur du Roy ez Mathematiques,Lecteur du Roy ez Mathematiques
Lausanne_1683,1683,Lausanne,FRENCH,,,,True,True,True,False,euclid_composite_workshop,False,True,True,False,False,True,False,True,False,False,LES ELEMENS D’EUCLIDE,LES ELEMENS D’EUCLIDE,EUCLIDE,,EXPLIQVEZ | LES ELEMENS D’EUCLIDE | EXPLIQVEZ D’UNE MANIERE nouvelle & tres facile | AVEC L’VSAGE DE CHAQVE Proposition pour toutes les parties des Mathematiques | P | LES ELEMENS D’EUCLIDE | AVEC L’VSAGE DE CHAQVE Proposition | EUCLIDE,P
Le_Mans_1663,1663,Le Mans,FRENCH,Perspective | Theoretical Mathematics,,,True,True,False,False,euclid_humanist_transfer,False,True,False,False,True,False,False,False,True,False,LA PERSPECTIVE D’EVCLIDE,LA PERSPECTIVE D’EVCLIDE,EVCLIDE,,TRADVITE | demonstrée | LA PERSPECTIVE D’EVCLIDE | DE CHANTELOV SIEVR DE CHAM-BRAY | LA PERSPECTIVE D’EVCLIDE | LE TEXTE GREC | EN FRANÇOIS | EVCLIDE,DE CHANTELOV SIEVR DE CHAM-BRAY
Leiden_1599,1599,Leiden,LATIN,Perspective,,,True,True,False,False,euclid_elements_other,False,False,False,False,False,False,False,False,False,False,EVCLIDIS Optica & Catoptrica,EVCLIDIS Optica & Catoptrica,EVCLIDIS,,versa | EVCLIDIS Optica & Catoptrica | Regium Mathematicum | EVCLIDIS Optica & Catoptrica | Græco | EVCLIDIS,Regium Mathematicum | Illustrissimum Principem Car-olum Lotharingum Cardinalem
Leiden_1606,1606,Leiden,DUTCH,Theoretical Mathematics,Practical Geometry,,True,True,True,False,euclid_procedural_pedagogical,False,True,False,False,False,False,False,False,True,False,De ses eerste boucken EVCLIDIS,De ses eerste boucken EVCLIDIS,EVCLIDIS,,verclaert | Over-gheset | uytgheleyt | De ses eerste boucken EVCLIDIS | Van de beginselen ende fon-damenten der Geometri | der stadt Leyden Lantmeter ende Wijn-roeyer | De ses eerste boucken EVCLIDIS | een cort byvouchsel | de specien in Geometrische figueren | EVCLIDIS,der stadt Leyden Lantmeter ende Wijn-roeyer
Leiden_1607,1607,Leiden,DUTCH,Practical Geometry,,,True,True,True,False,euclid_method_access,False,True,False,False,False,True,False,False,True,True,De ses eerste Boucken EVCLIDIS,De ses eerste Boucken EVCLIDIS,EVCLIDIS,,"gevoecht | Overgheset | verclaert | uytgheleyt | alle leergierige, liefhebbers der selver vryer Conste | De ses eerste Boucken EVCLIDIS | Van de beginselen ende fonda-menten der Geometri | der stadt Leyden Lantmeter ende Wijnroeyer | De ses eerste Boucken EVCLIDIS | by gevoecht sijn eenige nutticheden, uyt de selve Boecken ghetrocken | Mitsgaders de Specien in Geometrische figuren, als ’tmaecken, veranderen, ’t samenvougen, aftrecken, ver-menichvuldigen, ende deelen | Overgheset, verclaert, ende uytgheleyt | EVCLIDIS","alle leergierige, liefhebbers der selver vryer Conste | der stadt Leyden Lantmeter ende Wijnroeyer"
Leiden_1615,1615,Leiden,LATIN,Arithmetic | Trigonometry,Theoretical Mathematics,,True,False,True,True,elements_language_no_euclid,False,True,True,False,False,False,True,False,True,False,FUNDAMENTA ARITHMETICA ET GEOMETRICA,,,,"translatae | FUNDAMENTA ARITHMETICA ET GEOMETRICA | cum communi usu In variis problematis, Geometricis, partim solo linearum ductu, partim per numeros irrationales, & tabulas sinuum, & Algebram solutis | vernaculo | in Latinum",
Leiden_1617,1617,Leiden,DUTCH,Theoretical Mathematics,,,True,True,True,False,euclid_humanist_transfer,False,False,False,False,True,False,False,False,True,False,DE PROPOSITIEN vande xv. Boucken der Elementen Euclidis,xv. Boucken der Elementen Euclidis,Euclidis,,Overgeset | tsamenghestelt | DE PROPOSITIEN vande xv. Boucken der Elementen Euclidis | Professor Matheseos tot Leyden | xv. Boucken der Elementen Euclidis | met corte verclaringen sommiger propositien | Euclidis,Professor Matheseos tot Leyden
Leiden_1692,1692,Leiden,LATIN,,,,True,True,True,False,euclid_procedural_pedagogical,False,True,False,False,False,False,False,True,False,False,EUCLIDIS ELEMENTORUM SEX LIBRI PRIORES,EUCLIDIS ELEMENTORUM SEX LIBRI PRIORES,EUCLIDIS,,ADORNATI | EUCLIDIS ELEMENTORUM SEX LIBRI PRIORES | Magnam partem novis demonstrationibus ADORNATI | STVDIO | OPERA & STVDIO | EUCLIDIS ELEMENTORUM SEX LIBRI PRIORES | novis demonstrationibus | Magnam partem novis demonstrationibus ADORNATI | EUCLIDIS,STVDIO | OPERA & STVDIO
Leiden_and_Amsterdam_1673,1673,"Leiden, Amsterdam",LATIN,Theoretical Mathematics,,,True,True,False,False,euclid_geometry_theory_primary,False,False,False,False,False,False,False,False,True,False,EVCLIDIS ELEMENTORVM SEX PRIORES LIBRI,EVCLIDIS ELEMENTORVM SEX PRIORES LIBRI,EVCLIDIS,,Recogniti | EVCLIDIS ELEMENTORVM SEX PRIORES LIBRI | Matheseos Prof | EVCLIDIS ELEMENTORVM SEX PRIORES LIBRI | OPERA CHRISTIANI MELDER | CHRISTIANI MELDER | EVCLIDIS,Matheseos Prof
Leipzig_1549,1549,Leipzig,LATIN,,,,True,True,False,False,euclid_humanist_transfer,False,False,False,False,True,False,False,True,False,False,EVCLIDIS ELEMENTORVM GEOMETRICORVM LIBRI SEX,EVCLIDIS ELEMENTORVM GEOMETRICORVM LIBRI SEX,Εuκλείδου | EVCLIDIS,,CONVERSI | Edebat | EVCLIDIS ELEMENTORVM GEOMETRICORVM LIBRI SEX | Lipsiæ | Rhet | EVCLIDIS ELEMENTORVM GEOMETRICORVM LIBRI SEX | ser- monem à Ioach. Camerario | LATINVM | Εuκλείδου | EVCLIDIS,Lipsiæ | Rhet
Leipzig_1577,1577,Leipzig,LATIN,Theoretical Mathematics,,,True,True,False,False,euclid_composite_workshop,False,True,True,False,True,False,False,False,True,False,Εuκλείδου στοιχείων βίβλια Eξ. EVCLIDIS ELEMENTORVM GEOMETRICORVM LIBRI SEX,EVCLIDIS ELEMENTORVM GEOMETRICORVM LIBRI SEX,Εuκλείδου | EVCLIDIS,,conuersi | ADIECTÆ | editæ | stu-diosorum Mathematices in Acad. Lips | Εuκλείδου στοιχείων βίβλια Eξ. EVCLIDIS ELEMENTORVM GEOMETRICORVM LIBRI SEX | conuersi in latinum sermonem | Camerario | Mauritio Steinmetz | EVCLIDIS ELEMENTORVM GEOMETRICORVM LIBRI SEX | trium priorum librorum Demonstrationes | trium priorum librorum Demonstrationes | Demonstrationes | latinum | Εuκλείδου | EVCLIDIS,stu-diosorum Mathematices in Acad. Lips | Acad. Lips | Camerario | Ioach. Camerario | Mauritio Steinmetz
Leipzig_1607,1607,Leipzig,LATIN,Theoretical Mathematics,,,True,True,False,False,euclid_sparse_canonical,True,False,False,False,False,False,False,False,True,False,EVCLIDIS OPTICA & CATOPTRICA,EVCLIDIS OPTICA & CATOPTRICA,EVCLIDIS,,EVCLIDIS OPTICA & CATOPTRICA | D. Mathematum Professoris | EVCLIDIS OPTICA & CATOPTRICA | Programmate | EVCLIDIS,D. Mathematum Professoris
Leipzig_1883,1883,Leipzig,"GREEK, LATIN",Theoretical Mathematics,,,True,True,False,False,euclid_geometry_theory_primary,False,False,False,False,False,False,False,False,True,False,EUCLIDIS OPERA OMNIA,,EUCLIDIS,,EDIDERUNT | EUCLIDIS OPERA OMNIA | EUCLIDIS,
Lisbon_1735,1735,Lisbon,PORTUGUESE,Theoretical Mathematics,,,True,True,True,False,euclid_geometry_theory_primary,False,False,False,False,False,False,False,False,True,False,"ELEMENTOS DE GEOMETRIA PLANA, E SOLIDA, SEGUNDO A ORDEM DE EUCLIDES","ELEMENTOS DE GEOMETRIA PLANA, E SOLIDA, SEGUNDO A ORDEM DE EUCLIDES",EUCLIDES,PRINCEPE DOS GEOMETRAS,"ACRESCENTADOS COM TRÊS UTEIS | PARA USO DA REAL AULA | ELEMENTOS DE GEOMETRIA PLANA, E SOLIDA, SEGUNDO A ORDEM DE EUCLIDES | ACRESCENTADOS COM TRÊS UTEIS | PADRE | Da mesma Companhia | Archimedes | Dinostrato | ELEMENTOS DE GEOMETRIA PLANA, E SOLIDA, SEGUNDO A ORDEM DE EUCLIDES | o primeiro da Logística das Proporções | o segundo dos Theoremas selectos de Archimedes | o terceiro da Quadratriz de Dinostrato | TRÊS UTEIS Appendices: o primeiro da Logística das Proporções: o segundo dos Theoremas selectos de Archimedes: e o terceiro da Quadratriz de Dinostrato | Logística das Proporções | Theoremas selectos de Archimedes | Quadratriz de Dinostrato | PRINCEPE DOS GEOMETRAS | EUCLIDES",PARA USO DA REAL AULA | Collegio de Santo Antão da Companhia de Jesus de Lisboa Occidental | Companhia de Jesus | PADRE | Da mesma Companhia | D. JOÃO V | Archimedes | Dinostrato
Livorno_1709,1709,Livorno,LATIN,Theoretical Mathematics,,,True,True,False,False,euclid_method_access,False,True,False,False,False,True,False,False,True,False,"EUCLIDES REFORMATUS, SIVE PLANA, ET SOLIDA GEOMETRIÆ ELEM ENTA OPUS","EUCLIDES REFORMATUS, SIVE PLANA, ET SOLIDA GEOMETRIÆ ELEM ENTA OPUS",EUCLIDES,,"REFORMATUS | exponuntur | demonstrantur | EUCLIDES REFORMATUS, SIVE PLANA, ET SOLIDA GEOMETRIÆ ELEM ENTA OPUS | In quo tum alia pleraque, cum præcipuè Rationis, & Proportionis Natura, & proprietates Nova Methodo Clarius, quam antea ab aliis, atque facilius exponuntur, firmiusque, ac evidentius demonstrantur | REFORMATUS | REGIÆ CELSITUDINIS FERDINANDI HETRURIÆ PRINCIPIS MATHEMATICO | Ac in Alma Pisana UNIVERSITATE Scientiarum Mechanicarum Professore | EUCLIDES REFORMATUS, SIVE PLANA, ET SOLIDA GEOMETRIÆ ELEM ENTA OPUS | EUCLIDES",Alma Pisana UNIVERSITATE | REGIÆ CELSITUDINIS FERDINANDI HETRURIÆ PRINCIPIS MATHEMATICO | Ac in Alma Pisana UNIVERSITATE Scientiarum Mechanicarum Professore
London_1570,1570,London,ENGLISH,,Mechanics,,True,True,True,False,euclid_humanist_transfer,False,False,False,False,True,False,False,True,False,False,THE ELEMENTS OF GEOMETRIE,THE ELEMENTS OF GEOMETRIE,EVCLIDE,the most auncient Philosopher,translated | annexed | made | THE ELEMENTS OF GEOMETRIE | now first | Citizen of London | M. I. Dee | THE ELEMENTS OF GEOMETRIE | certaine Scholies | Annotations | Inuentions | a very fruitfull Præface | certaine Scholies | Annotations | Inuentions | Scholies | Annotations | Inuentions | the most auncient Philosopher | Englishe | EVCLIDE,Citizen of London | M. I. Dee
London_1620,1620,London,"GREEK, LATIN",,,,True,True,False,False,euclid_humanist_transfer,False,True,False,False,True,False,False,True,False,False,ELEMENTORVM EVCLIDIS LIBRI TREDECIM,ELEMENTORVM EVCLIDIS LIBRI TREDECIM | ΕΥΚΛΕΙΔΟΥ ΣΤΟΙΧΕΙΩΝ ΒΙΒΛΙΑ ἕγ,ΕΥΚΛΕΙΔΟΥ | EVCLIDIS,,restituti | ELEMENTORVM EVCLIDIS LIBRI TREDECIM | SECVNDVM VETERA exemplaria restituti | ELEMENTORVM EVCLIDIS LIBRI TREDECIM | ΕΥΚΛΕΙΔΟΥ ΣΤΟΙΧΕΙΩΝ ΒΙΒΛΙΑ ἕγ | LATINA | ΕΥΚΛΕΙΔΟΥ | EVCLIDIS,
London_1651,1651,London,ENGLISH,Theoretical Mathematics,,,True,True,True,False,euclid_composite_workshop,False,True,True,False,False,False,False,False,True,False,EUCLIDES ELEMENTS OF GEOMETRY: The first VI Books,EUCLIDES ELEMENTS OF GEOMETRY,EUCLIDES,,contracted | Demonstrated | added | EUCLIDES ELEMENTS OF GEOMETRY: The first VI Books | OF GEOMETRY | Captain | Chiefe Engineer to his late Majesty | MR. JOHN DEE | EUCLIDES ELEMENTS OF GEOMETRY | The Mathematicall Preface of MR. JOHN DEE | EUCLIDES,Captain | Chiefe Engineer to his late Majesty | MR. JOHN DEE
London_1654,1654,London,LATIN,Theoretical Mathematics,,,True,True,True,False,euclid_procedural_pedagogical,False,True,False,False,False,False,False,False,True,False,EUCLIDIS SEX PRIMI ELEMENTORUM GEOMETRICO- RUM LIBRI,EUCLIDIS SEX PRIMI ELEMENTORUM GEOMETRICO- RUM LIBRI,EUCLIDIS,,contracti | demonstrati | EUCLIDIS SEX PRIMI ELEMENTORUM GEOMETRICO- RUM LIBRI | In commodiorem formam contracti & demonstrati | Editio prioribus auctior atq; castigatior | è societate JESU | EUCLIDIS SEX PRIMI ELEMENTORUM GEOMETRICO- RUM LIBRI | EUCLIDIS,societate JESU | è societate JESU
London_1659,1659,London,LATIN,Theoretical Mathematics,,,True,True,True,False,euclid_procedural_pedagogical,False,True,False,False,False,False,False,False,True,False,EUCLIDIS ELEMENTORUM Libri xv,EUCLIDIS ELEMENTORUM Libri xv,EUCLIDIS,,"EUCLIDIS ELEMENTORUM Libri xv | breviter demonstrati | Cantabrigiensis, Coll. TRIN. Soc | EUCLIDIS ELEMENTORUM Libri xv | EUCLIDIS","Coll. TRIN. Soc | Cantabrigiensis, Coll. TRIN. Soc"
London_1660,1660,London,ENGLISH,Theoretical Mathematics,,,True,True,True,False,euclid_humanist_transfer,False,True,False,False,True,False,False,False,True,False,EUCLIDE’S ELEMENTS,EUCLIDE’S ELEMENTS,EUCLIDE’S,,Demonstrated | Translated | EUCLIDE’S ELEMENTS | The whole Fifteen Books compen-diously Demonstrated | Fellow of Trinity Colledge in CAMBRIDGE | EUCLIDE’S ELEMENTS | Latin | EUCLIDE’S,Trinity Colledge | Fellow of Trinity Colledge in CAMBRIDGE
London_1661,1661,London,ENGLISH,Theoretical Mathematics,,,True,True,True,False,euclid_composite_workshop,False,True,True,False,False,False,False,False,True,False,EUCLID’S ELEMENTS OF Geometry. In XV. Books,EUCLID’S ELEMENTS OF Geometry. In XV. Books,EUCLID’S | Euclid’s | EUCLIDE,the Author of these ELEMENTS,"With a supplement of | To which is added | annexed | ascribed to | published by | EUCLID’S ELEMENTS OF Geometry. In XV. Books | CAMPANE | FLUSSAS | MARINUS | Machomet Bagdedine | John Dee of London | EUCLID’S ELEMENTS OF Geometry. In XV. Books | With a supplement of divers PROPOSITIONS and COROLLARIES | a Treatise of REGULAR SOLIDS, By CAMPANE and FLUSSAS | Euclid’s DATA: And MARINUS his Pref-ace thereunto annexed | a Treatise of the Divisions of Superficies, ascribed to Machomet Bagdedine | Treatise of REGULAR SOLIDS | Euclid’s DATA | Treatise of the Divisions of Superficies | the Author of these ELEMENTS | EUCLID’S | Euclid’s | EUCLIDE",CAMPANE | FLUSSAS | MARINUS | Machomet Bagdedine | John Dee of London
London_1678,1678,London,LATIN,,,,True,True,True,False,euclid_procedural_pedagogical,False,True,False,False,False,False,False,True,False,False,EUCLIDIS Elementorum LIBRI XV,EUCLIDIS Elementorum LIBRI XV,EUCLIDIS,,"purgati | EUCLIDIS Elementorum LIBRI XV | Breviter demonstrati | Et pri-oribus mendis typographicis nunc demum purgati | Cantabrigiensis, Coll. TRIN. Soc | EUCLIDIS Elementorum LIBRI XV | EUCLIDIS","Cantabrigiensis | Coll. TRIN. Soc | Cantabrigiensis, Coll. TRIN. Soc"
London_1678a,1678,London,LATIN,Theoretical Mathematics,,,True,True,True,False,euclid_procedural_pedagogical,False,True,False,False,False,False,False,False,True,False,EVCLIDIS ELEMENTA GEOMETRICA | EUCLIDIS ELEMENTA GEOMETRICA,EVCLIDIS ELEMENTA GEOMETRICA | EUCLIDIS ELEMENTA GEOMETRICA,EVCLIDIS | EUCLIDIS,,"DEMONSTRATA | EVCLIDIS ELEMENTA GEOMETRICA | EUCLIDIS ELEMENTA GEOMETRICA | NOVO ORDINE AC METHODO FERÈ DEMONSTRATA | Novo Ordine ac Methodo FERE, DEMONSTRATA | Introductione brevi, Quâ Magnitudinum Ortus ex genuinis Principiis, & ortarum Affectiones ex ipsa Genesi derivantur | EVCLIDIS ELEMENTA GEOMETRICA | EUCLIDIS ELEMENTA GEOMETRICA | Introductione brevi | NICOLAI MERCATORIS IN GEOMETRIAM | IN GEOMETRIAM | EVCLIDIS | EUCLIDIS",
London_1680–81,1680/1681,London,ENGLISH,Arithmetic | Astronomy | Cartography | Cosmography | Geography | Navigation | Practical Geometry | Theoretical Mathematics | Trigonometry,,,True,True,True,False,euclid_utility_public,False,True,False,True,False,False,False,False,True,True,the first Six Books of Euclid’s ELEMENTS,the first Six Books of Euclid’s ELEMENTS,Euclid’s ELEMENTS,,"CONTAIN-ING | Composed | demonstrated | the first Six Books of Euclid’s ELEMENTS | as also the Eleventh and Twelfth, symbolically demonstrated | Late Surveyor General of His MAJESTY’S Ordnance, and Fellow of the ROYAL SOCIETY | the first Six Books of Euclid’s ELEMENTS | Euclid’s ELEMENTS","Royal Foundation of the Mathematical SCHOOL | ROYAL SOCIETY | Late Surveyor General of His MAJESTY’S Ordnance, and Fellow of the ROYAL SOCIETY"
London_1685,1685,London,LATIN,,,,True,True,True,False,euclid_procedural_pedagogical,False,True,False,False,False,False,False,True,False,False,EUCLIDIS ELEMENTORUM Libri XV,EUCLIDIS ELEMENTORUM Libri XV,EUCLIDIS,,"breviter demonstrati | purgati | nunc demum purgati | EUCLIDIS ELEMENTORUM Libri XV | breviter demonstrati | Et prioribus mendis typographicis nunc demum purgati | Cantabrigiensis, Coll. TRIN. Soc | EUCLIDIS ELEMENTORUM Libri XV | EUCLIDIS","Coll. TRIN. Soc | Cantabrigiensis, Coll. TRIN. Soc"
London_1685a,1685,London,ENGLISH,,,Practical Geometry,True,True,True,False,euclid_composite_workshop,False,True,True,False,False,True,False,True,False,False,THE ELEMENTS OF EUCLID,THE ELEMENTS OF EUCLID,EUCLID | EVCLID,,"Explained | Demonstrated | Done out of | Corrected | Augmented | Illustrated | THE ELEMENTS OF EUCLID | Explained and Demonstrated in a New and most easie Method. With the USES of each PROPOSI-TION In all the Parts of the MATHEMATICKS | Done out of FRENCH, Corrected and Augmented | a Jesuite | THE ELEMENTS OF EUCLID | Illustrated with Nine Copper Plates | the Effigies of EVCLID | FRENCH | EUCLID | EVCLID",a Jesuite
London_1686,1686,London,ENGLISH,Theoretical Mathematics,,,True,True,True,False,euclid_humanist_transfer,False,True,False,False,True,False,False,False,True,False,EVCLID’s ELEMENTS. The Whole FIFTEEN BOOKS,EVCLID’s ELEMENTS. The Whole FIFTEEN BOOKS,EVCLID’s,,"Demonstrated | Translated | very carefully corrected | EVCLID’s ELEMENTS. The Whole FIFTEEN BOOKS | The Second Edition, very carefully corrected | Fellow of Trin-ity Colledge in CAMBRIDGE | EVCLID’s ELEMENTS. The Whole FIFTEEN BOOKS | Latin | EVCLID’s",Trin-ity Colledge | Fellow of Trin-ity Colledge in CAMBRIDGE
London_1695,1695,London,ENGLISH,Theoretical Mathematics,,Practical Geometry,True,True,False,False,euclid_method_access,False,True,False,False,False,True,False,False,True,False,"Firſt, Third, Fourth, Fifth and Sixth Books of EUCLID","Firſt, Third, Fourth, Fifth and Sixth Books of EUCLID",EUCLID | Euclid’s ſecond Book,,"Epitomiz’d | BEING | demonſtrated | Firſt, Third, Fourth, Fifth and Sixth Books of EUCLID | A Compendious Collection of the moſt uſeful Propoſitions in the Firſt, Third, Fourth, Fifth and Sixth Books of EUCLID | Firſt, Third, Fourth, Fifth and Sixth Books of EUCLID | Together With their Uſes, in ſeveral practical Parts of the Mathematicks | With ſome of the moſt uſeful Problems re­quired in Practice | Euclid’s ſecond Book and Doctrine of Pro­ portion | Euclid’s ſecond Book | EUCLID | Euclid’s ſecond Book",
London_1696,1696,London,ENGLISH,Theoretical Mathematics,,Practical Geometry,True,True,True,False,euclid_utility_public,False,True,False,True,False,True,False,False,True,False,THE ELEMENTS OF EUCLID,THE ELEMENTS OF EUCLID,EUCLID,,"Explain’d | Written | made | Cor-rected | THE ELEMENTS OF EUCLID | in a New, but most Easie method | The Second Edition | Now made English, and a multitude of Errors Cor-rected, which had escap’d in the Original | that Excellent Mathematician | of the Society of JESUS | THE ELEMENTS OF EUCLID | The Use of every Proposition through all parts of the Mathematicks | The Use of every Proposition through all parts of the Mathematicks | The Use of every Proposition through all parts of the Mathematicks | French | English | EUCLID",Society of JESUS | that Excellent Mathematician | of the Society of JESUS
London_1700,1700,London,ENGLISH,Construction | Practical Geometry | Surveying,Theoretical Mathematics,,True,True,False,False,euclid_humanist_transfer,False,True,False,False,True,False,False,False,True,True,"First, Third, Fifth, Sixth, Eleventh, and Twelfth Books of EUCLID | EUCLID’s Second Book and Doctrine of Proportion","First, Third, Fifth, Sixth, Eleventh, and Twelfth Books of EUCLID | EUCLID’s Second Book",EUCLID | EUCLID’s,,"Subjoin’d | First, Third, Fifth, Sixth, Eleventh, and Twelfth Books of EUCLID | EUCLID’s Second Book and Doctrine of Proportion | with their Application to several of the most useful parts of the Mathematicks | Teacher of the MATHEMATICKS | First, Third, Fifth, Sixth, Eleventh, and Twelfth Books of EUCLID | EUCLID’s Second Book | A Treatise of Measuring Superficies and Solids; Vulgarily Decimally and Practically, with the Customs used by Artificers in Measuring their several Works: Likewise, Directions for Measuring Board and Timber; Making Vessels of any Bigness; Taking the Plan of any Court, Yard, Garden, &c. Also, The cutting the Five Regular Bodies | Treatise of Measuring Superficies and Solids | EUCLID | EUCLID’s",Teacher of the MATHEMATICKS
London_1703,1703,London,ENGLISH,,,,True,True,True,False,euclid_composite_workshop,False,True,True,False,False,True,False,True,False,False,THE ELEMENTS OF EUCLID,THE ELEMENTS OF EUCLID,EUCLID | EVCLID,,Explained | Demonstrated | Corrected | Augmented | Illustrated | Done | THE ELEMENTS OF EUCLID | Explained and Demonstrated in a New and most Easy Method | With the Uses of each PROPOSI-TION In all the Parts of the MATHEMATICKS | Corrected and Augmented | Done out of FRENCH | a Jesuite | THE ELEMENTS OF EUCLID | Illustrated with Nine Copper Plates | the Effigies of EVCLID | FRENCH | EUCLID | EVCLID,a Jesuite
London_1705,1705,London,ENGLISH,Theoretical Mathematics,,,True,True,True,False,euclid_composite_workshop,False,True,True,False,False,True,False,False,True,False,EUCLIDE’S ELEMENTS,EUCLIDE’S ELEMENTS,EUCLIDE’S,,added | Demonstrated | EUCLIDE’S ELEMENTS | Compendiously Demonstrated | D. D. Late Master of Trinity College in Cambridge | Hierocl | EUCLIDE’S ELEMENTS | ARCHIMEDES THEOREMS Of the Sphere and Cylinder | ARCHIMEDES THEOREMS | in English | EUCLIDE’S,Trinity College in Cambridge | D. D. Late Master of Trinity College in Cambridge | Hierocl
London_1747,1747,London,ENGLISH,Practical Geometry | Theoretical Mathematics,,,True,False,True,True,elements_language_no_euclid,False,True,True,False,False,False,True,False,True,True,ELEMENTS OF   Plane Geometry,ELEMENTS OF Plane Geometry,,,"are added | SCHOOLS | ELEMENTS OF   Plane Geometry | Fellow of the ROYAL SOCIETY, and Professor of GEOMETRY in the Royal Academy at Woolwich | ELEMENTS OF Plane Geometry | An ESSAY on the MAXIMA and   MINIMA of Geometrical Quantities | A brief Treatise of regular SOLIDS | The MENSURATION of both SUPERFICIES and SOLIDS, together with the CONSTRUCTION of a large Variety of Geometrical PROBLEMS | ESSAY on the MAXIMA and MINIMA of Geometrical Quantities | Treatise of regular SOLIDS | MENSURATION of both SUPERFICIES and SOLIDS","SCHOOLS | ROYAL SOCIETY | Royal Academy at Woolwich | Fellow of the ROYAL SOCIETY, and Professor of GEOMETRY in the Royal Academy at Woolwich"
London_1789,1789,London,ENGLISH,Theoretical Mathematics,,,True,True,True,False,euclid_utility_public,False,True,True,True,False,False,False,False,True,False,ELEMENTS OF   GEOMETRY,ELEMENTS OF   GEOMETRY,EUCLID,,"CONTAINING | ELEMENTS OF   GEOMETRY | CONTAINING THE PRINCIPAL PROPOSITIONS IN THE FIRST SIX, AND THE ELEVENTH AND TWELFTH BOOKS OF EUCLID | OF THE ROYAL MILITARY ACADEMY, WOOLWICH | ELEMENTS OF   GEOMETRY | WITH NOTES CRITICAL AND EXPLANATORY | EUCLID","THE ROYAL MILITARY ACADEMY, WOOLWICH | OF THE ROYAL MILITARY ACADEMY, WOOLWICH"
Lund_1855,1855,Lund,SWEDISH,Theoretical Mathematics,,,True,True,False,False,euclid_sparse_canonical,True,False,False,False,False,False,False,False,True,False,"sjunde, åttonde, nionde och tionde böckerna af Euclids Elementer",Euclids Elementer,Euclids,,"Öfversättning | bearbetning | sjunde, åttonde, nionde och tionde böckerna af Euclids Elementer | Euclids Elementer | Euclids",
Lyon_1557,1557,Lyon,LATIN,,,,True,True,True,False,euclid_composite_workshop,False,True,True,False,False,False,False,True,False,False,IN EVCLIDIS ELEMENTA GEOMETRICA Demonstrationum Libri sex | Euclidis Elementa Ge-ometrica Demonstrationum Libri sex,IN EVCLIDIS ELEMENTA GEOMETRICA Demonstrationum Libri sex | Euclidis Elementa Ge-ometrica Demonstrationum Libri sex,Euclidis | Euclidem | Euclidis,Euclidis Græcus,"auctior | emendatior | additus | contulerit | IN EVCLIDIS ELEMENTA GEOMETRICA Demonstrationum Libri sex | Euclidis Elementa Ge-ometrica Demonstrationum Libri sex | Secunda editio, auctior & emendatior | CENOM | CENOMANI | IN EVCLIDIS ELEMENTA GEOMETRICA Demonstrationum Libri sex | Euclidis Elementa Ge-ometrica Demonstrationum Libri sex | cui & textus Euclidis Græcus additus est | Quid autem præcipuè ad Euclidem contulerit Peletarius | Euclidis Græcus | Græcus | Euclidis | Euclidem | Euclidis","CENOM | CENOMANI | Carolum Lothar-ingum, Principem, Cardinalémque amplissimum | Carolum Lotharingum, Principem, Cardinalemque"
Lyon_1603,1603,Lyon,LATIN,,,Arithmetic,True,True,True,False,euclid_no_primary_subject,False,False,False,False,False,False,False,True,False,False,GEOMETRIAM EVCLIDIS prioribus sex Elementorum,GEOMETRIAM EVCLIDIS prioribus sex Elementorum,GEOMETRIAM EVCLIDIS,,GEOMETRIAM EVCLIDIS prioribus sex Elementorum | libris comprehensam Demonstratio Numeralis | GEOMETRIAM EVCLIDIS prioribus sex Elementorum | GEOMETRIAM EVCLIDIS,Cancellarium Regium | CHRISTIANVM FRIIS
Lyon_1645,1645,Lyon,FRENCH,Theoretical Mathematics,,,True,True,True,False,euclid_composite_workshop,False,True,True,False,True,False,False,False,True,False,LES QVINZE LIVRES DES ELEMENTS GEOMETRIQVES D’EVCLIDE,LES QVINZE LIVRES DES ELEMENTS GEOMETRIQVES D’EVCLIDE,D’EVCLIDE,D’EVCLIDE MEGARIEN,"Traduits | augmentez | LES QVINZE LIVRES DES ELEMENTS GEOMETRIQVES D’EVCLIDE | Traduits de Grec en François, & augmentez de plusieurs figures & demonstrations, auec la correction des erreurs commises és autres traductions | Professeur és Mathematiques | LES QVINZE LIVRES DES ELEMENTS GEOMETRIQVES D’EVCLIDE | augmentez de plusieurs figures & demonstrations | la correction des erreurs commises és autres traductions | D’EVCLIDE MEGARIEN | Grec | François | D’EVCLIDE",Professeur és Mathematiques | MONSEIGNEVR l’Illustrissime & Reuerendissime CARDINAL de Lyon
Lyon_1646,1646,Lyon,FRENCH,Theoretical Mathematics,,,True,True,True,False,euclid_composite_workshop,False,True,True,False,True,False,False,False,True,False,LES QVINZE LIVRES DES ELEMENTS GEOMETRIQVES D’EVCLIDE,LES QVINZE LIVRES DES ELEMENTS GEOMETRIQVES D’EVCLIDE,D’EVCLIDE,,Traduits | augmentez | LES QVINZE LIVRES DES ELEMENTS GEOMETRIQVES D’EVCLIDE | Traduits de Grec en François | Professeur és Mathematiques | LES QVINZE LIVRES DES ELEMENTS GEOMETRIQVES D’EVCLIDE | plusieurs figures & demonstrations | la correction des erreurs commises és autres traductions | Grec | François | D’EVCLIDE,Professeur és Mathematiques | MONSEIGNEVR l’Illustrissime & Reuerendissime CARDINAL de Lyon
Lyon_1660,1660,Lyon,LATIN,Theoretical Mathematics,,,True,True,False,False,euclid_geometry_theory_primary,False,False,False,False,False,False,False,False,True,False,EVCLIDIS ELEMENTORVM Libri octo,EVCLIDIS ELEMENTORVM Libri octo,EVCLIDIS,,accommodati | EVCLIDIS ELEMENTORVM Libri octo | Camberiensi Societ. IESV | EVCLIDIS ELEMENTORVM Libri octo | EVCLIDIS,Camberiensi Societ. IESV | Camberiensi Societ. IESV
Lyon_1669,1669,Lyon,LATIN,Theoretical Mathematics | Trigonometry,,,False,False,False,False,not_euclid_elements,False,False,False,False,False,False,False,False,False,False,SYNOPSIS GEOMETRICA,,,,"SYNOPSIS GEOMETRICA | De linea sinuum & Cycloide, De maximis & minimis, centuria, Et Synopsis Trigonometriæ planæ | HONORATO",Societatis IESV | HONORATO
Lyon_1672,1672,Lyon,FRENCH,Theoretical Mathematics,,,True,True,True,False,euclid_sparse_canonical,True,False,False,False,False,False,False,False,True,False,HVICT LIVRES DES ELEMENTS DEVCLIDE,HVICT LIVRES DES ELEMENTS DEVCLIDE,DEVCLIDE,,RENDVS | HVICT LIVRES DES ELEMENTS DEVCLIDE | R. P | HVICT LIVRES DES ELEMENTS DEVCLIDE | DEVCLIDE,Compagnie de IESVS | R. P
Lyon_1674,1674,Lyon,LATIN,Architecture | Arithmetic | Construction | Geography | Mechanics | Practical Geometry | Trigonometry,,,True,True,False,False,euclid_procedural_pedagogical,False,True,False,False,False,False,False,False,True,True,EV- CLIDIS LIBROS OCTO,EV- CLIDIS LIBROS OCTO,EV- CLIDIS,,COMPLECTENS | PRODIT | EV- CLIDIS LIBROS OCTO | TOMVS PRIMVS | R. P | CAMBERIENSIS | È SOCIETATE IESV | EV- CLIDIS LIBROS OCTO | ARITHMETICAM | Theodosij sphærica | Trigonometriam | Geometriam practicam | Mechanicam | Staticam | Geographiam vniuersalem | Tractatum de Magnete | Architecturam Ciuilem | Artem tignariam | ARITHMETICAM | Theodosij sphærica | Trigonometriam | Geometriam practicam | Mechanicam | Staticam | Geographiam vniuersalem | Tractatum de Magnete | Architecturam Ciuilem | Artem tignariam | EV- CLIDIS,SOCIETATE IESV | R. P | CAMBERIENSIS | È SOCIETATE IESV
Lyon_1675,1675,Lyon,LATIN,,,,True,True,True,False,euclid_procedural_pedagogical,False,True,False,False,False,False,False,True,False,False,ELEMENTORUM EUCLIDIS LIBRI OCTO,ELEMENTORUM EUCLIDIS LIBRI OCTO,EUCLIDIS,,"accommodati | ELEMENTORUM EUCLIDIS LIBRI OCTO | TERTIA EDITIO | Cæteris facilior & correctior | Camberiensi, Societ. JESU | ELEMENTORUM EUCLIDIS LIBRI OCTO | EUCLIDIS","Societ. JESU | Camberiensi, Societ. JESU"
Lyon_1690,1690,Lyon,LATIN,Arithmetic | Theoretical Mathematics | Trigonometry,,,True,True,False,False,euclid_geometry_theory_primary,False,False,False,False,False,False,False,False,True,False,Euclidis Libros XIV,Euclidis Libros XIV,Euclidis,,COMPLECTENS | aucta | emen-data | Euclidis Libros XIV | Editio altera ex Manuscriptis Authoris aucta & emen-data | operâ & studio R.P. AMATI VARCIN ejusdem Societatis | CAMBERENSIS È SOCIETATE JESU CURSUS SEU MUNDUS MATHEMATICUS | Euclidis Libros XIV | Theodosii sphærica | Sectiones Conicas | Arith-meticam | Trigonometriam | Algebram | refutationem Hyptheseon Cartesianarum | Theodosii sphærica | Sectiones Conicas | Arith-meticam | Trigonometriam | Algebram | refutationem Hyptheseon Cartesianarum | Euclidis,SOCIETATE JESU | CAMBERENSIS È SOCIETATE JESU CURSUS SEU MUNDUS MATHEMATICUS
Lübeck_and_Frankfurt_1699,1699,"Lübeck, Frankfurt",GERMAN,Practical Geometry,,Surveying,True,True,False,False,euclid_geometry_theory_primary,False,False,False,False,False,False,False,False,True,True,Acht Bücher Von Denen An-fängen Der Meß-Künst,Acht Bücher Von Denen An-fängen Der Meß-Künst,Euclides,Teutsch-Redender Euclides,"eingerichtet | bewiesen | Allen Generalen, Ingeniern, Natur-und Warheit-Kündigern, Bau-Meistern, Künstlern und Handwerckern | Acht Bücher Von Denen An-fängen Der Meß-Künst | Der Meß-Künst | Acht Bücher Von Denen An-fängen Der Meß-Künst | Teutsch-Redender Euclides | Teutscher | Euclides","Allen Generalen, Ingeniern, Natur-und Warheit-Kündigern, Bau-Meistern, Künstlern und Handwerckern"
MIZPJ8,1568,Nuremberg,GERMAN,Perspective,Practical Geometry,,True,True,True,False,euclid_elements_other,False,False,False,False,False,False,False,False,False,False,PERSPECTIVA. Corporum Regularium,Elementis,Euclides,,Allen Liebhabern der freyen Künst zu Ehrn | PERSPECTIVA. Corporum Regularium | Wie die Fünff Regulirten Cörper / daruon Plato inn Timæo / vnnd Euclides inn sein Elementis schreibt | Plato | Elementis | ein schöne Anleytung | Euclides,Allen Liebhabern der freyen Künst zu Ehrn | Plato
MM0YD0,1643,Paris,FRENCH,Construction | Practical Geometry,,,False,False,False,False,not_euclid_elements,False,False,False,False,False,False,False,False,False,False,,,,,,
MMJVXG,1625,Leiden,FRENCH,Arithmetic,,,False,False,False,False,not_euclid_elements,False,False,False,False,False,False,False,False,False,False,ARITHMETIQVE DE SIMON STEVIN DE BRVGES,,,,"Receuë | corrigée | augmen- tée | ARITHMETIQVE DE SIMON STEVIN DE BRVGES | Receuë, corrigée & augmen- tée de plusieurs traictez et annotations | Samielois Mathema- ticien | de plusieurs traictez et annotations",Samielois Mathema- ticien
MYFHIS,1584,Venice,ITALIAN,Architecture | Construction,,Instrument Use | Practical Geometry,False,False,False,False,not_euclid_elements,False,False,False,False,False,False,False,False,False,False,"TVTTE L'OPERE D'ARCHITETTVRA, ET PRROSPETIVA",,,,"la aggiunta | ristampate | corrette | gli Architetti | TVTTE L'OPERE D'ARCHITETTVRA, ET PRROSPETIVA | Doue si mettono in disegno tutte le maniere di edificij, e si trattano di quelle cose, che sono più necessarie a sapere gli Architetti | Di nuouo ristampate, e corrette | BOLOGNESE | Con la aggiunta delle inuentioni di cinquanta Porte, e gran numero di palazzi publici, e pri- uati nella Città, & in Villa, e varij accidenti, che possono occorrere nel fabricare | Con vn' Indice copiosissimo con molte Considerationi, & vn breue Discorso sopra questa materia, raccolto",gli Architetti | BOLOGNESE
Madrid_1585,1585,Madrid,SPANISH,Perspective,Theoretical Mathematics,,True,True,False,False,euclid_humanist_transfer,False,False,False,False,True,False,False,False,False,False,"LA PERSPECTIVA, Y ESPECVLARIA DE Euclides","LA PERSPECTIVA, Y ESPECVLARIA DE Euclides",Euclides,,"Traduzidas | la S. C. R. M. del Rey don Phelippe nuestro Señor | LA PERSPECTIVA, Y ESPECVLARIA DE Euclides | su criado | LA PERSPECTIVA, Y ESPECVLARIA DE Euclides | vulgar Castellano | Euclides",la S. C. R. M. del Rey don Phelippe nuestro Señor | su criado | don Phelippe nuestro Señor
Madrid_1665,1665,Madrid,SPANISH,Architecture | Practical Geometry | Theoretical Mathematics,,,True,True,False,False,euclid_utility_public,False,True,False,True,True,False,False,False,True,True,QVINTO Y SEPTIMO libros de Euclides,QVINTO Y SEPTIMO libros de Euclides,Euclides,,traduci-dos | aprobadas | Confirmadas | COMPVESTO | QVINTO Y SEPTIMO libros de Euclides | traduci-dos de latín en Romance | DE SAN Nicolas Augustino descalzo Architecto y Maestro de obras natural de la muy noble y coronada Villa de Madrid | Bouedas | Pichinas | QVINTO Y SEPTIMO libros de Euclides | LAS MEDIDAS DIFICILES DE Bouedas | las superficies y pies cubicos de Pichinas | LAS ORDENAN-ZAS DE La Imperial Ciudad de Toledo | LAS MEDIDAS DIFICILES DE Bouedas | las superficies y pies cubicos de Pichinas | LAS ORDENAN-ZAS DE La Imperial Ciudad de Toledo | latín | Romance | Euclides,La Imperial Ciudad de Toledo | Villa de Madrid | San Nicolas | DE SAN Nicolas Augustino descalzo Architecto y Maestro de obras natural de la muy noble y coronada Villa de Madrid | MI REDEMPTOR IESV CHRISTO | Bouedas | Pichinas
Mainz_1611_1612,1611/1612,Mainz,LATIN,Arithmetic | Practical Geometry | Theoretical Mathematics | Trigonometry,,,True,True,True,False,euclid_composite_workshop,False,True,True,False,False,False,False,False,True,True,Euclidis Ele-menta Geometrica,Euclidis Ele-menta Geometrica,Euclidis,,"distributa | denuo correcta | aucta | Euclidis Ele-menta Geometrica | denuo correcta, et plurimis locis aucta | E Societate IESV | Theodosij | Euclidis Ele-menta Geometrica | Commentaria In Euclidis Ele-menta Geometrica | In Sphærica Theodosij | Sinuum, Tangentium & Secantium rationem & Canones | Tractationem triangulorum, tum rectilineorum, tum sphæricorum | Commentaria In Euclidis Ele-menta Geometrica | Sphærica Theodosij | Sinuum | Tangentium | Secantium | Tractationem triangulorum | Euclidis",Societate IESV | E Societate IESV | D. JOANNEM GODEFRIDVM EPISCOpum Bambergensem | Theodosij
Messina_1558,1558,Messina,LATIN,Astronomy | Theoretical Mathematics | Trigonometry,,Practical Geometry,True,True,False,False,euclid_method_access,False,True,False,False,False,True,False,False,True,False,EV- CLIDIS PHAENOMENA,,EV- CLIDIS,,"EV- CLIDIS PHAENOMENA | Brevissime demonstrata | THEODOSII SPHAERICORVM ELEMENTORVM LIBRI. III | MENELAI SPHAERICORVM LIB. III. Ex traditione eiusdem | MAVROLYCI SPHAERICORVM LIB. II | AVTOLYCI DE SPHAERA, QUAE MOVETVR Liber | THEODOSII DE HABITATIONIBVS | COMPENDIVM MATHEMATI-CAE mira breuitate ex clarissimis Authoribus | THEODOSII SPHAERICORVM ELEMENTORVM LIBRI | MENELAI SPHAERICORVM LIB | MAVROLYCI SPHAERICORVM LIB | AVTOLYCI DE SPHAERA | THEODOSII DE HABITATIONIBVS | COMPENDIVM MATHEMATI-CAE | EV- CLIDIS",
Milan_1671,1671,Milan,ITALIAN,Theoretical Mathematics,,,True,True,False,False,euclid_geometry_theory_primary,False,False,False,False,False,False,False,False,True,False,I PRIMI SEI LIBRI D’EVCLIDE,I PRIMI SEI LIBRI D’EVCLIDE,EVCLIDE,,TRATTI | I PRIMI SEI LIBRI D’EVCLIDE | I PRIMI SEI LIBRI D’EVCLIDE | EVCLIDE,"CONTE VITALIANO BORROMEO Generale dell’Artiglieria, e del Consiglio Segreto di S. M. Cattolica, e Commessario Imperiale della Maestà dell’Imperatore in Italia"
Milan_1702,1702,Milan,ITALIAN,,,,True,True,False,False,euclid_sparse_canonical,True,False,False,False,False,False,False,True,False,False,I PRIMI SEI LIBRI D’EVCLIDE,I PRIMI SEI LIBRI D’EVCLIDE,EVCLIDE,,TRATTI | I PRIMI SEI LIBRI D’EVCLIDE | I PRIMI SEI LIBRI D’EVCLIDE | IN VOLGARE | EVCLIDE,
MorisS-1-1,1612,Lyon,FRENCH,Arithmetic,,,False,False,False,False,not_euclid_elements,False,False,False,False,False,False,False,False,False,False,,,,,recueillis | inuentez | toutes sortes de personnes curieuses | ST. DE MEZIRIAC,toutes sortes de personnes curieuses | ST. DE MEZIRIAC
MorisS-10-1,1646,Lyon,LATIN,Mechanics,,,False,False,False,False,not_euclid_elements,False,False,False,False,False,False,False,False,False,False,,,,,excerpta | Doctore Medico | R. P. Honorati Fabry | Cuncta excerpta,Societatis Iesu | Doctore Medico | R. P. Honorati Fabry
MorisS-10-3,1659,Rome,LATIN,Theoretical Mathematics | Trigonometry,,,False,False,False,False,not_euclid_elements,False,False,False,False,False,False,False,False,False,False,OPVSCVLVM GEOMETRICVM DE LINEA SINVVM ET CYCLOIDE,,,,OPVSCVLVM GEOMETRICVM DE LINEA SINVVM ET CYCLOIDE,
MorisS-12-1,1657,Paris,LATIN,Theoretical Mathematics,,,False,False,False,False,not_euclid_elements,False,False,False,False,False,False,False,False,False,False,,,,,"INVENTA | transmissa | proposita | ACCESSIT | D. Fermat | D. Cl. M. Laurenderium | D. Francisco à Schooten | Alia duo Problemata numerica a D. Cl. M. Laurenderio Vicissim proposita, cum quibusdam solutionibus ab eodem D. B. F. D. B. datis | Inquisitio in solutionem prioris Problematis a D. Francisco à Schooten in Academia Lugduno Batava Matheseos Professore datam | Sex aliae solutiones prioris Problematis terminis Analyticis ab eodem D. B. F. sub forma Problematis datae | Solutio alterius Problematis ab eodem Cl. viro D. Fermat circa numeros unitate à quadrato deficientes proposita, cum ipsius solutionis constructione",Academia Lugduno Batava | D. Cl. M. Laurenderium Doctorem Medicum | D. Fermat | D. Cl. M. Laurenderium | D. Francisco à Schooten
MorisS-13-1,1632,Paris,LATIN,Astronomy,,,False,False,False,False,not_euclid_elements,False,False,False,False,False,False,False,False,False,False,MERCVRIVS IN SOLE VISVS: ET VENVS INVISA,,,,MERCVRIVS IN SOLE VISVS: ET VENVS INVISA | Cum Observationibus quibusdam aliis,Keppleri
MorisS-13-2,1642,Paris,LATIN,Astronomy,,,False,False,False,False,not_euclid_elements,False,False,False,False,False,False,False,False,False,False,DE MOTU IMPRESSO A MOTORE,,,,"TRANSLATO | DE MOTU IMPRESSO A MOTORE | ALIQUOT PRAECIPUAE tum de Motu universè, tum speciatim de Motu Terrae attributo difficultates explicantur",
MorisS-13-3,1642,Paris,LATIN,Astronomy,,,False,False,False,False,not_euclid_elements,False,False,False,False,False,False,False,False,False,False,,,,,,
MorisS-13-4,1646,Paris,LATIN,Mechanics,,,False,False,False,False,not_euclid_elements,False,False,False,False,False,False,False,False,False,False,,,,,,Societatis IESV | R. P. Petri Cazræi
MorisS-13-5,1647,Paris,LATIN,Astronomy,,,False,False,False,False,not_euclid_elements,False,False,False,False,False,False,False,False,False,False,,,,,iterato edita | Dictata | iterato edita | Regio Matheseos Professore,INSTITVTIO ASTRONOMICA | Regio Matheseos Professore
MorisS-14-1,1626,The Hague,FRENCH,Trigonometry,Theoretical Mathematics,Practical Geometry,False,False,False,False,not_euclid_elements,False,False,False,False,False,False,False,False,False,False,"TABLES DES SINVS TANGENTES & SECANTES, SELON LE RAID DE 100000 PARTIES",,,,"mises en lumière | aux apprentif | aux plus doctes practiciens des Mathematiques | TABLES DES SINVS TANGENTES & SECANTES, SELON LE RAID DE 100000 PARTIES | un traité succinct de la Tri- gonometire tant des triangles plans, que Spheriques | Trigonometire",aux apprentif | aux plus doctes practiciens des Mathematiques
MorisS-14-3,1629,Amsterdam,FRENCH,Theoretical Mathematics,,,False,False,False,False,not_euclid_elements,False,False,False,False,False,False,False,False,False,False,,,,,MATHEMATICIEN,MATHEMATICIEN
MorisS-15-1,1630,Paris,FRENCH,Theoretical Mathematics,,,False,False,False,False,not_euclid_elements,False,False,False,False,False,False,False,False,False,False,"EXAMEN DE LA DVPLICATION DV CVBE, ET QVADRATVRE DV CERCLE",,,,"publiée | EXAMEN DE LA DVPLICATION DV CVBE, ET QVADRATVRE DV CERCLE | Cy deuant publiée à diuerses fois | Et nouuellement au mois d’Aoust dernier | le sieur",le sieur
MorisS-15-2,1638,Paris,FRENCH,Theoretical Mathematics,,,False,False,False,False,not_euclid_elements,False,False,False,False,False,False,False,False,False,False,,,,,,
MorisS-16-1,1623,Paris,FRENCH,Arithmetic | Construction | Military Engineering | Practical Geometry | Trigonometry,Instrument Use,,False,False,False,False,not_euclid_elements,False,False,False,False,False,False,False,False,False,False,De l’Arithmetique militaire,,,,"reueuë | corrigée | augmentée | EN FAVEVR DE LA NOBLESSE Françoiſe | De l’Arithmetique militaire | Construction des tables des Sinus, Tou‑chantes & Couppantes ; Doctrine des triangles Rectilignes ; Pratique de diuers Problemes Geometriques ; Dimenſion des lignes droictes, Su‑perficies & Corps ; Pratique du Compas de proportions ; & de la Conſtruction des Fortereſſes, ſeruans d’explication & augmentation | SECONDE EDITION, reueuë, corrigée & augmentée en diuers en‑droicts, & meſme d’vn traicté entier, co[n]tenant vne brieue inſtru‑ ction pour conſtruire les fortifications pratiquées aux pays bas | Mathematicien | Monſieur Errard | d’explication & augmentation | vne brieue instruction | De l’Arithmetique militaire | Conſtruction des tables des Sinus, Tou- chantes & Couppantes | Doctrine des triangles Rectilignes | Pratique de diuers Problemes Geometriques | Dimenſion des lignes droictes, Su- perficies & Corps | Pratique du Compas de proportions | de la Conſtruction des Fortereſſes, ſeruans d’explication & augmentation és deux & troiſieſmes Liures des Fortifications de Monſieur Errard | vn traicté entier, co[n]tenant vne brieue inſtru- ction pour conſtruire les fortifications pratiquées aux pays bas | Fortifications de Monſieur Errard | Françoiſe",EN FAVEVR DE LA NOBLESSE Françoiſe | Mathematicien | Monſieur Errard
MorisS-16-10,1627,Lyon,FRENCH,,Arithmetic | Mechanics,,False,False,False,False,not_euclid_elements,False,False,False,False,False,False,False,False,False,False,,,,,COMPOSEE | Augmentée | adioustées | Augmentée en cette derniere Edition | Figures adioustées | plusieurs Problemes non encore veus,
MorisS-16-11,1630,Paris,FRENCH,Cartography | Instrument Use | Practical Geometry,Surveying,Arithmetic,False,False,False,False,not_euclid_elements,False,False,False,False,False,False,False,False,False,False,,,,,Mathematicien,Mathematicien
MorisS-16-3,1618,Paris,FRENCH,Instrument Use,,Practical Geometry,False,False,False,False,not_euclid_elements,False,False,False,False,False,False,False,False,False,False,,,,,Mathem,Mathem
MorisS-16-4,1619,Paris,FRENCH,Trigonometry,Theoretical Mathematics,,False,False,False,False,not_euclid_elements,False,False,False,False,False,False,False,False,False,False,CANON MANVEL DES SINVS,,,,"Supputé | corrigé | adioustées | CANON MANVEL DES SINVS | TOVCHANTES, ET COVPPANTES | en ceste Edition | Mathem | B. Pitiscus | adioustées toutes les choses prin- cipales & nécessaires à la Trigo- nometrie, extraites des traictez de la doctrine des triangles, tant recti- lignes, que spheriques, faits",Mathem | B. Pitiscus
MorisS-16-5,1620,Paris,FRENCH,Astronomy | Cosmography,,Geography,False,False,False,False,not_euclid_elements,False,False,False,False,False,False,False,False,False,False,,,,,Mathem | LES ACCIDENS ET PROPRIETEZ plus remarquables d’icelles,Mathem
MorisS-16-6,1620,Paris,FRENCH,Practical Geometry,,Theoretical Mathematics,False,False,False,False,not_euclid_elements,False,False,False,False,False,False,False,False,False,False,LA GEOMETRIE ET PRATIQVE GENERALE D’ICELLE,,,,"Reueuë | corrigée | augmentée | LA GEOMETRIE ET PRATIQVE GENERALE D’ICELLE | Reueuë, corrigée, & beaucoup augmentée | de Bar-le-Duc, Ingenieur ordinaire de sa Majesté","de Bar-le-Duc, Ingenieur ordinaire de sa Majesté"
MorisS-16-7,1623,Paris,FRENCH,Theoretical Mathematics,,,True,True,True,False,euclid_humanist_transfer,False,False,False,False,True,False,False,False,True,False,dixiesme Liure d’Euclide,Elements Geometriques d’Euclide,d’Euclide,,les traducteurs & interpretes | dixiesme Liure d’Euclide | Mathematicien | Elements Geometriques d’Euclide | la response Apologetique | d’Euclide,les traducteurs & interpretes | Mathematicien
MorisS-17-3,1642,Paris,LATIN,Theoretical Mathematics,Astronomy | Instrument Use | Perspective,,False,False,False,False,not_euclid_elements,False,False,False,False,False,False,False,False,False,False,,,,,"Continens | contenant | SVPPLEMENTVM | Professeur és Mathematiques | Geometricas æquationum cubicarum purarum, atque affectarum Effectiones | les Effections Geometri- ques des equations cubiques, pures & affectées | L’vsage de l’Algebre | La methode de mettre en Per- spective toutes sortes d’objets par le moyen du Com- pas de proportion | La Theorie des Planetes, distinguée selon les hypotheses de la terre immobile & mobile | L’Introduction en la Chronologie, avec une Table des choses plus notables par ordre alphabetique | un Catalogue des meilleurs Auteurs des Mathema- tiques",Professeur és Mathematiques
MorisS-18-1,1651,Toulouse,LATIN,Practical Geometry | Theoretical Mathematics,,,False,False,False,False,not_euclid_elements,False,False,False,False,False,False,False,False,False,False,CIRCULI ET HYPERBOLAE SEGMENTORVM,,,,"Demonstrata | reducta | restaurat | amplificat | CIRCULI ET HYPERBOLAE SEGMENTORVM | Ex dato eorum centro gravitatis, una cum inventione proportionis & centri gravitatis in portionibus Sphaerae plurimorumque periphericorum, nec non tetragonismo absoluto certa cuiusdam cylindri partis, & aliorum | praesenti Opere restaurat atque amplificat | Societatis IESV | Archimedeæ | adiumento libræ Archimedeæ | à materia divulsæ | libræ Archimedeæ | Archimedeæ",Societatis IESV | Societatis IESV | Archimedeæ
MorisS-18-3,1659,,LATIN,Theoretical Mathematics,,,False,False,False,False,not_euclid_elements,False,False,False,False,False,False,False,False,False,False,Excerpta ex quarto libro de Cycloide Antonii Laloveræ,,,,edito | communicato | viris tamen doctrina & fide insignibus | Excerpta ex quarto libro de Cycloide Antonii Laloveræ | nondum quidem edito,viris tamen doctrina & fide insignibus
MorisS-18-4,1660,Toulouse,LATIN,Theoretical Mathematics,,,False,False,False,False,not_euclid_elements,False,False,False,False,False,False,False,False,False,False,VETERVM GEOMETRIA PROMOTA IN SEPTEM DE CYCLOIDE LIBRIS,,,,PROMOTA | adiictis | VETERVM GEOMETRIA PROMOTA IN SEPTEM DE CYCLOIDE LIBRIS | Societatis IESV | duabus adiictis Appendicibus | Appendicibus,Societatis IESV | Societatis IESV
MorisS-2-1,1636,Paris,LATIN,Theoretical Mathematics,,,False,False,False,False,not_euclid_elements,False,False,False,False,False,False,False,False,False,False,,,,,,"CONSILIIS SECRETISQVE | IOANNIS DE BEAVGRAND REGI, FRANCIAE DOMVI, REGNOQVE, AC AERARIO SANCTIORI A CONSILIIS SECRETISQVE"
MorisS-20-5,1622,Pont-à-Mousson,LATIN,,,,False,False,False,False,not_euclid_elements,False,False,False,False,False,False,False,False,False,False,,,,,SELECTAE | Mathematicarum Auditores,Mathematicarum Auditores | COLLEGII MUSSIPONTANI | SANCTORUM IGNATII ET XAVERII
MorisS-20-6,1626,Pont-à-Mousson,FRENCH,,Arithmetic | Mechanics,Practical Geometry | Theoretical Mathematics,False,False,False,False,not_euclid_elements,False,False,False,False,False,False,False,False,False,False,,,,,COMPOSEE,
MorisS-21-1,1626,Paris,LATIN,,,,False,False,False,False,not_euclid_elements,False,False,False,False,False,False,False,False,False,False,SYNOPSIS MATHEMATICA,,,,SYNOPSIS MATHEMATICA,"Ordinis Minimorum | SIMONEM BACHELIER, Ordinis Minimorum Generalem"
MorisS-21-10,1644,Paris,LATIN,Theoretical Mathematics,,,False,False,False,False,not_euclid_elements,False,False,False,False,False,False,False,False,False,False,,,,,,
MorisS-21-11,1644,Paris,LATIN,,,,False,False,False,False,not_euclid_elements,False,False,False,False,False,False,False,False,False,False,,,,,,
MorisS-21-12,1647,Paris,LATIN,Astronomy,,Cosmography | Theoretical Mathematics,False,False,False,False,not_euclid_elements,False,False,False,False,False,False,False,False,False,False,NOVARVM OBSERVATIONVM PHYSICO- MATHEMATICARVM,,,,ACCESSIT | NOVARVM OBSERVATIONVM PHYSICO- MATHEMATICARVM | MERSENNI MINIMI | ARISTARCHVS SAMIVS | ARISTARCHVS SAMIVS DE MVNDI SYSTEMATE,MERSENNI MINIMI | ARISTARCHVS SAMIVS
MorisS-21-13,1651,Paris,FRENCH,,,,False,False,False,False,not_euclid_elements,False,False,False,False,False,False,False,False,False,False,,,,,"NOVVELLEMENT MISE EN LVMIERE | NOVVELLEMENT MISE EN LVMIERE, après la mort de l’Autheur",
MorisS-21-2,1627,Paris,FRENCH,Music Theory,,Theoretical Mathematics,False,False,False,False,not_euclid_elements,False,False,False,False,False,False,False,False,False,False,,,,,"Enrichie | Où est contenu la Musique Theorique & Pratique des Anciens & Modernes, auec les causes de ses effets | Enrichie de Raisons prises de la Philosophie, & des Mathematiques",
MorisS-21-4,1634,Paris,FRENCH,Mechanics,,,False,False,False,False,not_euclid_elements,False,False,False,False,False,False,False,False,False,False,,,,,,
MorisS-21-5,1634,Paris,FRENCH,,,Music Theory,False,False,False,False,not_euclid_elements,False,False,False,False,False,False,False,False,False,False,,,,,,l'Escu de France
MorisS-21-6,1634,Paris,FRENCH,Music Theory,,,False,False,False,False,not_euclid_elements,False,False,False,False,False,False,False,False,False,False,LES PRELVDES DE L’HARMONIE VNIVERSELLE,,,,"Composées | Vtiles aux Predicateurs, aux Theologiens, aux Astrologues, aux Medecins & aux Philosophes | LES PRELVDES DE L’HARMONIE VNIVERSELLE | OV QVESTIONS CVRIEVSES","Vtiles aux Predicateurs, aux Theologiens, aux Astrologues, aux Medecins & aux Philosophes"
MorisS-21-7,1636,Paris,LATIN,Music Theory,,,False,False,False,False,not_euclid_elements,False,False,False,False,False,False,False,False,False,False,,,,,MERSENNI ORDINIS MINIM,ORDINIS MINIM | MERSENNI ORDINIS MINIM
MorisS-21-8,1636,Paris,FRENCH,Music Theory,,,False,False,False,False,not_euclid_elements,False,False,False,False,False,False,False,False,False,False,,,,,CONTENANT | de l’Ordre des Minimes,Ordre des Minimes | de l’Ordre des Minimes
MorisS-21-9,1638,Paris,FRENCH,Mechanics,,,False,False,False,False,not_euclid_elements,False,False,False,False,False,False,False,False,False,False,LES NOVVELLES PENSEES DE GALILEI,,,,"Traduit | LES NOVVELLES PENSEES DE GALILEI | la proportion des Mou- uemens, tant Naturels, que Violents, & de  tout ce qu’il y a de plus subtil dans les Me- chaniques & dans la Phisique | d’Italien | en François",
MorisS-22-2,1631,Paris,LATIN,Astronomy,,,False,False,False,False,not_euclid_elements,False,False,False,False,False,False,False,False,False,False,,,,,"DE TELLVRIS MOTV, VEL QVIETE; HACTENVS OPTATA SOLVTIO | apud Gallos è Bel- leio censibus Francopolitano, Doctore Medico; atque Regio Parisiis Mathematum Professore","Regio Parisiis | apud Gallos è Bel- leio censibus Francopolitano, Doctore Medico; atque Regio Parisiis Mathematum Professore | CARDINALEM RICHELIVM; DVCEM, ET FRANCIAE PAREM"
MorisS-22-3,1633,Paris,LATIN,Theoretical Mathematics | Trigonometry,,,False,False,False,False,not_euclid_elements,False,False,False,False,False,False,False,False,False,False,,,,,"ADIVNGITVR LIBER QVARTVS | apud Gallos è Belleiocensibus Francopolitano, Doctore Medico, & Regio Parisiis Mathematicarum Professore | LIBER QVARTVS, PRO calculi Tabulis logarithmorum | LIBER QVARTVS","apud Gallos è Belleiocensibus Francopolitano, Doctore Medico, & Regio Parisiis Mathematicarum Professore | ALPHONSVM LVDOYICVM DV PLESSIS DE RICHELIEV, Archiepiscopum & Comitem Lugdunensem, Galliarum Primatem, Magnú Franciæ Elemosynarium"
MorisS-22-4,1640,Paris,LATIN,Astronomy,,Navigation | Theoretical Mathematics | Trigonometry,False,False,False,False,not_euclid_elements,False,False,False,False,False,False,False,False,False,False,,,,,"RESTITVTA | optatæ | condendis | apud Gallos è Belleiocensibus Francopolitano Doctore Medico, & Parisiis Regio Mathematicum Professore | Astronomicis Tabulis exactissimè condendis","apud Gallos è Belleiocensibus Francopolitano Doctore Medico, & Parisiis Regio Mathematicum Professore | CARDINALEM RICHELIEVM; DVCEM ET FRANCIAE PAREM"
MorisS-22-5,1647,Paris,FRENCH,Astronomy | Navigation,Instrument Use,Gnomonics & Horology | Practical Geometry | Trigonometry,False,False,False,False,not_euclid_elements,False,False,False,False,False,False,False,False,False,False,,,,,"REDVITE | des Pilotes & Capitaines de Mer | DOCTEVR EN MEDECINE, & Professeur du Roy aux Mathematiques à Paris | Pere Leonard Dvilris, Recollet | AVEC LA CENSVRE DE LA NOVVELLE Theorie & Pratique du secret des Longitudes","des Pilotes & Capitaines de Mer | Recollet | DOCTEVR EN MEDECINE, & Professeur du Roy aux Mathematiques à Paris | MONSEIGNEVR L’EMINENTISSIME CARDINAL MAZARIN | Pere Leonard Dvilris, Recollet"
MorisS-22-6,1657,Paris,FRENCH,Theoretical Mathematics | Trigonometry,Arithmetic,Practical Geometry,False,False,False,False,not_euclid_elements,False,False,False,False,False,False,False,False,False,False,TRIGONOMETRIE CANONIQVE,,,,"Divisée | SVIVIS | contenant | DEDIE | TRIGONOMETRIE CANONIQVE | Divisée en trois Livres | de Villefranche en Beaujollois, Docteur en Medecine, & Professeur du Roy aux Mathematiques à Paris | les Tables des logarithmes | AVSQVELS LA THEORIE ET PRATIQVE des Triangles plans & spheriques | SVIVIS D’VN QVATRIEME LIVRE, contenant les Tables des logarithmes pour le calcul; à sçavoir leur construction, & leur usage tres-ample & facile | AVSQVELS LA THEORIE ET PRATIQVE | SVIVIS D’VN QVATRIEME LIVRE","des Mines de France | de Villefranche en Beaujollois, Docteur en Medecine, & Professeur du Roy aux Mathematiques à Paris | TRES-ILLVSTRE ET GENEREX SEIGNEVR Messire Martin Rvze, Marquis d’Effiat et de Longemeau, Conseiller du Roy en son Conseil d’Estat, Grand Maistre des Mines de France, & Gouverneur de la Province de Bourbonnois"
MorisS-22-7,1661,The Hague,LATIN,,,Astronomy,False,False,False,False,not_euclid_elements,False,False,False,False,False,False,False,False,False,False,,,,,"stabilita | distributa | complectens | Studiosis | Philosophis | Medicis | Theologis | apud Gallos è Belleiocensibus Francopolitani, Doctoris Medici, & Parisiis Regii Mathematum Professoris","Studiosis | Philosophis | Medicis | Theologis | Parisiis Regii | apud Gallos è Belleiocensibus Francopolitani, Doctoris Medici, & Parisiis Regii Mathematum Professoris"
MorisS-23-1,1630,Paris,FRENCH,Mechanics,,Practical Geometry | Theoretical Mathematics,False,False,False,False,not_euclid_elements,False,False,False,False,False,False,False,False,False,False,,,,,"Où sont aussi discutées & restablies plusieurs experiences Physiques y proposées | Escuyer Sieur de la Maillarde, Conseiller du Roy, & Trésorier general de France en Picardie","Escuyer Sieur de la Maillarde, Conseiller du Roy, & Trésorier general de France en Picardie"
MorisS-23-2,1631,Paris,LATIN,Theoretical Mathematics,,,False,False,False,False,not_euclid_elements,False,False,False,False,False,False,False,False,False,False,PRODROMI CATOPTRICORVM ET DIOPTRICORVM,,,,præsferentis | PRODROMI CATOPTRICORVM ET DIOPTRICORVM | SIVE CONICORVM OPERIS AD ABDITA RADII REFLEXI ET REFACTI mysteria prauiij & facem præsferentis,
MorisS-24-1,1638,Paris,FRENCH,Instrument Use | Perspective | Practical Geometry,,,False,False,False,False,not_euclid_elements,False,False,False,False,False,False,False,False,False,False,,,,,"abbrégé | reduite | aux Peintres, Architectes, Graveurs, Sculpteurs, & à tous autres qui se servent du dessein en leurs ouvrages | Parisien de l’Ordre des Minimes | L’Optique, par la vision directe | La Catoptrique, par la reflexion des miroirs   plats, Cylindriques & Coniques | La Dioptrique, par la refraction des Crystaux | L’Optique | La Catoptrique | La Dioptrique","aux Peintres, Architectes, Graveurs, Sculpteurs, & à tous autres qui se servent du dessein en leurs ouvrages | l’Ordre des Minimes | Parisien de l’Ordre des Minimes"
MorisS-24-2,1641,Paris,FRENCH,,,,False,False,False,False,not_euclid_elements,False,False,False,False,False,False,False,False,False,False,L’INTERPRETATION DES CHIFFRES,,,,Augmentée | accommodée | Tirée | L’INTERPRETATION DES CHIFFRES | BIEN ENTENDRE & expliquer facilement toutes sortes de Chiffres simples | Augmentée & accommodée particulierement à l’usage des Langues Françoise & Espagnolle | Sr Ant. Maria Cospi | Augmentée & accommodée particulierement à l’usage des Langues Françoise & Espagnolle | l’Italien,Sr Ant. Maria Cospi
MorisS-24-3,1646,Paris,LATIN,Perspective,Architecture | Practical Geometry,,False,False,False,False,not_euclid_elements,False,False,False,False,False,False,False,False,False,False,"THAVMATVRGVS OPTICVS, SEV ADMIRANDA",,,,"Pictoribus, Architectis, Statuariis, Sculptoribus, Caelatoribus, & quibuscumque aliis | THAVMATVRGVS OPTICVS, SEV ADMIRANDA | OPTICES, per radium directum: CATOPTRICES, per reflexum è politis corporibus, planis, cylindricis, conicis, polyedris, polygonis & aliis: DIOPTRICES, per refractionem in diaphanis | PARISINI, EX ORD. MINIM","Pictoribus, Architectis, Statuariis, Sculptoribus, Caelatoribus, & quibuscumque aliis | ORD. MINIM | PARISINI, EX ORD. MINIM | EMINentissimum CARDINALEM MAZARINVM"
MorisS-25-3,1665,Paris,FRENCH,Arithmetic | Theoretical Mathematics,,,False,False,False,False,not_euclid_elements,False,False,False,False,False,False,False,False,False,False,TRAITÉ DV TRIANGLE ARITHMETIQVE,,,,TRAITÉ DV TRIANGLE ARITHMETIQVE | AVEC QVELQVES AVTRES PETITS TRAITEZ SVR LA MESME MATIERE,
MorisS-25-4,1658,,LATIN,Theoretical Mathematics,,,False,False,False,False,not_euclid_elements,False,False,False,False,False,False,False,False,False,False,,,,,Gallicè,
MorisS-25-8,1659,Paris,FRENCH,Mechanics | Practical Geometry,,,False,False,False,False,not_euclid_elements,False,False,False,False,False,False,False,False,False,False,,,,,,Cathedrale du Liege
MorisS-26-1,1634,Paris,FRENCH,Instrument Construction,Instrument Use | Military Engineering,Commercial Mathematics | Practical Geometry,False,False,False,False,not_euclid_elements,False,False,False,False,False,False,False,False,False,False,,,,,"augmentée | augmentée des tables de la pesanteur & grandeur des metaux & plusieurs autres corps | reduction de toutes les mesures & de tous les poids d’Europe, d’Afrique & d’Asie, à la mesure & au poids de Paris | construction & l’vsage du Talisso, ou Calibre d’Artillerie",
MorisS-26-2,1665,Paris,FRENCH,Astronomy,,,False,False,False,False,not_euclid_elements,False,False,False,False,False,False,False,False,False,False,DISSERTATION SVR LA NATVRE DES COMETES,,,,"DISSERTATION SVR LA NATVRE DES COMETES | Intendant des Fortifications, &c | Avec vn Discours sur les Prognostiques des Eclipses & autres Matieres curieuses | Discours sur les Prognostiques des Eclipses","Intendant des Fortifications, &c | AV ROY"
MorisS-27-1,1636,Paris,FRENCH,Mechanics,,,False,False,False,False,not_euclid_elements,False,False,False,False,False,False,False,False,False,False,,,,,"Professeur Royal és Mathemati- ques au College de Maistre Gervais, & en la Chaire de Ramus au College Royal de France","College de Maistre Gervais | College Royal de France | Professeur Royal és Mathemati- ques au College de Maistre Gervais, & en la Chaire de Ramus au College Royal de France"
MorisS-27-2,1644,Paris,LATIN,Astronomy,,Cosmography | Theoretical Mathematics,False,False,False,False,not_euclid_elements,False,False,False,False,False,False,False,False,False,False,ARISTARCHI SAMII DE MVNDI SYSTEMATE,,,,"Nota in | Adiecta sunt | ARISTARCHI SAMII DE MVNDI SYSTEMATE | partibus, & motibus eiusdem | Adiecta sunt A. P. DE ROBERVAL Mathem. Scient. in Collegio Regio Franciæ Professoris, Nota in eundem libellum | Mathem. Scient. in Collegio Regio Franciæ Professoris | Nota in eundem libellum",Collegio Regio Franciæ | Mathem. Scient. in Collegio Regio Franciæ Professoris
MorisS-28-1,1631,Brussels,FRENCH,Instrument Construction | Instrument Use | Practical Geometry | Trigonometry,,,False,False,False,False,not_euclid_elements,False,False,False,False,False,False,False,False,False,False,,,,,"LA CONSTRVCTION | L’VSAGE | Composé | Capitaine & Chastellain pour sa Majesté au Chasteau Dornans, Conseillier, & General de ses Monnoyes, au Comté de Bourgongne | Construction de la Table des sinus, de minute en minutes successiue- ment par vn seul maxime | Abregé desdictes tables en vne petite demye page auec son vsage | methode de trouuer les angles d’vn triangle par la cognoissance des costez","Capitaine & Chastellain pour sa Majesté au Chasteau Dornans, Conseillier, & General de ses Monnoyes, au Comté de Bourgongne"
MorisS-3-1,1637,Reims,FRENCH,Theoretical Mathematics,,,False,False,False,False,not_euclid_elements,False,False,False,False,False,False,False,False,False,False,,,,,Abrégé | P,P
MorisS-3-2,1643,Paris,LATIN,Theoretical Mathematics,,,False,False,False,False,not_euclid_elements,False,False,False,False,False,False,False,False,False,False,NOVA GEOMETRIAE CLAVIS ALGEBRA,,,,"CUIUS BENEFICIO APERITVR | SIMVLQVE TRADITVR METHODVS | NOVA GEOMETRIAE CLAVIS ALGEBRA | immensus Matheseos thesaurus, & resoluuntur plurima problemata hactenus non soluta in serie multarum quantitatum continue proportionalium | Compendiensi Societatis IESV",Societatis IESV | Compendiensi Societatis IESV
MorisS-3-3,1656,Dijon,LATIN,Astronomy,,,False,False,False,False,not_euclid_elements,False,False,False,False,False,False,False,False,False,False,TABULAE LODOICAE SEV,,,,"Adiectus est | TABULAE LODOICAE SEV | Universa Eclipsium doctrina tabulis, praeceptis ac demonstrationibus explicata | Compendiensi, Societatis IESV | Calculus | aliquot Eclipsium Solis & Lunae","Societatis IESV | Compendiensi, Societatis IESV"
MorisS-3-4,1658,Paris,LATIN,Theoretical Mathematics,,Music Theory,False,False,False,False,not_euclid_elements,False,False,False,False,False,False,False,False,False,False,TRACTATUS DE PROPORTIONE HARMONICA,,,,"ADICITVR | TRACTATUS DE PROPORTIONE HARMONICA | IN QVO PLVRIMA PROBLEMATA, hactenus non soluta in serie trium quantitatum Harmonice proportionalium resoluuntur tum Algebricè, tum Canonicè, tum etiam Geometricè | ADICITVR APPENDIX | In qua resoluuntur Problemata in serie quatuor, quinque, sex, imò & quotcunque quantitatum continuè harmonice proportionalium",
MorisS-3-5,1660,Paris,LATIN,Arithmetic | Theoretical Mathematics,,,False,False,False,False,not_euclid_elements,False,False,False,False,False,False,False,False,False,False,DIOPHANTVS GEOMETRA SIVE OPVS CONTEXTVM EX ARITHMETICA ET GEOMETRIA,,,,"ADIECTVS EST | DIOPHANTVS GEOMETRA SIVE OPVS CONTEXTVM EX ARITHMETICA ET GEOMETRIA | simul; in quo Quaestiones omnes Diophanti, quae geometrice solvi possunt, enodantur tum Algebricis, tum Geometricis rationibus | ADIECTVS EST | Societatis IESV Sacerdote | ADIECTVS EST",Societatis IESV | Societatis IESV Sacerdote
MorisS-3-6,1661,Dijon,LATIN,Astronomy,,,False,False,False,False,not_euclid_elements,False,False,False,False,False,False,False,False,False,False,OPVS ASTRONOMICVM,,,,"OPVS ASTRONOMICVM | Siderum omnium hypotheses, eorum motus tum medij, tum veri, Tabularum condendarum ratio, eclipsium putandarum methodus, ob- servationum praxes, caeterorumque omnium quae ab astronomis pertractantur, scientificus calculus, brevi ac facili via exponuntur | Societatis IESV Compendiensi",Societatis IESV | Societatis IESV Compendiensi
MorisS-4-1,1643,Paris,FRENCH,Architecture | Practical Geometry,Construction,,False,False,False,False,not_euclid_elements,False,False,False,False,False,False,False,False,False,False,,,,,"Pour la Coupe des Pierres en l’Architecture | Graueur en Taillé Douce, en l’Isle du Palais, à la Roze Rouge, deuant la Megisserie","Graueur en Taillé Douce, en l’Isle du Palais, à la Roze Rouge, deuant la Megisserie | Mr DESARGVES LYONNOIS"
MorisS-4-2,1643,Paris,FRENCH,Gnomonics & Horology,Instrument Construction,Practical Geometry,False,False,False,False,not_euclid_elements,False,False,False,False,False,False,False,False,False,False,,,,,Graveur en Taille,Graveur en Taille
MorisS-4-3,1645,Paris,FRENCH,Construction,,,False,False,False,False,not_euclid_elements,False,False,False,False,False,False,False,False,False,False,TRAICTE’ DES MANIERES DE GRAVER EN TAILLE DOVCE SVR L’AIRIN,,,,"TRAICTE’ DES MANIERES DE GRAVER EN TAILLE DOVCE SVR L’AIRIN | Par le Moyen des Eaux Fortes, & des Vernix Durs & Mols | Ensemble de la façon d’en Imprimer les Planches & d’en Construire la Presse, & autres choses concernans lesdits Arts | Graueur en Taille Douce",Graueur en Taille Douce
MorisS-4-4,1648,Paris,FRENCH,Perspective,,,False,False,False,False,not_euclid_elements,False,False,False,False,False,False,False,False,False,False,,,,,"Mr | Graueur en Taille Douce | en l’Isle du Palais, au coin de la ruë de Harlay, à la Rose Rouge, deuant la Megisserie","Mr | Graueur en Taille Douce | en l’Isle du Palais, au coin de la ruë de Harlay, à la Rose Rouge, deuant la Megisserie"
MorisS-4-5,1653,Paris,FRENCH,Perspective,,Practical Geometry,False,False,False,False,not_euclid_elements,False,False,False,False,False,False,False,False,False,False,,,,,,
MorisS-4-6,1659,Paris,FRENCH,Architecture | Practical Geometry,,,False,False,False,False,not_euclid_elements,False,False,False,False,False,False,False,False,False,False,,,,,le commun des Ouvriers,le commun des Ouvriers
MorisS-4-7,1664,Paris,FRENCH,Architecture | Perspective,Practical Geometry,,False,False,False,False,not_euclid_elements,False,False,False,False,False,False,False,False,False,False,,,,,Avec plusieurs belles Particularitez,
MorisS-5-1,1638,Paris,LATIN,,,,False,False,False,False,not_euclid_elements,False,False,False,False,False,False,False,False,False,False,,,,,Iuliodunensi,Iuliodunensi
MorisS-5-2,1639,Amsterdam,LATIN,Astronomy,,Cosmography | Theoretical Mathematics,False,False,False,False,not_euclid_elements,False,False,False,False,False,False,False,False,False,False,,,,,,
MorisS-5-3,1645,Paris,LATIN,Astronomy,,,False,False,False,False,not_euclid_elements,False,False,False,False,False,False,False,False,False,False,,,,,ADDITA EST | OPVS NOVVM | NOVA METHODVS CUIVS OPE,Bibliothecæ Regiæ
MorisS-5-4,1657,Paris,LATIN,Theoretical Mathematics,,,False,False,False,False,not_euclid_elements,False,False,False,False,False,False,False,False,False,False,DE LINEIS SPIRALIBVS,,,,DE LINEIS SPIRALIBVS | DEMONSTRATIONES NOVAE,
MorisS-7-1,1647,Paris,FRENCH,Arithmetic | Instrument Use,,,False,False,False,False,not_euclid_elements,False,False,False,False,False,False,False,False,False,False,,,,,,
MorisS-8-2,1636,Paris,FRENCH,Perspective,,,False,False,False,False,not_euclid_elements,False,False,False,False,False,False,False,False,False,False,,,,,,S.G.D.L
MorisS-8-3,1639,Paris,FRENCH,Theoretical Mathematics,,,False,False,False,False,not_euclid_elements,False,False,False,False,False,False,False,False,False,False,,,,,,
MorisS-9-3,1637,Leiden,FRENCH,Theoretical Mathematics,,Astronomy | Instrument Construction | Instrument Use,False,False,False,False,not_euclid_elements,False,False,False,False,False,False,False,False,False,False,,,,,LA DIOPTRIQVE | LES METEORES | LA GEOMETRIE | LA DIOPTRIQVE | LES METEORES | LA GEOMETRIE,
N000JX,1516,Alcala,LATIN,Arithmetic | Astronomy | Music Theory,,Instrument Use | Practical Geometry,False,False,False,False,not_euclid_elements,False,False,False,False,False,False,False,False,False,False,Cursus quattuor mathematica- rum artium liberalium,,,,recollegit | correxit | Cursus quattuor mathematica- rum artium liberalium | quas recollegit atque correxit | magister | theologus simul & philosophus,magister | theologus simul & philosophus
N1D1J1,1646,Rome,LATIN,,,,False,False,False,False,not_euclid_elements,False,False,False,False,False,False,False,False,False,False,ARS MAGNA LVCIS ET VMBRAE,,,,"digesta | panduntur | ARS MAGNA LVCIS ET VMBRAE | in mundo, atque adeo vniuersa natura, vires effectusq. vti noua, ita varia nouorum reconditiorumq. speciminum exhibitione, ad varios mor- talium vsus, panduntur | FVLDENSIS BVCHONII E SOC. IESV PRESBYTERI; Olim in Herbipolensi, & Auenionensi Societatis IESV Gymnasiis Orientalium linguarum, & Matheseos, nunc huius in Romano Collegio Professoris ordinarij","E SOC. IESV PRESBYTERI | Societatis IESV Gymnasiis Orientalium linguarum | Romano Collegio | FVLDENSIS BVCHONII E SOC. IESV PRESBYTERI; Olim in Herbipolensi, & Auenionensi Societatis IESV Gymnasiis Orientalium linguarum, & Matheseos, nunc huius in Romano Collegio Professoris ordinarij"
N61RR8,1605,Leiden,DUTCH,Perspective,,,False,False,False,False,not_euclid_elements,False,False,False,False,False,False,False,False,False,False,TROISIESME VOLVME DES MEMOIRES MATHE- MATIQVES DES PERSPECTIVES,,,,Descrit | TROISIESME VOLVME DES MEMOIRES MATHE- MATIQVES DES PERSPECTIVES | Contenant ce en quoy s'est exercé | de Bruges,"de Bruges | LE TRES-ILLVSTRE, Tres-excellent Prince & Seigneur MAVRICE Prince d'Orange, Comte de Nassau, Catzenellenboghen, Vianden, Moers, &c. Marquis de la Vere & Vlissingues, &c. Seigneur de la ville de Grave, & du Païs de Cuyck, Sainct Vyt, Daesburgh, &c. Gouverneur de Guelres, Hollande, Zeelande, Westfrise, Zutphen, Vtrecht, & Overyffel, &c. Chef General de l'armée des Provinces unies du Païs bas; Admiral general de la Mer, &c"
NYJL4C,1617,Edinburgh,LATIN,Arithmetic | Instrument Use,,Instrument Construction,False,False,False,False,not_euclid_elements,False,False,False,False,False,False,False,False,False,False,"RABDOLOGIÆ, SEV NVMERATIONIS PER VIRGVLAS LIBRI DVO",,,,"accessit | RABDOLOGIÆ, SEV NVMERATIONIS PER VIRGVLAS LIBRI DVO | Barone Merchistonii, &c. SCOTO | Cum Appendice de expeditissima Multiplicationis PROMPTVARIO | ARITHMETICÆ LOCALIS LIBER VNVS | ARITHMETICÆ LOCALIS LIBER VNVS","Barone Merchistonii, &c. SCOTO"
Naples_1679,1679,Naples,LATIN,,,,True,True,True,False,euclid_sparse_canonical,True,False,False,False,False,False,False,True,False,False,EUCLIDIS ELEMENTORUM LIBRI SEX,EUCLIDIS ELEMENTORUM LIBRI SEX,EUCLIDIS,,EUCLIDIS ELEMENTORUM LIBRI SEX | Ex traditione Fed- erici Commandini | EUCLIDIS ELEMENTORUM LIBRI SEX | EUCLIDIS,
Naples_1701,1701,Naples,LATIN,,,,True,True,True,False,euclid_method_access,False,True,False,False,False,True,False,True,False,False,ELEMENTA EUCLIDIS,ELEMENTA EUCLIDIS,EUCLIDIS,,"reco- gnita | emendata | ELEMENTA EUCLIDIS | Novâ methodô, & compendiariè olim demonstrata | NUNC VERÒ Ab ipso eodem Auctore recognita, & emendata | CARMELITAM CONSENTINUM | ELEMENTA EUCLIDIS | EUCLIDIS",CARMELITAM CONSENTINUM | CARMELITAM CONSENTINUM
Naples_1702,1702,Naples,LATIN,Theoretical Mathematics,,,True,True,True,False,euclid_sparse_canonical,True,False,False,False,False,False,False,False,True,False,EVCLIDIS ELEMENTA,EVCLIDIS ELEMENTA,EVCLIDIS,,EVCLIDIS ELEMENTA | EVCLIDIS ELEMENTA | EVCLIDIS,
Naples_1810,1810,Naples,ITALIAN,,,,True,True,True,False,euclid_procedural_pedagogical,False,True,False,False,False,False,False,True,False,False,I PRIMI SEI LIBRI DEGLI ELEMENTI DI EUCLIDE | I primi sei libri degli elementi di Euclide,I PRIMI SEI LIBRI DEGLI ELEMENTI DI EUCLIDE | I primi sei libri degli elementi di Euclide,EUCLIDE | stesso Euclide | Euclide,,"Emendati | I PRIMI SEI LIBRI DEGLI ELEMENTI DI EUCLIDE | I primi sei libri degli elementi di Euclide | Emendati in que’ luoghi in cui una voce furono vi- ziati da Teone, o da altri; e ne’ quali sono resti- tuite alcune definizioni, e dimostrazioni dello stesso Euclide | QUARTA EDIZIONE | Teone | I PRIMI SEI LIBRI DEGLI ELEMENTI DI EUCLIDE | I primi sei libri degli elementi di Euclide | alcune definizioni, e dimostrazioni | EUCLIDE | stesso Euclide | Euclide",Teone
Nuremberg_1539,1539,Nuremberg,GERMAN,Practical Geometry,Architecture | Instrument Use,,True,True,False,False,euclid_geometry_theory_primary,False,False,False,False,False,False,False,False,True,True,Das erst buch der Geometria,Das erst buch der Geometria,Euclide,,"Getruckt | allen liebhabern der selben | allen künstlichen werckleuten | Das erst buch der Geometria | Ein kurtze unterweisung, was vnd worauff Geometria gegründet sey, vnd wie man / nach anweisung der selben / mit dem Circkel vnd Richtscheydt / allerley Lini / Flech / vnd Cörper außztheylen / vnd in fürgegebener propozition / machen soll | Rechen-meyster zu Bamberg | Das erst buch der Geometria | Euclide",allen liebhabern der selben | allen künstlichen werckleuten | Rechen-meyster zu Bamberg
Nuremberg_1625,1625,Nuremberg,GERMAN,Practical Geometry,Instrument Use,,True,True,True,False,euclid_utility_public,False,True,False,True,False,False,False,False,True,True,EUCLIDIS ELEMENTA PRACTICA,EUCLIDIS ELEMENTA PRACTICA,EUCLIDIS | Euclidis,,dargegeben | Gedruckt | verlegt | Allen und jeden | EUCLIDIS ELEMENTA PRACTICA | Auszug aller Problematum und Haubarbeiten auß den 15. Büchern Euclidis | Churf. Sächs. Mathematicum und Inspectorn der Kunstkammer zu Dresden | EUCLIDIS ELEMENTA PRACTICA | Teutsche Sprach | EUCLIDIS | Euclidis,Allen und jeden | Kunstkammer zu Dresden | Churf. Sächs. Mathematicum und Inspectorn der Kunstkammer zu Dresden
Nuremberg_1821,1821,Nuremberg,GERMAN,,,,True,True,False,False,euclid_no_primary_subject,False,False,False,False,False,False,False,True,False,False,des ersten Buchs der Elemente Euclid’s,ersten Buchs der Elemente Euclid’s,Euclid’s,,des ersten Buchs der Elemente Euclid’s | Professor der Mathematik am Gymnasium zu Nürnberg | ersten Buchs der Elemente Euclid’s | Mit einer Kupfertafel | Euclid’s,Gymnasium zu Nürnberg | Professor der Mathematik am Gymnasium zu Nürnberg
OGXS5A,1620,Lyon,LATIN,Theoretical Mathematics | Trigonometry,,,False,False,False,False,not_euclid_elements,False,False,False,False,False,False,False,False,False,False,LOGARITHMORVM CANONIS CON-STRVCTIO,,,,"MIRIFICI | condenda | memoratam | accedere | resoluenda | LOGARITHMORVM CANONIS CON-STRVCTIO | ET EORVM AD NATVRALES ipsorum numeros habitudines | Barone MERCHISTONII, &c. Scoto | doctissimi D. HENRICI BRIGGII | VNA CVM APPENDICE, DE ALIA eáque præstantiore Logarithmorum specie condenda | Vna cum Annotationibus aliquot doctissimi D. HENRICI BRIGGII in eas, & memoratam appendicem | Quibus accedere Propositiones ad triangula sphæ- rica faciliore calculo resoluenda","Barone MERCHISTONII, &c. Scoto | doctissimi D. HENRICI BRIGGII"
OQBIL8,1626,Augsburg,GERMAN,Perspective,Architecture | Instrument Use,Practical Geometry,False,False,False,False,not_euclid_elements,False,False,False,False,False,False,False,False,False,False,,,,,publiciert | den Kunstlieben,den Kunstlieben
OQE4ZD,1625,Augsburg,GERMAN,Perspective,Instrument Use,Instrument Construction | Practical Geometry,False,False,False,False,not_euclid_elements,False,False,False,False,False,False,False,False,False,False,,,,,deductrt | allen Bawleuten | Steinmetzen | Maurern | Werckmeistern | Zimmerleuten | Bildhauern | Schreinern | Mahlern | Kupfferstücken | vorgerissen Instrument,allen Bawleuten | Steinmetzen | Maurern | Werckmeistern | Zimmerleuten | Bildhauern | Schreinern | Mahlern
OT231L,1560,Antwerp,LATIN,Perspective,,,False,False,False,False,not_euclid_elements,False,False,False,False,False,False,False,False,False,False,,,,,,
Osnabrück_1676,1676,Osnabrück,LATIN,Theoretical Mathematics,,,True,True,False,False,euclid_procedural_pedagogical,False,True,False,False,False,False,False,False,True,False,ELEMENTORVM EUCLIDIS Libri XV,ELEMENTORVM EUCLIDIS Libri XV,ELEMENTORVM EUCLIDIS,,"revisi | expurgati | ELEMENTORVM EUCLIDIS Libri XV | Breviter ac succinctè demonstrati | Nunc vicissim revisi, & à cunctis erroribus expurgati | Cantabrigiensis, COLL. TRIN. SOC | ELEMENTORVM EUCLIDIS Libri XV | ELEMENTORVM EUCLIDIS","COLL. TRIN. SOC | Cantabrigiensis, COLL. TRIN. SOC"
Oxford_1685,1685,Oxford,ENGLISH,,,,True,True,True,False,euclid_utility_public,False,True,False,True,False,True,False,True,False,False,THE ELEMENTS OF EUCLID,THE ELEMENTS OF EUCLID,EUCLID,,"Explain’d | Written | done | purg’d | THE ELEMENTS OF EUCLID | Explain’d, in a new, but most easie method, Together with The Use of every Proposition through all parts of the Mathematicks | purg’d from a multitude of Errors, which had escap’d in the Original | Exccellent Math-ematician | of the So-ciety of JESUS | THE ELEMENTS OF EUCLID | The Use of every Proposition through all parts of the Mathematicks | French | English | EUCLID",So-ciety of JESUS | Exccellent Math-ematician | of the So-ciety of JESUS
Oxford_1701,1701,Oxford,LATIN,,,,True,True,True,False,euclid_humanist_transfer,False,False,False,False,True,False,False,True,False,False,"EUCLIDIS ELEMENTORUM LIBRI PRIORES SEX, ITEM UNDECIMUS & DUODECIMUS","EUCLIDIS ELEMENTORUM LIBRI PRIORES SEX, ITEM UNDECIMUS & DUODECIMUS",EUCLIDIS,,"Juventutis Academicæ | EUCLIDIS ELEMENTORUM LIBRI PRIORES SEX, ITEM UNDECIMUS & DUODECIMUS | Ex Versione Latina FEDERICI COMMANDINI | EUCLIDIS ELEMENTORUM LIBRI PRIORES SEX, ITEM UNDECIMUS & DUODECIMUS | Latina | Latina | EUCLIDIS",Juventutis Academicæ
Oxford_1703,1703,Oxford,"LATIN, GREEK",Theoretical Mathematics,Astronomy | Mechanics | Music Theory,,True,True,False,False,euclid_geometry_theory_primary,False,False,False,False,False,False,False,False,True,False,EUCLIDIS,EUCLIDIS,ΕΥΚΛΕΙΔΟΥ | EUCLIDIS,,EUCLIDIS | QUAE SUPERSUNT OMNIA | Ex Recensione DAVIDIS GREGORII M. D | M. D | Astronomiae Professoris Saviliani | R. S. S | EUCLIDIS | ΕΥΚΛΕΙΔΟΥ | EUCLIDIS,Saviliani | R. S. S | M. D | Astronomiae Professoris Saviliani | R. S. S
Oxford_1705,1705,Oxford,ENGLISH,Theoretical Mathematics,,,True,True,True,False,euclid_humanist_transfer,False,True,False,False,True,False,False,False,True,False,THE ENGLISH EUCLIDE | The English Euclide,"THE ENGLISH EUCLIDE, BEING The First SIX ELEMENTS OF GEOMETRY | first six Elements of geometry",EUCLIDE | Euclide,,"Translated | translated | THE ENGLISH EUCLIDE | The English Euclide | OF GEOMETRY | the first six Elements of geometry | Translated out of the GREEK | Chaplain to his Grace the Duke of BUCKINGHAMSHIRE L.d Privy Seal | Prebendary of SARUM | Rector of UPWEY in the County of DORSETT | THE ENGLISH EUCLIDE, BEING The First SIX ELEMENTS OF GEOMETRY | first six Elements of geometry | Annotations and useful Supplements | annotations | useful supplements | GREEK | Greek | ENGLISH | English | EUCLIDE | Euclide",SARUM | UPWEY | Chaplain to his Grace the Duke of BUCKINGHAMSHIRE L.d Privy Seal | Prebendary of SARUM | Rector of UPWEY in the County of DORSETT
Oxford_London_1700,1700,"Oxford, London",ENGLISH,,,,True,True,True,False,euclid_utility_public,False,True,False,True,False,True,False,True,False,False,THE ELEMENTS OF EUCLID,THE ELEMENTS OF EUCLID,EUCLID,,"Explain’d | Written in French | Now made English | Errors Corrected | THE ELEMENTS OF EUCLID | Explain’d, In a New, but most Easie Method: Together with The Use of every Proposition through all parts of the Mathematicks | The Third Edition | Now made English, and a multitude of Errors Corrected, which had escap’d in the Original | that Excellent Mathematician | of the Society of JESUS | THE ELEMENTS OF EUCLID | Together with The Use of every Proposition through all parts of the Mathematicks | French | English | EUCLID",Society of JESUS | that Excellent Mathematician | of the Society of JESUS
P3JCQH,1652,Leuven,LATIN,Arithmetic,,Commercial Mathematics,True,True,False,False,euclid_sparse_canonical,True,False,False,False,False,False,False,False,False,False,EUCLIDES LOGISTICUS,,EUCLIDES | EUCLIDEA,EUCLIDES LOGISTICUS,EUCLIDES LOGISTICUS | DE RATIONE EUCLIDEA | EUCLIDES LOGISTICUS | EUCLIDES | EUCLIDEA,
Padua_1694,1694,Padua,LATIN,Trigonometry,,,True,False,True,True,elements_language_no_euclid,False,True,True,False,False,False,True,False,True,False,ELEMENTA GEOMETRIÆ PLANÆ AC SOLIDÆ,ELEMENTA GEOMETRIÆ PLANÆ AC SOLIDÆ,,,"ACCEDUNT | INSERTA EST | desumpta | ELEMENTA GEOMETRIÆ PLANÆ AC SOLIDÆ | QUIBUS ACCEDUNT SELECTA EX ARCHIMEDE THEOREMATA | IN HAC NOVA EDITIONE | SOCIETATIS JESV Sacerdote, & Matheseos Professore | ARCHIMEDE | ELEMENTA GEOMETRIÆ PLANÆ AC SOLIDÆ | Trigonometria plana | Sphærica aliundè desumpta","SOCIETATIS JESV Sacerdote, & Matheseos Professore | ARCHIMEDE"
Paris_1500,1500,Paris,LATIN,Astronomy,Instrument Use,,True,True,False,False,euclid_composite_workshop,False,True,True,False,False,False,False,False,False,False,Geometria Euclidis,Geometria Euclidis,Euclidis,,adiecta | illustratus | Geometria Euclidis | Academie illustratus | expositione Anuli Astronomici | Johannis de Sacro Bosco | Iacobi Lefranc | Geometria Euclidis | cum additione | adiecta | Nouo commentario nuper coito | De Sphe ra Johannis de Sa- cro bosco | Anuli Astronomici Iacobi Lefranc | Anuli Astronomici | De Sphe ra Johannis de Sa- cro bosco | Nouo commentario nuper coito adutilitate studii philosophici | Lili expositione Anuli Astro- nomici Iacobi Lefranc | Euclidis,Academie | Academie illustratus | expositione Anuli Astronomici | Johannis de Sacro Bosco | Iacobi Lefranc
Paris_1507,1507,Paris,LATIN,Astronomy,Instrument Construction | Theoretical Mathematics,Gnomonics & Horology | Instrument Use,True,True,False,False,euclid_composite_workshop,False,True,True,False,False,False,False,False,False,False,Geometria Euclidis Megarensis,Geometria Euclidis Megarensis,Euclidis Megarensis,Euclidis Megarensis,adiecta | edito | illustratus | studentium Philosophice Parisiensis | Geometria Euclidis Megarensis | Cum additione (quan-tum necessarium est) adiecta | Nouo commentario nuper edito | Academie illustratus | Geometria Euclidis Megarensis | Cum additione (quan-tum necessarium est) adiecta | Nouo commentario nuper edito | Cum Compositione Anuli Astronomici Boni Latensis | De Sphera Iohannis de Sacrobosco | Compositione Anuli Astronomici Boni Latensis | De Sphera Iohannis de Sacrobosco | Compositione Anuli Astronomici Boni Latensis | Euclidis Megarensis | Euclidis Megarensis,studentium Philosophice Parisiensis | Academie | Academie illustratus
Paris_1511,1511,Paris,LATIN,Astronomy,Instrument Construction | Theoretical Mathematics,,True,True,False,False,euclid_composite_workshop,False,True,True,False,False,False,False,False,False,False,Geometria Euclidis Megarensis,Geometria Euclidis Megarensis,Euclidis Megarensis,Euclidis Megarensis,adiecta | nuper edito | illustratus | studentium Philosophice Parisiensis | Geometria Euclidis Megarensis | Cum additione (quan-  tum necessarium est) adiecta | Nouo commentario nuper edito | Johannis de Sacrobosco | Boni Latensis | Geometria Euclidis Megarensis | Cum additione (quan-  tum necessarium est) adiecta | Nouo commentario nuper edito | TEXtus De Sphera Johannis de Sacrobosco | Compositione Anuli Astronomici Boni Latensis | De Sphera | Compositione Anuli Astronomici | Euclidis Megarensis | Euclidis Megarensis,studentium Philosophice Parisiensis | Academie | Johannis de Sacrobosco | Boni Latensis
Paris_1516,1516,Paris,LATIN,Theoretical Mathematics,,,True,True,True,False,euclid_composite_workshop,False,True,True,False,False,False,False,False,True,False,EVCLIDIS Megarensis Geometricorum el-ementorum libri XV,EVCLIDIS Megarensis Geometricorum el-ementorum libri XV,EVCLIDIS,EVCLIDIS Megarensis,"ad studiosorum | Gallis | Italis | Germanis | Hispanis | Anglis | EVCLIDIS Megarensis Geometricorum el-ementorum libri XV | Bartholamæo Zamberto Veneto interprete | eodem Bartholamæo Zamberto Veneto interprete | THEONIS Alexandrini | HYPSICLIS Alexandrini | CAMPANI Galli | EVCLIDIS Megarensis Geometricorum el-ementorum libri XV | CAMPANI Galli transalpini in eosdem commentariorum libri XV | THEONIS Alexandrini Bartholamæo Zamberto Veneto interprete, in tredecim priores, commentariorum libri XIII | HYPSICLIS Alexandrini in duos posteriores, eodem Bartholamæo Zamberto Veneto interprete, commentariorum libri II | CAMPANI | THEONIS | HYPSICLIS | EVCLIDIS Megarensis | EVCLIDIS",ad studiosorum | Gallis | Italis | Germanis | Hispanis | Anglis | Bartholamæo Zamberto Veneto interprete | eodem Bartholamæo Zamberto Veneto interprete | Magnifico D. FRANCISCO Briconneto | THEONIS Alexandrini | HYPSICLIS Alexandrini | CAMPANI Galli
Paris_1516a,1516,Paris,LATIN,Astronomy | Gnomonics & Horology | Instrument Construction | Theoretical Mathematics,,,True,True,False,False,euclid_composite_workshop,False,False,True,False,False,False,False,False,True,False,Geometria Eu-clidis Megarensis,Geometria Eu-clidis Megarensis,Eu-clidis,Eu-clidis Megarensis,adjecta | edito | illustratus | studentium Philosophice Parisiensis | Geometria Eu-clidis Megarensis | Nouo commentario nuper edito | Joannis de Sacrobosco | Boneti Latensis | Geometria Eu-clidis Megarensis | additione (quan-tum necessarium est) adjecta | Nouo commentario nuper edito | Compositione Anuli Astronomici Boneti Latensis | Textus De Sphera Joannis de Sacrobosco | Textus De Sphera Joannis de Sacrobosco | Eu-clidis Megarensis | Eu-clidis,studentium Philosophice Parisiensis | Academie | Joannis de Sacrobosco | Boneti Latensis
Paris_1521,1521,Paris,LATIN,Astronomy | Instrument Construction,Theoretical Mathematics,,True,True,False,False,euclid_composite_workshop,False,True,True,False,False,False,False,False,False,False,Geometria Euclidis Megarensis,Geometria Euclidis Megarensis,Euclidis,Euclidis Megarensis,ADditione | illustratus | studentium philosophiæ Parisiensis Academiæ | Geometria Euclidis Megarensis | INTRODVCTORIA ADditione (quantum necessarium est) commentarioque | Cum compositione Annuli astronomici Boneti Latensis | Boneti | Geometria Euclidis Megarensis | INTRODVCTORIA ADditione (quantum necessarium est) commentarioque | Annuli astronomici Boneti Latensis | Geometria Euclidis Megarensis | Annuli astronomici Boneti Latensis | Geometria Euclidis Megarensis | Euclidis Megarensis | Euclidis,studentium philosophiæ Parisiensis Academiæ | Parisiensis Academiæ | Boneti
Paris_1527,1527,Paris,LATIN,Astronomy,Instrument Construction | Theoretical Mathematics,,True,True,False,False,euclid_composite_workshop,False,True,True,False,False,False,False,False,False,False,Geometria Euclidis Megarensis,Geometria Euclidis Megarensis,Euclidis Megarensis,Euclidis Megarensis,ADDITIONE | illustratus | studentium philosophiæ Parisiensis Academiæ | studentium Philosophiæ Parisiensis Academiæ | Geometria Euclidis Megarensis | INTRODVCTORIA ADDITIONE (QVANtum necessarium est) commentarióque | Academiæ illustratus | Boneti Latensis | IOANNIS DE SACROBOSCO | Boneti Latensis | Geometria Euclidis Megarensis | INTRODVCTORIA ADDITIONE (quantum necessarium est) commentarióque | INTRODVCTORIA ADDITIONE | INTRODVCTORIA ADDITIONE (QVANtum necessarium est) commentarióque | Annuli astronomici Boneti Latensis | Geometria Euclidis Megarensis | TEXTVS DE SPHAERA IOANNIS DE SACROBOSCO | Annuli astronomici Boneti Latensis | Annuli astronomici Boneti Latensis | Annuli astronomici Boneti Latensis | Geometria Euclidis Megarensis | TEXTVS DE SPHAERA | Annuli astronomici | Annuli astronomici Boneti Latensis | Euclidis Megarensis | Euclidis Megarensis,studentium philosophiæ Parisiensis Academiæ | studentium Philosophiæ Parisiensis Academiæ | Parisiensis Academiæ | Philosophiæ Parisiensis Academiæ | Academiæ illustratus | Boneti Latensis | IOANNIS DE SACROBOSCO | Boneti Latensis
Paris_1532,1532,Paris,LATIN,Practical Geometry,,Architecture | Instrument Use,False,False,False,False,not_euclid_elements,False,False,False,False,False,False,False,False,False,False,PROTOMATHESIS,,,,"feliciter emissum | PROTOMATHESIS | Opus varium, ac scitu non minus utile quàm iucundum | nunc primum in lucem feliciter emissum | LIBERALIUM DISCIPLINARUM PROFESSORIS REGII",LIBERALIUM DISCIPLINARUM PROFESSORIS REGII
Paris_1534a,1534,Paris,LATIN,,,,True,True,True,False,euclid_sparse_canonical,True,False,False,False,False,False,False,True,False,False,ELEMENTALE GEOMETRI,ELEMENTALE GEOMETRI,EUCLIDIS,,decerptum | omnium Mathematices studiosorum | ELEMENTALE GEOMETRI | EX EUCLIDIS GEOMETRIA | Hayl- pronensi | ELEMENTALE GEOMETRI | EUCLIDIS,omnium Mathematices studiosorum | Hayl- pronensi
Paris_1536,1536,Paris,"LATIN, GREEK",,,,True,True,True,False,euclid_humanist_transfer,False,True,False,False,True,False,False,True,False,False,SEX PRIORES LIBROS geometricorum elementorum Euclidis Megarensis,SEX PRIORES LIBROS geometricorum elementorum Euclidis Megarensis,Euclidis Megarensis | ipsius Euclidis,Euclidis Megarensis,insertus est | recognita | SEX PRIORES LIBROS geometricorum elementorum Euclidis Megarensis | Demonstrationes | REGII Mathematicarum professoris | Bartholamæi Zamberti Veneti | SEX PRIORES LIBROS geometricorum elementorum Euclidis Megarensis | ipsius Euclidis textus græcus | interpretatione latina Bartholamæi Zamberti Veneti | Euclidis Megarensis | græcus | latina | Euclidis Megarensis | ipsius Euclidis,REGII Mathematicarum professoris | Bartholamæi Zamberti Veneti
Paris_1538,1538,Paris,LATIN,Astronomy,Instrument Construction | Theoretical Mathematics,,True,True,False,False,euclid_composite_workshop,False,True,True,False,False,False,False,False,False,False,Geometria Euclidis Megarensis,Geometria Euclidis Megarensis,Euclidis | Euclidis Megarensis,Euclidis Megarensis,illustratus | studentium Philosophiæ Parisiensis Academiæ | Geometria Euclidis Megarensis | Boneti Latensis | Geometria Euclidis Megarensis | INTRODVCTORIA ADditione (quantum necessarium est) commen-tarióque | TEXTVS  DE  SPHAERA  IOANNIS  DE  SACROBOSCO | Annuli astronomici Boneti Latensis | TEXTVS  DE  SPHAERA  IOANNIS  DE  SACROBOSCO | Annuli astronomici Boneti Latensis | Euclidis Megarensis | Euclidis | Euclidis Megarensis,studentium Philosophiæ Parisiensis Academiæ | Philosophiæ Parisiensis Academiæ | Boneti Latensis
Paris_1544,1544,Paris,LATIN,Theoretical Mathematics,,,True,True,True,False,euclid_humanist_transfer,False,True,False,False,True,False,False,False,True,False,Ge-ometricorum elementorum Euclidis Megarensis | In sex priores libros Geometricorum elementorum Euclidis Megarensis,Ge-ometricorum elementorum Euclidis Megarensis | sex priores libros Geometricorum elementorum Euclidis Megarensis,Euclidis Megarensis | ipsius Euclidis | Euclidis Megarensis | Euclidis,Euclidis Megarensis,"Recèns | emendatæ | recognita | recèns auctæ | emendatæ | recognita | Ge-ometricorum elementorum Euclidis Megarensis | In sex priores libros Geometricorum elementorum Euclidis Megarensis | In sex priores libros | demonstrationes | Geometricorum elementorum Euclidis | Recèns auctæ, & emendatæ | Aeditio tertia | Veneti | Ge-ometricorum elementorum Euclidis Megarensis | sex priores libros Geometricorum elementorum Euclidis Megarensis | demonstrationes | recèns auctæ | emendatæ | interpretatione Latina | interpretatione latina Bartholomæi Zamberti Veneti | Bartholomæi Zamberti Veneti | Euclidis Megarensis | græco | Græco | latina | Latina | Euclidis Megarensis | ipsius Euclidis | Euclidis Megarensis | Euclidis",REGII MATHEMATI- CARVM LVTETIAE | REGII MATHEMAticarum Lutetiæ | Veneti
Paris_1545,1545,Paris,LATIN,,,,True,True,False,False,euclid_sparse_canonical,True,False,False,False,False,False,False,True,False,False,,,Euclides,,Euclides,
Paris_1549,1549,Paris,LATIN,Theoretical Mathematics,,,True,True,True,False,euclid_sparse_canonical,True,False,False,False,False,False,False,False,True,False,EVCLIDES | EVCLIDIS elementorum libri QVINDECIM,EVCLIDES | EVCLIDIS elementorum libri QVINDECIM,EVCLIDIS,,EVCLIDES | EVCLIDIS elementorum libri QVINDECIM | EVCLIDES | EVCLIDIS elementorum libri QVINDECIM | EVCLIDIS,
Paris_1551a,1551,Paris,LATIN,Theoretical Mathematics,,,True,True,True,False,euclid_geometry_theory_primary,False,False,False,False,False,False,False,False,True,False,Euclidis elementorum LIBER DECIMVS,Euclidis elementorum LIBER DECIMVS,Euclidis,,interprete | Euclidis elementorum LIBER DECIMVS | interprete | Euclidis elementorum LIBER DECIMVS | Euclidis,interprete | Ioannem Bellaïum Cardinalem
Paris_1552,1552,Paris,LATIN,Theoretical Mathematics,,,True,True,True,False,euclid_geometry_theory_primary,False,False,False,False,False,False,False,False,True,False,Euclidis elementorum LIBER DECIMVS,Euclidis elementorum LIBER DECIMVS,Euclidis,,Euclidis elementorum LIBER DECIMVS | interprete | Euclidis elementorum LIBER DECIMVS | Euclidis,interprete | Ioannem Bellaïum Cardinalem
Paris_1557,1557,Paris,LATIN,Theoretical Mathematics,,,True,True,False,False,euclid_humanist_transfer,False,True,False,False,True,False,False,False,True,False,EVCLIDIS ELEMENTORVM LIBRI XV,EVCLIDIS ELEMENTORVM LIBRI XV,EVCLIDIS | Εὐκλείδης | EVCLIDIS,Εὐκλείδης ἑπὶ τοῖσι κλέος σοφιακαλλὲς ἔτευξεν,EVCLIDIS ELEMENTORVM LIBRI XV | Πλάτωνος | Πυθαγόρας | EVCLIDIS ELEMENTORVM LIBRI XV | Ἐπίγραμμα παλαιόν | Ἐπίγραμμα παλαιόν | Εὐκλείδης ἑπὶ τοῖσι κλέος σοφιακαλλὲς ἔτευξεν | GRAECE | LATINE | GRAEcè | GRAECE | LATINE | Latiné | EVCLIDIS | Εὐκλείδης | EVCLIDIS,Πλάτωνος | Πυθαγόρας
Paris_1557a,1557,Paris,LATIN,Theoretical Mathematics,,,True,True,False,False,euclid_composite_workshop,False,True,True,False,True,False,False,False,True,False,Euclidis Optica & Catoptrica,,ΕΥΚΛΕΙΔΟΥ | Euclidis,,REDDITA | præposita est | ædita | Euclidis Optica & Catoptrica | EADEM LATINE REDDITA PER Ioannem Penam Regium Mathematicum | nunquam antehac Graece ædita | Regium Mathematicum | præfatio | Graece | LATINE | ΕΥΚΛΕΙΔΟΥ | Euclidis,Regium Mathematicum | ILLVSTRISSIMVM PRINCIPEM CAROLVM LOTHARINGVM CARDINALEM
Paris_1557b,1557,Paris,"GREEK, LATIN",Music Theory,Theoretical Mathematics,,True,True,False,False,euclid_humanist_transfer,False,False,False,False,True,False,False,False,False,False,ΕΥΚΛΕΙΔΟΥ ΕἰΣΑΓΩΓΗ ἉΡΜΟΝΙΚΗ | Euclidis Rudimenta MUSICÆ,ΕΥΚΛΕΙΔΟΥ ΕἰΣΑΓΩΓΗ ἉΡΜΟΝΙΚΗ | Euclidis Rudimenta MUSICÆ,ΕΥΚΛΕΙΔΟΥ | Euclidis,,desumpta | excusa | ΕΥΚΛΕΙΔΟΥ ΕἰΣΑΓΩΓΗ ἉΡΜΟΝΙΚΗ | Euclidis Rudimenta MUSICÆ | Τοῦ αὐτοῦ κατατομὴ κανόνος | Eiusdem sectio regulæ harmonicæ | ac nunc primùm Graecè & Latinè excusa | Regio Mathematico | ΕΥΚΛΕΙΔΟΥ ΕἰΣΑΓΩΓΗ ἉΡΜΟΝΙΚΗ | Euclidis Rudimenta MUSICÆ | Graecè | Latinè | ΕΥΚΛΕΙΔΟΥ | Euclidis,Regia bibliotheca | Regio Mathematico | ILLVSTRISSIMVM PRINCIPEM CAROLVM LOTHARINGVM CARDINALEM
Paris_1558,1558,Paris,LATIN,Theoretical Mathematics,,,True,True,False,False,euclid_composite_workshop,False,True,True,False,True,False,False,False,True,False,EVCLIDIS ELEMENTORVM  LIBRI XV,EVCLIDIS ELEMENTORVM  LIBRI XV,EVCLIDIS | Εὐκλείδης,ὑπὸ τοῖσὶ κλέος σοφιακαλλὲς,"EVCLIDIS ELEMENTORVM  LIBRI XV | Quibus, cùm ad omnem Mathematicae scientiae partem, tùm ad quamlibet Geometriae tra- ctationem, facilis comparatur aditus | Γυπαγόρας σοφὸς | Πλατων | EVCLIDIS ELEMENTORVM  LIBRI XV | Ἐπιλεγμματα παλαιῶν | Σχήματα πέντε Γλάπτων Θ’, ἅ Γυπαγόρας σοφὸς ἔξε | Ἐπιλεγμματα παλαιῶν | Σχήματα πέντε Γλάπτων Θ | ὑπὸ τοῖσὶ κλέος σοφιακαλλὲς | GRAE | Latiné | EVCLIDIS | Εὐκλείδης",Γυπαγόρας σοφὸς | Πλατων
Paris_1564,1564,Paris,FRENCH,,,,True,True,True,False,euclid_no_primary_subject,False,False,False,False,False,False,False,True,False,False,LES SIX PREMIERS LIVRES DES ELEMENTS D’EV- CLIDE,LES SIX PREMIERS LIVRES DES ELEMENTS D’EV- CLIDE,EV- CLIDE,,TRADVICTS | COMMENTEZ | LES SIX PREMIERS LIVRES DES ELEMENTS D’EV- CLIDE | Lecteur ordi- naire du Roy és Mathema- tiques en l’vniuersité de Paris | LES SIX PREMIERS LIVRES DES ELEMENTS D’EV- CLIDE | EV- CLIDE,l’vniuersité de Paris | Lecteur ordi- naire du Roy és Mathema- tiques en l’vniuersité de Paris
Paris_1565,1565,Paris,FRENCH,Theoretical Mathematics,,,True,True,True,False,euclid_composite_workshop,False,True,True,False,True,False,False,False,True,False,"LES SEPTIEME, HVICTIEME ET NEVFIEME, LIVRES DES ELEMENS D’EVCLIDE | Liure d’Euclide","LES SEPTIEME, HVICTIEME ET NEVFIEME, LIVRES DES ELEMENS D’EVCLIDE | Liure d’Euclide",D’EVCLIDE | Liure d’Euclide,,"COMPRENANS | traduits | com- mentez | TRADVICT | COMMENté | intitulé | LES SEPTIEME, HVICTIEME ET NEVFIEME, LIVRES DES ELEMENS D’EVCLIDE | Liure d’Euclide | COMPRENANS TOVTE LA SCIEN- ce des nombres | du leger & du pesant | TRADVICT ET COMMENté | lecteur ordinaire du Roy és Mathema- tiques, en l’vni- uersité de Paris | lecteur ordinaire du Roy es Mathematiques en l’Vniuersité de Paris | LES SEPTIEME, HVICTIEME ET NEVFIEME, LIVRES DES ELEMENS D’EVCLIDE | Liure d’Euclide | com- mentez | traduict & commenté | LE LIVRE D’ARCHIMEDE DES POIS | LE LIVRE D’ARCHIMEDE DES POIS | D’EVCLIDE | Liure d’Euclide","vni- uersité de Paris | l’Vniuersité de Paris | lecteur ordinaire du Roy és Mathema- tiques, en l’vni- uersité de Paris | lecteur ordinaire du Roy es Mathematiques en l’Vniuersité de Paris"
Paris_1566,1566,Paris,LATIN,Theoretical Mathematics,,,True,True,True,False,euclid_composite_workshop,False,True,True,False,False,False,False,False,True,False,"ELEMENTA GEOMETRICA, LIBRIS XV","EVCLIDIS MEGARENSIS MATHEMATICI CLARISSIMI ELEMENTA GEOMETRICA, LIBRIS XV",EVCLIDIS,EVCLIDIS MEGARENSIS MATHEMATICI CLARISSIMI,"restituta | accessit | ELEMENTA GEOMETRICA, LIBRIS XV | AD GERMANAM GEOMETRIAE INTELligentiam è diuersis lapsibus temporis iniuria contractis restituta, adimpletis præter maiorum spem, quæ hactenus deerant, solidorum regularium conferentiis ac inscriptionibus | AVTHORE | EVCLIDIS MEGARENSIS MATHEMATICI CLARISSIMI ELEMENTA GEOMETRICA, LIBRIS XV | decimus sextus liber, de solidorum regularium sibi inuicem inscriptorum collationibus | cœptum opusculum de Com-positis regularibus solidis | decimus sextus liber, de solidorum regularium sibi inuicem inscriptorum collationibus, tum etiam cœptum opusculum de Com-positis regularibus solidis planè peragendum | decimus sextus liber | opusculum de Com-positis regularibus solidis | EVCLIDIS MEGARENSIS MATHEMATICI CLARISSIMI | EVCLIDIS",AVTHORE | Carolum IX. Christianissimum Galliarum Regem
Paris_1566a,1566,Paris,FRENCH,Theoretical Mathematics,,,True,True,True,False,euclid_geometry_theory_primary,False,False,False,False,False,False,False,False,True,False,LES SIX PREMIERS LIVRES DES ELE- ments d’Euclide,LES SIX PREMIERS LIVRES DES ELE- ments d’Euclide,Euclide,,traduictz | LES SIX PREMIERS LIVRES DES ELE- ments d’Euclide | Lecteur du Roy és Ma- thematiques | LES SIX PREMIERS LIVRES DES ELE- ments d’Euclide | Euclide,Lecteur du Roy és Ma- thematiques
Paris_1566b,1566,Paris,FRENCH,Music Theory,,,True,True,False,False,euclid_humanist_transfer,False,False,False,False,True,False,False,False,False,False,LE Liure de la Mu- sique d'Euclide,LE Liure de la Mu- sique d'Euclide,Euclide,,traduit | LE Liure de la Mu- sique d'Euclide | LE Liure de la Mu- sique d'Euclide | Euclide,
Paris_1573,1573,Paris,LATIN,,,,True,True,False,False,euclid_composite_workshop,False,True,True,False,True,False,False,True,False,False,EVCLIDIS ELEMENTORVM  LIBRI XV,EVCLIDIS ELEMENTORVM  LIBRI XV,EVCLIDIS | Εὐκλείδης,Εὐκλείδης ἐπὶ τοῖσι κλέος σοφιηκαλλὲς | Εὐκλείδης ἐπὶ τοῖσι κλέος σοφιηκαλλὲς ἔτευξεν,"EVCLIDIS ELEMENTORVM  LIBRI XV | Quibus, cùm ad omnem Mathematicae scientiæ partem, tùm ad quamlibet Geometriæ tractatio- nem, facilis comparatur aditus | GRAE- cè & Latinè | EVCLIDIS ELEMENTORVM  LIBRI XV | Ἐπίγραμμα παλαιόν | Σχήματα πέντε Πλάτωνος, ὁ Πυθαγόρας σοφὸς εὗρε | Πυθαγόρας σοφὸς εὗρε, Πλάτων δ’ ἀρίδηλ’ ἐδί- δαξεν | Εὐκλείδης ἐπὶ τοῖσι κλέος σοφιηκαλλὲς ἔτευξεν | Εὐκλείδης ἐπὶ τοῖσι κλέος σοφιηκαλλὲς | Εὐκλείδης ἐπὶ τοῖσι κλέος σοφιηκαλλὲς ἔτευξεν | GRAE- cè | Latinè | GRAE- cè | Latinè | EVCLIDIS | Εὐκλείδης",
Paris_1578,1578,Paris,LATIN,Theoretical Mathematics,,,True,True,True,False,euclid_composite_workshop,False,True,True,False,False,False,False,False,True,False,"EVCLIDIS MEGARENSIS MATHEMATICI CLARISSIMI ELEMENTA, LIBRIS XV","EVCLIDIS MEGARENSIS MATHEMATICI CLARISSIMI ELEMENTA, LIBRIS XV",EVCLIDIS,MEGARENSIS MATHEMATICI CLARISSIMI,"restituta | Adimpletis | Accessit | collati sunt | polliciti | inuentis | EVCLIDIS MEGARENSIS MATHEMATICI CLARISSIMI ELEMENTA, LIBRIS XV | AD GERMANAM GEOmetriæ intel- ligentiam è diuersis lapsibus temporis iniuria contractis restituta, Adimpletis præter maiorum spem, quæ hactenus deerant, solidorum regularium conferentiis ac inscriptionibus | Accessit decimussextus liber, de solidorum regularium sibi inuicem inscriptorum collationibus | Nouissimè collati sunt decimusseptimus & decimusoctauus, priori edi-tione quodammodo polliciti, de componendorum, inscribendorum, & conferendorum compositorum solidorum inuentis, ordine & numero absoluti | D | EVCLIDIS MEGARENSIS MATHEMATICI CLARISSIMI ELEMENTA, LIBRIS XV | decimussextus liber, de solidorum regularium sibi inuicem inscriptorum collationibus | decimusseptimus & decimusoctauus, priori edi-tione quodammodo polliciti, de componendorum, inscribendorum, & conferendorum compositorum solidorum inuentis, ordine & numero absoluti | decimussextus liber | decimusseptimus & decimusoctauus | MEGARENSIS MATHEMATICI CLARISSIMI | GERMANAM | EVCLIDIS",D | CAROLVM IX. CHRISTIANISSIMVM GALLIARVM REGEM
Paris_1598a,1598,Paris,FRENCH,,,,True,True,True,False,euclid_composite_workshop,False,True,True,False,False,False,False,True,False,False,LES SIX PREMIERS LIVRES DES ELEMENS D’EVCLIDE,LES SIX PREMIERS LIVRES DES ELEMENS D’EVCLIDE,D’EVCLIDE,,TRADVICTS | commentez | Dediez | LES SIX PREMIERS LIVRES DES ELEMENS D’EVCLIDE | Ingenieur du Tres -chrestien ROY de France & de Nauarre | LES SIX PREMIERS LIVRES DES ELEMENS D’EVCLIDE | TRADVICTS | commentez | D’EVCLIDE,Ingenieur du Tres -chrestien ROY de France & de Nauarre | sa MAIESTÉ
Paris_1604,1604,Paris,LATIN,Theoretical Mathematics,Perspective,,True,True,False,False,euclid_composite_workshop,False,False,True,False,False,False,False,False,True,False,EVCLIDIS OPTICA ET CATOPTRICA,EVCLIDIS OPTICA ET CATOPTRICA,EVCLIDIS,,VERSA | præposita est | EVCLIDIS OPTICA ET CATOPTRICA | Mathematicum Regium | EVCLIDIS OPTICA ET CATOPTRICA | præfatio | GRÆCO | EVCLIDIS,Mathematicum Regium | ILLVSTRISSIMVM PRINCIPEM  CAROLVM  LOTHARINGVM  CARDINALEM
Paris_1605,1605,Paris,FRENCH,Theoretical Mathematics,,,True,True,True,False,euclid_composite_workshop,False,True,True,False,False,False,False,False,True,False,LES NEVF PREMIERS LIVRES DES ELEMENS D’EVCLIDE,LES NEVF PREMIERS LIVRES DES ELEMENS D’EVCLIDE,D’EVCLIDE,,TRADVITS | commentez | Dediez | Reueus | corrigez | LES NEVF PREMIERS LIVRES DES ELEMENS D’EVCLIDE | Reueus & corrigez | Ingenieur du Tres- chrestien ROY de France & de Nauarre | LES NEVF PREMIERS LIVRES DES ELEMENS D’EVCLIDE | commentez | D’EVCLIDE,Ingenieur du Tres- chrestien ROY de France & de Nauarre | sa MAIESTÉ
Paris_1609,1609,Paris,FRENCH,Theoretical Mathematics,,,True,True,True,False,euclid_method_access,False,True,False,False,True,True,False,False,True,False,LES ELEMENS DE LA GEOMETRIE D’EVCLIDES MEGARIEN,LES ELEMENS DE LA GEOMETRIE D’EVCLIDES MEGARIEN,EVCLIDES MEGARIEN,EVCLIDES MEGARIEN,"Traduits | restitués | adioustez | LES ELEMENS DE LA GEOMETRIE D’EVCLIDES MEGARIEN | Traduits & restitués à leur ancienne breueté, selon l’ordre de Theon | Docteur ès Droicts, & Professeur en la diuine Mathematique aux Academies du Roy | Theon | Ipsicles Alexandrie | LES ELEMENS DE LA GEOMETRIE D’EVCLIDES MEGARIEN | les quatorze & quinziesme d’Ipsicles Alexandrien | les quatorze & quinziesme d’Ipsicles Alexandrien | EVCLIDES MEGARIEN | EVCLIDES MEGARIEN","Academies du Roy | Docteur ès Droicts, & Professeur en la diuine Mathematique aux Academies du Roy | Theon | Ipsicles Alexandrie"
Paris_1610,1610,Paris,FRENCH,Theoretical Mathematics,,,True,True,True,False,euclid_composite_workshop,False,True,True,False,True,True,False,False,True,False,LES ELEMENS DE LA GEOMETRIE D’EVCLIDES MEGARIEN | LES ELEMENS DE LA GEOMETRIE D’EVCLIDES,LES ELEMENS DE LA GEOMETRIE D’EVCLIDES MEGARIEN | LES ELEMENS DE LA GEOMETRIE D’EVCLIDES,EVCLIDES,EVCLIDES MEGARIEN | MEGARIEN,"Traduits | restitués | adioustez | TRADVITS | RESTITVEZ | Reueuë | augmentée | adioustez | LES ELEMENS DE LA GEOMETRIE D’EVCLIDES MEGARIEN | LES ELEMENS DE LA GEOMETRIE D’EVCLIDES | ancienne breueté, selon l’ordre de Theon | SECONDE EDITION | Docteur és Droicts, & Professeur en la diuine Mathematique aux Academies du Roy | l’Autheur | Theon | Ipsicles Alexandrien | LES ELEMENS DE LA GEOMETRIE D’EVCLIDES MEGARIEN | LES ELEMENS DE LA GEOMETRIE D’EVCLIDES | les quatorze & quinziesme d’Ipsicles Alexandrien | les quatorze & quinziesme d’Ipsicles Alexandrien | Ipsicles Alexandrien | EVCLIDES MEGARIEN | MEGARIEN | EVCLIDES","Academies du Roy | Docteur és Droicts, & Professeur en la diuine Mathematique aux Academies du Roy | l’Autheur | Theon | Ipsicles Alexandrien"
Paris_1612,1612,Paris,LATIN,Theoretical Mathematics,,,True,True,False,False,euclid_procedural_pedagogical,False,True,False,False,False,False,False,False,True,False,EVCLIDIS ELEMENTVM DECIMVM,EVCLIDIS ELEMENTVM DECIMVM,EVCLIDIS,,"EVCLIDIS ELEMENTVM DECIMVM | IN QVO SINGVLARVM DEMONSTRA- tionum lineæ, & superficiēs, tam Commensurabi- les, & Incommensurabiles, Quam Rationales, & Irrationales, accuratè numeris exprimuntur | EVCLIDIS ELEMENTVM DECIMVM | EVCLIDIS",VATANI DOMINO
Paris_1615,1615,Paris,FRENCH,Theoretical Mathematics,,,True,True,True,False,euclid_composite_workshop,False,True,True,False,True,False,False,False,True,False,LES QVINZE LIVRES DES ELEMENTS D’EVCLIDE | LES QVINZE LIVRES DES ELEMENS D’EVCLIDE,LES QVINZE LIVRES DES ELEMENTS D’EVCLIDE | LES QVINZE LIVRES DES ELEMENS D’EVCLIDE | QVINZE LIVRES DES ELEMENS D’EVCLIDE,EVCLIDE | D’EVCLIDE,,"Traduicts | Traduicts | Reueuë | corrigée | augmentée | Reueue | corrigée | augmentée | Traduicts | LES QVINZE LIVRES DES ELEMENTS D’EVCLIDE | LES QVINZE LIVRES DES ELEMENS D’EVCLIDE | SECONDE EDITION | Reueuë, corrigée & augmentée | QVATRIESME EDITION | Mathemat | Mathematicien | Professeur ès Mathematiques | LES QVINZE LIVRES DES ELEMENTS D’EVCLIDE | LES QVINZE LIVRES DES ELEMENS D’EVCLIDE | QVINZE LIVRES DES ELEMENS D’EVCLIDE | Sommaire & Abbregé de l’Algebre | Sommaire & Abbregé de l’Algebre | Latin | François | EVCLIDE | D’EVCLIDE",Mathemat | Mathematicien | Professeur ès Mathematiques
Paris_1622,1622,Paris,"FRENCH, LATIN",,,,True,True,True,False,euclid_composite_workshop,False,True,True,False,True,False,False,True,False,False,LES QVINZE LIVRES DES ELEMENTS GEOMETRIQVES D’EVCLIDE,QVINZE LIVRES DES ELEMENTS GEOMETRIQVES D’EVCLIDE,D’EVCLIDE,,"Traduicts | augmentez | LES QVINZE LIVRES DES ELEMENTS GEOMETRIQVES D’EVCLIDE | Traduicts de Grec en François, et augmentez de plusieurs figures et demonstrations, auec la correction des erreurs commises es autres traductions | Professeur es Mathematiques | QVINZE LIVRES DES ELEMENTS GEOMETRIQVES D’EVCLIDE | plusieurs figures et demonstrations | la correction des erreurs commises es autres traductions | Grec | François | D’EVCLIDE",Professeur es Mathematiques | MONSEIGNEVR L’illustrissime & Reuerendissime Cardinal de la ROCHEFOVCAVLT
Paris_1623,1623,Paris,FRENCH,Theoretical Mathematics,,,True,True,True,False,euclid_composite_workshop,False,True,True,False,True,False,False,False,True,False,Les Qvinze livres des elements d’Evclide,Les Qvinze livres des elements d’Evclide,d’Evclide | dudit Euclide,,Traduicts | Reueu | augmenté | les Traducteurs dudit Euclide | Les Qvinze livres des elements d’Evclide | Reueu & augmenté en ceste seconde edition | Mathematicien | Les Qvinze livres des elements d’Evclide | un Sommaire de l’Algebre | la response Apologetique | un Sommaire de l’Algebre | response Apologetique | Sommaire de l’Algebre | Latin | François | d’Evclide | dudit Euclide,les Traducteurs dudit Euclide | Mathematicien
Paris_1624,1624,Paris,FRENCH,,Military Engineering,Theoretical Mathematics,True,True,False,False,euclid_procedural_pedagogical,False,True,False,False,False,False,False,True,False,False,,,d’Euclides,,"ceux qui se veulent seruir proprement des Ma- thematiques, & de la Philosophie | d’Euclides | d’Archimedes | de Proclus | de Sacrobosco | d’Aristote | Ensemble les Definitions Theoremes & Maximes, d’Euclides, d’Archime- des, de Proclus, de Sacrobosco, & d’Aristote | Auec un abregé des reigles de la Geometrie, & des principales Ma- ximes & regles des Arts, de for- tifier & assaillir les places | Ensemble les Definitions Theoremes & Maximes, d’Euclides, d’Archime- des, de Proclus, de Sacrobosco, & d’Aristote | d’Euclides | d’Archimedes | de Proclus | de Sacrobosco | d’Aristote | d’Euclides","ceux qui se veulent seruir proprement des Ma- thematiques, & de la Philosophie | d’Euclides | d’Archimedes | de Proclus | de Sacrobosco | d’Aristote"
Paris_1625,1625,Paris,"GREEK, LATIN",Theoretical Mathematics,,,True,True,False,False,euclid_composite_workshop,False,True,True,False,True,False,False,False,True,False,EVCLIDIS DATA,EVCLIDIS DATA,ΕΥΚΛΕΙΔΟΥ | EVCLIDIS | Eu-clideorum,,"vertit | Adiectus est | edidit | illus‑trauit | explicantur | EVCLIDIS DATA | OPVS AD VETERVM GEOMETRIÆ Autorum Archimedis, Apollonij, Pappi, Eutocij, cæterorúmque non modo lectionem, sed ad Geometricæ quoque Analyseos instaurationem planè necessar-ium, & à multis diu desideratum | nunc primùm edidit | in supremâ Parisiensi Curiâ Aduocatus, è Regis Christianissimi Bibliothecâ Græcè | Archimedis | Apollonij | Pappi | Eutocij | EVCLIDIS DATA | scholijsq | Commentarius Græcè & Latinè | Græcè | Latinè | ΕΥΚΛΕΙΔΟΥ | EVCLIDIS | Eu-clideorum","Regis Christianissimi Bibliothecâ Græcè | Bibliothecâ MARINI PHILOSOPHI | Parisiensi Curiâ | in supremâ Parisiensi Curiâ Aduocatus, è Regis Christianissimi Bibliothecâ Græcè | Archimedis | Apollonij | Pappi | Eutocij"
Paris_1626,1626,Paris,FRENCH,Military Engineering | Theoretical Mathematics,Construction,Practical Geometry,True,True,False,False,euclid_procedural_pedagogical,False,True,False,False,False,False,False,False,True,False,"Ensemble les Definitions, Theoremes & Maximes",d’Euclides,d’Euclides,,"Vtiles à ceux qui se veulent seruir proprement des Mathematiques, & de la Philosophie | Ensemble les Definitions, Theoremes & Maximes | d’Euclides, d’Archimedes, de Proclus, de Sacrobosco, & d’Aristote | d’Euclides | PARADOXES DE MEYNIER, CONTRE LES MATHEMATICIENS qui abusent la Ieunesse | VN ABREGE' DES Reigles de la Geometrie, & des prin- cipalles Maximes & reigles des Arts, de fortifier & assaillir les places | PARADOXES DE MEYNIER, CONTRE LES MATHEMATICIENS | ABREGE' DES Reigles de la Geometrie | d’Euclides","Vtiles à ceux qui se veulent seruir proprement des Mathematiques, & de la Philosophie"
Paris_1626a,1626,Paris,LATIN,Theoretical Mathematics,,Astronomy,True,True,False,False,euclid_composite_workshop,False,True,True,False,False,False,False,False,True,False,ELEMENTORVM EVCLIDIS LIBRI XVI,ELEMENTORVM EVCLIDIS LIBRI XVI,EVCLIDIS,,ELEMENTORVM EVCLIDIS LIBRI XVI | ELEMENTORVM EVCLIDIS LIBRI XVI | CVM ADDITION-IBVS MAVROLYCI ET CANDALLÆ | OPTICORVM LIBRI V | OPTICORVM LIBRI V | EVCLIDIS,
Paris_1626b,1626,Paris,LATIN,Astronomy | Theoretical Mathematics,,Trigonometry,False,False,False,False,not_euclid_elements,False,False,False,False,False,False,False,False,False,False,"Theodosii, Menelai et Mavrolyci sphærica",,,,"Theodosii, Menelai et Mavrolyci sphærica | sphærica",D. D. De Frenicle
Paris_1629,1629,Paris,FRENCH,,,,True,True,True,False,euclid_procedural_pedagogical,False,True,False,False,False,False,False,True,False,False,LES NEVF PREMIERS LIVRES DES ELEMENS D’EVCLIDE,LES NEVF PREMIERS LIVRES DES ELEMENS D’EVCLIDE,D’EVCLIDE,,TRADVITS | commentez | Reueuz | corrigez | LES NEVF PREMIERS LIVRES DES ELEMENS D’EVCLIDE | Reueuz & corrigez par l’Autheur | Ingenieur du Tres- Chrestien Roy de France & de Nauarre | LES NEVF PREMIERS LIVRES DES ELEMENS D’EVCLIDE | D’EVCLIDE,Ingenieur du Tres- Chrestien Roy de France & de Nauarre | sa MAIESTE
Paris_1630,1630,Paris,FRENCH,,,,True,True,True,False,euclid_humanist_transfer,False,True,False,False,True,False,False,True,False,False,LES SIX PREMIERS LIVRES DES ELEMENS D’EVCLIDE,LES SIX PREMIERS LIVRES DES ELEMENS D’EVCLIDE,D’EVCLIDE,,Extraicts | tirez | Traduits | LES SIX PREMIERS LIVRES DES ELEMENS D’EVCLIDE | Extraicts & tirez de ses Oeuures Mathematiques | Mathematicien | LES SIX PREMIERS LIVRES DES ELEMENS D’EVCLIDE | Latin | François | D’EVCLIDE,Mathematicien
Paris_1632,1632,Paris,FRENCH,Theoretical Mathematics,,,True,True,True,False,euclid_composite_workshop,False,True,True,False,True,False,False,False,True,False,LES QVINZE LIVRES DES ELEMENTS GEOMETRIQVES D’EVCLIDE,LES QVINZE LIVRES DES ELEMENTS GEOMETRIQVES D’EVCLIDE,D’EVCLIDE | Euclide,,Traduicts | imprimez | reueus | corrigez | traduict | imprimé | LES QVINZE LIVRES DES ELEMENTS GEOMETRIQVES D’EVCLIDE | reueus & corrigez du viuant de l’Autheur | Professeur és Mathematiques | LES QVINZE LIVRES DES ELEMENTS GEOMETRIQVES D’EVCLIDE | Commentaires beaucoup plus amples & faciles | figures en plus grand nombre | le Liure des DONNEZ du mesme Euclide | DONNEZ | François | D’EVCLIDE | Euclide,Professeur és Mathematiques
Paris_1632a,1632,Paris,FRENCH,,,,True,True,True,False,euclid_composite_workshop,False,True,True,False,True,False,False,True,False,False,LES QVINZE LIVRES DES ELEMENTS GEOMETRIQVES D’EVCLIDE,LES QVINZE LIVRES DES ELEMENTS GEOMETRIQVES D’EVCLIDE,D’EVCLIDE,,Traduicts | augmentez | LES QVINZE LIVRES DES ELEMENTS GEOMETRIQVES D’EVCLIDE | seconde edition | Professeur es Mathematiques | LES QVINZE LIVRES DES ELEMENTS GEOMETRIQVES D’EVCLIDE | plusieurs figures et demonstrations | la correction des erreurs commises es autres traductions | Grec | François | D’EVCLIDE,Professeur es Mathematiques | MONSEIGNEVR L’illustrissime & Reuerendissime Cardinal de Lÿon
Paris_1634,1634,Paris,"FRENCH, LATIN",Theoretical Mathematics,,,False,False,False,False,not_euclid_elements,False,False,False,False,False,False,False,False,False,False,,,,,DEMONSTRATVS | DEMONSTRE | Mathematicien | NOTAS reales & vniuersales | NOTES reelles & vniuerselles,Mathematicien
Paris_1639,1639,Paris,FRENCH,,,,True,True,True,False,euclid_composite_workshop,False,True,True,False,False,False,False,True,False,False,LES SIX PREMIERS LIVRES DES ELEMENTS D’EVCLIDE,LES SIX PREMIERS LIVRES DES ELEMENTS D’EVCLIDE,D’EVCLIDE,,"Demonstrez | LES SIX PREMIERS LIVRES DES ELEMENTS D’EVCLIDE | Demonstrez par Notes, d’vne methode tres-brieve & intelligible | Auec les principales parties des Mathematiques ex- pliquées succinctement sans Notes | Professeur és Mathematiques | LES SIX PREMIERS LIVRES DES ELEMENTS D’EVCLIDE | Notes | vn petit Dictionnaire, contenant les ety- mologies & significations des noms & termes plus obscurs des Mathematiques | Dictionnaire | D’EVCLIDE",Professeur és Mathematiques
Paris_1640,1640,Paris,FRENCH,Theoretical Mathematics,,,True,True,False,False,euclid_composite_workshop,False,True,True,False,True,True,False,False,True,False,LE DIZIEME LIVRE D’EVCLIDE,LE DIZIEME LIVRE D’EVCLIDE,EVCLIDE,,"illustré | reduit | LE DIZIEME LIVRE D’EVCLIDE | illustré de nouueles demonstrations plus faciles & plus succinctes que les ordinaires, & reduit à 62. Propositions | STEVIN | LE DIZIEME LIVRE D’EVCLIDE | illustré de nouueles demonstrations plus faciles & plus succinctes que les ordinaires | AVEC VN DISCOURS DE LA MANIERE d’expliquer les sciences en François | TRAITE' DES QVANTITEZ INCOMENSVRABLES: OV SONT DECIDEes PLVSIEVRS belles Questions des Nombres Rationaus & Irrationaus | LES ERREVRS DE STEVIN refutées | TRAITE' DES QVANTITEZ INCOMENSVRABLES | LES ERREVRS DE STEVIN | François | EVCLIDE",Meßieurs de L’ACADEMIE FRANCOISE | STEVIN
Paris_1643,1643,Paris,FRENCH,,,,True,True,True,False,euclid_method_access,False,True,False,False,False,True,False,True,False,False,Elémens d’Euclide,Elémens d’Euclide,Euclide,,"tiré | rengez | demonstrez | ceux qui commencent d’apprendre les Mathematiques | Elémens d’Euclide | d’une façon plus briefue, & plus facile que l’ordinaire | P | Elémens d’Euclide | Euclide",ceux qui commencent d’apprendre les Mathematiques | Compagnie de IESVS | P
Paris_1643b,1643,Paris,LATIN,,,,True,True,False,False,euclid_procedural_pedagogical,False,True,False,False,False,False,False,True,False,False,EVCLIDIS SEX PRIMI ELEMENTORVM GEOMETRI- CORVM LIBRI,EVCLIDIS SEX PRIMI ELEMENTORVM GEOMETRI- CORVM LIBRI,EVCLIDIS,,contracti | demonstrati | EVCLIDIS SEX PRIMI ELEMENTORVM GEOMETRI- CORVM LIBRI | In commodiorem formam contracti & demonstrati | è societate IESV | EVCLIDIS SEX PRIMI ELEMENTORVM GEOMETRI- CORVM LIBRI | EVCLIDIS,IESV | societate IESV | è societate IESV
Paris_1644,1644,Paris,FRENCH,Theoretical Mathematics,,,True,True,True,False,euclid_composite_workshop,False,True,True,False,False,False,False,False,True,False,LES SIX PREMIERS LIVRES DES ELEMENTS D’EVCLIDE,LES SIX PREMIERS LIVRES DES ELEMENTS D’EVCLIDE,D’EVCLIDE,,"Demonstrez | LES SIX PREMIERS LIVRES DES ELEMENTS D’EVCLIDE | Demonstrez par Notes, d’vne Methode tres-brieve & intelligible | Professeur és Mathematiques | LES SIX PREMIERS LIVRES DES ELEMENTS D’EVCLIDE | Auec les principalles parties des Mathematiques, ex- pliquées succinctement sans Notes | Et de plus, vn petit Dictionnaire, contenant les ety- mologies & significations des noms & termes plus obscures des Mathematiques | Et de plus, vn petit Dictionnaire, contenant les ety- mologies & significations des noms & termes plus obscures des Mathematiques | vn petit Dictionnaire | D’EVCLIDE",Professeur és Mathematiques
Paris_1644b,1644,Paris,"FRENCH, LATIN",Theoretical Mathematics,,,False,False,False,False,not_euclid_elements,False,False,False,False,False,False,False,False,False,False,,,,,DEMONSTRATVS | DEMONSTRÉ | Mathematicien | NOTAS reales & vniuersales | NOTES reelles & vniuerselles,Mathematicien
Paris_1644c,1644,Paris,LATIN,Astronomy | Theoretical Mathematics,,Practical Geometry,False,False,False,False,not_euclid_elements,False,False,False,False,False,False,False,False,False,False,,,,,Studio & Operâ,Studio & Operâ
Paris_1652,1652,Paris,FRENCH,Theoretical Mathematics,Military Engineering,,True,True,False,False,euclid_geometry_theory_primary,False,False,False,False,False,False,False,False,True,False,,,d’Euclides,,"ceux qui se veulent servir proprement des Mathematiques, & de la Philosophie | DERNIÈRE EDITION | d’Euclides | d’Archimedes | de Proclus | de Sacrobosco | d’Aristote | un Abregé des reigles de la Geometrie | des principales maximes & regles des Arts | d’Euclides","ceux qui se veulent servir proprement des Mathematiques, & de la Philosophie | d’Euclides | d’Archimedes | de Proclus | de Sacrobosco | d’Aristote"
Paris_1654,1654,Paris,LATIN,,,,True,True,False,False,euclid_procedural_pedagogical,False,True,False,False,False,False,False,True,False,False,EVCLIDIS ELEMENTORVM GEOMETRICORVM LIBRI Sex,EVCLIDIS ELEMENTORVM GEOMETRICORVM LIBRI Sex,EVCLIDIS,,correctior | EVCLIDIS ELEMENTORVM GEOMETRICORVM LIBRI Sex | priores breuiùs demonstrati | SECVNDA EDITIO correctior | EVCLIDIS ELEMENTORVM GEOMETRICORVM LIBRI Sex | EVCLIDIS,Societate IESV
Paris_1654a,1654,Paris,FRENCH,,,,True,True,True,False,euclid_no_primary_subject,False,False,False,False,False,False,False,True,False,False,LES ELEMENTS D’EVCLIDE,ELEMENTS D’EVCLIDE,D’EVCLIDE,,"EXPLIQVEZ | LES ELEMENTS D’EVCLIDE | IER, de la Compagnie de IESVS | ELEMENTS D’EVCLIDE | EXPLIQVEZ | D’EVCLIDE","Compagnie de IESVS | IER, de la Compagnie de IESVS | MONSIEVR LE CHEVALIER DE MESMES"
Paris_1661,1661,Paris,FRENCH,Instrument Use | Military Engineering | Practical Geometry | Surveying | Trigonometry,,Geography,False,False,False,False,not_euclid_elements,False,False,False,False,False,False,False,False,False,False,,,,,CONTENANT EN CENT FIGVRES | Contenant de plus | TROISIÈME ÉDITION | le R. P | de la Compagnie de Iesvs | un Traité de l’usage du Globe terrestre | un autre de l’Optique Dioptrique & Catoptrique | Traité de l’usage du Globe terrestre | Optique Dioptrique & Catoptrique,Compagnie de Iesvs | le R. P | de la Compagnie de Iesvs | LA NOBLESSE
Paris_1667,1667,Paris,FRENCH,Theoretical Mathematics,,,True,False,True,True,elements_language_no_euclid,False,True,False,False,False,False,True,False,True,False,NOVVEAVX ELEMENS DE GEOMETRIE | NOUVEAUX ELEMENS DE GEOMETRIE,NOVVEAVX ELEMENS DE GEOMETRIE | NOUVEAUX ELEMENS DE GEOMETRIE,,,"contenant | CONTENANT | NOVVEAVX ELEMENS DE GEOMETRIE | NOUVEAUX ELEMENS DE GEOMETRIE | Outre un ordre tout nouveau, & de nouvelles demonstrations des propositions les plus com- munes,  De nouveaux moyens de faire voir quelles lignes sont incommensurables,  De nouvelles mesures de l’angle, dont on ne s’estoit point encore avisé,  Et de nouvelles manières de trouver & de demonstrer la proportion des Lignes | SECONDE EDITION | NOVVEAVX ELEMENS DE GEOMETRIE | NOUVEAUX ELEMENS DE GEOMETRIE | de nouvelles demonstrations des propositions les plus com- munes | De nouveaux moyens de faire voir quelles lignes sont incommensurables | De nouvelles mesures de l’angle, dont on ne s’estoit point encore avisé | Et de nouvelles manières de trouver & de demonstrer la proportion des Lignes | un ordre tout nouveau | de nouvelles démonstrations des Propositions les plus communes | De nouveaux moyens de faire voir quelles Lignes sont incommensurables | De nouvelles mesures des Angles, dont on ne s’étoit point encore avisé | Et de nouvelles manières de trouver & de démontrer la proportion des Lignes | un Traité tout nouveau des Proportions | Traité tout nouveau des Proportions",
Paris_1675,1675,Paris,FRENCH,Theoretical Mathematics,,,True,False,True,True,elements_language_no_euclid,False,False,False,False,False,False,True,False,True,False,ELEMENS DES MATHEMATIQUES,,,,"ELEMENS DES MATHEMATIQUES | OU PRINCIPES GENERAUX DE TOUTES LES SCIENCES, QUI ONT LES GRANDEURS POUR OBJET",
Paris_1677a,1677,Paris,FRENCH,,,Theoretical Mathematics,True,True,True,False,euclid_procedural_pedagogical,False,True,False,False,False,False,False,True,False,False,LES ELEMENS D’EVCLIDE,LES ELEMENS D’EVCLIDE,D’EVCLIDE,,EXPLIQUEZ | LES ELEMENS D’EVCLIDE | Proposition pour toutes les parties des Mathematiques | P | LES ELEMENS D’EVCLIDE | D’EVCLIDE,Compagnie de JESUS | P
Paris_1682,1682,Paris,FRENCH,,,,True,True,True,False,euclid_utility_public,False,True,False,True,False,True,False,True,False,False,LES ELEMENS D’EUCLIDE,LES ELEMENS D’EUCLIDE,EUCLIDE,,LES ELEMENS D’EUCLIDE | EXPLIQUEZ D’UNE MANIERE nouvelle & tres-facile | AVEC L’USAGE DE CHAQUE Proposition pour toutes les parties des Mathematiques | NOUVELLE EDITION | de la Compagnie de JESUS | LES ELEMENS D’EUCLIDE | EUCLIDE,Compagnie de JESUS | de la Compagnie de JESUS
Paris_1682a,1682,Paris,FRENCH,,,,False,False,False,False,not_euclid_elements,False,False,False,False,False,False,False,False,False,False,,,,,,
Paris_1683,1683,Paris,FRENCH,,,,True,True,True,False,euclid_utility_public,False,True,True,True,False,True,False,True,False,False,LES ELEMENS D’EUCLIDE,LES ELEMENS D’EUCLIDE,EUCLIDE,,EXPLIQUEZ | LES ELEMENS D’EUCLIDE | EXPLIQUEZ D’UNE MANIERE nouvelle & tres-facile | AVEC L’USAGE DE CHAQUE Proposition pour toutes les parties des Mathematiques | NOUVELLE EDITION | de la Compagnie de JESUS | LES ELEMENS D’EUCLIDE | AVEC L’USAGE DE CHAQUE Proposition pour toutes les parties des Mathematiques | EUCLIDE,Compagnie de JESUS | de la Compagnie de JESUS
Paris_1685,1685,Paris,FRENCH,,,Practical Geometry,True,True,True,False,euclid_procedural_pedagogical,False,True,False,False,False,False,False,True,False,False,LES ELEMENS DE GEOMETRIE OU DE LA MESURE DU CORPS,LES ELEMENS DE GEOMETRIE OU DE LA MESURE DU CORPS,Euclide,,"LES ELEMENS DE GEOMETRIE OU DE LA MESURE DU CORPS | Qui comprennent tout ce qu’Euclide, en a enseigné: Les plus belles propositions d’Archimede & l’Analyse | MY, Prêtre de l’Oratoire | Archimede | LES ELEMENS DE GEOMETRIE OU DE LA MESURE DU CORPS | Euclide","l’Oratoire | MY, Prêtre de l’Oratoire | Archimede"
Paris_1689,1689,Paris,FRENCH,Theoretical Mathematics,,,True,False,True,True,elements_language_no_euclid,False,False,False,False,False,False,True,False,True,False,NOUVEAUX ELEMENS,NOUVEAUX ELEMENS,,,"MIEUX DIGEREE | NOUVEAUX ELEMENS | OU PRINCIPES GENERAUX DE TOUTES LES SCIENCES Qui ont les grandeurs pour objet | SECONDE EDITION, PLUS AMPLE ET MIEUX DIGEREE | Prêtre, ci-devant Professeur des Mathématiques dans les Universitez d’Angers & de Nantes | NOUVEAUX ELEMENS","Universitez d’Angers & de Nantes | Prêtre, ci-devant Professeur des Mathématiques dans les Universitez d’Angers & de Nantes"
Paris_1690,1690,Paris,FRENCH,,,,True,True,True,False,euclid_utility_public,False,True,False,True,False,True,False,True,False,False,LES ELEMENS D’EUCLIDE,LES ELEMENS D’EUCLIDE,D’EUCLIDE,,Reveuë | corrigée | LES ELEMENS D’EUCLIDE | EXPLIQUEZ D’UNE MANIERE nouvelle & tres-facile | AVEC L’USAGE DE CHAQUE Proposition pour toutes les parties des Mathematiques | NOUVELLE EDITION | de la Compagnie de JESUS | LES ELEMENS D’EUCLIDE | D’EUCLIDE,Compagnie de JESUS | de la Compagnie de JESUS
Paris_1693,1693,Paris,FRENCH,Theoretical Mathematics,,,True,True,True,False,euclid_geometry_theory_primary,False,False,False,False,False,False,False,False,True,False,les Elemens d’Euclide,les Elemens d’Euclide,Euclide,,"COMPREND | contient | à un homme de Guerre, & à tous ceux qui se veulent perfectionner dans les Mathematiques | les Elemens d’Euclide | Professeur des Mathematiques | les Elemens d’Euclide | Euclide","à un homme de Guerre, & à tous ceux qui se veulent perfectionner dans les Mathematiques | Professeur des Mathematiques"
Paris_1695,1695,Paris,FRENCH,Theoretical Mathematics,,Practical Geometry,True,True,False,False,euclid_geometry_theory_primary,False,False,False,False,False,False,False,False,True,False,Les Élémens d'Euclide,Les Élémens d'Euclide,Euclide,,"Les Élémens d'Euclide | de géométrie ou de la mesure du corps | Les Élémens d'Euclide | les plus belles propositions d'Archimède touchant le cercle, la sphère, le cylindre et le cône | l'analise | les plus belles propositions d'Archimède touchant le cercle, la sphère, le cylindre et le cône | l'analise | les plus belles propositions d'Archimède | Euclide",
Paris_1697,1697,Paris,"FRENCH, LATIN",,,,True,True,True,False,euclid_no_primary_subject,False,False,False,False,False,False,False,True,False,False,les Elemens d’Euclide,les Elemens d’Euclide,Euclide,,REVEUE | CORRIGE'E | un homme de Guerre | tous ceux qui se veulent perfectionner dans cette Science | les Elemens d’Euclide | NOUVELLE EDITION REVEUE ET CORRIGE'E | Professeur des Mathematiques | les Elemens d’Euclide | Euclide,un homme de Guerre | tous ceux qui se veulent perfectionner dans cette Science | Professeur des Mathematiques
Paris_1739,1739,Paris,FRENCH,Practical Geometry | Trigonometry,Surveying | Theoretical Mathematics,,True,True,False,False,euclid_composite_workshop,False,True,True,False,False,False,False,False,True,True,Élemens d’Euclide,Élemens d’Euclide,Euclide,,CONTENANT | travaillé | enrichi de | à l’usage de ceux qui ne sont point versés dans l’Algebre | Élemens d’Euclide | non seulement ce qui est compris dans les Élemens d’Euclide | M. l’Abbé | Élemens d’Euclide | enrichi de quarante-sept Planches en Taille-douce | Euclide,à l’usage de ceux qui ne sont point versés dans l’Algebre | M. l’Abbé
Paris_1814,1814,Paris,"LATIN, FRENCH, GREEK",Theoretical Mathematics,,,True,True,False,False,euclid_humanist_transfer,False,False,False,False,True,False,False,False,True,False,Les Oevres  d'Euclide,Les Oevres  d'Euclide,Euclide,,approuvé | Les Oevres  d'Euclide | traducteur des oevres d'archimède | Les Oevres  d'Euclide | en Grec | en Latin | en Français | en Grec | en Latin | en Français | Euclide,l'institute de France | traducteur des oevres d'archimède | Roi
Pesaro_1572,1572,Pesaro,LATIN,Theoretical Mathematics,,,True,True,False,False,euclid_composite_workshop,False,True,True,False,True,False,False,False,True,False,EVCLIDIS ELEMENTORVM LIBRI XV,EVCLIDIS ELEMENTORVM LIBRI XV,EVCLIDIS,,conuersi | illustrati | EVCLIDIS ELEMENTORVM LIBRI XV | Vnà cum Scholijs antiquis | À FEDERICO COMMANDINO VRBINATE NVPER IN LATINVM conuersi | VRBINATE NVPER | EVCLIDIS ELEMENTORVM LIBRI XV | commentarijsque quibusdam illustrati | LATINVM | EVCLIDIS,VRBINATE NVPER
Pesaro_1619,1619,Pesaro,LATIN,Theoretical Mathematics,,,True,True,False,False,euclid_composite_workshop,False,True,True,False,True,False,False,False,True,False,EVCLIDIS ELEMENTORVM LIBRI XV,EVCLIDIS ELEMENTORVM LIBRI XV,EVCLIDIS,,conuersi | vendicati | DICATI | EVCLIDIS ELEMENTORVM LIBRI XV | VNA CVM SCHO-LIIS ANTIQVIS A FEDERICO COMMANDINO Vrbinate in latinum conuersi | Ac nuper a multis mendis quibus antea scatebat vendicati | Vrbinate | EVCLIDIS ELEMENTORVM LIBRI XV | VNA CVM SCHO-LIIS ANTIQVIS A FEDERICO COMMANDINO Vrbinate in latinum conuersi | latinum | EVCLIDIS,Vrbinate | CAROLO MEDICEO S.R.E. CARD
Q4F538,1571,Nuremberg,GERMAN,Perspective | Practical Geometry,Architecture,,False,False,False,False,not_euclid_elements,False,False,False,False,False,False,False,False,False,False,PERSPECTIVA,,,,beschrieben | eröffnet | gegeben wird | gebracht werden mag | verzückt | vnuerrückt | allen liebhabern guter künsten | PERSPECTIVA | Hierinnen auffs kürtzte beschrieben / mit exempeln eröffnet vnd an tag gegeben wird / ein newer besonder kurtzer / doch gerechter vnnd sehr leichter weg / wie allerley ding / es seyen Corpora / Gebew / oder was möglich zuerdencken vnd in grund zulegen ist / verzückt oder vnuerrückt / ferner in die Perspectyf gebracht werden mag / on eini- ge vergebliche linie / riß vñ puncten / 2c. dergleichen weg bißhero noch nit bekant gewese | mit exempeln,allen liebhabern guter künsten
QR4DDA,1644,Paris,FRENCH,Theoretical Mathematics,,Architecture | Perspective | Practical Geometry,False,False,False,False,not_euclid_elements,False,False,False,False,False,False,False,False,False,False,EXAMEN,,,,EXAMEN | DES OEVVRES | DV SR DESARGVES,DV SR DESARGVES
QWCWLH,1545,Paris,"FRENCH, ITALIAN",Architecture,,,False,False,False,False,not_euclid_elements,False,False,False,False,False,False,False,False,False,False,IL PRIMO libro d’Architet- tura,,,,mis en langue Françoyse | IL PRIMO libro d’Architet- tura | Secretaire de monseigneur le Reuerendissime CAR- DINAL DE LENONCOVRT | Françoyse,Secretaire de monseigneur le Reuerendissime CAR- DINAL DE LENONCOVRT
QX7XH4,1756,Glasgow,ENGLISH,,,,True,True,True,False,euclid_procedural_pedagogical,False,True,False,False,False,False,False,True,False,False,THE ELEMENTS OF EUCLID,"THE ELEMENTS OF EUCLID, VIZ. THE FIRST SIX BOOKS, TOGETHER WITH THE ELEVENTH AND TWELFTH",EUCLID | EUCLID's,,"Corrected | Restored | THE ELEMENTS OF EUCLID | THE FIRST SIX BOOKS, TOGETHER WITH THE ELEVENTH AND TWELFTH | In this Edition | M.D | Professor of Mathematics in the University of Glasgow | THEON | THE ELEMENTS OF EUCLID, VIZ. THE FIRST SIX BOOKS, TOGETHER WITH THE ELEVENTH AND TWELFTH | EUCLID | EUCLID's",University of Glasgow | M.D | Professor of Mathematics in the University of Glasgow | THEON
RH6KEE,1618,Leiden,FRENCH,Military Engineering,Construction,,False,False,False,False,not_euclid_elements,False,False,False,False,False,False,False,False,False,False,,,,,Descrite | de Bruges,"de Bruges | TRESILLUSTRE. TRES- EXCELLENT PRINCE ET Seigneur MAURICE | DE TRESILLUSTRE. TRES- EXCELLENT PRINCE ET Seigneur MAURICE, par la grace Dieu PRINCE d'Orange, C & c & de Nassau, Catzenellenbogen, Vianden, Dietz, Moors, Bure, Leerdam, Marquis de la Vere, & de Vlissingen, Seigneur & Baron de Breda, &c la Ville de Grave, & du Pays de Cuyck, Dietz, Grinberghen, Arslay, Crainhem, Eindhoven, Lekkerkerk, Niervaert, Turnhout, Propriétaire & Capitaine General de Guelders, Hollande, Zelande, Westfrise, Embden, Utrecht, & Overyffel, &c. Admiral General, &c"
RSEIPO,1731,Florence,ITALIAN,Theoretical Mathematics,,,True,True,True,False,euclid_procedural_pedagogical,False,True,False,False,False,False,False,False,True,False,"ELEMENTI GEOMETRICI PIANI, E SOLIDI DI EUCLIDE","ELEMENTI GEOMETRICI PIANI, E SOLIDI DI EUCLIDE",EUCLIDE,,"POSTI BREVEMENTE IN VOLGARE | ILLUSTRATI CON VARIE ANNOTAZIONI | STUDIOSA GIOVENTÙ DELLA SUA SCUOLA | ELEMENTI GEOMETRICI PIANI, E SOLIDI DI EUCLIDE | REVERENDISS. PADRE ABATE | CAMALDOLESE | PROFESSORE DI MATTEMATICA | NELL' UNIVERSITA' DI PISA | CARLO ANDREINI | ELEMENTI GEOMETRICI PIANI, E SOLIDI DI EUCLIDE | ILLUSTRATI CON VARIE ANNOTAZIONI | IN VOLGARE | EUCLIDE",STUDIOSA GIOVENTÙ DELLA SUA SCUOLA | UNIVERSITA' DI PISA | SEMINARIO FIORENTINO | REVERENDISS. PADRE ABATE | CAMALDOLESE | PROFESSORE DI MATTEMATICA | NELL' UNIVERSITA' DI PISA | CARLO ANDREINI
Rome_1545,1545,Rome,"GREEK, LATIN",Theoretical Mathematics,,,True,True,False,False,euclid_geometry_theory_primary,False,False,False,False,False,False,False,False,True,False,ΕΥ’ΚΛΕΙΔΟΥ ΣΤΟΙΧΕΙΩΝ ΒΙΒΛΙΑ ιε | EVCLIDIS ELEMENTORVM LIBRI XV,ΕΥ’ΚΛΕΙΔΟΥ ΣΤΟΙΧΕΙΩΝ ΒΙΒΛΙΑ ιε | EVCLIDIS ELEMENTORVM LIBRI XV,ΕΥ’ΚΛΕΙΔΟΥ | EVCLIDIS,,ΕΥ’ΚΛΕΙΔΟΥ ΣΤΟΙΧΕΙΩΝ ΒΙΒΛΙΑ ιε | EVCLIDIS ELEMENTORVM LIBRI XV | ΕΥ’ΚΛΕΙΔΟΥ ΣΤΟΙΧΕΙΩΝ ΒΙΒΛΙΑ ιε | EVCLIDIS ELEMENTORVM LIBRI XV | ΕΥ’ΚΛΕΙΔΟΥ | EVCLIDIS,
Rome_1545a,1545,Rome,LATIN,Theoretical Mathematics,,,True,True,True,False,euclid_humanist_transfer,False,False,False,False,True,False,False,False,True,False,I QVINDICI LIBRI DEGLI ELEMENTI DI EVCLIDE,I QVINDICI LIBRI DEGLI ELEMENTI DI EVCLIDE,EVCLIDE,,TRADOTTI | I QVINDICI LIBRI DEGLI ELEMENTI DI EVCLIDE | I QVINDICI LIBRI DEGLI ELEMENTI DI EVCLIDE | GRECO | THOSCANA | EVCLIDE,
Rome_1589,1589,Rome,LATIN,Theoretical Mathematics,,,True,True,False,False,euclid_procedural_pedagogical,False,True,False,False,False,False,False,False,True,False,EVCLIDIS ELEMENTORVM LIBRI XV | EVCLIDIS POSTERIORES Libri sex a x. ad xv | EVCLIDIS ELEMENTORVM LIB. XV | EVCLIDIS POSTERIORES LIB. IX,EVCLIDIS ELEMENTORVM LIBRI XV | EVCLIDIS POSTERIORES Libri sex a x. ad xv | EVCLIDIS ELEMENTORVM LIB. XV | EVCLIDIS POSTERIORES LIB. IX,EVCLIDIS,,"ACCES- SIT | AC-CESSIT | illustrati | editi | locupletati | illustrati | EVCLIDIS ELEMENTORVM LIBRI XV | EVCLIDIS POSTERIORES Libri sex a x. ad xv | EVCLIDIS ELEMENTORVM LIB. XV | EVCLIDIS POSTERIORES LIB. IX | OMNES PERSPICVIS DEmonstrationibus, accuratisque scholijs illustrati | nunc iterum editi, ac multarum rerum accessione locupletati | SOCI-ETATIS IESV | AVCTORE | È SOCIETATE IESV | EVCLIDIS ELEMENTORVM LIBRI XV | EVCLIDIS POSTERIORES Libri sex a x. ad xv | EVCLIDIS ELEMENTORVM LIB. XV | EVCLIDIS POSTERIORES LIB. IX | scholijs illustrati | multarum rerum accessione | scholijs illustrati | DE SOLIDORUM REGULARIUM comparatione | DE SOLIDORVM | DE SOLIDORUM REGULARIUM | DE SOLIDORVM | EVCLIDIS",SOCI-ETATIS IESV | SOCIETATE IESV | SOCI-ETATIS IESV | AVCTORE | È SOCIETATE IESV
Rome_1591,1591,Rome,LATIN,Astronomy,,,True,True,False,False,euclid_humanist_transfer,False,True,False,False,True,False,False,False,False,False,EVCLIDIS PHAENOMENA,EVCLIDIS PHAENOMENA,EVCLIDIS,,conuersa | illustrata | ad-ditæ sunt | EVCLIDIS PHAENOMENA | Scholijs antiquis: & figuris optimis illustrata: & de Græca lingua in Latinam conuersa | Post Zamberti: & Maurolyci edi-tionem | EVCLIDIS PHAENOMENA | Scholijs antiquis | figuris optimis | de Græca lingua in Latinam conuersa | Maurolyci breues aliquot annotationes | de Græca lingua | in Latinam | EVCLIDIS,VATICANA. BIBLIOTHECA | BIBLIOTHE-CARIVM | ANTONIVM. COLVMNAM. S.R.E. CARD. EPISCOPVM. PRAENESTINVM
Rome_1593,1593,Rome,LATIN,Theoretical Mathematics,,Music Theory,False,False,False,False,not_euclid_elements,False,False,False,False,False,False,False,False,False,False,,,,,,SOCIETATIS IESV BIBLIO-THECA
Rome_1594,1594,Rome,"ARABIC, LATIN",,,,True,True,False,False,euclid_sparse_canonical,True,False,False,False,False,False,False,True,False,False,EVCLIDIS ELEMENTORVM GEOMETRICORVM Libri Tre-decim,EVCLIDIS ELEMENTORVM GEOMETRICORVM,إقليدس | EVCLIDIS,,تحرير | impressi | EVCLIDIS ELEMENTORVM GEOMETRICORVM Libri Tre-decim | Nunc primum Arabicè impressi | DOCTISSIMI NASIRIDINI TVSINI | EVCLIDIS ELEMENTORVM GEOMETRICORVM | Arabicè | إقليدس | EVCLIDIS,DOCTISSIMI NASIRIDINI TVSINI
Rome_1603,1603,Rome,LATIN,Theoretical Mathematics,,,True,True,False,False,euclid_composite_workshop,False,True,True,False,False,False,False,False,True,False,EVCLIDIS ELEMENTORVM LIBRI XV | EVCLIDIS POSTERIORES LIBRI IX,EVCLIDIS ELEMENTORVM LIBRI XV | EVCLIDIS POSTERIORES LIBRI IX,,,"Accessit | editi | locupletati | illustrati | EVCLIDIS ELEMENTORVM LIBRI XV | EVCLIDIS POSTERIORES LIBRI IX | nunc quarto editi, ac multarum rerum accessione post primam editionem locupletati | e Societate IESV | EVCLIDIS ELEMENTORVM LIBRI XV | EVCLIDIS POSTERIORES LIBRI IX | OMNES PERSPICVIS DEMONSTRATIONIBVS, accuratisque scholijs illustrati | LIBER XVI. De Solidorum Regularium cuiuslibet intra quodlibet comparatione | LIBER XVI. De Solidorum Regularium",Societate IESV | e Societate IESV
Rome_1609,1609,Rome,LATIN,Astronomy | Theoretical Mathematics,,,True,True,False,False,euclid_composite_workshop,False,True,True,False,True,False,False,False,True,False,EVCLIDIS PHAENOMENA,EVCLIDIS PHAENOMENA,EVCLIDIS,,"deprompta | illustrata | conuersa | addita sunt | EVCLIDIS PHAENOMENA | Post Zamberti, & Maurolyci edi-tionem | His addita sunt Maurolyci breues aliquot annotationes | NEAPOLITANO | Zamberti | Maurolyci | EVCLIDIS PHAENOMENA | Scholijs antiquis, & figuris optimis illustrata | Maurolyci breues aliquot annotationes | de Græca lingua | in Latinam | EVCLIDIS",NEAPOLITANO | SERENISSIMVM FRANCISCVM MARIAM VRBINI DVCEM VI | Zamberti | Maurolyci
Rome_1629,1629,Rome,LATIN,,,Theoretical Mathematics,True,True,False,False,euclid_procedural_pedagogical,False,True,False,False,False,False,False,True,False,False,EVCLIDIS Sex primi ELEMENTORVM GEOMETRICORVM,EVCLIDIS Sex primi ELEMENTORVM GEOMETRICORVM,EVCLIDIS,,contracti | EVCLIDIS Sex primi ELEMENTORVM GEOMETRICORVM | Ex maioribus CLAVII Commentariis in commodiorem formam contracti | RERVMQ. MATHEMATI-CARVM | CLAVII | EVCLIDIS Sex primi ELEMENTORVM GEOMETRICORVM | EVCLIDIS,Societate IESV | RERVMQ. MATHEMATI-CARVM | CLAVII
Rome_1655,1655,Rome,LATIN,,,,True,True,False,False,euclid_composite_workshop,False,True,True,False,False,False,False,True,False,False,EVCLIDIS SEX PRIMI ELEMENTORVM GEOMETRI- CORVM Libri cum parte Vndecimi,EVCLIDIS SEX PRIMI ELEMENTORVM GEOMETRI- CORVM,EVCLIDIS,,contracti | Accessere | EVCLIDIS SEX PRIMI ELEMENTORVM GEOMETRI- CORVM Libri cum parte Vndecimi | Ex maioribus CLAVII Com-mentarijs in commodiorem formam contracti | Ex maioribus CLAVII Com-mentarijs in commodiorem formam contracti | RERVMQVE MATHEMATICARVM | è Societate IESV OPVSCVLVM PRIMVM | CLAVII | ISAACI MONACHI | EVCLIDIS SEX PRIMI ELEMENTORVM GEOMETRI- CORVM | ISAACI MONACHI In sex eosdem Libros Scholia | Scholia | EVCLIDIS,Societate IESV OPVSCVLVM PRIMVM | RERVMQVE MATHEMATICARVM | è Societate IESV OPVSCVLVM PRIMVM | CLAVII | ISAACI MONACHI
Rome_1679,1679,Rome,LATIN,Theoretical Mathematics,,,True,True,True,False,euclid_composite_workshop,False,True,True,False,False,True,False,False,True,False,PRISCA GEOMETRIAE ELEMENTA | EVCLIDES RESTITUTUS Denuo PRISCAE GEOMETRIAE ELEMENTA,PRISCA GEOMETRIAE ELEMENTA | EVCLIDES RESTITUTUS Denuo PRISCAE GEOMETRIAE ELEMENTA,EVCLIDES,,"RESTITUTUS | RESTITUTUS | contexta | PRISCA GEOMETRIAE ELEMENTA | EVCLIDES RESTITUTUS Denuo PRISCAE GEOMETRIAE ELEMENTA | Breuiùs, & faciliùs contexta | In quibus praecipuè PROPORTIONVM THEORIAE nova, firmiorique Methodo promuntur | Brevius, & luculentiùs contexta | RESTITUTUS | Editio tertia | in Messanensi pridem, nunc verò in Pisana Academia Matheſeos Professore | PRISCA GEOMETRIAE ELEMENTA | EVCLIDES RESTITUTUS Denuo PRISCAE GEOMETRIAE ELEMENTA | Breuiùs, & faciliùs contexta | PROPORTIONVM THEORIAE nova, firmiorique Methodo | Apollonij Elementa conica | Archimedis opera breviore methodo demonstrata | Elementa conica | Archimedis opera | EVCLIDES","Pisana Academia | in Messanensi pridem, nunc verò in Pisana Academia Matheſeos Professore | IO. ALPHONSO BORELLIO"
Rome_1680,1680,Rome,ITALIAN,Theoretical Mathematics,,,True,True,True,False,euclid_method_access,False,True,False,False,False,True,False,False,True,False,GLI ANTICHI ELEMENTI GEOMETRICI,GLI ANTICHI ELEMENTI GEOMETRICI,EVCLIDE,,RESTITVTO | Ristaurati | facilitati | GLI ANTICHI ELEMENTI GEOMETRICI | Ne i quali principalmente si dimostra la composizione delle proporzioni secondo la definizione datane dal suo antico Autore | Lettore delle Matematiche nella Reale Accademia stabilita dal RE' CRISTIANISSIMO in Roma | GLI ANTICHI ELEMENTI GEOMETRICI | EVCLIDE,Reale Accademia | Lettore delle Matematiche nella Reale Accademia stabilita dal RE' CRISTIANISSIMO in Roma
Rome_1695,1695,Rome,LATIN,Theoretical Mathematics,Arithmetic,,True,True,True,False,euclid_composite_workshop,False,True,True,False,False,False,False,False,True,False,EVCLIDES RESTITUTUS SIVE PRISCA GEOMETRIÆ ELEMENTA,EVCLIDES RESTITUTUS SIVE PRISCA GEOMETRIÆ ELEMENTA,EVCLIDES,,"Addito | contexta | EVCLIDES RESTITUTUS SIVE PRISCA GEOMETRIÆ ELEMENTA | Breviùs, & faciliùs contexta | præcipuè proportionum Theoriæ proponuntur | Addito in hac quarta Impressione | NEAPOLITANO | EVCLIDES RESTITUTUS SIVE PRISCA GEOMETRIÆ ELEMENTA | Addito in hac quarta Impressione lib. VIII. Arithmeticorum | lib. VIII. Arithmeticorum | Arithmeticorum | EVCLIDES",NEAPOLITANO
Rotterdam_1632,1632,Rotterdam,DUTCH,Practical Geometry,,,True,True,True,False,euclid_composite_workshop,False,True,True,False,False,True,False,False,True,True,De ses eerste Boecken EVCLIDIS,De ses eerste Boecken EVCLIDIS,EVCLIDIS,,ghevoeght | Overgheset | verk-laert | uytgheleyt | oversien | verbetert | byghevoeghde | verklaert | vermeerdert | van alle leergierighe lief hebbers der selver vryer Konste | De ses eerste Boecken EVCLIDIS | Van de beginselen ende fondamenten der Geometrie | Van nieus oversien ende verbetert | der stadt Leyden Lant-meter ende Wijnroeyer | De ses eerste Boecken EVCLIDIS | eenighe nut-tigheden | Specien in Geometrische figueren | byghevoeghde nut-tigheden | EVCLIDIS,van alle leergierighe lief hebbers der selver vryer Konste | der stadt Leyden Lant-meter ende Wijnroeyer
Rotterdam_1647,1647,Rotterdam,DUTCH,,Practical Geometry,,True,True,True,False,euclid_composite_workshop,False,True,True,False,True,True,False,True,False,False,De ses eerste Boecken EUCLIDIS,De ses eerste Boecken EUCLIDIS,EUCLIDIS,,"bygevoeght | Overgeset | verklaert | uytgeleyt | oversien | verbetert | vermeerdert | breeder verklaert | bygevoeght | Overgeset | verklaert | uytgeleyt | oversien | verbetert | vermeerdert | alle leergierige liefhebbers der selver vrye Konste | De ses eerste Boecken EUCLIDIS | Van de beginselen ende fonda-menten der Geometrie | Waer bygevoeght zijn eenige nuttigheden | Van nieus oversien ende verbetert | der stadt Leyden Lant-meter ende Wijnroyer | De ses eerste Boecken EUCLIDIS | eenige nuttigheden, uyt de selve Boecken getrocken | de Specien in Geometrische figuren, als ’tmaken, veranderen, t’samenvoegen, aftrecken, ver-menigvuldigen ende deelen | de bygevoegde nuttigheden, met de specien in Geometrische figuren | eenige nuttigheden, uyt de selve Boecken getrocken | Specien in Geometrische figuren | bygevoegde nuttigheden, met de specien in Geometrische figuren | EUCLIDIS",alle leergierige liefhebbers der selver vrye Konste | der stadt Leyden Lant-meter ende Wijnroyer
Rotterdam_1661,1661,Rotterdam,DUTCH,Theoretical Mathematics,Practical Geometry,,True,True,True,False,euclid_composite_workshop,False,True,True,False,False,False,False,False,True,False,De ses eerste Boecken EUCLIDIS,De ses eerste Boecken EUCLIDIS,EUCLIDIS,,by-gevoeght | Over-geset | verklaert | uyt-geleydt | oversien | verbetert | vermeerdert | by-gevoeghde | alle leer-gierige Liefhebbers der selver vrye Konste | De ses eerste Boecken EUCLIDIS | Van de beginselen ende fonda-menten der Geometrie | Van nieuws oversien ende verbetert | Landt-meter ende Wijn-roeyer der Stadt LEYDEN | De ses eerste Boecken EUCLIDIS | eenige nuttigheden | Specien in Geometrische figuren | by-gevoeghde nuttigheden | EUCLIDIS,alle leer-gierige Liefhebbers der selver vrye Konste | Landt-meter ende Wijn-roeyer der Stadt LEYDEN
Rotterdam_1681,1681,Rotterdam,DUTCH,,Practical Geometry,,True,True,True,False,euclid_composite_workshop,False,True,True,False,False,False,False,True,False,False,De ses eerste Boecken EUCLIDIS,De ses eerste Boecken EUCLIDIS,EUCLIDIS,,"by-gevoeght | Over-geset | verklaert | uyt-geleydt | oversien | verbetert | vermeerdert | alle leer-gierige Liefhebbers der selver vrye Konste | De ses eerste Boecken EUCLIDIS | Van de beginselen ende fondamenten der Geometrie | Desen laetsten druck, van nieuws oversien ende verbetert | Landt-meter ende Wijn-roeyer der Stadt LEYDEN | De ses eerste Boecken EUCLIDIS | eenige nut-tigheden | Specien in Geometrische figuren | by-gevoegde nuttigheden | EUCLIDIS",alle leer-gierige Liefhebbers der selver vrye Konste | Landt-meter ende Wijn-roeyer der Stadt LEYDEN
Rouen_1649,1649,Rouen,FRENCH,,,,True,True,True,False,euclid_humanist_transfer,False,True,False,False,True,False,False,True,False,False,LES QVINZE LIVRES DES ELEMENTS D’EVCLIDE,LES QVINZE LIVRES DES ELEMENTS D’EVCLIDE,EVCLIDE,,"Traduicts | Reueuë | corrigée | augmentée | LES QVINZE LIVRES DES ELEMENTS D’EVCLIDE | CINQVIESME EDITION | Reueuë, corrigée, & de beaucoup augmentée | Mathematicien | LES QVINZE LIVRES DES ELEMENTS D’EVCLIDE | Latin | François | EVCLIDE",Mathematicien
Rouen_1676,1676,Rouen,FRENCH,Theoretical Mathematics,,,True,True,True,False,euclid_composite_workshop,False,True,True,False,True,False,False,False,True,False,LES QUINZE LIVRES DES ELEMENTS D’EUCLIDE,LES QUINZE LIVRES DES ELEMENTS D’EUCLIDE,D’EUCLIDE | Euclide,,Traduits | reveus & corrigez | traduit | LES QUINZE LIVRES DES ELEMENTS D’EUCLIDE | Traduits en François par D. HENRION | reveus & corrigez | aussi traduit en François par ledit Henrion | Professeur és Mathematiques | LES QUINZE LIVRES DES ELEMENTS D’EUCLIDE | avec des Commentaires beaucoup plus amples & faciles | des figures en plus grand nombre | le Livre des DONNEZ du même Euclide | DONNEZ | François | D’EUCLIDE | Euclide,Professeur és Mathematiques
Rouen_and_Paris_1677,1677,"Rouen, Paris",FRENCH,Theoretical Mathematics,,,True,True,True,False,euclid_composite_workshop,False,True,True,False,True,False,False,False,True,False,Les quinze livres des elemens geometriques d’Euclide,Les quinze livres des elemens geometriques d’Euclide,Euclide,,Traduits | commentez | Reveuë | augmentée | Les quinze livres des elemens geometriques d’Euclide | Derniere edition | Reveuë et augmentée de plusieurs figures | Mathematicien | Les quinze livres des elemens geometriques d’Euclide | plusieurs figures | du Livre des Donnez du même Auteur | Livre des Donnez | Euclide,Mathematicien
Rouen_and_Paris_1683,1683,"Rouen, Paris",FRENCH,,,Theoretical Mathematics,True,True,True,False,euclid_composite_workshop,False,True,True,False,True,False,False,True,False,False,LES QUINZE LIVRES DES ELEMENS GEOMETRIQUES D’EUCLIDE,LES QUINZE LIVRES DES ELEMENS GEOMETRIQUES D’EUCLIDE,D’EUCLIDE,,Traduits | commentez | Reveuë | augmentée | LES QUINZE LIVRES DES ELEMENS GEOMETRIQUES D’EUCLIDE | DERNIERE EDITION | Mathematicien | LES QUINZE LIVRES DES ELEMENS GEOMETRIQUES D’EUCLIDE | plusieurs figures | du Livre des DONNEZ du même Auteur | Livre des DONNEZ | D’EUCLIDE,Mathematicien
Rouen_and_Paris_1685,1685,"Rouen, Paris",FRENCH,Theoretical Mathematics,,,True,True,True,False,euclid_composite_workshop,False,True,True,False,False,False,False,False,True,False,LES QUINZE LIVRES DES ELEMENTS GEOMETRIQUES D’EUCLIDE | LES QUINZE LIVRES DES ELEMENS GEOMETRIQUES D’EUCLIDE,LES QUINZE LIVRES DES ELEMENTS GEOMETRIQUES D’EUCLIDE | LES QUINZE LIVRES DES ELEMENS GEOMETRIQUES D’EUCLIDE,EUCLIDE,,LES QUINZE LIVRES DES ELEMENTS GEOMETRIQUES D’EUCLIDE | LES QUINZE LIVRES DES ELEMENS GEOMETRIQUES D’EUCLIDE | le Sieur | LES QUINZE LIVRES DES ELEMENTS GEOMETRIQUES D’EUCLIDE | LES QUINZE LIVRES DES ELEMENS GEOMETRIQUES D’EUCLIDE | Avec des Commentaires beaucoup plus amples & beaucoup plus faciles que dans les editions precedentes | son Livre des DONNEZ | un Traité sommaire de l’Algebre | Livre des DONNEZ | Traité sommaire de l’Algebre | EUCLIDE,le Sieur
S105XB,1564,Frankfurt,GERMAN,Instrument Use | Perspective | Practical Geometry,,,False,False,False,False,not_euclid_elements,False,False,False,False,False,False,False,False,False,False,Des Cirtkels vnnd Richtscheyts,,,,gegeben | aller anfahenden Jugent | andern liebhabern dieser Kunst | Goldschmiden | Malern | Bildhauwern | Steinmetzen | Schrei- nern | Des Cirtkels vnnd Richtscheyts | auch der Perspe- ctiua / vnd Proportion der Menschen vnd Rosse / kurtze / doch gründt- liche vnderweisung / deß rechten gebrauchs. Mit vil schönen Figuren | Goldschmid vnd Maler | zu Franckfurt am Mayn | Mit vil schönen Figuren,aller anfahenden Jugent | andern liebhabern dieser Kunst | Goldschmiden | Malern | Bildhauwern | Steinmetzen | Schrei- nern | Goldschmid vnd Maler | zu Franckfurt am Mayn
Seville_1576,1576,Seville,SPANISH,Theoretical Mathematics,,,True,True,False,False,euclid_geometry_theory_primary,False,False,False,False,False,False,False,False,True,False,LOS SEIS LIBROS PRIMEROS DELA GEOMETRIA DE EVCLIDES,LOS SEIS LIBROS PRIMEROS DELA GEOMETRIA DE EVCLIDES,EVCLIDES,,"Traduzidos | al jllustre señor Luciano de Negron, Canonigo dela sancta yglesia de Seuilla | LOS SEIS LIBROS PRIMEROS DELA GEOMETRIA DE EVCLIDES | Astrologo y Mathematico, y Cathedratico de Cosmographia por su Magestad en la casa de la Contratacion de Seuilla | LOS SEIS LIBROS PRIMEROS DELA GEOMETRIA DE EVCLIDES | Española | EVCLIDES","al jllustre señor Luciano de Negron, Canonigo dela sancta yglesia de Seuilla | casa de la Contratacion de Seuilla | sancta yglesia de Seuilla | Astrologo y Mathematico, y Cathedratico de Cosmographia por su Magestad en la casa de la Contratacion de Seuilla | jllustre señor Luciano de Negron, Canonigo dela sancta yglesia de Seuilla"
Siena_1691,1691,Siena,LATIN,,,,True,True,True,False,euclid_no_primary_subject,False,False,False,False,False,False,False,True,False,False,ELEMENTA EVCLIDIS,ELEMENTA EVCLIDIS,EVCLIDIS,,succinctè demonstrata | Ad usum NOVÆ ACADEMIÆ NO- BILIVM SENENSIVM | ELEMENTA EVCLIDIS | Carmelitam Consentinum | ELEMENTA EVCLIDIS | EVCLIDIS,Ad usum NOVÆ ACADEMIÆ NO- BILIVM SENENSIVM | NOVÆ ACADEMIÆ NOBILIVM SENENSIVM | Carmelitam Consentinum | PRINCIPEM IOANNEM GASTONEM
Strasbourg_1529,1529,Strasbourg,LATIN,,,Practical Geometry,True,True,True,False,euclid_no_primary_subject,False,False,False,False,False,False,False,True,False,False,"ELEMEN- TALE GEOMETRICVM, EX EVCLI- dis Geometria","ELEMEN- TALE GEOMETRICVM, EX EVCLI- dis Geometria",EVCLI,,"decerptum | omnium Mathematicæ studiosorum | Lectori | ELEMEN- TALE GEOMETRICVM, EX EVCLI- dis Geometria | Geometria | decerptum | Haylpronensi | ELEMEN- TALE GEOMETRICVM, EX EVCLI- dis Geometria | EVCLI",omnium Mathematicæ studiosorum | Lectori | Haylpronensi
Strasbourg_1538,1538,Strasbourg,"GREEK, LATIN",,,,True,True,False,False,euclid_no_primary_subject,False,False,False,False,False,False,False,True,False,False,ΕΥΚΛΕΙΔΟΥ ΤΩΝ ΠΕΝΤΕ ΚΑΙ ΔΕΚΑ ΣΤΟΙΧΕΙΩΝ,ΕΥΚΛΕΙΔΟΥ ΤΩΝ ΠΕΝΤΕ ΚΑΙ ΔΕΚΑ ΣΤΟΙΧΕΙΩΝ,ΕΥΚΛΕΙΔΟΥ,,ΕΥΚΛΕΙΔΟΥ ΤΩΝ ΠΕΝΤΕ ΚΑΙ ΔΕΚΑ ΣΤΟΙΧΕΙΩΝ | Θέωνος | ΕΥΚΛΕΙΔΟΥ ΤΩΝ ΠΕΝΤΕ ΚΑΙ ΔΕΚΑ ΣΤΟΙΧΕΙΩΝ | ΕΥΚΛΕΙΔΟΥ,Θέωνος
Strasbourg_1557,1557,Strasbourg,"GREEK, LATIN",Theoretical Mathematics,,,True,True,True,False,euclid_humanist_transfer,False,False,False,False,True,False,False,False,True,False,EVCLIDIS CATOPTRICA,EVCLIDIS CATOPTRICA,ΕΥΚΛΕΙΔΟΥ | EVCLIDIS,,"noua translatione | translata | ædita | EVCLIDIS CATOPTRICA | ID EST ELEMENTA eius scientiæ, qua uniuersa speculorum uis atque natura explicatur | primum Græce, antehac nunquam in lucem ædita | noua translatione | EVCLIDIS CATOPTRICA | Græce | in Latinam linguam | ΕΥΚΛΕΙΔΟΥ | EVCLIDIS",
Strasbourg_1559,1559,Strasbourg,"GREEK, LATIN",,,,True,True,False,False,euclid_no_primary_subject,False,False,False,False,False,False,False,True,False,False,ΕΥΚΛΕΙΔΟΥ ΤΩΝ ΠΕΝΤΕ ΚΑΙ ΔΕΚΑ ΣΤΟΙΧΕΙΩΝ,ΕΥΚΛΕΙΔΟΥ ΤΩΝ ΠΕΝΤΕ ΚΑΙ ΔΕΚΑ ΣΤΟΙΧΕΙΩΝ,ΕΥΚΛΕΙΔΟΥ,,συνουσιῶν | ΕΥΚΛΕΙΔΟΥ ΤΩΝ ΠΕΝΤΕ ΚΑΙ ΔΕΚΑ ΣΤΟΙΧΕΙΩΝ | τὸ πρῶτον | Θέωνος | ΕΥΚΛΕΙΔΟΥ ΤΩΝ ΠΕΝΤΕ ΚΑΙ ΔΕΚΑ ΣΤΟΙΧΕΙΩΝ | ΕΥΚΛΕΙΔΟΥ,Θέωνος
Strasbourg_1564,1564,Strasbourg,"GREEK, LATIN",Theoretical Mathematics,,,True,True,True,False,euclid_composite_workshop,False,True,True,False,True,False,False,False,True,False,ΕΥΚΛΕΙΔΟΥ ΤΩΝ ΠΕΝΤΕ ΚΑΙ ΔΕΚΑ ΣΤΟΙΧΕΙΩΝ | EVCLIDIS QVIN-DEcim Elementorum Geometriæ primum,ΕΥΚΛΕΙΔΟΥ ΤΩΝ ΠΕΝΤΕ ΚΑΙ ΔΕΚΑ ΣΤΟΙΧΕΙΩΝ | EVCLIDIS QVIN-DEcim Elementorum Geometriæ primum,ΕΥΚΛΕΙΔΟΥ | EVCLIDIS,,accesserunt | explicantur | ΕΥΚΛΕΙΔΟΥ ΤΩΝ ΠΕΝΤΕ ΚΑΙ ΔΕΚΑ ΣΤΟΙΧΕΙΩΝ | EVCLIDIS QVIN-DEcim Elementorum Geometriæ primum | Scholæ Argentinensis professore | Theonis | ΕΥΚΛΕΙΔΟΥ ΤΩΝ ΠΕΝΤΕ ΚΑΙ ΔΕΚΑ ΣΤΟΙΧΕΙΩΝ | EVCLIDIS QVIN-DEcim Elementorum Geometriæ primum | Scholia | Græcè | Latinè | Græcè | Latinè | ΕΥΚΛΕΙΔΟΥ | EVCLIDIS,Scholæ Argentinensis | Scholæ Argentinensis professore | Theonis
Strasbourg_1564a,1564,Strasbourg,"GREEK, LATIN",Theoretical Mathematics,Arithmetic,,True,True,True,False,euclid_composite_workshop,False,True,True,False,True,False,False,False,True,False,ΤΩΝ ΠΕΝΤΕ ΚΑΙ ΔΕΚΑ ΣΤΟΙ- ΧΕΙΩΝ | EVCLIDIS QVINDECIM elementorum Geometriae,,ΕΥΚΛΕΙΔΟΥ | EVCLIDIS,,"ΤΩΝ ΠΕΝΤΕ ΚΑΙ ΔΕΚΑ ΣΤΟΙ- ΧΕΙΩΝ | EVCLIDIS QVINDECIM elementorum Geometriae | συνουσιῶν τὸ δεύτερον | scholae Argentinæ= sis Professorem | Theonis commentarijs | Barlaam monachi Arithmetica demonſtra- tio eorum, quae in secundo libro elementorum sunt in lineis & figuris planis demonstrata | Octo propositiones Stereometricae, eiusdem cum præ- cedentibus argumenti | Arithmetica | Octo propositiones Stereometricae | Graecè | Latinè | ΕΥΚΛΕΙΔΟΥ | EVCLIDIS",scholae Argentinæ= sis | scholae Argentinæ= sis Professorem | Theonis commentarijs
Strasbourg_1564b,1564,Strasbourg,LATIN,,,,True,True,False,False,euclid_humanist_transfer,False,True,False,False,True,False,False,True,False,False,PROPOSITIOnes reliquorum Librorum Geometriæ Euclidis,,Euclidis,,"in vsum eorum, qui volumine Euclidis carent | PROPOSITIOnes reliquorum Librorum Geometriæ Euclidis | Græcè, & Latinè | scholæ Argentinensis professorem | Græcè | Latinè | Euclidis","in vsum eorum, qui volumine Euclidis carent | scholæ Argentinensis | scholæ Argentinensis professorem"
Strasbourg_1566,1566,Strasbourg,"GREEK, LATIN",,Theoretical Mathematics,,True,True,False,False,euclid_composite_workshop,False,False,True,False,False,False,False,True,False,False,sex librorum Euclidis,sex librorum Euclidis,Euclidis,,"FACTAE | PRO SCHOLA ARGENTINENSI | sex librorum Euclidis | ANALYSEIS GEOmetricæ | PRIMI ET QVINTI FACTAE À CHRISTIANO HERLINO | sex librorum Euclidis | CVM COMmentariis, & Scholiis perbreuibus in eosdem sex libros Geometricos | CVM Indice Πορισ[lάτων καl λη[l[lάτων | Euclidis",PRO SCHOLA ARGENTINENSI | SCHOLA ARGENTINENSI
Strasbourg_1570,1570,Strasbourg,"GREEK, LATIN",Theoretical Mathematics,,,True,True,True,False,euclid_humanist_transfer,False,False,False,False,True,False,False,False,True,False,ΕΥΚΛΕΙΔΟΥ ΣΤΟΙΧΕΙΩΝ ΤΟ ΠΡΩΤΟΝ | EVCLIDIS ELEMENTorum Liber primus,ΕΥΚΛΕΙΔΟΥ ΣΤΟΙΧΕΙΩΝ ΤΟ ΠΡΩΤΟΝ | EVCLIDIS ELEMENTorum Liber primus,ΕΥΚΛΕΙΔΟΥ | EVCLIDIS,,edita | ΕΥΚΛΕΙΔΟΥ ΣΤΟΙΧΕΙΩΝ ΤΟ ΠΡΩΤΟΝ | EVCLIDIS ELEMENTorum Liber primus | antehac nunquam edita | ΗΡΩΝΟΣ ΑΛΕΞΑΝΔΡΕΩΣ | HERONIS ALEXANDRIni | ΕΥΚΛΕΙΔΟΥ ΣΤΟΙΧΕΙΩΝ ΤΟ ΠΡΩΤΟΝ | EVCLIDIS ELEMENTorum Liber primus | ΗΡΩΝΟΣ ΑΛΕΞΑΝΔΡΕΩΣ ὀνόματα γεωμετρικά | HERONIS ALEXANDRIni vocabula geometrica | ΗΡΩΝΟΣ ΑΛΕΞΑΝΔΡΕΩΣ | HERONIS ALEXANDRIni | græcè | latinè | ΕΥΚΛΕΙΔΟΥ | EVCLIDIS,Academiæ Argentinensis | ΗΡΩΝΟΣ ΑΛΕΞΑΝΔΡΕΩΣ | HERONIS ALEXANDRIni
Strasbourg_1570a,1570,Strasbourg,"GREEK, LATIN",Astronomy | Music Theory | Perspective,,,True,True,True,False,euclid_elements_other,False,False,False,False,False,False,False,False,False,False,ΕΥΚΛΕΙΔΟΥ ΠΡΟΤΑΣΕΙΣ Στοιχείων | EVCLIDIS Propositiones. Elementorum,ΠΡΟΤΑΣΕΙΣ Στοιχείων | Propositiones. Elementorum,ΕΥΚΛΕΙΔΟΥ | EVCLIDIS,,ΕΥΚΛΕΙΔΟΥ ΠΡΟΤΑΣΕΙΣ Στοιχείων | EVCLIDIS Propositiones. Elementorum | ΠΡΟΤΑΣΕΙΣ Στοιχείων | Propositiones. Elementorum | Opticorum | Catoptricorum | Harmonicorum | Apparentiarum | Opticorum | Catoptricorum | Harmonicorum | Apparentiarum | ΕΥΚΛΕΙΔΟΥ | EVCLIDIS,
Strasbourg_1571,1571,Strasbourg,LATIN,Theoretical Mathematics,,,True,True,False,False,euclid_humanist_transfer,False,False,False,False,True,False,False,False,True,False,EVCLIDIS ELEMENTORVM Liber primus,EVCLIDIS ELEMENTORVM Liber primus,EVCLIDIS,,edita | EVCLIDIS ELEMENTORVM Liber primus | M | EVCLIDIS ELEMENTORVM Liber primus | HERONIS ALEXANDRINI vocabula quædam geometrica | HERONIS ALEXANDRINI | græcè | latinè | EVCLIDIS,M
Strasbourg_1571a,1571,Strasbourg,LATIN,Theoretical Mathematics,Astronomy | Music Theory,,True,True,False,False,euclid_humanist_transfer,False,True,False,False,True,False,False,False,True,False,EVCLIDIS OMNES OMNIVM LIBRORVM PROPOSITIOnes,EVCLIDIS OMNES OMNIVM LIBRORVM PROPOSITIOnes,EVCLIDIS,,editæ | EVCLIDIS OMNES OMNIVM LIBRORVM PROPOSITIOnes | editæ per M. Cunradum Dasypodium | EVCLIDIS OMNES OMNIVM LIBRORVM PROPOSITIOnes | græcè | latinè | EVCLIDIS,
Strasbourg_1572,1572,Strasbourg,LATIN,Astronomy | Theoretical Mathematics,,,False,False,False,False,not_euclid_elements,False,False,False,False,False,False,False,False,False,False,SPHAERICAE DOCTRINÆ PROPOSITIONES GRÆCÆ ET LATInæ,,,,editæ | SPHAERICAE DOCTRINÆ PROPOSITIONES GRÆCÆ ET LATInæ | nunc primùm | GRÆCÆ | LATInæ,
Strasbourg_1599,1599,Strasbourg,LATIN,Theoretical Mathematics,,,True,True,False,False,euclid_geometry_theory_primary,False,False,False,False,False,False,False,False,True,False,ΕΥΚΛΕΙΔΟΥ ΣΤΟΙΧΕΙΩΝ ΠΡΩΤΟΝ | EVCLIDIS ELE- MENTVM primum,EVCLIDIS ELE- MENTVM primum,ΕΥΚΛΕΙΔΟΥ | EVCLIDIS,,ΕΥΚΛΕΙΔΟΥ ΣΤΟΙΧΕΙΩΝ ΠΡΩΤΟΝ | EVCLIDIS ELE- MENTVM primum | EVCLIDIS ELE- MENTVM primum | ΕΥΚΛΕΙΔΟΥ | EVCLIDIS,ACADEMIA ARgentinensi | ACADEMIA ARgentinensi
Strasbourg_1625,1625,Strasbourg,LATIN,Arithmetic | Astronomy | Geography,,,True,False,True,True,elements_language_no_euclid,False,True,True,False,False,False,True,False,False,False,Elementa,ELEMENTALE MATHEMATICUM,,,"collecta | digesta | aucta | explicata | declarata | illustrata | Elementa | Nunc verò plurimis additionibus aucta | ARGENTINENSIS, Phil. & Med. Doct | JOSEPHI LANGII CAESAREMONTANI | ELEMENTALE MATHEMATICUM | plurimis additionibus aucta | notis explicata | exemplis declarata | figuris illustrata | ARITHMETICAE VULGARIS | LOGISTICAE ASTRONOMICAE | GEOMETRIAE | ASTRONOMIAE SPHARICAE | THEORICAE PLANETARUM | GEOGRAPHIAE | ARITHMETICAE VULGARIS | LOGISTICAE ASTRONOMICAE | GEOMETRIAE | ASTRONOMIAE SPHARICAE | THEORICAE PLANETARUM | GEOGRAPHIAE","ARGENTINENSIS, Phil. & Med. Doct | JOSEPHI LANGII CAESAREMONTANI"
T4DFPF,1558,Basel,LATIN,Theoretical Mathematics,Astronomy,,True,True,True,False,euclid_humanist_transfer,False,True,False,False,True,False,False,False,True,False,Elementorum geometricorum libri XV,Elementorum geometricorum libri XV,Euclidis,megarensis mathematici clarissimi,donata | Elementorum geometricorum libri XV | Veneto | Theonis | Campani | Hypsiclis Alexandrini | Marini | Leui | Elementorum geometricorum libri XV | expositione Theonis | Phaenomena Catoptrica | Optica | Protheoria Marini | Data | Opusculum de Leui & Ponderoso | Theonis | Phaenomena Catoptrica | Optica | Protheoria Marini | Data | Opusculum de Leui & Ponderoso | megarensis mathematici clarissimi | latinitate | Euclidis,Veneto | Theonis | Campani | Hypsiclis Alexandrini | Marini | Leui
TDJC06,1612,Mainz,LATIN,,,,False,False,False,False,not_euclid_elements,False,False,False,False,False,False,False,False,False,False,,,,,,
TJONV6,1585,Paris,FRENCH,Arithmetic,,,False,False,False,False,not_euclid_elements,False,False,False,False,False,False,False,False,False,False,L'ARITHMETIQVE DE GEMME PHRISON,,,,Traduite en François | illustree de Commentaires | contenans plu- sieurs inuentions nouuelles dudit FORCADEL | Augmentee en ceste derniere Edition | L'ARITHMETIQVE DE GEMME PHRISON | Augmentee en ceste derniere Edition | Professeur és Mathematiques | Commentaires | plusieurs inuentions nouuelles dudit FORCADEL | Commentaires sur les reigles des Fractions | en François,Professeur és Mathematiques
TMVVZN,1584,Milan,ITALIAN,,,Practical Geometry,False,False,False,False,not_euclid_elements,False,False,False,False,False,False,False,False,False,False,TRATTATO DELL'ARTE DE LA PITTVRA,,,,"Diuiso | TRATTATO DELL'ARTE DE LA PITTVRA | tutta la Theorica, & la prattica d'essa pittura | MILANESE PITTORE",MILANESE PITTORE
TTORPR,1528,Vienna,LATIN,,,,True,True,True,False,euclid_sparse_canonical,True,False,False,False,False,False,False,True,False,False,"ELEMENTA- LE GEOMETRICVM, EX EV- clidis Geometria","ELEMENTA- LE GEOMETRICVM, EX EV- clidis Geometria",EV- clidis,,"decerp- tum | Continet | ad omnium Mathemati- ces candidatorum | ELEMENTA- LE GEOMETRICVM, EX EV- clidis Geometria | Haylpronnẽsi Colle- ga ciuilis collegij Viennẽsis | ELEMENTA- LE GEOMETRICVM, EX EV- clidis Geometria | EV- clidis",ad omnium Mathemati- ces candidatorum | collegij Viennẽsis | Haylpronnẽsi Colle- ga ciuilis collegij Viennẽsis
The_Hague_1690,1690,The Hague,FRENCH,,,,False,False,False,False,not_euclid_elements,False,False,False,False,False,False,False,False,False,False,,,,,Suivant | Suivant la Copie de Paris,
The_Hague_1758,1758,The Hague,FRENCH,Theoretical Mathematics,,,True,True,True,False,euclid_procedural_pedagogical,False,True,False,False,False,False,False,False,True,False,LES SIX PREMIERS LIVRES D’EUCLIDE,ELEMENS DE   GEOMETRIE,D’EUCLIDE,,Mis dans un Nouvel ordre | Revus | Jeunesse | LES SIX PREMIERS LIVRES D’EUCLIDE | Mis dans un Nouvel ordre | Revus | Le Professeur KOENIG | ELEMENS DE   GEOMETRIE | D’EUCLIDE,Jeunesse | Le Professeur KOENIG
Tours_1593,1593,Tours,LATIN,Theoretical Mathematics,,,False,False,False,False,not_euclid_elements,False,False,False,False,False,False,False,False,False,False,,,,,Ad usum Mathematici Canonis Methodica,Ad usum Mathematici Canonis Methodica
Turin_1671,1671,Turin,LATIN,Theoretical Mathematics,,,True,True,False,False,euclid_procedural_pedagogical,False,True,False,False,False,False,False,False,True,False,EVCLIDES ADAVCTVS ET METHODICVS MATHEMATICAE UNIVERSALIS,EVCLIDES,EVCLIDES,,"ADAVCTVS | EVCLIDES ADAVCTVS ET METHODICVS MATHEMATICAE UNIVERSALIS | Quae ne dum propositionum dependentiam, sed & rerum ordinem observat. Et complectitur ea omnia, quae de quantitate tum discreta, tum continua abstracta speculari queunt. Rescissis superfluis demonstrationibus, & requisitis omnibus profusè coadunatis | ADAVCTVS ET METHODICVS | MVTINENSI C. R. THÉATINO | Philosofo, Theologo & eiusdem R. C. Mathematico | EVCLIDES | Singuli quoque Tractatus novis propositionibus aucti sunt | aliqui etiam ex integro adornati | Omnesque tum figuris, tum verbis clare, dulciloquèque propositi | EVCLIDES","MVTINENSI C. R. THÉATINO | Philosofo, Theologo & eiusdem R. C. Mathematico | CAROLO EMANVELI II. SABAVDIAE DVCI PEDEMONTIVM PRINCIPI REGI CYPRI, &c"
UEIZFO,1565,Paris,FRENCH,Arithmetic,,,False,False,False,False,not_euclid_elements,False,False,False,False,False,False,False,False,False,False,ARITHMETIQVE,,,,ABREGEE | ARITHMETIQVE | ENTIERE ET ABREGEE | LECTEVR DV ROY ES MATHEMATIQVES,LECTEVR DV ROY ES MATHEMATIQVES
UOH868,1567,Nuremberg,GERMAN,Perspective,,,False,False,False,False,not_euclid_elements,False,False,False,False,False,False,False,False,False,False,,,,,,
UQI2BV,1620,Strasbourg,LATIN,Theoretical Mathematics,,,True,False,True,True,elements_language_no_euclid,False,False,True,False,False,False,True,False,True,False,ELEMENTA GEOMETRICA,ELEMENTA GEOMETRICA,,,"collecta | elaboratis | ELEMENTA GEOMETRICA | IN VSVM GEOMETRIÆ | Studiosorum ex varijs Authoribus collecta | Philo-Geometram | ELEMENTA GEOMETRICA | Cum Figuris & Schematismis, in 32. tabulis æneis diligen- ter elaboratis, ob oculos positis",Philo-Geometram
UX662Y,1616,Augsburg,GERMAN,Perspective,Practical Geometry,,False,False,False,False,not_euclid_elements,False,False,False,False,False,False,False,False,False,False,,,,,Getruckt | B: P: Burgern zu Nürm- berg | Liebhabern | Bawmeistern | Malern | Bildhaw- ern | Stainmetzen | Schreinern | Zimmerleuthen | anderer dergleichen Künst | Vitruvij | Alberti | Düreri | Laurentij Sirigatti | Sambt einem Nutzlichen Extract dreyerley Sorten vnd Wege,B: P: Burgern zu Nürm- berg | Liebhabern | Bawmeistern | Malern | Bildhaw- ern | Stainmetzen | Schreinern | Zimmerleuthen | anderer dergleichen Künst | Ehrnvösten B: P: Burgern zu Nürm- berg | Vitruvij | Alberti | Düreri | Laurentij Sirigatti
Uppsala_1642,1642,Uppsala,LATIN,Theoretical Mathematics,,,True,True,False,False,euclid_procedural_pedagogical,False,True,False,False,False,False,False,False,True,False,IN GEOMETRIAM EUCLIDIS Demonstrationum LIBRI SEX,IN GEOMETRIAM EUCLIDIS Demonstrationum LIBRI SEX,EUCLIDIS,,"IN GEOMETRIAM EUCLIDIS Demonstrationum LIBRI SEX | In quibus GEOMETRIA planorum traditur, & brevibus NOTIS perspicuè explicatur | IN GEOMETRIAM EUCLIDIS Demonstrationum LIBRI SEX | EUCLIDIS",
Uppsala_1741,1741,Uppsala,LATIN,Theoretical Mathematics,,,True,True,True,False,euclid_sparse_canonical,True,False,False,False,False,False,False,False,True,False,EUCLIDIS ELEMENTORUM   LIBRI SEX PRIORES,EUCLIDIS ELEMENTORUM   LIBRI SEX PRIORES,EUCLIDIS,,EUCLIDIS ELEMENTORUM   LIBRI SEX PRIORES | EUCLIDIS ELEMENTORUM   LIBRI SEX PRIORES | EUCLIDIS,
Uppsala_1744,1744,Uppsala,SWEDISH,Theoretical Mathematics,,,True,True,True,False,euclid_sparse_canonical,True,False,False,False,False,False,False,False,True,False,EUCLIDIS ELEMENTA,EUCLIDIS ELEMENTA,EUCLIDIS,,Rikßens Ungdoms | EUCLIDIS ELEMENTA | GRUNDELIGA INLEDNING til GEOMETRIEN | Philosophiæ Adjunct wid Kongl. Academien i Upsåla och Ledamot af Kongl. Wetenskaps Academien i Stockholm | EUCLIDIS ELEMENTA | Swenßka Språ-  ket | EUCLIDIS,Rikßens Ungdoms | Kongl. Academien i Upsåla | Kongl. Wetenskaps Academien i Stockholm | Philosophiæ Adjunct wid Kongl. Academien i Upsåla och Ledamot af Kongl. Wetenskaps Academien i Stockholm
Urbino_1575,1575,Urbino,ITALIAN,Theoretical Mathematics,,,True,True,True,False,euclid_composite_workshop,False,True,True,False,True,False,False,False,True,False,DE GLI ELEMENTI D’EVCLIDE LIBRI QVINDICI,DE GLI ELEMENTI D’EVCLIDE LIBRI QVINDICI,EVCLIDE,,"Volgarizzati | reuisti | ristampati | illustrati | TRADOTTI | illustrati | TRASPORTATI | riueduti | DE GLI ELEMENTI D’EVCLIDE LIBRI QVINDICI | CON GLI SCHOLII ANTICHI | Volgarizzati già d’ordine del famosissimo Matematico FEDERIGO COMMANDINO DA VRBINO | con diligenza reuisti, e ristampati | famosissimo Matematico | M | DE GLI ELEMENTI D’EVCLIDE LIBRI QVINDICI | Commentarij illustrati | con Commentarij illustrati | ET HORA D’ORDINE DELL’ISTESSO TRASPORTATI NELLA NOSTRA VVLGAre | GLI SCHOLII ANTICHI | GLI SCHOLII ANTICHI | LATINA | EVCLIDE",famosissimo Matematico | M | SERENISSIMO DON FEDERIGO FELTRIO DELLA ROVERE PRENCIPE D’VRBINO
Utrecht_n.d,,Utrecht,DUTCH,Arithmetic | Theoretical Mathematics,,,True,True,False,False,euclid_sparse_canonical,True,False,False,False,False,False,False,False,True,False,EVCLIDES,EVCLIDES,EVCLIDES,,"over- geset | verciert | ghegheven | EVCLIDES | met schoo- ne verclaringen ende leringen van de outste naturalisten ende con- flige Schrijvers | Liefhebber der Mathematica | EVCLIDES | met schoo- ne verclaringen ende leringen | MITSGADERS. Het Fondament der Surdische, ende Binomische getallen, alles een- voudelijck tot dienst vanden leer- samen int licht ghegheven | MITSGADERS | Latijnsche | nederduyts | EVCLIDES",Liefhebber der Mathematica
V3JZK3,1538,Nuremberg,GERMAN,,,,False,False,False,False,not_euclid_elements,False,False,False,False,False,False,False,False,False,False,,,,,,
VQDBOK,1638,Paris,FRENCH,Mechanics | Theoretical Mathematics,,Practical Geometry,False,False,False,False,not_euclid_elements,False,False,False,False,False,False,False,False,False,False,,,,,,
VRHOHN,1626,Paris,FRENCH,Architecture,Construction | Instrument Use | Practical Geometry,,False,False,False,False,not_euclid_elements,False,False,False,False,False,False,False,False,False,False,Architecture,,,,"augmentée | tous Architectes, & Maistres | Architecture | OEUVRE ENTIERE CONTENANT ONZE LIVRES, augmentée de deux, & autres figures non encores veuës, tant pour desseins qu'ornemens de maisons | CONSEILLER ET AVMOSNIER ORDINAIRE DV ROY, ET ABBÉ DE sainct Serge lez Angers | augmentée de deux, & autres figures non encores veuës | AVEC VNE BELLE INVENTION POUR BIEN bastir, & à petits frais","tous Architectes, & Maistres | sainct Serge | CONSEILLER ET AVMOSNIER ORDINAIRE DV ROY, ET ABBÉ DE sainct Serge lez Angers | AV ROY"
VT5JVX,1645,Venice,ITALIAN,Perspective,,,False,False,False,False,not_euclid_elements,False,False,False,False,False,False,False,False,False,False,,,,,,SER.MO FERDINANDO MEDICI GRAN DVCA DI TOSCANA et Card
VWMZ7L,1557,Paris,LATIN,Arithmetic | Astronomy | Music Theory | Theoretical Mathematics,,Practical Geometry,False,False,False,False,not_euclid_elements,False,False,False,False,False,False,False,False,False,False,,,,,Santone interprete | Proclus de Sphæra | Proclus de Sphæra,Santone interprete
Valencia_1569,1569,Valencia,LATIN,Theoretical Mathematics,,,True,True,True,False,euclid_sparse_canonical,True,False,False,False,False,False,False,False,True,False,"ELEMENTA Arithmeticæ, ac GEOMETRIÆ","ELEMENTA Arithmeticæ, ac GEOMETRIÆ",Euclide,,"AD disciplinas omnes | ELEMENTA Arithmeticæ, ac GEOMETRIÆ | Aristoteleam praesertim Dialecticam, ac Philosophiam apprime necessaria | auctor | ELEMENTA Arithmeticæ, ac GEOMETRIÆ | Euclide",AD disciplinas omnes | auctor
Valencia_1673,1673,Valencia,LATIN,Theoretical Mathematics,,,True,True,False,False,euclid_procedural_pedagogical,False,True,False,False,False,False,False,False,True,False,EVCLIDES,EVCLIDES,EVCLIDES,,"ILLVSTRATVS | EVCLIDES | NOVO-ANTIQUVS SINGVLARI METHOD O, ILLVSTRATVS | SECVNDA EDITIO | R. P | E SOCIETATE IESV | EVCLIDES | ILLVSTRATVS | EVCLIDES",Suprema Hispaniarum Inquisitione | Collegijs Balearico | Barcinonensi | Valentino Scholasticæ Theologiæ | Matritensi Academiæ Imperialis | R. P | E SOCIETATE IESV | D. DIDACVM DE LA TORRE
Venice_1482,1482,Venice,LATIN,Theoretical Mathematics,,,True,True,True,False,euclid_sparse_canonical,True,False,False,False,False,False,False,False,True,False,Elementorum Euclidis megarensis,Elementorum Euclidis megarensis,Euclidis,Euclidis megarensis,Elementorum Euclidis megarensis | in artem geometrie incipit | Elementorum Euclidis megarensis | Euclidis megarensis | Euclidis,
Venice_1491,1491,Venice,LATIN,,,Practical Geometry,False,False,False,False,not_euclid_elements,False,False,False,False,False,False,False,False,False,False,,,,,,
Venice_1498,1498,Venice,LATIN,Theoretical Mathematics,,,True,True,True,False,euclid_sparse_canonical,True,False,False,False,False,False,False,False,True,False,Euclidis quartus decimus elementorum,Euclidis quartus decimus elementorum,Euclidis | euclidis,,Interprete | Euclidis quartus decimus elementorum | Nicephori | Hypsiclis | Euclidis quartus decimus elementorum | Hypsiclis interpretatio | Nicephori logica | Georgij valle libellus de argumentis | Nicephori logica | Georgij valle libellus de argumentis | Euclidis | euclidis,Nicephori | Hypsiclis
Venice_1498a,1498,Venice,LATIN,Theoretical Mathematics,Astronomy | Instrument Use | Music Theory,,True,True,True,False,euclid_composite_workshop,False,False,True,False,False,False,False,False,True,False,Euclidis quartus decimus elementorum,,Euclidis,,Euclidis quartus decimus elementorum | Interprete | Nicephorus | Georgii Valle | Proclus | Aristarchi Sami | Timeus | Cleonidis | Eusebii Pamphili | Cleomedes | Athenagorae philosophi | Aristotelis | Rhazes | Galenus | Zalchi | Alexander Aphrodiseus | Platus | Nicephori logica | Georgii Valle libellus de argumentis | Hypothesis interpretatio eiusdem libri Euclidis | Nicephorus de astrolabio | Proclus de astrolabio | Aristarchi Sami de magnitudinibus et distantijs solis et lune | Timeus de mundo | Cleonidis musica | Eusebii Pamphili de quibusdam theologicis ambiguitatibus | Cleomedes de mundo | Athenagorae philosophi de resurrectione | Aristotelis de celo | Aristotelis magna ethica | Aristotelis ars poetica | Rhazes de pestilentia | Galenus de inaequali intemperantia | Galenus de bono corporis habitu | Galenus de confirmatione corporis humani | Galenus de pestigura | Galenus de pestagio | Zalchi introductiorium | Galenus de succidanéis | Alexander Aphrodiseus de causis ebriorum | Platus de victu humano | logica | libellus de argumentis | Hypothesis | astrolabio | magnitudinibus et distantijs solis et lune | mundo | musica | theologicis ambiguitatibus | resurrectione | celo | magna ethica | ars poetica | pestilentia | inaequali intemperantia | bono corporis habitu | confirmatione corporis humani | pestigura | pestagio | introductiorium | succidanéis | causis ebriorum | victu humano | Euclidis,Interprete | Nicephorus | Georgii Valle | Proclus | Aristarchi Sami | Timeus | Cleonidis | Eusebii Pamphili | Cleomedes | Athenagorae philosophi | Aristotelis | Rhazes | Galenus | Zalchi | Alexander Aphrodiseus | Platus
Venice_1505,1505,Venice,LATIN,Theoretical Mathematics,Astronomy,,True,True,True,False,euclid_composite_workshop,False,True,True,False,True,False,False,False,True,False,elementorum libros. xiij,elementorum libros. xiij,Euclidis | Euclidi,Euclidis megarensis philosophi platonicj Mathematicarum disciplinarum Ianitoris | Euclidis Megarensis philosophi platonicj Mathematicarum disci-plinarum Ianitoris,sumpta | addita | subuersa | voluta | ordinata | digesta | castigata | addita | subuersa | prepostere | voluta | ordinata | digesta | castigata | adiuncta | quicumque ad mathematicam substantiam aspirant | quicumque ad mathemat-  icam substantiam aspirant | elementorum libros. xiij | cum expositione Theonis insignis mathematici | voluta in Campani interpretatione: ordinata digesta et castigata | voluta in Campani interpretatione | ordinata digesta et castigata | Interprete | Theonis | Hypsi | Alex | Phaeno | Specu | Perspe | Pappi Mechanici | Marini dialectici | Theonis | Hypsi. Alex | Phaeno | Specu | Perspe | Pappi Mechanici | Marini dialectici | Socratico philosopho | elementorum libros. xiij | multa quae deerant ex lectione graeca | addita | subuersa | adiuncta | cum expositione Hypsi. Alex | Itidemque et Phaeno | Specu. et Perspe | cum expositione Theonis | ille liber Datorum cum expositione Pappi Mechanici | vna cum Marini dialectici protheoria | expositione Theonis insignis mathematici | expositione Hypsi. Alex | Phaeno. Specu. et Perspe. cum expositione Theonis | ille liber Datorum cum expositione Pappi Mechanici vna cum Marini dialectici protheoria | Hypsi | Alex | Phaeno | Specu | Perspe | Datorum | Pappi Mechanici | Marini dialectici protheoria | Theonis | Hypsi. Alex | Phaeno. Specu. et Perspe | Datorum | Euclidis megarensis philosophi platonicj Mathematicarum disciplinarum Ianitoris | Euclidis Megarensis philosophi platonicj Mathematicarum disci-plinarum Ianitoris | Euclidis | Euclidi,quicumque ad mathematicam substantiam aspirant | quicumque ad mathemat-  icam substantiam aspirant | Interprete | Theonis | Hypsi | Alex | Phaeno | Specu | Perspe | Pappi Mechanici | Marini dialectici | Theonis | Hypsi. Alex | Phaeno | Specu | Perspe | Pappi Mechanici | Marini dialectici | Socratico philosopho
Venice_1509,1509,Venice,LATIN,,,,True,True,False,False,euclid_composite_workshop,False,True,True,False,False,False,False,True,False,False,Euclidis megarensis philosophi acutissimi mathematicorumque omnium sine controuersia principis opera,Euclidis megarensis philosophi acutissimi mathematicorumque omnium sine controuersia principis opera,Euclidis | Euclidem,megarensis philosophi acutissimi mathematicorumque omnium sine controuersia principis,tralata | emen-dauit | detersit | concinnauit | addidit | aperuit | enarrauit | illustrauit | prestitit | Euclidis megarensis philosophi acutissimi mathematicorumque omnium sine controuersia principis opera | Que cum antea librariorum detestanda culpa mendis fedissimis adeo deformia essent: vt vix Euclidem ipsum agnoscere-mus | a Campano interprete fidissimo tralata | interprete fidissimo | Lucas paciolus theologus insignis | Euclidis megarensis philosophi acutissimi mathematicorumque omnium sine controuersia principis opera | Figuras centum et vndetriginta que in alijs codicibus inuerse et deformate erant: ad rectam symmetriam concinnauit: et multas necessarias addidit | plurimis locis intellectu diicilem commentariolis sane luculentis et eruditiss | aperuit: enarrauit: illustrauit | megarensis philosophi acutissimi mathematicorumque omnium sine controuersia principis | Euclidis | Euclidem,interprete fidissimo | Scipio vegius mediol | Lucas paciolus theologus insignis
Venice_1565,1565,Venice,LATIN,Theoretical Mathematics,,,True,True,False,False,euclid_humanist_transfer,False,True,False,False,True,False,False,False,True,False,EVCLIDE MEGARENSE PHILOSOPHO | EVCLIDE MEGARENSE ACVTISSIMO PHILOSOPHO SOLO INTRODVTTORE DELLE SCIENTIE MATHEMATICE | EVCLIDE MEGARENSE ACVTISSIMO PHILOSOPHO,EVCLIDE MEGARENSE PHILOSOPHO | EVCLIDE MEGARENSE ACVTISSIMO PHILOSOPHO SOLO INTRODVTTORE DELLE SCIENTIE MATHEMATICE | EVCLIDE MEGARENSE ACVTISSIMO PHILOSOPHO,EVCLIDE,MEGARENSE PHILOSOPHO | MEGARENSE ACVTISSIMO PHILOSOPHO SOLO INTRODVTTORE DELLE SCIENTIE MATHEMATICE | EVCLIDE MEGARENSE ACVTISSIMO PHILOSOPHO,"REASSETTATO | RIDOTTO | AGGIONTA | DILIGENTE- MENTE RASSETTATO | ridotto | aggiunta | DILIGENTEMENTE RASSETTATO | alla integrità ridotto | di nuouo aggionta | ben corretto | ristampato | RASSETTATO | ridotto | corretto | ristampato | ogni mediocre ingegno | OGNI MEDIOCRE ingegno | EVCLIDE MEGARENSE PHILOSOPHO | EVCLIDE MEGARENSE ACVTISSIMO PHILOSOPHO SOLO INTRODVTTORE DELLE SCIENTIE MATHEMATICE | EVCLIDE MEGARENSE ACVTISSIMO PHILOSOPHO | SOLO INTROD-VTTORE DELLE SCIENTIE MATHEMATICE | SOLO INTRODVTTORE DELLE SCIENTIE MATHEMATICE | SOLO INTROD-VTTORE DELLE SCIENTIE MATHEMATICE: DILIGENTE-MENTE REASSETTATO, ET ALLA INTEGRITA RIDOTTO | CON VNA AMPLA ESPOSITIONE DELLO ISTESSO TRADOTTORE DI NOVO AGGIONTA | DILIGENTE- MENTE RASSETTATO, ET ALLA integrità ridotto | SECONDO LE DVE TRADOTTIONI | CON VNA AMPLA ESPOSITIONE | di nuono aggiunta | SECONDO LE DVE TRADOTTIONI | Di nuouo con ogni diligenza ben corretto, e ristampato | DILIGENTEMENTE RASSETTATO, & alla integrità ridotto | Di nuouo con ogni diligenza ben corretto, e ristampato | degno professore di tal Scientie | EVCLIDE MEGARENSE PHILOSOPHO | EVCLIDE MEGARENSE ACVTISSIMO PHILOSOPHO SOLO INTRODVTTORE DELLE SCIENTIE MATHEMATICE | EVCLIDE MEGARENSE ACVTISSIMO PHILOSOPHO | VNA AMPLA ESPOSITIONE | NOVO AGGIONTA | CON VNA AMPLA ESPOSITIONE | di nuono aggiunta | CON VNA AMPLA ESPOSITIONE DELLO ISTESSO tradottore di nuouo aggionta | VNA AMPLA ESPOSITIONE | nuouo aggionta | MEGARENSE PHILOSOPHO | MEGARENSE ACVTISSIMO PHILOSOPHO SOLO INTRODVTTORE DELLE SCIENTIE MATHEMATICE | EVCLIDE MEGARENSE ACVTISSIMO PHILOSOPHO | latino | volgar | EVCLIDE","ogni mediocre ingegno | OGNI MEDIOCRE ingegno | degno professore di tal Scientie | IL DEGNO Professore di tal Scientie Nicolo Tartalea, BRISCIANO | Nicolo Tartalea Brisciano | Nicolò Tartalea Brisciano"
Venice_1569,1569,Venice,LATIN,,Mechanics,,True,True,False,False,euclid_humanist_transfer,False,False,False,False,True,False,False,True,False,False,,,EVCLIDE,MEGARENSE ACVTISSIMO PHILOSOPHO,"RASSETTATO | ridotto | OGNO MEDIOCRE ingegno | DILIGENTEMENTE RASSETTATO, ET ALLA integrità ridotto | SECONDO LE DVE TRADOTTIONI | degno professore di tal Scientie | VNA AMPLA ESPO- SITIONE | nuouo aggiunta | MEGARENSE ACVTISSIMO PHILOSOPHO | EVCLIDE",OGNO MEDIOCRE ingegno | degno professore di tal Scientie | Nicolò Tartalea Brisciano
Venice_1575,1575,Venice,LATIN,Theoretical Mathematics,,,False,False,False,False,not_euclid_elements,False,False,False,False,False,False,False,False,False,False,Opuscula Mathematica,,,,ædita | Opuscula Mathematica | cum rerum omnium notatu dignarum | Nunc primùm in lucem ædita | INDICE LOCVPLETISSIMO,"D. FRANCISCI MAVROLYCI, ABBATIS MESSANENSIS"
Venice_1603,1603,Venice,LATIN,Theoretical Mathematics,,Music Theory,False,False,False,False,not_euclid_elements,False,False,False,False,False,False,False,False,False,False,,,,,"RECOGNITA | AVCTA | distributa | ADDITVS | Mantuani, Societatis Iesu | TRIPLEX  ADDITVS  INDEX | ALTER  LIBRORVM,  ALTER Capitum vniuscuiusq","Societatis Iesu | Mantuani, Societatis Iesu | CLEMENTEM VIII. PONT. MAX"
Venice_1641,1641,Venice,LATIN,Theoretical Mathematics,,,True,True,False,False,euclid_geometry_theory_primary,False,False,False,False,False,False,False,False,True,False,EVCLIDIS ELEMENTORVM Libri VI,EVCLIDIS ELEMENTORVM Libri VI,EVCLIDIS,,EVCLIDIS ELEMENTORVM Libri VI | EVCLIDIS ELEMENTORVM Libri VI | EVCLIDIS,D. Ioannem Libiolam
Venice_1647,1647,Venice,LATIN,Theoretical Mathematics,,,False,False,False,False,not_euclid_elements,False,False,False,False,False,False,False,False,False,False,,,,,,
Vicenza_1491,1491,Vicenza,LATIN,,,,False,False,False,False,not_euclid_elements,False,False,False,False,False,False,False,False,False,False,,,,,,
Vienna_1694,1694,Vienna,GERMAN,Practical Geometry | Theoretical Mathematics,,,True,True,False,False,euclid_geometry_theory_primary,False,False,False,False,False,False,False,False,True,True,Acht Bücher Von Denen An-fängen Der Meß-Künst,Acht Bücher Von Denen An-fängen Der Meß-Künst,Euclides,Teutsch-Redender,"bewiesen | Allen Generalen, Ingenieren, Natur-und Warheit-Kündigern, Bau-Meistern, Künstlern und Handwerckern | Acht Bücher Von Denen An-fängen Der Meß-Künst | Auff eine neue und gantz leichte Art | Acht Bücher Von Denen An-fängen Der Meß-Künst | Teutsch-Redender | Teutscher | Euclides","Allen Generalen, Ingenieren, Natur-und Warheit-Kündigern, Bau-Meistern, Künstlern und Handwerckern"
WHEESV,1600,Pesaro,LATIN,Perspective,,Architecture | Instrument Use | Practical Geometry,False,False,False,False,not_euclid_elements,False,False,False,False,False,False,False,False,False,False,PERSPECTIVAE LIBRI SEX,,,,PERSPECTIVAE LIBRI SEX,E MARCHIONIBVS MONTIS
WNYVAP,1629,The Hague,FRENCH,Trigonometry,,,False,False,False,False,not_euclid_elements,False,False,False,False,False,False,False,False,False,False,,,,,,
WOQG2Q,1627,Amsterdam,FRENCH,Architecture | Military Engineering,,,False,False,False,False,not_euclid_elements,False,False,False,False,False,False,False,False,False,False,,,,,Reueüe | Augmentée | Corrigée | Reueüe Augmentée et Corrigée | Mathematicien,Mathematicien
WWE4ON,1656,Leuven,LATIN,Arithmetic | Theoretical Mathematics,,,False,False,False,False,not_euclid_elements,False,False,False,False,False,False,False,False,False,False,ARITHMETICÆ THEORIA ET PRAXIS,,,,"ARITHMETICÆ THEORIA ET PRAXIS | ANT.VERPIENSI, E SOCIETATE IESV Matheseos Professore","SOC IETATE IESV | ANT.VERPIENSI, E SOCIETATE IESV Matheseos Professore"
Wittenberg_1564,1564,Wittenberg,"GREEK, LATIN",Arithmetic,Theoretical Mathematics,,True,True,False,False,euclid_elements_other,False,False,False,False,False,False,False,False,False,False,ARITHMETICES EVCLIDEAE LIBER PRIMVS,ARITHMETICES EVCLIDEAE LIBER PRIMVS,EVCLIDEAE,,IN SCHOLARVM VSVM | ARITHMETICES EVCLIDEAE LIBER PRIMVS | Luneb | ARITHMETICES EVCLIDEAE LIBER PRIMVS | Aliâs in ordine reliquorum SEPTIMVS | EVCLIDEAE,IN SCHOLARVM VSVM | Luneb
Wittenberg_1609,1609,Wittenberg,LATIN,Theoretical Mathematics,,,True,True,True,False,euclid_procedural_pedagogical,False,True,False,False,False,False,False,False,True,False,EVCLIDIS ELEMENTORUM LIBRI XIII,EVCLIDIS ELEMENTORUM LIBRI XIII,EVCLIDIS,,"Correctior | Emendatior | EVCLIDIS ELEMENTORUM LIBRI XIII | Succinctis & per- spicuis demonstrationibus comprehensi | Editio postuma, priore Correctior & Emendatior | Mathematum Professore extraordinario in Academia Leucorea | Mathematum Super: Professore publico in Academia Leucorea | EVCLIDIS ELEMENTORUM LIBRI XIII | EVCLIDIS",Academia Leucorea | Mathematum Professore extraordinario in Academia Leucorea | Mathematum Super: Professore publico in Academia Leucorea
Wittenberg_1661,1661,Wittenberg,LATIN,Theoretical Mathematics,,,True,True,True,False,euclid_procedural_pedagogical,False,True,False,False,False,False,False,False,True,False,EUCLIDIS ELEMENTORUM LIBRI XIII,EUCLIDIS ELEMENTORUM LIBRI XIII,EUCLIDIS,,"Correctior | Emendatior | EUCLIDIS ELEMENTORUM LIBRI XIII | Succinctis & per- spicuis demonstrationibus comprehensi | Editio novissima, priore Correctior & Emendatior | Kembergensi, Mathematum Super: Professore publico in Academia Leucorea | EUCLIDIS ELEMENTORUM LIBRI XIII | EUCLIDIS","Academia Leucorea | Kembergensi, Mathematum Super: Professore publico in Academia Leucorea"
Würzburg_1661,1661,Würzburg,LATIN,,Mechanics,Theoretical Mathematics,False,False,False,False,not_euclid_elements,False,False,False,False,False,False,False,False,False,False,,,,,"digesta | disposita | Accesserunt | quivis, vel mediocri præditus ingenio | REGISCURIANI E SOCIETATE JESU Olim in Panormitano Siciliæ, nunc in Herbipolitano Franconiæ ejusdem SOCIETATIS JESU Gymnasio Matheseos Professoris CUR-SUS MATHEMATICUS, Sive Absoluta omnium Mathematicarum Disciplinarum ENCYCLOPÆDIA | THEORESES MECHANICÆ NOVÆ | THEORESES MECHANICÆ NOVÆ | THEORESES MECHANICÆ NOVÆ","quivis, vel mediocri præditus ingenio | SOCIETATE JESU | SOCIETATIS JESU | Gymnasio Matheseos | REGISCURIANI E SOCIETATE JESU Olim in Panormitano Siciliæ, nunc in Herbipolitano Franconiæ ejusdem SOCIETATIS JESU Gymnasio Matheseos Professoris CUR-SUS MATHEMATICUS, Sive Absoluta omnium Mathematicarum Disciplinarum ENCYCLOPÆDIA"
X2T7PY,1586,Rome,LATIN,Gnomonics & Horology | Instrument Construction | Instrument Use,,Practical Geometry,False,False,False,False,not_euclid_elements,False,False,False,False,False,False,False,False,False,False,,,,,"ACCESSIT | BAMBERGENSI SOCIETATIS IESV | RATIO DESCRIBENDARUM horarum a meridie & media nocte exquisitissima, & nunquam ante hac in lucem edita",SOCIETATIS IESV | BAMBERGENSI SOCIETATIS IESV
X5YBIB,1586,Paris,FRENCH,Instrument Use | Practical Geometry,,,False,False,False,False,not_euclid_elements,False,False,False,False,False,False,False,False,False,False,LAPRACTIQVE DE LA GEOME- TRIE D'ORONCE,,,,"Reueué | traduicte | LAPRACTIQVE DE LA GEOME- TRIE D'ORONCE | en laquelle est comprins l'vsage du Quarré Geometrique, & de plusieurs autres instrumens seruans à mes- me effect: Ensemble la maniere de bien mesu- rer toutes sortes de plans & quantitez corporel- les: Auec les figures & demonstrations | Reueué & traduicte par Pierre Forcadel | le- cteur du Roy és Mathematiques",le- cteur du Roy és Mathematiques | Mr le Duc de Guyse
XAFNOE,1629,Frankfurt,GERMAN,Mechanics,,,False,False,False,False,not_euclid_elements,False,False,False,False,False,False,False,False,False,False,,,,,verfasst | erkläret | Den Teutschen Künstlern | vnderschiedlicher Liebhaber | Medicum & Mathematicum Hassiacum | mit ausführlichen Kupfferfiguren,Den Teutschen Künstlern | vnderschiedlicher Liebhaber | Hassiacum | Medicum & Mathematicum Hassiacum
XCQGKZ,1620,Milan,ITALIAN,Architecture | Military Engineering | Perspective,,,False,False,False,False,not_euclid_elements,False,False,False,False,False,False,False,False,False,False,,,,,DEDICATE | Ingegnero Milanese,Ingegnero Milanese | POTENTISSIMO FILIPPO III
XHZ2XV,1592,Tournon,LATIN,Arithmetic | Music Theory | Practical Geometry,,Astronomy,False,False,False,False,not_euclid_elements,False,False,False,False,False,False,False,False,False,False,,,,,Accessit | interprete | studiosæ Iuventutis Academiæ Turnoniæ | in hac vltima editione | Accessit | percommoda distributio | PROCLI SPHÆRA | PROCLI SPHÆRA,studiosæ Iuventutis Academiæ Turnoniæ | Academiæ Turnoniæ Societ. IESV
XOIASP,1630,Paris,FRENCH,Perspective,,,False,False,False,False,not_euclid_elements,False,False,False,False,False,False,False,False,False,False,,,,,Mathematic,Mathematic
XP5WU4,1573,Bordeaux,LATIN,Arithmetic,,Commercial Mathematics,False,False,False,False,not_euclid_elements,False,False,False,False,False,False,False,False,False,False,DE LOGISTICA,,,,DE LOGISTICA,
XXI4KS,1509,Nuremberg,GERMAN,Perspective,,Architecture | Practical Geometry,False,False,False,False,not_euclid_elements,False,False,False,False,False,False,False,False,False,False,,,,,,
YB32U5,1604,Leiden,FRENCH,Perspective,Practical Geometry,,False,False,False,False,not_euclid_elements,False,False,False,False,False,False,False,False,False,False,PERSPECTIVE,,,,"Inuenté | pour tous Peintres, Tailleurs en Cuivre, Imaginaires, Orfevres, Architectes, Ingenieurs, Tailleurs de Pierre, Menuisiers, Charpentiers, & tous Amateurs des arts | PERSPECTIVE | C'est a dire, le tresrenommé art du poinct oculaire d'vne veuë dedans où travers regardante, estant sur vne muraille vnie, sur vn tableau, ou sur dela toile, en laquelle il y ayt quelques edifi- ces, soyt d'Eglises, Temples, Palais, Sales, Chambres, Galeries, Places, Allées, Iardins, Marchés & Ruës, a l'Antique ou Moderne, & autres telles choses icy de- monstrées, le tout posé sur les lignes fondamentales, & le fondement d'icelles clairement expliquées par descriptions, fort vtile & necessaire","pour tous Peintres, Tailleurs en Cuivre, Imaginaires, Orfevres, Architectes, Ingenieurs, Tailleurs de Pierre, Menuisiers, Charpentiers, & tous Amateurs des arts"
YBCWZV,1569,Paris,FRENCH,Gnomonics & Horology | Instrument Use,,Instrument Construction,False,False,False,False,not_euclid_elements,False,False,False,False,False,False,False,False,False,False,,,,,DESCRIPTE | DEMONSTREE | lecteur du Roy és Mathema- tiques,lecteur du Roy és Mathema- tiques | Monsieur le grand Aumosnier
YCXMIJ,1565,Paris,FRENCH,Mechanics,,Practical Geometry,False,False,False,False,not_euclid_elements,False,False,False,False,False,False,False,False,False,False,"DEVX LIVRES DE PROCLVS, DV MOVVE- MENT",,,,"TRADVICTZ | COM- mentés | DEVX LIVRES DE PROCLVS, DV MOVVE- MENT | lecteur ordinaire du Roy és Mathematiques en l'vniuerfité de Paris | TRADVICTZ ET COM- mentés",l'vniuerfité de Paris | lecteur ordinaire du Roy és Mathematiques en l'vniuerfité de Paris
YPQYIR,1565,Paris,FRENCH,Mechanics,,,True,True,False,False,euclid_humanist_transfer,False,False,False,False,True,False,False,False,False,False,Liure d'Euclide,Liure d'Euclide,Euclide,,TRADVICT | COMMEN-  té | traduit | com- menté | intitu- lé | Liure d'Euclide | du leger & du pesant | lecteur ordinaire du Roy es Mathematiques en l'V-  niuerfité de Paris | Liure d'Euclide | Liure d'Euclide intitu-  lé du leger & du pesant traduit & com-  menté par le mesme Forcadel | Liure d'Euclide | Euclide,l'V-  niuerfité de Paris | lecteur ordinaire du Roy es Mathematiques en l'V-  niuerfité de Paris
YQDZSW,1565,Paris,FRENCH,Mechanics,,,False,False,False,False,not_euclid_elements,False,False,False,False,False,False,False,False,False,False,LE PREMIER LIVRE D'ARCHIMEDE DES CHOSES EGALEMENT PESANTES,,,,"Traduict | commenté | LE PREMIER LIVRE D'ARCHIMEDE DES CHOSES EGALEMENT PESANTES | lecteur ordi- naire du Roy és Mathema- tiques, en l'vniuerfité de Paris","l'vniuerfité de Paris | lecteur ordi- naire du Roy és Mathema- tiques, en l'vniuerfité de Paris"
YSF4K5,1613,Antwerp,LATIN,Perspective,,,False,False,False,False,not_euclid_elements,False,False,False,False,False,False,False,False,False,False,OPTICORVM LIBRI SEX,,,,Philosophis iuxtà ac Mathematicis | OPTICORVM LIBRI SEX,Philosophis iuxtà ac Mathematicis | E SOCIETATE IESV
YUHFFF,1591,Heidelberg,LATIN,Arithmetic | Music Theory | Theoretical Mathematics,,Practical Geometry,False,False,False,False,not_euclid_elements,False,False,False,False,False,False,False,False,False,False,"ARITHME- TICÆ, MUSICÆ ET GEOMETRIÆ COM- PENDIA",,,,"INTERPRETE | ARITHME- TICÆ, MUSICÆ ET GEOMETRIÆ COM- PENDIA | INTERPRETE",INTERPRETE
Z0K13S,1543,Nuremberg,LATIN,Astronomy,,,False,False,False,False,not_euclid_elements,False,False,False,False,False,False,False,False,False,False,"DE REVOLVTIONIBVS ORBI- um coelestium, Libri VI",,,,"recens nato | edito | eme | lege | fruere | studiose lector | ἀμαθὴς μή τις εἴσιτο | DE REVOLVTIONIBVS ORBI- um coelestium, Libri VI | Motus stellarum, tam fixarum, quam erraticarum, cum excentricis, tum etiam excentricis observationibus restitutos | iam recens nato, & edito | novis insuper ac admirabilibus hypothesibus ornatos | Tabulas expeditissimas",studiose lector | ἀμαθὴς μή τις εἴσιτο
Z26G13,1615,"Nuremberg, Leipzig",GERMAN,Perspective,,,False,False,False,False,not_euclid_elements,False,False,False,False,False,False,False,False,False,False,,,,,verfertiget | dargegeben | erkläret | Allen denen | in die Deutsche Sprach,Allen denen | Sanct. Annæ
ZGOHUR,1581,Rome,LATIN,Gnomonics & Horology,Instrument Use | Practical Geometry,,False,False,False,False,not_euclid_elements,False,False,False,False,False,False,False,False,False,False,GNOMONICES LIBRI OCTO,,,,"GNOMONICES LIBRI OCTO | IN QUIBUS Non solum horologiorum solarium, sed aliarum quoque rerum, quae ex gnomonis umbra cognosci possunt, descriptiones Geometrice demonstrantur | Societatis IESU | Maiorum germisu",Societatis IESU | Societatis IESU | Maiorum germisu
ZN24V0,1543,Nuremberg,GERMAN,Architecture | Perspective | Practical Geometry,,Instrument Use,False,False,False,False,not_euclid_elements,False,False,False,False,False,False,False,False,False,False,GEOMETRIA,,,,BRING | GEOMETRIA,RO. KO. MA
ZNLALU,1560,Paris,FRENCH,Arithmetic,,,False,False,False,False,not_euclid_elements,False,False,False,False,False,False,False,False,False,False,L'ARITHMETIQVE de Gemme Phrison,,,,Traduite | illustrée | L'ARITHMETIQVE de Gemme Phrison | professeur ordinaire des Mathe- matiques | de comme- taires | plusieurs inuentions nouuelles dudit Forcadel | en François,professeur ordinaire des Mathe- matiques
ZQA6JR,1669,Rome,LATIN,,,,True,False,True,True,elements_language_no_euclid,False,False,False,False,False,False,True,True,False,False,ELEMENTA GEOMETRIAE PLANAE,ELEMENTA GEOMETRIAE PLANAE,,,ELEMENTA GEOMETRIAE PLANAE | SOC. IESV | In Collegio Romano Mathe- seos professore | ELEMENTA GEOMETRIAE PLANAE,Collegio Romano | SOC. IESV | SOC. IESV | In Collegio Romano Mathe- seos professore
ZQIHYL,1531,Lyon,LATIN,,,,False,False,False,False,not_euclid_elements,False,False,False,False,False,False,False,False,False,False,,,,,,
ZYVGSH,1662,Oxford,LATIN,Theoretical Mathematics,,,True,True,True,False,euclid_geometry_theory_primary,False,False,False,False,False,False,False,False,True,False,ELEMENTI DECIMI EUCLIDIS,ELEMENTI DECIMI EUCLIDIS,EUCLIDIS,,ELEMENTI DECIMI EUCLIDIS | DECLARATIO | ELEMENTI DECIMI EUCLIDIS | De SOLIDIS REGULARIBUS TRACTATUS | De SOLIDIS REGULARIBUS TRACTATUS | EUCLIDIS,
bib-1,1542,Paris,FRENCH,Practical Geometry,,,False,False,False,False,not_euclid_elements,False,False,False,False,False,False,False,False,False,False,Liure singulier & vti- le,,,,Composé | Liure singulier & vti- le | touchant l’art et pra- ctique de Geometrie | Composé nouuellement | maistre | Chanoyne de Noyon | en Francoys,maistre | Chanoyne de Noyon
bib-10,1570,Paris,FRENCH,Instrument Use | Practical Geometry,,,False,False,False,False,not_euclid_elements,False,False,False,False,False,False,False,False,False,False,LA PRACTIQVE DE LA GEOME TRIE D’ORONCE,,,,"Reueuë | traduicte | LA PRACTIQVE DE LA GEOME TRIE D’ORONCE | en laquelle est comprins l’vſage du Quarré Geometrique, & de pluſieurs autres inſtrumens ſeruans à meſ me effect: Enſemble la maniere de bien meſu rer toutes ſortes de plans & quantitez corporel les: Auec les figures & demonſtrations | Reueuë & traduicte par Pierre Forcadel, le cteur du Roy és Mathematiques | le cteur du Roy és Mathematiques | Auec les figures & demonſtrations",le cteur du Roy és Mathematiques | M. le Duc de Guyſe
bib-100,1674,Turin,ITALIAN,Architecture | Practical Geometry,,,False,False,False,False,not_euclid_elements,False,False,False,False,False,False,False,False,False,False,,,,,C. R. TEATINO MATEM,C. R. TEATINO MATEM | S. A. R
bib-101,1650,Frankfurt,GERMAN,,,,False,False,False,False,not_euclid_elements,False,False,False,False,False,False,False,False,False,False,,,,,SCRIPTA | PROPOSITA | edita | ADORNATA | Studiosorum | nunc autem in gratiam Studiosorum edita,Studiosorum | CELEBERRIMA ROSARUM A-CADEMIA
bib-102,1652,Jena,GERMAN,,,,True,True,True,False,euclid_sparse_canonical,True,False,False,False,False,False,False,True,False,False,Teutscher EuCLIDES,ELEMENTEN,Eu- CLIDES,Teutscher EuCLIDES,Teutscher EuCLIDES | Geometrische Beschreibung | PRO- FESSORIS MATHEMA- TICI in der Univer- sitet Jena | ELEMENTEN | Teutscher EuCLIDES | Teutscher | Eu- CLIDES,Univer- sitet Jena | PRO- FESSORIS MATHEMA- TICI in der Univer- sitet Jena
bib-103,1604,Frankfurt,GERMAN,Instrument Construction | Instrument Use | Practical Geometry | Surveying,Mechanics,,False,False,False,False,not_euclid_elements,False,False,False,False,False,False,False,False,False,False,,,,,,
bib-104,1681,Rome,LATIN,,,,True,True,False,False,euclid_no_primary_subject,False,False,False,False,False,False,False,True,False,False,tribus Libris Euclidis,tribus Libris Euclidis,Euclidis,,solemniter propositum | solutum | Omnibus totius Orbis Geometris | tribus Libris Euclidis | CANONICO | tribus Libris Euclidis | Euclidis,Omnibus totius Orbis Geometris | Universitate Pragensi | Universitate Romana | Seminarii Romani Coniurctoris | CANONICO | D. LIVIVM ODESCALCVM
bib-105,1594,Nuremberg,LATIN,Instrument Use | Practical Geometry,,,False,False,False,False,not_euclid_elements,False,False,False,False,False,False,False,False,False,False,DE QVADRANTE GEOMETRICO LIBELLVS,,,,"Addita | editus | DE QVADRANTE GEOMETRICO LIBELLVS | IN QVO QVIDQVID AD LINEARVM ET SVPERFICIERUM, VT POTE ALTITVDINVM ET LATITVDINVM, DI= mensiones facit lucidissime demonstratur | Sumptibus & expensis CORNELII DE IUDAEIS editus | Addita figura aenea XXVII. ad maiorem doctrinae intelligentiam & lucem hactenus non ita exposita",
bib-106,1621,Hanau,LATIN,Astronomy | Geography,Navigation,Theoretical Mathematics,False,False,False,False,not_euclid_elements,False,False,False,False,False,False,False,False,False,False,,,,,"Emendata | repur-  gata | Adiæcto | accessit | propositum | Publicis prælectionibus | Emendata & ab innumeris mendis repur-  gata | Adiæcto Indice Capitum singulorum librorum | In fine accessit brevis commentatio nautica, ab eodem autore ibidem proposita anno 1603 | SS. THEOLOGIÆ Licentiato, & Philosophiæ Professore","Publicis prælectionibus | Gymnasio Dan- tiscano | SS. THEOLOGIÆ Licentiato, & Philosophiæ Professore"
bib-107,1661,Oxford,LATIN,Arithmetic | Astronomy | Geography,Navigation,,False,False,False,False,not_euclid_elements,False,False,False,False,False,False,False,False,False,False,SYSTEMA COMPENDIOSUM TOTIUS MATHEMATICES,,,,"Adjecto | accessit | Publicis Prælectionibus | SYSTEMA COMPENDIOSUM TOTIUS MATHEMATICES | hoc est GEOMETRIÆ, OPTICÆ, ASTRONOMIÆ, ET GEOGRAPHIÆ | Adjecto indice Capitum Singulorum librorum | In fine accessit brevis Commentatio Nautica | S. S. Theolog. Licentiato & Philosophiæ Professore | brevis Commentatio Nautica | indice Capitum Singulorum librorum",Publicis Prælectionibus | Gymnasio Dantiscano | S. S. Theolog. Licentiato & Philosophiæ Professore
bib-108,1617,Hanau,LATIN,Astronomy | Geography,Navigation,Theoretical Mathematics,False,False,False,False,not_euclid_elements,False,False,False,False,False,False,False,False,False,False,SYSTEMA COMPEN- DIOSVM TOTIVS MA- THEMATICÆ,,,,"accessit | Adiæcto | Publicis prælectionibus | SYSTEMA COMPEN- DIOSVM TOTIVS MA- THEMATICÆ | SS. THEOLOGIÆ Licentiato, & Philosophiæ Professore | brevis commentatio nautica | Adiæcto Indice Capitum singulorum librorum | GEOMETRIÆ | OPTICÆ | ASTRO- NOMIÆ | GEOGRA- PHIÆ | GEOMETRIÆ | OPTICÆ | ASTRO- NOMIÆ | GEOGRA- PHIÆ","Publicis prælectionibus | Gymnasio Dan- tiscano | SS. THEOLOGIÆ Licentiato, & Philosophiæ Professore"
bib-110,1692,Paris,FRENCH,Practical Geometry,Theoretical Mathematics,,True,True,True,False,euclid_geometry_theory_primary,False,False,False,False,False,False,False,False,True,True,ELEMENS DE GEOMETRIE,ELEMENS DE GEOMETRIE,Euclide,,ELEMENS DE GEOMETRIE | ce qu’Euclide en a enseigné | Prêtre de l’Oratoire | Ar- chimede | ELEMENS DE GEOMETRIE | les plus belles Propositions d’Ar- chimede | l’Analyse | Propositions d’Archimede | Analyse | Euclide,l’Oratoire | Prêtre de l’Oratoire | Ar- chimede
bib-111,1682,Paris,FRENCH,Practical Geometry,,Surveying | Trigonometry,False,False,False,False,not_euclid_elements,False,False,False,False,False,False,False,False,False,False,PRATIQUE DE LA GEOMETRIE,,,,PRATIQUE DE LA GEOMETRIE | SUR LE PAPIER ET SUR LE TERRAIN,
bib-112,1669,Paris,FRENCH,Practical Geometry,,,False,False,False,False,not_euclid_elements,False,False,False,False,False,False,False,False,False,False,,,,,SVR LE PAPIER ET SVR LE TERRAIN | AVEC VN NOVVEL ORDRE | une Methode particuliere,
bib-113,1690,Paris,FRENCH,,,Theoretical Mathematics,False,False,False,False,not_euclid_elements,False,False,False,False,False,False,False,False,False,False,TRAITÉ DE GEOMETRIE,,,,TRAITÉ DE GEOMETRIE,
bib-114,1669,London,ENGLISH,Practical Geometry,Trigonometry,Navigation,False,False,False,False,not_euclid_elements,False,False,False,False,False,False,False,False,False,False,NINE GEOMETRICALL EXERCISES,,,,"added | Young Sea-men | others that are studious in MATHEMATICALL PRACTICES | NINE GEOMETRICALL EXERCISES | Geometrically performed, by a Line of chords and equal Parts, by waies not usually known or practised | Containing IX particular TREATISES | Philomath | Analogies or Proportions | IX particular TREATISES | IX particular TREATISES",Young Sea-men | others that are studious in MATHEMATICALL PRACTICES | Philomath
bib-115,1690,London,ENGLISH,Arithmetic | Astronomy | Cosmography | Instrument Construction | Instrument Use | Navigation | Practical Geometry | Theoretical Mathematics | Trigonometry,Architecture | Military Engineering | Surveying,,False,False,False,False,not_euclid_elements,False,False,False,False,False,False,False,False,False,False,,,,,by such as would attain to a competent Proficiency in them by their own Industry | Philomath,by such as would attain to a competent Proficiency in them by their own Industry | Philomath
bib-116,1630,Florence,ITALIAN,Practical Geometry,,Surveying,False,False,False,False,not_euclid_elements,False,False,False,False,False,False,False,False,False,False,,,,,NOBILE CREMONESE,NOBILE CREMONESE
bib-117,1630,Amsterdam,LATIN,Architecture | Military Engineering | Perspective,,,False,False,False,False,not_euclid_elements,False,False,False,False,False,False,False,False,False,False,OPERA MATHEMATICA,,,,"Beschreven | voor oogen gestelt | oversien | verbeteret | Reueüe | Augmentée | Corrigée | OPERA MATHEMATICA | traitans DE GEOMETRIE, PERSPECTIVE, ARCHITECTURE, ET FORTIFICATION | Van nieuws oversien ende verbeteret | Beschreven en voor oogen gestelt | nouueau Reueüe, Augmentée, et Corrigée | Mathematicus | Mathematicien | Geometrie | Perspe- ctive | Architecture | Fortificatie | Geometrie | Perspe- ctive | Architecture | Fortificatie",Mathematicus | Mathematicien
bib-119,1646,Amsterdam,LATIN,Arithmetic | Military Engineering | Practical Geometry | Surveying,Construction | Instrument Use,Instrument Construction,False,False,False,False,not_euclid_elements,False,False,False,False,False,False,False,False,False,False,MANUALE ARITHMETICÆ ET Geometriæ Practicæ,,,,"verrijckt | gecorrigeert | den Landmeters en Ingenieurs | den Land-meters ende Ingenieurs | den Leser | MANUALE ARITHMETICÆ ET Geometriæ Practicæ | Beneffens de Stock-rekenninghe ofte Rabdologia J. Nepperi, cortelick en duydelick | In het welcke Beneffens de Stockrekeninge ofte Rhabdologia I. Neperi, kortelijck ende duydelijck ’t gene den Land-meters ende Ingenieurs, nopende het Land-meten ende Sterckten-bouwen noot­wendich is, geleert wordt ende exemplaerlijck aengewesen | nieu verrijckt met een nieuwe inventie | De tweede Editie | Med. D. & Ma- thes. Profess. ordin. binnen Franeker | Med. D. & Mathes. Prof. ordinar. binnen Franeker | J. Nepperi | I. Neperi | nieu verrijckt met een nieuwe inventie om alle ronde vatten hare wanhgheden af te pegelen",den Landmeters en Ingenieurs | den Land-meters ende Ingenieurs | den Leser | Med. D. & Ma- thes. Profess. ordin. binnen Franeker | Med. D. & Mathes. Prof. ordinar. binnen Franeker | J. Nepperi | I. Neperi
bib-12,1614,The Hague,FRENCH,Architecture | Construction | Military Engineering | Perspective,,,False,False,False,False,not_euclid_elements,False,False,False,False,False,False,False,False,False,False,,,,,,
bib-120,1648,London,LATIN,Arithmetic | Theoretical Mathematics,,,True,True,True,False,euclid_geometry_theory_primary,False,False,False,False,False,False,False,False,True,False,decimi elementi Euclidis,decimi elementi Euclidis,Euclidis,,"accedit | intexitur | decimi elementi Euclidis | de lateribus incommensurabilibus: tum decimi tertii & decimi quarti ele- menti de quinque solidis Regularibus | Anglo | decimi elementi Euclidis | Tractatus de Resolutione Æquatio- num qualitercunque adfectarum in numeris | Declaratio tum decimi elementi Euclidis de lateribus incommensurabilibus: tum decimi tertii & decimi quarti ele- menti de quinque solidis Regularibus | Logistica decimalis, & Logarithmorum Doctrina | Tractatus de Resolutione Æquatio- num qualitercunque adfectarum in numeris | Declaratio tum decimi elementi Euclidis de lateribus incommensurabilibus: tum decimi tertii & decimi quarti ele- menti de quinque solidis Regularibus | Logistica decimalis, & Logarithmorum Doctrina | Tractatus de Resolutione Æquationum | Declaratio | Logistica decimalis | Logarithmorum Doctrina | Euclidis",Anglo
bib-121,1652,Oxford,LATIN,,,,False,False,False,False,not_euclid_elements,False,False,False,False,False,False,False,False,False,False,,,,,auctior | emendatior | FABRICATA | Editio tertia auctior & emendatior | aliis quibusdam ejusdem Commentationibus | Commentationibus,Collegii Regalis in CANTABRIGIA
bib-122,1689,Naples,LATIN,,,Practical Geometry | Theoretical Mathematics,False,False,False,False,not_euclid_elements,False,False,False,False,False,False,False,False,False,False,EXERCITATIONES,,,,EXERCITATIONES | IN GEOMETRIAM,"Illustriss.mo & Excellentiss.mo Domino CARMINO NICOLAO CARACCIOLO Castelli de Sangro Duci, Et PRINCIPIS S. BONI Filio meritissimo"
bib-123,1558,Lyon,ITALIAN,Arithmetic | Practical Geometry,,Architecture,False,False,False,False,not_euclid_elements,False,False,False,False,False,False,False,False,False,False,,,,,gentiluomini | artegiani | Il primo d’Arithmetica | l’altro di Geometria | Arithmetica | Geometria,gentiluomini | artegiani | Sig. Gio. Francesco Peverone di Cuneo
bib-124,1624,Rome,ITALIAN,Practical Geometry,,,True,True,True,False,euclid_procedural_pedagogical,False,True,False,False,False,False,False,False,True,True,gli elementi d’Euclide,gli elementi d’Euclide,Euclide,,"Cauata da | Matematici | Architetti | Geografi | Cosmografi | Bombardieri | Ingegneri | Soldati | tutti gli studiosi d’essi | gli elementi d’Euclide | In cinquanta Tavole, scolpite in Rame, dalle quali con facilità possono apprendere tutte le cose, che al buon Geometra s’appartengono | Matematico | gli elementi d’Euclide | In cinquanta Tavole, scolpite in Rame | Euclide",Matematici | Architetti | Geografi | Cosmografi | Bombardieri | Ingegneri | Soldati | tutti gli studiosi d’essi | Matematico | SIG. PAOLO SAVELLO
bib-125,1691,Rome,ITALIAN,Practical Geometry,,,True,True,True,False,euclid_geometry_theory_primary,False,False,False,False,False,False,False,False,True,True,gl’elementi d’Euclide,gl’elementi d’Euclide,Euclide,,Cauata da | Ridotta | à Misuratori | ad Architetti | à Geografi | à Cosmografi | à Bombardieri | à Ingegneri | à Soldati | à Capitani d’Eserciti | gl’elementi d’Euclide | Ridotta in cinquanta Tavole | Matematico | gl’elementi d’Euclide | l’espositione | cinquanta Tavole | Euclide,à Misuratori | ad Architetti | à Geografi | à Cosmografi | à Bombardieri | à Ingegneri | à Soldati | à Capitani d’Eserciti | Matematico | IL SIG CARDINALE IACOMO NINI
bib-126,1667,Rome,ITALIAN,Practical Geometry,Architecture | Cosmography | Geography | Military Engineering | Surveying,,True,True,True,False,euclid_geometry_theory_primary,False,False,False,False,False,False,False,False,True,True,gl’elementi d’Euclide,gl’elementi d’Euclide,Euclide,,"Cauata | espositione | Ridotta | à Misuratori, ad Architetti, à Geografi, à Cosmografi, à Bombardieri, à Ingegneri, à Soldati, & à Capitani d’Eserciti | gl’elementi d’Euclide | Matematico | gl’elementi d’Euclide | cinquanta Tavole, scolpite in Rame | Euclide","à Misuratori, ad Architetti, à Geografi, à Cosmografi, à Bombardieri, à Ingegneri, à Soldati, & à Capitani d’Eserciti | Matematico | ALL’EMINENTISS. E REVERENDISS. SIG IL SIG CARDINALE IACOMO NINI"
bib-127,1598,Nuremberg,LATIN,Practical Geometry,,,False,False,False,False,not_euclid_elements,False,False,False,False,False,False,False,False,False,False,,,,,expli- catum | PRAETORIO IOACHIMICO | Aliquot modis expli- catum,PRAETORIO IOACHIMICO
bib-128,1580,Basel,LATIN,Arithmetic | Practical Geometry | Theoretical Mathematics,,Architecture | Instrument Use,False,False,False,False,not_euclid_elements,False,False,False,False,False,False,False,False,False,False,GEOMETRIAE SEPTEM ET VIGINTI,,,,GEOMETRIAE SEPTEM ET VIGINTI | ARITHMETICAE LIBRI DUO | ARITHMETICAE LIBRI DUO,
bib-129,1569,Basel,LATIN,Arithmetic,,,True,False,False,False,euclid_sparse_canonical,True,False,False,False,False,False,False,False,False,False,GEOMETRIAE SEPTEM ET VIGINTI,GEOMETRIAE SEPTEM ET VIGINTI,,,GEOMETRIAE SEPTEM ET VIGINTI | GEOMETRIAE SEPTEM ET VIGINTI | ARITHMETICAE LIBRI DUO | ARITHMETICAE LIBRI DUO,
bib-13,1565,Paris,FRENCH,Practical Geometry,,Architecture | Instrument Use,False,False,False,False,not_euclid_elements,False,False,False,False,False,False,False,False,False,False,,,,,DESCRIPTE | DEMONSTREE | PROFESSEVR DV ROY és Mathematiques,"PROFESSEVR DV ROY és Mathematiques | MONSEIGNEVR MON- sieur le Febure Sieur de Caumartin, Conseillier du Roy, & General de ses finances en la charge d’outre Seine & Yone"
bib-130,1627,Frankfurt,LATIN,Arithmetic,,Theoretical Mathematics,True,False,False,False,euclid_sparse_canonical,True,False,False,False,False,False,False,False,False,False,ARITHMETICAE LIBRI DUO ET GEOMETRIAE SEPTEM ET VIGINTI,ARITHMETICAE LIBRI DUO ET GEOMETRIAE SEPTEM ET VIGINTI,,,"recogniti | aucti | emendati | locupletati | ARITHMETICAE LIBRI DUO ET GEOMETRIAE SEPTEM ET VIGINTI | Dudum quidem à LAZARO SCHONERO recogniti & aucti, nunc vero in postrema hac editione in numeris locis emendati & locupletati | PHILOSOPHI CELEBER- RIMI, ELOQUENTIAE ET MATHE- MATICARUM DISCIPLINARUM Professoris Regii | LAZARO SCHONERO | ARITHMETICAE LIBRI DUO ET GEOMETRIAE SEPTEM ET VIGINTI | aucti | emendati | locupletati","PHILOSOPHI CELEBER- RIMI, ELOQUENTIAE ET MATHE- MATICARUM DISCIPLINARUM Professoris Regii | LAZARO SCHONERO"
bib-131,1574,London,ENGLISH,Cartography | Instrument Use | Practical Geometry,,,False,False,False,False,not_euclid_elements,False,False,False,False,False,False,False,False,False,False,,,,,for all sortes of menne,for all sortes of menne
bib-132,1647,Leeuwarden,Dutch,Surveying,,Practical Geometry,False,False,False,False,not_euclid_elements,False,False,False,False,False,False,False,False,False,False,Hexameron Geometricum,,,,"by-gevoegt | yemandt | Hexameron Geometricum | Nieuw Onderwijs der Landt-Meterye | een corte Methode, Coherentiae ende aen-een-hanginge der gantscher Theologie",yemandt
bib-133,1650,London,ENGLISH,Arithmetic | Practical Geometry | Surveying,,,False,False,False,False,not_euclid_elements,False,False,False,False,False,False,False,False,False,False,PRACTICAL GEOMETRY,,,,"A Worke very necessary for all Men, but principally for Surveyors of Land, Engineers, and all other Students in the Mathematicks | PRACTICAL GEOMETRY | In Two Parts:  The First, Shewing how to perform the four Species of ARITHMETICK, (viz. Addition, Substraction, Multiplication, and Division,) Together with Reduction, and the Rule of Proportion in FIGURES.  The Second, Containing A Hundred GEOMETRICALL QUESTIONS, With their Solutions and Demonstrations, some of them being performed Arithmetically, and others Geometri- cally, yet all without the help of Algebra.  A Worke very necessary for all Men, but principally for Surveyors of Land, Engineers, and all other Students in the Mathematicks | chief Engineer to his late MAJESTY","A Worke very necessary for all Men, but principally for Surveyors of Land, Engineers, and all other Students in the Mathematicks | chief Engineer to his late MAJESTY"
bib-134,1641,Nuremberg,GERMAN,Practical Geometry,,,False,False,False,False,not_euclid_elements,False,False,False,False,False,False,False,False,False,False,GEOME-TRIÆ PRACTICÆ NOVÆ ET AUCTÆ,,,,AUCTÆ | erfunden | beschrieben | durchsehen | gemehret | Allen / der hochnützlichen Geome- triæ practicæ Liebhabern | GEOME-TRIÆ PRACTICÆ NOVÆ ET AUCTÆ | Beschreibung deß nützlichen Geometrischen Tischleins | NOVÆ ET AUCTÆ | M | M. Johanne Praetorio S,Allen / der hochnützlichen Geome- triæ practicæ Liebhabern | M | M. Johanne Praetorio S
bib-135,1667,Nuremberg,GERMAN,Practical Geometry | Surveying,Instrument Use,,False,False,False,False,not_euclid_elements,False,False,False,False,False,False,False,False,False,False,GEOMETRIÆ PRACTICÆ NOVÆ ET AUCTÆ LIBRI IV,,,,"gegeben | vermehrt | Allen Professionen, und insonderheit der Geometriæ Liebhabern | GEOMETRIÆ PRACTICÆ NOVÆ ET AUCTÆ LIBRI IV | Im I. Aus rechtem Fundament gewiesen wird; wie man in der Geometria, auf dem Papyr und Lande, mit denen dazu gehörigen Instrumenten, ja zur Noth ohne die- selben, verfahren und practicien solle | Im II. Wie ohne einig künstlich Geometrisch Instrument, allein mit der Meßruthe und etlichen Stäben, das Land zu messen | Im III. Die Beschreibung deß nützlichen Geometrischen Tisch- leins M. Johannis Pratorii | Im IV. Die Erfindung Camillæ Ravertræ, aus einem Stand das Land zu messen | Architect, & Ingenieur | M. Johannis Pratorii | Camillæ Ravertræ | mit vielen nütz- lichen Additionen und neuen Figuren","Allen Professionen, und insonderheit der Geometriæ Liebhabern | Architect, & Ingenieur | M. Johannis Pratorii | Camillæ Ravertræ"
bib-136,1634,Leiden,FRENCH,,,,False,False,False,False,not_euclid_elements,False,False,False,False,False,False,False,False,False,False,LES ŒUVRES Mathematiques,,,,"insérées | corrigé | augmenté | revu | LES ŒUVRES Mathematiques | Le tout revu, corrigé, & augmenté | Samielois, Mathematicien | MEMOIRES MATHEMATIQVES | Esquelles | MEMOIRES MATHEMATIQVES | Esquelles","Samielois, Mathematicien | le Tres-haut & Tres-illustre Prince MAURICE de NASSAU, Prince d’Auvergne"
bib-137,1693,Altdorf,LATIN,Architecture | Arithmetic | Gnomonics & Horology | Mechanics | Military Engineering | Theoretical Mathematics | Trigonometry,,,False,False,False,False,not_euclid_elements,False,False,False,False,False,False,False,False,False,False,,,,,"auctior | emendatiorq | edita | adornata | comprehenſa | illustrata | In tyronum usum pro Collegiis privatis | nunc altera vice, auctior emendatiorq edita | Philos. Natur. & Mathem. P. P | comprehenſa & Figuris aëri incisis illustrata | adornata",In tyronum usum pro Collegiis privatis | Philos. Natur. & Mathem. P. P
bib-138,1641,Louvain,LATIN,,,,False,False,False,False,not_euclid_elements,False,False,False,False,False,False,False,False,False,False,ANNVS POSITIONVM MATHEMATICARVM,,,,ANNVS POSITIONVM MATHEMATICARVM | R. P | SOCtIS IESV MAT: PROFESSORE,SOCtIS IESV | R. P | SOCtIS IESV MAT: PROFESSORE | Dom. D. WOLFFGANG9 PHILIPP9 IACOBVS VNVERZAGT Baro De Ebenfurt
bib-139,1673,Amsterdam,DUTCH,,Architecture | Arithmetic | Astronomy | Cosmography | Geography,Music Theory | Practical Geometry | Theoretical Mathematics,False,False,False,False,not_euclid_elements,False,False,False,False,False,False,False,False,False,False,,,,,"Te samen gevoeght | Getranslateert | verrijckt | vermeerdert | verbeterd | Oversien | verbeteret | Den sesten Druck, op nieuws Oversien, ende van vele Druck-fauten verbeteret | Mathematicus der Stadt Nymegen | met verscheyden Observationen en Annotationen | Arithmetica | Geometria | Astronomia | Geographia | Cosmographia | Musica | Physica | Optica | Catoptrica | Architectonica | Scioterica | Arithmetica | Geometria | Astronomia | Geographia | Cosmographia | Musica | Physica | Optica | Catoptrica | Architectonica | Scioterica | uyt Francoys | Nederduytsche Tale",Mathematicus der Stadt Nymegen
bib-14,1494,Venice,LATIN,Arithmetic | Theoretical Mathematics,,Practical Geometry,False,False,False,False,not_euclid_elements,False,False,False,False,False,False,False,False,False,False,,,,,,
bib-140,1644,Arnhem,DUTCH,,Architecture | Arithmetic | Astronomy | Cosmography | Geography,Music Theory | Theoretical Mathematics,False,False,False,False,not_euclid_elements,False,False,False,False,False,False,False,False,False,False,,,,,"Te samen ghevoeght | Ghetranslateert | verrijckt | vermeerdert | verbeteret | op nieuws oversien | verbetert | Den derden Drucx, op nieuws oversien ende verbetert | Mathem. ende Organist der Stadt Niuemegen | Te samen ghevoeght Van verscheyden ghenuchtijcke ende boertige Werck-stucken, soo uyt Arithmetica, Geometria, Astronomia, Geographia, Cosmographia, Musica, Physica, Optica, Catoptrica, Architectonica, Scioterica, als uyt andere onghehoorde Mysterien meer | Te samen ghevoeght Van verscheyden ghenuchtijcke ende boertige Werck-stucken | verrijckt, vermeerdert, ende verbeteret met verscheyden Observationen ende Annotationen | Den derden Drucx, op nieuws oversien ende verbetert | Fransch | Ne-derduytsche tale",Mathem. ende Organist der Stadt Niuemegen
bib-141,1672,Arnhem,DUTCH,,Architecture | Arithmetic | Astronomy | Cosmography | Geography | Music Theory,,False,False,False,False,not_euclid_elements,False,False,False,False,False,False,False,False,False,False,,,,,"Te samen gevoeght | Getranslateert | verrijckt | vermeerdert | verbeteret | op nieuws oversien | Den vijfden druck, op nieuws oversien ende van vele druck-fauten verbeteret | Mathem. der Stadt Nymegen | met verscheyden Observationen ende Annotationen | Arithmetica | Geometria | Astronomia | Geographia | Cos- mographia | Musica | Physica | Optica | Catoptrica | Architectonica | Scioterica | Arithmetica | Geometria | Astronomia | Geographia | Cos- mographia | Musica | Physica | Optica | Catoptrica | Architectonica | Scioterica | Francoys | Nederduytsche Tale",Mathem. der Stadt Nymegen
bib-142,1663,Arnhem,DUTCH,,Architecture | Arithmetic | Astronomy | Cosmography | Geography,Music Theory | Practical Geometry | Theoretical Mathematics,False,False,False,False,not_euclid_elements,False,False,False,False,False,False,False,False,False,False,,,,,"Te samen ghevoeght | Getranslateert | verrijckt | vermeerdert | verbeteret | overſien | Den Vierden Druck | op nieuws overſien | van vele Druck-fauten verbeteret | Mathem. ende Organist der Stadt Nymegen | Te samen ghevoeght Van verscheyden ghenuchelijcke ende boertighe Werck-stucken | verrijckt, vermeerdert ende verbeteret met verſcheyden Obſervationen ende Annotationen | uyt het Francſch | in Neder- duytſche tale",Mathem. ende Organist der Stadt Nymegen
bib-143,1690,Rome,LATIN,,,,True,False,True,True,elements_language_no_euclid,False,True,True,False,False,False,True,True,False,False,,,,,"additis | Rerum omnium ad universam planè Mathesim quocunque modo, directè, vel indirectè spectantium | Tyronum | Continens Terminum, praesertim exoticorum, dilucidationem, Nominis rationem, atque Etymologiam, Principia, Praecepta communia, Axiomata, &c. ac brevem, & exactam Doctrinae traditionem | additis, ubi opus est, schematibus","Rerum omnium ad universam planè Mathesim quocunque modo, directè, vel indirectè spectantium | Tyronum"
bib-144,1668,Paris,LATIN,Astronomy | Theoretical Mathematics,,Arithmetic | Trigonometry,False,False,False,False,not_euclid_elements,False,False,False,False,False,False,False,False,False,False,LEXICON MATHEMATICUM ASTRONOMICUM GEOMETRICUM,,,,"Adjectâ | LEXICON MATHEMATICUM ASTRONOMICUM GEOMETRICUM | Hoc est Rerum omnium ad utramque immo & ad omnem ferè Mathesim quomodocumque spectantium, Collectio, & explicatio | Clerico Regulari, vulgo Theatino | Adjectâ brevi novorum Theorematum expensione, verbo- rumque exoticorum dilucidatione","Clerico Regulari, vulgo Theatino"
bib-145,1678,Madrid,SPANISH,Practical Geometry | Theoretical Mathematics,,,True,True,False,False,euclid_utility_public,False,False,False,True,False,False,False,False,True,True,EVCLIDES NVEVO-ANTIGVO,EVCLIDES NVEVO-ANTIGVO,EVCLIDES,,"EVCLIDES NVEVO-ANTIGVO | GEOMETRIA ESPECVLATIVA, Y PRACTICA DE LOS PLANOS, Y SOLIDOS | de la Compañía de Iesvs, Calificador de la Su- prema Inquisicion, Cathedratico de Theologia Escolástica en los Colegios de Mallorca, Barce- lona, y Valencia; y de Mathematica en el Impe- rial de Madrid: de la Real Junta de Minas, y Maestro de Mathematicas de su Mag. Carlos II | EVCLIDES NVEVO-ANTIGVO | EVCLIDES","de la Compañía de Iesvs | los Colegios de Mallorca, Barce- lona, y Valencia | el Imperial de Madrid | de la Real Junta de Minas | de la Compañía de Iesvs, Calificador de la Su- prema Inquisicion, Cathedratico de Theologia Escolástica en los Colegios de Mallorca, Barce- lona, y Valencia; y de Mathematica en el Impe- rial de Madrid: de la Real Junta de Minas, y Maestro de Mathematicas de su Mag. Carlos II | AL EXCmo. SEÑOR D. GREGORIO de Silva, &c. Principe de Melito, Duque del Infantado, y Pastrana, &c"
bib-146,1671,Valencia,SPANISH,Practical Geometry | Theoretical Mathematics,,,False,False,False,False,not_euclid_elements,False,False,False,False,False,False,False,False,False,False,"GEOMETRIA ESPECVLATIVA, Y PRATICA DE LOS PLANOS, Y SOLIDOS",,,,"IMPRESSA | GEOMETRIA ESPECVLATIVA, Y PRATICA DE LOS PLANOS, Y SOLIDOS | M.R.P | de la Compañía de Iesus | Calificador del Santo Oficio | Cathedratico de Theologia Escolástica en los Colegios de Mallorca, Barcelona, y Valencia | agora de Mathematicas en los Estudios Reales del Imperial de Madrid","Compañía de Iesus | Colegios de Mallorca, Barcelona, y Valencia | Estudios Reales del Imperial de Madrid | Santo Oficio | M.R.P | de la Compañía de Iesus | Calificador del Santo Oficio | Cathedratico de Theologia Escolástica en los Colegios de Mallorca, Barcelona, y Valencia | agora de Mathematicas en los Estudios Reales del Imperial de Madrid | Ioseph Vicente del Olmo Cavallero, Secretario del Santo Oficio"
bib-147,1557,Venice,ITALIAN,Architecture | Military Engineering | Practical Geometry,,,True,True,False,False,euclid_geometry_theory_primary,False,False,False,False,False,False,False,False,True,True,DEL MODO DI DISEGNARE LE piante delle fortezze secondo Euclide,,Euclide,,"S’INTRODVCE | DEL MODO DI DISEGNARE LE piante delle fortezze secondo Euclide | ET DEL MODO DI COMPORRE I MODELLI, & torre in disegno le piante delle Città | Nouarese | ingegnero Veronese | Euclide",Nouarese | ingegnero Veronese | M. IACOMO DE’ LANTERI
bib-148,1598,Paris,FRENCH,Military Engineering | Perspective | Practical Geometry,Architecture,,False,False,False,False,not_euclid_elements,False,False,False,False,False,False,False,False,False,False,,,,,Imprimé | le curieux de Geo- metrie | CAPITAINE INGENIEVR DV ROY,le curieux de Geo- metrie | CAPITAINE INGENIEVR DV ROY
bib-149,1606,Milan,"ITALIAN, LATIN",Military Engineering,Construction | Mechanics,,False,False,False,False,not_euclid_elements,False,False,False,False,False,False,False,False,False,False,,,,,"Composta | ad ogni Officiale, e Soldato, che seguiti la Guerra | à chi si diletta di saper quanto conuenga alla professione Soldatesca | Ingegnere del Real’ Essercito di S. Maestà Cattolica in Italia","ad ogni Officiale, e Soldato, che seguiti la Guerra | à chi si diletta di saper quanto conuenga alla professione Soldatesca | Real’ Essercito di S. Maestà Cattolica | Ingegnere del Real’ Essercito di S. Maestà Cattolica in Italia"
bib-15,1554,Lyon,FRENCH,Arithmetic,,,False,False,False,False,not_euclid_elements,False,False,False,False,False,False,False,False,False,False,L’ARITHMETI-QUE DE IAQVES,,,,Reuieüe | augmentee | L’ARITHMETI-QUE DE IAQVES | Reuieüe & augmentee par l’Autheur,
bib-150,1598,London,ENGLISH,Military Engineering,Practical Geometry,,False,False,False,False,not_euclid_elements,False,False,False,False,False,False,False,False,False,False,THE THEORIKE AND PRACTIKE OF MODERNE WARRES,,,,"Discoursed | VVritten | Comprehended | THE THEORIKE AND PRACTIKE OF MODERNE WARRES | VVHEREIN IS DECLARED THE NEGLECT OF Martiall discipline: the inconuenience thereof: the imperfections of manie training Captaines: a redresse by due regard had: the fittest weapons for our Moderne VVarre: the vse of the same: the parts of a perfect souldier in generall and in particular: the Officers in degrees, with their seuerall duties: the imbattailing of men in formes now most in vse: with figures and Tables to the same: with sundrie other martiall points | with figures and Tables to the same | with sundrie other martiall points",
bib-151,1567,Brescia,ITALIAN,Arithmetic | Military Engineering,,Practical Geometry,False,False,False,False,not_euclid_elements,False,False,False,False,False,False,False,False,False,False,,,,,"APPRESSO | APPROVATO | AGGIONTE | ampliate | da cento fin’à ventimilia huomini | PER SAPERE CON PRESTEZZA QVANTE FILE VANNO A FORMare VNA GVISTISSIMA BATTAGLIA | DI NVOVO AGGIONTE, ET LARGAMENTE ampliate, tanto nella dichiaratione, come in esse tavole, dal medesimo autore | DI NVOVO AGGIONTE, ET LARGAMENTE ampliate",da cento fin’à ventimilia huomini
bib-152,1583,Venice,ITALIAN,Construction | Military Engineering,,,False,False,False,False,not_euclid_elements,False,False,False,False,False,False,False,False,False,False,DELLA FORTIFICATIONE DELLE CITTA,,,,"DELLA FORTIFICATIONE DELLE CITTA | Ne’ quali, oltre le molte inventioni di questi Autori, si contiene tutto quello di più importanza, che fino ad hora è stato scritto di questa materia; con infinite cose, che da molti Signori, Capitani, & Ingegneri dell’età nostra si sono hautue | Discorso del medesimo MAGGI sopra la Fortificatione de gli alloggiamenti de gli esserciti | Discorso del Capitan FRANCESCO MONTEMELINO sopra la fortificatione del Borgo di Roma | Trattato dell’Ordinanze, ouero Battaglie del Capitan GIOVACHINO da Coniano | Ragionamento del sudetto CASTRIOTTO sopra le fortezze della Francia | Discorso del medesimo MAGGI | Discorso del Capitan FRANCESCO MONTEMELINO | Trattato dell’Ordinanze, ouero Battaglie | Ragionamento del sudetto CASTRIOTTO",
bib-153,1579,London,ENGLISH,Arithmetic,Military Engineering,,False,False,False,False,not_euclid_elements,False,False,False,False,False,False,False,False,False,False,,,,,"Augmented | digested | finished | adjoyned | for the Profession of a Soldiour | Long since attempted by LEONARD DIGGES Gentleman | Augmented, digested, and lately finished, by THOMAS DIGGES, his Sonne | Gentleman | adjoyned certaine Questions of great Ordinance | the Moderne Militare Discipline, Offices, Lawes and Duties in every wel governed Campe and Armie | his other Treatize of Pyrotechny and great Artillerie | Moderne Militare Discipline, Offices, Lawes and Duties | Treatize of Pyrotechny and great Artillerie",for the Profession of a Soldiour | Gentleman
bib-154,1590,London,ENGLISH,Arithmetic | Military Engineering,,,False,False,False,False,not_euclid_elements,False,False,False,False,False,False,False,False,False,False,ARITHMETICAL VVARLIKE TREATISE NAMED STRATIOTICOS,,,,"augmented | reuiwed | corrected | published | for the profession of a Souldier | ARITHMETICAL VVARLIKE TREATISE NAMED STRATIOTICOS | Compendiously teaching the Science of Numbers as well in Fractions as Integers, and so much of the Rules and Æquations Algebraicall, and Art of Num- bers Cossicall, as are requisite for the profession of a Souldier | reuiwed and corrected by the author him selfe | augmented with sundry additions | First published by Thomas Digges Esquire Anno Salutis 1579 | sundry additions | the Moderne Militare Discipline, Offices, Lawes and orders | Moderne Militare Discipline",for the profession of a Souldier | the right Honourable Earle of Lei- cester
bib-155,1503,Freiburg,LATIN,,,Architecture | Instrument Use | Practical Geometry,False,False,False,False,not_euclid_elements,False,False,False,False,False,False,False,False,False,False,,,,,,
bib-156,1581,Venice,ITALIAN,Instrument Use | Mechanics,Architecture | Military Engineering,Practical Geometry,False,False,False,False,not_euclid_elements,False,False,False,False,False,False,False,False,False,False,,,,,"TRADOTTE | chi si diletta di questa nobilissima Scienza | Capitani di guerra | Ingegneri | Architetti | Artefice | la vera Dottrina di tutti gli Instrumenti principali da mouer pesi grandissimi con picciola forza | SIG | i vocaboli, & luoghi più difficili | IN VOLGARE",chi si diletta di questa nobilissima Scienza | Capitani di guerra | Ingegneri | Architetti | Artefice | SIG | ILLVSTRISS. SIG. GVIDO VBALDO DE’ MARCHESI DEL MONTE
bib-157,1649,London,ENGLISH,Cosmography,Geography,Astronomy,False,False,False,False,not_euclid_elements,False,False,False,False,False,False,False,False,False,False,,,,,Read Publiquely,ACADEMY
bib-158,1649,London,ENGLISH,Astronomy | Geography | Trigonometry,Arithmetic | Navigation,,False,False,False,False,not_euclid_elements,False,False,False,False,False,False,False,False,False,False,,,,,"added | Calculated | compared | made | for the benefit of Sea-men | Practitioners in the Mathematicks | diverse Rules and Tables, of extraordinary use in NAVIGATION | in the English Tongue",for the benefit of Sea-men | Practitioners in the Mathematicks
bib-159,1652,London,ENGLISH,Astronomy | Cosmography | Geography | Instrument Use,,,False,False,False,False,not_euclid_elements,False,False,False,False,False,False,False,False,False,False,,,,,"Containing the true and perfect Description, and use of the GLOBES, Both Coelestial and Terrestial | Furnished with variety of PROPOSITIONS, Both Geographical and Astronomical",
bib-16,1572,Paris,FRENCH,Practical Geometry,,Architecture | Instrument Use,False,False,False,False,not_euclid_elements,False,False,False,False,False,False,False,False,False,False,"DE VSVO GEOME TRIÆ, LIBER VNVS",,,,"DE VSVO GEOME TRIÆ, LIBER VNVS",CAROLUM EMANUELEM
bib-160,1656,Amsterdam,LATIN,Music Theory,,,False,False,False,False,not_euclid_elements,False,False,False,False,False,False,False,False,False,False,,,,,,
bib-161,1649,Leiden,LATIN,Theoretical Mathematics,,,False,False,False,False,not_euclid_elements,False,False,False,False,False,False,False,False,False,False,GEOMETRIA,,,,"edita | versa | illustrata | GEOMETRIA | Anno 1637 Gallicè edita; nunc autem | à SCHOOTEN, Leydensis, in Academiâ Lugduno-Batavâ, Mathefeos Professoris, Belgicè docentis | FLORIMONDI DE BEAVNE | cum Notis FLORIMONDI DE BEAVNE | commentariis illustrata | Gallicè | In linguam Latinam","Curiâ Blesensi Consiliarii Regii | Academiâ Lugduno-Batavâ | à SCHOOTEN, Leydensis, in Academiâ Lugduno-Batavâ, Mathefeos Professoris, Belgicè docentis | FLORIMONDI DE BEAVNE"
bib-162,1696,Paris,FRENCH,Theoretical Mathematics,,,False,False,False,False,not_euclid_elements,False,False,False,False,False,False,False,False,False,False,,,,,,
bib-163,1730,Lyon,FRENCH,Theoretical Mathematics,,,False,False,False,False,not_euclid_elements,False,False,False,False,False,False,False,False,False,False,,,,,R. P | de la Compagnie de JESUS | M. DESCARTES,Compagnie de JESUS | R. P | de la Compagnie de JESUS | M. DESCARTES
bib-167,1511,Paris,LATIN,Theoretical Mathematics,,,False,False,False,False,not_euclid_elements,False,False,False,False,False,False,False,False,False,False,,,,,continetur | Liber de intellectu | Liber de sensu | Liber de nichilo | Ars oppositorum | Liber de generatione | Liber de sapiente | Liber de duodecim numeris | Epistole complures | De Numeris Perfectis | De Mathematicis Rosis | De Geometricis Corporibus | De Geometricis Supplementis | Liber de intellectu | Liber de sensu | Liber de nichilo | Ars oppositorum | Liber de generatione | Liber de sapiente | Liber de duodecim numeris | Epistole complures | De Numeris Perfectis | De Mathematicis Rosis | De Geometricis Corporibus | De Geometricis Supplementis,
bib-168,1513,Paris,LATIN,,,,False,False,False,False,not_euclid_elements,False,False,False,False,False,False,False,False,False,False,,,,,,
bib-169,1552,Paris,FRENCH,Astronomy | Cosmography | Geography,Cartography,Practical Geometry,True,False,True,True,elements_language_no_euclid,False,False,True,True,False,False,True,False,False,False,L’SPHERE DU MON- DE,,,,"composée | divisée | comprenant | touchant | L’SPHERE DU MON- DE | PROPREMENT DITTE COS- mographie, composée nouvellement en françois, & divisée en cinq livres, comprenant la première partie de l’astronomie, & les principes universels de la géographie & hydrographie | NATIF DU Daulphiné | lecteur Mathematicien du tres-chrestien Roy de France en l’université de Paris | Avec une épistre, touchant la dignité, perfection & utilité des sciences mathematiques | en françois",l’université de Paris | NATIF DU Daulphiné | lecteur Mathematicien du tres-chrestien Roy de France en l’université de Paris
bib-17,1573,Paris,FRENCH,Practical Geometry,,Architecture | Instrument Use,False,False,False,False,not_euclid_elements,False,False,False,False,False,False,False,False,False,False,DE L’VSAGE DE GEOMETRIE,,,,DE L’VSAGE DE GEOMETRIE | MEDECIN ET MATHEMATICIEN,MEDECIN ET MATHEMATICIEN | A TRESILLVSTRE SEIGNEVR MESSIRE ALBERT DEGONDY COMTE DE RETZ
bib-170,1526,Paris,LATIN,Astronomy | Instrument Use,,Instrument Construction,False,False,False,False,not_euclid_elements,False,False,False,False,False,False,False,False,False,False,,,,,,
bib-171,1515,Augsburg,LATIN,Arithmetic | Astronomy | Geography | Perspective,,Music Theory,False,False,False,False,not_euclid_elements,False,False,False,False,False,False,False,False,False,False,,,,,Quadratum sapientiæ: continens in se septem artes liberales veterum | Circulos biblic. iiii. in quibus metaphysica mosaica | Commentaria horum | Grammatica | Logica | Rhetorica | Monastica | Oeconomic | Politica | Alcarithmus subalternus | Arithmetica | Geometria | Perspectiva subalterna | Musica | Astronomia | Geographia | Physica | Medicina subalterna | Metaphysica | don. alex. gua. lasca. Poetc | nouus | boetius | petrus iacobi | boetius ephemerides | ptolemeus Historiæ | dioscorides | bibliaum triplex | aa i | Quadratum sapientiæ | Circulos biblic. iiii | Commentaria horum | Grammatica | Logica | Rhetorica | Monastica | Oeconomic | Politica | Alcarithmus subalternus | Arithmetica | Geometria | Perspectiva subalterna | Musica | Astronomia | Geographia | Physica | Medicina subalterna | Metaphysica | don. alex. gua. lasca. Poetc | nouus | boetius | petrus iacobi | boetius ephemerides | ptolemeus Historiæ | dioscorides | bibliaum triplex | aa i,
bib-172,1493,Paris,LATIN,,,,False,False,False,False,not_euclid_elements,False,False,False,False,False,False,False,False,False,False,,,,,pandit,
bib-173,1503,Paris,LATIN,,,,False,False,False,False,not_euclid_elements,False,False,False,False,False,False,False,False,False,False,LIBRI LOGICORUM,,,,"juvenes | LIBRI LOGICORUM | Ad archetypos recogniti, cum novis ad litteras com­menta­riis | Aristotelico | cum novis ad litteras com­menta­riis",juvenes | Aristotelico
bib-174,1503,Paris,LATIN,Arithmetic | Astronomy | Practical Geometry,Theoretical Mathematics,,False,False,False,False,not_euclid_elements,False,False,False,False,False,False,False,False,False,False,,,,,,
bib-175,1505,Paris,LATIN,,,,False,False,False,False,not_euclid_elements,False,False,False,False,False,False,False,False,False,False,Primum volumen Contemplationum,,,,ad lectorem | Primum volumen Contemplationum | Remundi duos libros continens | Libellus Blaquerne de amico et amato | Libellus Blaquerne de amico et amato,ad lectorem | Beati Rhenani Alsatici
bib-176,1514,Paris,LATIN,,,Architecture | Instrument Use | Practical Geometry | Theoretical Mathematics,False,False,False,False,not_euclid_elements,False,False,False,False,False,False,False,False,False,False,,,,,RECENTER EMISSA EST | RECENTER EMISSA EST,OFFICINA ASCENSIA
bib-177,1543,Paris,LATIN,,,,False,False,False,False,not_euclid_elements,False,False,False,False,False,False,False,False,False,False,,,,,,Lutetiae   Parisiorum Aca­   demiam
bib-178,1502,Nuremberg,LATIN,,,,False,False,False,False,not_euclid_elements,False,False,False,False,False,False,False,False,False,False,,,,,,
bib-179,1641,Haarlem,DUTCH,Arithmetic | Commercial Mathematics,,,False,False,False,False,not_euclid_elements,False,False,False,False,False,False,False,False,False,False,ARITHMETICA,,,,"fecit | ARITHMETICA | Met een Tafel van Interest, van een op’t hondert, ende van 4. tot 8. tot in 9. hondert Interest op Interest | DIEPPOIS | Aristote",DIEPPOIS | Aristote
bib-18,1568,Salamanca,SPANISH,Astronomy | Instrument Use | Practical Geometry,Geography | Gnomonics & Horology | Navigation,Theoretical Mathematics,False,False,False,False,not_euclid_elements,False,False,False,False,False,False,False,False,False,False,OBRA INTITVLADA FRAGMENTOS MATHEMATICOS,,,,"INTITVLADA | Ordenada | OBRA INTITVLADA FRAGMENTOS MATHEMATICOS | En que se tratan cosas de Geometria, y Astronomia, y Geographia, y Philosophia natural, y Sphera, y Astrolabio, y Navegacion, y Reloxes | el Bachiller | na tural de Santisteuan del Puerto",el Bachiller | na tural de Santisteuan del Puerto
bib-180,1628,Rotterdam,DUTCH,Arithmetic | Commercial Mathematics,,,False,False,False,False,not_euclid_elements,False,False,False,False,False,False,False,False,False,False,ARITHMETICA,,,,"by gevoegt | ARITHMETICA | Van die ghemeene Reghels, diemen in alle Koopmanschap van doen heeft | Ick hebbe hier noch by gevoegt de Tel-Konst | School-houdende binnen Rotterdam | de Tel-Konst",School-houdende binnen Rotterdam | P. SCHAGHEN
bib-181,1584,Paris,LATIN,Arithmetic,,,False,False,False,False,not_euclid_elements,False,False,False,False,False,False,False,False,False,False,,,,,,PRIMO SENATVS
bib-182,1626,Leiden,LATIN,Arithmetic | Military Engineering | Trigonometry,,,True,False,False,False,euclid_geometry_theory_primary,False,False,False,False,False,False,False,False,True,False,ARITHMETICÆ LIBRI DUO | GEOMETRIA  LIB. VI,GEOMETRIA  LIB. VI,,,diuingitur | ARITHMETICÆ LIBRI DUO | GEOMETRIA  LIB. VI | GEOMETRIA  LIB. VI | TRIGONOMETRIÆ Planorium Methodus succincta | FORTIFICATIONES | TRIGONOMETRIÆ | FORTIFICATIONES,
bib-183,1614,Franeker,DUTCH,Astronomy | Cosmography | Geography | Gnomonics & Horology | Instrument Use | Navigation,,,False,False,False,False,not_euclid_elements,False,False,False,False,False,False,False,False,False,False,,,,,"Beschreven | Inhoudende | Schippers ende Stuerluyden | alle liefhebbers der selver konst | Mathe-seos Professorem in de Universiteit van Friesland | Mitsgaders een korte ende klare onderrechtinghe van de noodighe konst der Zeevaert | Inhoudende nieu inventie practijcque instrumenten, sonwijse practijken ende teykenen daer toe dienende",Schippers ende Stuerluyden | alle liefhebbers der selver konst | Universiteit van Friesland | Mathe-seos Professorem in de Universiteit van Friesland
bib-184,1611,Leiden,LATIN,Arithmetic | Practical Geometry,,,False,False,False,False,not_euclid_elements,False,False,False,False,False,False,False,False,False,False,,,,,,
bib-185,1582,Antwerp,DUTCH,Arithmetic | Commercial Mathematics,,,False,False,False,False,not_euclid_elements,False,False,False,False,False,False,False,False,False,False,,,,,ghecalculeert | Bruggelinck,Bruggelinck
bib-186,1585,Leiden,FRENCH,Arithmetic,Commercial Mathematics | Theoretical Mathematics,,True,True,False,False,euclid_composite_workshop,False,True,True,False,True,False,False,False,False,False,Dixiesme Livre d’Euclide,Dixiesme Livre d’Euclide,Dixiesme Livre d’Euclide,,traduits | Dixiesme Livre d’Euclide | Diophante d’Alexandrie | Dixiesme Livre d’Euclide | Les Tables d’Interest | La Dîme | un traité des Incommensurables grandeurs | l’Explication du Dixiesme Livre d’Euclide | les quatre premiers liures d’Algebre de Diophante d’Alexandrie | un liure particulier de la Practique d’Arithmetique | les quatre premiers liures d’Algebre de Diophante d’Alexandrie | un liure particulier de la Practique d’Arithmetique | en François | Dixiesme Livre d’Euclide,Diophante d’Alexandrie
bib-187,1615,Leiden,DUTCH,Commercial Mathematics | Practical Geometry | Surveying | Trigonometry,Arithmetic,,False,False,False,False,not_euclid_elements,False,False,False,False,False,False,False,False,False,False,VANDEN CIRCKEL,,,,"gecor- rigieerde | oversien | verbeteret | verbetert | vermeerdert | by-voeghselen | ghehouden | uyt-ghegeven | beschreven | ghebracht | gheproeft | voor de Land-meters | VANDEN CIRCKEL | Daer in gheleert werdt te vinden  den naesten proportie des Circkels-Diameters teghen sijn om-  loop / daer door alle Circkels (met alle Figuren / ofte Lijnen met com-  munen hoeken) recht ghemeten kunnen werden | Item alle Figurens-  nyden in den Circkel beschreven / beginnende van den 3,4,5,6,7,8 tot  in Fractionale getallen te beschrijven, al hadde hy de figure heel   hondert-duysent hoeken | Item / by 7,11,13,17,19,23. gecor-  rigieerde proportien soecken | Twee­de Editie | Van nieuws oversien / ende van alle de voor-gaende fauten verbeteret / ende aen-ghevuld vermeerdert met by-voeghselen | met het ghebruyck van dien, hoogh-noodigh voor de Land-meters | Met veel andere konstighe stucken, dierghelijcke noyt in druck uyt-ghegeven | Met noch seer hantvvoedige dingen | Noch de Tafelen Sinuum, Tangentium, ende Secantium, met het ghebruyck van dien, hoogh-noodigh voor de Land-meters: Met veel andere konstighe stucken, dierghelijcke noyt in druck uyt-ghegeven | Ten laetsten, van Interest / met alderhande Tafelen daer toe dienende / met het ghebruyck / door veel constighe Exempelen gheleert, ende door 't gheheel werk beschreven, ende gheproeft | Van nieuws oversien / ende van alle de voor-gaende fauten verbeteret / ende   aen-ghevuld vermeerdert met by-voeghselen / waer in door den Autheur uber-  langhe tijden verbetert, int hembaer quaet ghehouden des circkels / uyt-ghegeven   door Symon vander Eycke. Met noch seer hantvvoedige dingen / in   aenghecleende Geometrische questien | de Tafelen Sinuum, Tangentium, ende Secantium | van Interest | Tafelen Sinuum, Tangentium, ende Secantium | Interest",voor de Land-meters
bib-188,1619,Leiden,LATIN,Theoretical Mathematics,,,False,False,False,False,not_euclid_elements,False,False,False,False,False,False,False,False,False,False,CIRCULO & ADSCRIPTIS LIBER,,,,"fecit | illustravit | accesserunt | CIRCULO & ADSCRIPTIS LIBER | In quo plurimorum polygonorum latera per irrationalium numerorum griphos, quorum libet autem per numeros absolutos secundum Algebraicarum aequationum leges explicantur | annotationibus illustravit | pagina versa | vernaculo Latina",
bib-189,1615,Leiden,DUTCH,Arithmetic | Theoretical Mathematics | Trigonometry,,Practical Geometry,True,False,True,True,elements_language_no_euclid,True,False,False,False,False,False,True,False,True,False,DE   Arithmetische en Geometrische   fondamenten,,,,"DE   Arithmetische en Geometrische   fondamenten | Met het ghebruyck van dien   In veele verscheydene constighe questien, soo Geometrice door   linien, als Arithmetice door irrationale ghetallen,   oock door den regel Coß, ende de tafelen   sinuum ghesolvvert",
bib-19,1583,Alcala,SPANISH,Practical Geometry | Theoretical Mathematics,,,False,False,False,False,not_euclid_elements,False,False,False,False,False,False,False,False,False,False,TRATADO DE GEO metria,,,,"TRATADO DE GEO metria | Práctica, y Speculatiua | EL BACHILLER",EL BACHILLER
bib-190,1701,London,ENGLISH,Arithmetic | Commercial Mathematics,Astronomy | Theoretical Mathematics,Practical Geometry | Surveying,True,False,True,True,elements_language_no_euclid,False,True,True,False,False,False,True,False,False,False,Body of Arithmetick,,,,"added | Explain’d | Declared | Handled | Illustrated | digested | delivered | Merchants, and all that would understand ACCOUNTS, or the Mathematical  and Mechanical ARTS and SCIENCES | Body of Arithmetick | WHEREIN THE  Whole Nature of NUMBERS, with their Simple and Comparative  Elements in all the Parts of ARITHMETICK, are plainly Declared,  and fully Handled | Merchant | Excellent RULES of PRACTICE | Many Large and Exact TABLES of all Sorts of Coins, Weights,  Measures, &c. Ancient and Modern, in most Countries, reduced to our own | divers Etymologies, Symbols, Characters,  and Abbreviations for Artificial Terms, Words, Names,  and Denominations | Illustrated by sundry Tables, Diagrams, and very  many Examples","Merchants, and all that would understand ACCOUNTS, or the Mathematical  and Mechanical ARTS and SCIENCES | Merchant"
bib-191,1649,London,ENGLISH,Arithmetic | Commercial Mathematics,,,False,False,False,False,not_euclid_elements,False,False,False,False,False,False,False,False,False,False,ARITHMETICK,,,,"added | ARITHMETICK | The first of Vulgar Arithmetick with easie Rules to worke all the first four parts of Arithmetick, in whole Numbers and Fractions | The second of Decimall Arithmetick, whereby all Fractionall Operations are wrought in whole Number, in Mer- chants Accompts, without Reducti- ons, with the perfect working of Interests and Annuities | The First Edition | Surveyer, and   Practitioner in the Mathematicks | Tables of Interest exactly calculated at 10, 8, 7, and 6 per cent | The Reduction of Weights, Value of Leases and Annuities | The weight and value of English Gold | Rebate at 8 per cent","Surveyer, and   Practitioner in the Mathematicks"
bib-192,1722,London,ENGLISH,Surveying,Arithmetic | Instrument Use | Practical Geometry,,False,False,False,False,not_euclid_elements,False,False,False,False,False,False,False,False,False,False,Compleat Surveyor,,,,"Altered | Amended | added | examin’d | Added | Compleat Surveyor | Or, the WHOLE ART of SURVEYING OF LAND, BY A New INSTRUMENT lately invented; As also by the Plain Table, Circumferentor, the Theodolite as now improv’d, or by the Chain only | The Whole Altered and Amended, and Two entire Books added by the AUTHOR long before his Death | THE FIFTH EDITION, in IX BOOKS | Two entire Books added | APPENDIX Added to the Whole, Consisting of Practical Observations in Land Surveying",
bib-193,1700,London,ENGLISH,Arithmetic,,Instrument Use,False,False,False,False,not_euclid_elements,False,False,False,False,False,False,False,False,False,False,"ARITHMETICK, VULGAR, DECIMAL, INSTRUMENTAL, ALGEBRAICAL",,,,"Corrected | Enlarged | ARITHMETICK, VULGAR, DECIMAL, INSTRUMENTAL, ALGEBRAICAL | The Seventh Edition",
bib-194,1700,London,ENGLISH,Astronomy | Gnomonics & Horology | Practical Geometry | Trigonometry,Instrument Use,,False,False,False,False,not_euclid_elements,False,False,False,False,False,False,False,False,False,False,,,,,"annexed | Of divers Kinds,  Calculated for several Elevations of the Pole (or Latitudes) very useful, and really subservient to the ART OF DIALLING | TABLE of Natural Sines, TANGENTS, and SECANTS, (hereunto annexed | SCALE (or Sector rather) having Equal Parts upon it | other FURNITURE",
bib-195,1700,London,ENGLISH,Gnomonics & Horology | Instrument Construction | Practical Geometry | Trigonometry,Arithmetic | Astronomy | Mechanics,,False,False,False,False,not_euclid_elements,False,False,False,False,False,False,False,False,False,False,,,,,"Corrected | added | Collected | Methodized | Published | Performed | The Second Edition Corrected, and two New Tractates added | two New Tractates added | Illustrated with SCULPTURES, Engraven in COPPER",
bib-196,1752,London,ENGLISH,Commercial Mathematics,Arithmetic,,False,False,False,False,not_euclid_elements,False,False,False,False,False,False,False,False,False,False,,,,,"Containing | Adapted to the USE of | Cast up | Shewing | Added | Merchants, Grocers, Mercers, Brewers, Bankers, Weavers, Drapers, And Haberdashers. Goldsmiths,   And All who Deal by Wholesale, or Retail | Carpenters, Plaisterers, Bricklayers, Plummers, Joyners, And Painters; Glaziers,   And All other MECHANICKS | For all Purchasers of Houses or Lands | The Tenth Edition | A TABLE of Commission, or Brokage, for ½, ¾, 1, 1 ½, 2, 2 ½, and 3 per Cent","Merchants, Grocers, Mercers, Brewers, Bankers, Weavers, Drapers, And Haberdashers. Goldsmiths,   And All who Deal by Wholesale, or Retail | Carpenters, Plaisterers, Bricklayers, Plummers, Joyners, And Painters; Glaziers,   And All other MECHANICKS | For all Purchasers of Houses or Lands"
bib-197,1702,London,ENGLISH,Astronomy | Cartography | Cosmography | Geography | Gnomonics & Horology | Navigation,Instrument Construction | Instrument Use,Practical Geometry | Theoretical Mathematics | Trigonometry,False,False,False,False,not_euclid_elements,False,False,False,False,False,False,False,False,False,False,,,,,Made easie | the Description and Uses of the Coelestial and Terrestrial GLOBES,
bib-198,1671,London,ENGLISH,Arithmetic,,,False,False,False,False,not_euclid_elements,False,False,False,False,False,False,False,False,False,False,Mr. Wingate’s Arithmetick,,,,"composed | enlarged | revised | improved | Mr. Wingate’s Arithmetick | Containing A PLAIN AND FAMILIAR METHOD, For attaining the KNOWLEDGE and PRACTICE Of COMMON ARITHMETICK | The Sixth Edition | Teacher of the Mathematicks, at the Sign of the Globe in Shandois-street in Covent-Garden | Edmund Wingate | Boetius","Teacher of the Mathematicks, at the Sign of the Globe in Shandois-street in Covent-Garden | Edmund Wingate | Boetius"
bib-199,1672,London,ENGLISH,Arithmetic | Commercial Mathematics | Instrument Use,,,False,False,False,False,not_euclid_elements,False,False,False,False,False,False,False,False,False,False,,,,,Invented | Presented,"His most Excellent Majesty CHARLES II. King of Great Britain, France, and Ireland, &c"
bib-2,1547,Paris,FRENCH,Practical Geometry,,Architecture | Instrument Use,False,False,False,False,not_euclid_elements,False,False,False,False,False,False,False,False,False,False,Geometrie practique,,,,"composee | reueue | augmen-  tée | enrichie | Geometrie practique | nou uellement par luy reueue, augmen- tée, & grandement enrichie | le noble Philosophe maistre | augmen-  tée | grandement enrichie",le noble Philosophe maistre
bib-20,1599,Rome,ITALIAN,Practical Geometry,Architecture | Construction | Cosmography | Geography | Surveying,,True,True,True,False,euclid_utility_public,False,True,False,True,False,False,False,False,True,True,Elementi d’Euclide,Elementi d’Euclide,Euclide,,"TRATTA | descritta | Dichiarata | ad un buon Geometra | à Misuratori di terreni, di fabriche, et altri simili | à Geografi, Cosmografi, Architetti Civili, et Militari | à Bombardieri, Soldati privati, Capitani, Maestri di Campo | à qual si Voglia altra persona Virtuosa | Elementi d’Euclide | Mathematico eccellentissimo | Mathematico | Elementi d’Euclide | 150. Tavole di Rame | Euclide","ad un buon Geometra | à Misuratori di terreni, di fabriche, et altri simili | à Geografi, Cosmografi, Architetti Civili, et Militari | à Bombardieri, Soldati privati, Capitani, Maestri di Campo | à qual si Voglia altra persona Virtuosa | Mathematico eccellentissimo | Mathematico"
bib-200,1761,Leeuwarden,DUTCH,Arithmetic | Commercial Mathematics,,,False,False,False,False,not_euclid_elements,False,False,False,False,False,False,False,False,False,False,,,,,VERNIeUWDE | Geheel Uitgewerkt | vermeerdert met | Kunst-lievende Leerlingen | DERDE DRUK | Geheel Uitgewerkt | vermeerdert met verscheiden nieuwe Uitwerkingen,Kunst-lievende Leerlingen | Mr. WILLEM BARTJENS
bib-202,1649,Middelburg,DUTCH,Arithmetic | Commercial Mathematics,,Practical Geometry,False,False,False,False,not_euclid_elements,False,False,False,False,False,False,False,False,False,False,,,,,by-gevoecht | alle On-erfarene inde Reken-konste | de Proporien van verscheyden Landt-maten | eenigh seer faculteuse Mathematische Questiën,alle On-erfarene inde Reken-konste
bib-203,1690,Utrecht,DUTCH,Arithmetic,,,False,False,False,False,not_euclid_elements,False,False,False,False,False,False,False,False,False,False,t KONSTIGH CYFFER-BOEK,,,,Begonnen door | volvoert door | byvoegingh van | t KONSTIGH CYFFER-BOEK | Begonnen door Mr. DIRK DE GRAUW; En volvoert door een wel-ervaren Persoon in dese Konst | een wel-ervaren Persoon | Met volkomene Uytwerkingh aller Questiën | en byvoegingh van veelerley andere soo noodige als konstige Opgevingen,een wel-ervaren Persoon
bib-204,1658,Middelburg,DUTCH,Arithmetic,Theoretical Mathematics,,False,False,False,False,not_euclid_elements,False,False,False,False,False,False,False,False,False,False,ARITHMETICA,,,,"nieuwelijck over­sien | na-ge­rekent | gezuijvert | vermeerdert | over-ge­set | by-voeginghe | ARITHMETICA | Nu nieuwelijck over­sien, ’alle Questiën na-ge­rekent, en van ontallijke fouten gezuijvert | Item vermeerdert met d’Algebraïsche werckingen, uyt het Fransche Exemplaer over-ge­set; met by-voeginghe van verscheyden andre fraeye Questiën, en noodige annotationen | Reken-meester ’s Lants ende Graeffelijckheydts van ZEELANT | d’Algebraïsche werckingen | Fransche Exemplaer | verscheyden Andre fraeye Questiën | noodige annotationen | Fransche",Reken-meester ’s Lants ende Graeffelijckheydts van ZEELANT
bib-205,1664,Dordrecht,DUTCH,Arithmetic | Practical Geometry | Surveying,,,False,False,False,False,not_euclid_elements,False,False,False,False,False,False,False,False,False,False,,,,,gemaeckt | Geadmitteert | gedrukt | in sijn leven Land- meter tot Leyden | Reekenmr. ’s Lands en Graefs- lyckheyt van Zeelandt | met eenige dingen ter saken die nieuwe be­meereert,in sijn leven Land- meter tot Leyden | Reekenmr. ’s Lands en Graefs- lyckheyt van Zeelandt
bib-206,1677,"Frankfurt, Leipzig",GERMAN,Military Engineering,Construction | Instrument Construction | Instrument Use | Practical Geometry,,False,False,False,False,not_euclid_elements,False,False,False,False,False,False,False,False,False,False,,,,,"Inscripienten | Practicanten | Absehenen aus den berühmbtesten Fundamenten Einer vortheilhafften, angenehmen und meist Geometrischen Arithmetick, und Gründlichen vollständigen Geometrie",Inscripienten | Practicanten
bib-207,1669,Dordrecht,DUTCH,Practical Geometry | Surveying,,,False,False,False,False,not_euclid_elements,False,False,False,False,False,False,False,False,False,False,De Beknopte LANT-MEET-KONST,,,,"gestelt | vermeerdert | gesuyvert | gevoeght | Geadmitteert | voor Leerlingen en Jonge Practisijns | voor alle Liefhebbers | voor alle Lief-hebbers van Geometrische speculatien | De Beknopte LANT-MEET-KONST | Leerende In’t korte, alles wat in’t gemeen, in de Practijcke des Landt-meetens voor-komen kan | Den tweeden druck: in vele plaetsen vermeerdert, en van voorgaende fauten gesuyvert | het Tractaet van de Landt-maeten | het Tractaet van de Landt-maeten | Tractaet van de Landt-maeten",voor Leerlingen en Jonge Practisijns | voor alle Liefhebbers | voor alle Lief-hebbers van Geometrische speculatien
bib-208,1689,Dordrecht,DUTCH,Practical Geometry | Surveying,Construction,Instrument Use,False,False,False,False,not_euclid_elements,False,False,False,False,False,False,False,False,False,False,,,,,"gestelt | vermeerdert | gevoeght | Geadmitteert | verklaert | voor Leerlingen en Jonge Practisijns | voor alle Lieden | voorder voor alle Liefhebbers van Geometrische speculatien | Den derden druck: in vele plaetsen vermeerdert | Hier by gevoeght, het Tractaet van de Landt-maeten | Geadmitteert Landt-meter | J. P. Dou | C. Everdijck | met noodige Figuuren en Demonstratien | voornamelijk met Saecken, Dijckagien, en Inbraecken van Polders",voor Leerlingen en Jonge Practisijns | voor alle Lieden | voorder voor alle Liefhebbers van Geometrische speculatien | Geadmitteert Landt-meter | J. P. Dou | C. Everdijck
bib-209,1600,Leiden,DUTCH,Practical Geometry | Surveying,Instrument Use,,False,False,False,False,not_euclid_elements,False,False,False,False,False,False,False,False,False,False,,,,,ghecomponeert | ghegheven | geadmitteert | nieuws | geadmitteert Lantmeeter by den Hove van West-Vrieslant | geadmitteert Lantmeeter by den Hove van Hollant | nieuw gehaeculeerde Tafelen,den Hove van West-Vrieslant | den Hove van Hollant | geadmitteert Lantmeeter by den Hove van West-Vrieslant | geadmitteert Lantmeeter by den Hove van Hollant
bib-210,1600,Leiden,DUTCH,Cartography | Instrument Use | Practical Geometry | Surveying,Architecture,,False,False,False,False,not_euclid_elements,False,False,False,False,False,False,False,False,False,False,,,,,ghecomponeert | ghegheven,
bib-211,1547,Antwerp,DUTCH,Practical Geometry,Instrument Use,,False,False,False,False,not_euclid_elements,False,False,False,False,False,False,False,False,False,False,,,,,aenghaende | beschreuen | Canonick van Noyon | in François,Canonick van Noyon
bib-212,1603,Amsterdam,DUTCH,Arithmetic | Commercial Mathematics,,,False,False,False,False,not_euclid_elements,False,False,False,False,False,False,False,False,False,False,Arithmetica,,,,"Gestelt | int corte | Arithmetica | Practicque omme int corte te leeren spheren naer alderleyse Coophandel inghe, met som- mighe Exemplen ghesolvert deur die Cabiça, Cost, tot profyte van alle Coopluijden | met som- mighe Exemplen",int corte
bib-213,1608,Rees,DUTCH,Astronomy | Instrument Use | Practical Geometry | Surveying,,,False,False,False,False,not_euclid_elements,False,False,False,False,False,False,False,False,False,False,,,,,"afgedeeylt | begrepen | gestelt | vergadert | gheweest | Liefhebber der vrye consten | Apiani | een nieuwen Wett-schrift, gestelt men noem het den Jacobstaff",Liefhebber der vrye consten | Liefhebber der vrye consten | Apiani
bib-214,1691,"Paris, Amsterdam",FRENCH,Practical Geometry,,,False,False,False,False,not_euclid_elements,False,False,False,False,False,False,False,False,False,False,,,,,SUR LE PAPIER ET SUR LE TERRAIN,
bib-215,1653,London,ENGLISH,Gnomonics & Horology | Instrument Use,Architecture | Arithmetic | Astronomy | Cosmography | Mechanics | Navigation,Instrument Construction,False,False,False,False,not_euclid_elements,False,False,False,False,False,False,False,False,False,False,Mathematicall RECREATIONS,,,,"extracted | compil’d | added | Invented | written | Mathematicall RECREATIONS | A Collection of many Problemes, extracted out of the Ancient and Modern Philo­- sophers, as Secrets and Experiments in Arithmetick, Geometry, Cosmographie, Horologiographie, Astronomie, Navigation, Musick, Opticks, Architecture, Staticks, Mechanicks, Chymistry, Water-works, Fire- works, &c. Not vulgarly mani­ fest till now | Written first in Greeke and Latin, lately compil’d in French, by Henry Van Etten, and now in English, with the Examinations and Augmentations of divers Modern Mathematicians | the Examinations and Augmentations of divers Modern Mathematicians | the Description and Use of the Generall Horologicall Ring | The Double Horizontall Diall | the Description and Use of the Generall Horologicall Ring | The Double Horizontall Diall | Description and Use of the Generall Horologicall Ring | Double Horizontall Diall | Greeke | Latin | French | now in English",
bib-216,1694,London,ENGLISH,,Arithmetic | Commercial Mathematics,,True,False,True,True,elements_language_no_euclid,False,True,True,True,False,False,True,True,False,False,,,,,"added | Children and Youth | Men of all Degrees, and Qualities | School-master at St. Georges Church in Southwark | An Appendix containing the Principles of Arith- metick; with an Account of Coins, Weights, Measure, Time, &c | THE ENGLISH","Children and Youth | Men of all Degrees, and Qualities | St. Georges Church in Southwark | Universities | City of London | School-master at St. Georges Church in Southwark"
bib-217,1496,Paris,LATIN,Arithmetic | Music Theory,,,False,False,False,False,not_euclid_elements,False,False,False,False,False,False,False,False,False,False,,,,,divi Severini Boetii | Pythagoræ | Pieriis,G. Sonterius Labilonensis | divi Severini Boetii | Pythagoræ | Pieriis
bib-218,1634,London,ENGLISH,Arithmetic,Commercial Mathematics,,True,False,True,True,elements_language_no_euclid,False,True,True,False,False,False,True,False,False,False,THE PRINCIPLES of Arithmetick,,,,"making | THE PRINCIPLES of Arithmetick | WITH Helpfull Observations, making the Entrance easie, and the Practice pleasant | WITH Helpfull Observations | With new and notable Abridgements | with extraordinarie Helps | some excellent Observations | TEACHING The five ordinary parts of ARITHME- TICK, the usuall way | Rules of PRACTICE, with extraordinarie Helps | The doctrine of FRACTIONS, The foure Rules of ARITHMETICK | Recreations extraordinary; or the easie perfor- mance of (seeming) Impossibilities | The five ordinary parts of ARITHME- TICK | Rules of PRACTICE | The doctrine of FRACTIONS | Recreations extraordinary",
bib-219,1647,London,ENGLISH,Arithmetic | Commercial Mathematics,,,False,False,False,False,not_euclid_elements,False,False,False,False,False,False,False,False,False,False,,,,,"added | The fifth Edition with very large Additions | With a necessary addition concerning half yearly and quarterly payments | Whereunto is now added, Certain Tables, very necessary for the ready reducing of gold and silver into Standard | with very large Additions",
bib-22,1504,Strasbourg,LATIN,,,,False,False,False,False,not_euclid_elements,False,False,False,False,False,False,False,False,False,False,,,,,,
bib-220,1613,London,ENGLISH,Arithmetic,,Commercial Mathematics,False,False,False,False,not_euclid_elements,False,False,False,False,False,False,False,False,False,False,,,,,,
bib-221,1634,London,ENGLISH,Arithmetic | Commercial Mathematics,,,False,False,False,False,not_euclid_elements,False,False,False,False,False,False,False,False,False,False,,,,,Calculated | added | The second Edition | R. W. of London | sundry sorts of Breviats after the rate of 8 per Cent. per Annum,R. W. of London
bib-222,1546,London,ENGLISH,Arithmetic | Commercial Mathematics,,,False,False,False,False,not_euclid_elements,False,False,False,False,False,False,False,False,False,False,,,,,newly corrected | added | newly corrected | therevnto added | certayne nota-ble and goodly rules of false positions | in our Englysshe tonge,
bib-223,1572,Frankfurt,GERMAN,Arithmetic | Commercial Mathematics,Instrument Construction | Music Theory | Practical Geometry,,False,False,False,False,not_euclid_elements,False,False,False,False,False,False,False,False,False,False,,,,,auff alle kauffmannschafft,auff alle kauffmannschafft
bib-224,1520,Augsburg,GERMAN,Arithmetic,,Commercial Mathematics | Practical Geometry,False,False,False,False,not_euclid_elements,False,False,False,False,False,False,False,False,False,False,Rechenbüchlein mitt den Zyffern,,,,"geordnet | Den angenden Schülern | den kindern | Rechenbüchlein mitt den Zyffern | Inhalent die siben species Algorithmi mit sampt der Regel de Tri, mit sechs reglen der zylich und der regel falsit mit vil andern güten frag | neu geordnet",Den angenden Schülern | den kindern
bib-225,1518,Augsburg,GERMAN,Arithmetic,,,False,False,False,False,not_euclid_elements,False,False,False,False,False,False,False,False,False,False,Rechenbüchlein,,,,"geordnet | Den angenden Schülern | den kindern | Rechenbüchlein | mitt den Zyffern | Inhalent die siben species Algorithmi mit sampt der Regel de Tri, mit sechs reglen der zylich vñ der regel falsit mit vil andern güten frag | neu",Den angenden Schülern | den kindern
bib-226,1657,London,ENGLISH,Arithmetic | Astronomy,,,False,False,False,False,not_euclid_elements,False,False,False,False,False,False,False,False,False,False,,,,,,
bib-227,1700,"Paris, Brussels",FRENCH,,,,False,False,False,False,not_euclid_elements,False,False,False,False,False,False,False,False,False,False,"PRATIQUE CURIEUSE, OU LES ORACLES DES SIBYLLES",,,,"Augmentée | Inventée | mise nouvel- lement | PRATIQUE CURIEUSE, OU LES ORACLES DES SIBYLLES | Sur chaque Question proposée | TROISIÈME ÉDITION | Augmentée d’une seconde Partie sur de nouvelles Questions qui n’ont point encore paru | Augmentée d’une seconde Partie sur de nouvelles Questions qui n’ont point encore paru | Avec la Fortune des Humains",
bib-228,1698,Paris,FRENCH,,,,False,False,False,False,not_euclid_elements,False,False,False,False,False,False,False,False,False,False,,,,,Augmentée | Inventée | mise | TROISIÈME ÉDITION | Augmentée d’une seconde Partie sur de nouvelles Questions qui n’ont point encore paru,
bib-229,1694,Lyon,FRENCH,,,,False,False,False,False,not_euclid_elements,False,False,False,False,False,False,False,False,False,False,,,,,Tirée,Bibliotéque de Mr. Comiers
bib-23,1556,Venice,ITALIAN,Arithmetic,Theoretical Mathematics,,False,False,False,False,not_euclid_elements,False,False,False,False,False,False,False,False,False,False,GENERAL TRATTATO DI NUMERI,,,,"GENERAL TRATTATO DI NUMERI | ET MISVRE DI NICOLO TARTAGLIA | NELLA QVALE IN VNDICI LIBRI SI NOTIFICA LA PIV ELEVATA, ET SPECVLATIVA PARTE DELLA PRATICA Arithmetica, laqual è tutte le regole, & operationi pratticali delle progressioni, radici, proportionj, & quantita irrationali",
bib-230,1694,Paris,FRENCH,,,,False,False,False,False,not_euclid_elements,False,False,False,False,False,False,False,False,False,False,,,,,Tirée,
bib-231,1694,The Hague,FRENCH,,,,False,False,False,False,not_euclid_elements,False,False,False,False,False,False,False,False,False,False,"PRATIQUE CURIEUSE, OU LES ORACLES DES SIBYLLES",,,,"Tirée | PRATIQUE CURIEUSE, OU LES ORACLES DES SIBYLLES | Sur chaque question proposée",
bib-232,1527,Nuremberg,LATIN,Arithmetic,,,False,False,False,False,not_euclid_elements,False,False,False,False,False,False,False,False,False,False,Rudimenta arithmetices,,,,Rudimenta arithmetices,
bib-234,1660,London,ENGLISH,Astronomy | Cartography | Geography | Practical Geometry,Instrument Use | Theoretical Mathematics,,True,False,True,True,elements_language_no_euclid,False,False,False,False,False,False,True,False,True,True,Mathematical ELEMENTS,Mathematical ELEMENTS,,,"Mathematical ELEMENTS | In III Parts | The first, being a Discourse of PRACTICAL GEOMETRY, The three Parts of continued Quantity, LINES, PLANES, and SOLIDS | The second, A Description and Use of the Coelestial and Terrestrial  GLOBES | The third, The Delineation of the Globe upon the Plain of any Great Circle, according to the Stereographick, or Circular projection | M.A | Mathematical ELEMENTS",M.A
bib-235,1702,London,ENGLISH,Astronomy | Instrument Use | Navigation | Theoretical Mathematics | Trigonometry,,Practical Geometry,True,False,True,True,elements_language_no_euclid,False,True,True,False,False,True,True,False,True,False,The Elements of Plain Trigonometry,The Elements of Plain Trigonometry,,,"The Elements of Plain Trigonometry | and it’s Application to Plain, Mercator’s and Middle-Latitude Sailing | The Elements of Plain Trigonometry | New Tables of the Sun’s Declination | the most Useful and Necessary Problems in Astronomy | The Method of finding the Variation of the Compass, Working an Observation, the Reason and Use of the Log-Line, Allowances for Lee-way: With New Tables of the Sun’s Declination, &c | Problems in Astronomy | The Method of finding the Variation of the Compass",
bib-236,1654,London,ENGLISH,Practical Geometry | Trigonometry,Arithmetic | Astronomy | Gnomonics & Horology | Navigation,,False,False,False,False,not_euclid_elements,False,False,False,False,False,False,False,False,False,False,Institutio Mathematica,,,,"Institutio Mathematica | Shewing the Construction and use of the Naturall and Artificiall Sines, Tangents, and Secants, in Decimal Numbers, and also of the Table of Logarithms | In the general solution of any Triangle, whether Plain or Spherical | WITH Their more particular application in  ASTRONOMIE, DIALLING, and NAVIGATION | WITH Their more particular application in  ASTRONOMIE, DIALLING, and NAVIGATION",
bib-237,1673,London,ENGLISH,Instrument Use | Trigonometry,Arithmetic | Astronomy | Gnomonics & Horology | Military Engineering | Navigation | Practical Geometry | Theoretical Mathematics,Instrument Construction,False,False,False,False,not_euclid_elements,False,False,False,False,False,False,False,False,False,False,THE WORKS OF EDMUND GUNTER,,,,"Containing | added by | added | Diligently Corrected | furnished | THE WORKS OF EDMUND GUNTER | the Description and Use of the Sector, Cross-staff, Bow, Quadrant, And other Instruments | The Fifth Edition, Diligently Corrected, and divers necessary Things and Matters (pertinent thereunto) added | Philomath | Mr. Henry Bond | Mr. Sam. Foster | Mr. Gunter | some Questions in Navigation added | The Description and Use of another Sector and Quadrant | divers necessary Things and Matters (pertinent thereunto) added",Gresham Colledge | Philomath | Mr. Henry Bond | Mr. Sam. Foster | Mr. Gunter
bib-238,1716,Paris,FRENCH,Instrument Construction | Instrument Use,,,False,False,False,False,not_euclid_elements,False,False,False,False,False,False,False,False,False,False,TRAITÉ DE LA CONSTRUCTION ET DES PRINCIPAUX USAGES DES INSTRUMENS DE MATHÉMATIQUE,,,,"revue | corrigée | augmentée | TRAITÉ DE LA CONSTRUCTION ET DES PRINCIPAUX USAGES DES INSTRUMENS DE MATHÉMATIQUE | Seconde Édition, revue, corrigée & augmentée | Juge- nier du Roy pour les Instrumens de Mathématique, Quay de l’Horloge du Palais, où l’on trouve tous ces Instrumens dans leur perfection | Avec les Figures nécessaires pour l’intelligence de ce Traité","Juge- nier du Roy pour les Instrumens de Mathématique, Quay de l’Horloge du Palais, où l’on trouve tous ces Instrumens dans leur perfection | Son Altesse Royale, MONSEIGNEUR LE DUC D’ORLÉANS, Régent du Royaume"
bib-239,1521,Nuremberg,GERMAN,Commercial Mathematics | Practical Geometry,Music Theory,Arithmetic | Astronomy | Instrument Use,False,False,False,False,not_euclid_elements,False,False,False,False,False,False,False,False,False,False,,,,,Geschriben,hoch Schul zu Wien in Osterreich
bib-24,1575,Bordeaux,LATIN,Theoretical Mathematics,,,True,True,True,False,euclid_sparse_canonical,True,False,False,False,False,False,False,False,True,False,"ELEMENTI QVINCTI, ET SEXTI, EVCLIDIS","ELEMENTI QVINCTI, ET SEXTI, EVCLIDIS",EVCLIDIS,,"INTERPRETATÆ | ELEMENTI QVINCTI, ET SEXTI, EVCLIDIS | DEFINITIONES | ELEMENTI QVINCTI, ET SEXTI, EVCLIDIS | EVCLIDIS",
bib-247,1484,Venice,ITALIAN,Arithmetic | Commercial Mathematics,,,False,False,False,False,not_euclid_elements,False,False,False,False,False,False,False,False,False,False,,,,,,
bib-248,1491/1492,Florence,ITALIAN,Arithmetic,,,False,False,False,False,not_euclid_elements,False,False,False,False,False,False,False,False,False,False,,,,,,
bib-25,1577,Bordeaux,FRENCH,Practical Geometry | Surveying,,Instrument Use,False,False,False,False,not_euclid_elements,False,False,False,False,False,False,False,False,False,False,,,,,,
bib-250,1694,Paris,FRENCH,Arithmetic | Cosmography | Gnomonics & Horology | Mechanics,,,True,False,True,True,elements_language_no_euclid,False,False,False,False,False,False,True,False,False,False,,,,,"Plusieurs Problêmes d’Arithmetique, de Geome- trie, d’Optique, de Gnomonique, de Cosmo- graphie, de Mecanique, de Pyrotechnié, & de Physique | Professeur des Mathematiques | un Traité nouveau des Horloges Elementaires | Traité nouveau des Horloges Elementaires",Professeur des Mathematiques
bib-251,1560,Cologne,LATIN,Astronomy,,,False,False,False,False,not_euclid_elements,False,False,False,False,False,False,False,False,False,False,,,,,REGIVM ET DV- CIS SABAVDIAE MATHEMATICVM | de fixis stellis Commentarius | de fixis stellis Commentarius,"REGIVM ET DV- CIS SABAVDIAE MATHEMATICVM | ILLVSTRISSIMUM REVERENDIS- SIMUMQVE PRINCIPEM D. ROBERTVM DE BERGIS, Leodii Episcopum, Bullionii Ducem, Co- mitem Losfensem, &c"
bib-252,1570,,LATIN,Astronomy,,Instrument Use | Practical Geometry,False,False,False,False,not_euclid_elements,False,False,False,False,False,False,False,False,False,False,,,,,,
bib-253,1583,Lyon,LATIN,Astronomy,,Practical Geometry,False,False,False,False,not_euclid_elements,False,False,False,False,False,False,False,False,False,False,EPHEMERIDES,,,,accommodatae | accesserunt | EPHEMERIDES | Secundum Antuerpiae longitudinem ex tabulis Prutenicis supputatae ab anno 1583. usque ad annum 1606 | Et ad S. D. N. Gregorii XIII. anni refor- mationem accuratissime accommodatae | Florentino Sacrae Theologiae Doctore | Schematæ | praedictiones annuæ mundi | Eclipsi- um luminarium | Schematæ | praedictiones annuæ mundi | Eclipsi- um luminarium | Schematæ | praedictiones annuæ mundi | Eclipsi um luminarium,Florentino Sacrae Theologiae Doctore
bib-254,1591,Cologne,LATIN,,,,False,False,False,False,not_euclid_elements,False,False,False,False,False,False,False,False,False,False,THESAVRVS PRINCIPVM,,,,"correctior | auctior | editus | OMNIBVS HISTORIARVM STVDIOSIS | THESAVRVS PRINCIPVM | LIBELLVS, IAM MULTIS LOCIS correctior & auctior quàm antea editus | AVSTRIACVM",OMNIBVS HISTORIARVM STVDIOSIS | AVSTRIACVM
bib-255,1574,Cologne,LATIN,Cosmography,Navigation,,False,False,False,False,not_euclid_elements,False,False,False,False,False,False,False,False,False,False,COSMOGRAPHIA,,,,"aucta | illustrata | Additis | COSMOGRAPHIA | MEDICVM ET MATHE- MATICVM INSIGNEM | aucta, & annotationibus marginalibus illustrata | Additis eiusdem argumenti libellis ipsius Gemma Frisij",APVD LOVANIENSES | MEDICVM ET MATHE- MATICVM INSIGNEM
bib-256,1677,London,ENGLISH,Trigonometry,Arithmetic | Astronomy | Geography | Gnomonics & Horology | Military Engineering | Navigation | Practical Geometry | Surveying,,False,False,False,False,not_euclid_elements,False,False,False,False,False,False,False,False,False,False,Mathematical Manual,,,,Explained and Applied | Mathematical Manual | CONTAINING TABLES OF LOGARITHMES | The manifold Use thereof briefly,
bib-257,1694,London,ENGLISH,Arithmetic | Astronomy | Gnomonics & Horology | Mechanics,Theoretical Mathematics,Practical Geometry,False,False,False,False,not_euclid_elements,False,False,False,False,False,False,False,False,False,False,,,,,"Published | Annex | Youth (in this Age | Philomathes | Master of the Mathematick School in Adam’s Court, in Broadstreet, near the Royal Exchange, LONDON | a New Series for the speedy Extraction of Roots, and a Converging Series for all manner of affected Equations | A TREATISE OF ALGEBRA | A TREATISE OF ALGEBRA","Youth (in this Age | Mathematick School in Adam’s Court | Philomathes | Master of the Mathematick School in Adam’s Court, in Broadstreet, near the Royal Exchange, LONDON"
bib-258,1585,Leiden,DUTCH,Arithmetic,,,False,False,False,False,not_euclid_elements,False,False,False,False,False,False,False,False,False,False,DE THIENDE,,,,"Beschreven | DE THIENDE | Leerende door onghehoorde lichticheyt allen rekeningen onder den Menschen noodich vallende, afveerdighen door heele ghetalen sonder ghebrokenen",
bib-259,1591,Tours,LATIN,Arithmetic | Music Theory | Theoretical Mathematics,,Practical Geometry,False,False,False,False,not_euclid_elements,False,False,False,False,False,False,False,False,False,False,"ARITHMETICA, MVSICA, ET GEO- METRIA",,,,"Accessit | In usum studiosæ Iuventutis Academiæ Turonensis Societ. Iesv | ARITHMETICA, MVSICA, ET GEO- METRIA | Accessit in hac ultima editione singulorum librorum | interprete | PROCLI SPHAERA | PROCLI SPHAERA",In usum studiosæ Iuventutis Academiæ Turonensis Societ. Iesv | Academiæ Turonensis Societ | interprete
bib-26,1568,Venice,ITALIAN,,,,False,False,False,False,not_euclid_elements,False,False,False,False,False,False,False,False,False,False,,,,,"Tradotti | parte corretti | Tradotti, & parte corretti",
bib-260,1659,Dordrecht,DUTCH,Astronomy | Instrument Construction | Instrument Use | Practical Geometry,Surveying,Navigation,False,False,False,False,not_euclid_elements,False,False,False,False,False,False,False,False,False,False,,,,,"overzien | ge- betert | ge-   betert | vermeedert | maken | voor alle kryghs-Officie- ren / Ingenieurs / Coop-lieden / Landt-meeters / Zee-varende en Krygs- sende Lieden / en alle Liefhebbers van Mathematische speculatie | In desen laetsten druck van nieuws overzien, en van merckelijcke fauten ge-   betert, en met verscheyde Voorstellen vermeedert | Verscheyde Voorstellen | het maken des selven Quadrants",voor alle kryghs-Officie- ren / Ingenieurs / Coop-lieden / Landt-meeters / Zee-varende en Krygs- sende Lieden / en alle Liefhebbers van Mathematische speculatie
bib-261,1683,London,ENGLISH,Mechanics,,Instrument Construction | Instrument Use,False,False,False,False,not_euclid_elements,False,False,False,False,False,False,False,False,False,False,MECHANICK EXERCISES,,,,"Applied to the Art of Printing | MECHANICK EXERCISES | Or, the Doctrine of handy-works | Applied to the Art of Printing | Member of the Royal Society, and Hydrographer to the King’s Most Excellent Majesty","Royal Society | Member of the Royal Society, and Hydrographer to the King’s Most Excellent Majesty"
bib-262,1582,Antwerp,FRENCH,Arithmetic,,,False,False,False,False,not_euclid_elements,False,False,False,False,False,False,False,False,False,False,L’ARITHMETIQUE  de Gemme Phrison,,,,Traduite | illustrée | contenans | L’ARITHMETIQUE  de Gemme Phrison | professeur ordinaire des Mathe- matiques | illustrée de commentaires | contenans plusieurs inventions  nouvelles dudit Forcadel | en François,professeur ordinaire des Mathe- matiques
bib-263,1558,Paris,FRENCH,Arithmetic,,Commercial Mathematics,False,False,False,False,not_euclid_elements,False,False,False,False,False,False,False,False,False,False,L'arithmetique,,,,L'arithmetique | par les gects,
bib-264,1573,Antwerp,FRENCH,Arithmetic | Commercial Mathematics | Trigonometry,Practical Geometry,,False,False,False,False,not_euclid_elements,False,False,False,False,False,False,False,False,False,False,LIVRE D’ARITHMETIQVE,,,,"Composé | reveu | corrigé | augmenté en plusieurs endroits | illustrées | amplifiées | tous ceux qui hantent la Trafique de Marchandise | LIVRE D’ARITHMETIQVE | contenant plusieurs belles questions & de-  mandes, propres & vtiles à tous ceux qui hantent la Trafique de Marchandise | reveu, corrigé, & augmenté en plusieurs endroits | La Solution des questions Mathematiques par la supputation de Sinus | illustrées | amplifiées | Une ample declaration sur le fait des Changes | Un petit discours de bien & deuëment disconter, auec la Solution sur diuerſes opinions y propoſées | La Solution des questions Mathematiques par la supputation de Sinus, illustrées & am- plifiées par les demonstrations Geome- triques necessaires à icelles | Une ample declaration sur le fait des Changes | Un petit discours de bien & deuëment disconter, auec la Solution sur diuerſes opinions y propoſées | La Solution des questions Mathematiques",tous ceux qui hantent la Trafique de Marchandise
bib-265,1609,Rotterdam,FRENCH,Arithmetic | Commercial Mathematics,,,False,False,False,False,not_euclid_elements,False,False,False,False,False,False,False,False,False,False,,,,,à tous Marchands,à tous Marchands
bib-266,1563,Antwerp,FRENCH,Arithmetic,Commercial Mathematics,,False,False,False,False,not_euclid_elements,False,False,False,False,False,False,False,False,False,False,ARITHMETIQVE,,,,Translatée | augmentée | ARITHMETIQVE | plusieurs belles questions iournellement oc-  currentes en traffique de Marchandise | augmentée par le mesme Autheur | augmentée par le mesme Autheur | hault Alleman,
bib-267,1651,Paris,FRENCH,Arithmetic,Astronomy | Construction | Practical Geometry | Surveying | Trigonometry,,False,False,False,False,not_euclid_elements,False,False,False,False,False,False,False,False,False,False,LA SCIENCE DES NOMBRES,,,,"tirées du Grec | expliquées en François | tous ceux qui   desirent promptement parvenir à l’intelli-   gence des Sciences Mathematiques | LA SCIENCE DES NOMBRES | du Cours Mathematique abregé,  qui contient | Ingenieur & Professeur és Mathematiques | tirées du Grec | expliquées en François | Solutions par Arith. Algebre & Analyze | diverses, nouvelles & tres-faciles methodes | du Grec | en François",tous ceux qui   desirent promptement parvenir à l’intelli-   gence des Sciences Mathematiques | Ingenieur & Professeur és Mathematiques
bib-268,1625,Amsterdam,FRENCH,Architecture | Military Engineering | Perspective,,,False,False,False,False,not_euclid_elements,False,False,False,False,False,False,False,False,False,False,,,,,,
bib-269,1625,Leiden,FRENCH,Arithmetic,,,False,False,False,False,not_euclid_elements,False,False,False,False,False,False,False,False,False,False,L'ARITHMETIQVE,,,,"Recueüe | corrigee | augmentée | L'ARITHMETIQVE | Recueüe, corrigee & augmentée de plusieurs traictez et annotations | Samielois Mathematicien | plusieurs traictez et annotations",Samielois Mathematicien
bib-27,1565,Venice,ITALIAN,Architecture,,Instrument Use | Practical Geometry,False,False,False,False,not_euclid_elements,False,False,False,False,False,False,False,False,False,False,,,,,"TRADOTTA | aggiunta | Gentilhuomo, & Academico Fiorentino | Con la aggiunta de’ disegni | LINGVA Fiorentina","Gentilhuomo, & Academico Fiorentino"
bib-270,1668,Vlissingen,DUTCH,Arithmetic | Commercial Mathematics,,Practical Geometry | Theoretical Mathematics,False,False,False,False,not_euclid_elements,False,False,False,False,False,False,False,False,False,False,PACHT-TAFELEN,,,,"by-gevoeght | een yeders competente | PACHT-TAFELEN | Waer door alle On-erbarene in de Reken-konste seer veerdigh en ge­ reect / konnen calculeren de Pacht, Huere, Onkoft, en Koop van Lande; ten abbenante van alle booz-gestelde Prijs, ’t Gemet, de Morgen, ofte Bunder | by-gevoeght de Proportionen van verschey­den Landt-maten | Midtsgaders eenige speculatieve Mathematische Questien",een yeders competente
bib-271,1645,Middelburg,DUTCH,Arithmetic,Theoretical Mathematics | Trigonometry,,False,False,False,False,not_euclid_elements,False,False,False,False,False,False,False,False,False,False,ARITHMETICA,,,,"oversien | gheſuyvert | vermeer­dert | geacht werden | ARITHMETICA | Neerstelijck oversien, van veel Druck-fauten gheſuyvert, na de ver­ betere Copye des Autheurs, ende vermeer­ dert | van Antwerpen | eenighe meest noodighe Tafelen van Interesse | sommighe Vraghen in Algebra ofte Cos | hare Werc­ken",van Antwerpen
bib-272,1654,Paris,FRENCH,,,,True,False,False,False,euclid_no_primary_subject,False,False,False,False,False,False,False,True,False,False,LES DIX LIVRES DES THEOREMES GEOMETRIQVES,LES DIX LIVRES DES THEOREMES GEOMETRIQVES,,,LES DIX LIVRES DES THEOREMES GEOMETRIQVES | LES DIX LIVRES DES THEOREMES GEOMETRIQVES | Supplément des Sciences Mathématiques,
bib-273,1685,Amsterdam,FRENCH,Construction | Military Engineering,,,False,False,False,False,not_euclid_elements,False,False,False,False,False,False,False,False,False,False,,,,,"enrichi de plus de quatre cens Planches gravées en Taille-douce | Dernière Edition | Maistre de Mathématiques des Pages de la petite Ecurie de Sa Majesté, cy-devant Ingenieur & Sergent Major d’Artillerie en Portugal | plus de quatre cens Planches gravées en Taille-douce","la petite Ecurie de Sa Majesté | Maistre de Mathématiques des Pages de la petite Ecurie de Sa Majesté, cy-devant Ingenieur & Sergent Major d’Artillerie en Portugal | AU ROY"
bib-274,1607,Padua,LATIN,Instrument Construction | Instrument Use | Practical Geometry,,,True,True,False,False,euclid_procedural_pedagogical,False,True,False,False,False,False,False,False,True,True,VSUS ET FABRICA CIRCINI CVIVSDAM PROPORTIONIS,,Euclidis,,"explicata | VSUS ET FABRICA CIRCINI CVIVSDAM PROPORTIONIS | omnia ferè tum Euclidis, tú Mathematicorum omnium problemata facili negotio resoluuntur | Nobilis Mediolanensis | Euclidis",Nobilis Mediolanensis
bib-275,1623,Franeker,LATIN,Instrument Use | Practical Geometry,,,False,False,False,False,not_euclid_elements,False,False,False,False,False,False,False,False,False,False,,,,,Matheseos Professore ordinario,Matheseos Professore ordinario
bib-276,1560,Padua,LATIN,Practical Geometry | Theoretical Mathematics,,,True,True,True,False,euclid_composite_workshop,False,True,True,False,False,False,False,False,True,True,PRIMUM EUCLIDIS Elementorum librum,PRIMUM EUCLIDIS Elementorum librum,EUCLIDIS,,"expurgati | aucti | donati | editi | PRIMUM EUCLIDIS Elementorum librum | COMMENTARIORUM AD UNIVERSAM MATHEMATICAM DISCIPLINAM PRINCIPIUM ERUDITIONIS TRADENTIUM | summa opera, cura, ac diligentia cunctis mendis expurgati: Scholiis, & Figuris, quæ in græco codice omnes desiderabantur, aucti: Primùm iam in Romanâ linguae venustate donati, & nunc recens editi | PROCLI DIADOCHI LYCII | PRIMUM EUCLIDIS Elementorum librum | Scholiis, & Figuris | Catalogo Deorum, & Virorum Illustrium, atque Auctorum | Catalogo Deorum | græco codice | Romanâ linguae | EUCLIDIS",PROCLI DIADOCHI LYCII
bib-277,1514,Augsburg,GERMAN,Arithmetic | Commercial Mathematics,,Practical Geometry,False,False,False,False,not_euclid_elements,False,False,False,False,False,False,False,False,False,False,,,,,den Jungen | mit Rechen pfenningen | mit figuren und Exempeln,den Jungen
bib-278,1527,Augsburg,GERMAN,Arithmetic | Commercial Mathematics,,,False,False,False,False,not_euclid_elements,False,False,False,False,False,False,False,False,False,False,,,,,ge- macht,
bib-279,1696,London,ENGLISH,Arithmetic,Astronomy | Practical Geometry | Theoretical Mathematics,Surveying | Trigonometry,True,False,True,True,elements_language_no_euclid,False,True,True,False,False,False,True,False,False,False,ARITHMETICK,,,,"Surveighed and Reviewed | ARITHMETICK | Wherein the Nature of Numbers absolutely abstract, generally and specially contract, with their Simple and Comparative Elements, are plainly declared, and fully handled | Surveighed and Reviewed | Senior | together with divers Etymologies, Symboles, Characters, and Abbreviations for Artificial Termes, Words, Names, and Denominations | Illustrated by sundry Tables, Diagrams, and very many Examples",Senior
bib-28,1576,Paris,FRENCH,Perspective,Trigonometry,Architecture | Instrument Use | Practical Geometry,False,False,False,False,not_euclid_elements,False,False,False,False,False,False,False,False,False,False,LEÇONS DE PERSPECTIVE POSITIVE,,,,"LEÇONS DE PERSPECTIVE POSITIVE | du Cerceau, Architecte","du Cerceau, Architecte"
bib-280,1600,Paris,FRENCH,Construction | Military Engineering,Architecture | Practical Geometry,Instrument Use,False,False,False,False,not_euclid_elements,False,False,False,False,False,False,False,False,False,False,,,,,REDVICTE | Ingenieur du Treschrestien Roy de France et de Navarre,Ingenieur du Treschrestien Roy de France et de Navarre | sa Maiesté
bib-281,1706,London,ENGLISH,Arithmetic | Practical Geometry,Commercial Mathematics | Mechanics | Military Engineering | Perspective | Theoretical Mathematics,,False,False,False,False,not_euclid_elements,False,False,False,False,False,False,False,False,False,False,,,,,DEMONSTRATED | Design'd | adapted | BEGINNERS,BEGINNERS
bib-282,1563,Paris,FRENCH,Arithmetic,Practical Geometry,,False,False,False,False,not_euclid_elements,False,False,False,False,False,False,False,False,False,False,L'ART D'ARITHME- TIQVE,,,,"Composé | Reueu | augmenté | tant pour l'art militaire, que pour la Geometrie, & au- tres calculations | L'ART D'ARITHME- TIQVE | CONTENANT TOVTE DIMENSION: TRES- fingulier & commode | Reueu & augmenté | professeur des Mathematiques","tant pour l'art militaire, que pour la Geometrie, & au- tres calculations | professeur des Mathematiques"
bib-283,1603,London,ENGLISH,Arithmetic,Commercial Mathematics,,False,False,False,False,not_euclid_elements,False,False,False,False,False,False,False,False,False,False,The Well spring of SCIENCES,,,,"perused | augmented | amended | added | The Well spring of SCIENCES | Which teacheth the perfect worke and practise of Arithme-  ticke, both in whole Numbers and Fractions, set forth | once againe perused, augmented, and amended in all the three parts, by the said Author | Londoner | certaine Tables of the agreement of measures and waights, of di- vers places in EVROPE the one with the other, as by the Table appeareth",Londoner
bib-284,1687,London,ENGLISH,Arithmetic,Commercial Mathematics,,False,False,False,False,not_euclid_elements,False,False,False,False,False,False,False,False,False,False,Arithmetick,,,,"Added | intermixed | Corrected | Contracted | made | Arithmetick | The perfect Work and Practice of ARITHMETICK both in Whole Numbers & Fractions | Newly Corrected and Contracted, and made more plain and easie | Many RULES and TABLES of Interest, Rebate, and Purchases, &c | The Art of DECIMAL FRACTIONS, intermixed with Common Fractions | Many RULES and TABLES of Interest, Rebate, and Purchases, &c | The Art of DECIMAL FRACTIONS | RULES and TABLES of Interest, Rebate, and Purchases | The Art of DECIMAL FRACTIONS",
bib-285,1564,London,ENGLISH,Arithmetic,,,False,False,False,False,not_euclid_elements,False,False,False,False,False,False,False,False,False,False,,,,,Beautified | printed | corrected | Sette forth | Marchauntes | all Artificers | Novv nevvely printed and corrected | Citizen of London | Beautified vvith most necessary Rules and Queftions,Marchauntes | all Artificers | Citizen of London
bib-29,1582,Paris,FRENCH,Architecture | Construction,,,False,False,False,False,not_euclid_elements,False,False,False,False,False,False,False,False,False,False,,,,,"pour Seigneurs, Gentilshommes, & autres | qui veulent bastir","pour Seigneurs, Gentilshommes, & autres | qui veulent bastir"
bib-3,1562,Paris,FRENCH,Gnomonics & Horology | Instrument Construction | Practical Geometry,,,False,False,False,False,not_euclid_elements,False,False,False,False,False,False,False,False,False,False,,,,,AR- chitecte de haut & puissant seigneur,"AR- chitecte de haut & puissant seigneur | Mon- seigneur le duc de Montmorency, Pair, & Cunestable de France"
bib-30,1627,Zurich,GERMAN,Practical Geometry | Theoretical Mathematics,Construction | Military Engineering | Surveying,,True,True,False,False,euclid_utility_public,False,True,False,True,False,False,False,False,True,True,"Geometriae, Theoricae Et Practicae. XII. Bücher","Geometriae, Theoricae Et Practicae. XII. Bücher",Euclidis,,"Allen Baw- und Kriegs verstendigen, Feldmessern | Geometriae, Theoricae Et Practicae. XII. Bücher | Inn welchen die Geometrischen Fundament Euclidis, unnd der selben gebrauch, auff das kürtzest, unnd leichtest, als in einem Handbuch beschriben werden | Geometriae, Theoricae Et Practicae. XII. Bücher | Euclidis","Allen Baw- und Kriegs verstendigen, Feldmessern"
bib-31,1646,Zurich,GERMAN,Instrument Use | Practical Geometry | Surveying | Theoretical Mathematics,Construction,,True,True,False,False,euclid_utility_public,False,True,False,True,False,False,False,False,True,True,GEOMETRIA Theorica und Practica Oder Von dem Feldmäsßen 14. Bücher,14. Bücher,Euclidis,Fundament Euclidis,"beschrieben | begriffen | Allen | GEOMETRIA Theorica und Practica Oder Von dem Feldmäsßen 14. Bücher | In welchen die Fundament Euclidis und derselbigen Gebrauch, im Abmäsßen und Visieren aller Längen, Flächen und Cörpern: mit dem Feld-, Wein-, Treit- und Gwicht-Ruthen begriffen | Hauptmann | Zürcher | 14. Bücher | Fundament Euclidis | Euclidis",Allen | Hauptmann | Zürcher
bib-32,1605,London,ENGLISH,,,,False,False,False,False,not_euclid_elements,False,False,False,False,False,False,False,False,False,False,Tvvoo Bookes of FRANCIS BACON,,,,"Tvvoo Bookes of FRANCIS BACON | Of the proficience and aduance­ment of Learning, diuine and humane",the King
bib-33,1564,Venice,ITALIAN,Perspective | Practical Geometry | Surveying,,,True,True,False,False,euclid_geometry_theory_primary,False,False,False,False,False,False,False,False,True,True,le vere regole d’Euclide,,d’Euclide,,"le vere regole d’Euclide | DEL MODO DI MISVRARE le distantie, le superficie, i corpi, le piante, le prouincie, le prospettive, &  tutte le altre cose terrene, che posso­ no occorrere a gli huomini | GENTIL’HUOMO, ET | ACCADEMICO FIORENTINO | d’Euclide","GENTIL’HUOMO, ET | ACCADEMICO FIORENTINO"
bib-34,1567,Venice,ITALIAN,,,,False,False,False,False,not_euclid_elements,False,False,False,False,False,False,False,False,False,False,RAGIONAMENTI ACCADEMICI,,,,RAGIONAMENTI ACCADEMICI | SOPRA ALCVNI LVOGHI DIFFICILI DI DANTE | GENTIL’HUOMO ET Accademico Fiorentino | ALCVNE INVENTIONI | significati | la Tauola di più cose notabili,GENTIL’HUOMO ET Accademico Fiorentino
bib-35,1585,Turin,LATIN,,,Instrument Use | Practical Geometry,False,False,False,False,not_euclid_elements,False,False,False,False,False,False,False,False,False,False,,,,,,"CAROLUM EMANUELEM ALLOBROGUM, ET SUBALPINORUM DUCEM INVICTISSIMUM"
bib-36,1551,Florence,ITALIAN,,,,False,False,False,False,not_euclid_elements,False,False,False,False,False,False,False,False,False,False,,,,,Tradotto | Gentil’huomo Fiorentino,Gentil’huomo Fiorentino
bib-37,1639,Paris,FRENCH,Military Engineering,,,False,False,False,False,not_euclid_elements,False,False,False,False,False,False,False,False,False,False,,,,,,
bib-38,1673,Nuremberg,GERMAN,Practical Geometry,Arithmetic | Construction | Geography | Navigation | Surveying | Trigonometry,,False,False,False,False,not_euclid_elements,False,False,False,False,False,False,False,False,False,False,SUMMA GEOMETRICÆ PRACTICÆ,,,,"SUMMA GEOMETRICÆ PRACTICÆ | worinnen erstlich Bernhard Canslers kurtzer und leichter Bericht vom Feldmessen / Auf die insgemein vor andern fürkommende Fäll des Messens und Abtheilens gerichtet. Zum Andern / Unterschiedliche auf heutigen Schlag in Frieden- und Kriegszeiten zu Land und Wasser nützliche | Mach. und Physices bey der Universität Altdorff Professorem | ANNOTATIONES | Arithmetica, Trigonometrica, Graphica und Geographica, Nautica, Aqua ductoria, &c | Additiones und zu Zeiten neue Inventiones &c | ANNOTATIONES | Arithmetica, Trigonometrica, Graphica und Geographica, Nautica, Aqua ductoria, &c | Additiones und zu Zeiten neue Inventiones &c | ANNOTATIONES | Arithmetica | Trigonometrica | Graphica | Geographica | Nautica | Aqua ductoria | Additiones | Inventiones",Universität Altdorff | Mach. und Physices bey der Universität Altdorff Professorem
bib-39,1564,Venice,ITALIAN,Military Engineering,Architecture | Construction,Practical Geometry,False,False,False,False,not_euclid_elements,False,False,False,False,False,False,False,False,False,False,,,,,"CAPITAN FRANCESCO MONTEMELLINO | CAPITAN GIOVACCHINO DA CONIANO | CASTRIOTTO | Discorso del medesimo Maggi sopra la Fortificatione de gli alloggiamenti de gli esserciti | Discorso del Capitan Francesco Montemellino sopra la fortificatione del Borgo di Roma | Trattato dell’Ordinanze, & nero Battaglie del Capitan Giovacchino da Coniano | Ragionamento del sudetto Castriotto sopra le fortezze della Francia | Discorso del medesimo Maggi sopra la Fortificatione de gli alloggiamenti de gli esserciti | Discorso del Capitan Francesco Montemellino sopra la fortificatione del Borgo di Roma | Trattato dell’Ordinanze, & nero Battaglie del Capitan Giovacchino da Coniano | Ragionamento del sudetto Castriotto sopra le fortezze della Francia",CAPITAN FRANCESCO MONTEMELLINO | CAPITAN GIOVACCHINO DA CONIANO | CASTRIOTTO
bib-40,1596,Delft,GERMAN,Practical Geometry | Trigonometry,Arithmetic | Commercial Mathematics | Surveying,Instrument Use,False,False,False,False,not_euclid_elements,False,False,False,False,False,False,False,False,False,False,,,,,"gheleert | beschreven | ghebracht | gheproeft | de Tafelen Sinvvm, Tangentivm, ende Secantivm | alderhande Tafelen daertoe dienende | veel constighe Exempelen",
bib-41,1558,Venice,LATIN,Astronomy | Perspective,Practical Geometry,,False,False,False,False,not_euclid_elements,False,False,False,False,False,False,False,False,False,False,,,,,traditur | confirmatur | universa Scenographices ratio,
bib-42,1570,Pesaro,LATIN,Practical Geometry | Theoretical Mathematics,,,False,False,False,False,not_euclid_elements,False,False,False,False,False,False,False,False,False,False,,,,,ASCRIPTUS | editus | NUNC PRIMUM,FEDERICI COMMANDINI
bib-43,1611,Madrid,SPANISH,,,,False,False,False,False,not_euclid_elements,False,False,False,False,False,False,False,False,False,False,,,,,"COMPVESTO | DIRIGIDO | A LA MAGESTAD CATOLICA  del Rey Don Felipe III, nuestro señor | Capellán de su Magestad, Maestro Scuela y Canónigo de la Santa Iglesia de Cuenca, y Consultor del Santo Oficio de la Inquisición | CASTELLANA, O ESPAÑOLA","A LA MAGESTAD CATOLICA  del Rey Don Felipe III, nuestro señor | Santa Iglesia de Cuenca | Santo Oficio de la Inquisición | Capellán de su Magestad, Maestro Scuela y Canónigo de la Santa Iglesia de Cuenca, y Consultor del Santo Oficio de la Inquisición | el Rey Don Felipe III, nuestro señor"
bib-44,1567,Paris,FRENCH,Architecture,,Practical Geometry,False,False,False,False,not_euclid_elements,False,False,False,False,False,False,False,False,False,False,,,,,,
bib-45,1587,Venice,ITALIAN,Arithmetic | Cosmography | Gnomonics & Horology | Practical Geometry,Instrument Use,,False,False,False,False,not_euclid_elements,False,False,False,False,False,False,False,False,False,False,OPERE DI ORONTIO FINEO DEL DELFINATO,,,,"Diuise in cinque Parti | TRADOTTE | Tradotti | Nuouamente poste in luce | OPERE DI ORONTIO FINEO DEL DELFINATO | Diuise in cinque Parti; Aritmetica, Geometria, Cosmografia, e Oriuoli | Nuouamente poste in luce | Gentilhuomo, & Academico Fiorentino | Gentilhuomo Bolognese | Et gli Specchi | gli Specchi","Gentilhuomo, & Academico Fiorentino | Gentilhuomo Bolognese"
bib-47,1561,Paris,FRENCH,Cartography | Instrument Use | Practical Geometry | Surveying,,,False,False,False,False,not_euclid_elements,False,False,False,False,False,False,False,False,False,False,ET DESCRIPTION DE L’HOLOMETRE,,,,"Inuenté | a ceus qui veulent promptement, & sans aucune subiection d’Arithmetique | ET DESCRIPTION DE L’HOLOMETRE | POUR SCAVOIR MESVRER toutes choses qui sont soubs l’estanduë de l’œil: Tant en longueur & largeur, qu’en hau­ teur & profondeur | Vallet de chambre du Roy","a ceus qui veulent promptement, & sans aucune subiection d’Arithmetique | Vallet de chambre du Roy"
bib-48,1564,Venice,ITALIAN,Instrument Use | Practical Geometry | Surveying,Cartography,Instrument Construction,False,False,False,False,not_euclid_elements,False,False,False,False,False,False,False,False,False,False,,,,,"A QUELLI, CHE VOGLIONO","A QUELLI, CHE VOGLIONO | Abel Fullone Valletto di Camera del Re di Francia"
bib-49,1567,Paris,FRENCH,Instrument Use | Practical Geometry | Surveying,Cartography | Geography,Instrument Construction,False,False,False,False,not_euclid_elements,False,False,False,False,False,False,False,False,False,False,L’HOLOMETRE,,,,"Inuenté | ceus qui veulent promptement, & sans aucune subiection d’Arithmetique | L’HOLOMETRE | toutes choses qui sont soubs l’estanduë de l’œil: Tant en longueur & largeur, qu’en hau teur & profondeur | Vallet de chambre du Roy","ceus qui veulent promptement, & sans aucune subiection d’Arithmetique | Vallet de chambre du Roy"
bib-5,1585,Paris,FRENCH,Instrument Use | Practical Geometry,,,False,False,False,False,not_euclid_elements,False,False,False,False,False,False,False,False,False,False,LA PRATIQVE VNIVER- SELLE DE GEOMETRIE DE IAC- QVES CHAVVET CHAMPENOIS,,,,"LA PRATIQVE VNIVER- SELLE DE GEOMETRIE DE IAC- QVES CHAVVET CHAMPENOIS | contenant l’explication de son Cosmomètre & de tous instrumens Geome- triques, auec les figures & démonstrations trè- utiles & necessaires pour l’intelligence d’iceux | Pro- fesseur & Lecteur ordinaire és Mathematiques, en l’Vniuersité de Paris | l’explication de son Cosmomètre & de tous instrumens Geome- triques, auec les figures & démonstrations trè- utiles & necessaires","l’Vniuersité de Paris | Pro- fesseur & Lecteur ordinaire és Mathematiques, en l’Vniuersité de Paris | Messire Anne d’Anglu- re"
bib-50,1570,Basel,LATIN,Instrument Construction | Instrument Use | Practical Geometry,Astronomy,Cartography | Geography | Navigation | Surveying,False,False,False,False,not_euclid_elements,False,False,False,False,False,False,False,False,False,False,DE HOLOMETRI FABRICA ET VSU INSTRV MENTO GEO METRICO,,,,"explicato | Accessit | DE HOLOMETRI FABRICA ET VSU INSTRV MENTO GEO METRICO | vt ad omnis generis dimensiones inue stigandas, & regiones describendas utilissi mum simul & facillimum esse queat | Olim ab Abele Fullonio apud Henricum I I. Galliæ regem inuento | nunc verò Io. Nicol. Stupani Philosophi & Medici opera, sermone la tino ita explicato | Philosophi & Medici | Abele Fullonio | Federici Delphini | sermone latino ita explicato | Federici Delphini, clariss. olim apud Patavinos Mathe matici, secundus disputatio de Aestu Maris, & mo tu octauæ sphaeræ | secundus disputatio de Aestu Maris, & mo tu octauæ sphaeræ | latino",Patavinos Mathematici | Philosophi & Medici | Generosum & Magnificum D. D. Ioannem Oſ molsky de Prawiedunky Po lonum | Abele Fullonio | Federici Delphini
bib-51,1643,Paris,FRENCH,Navigation,Cartography,Astronomy | Instrument Use | Practical Geometry | Surveying | Theoretical Mathematics | Trigonometry,False,False,False,False,not_euclid_elements,False,False,False,False,False,False,False,False,False,False,HYDROGRAPHIE,,,,"Composé | CONTENANT | HYDROGRAPHIE | LA THEORIE ET LA PRACTIQVE DE TOVTES LES PARTIES DE LA NAVIGATION | de la Compagnie de IESVS, Mathematicien","Compagnie de IESVS | de la Compagnie de IESVS, Mathematicien"
bib-52,1592,Venice,LATIN,Instrument Use | Practical Geometry,Architecture,,False,False,False,False,not_euclid_elements,False,False,False,False,False,False,False,False,False,False,,,,,omnibus Mathematicarum professoribus | Mathematicarum in Almo Bononiensi Gymnasio professoris,omnibus Mathematicarum professoribus | Almo Bononiensi Gymnasio | Mathematicarum in Almo Bononiensi Gymnasio professoris
bib-53,1684,Basel,GERMAN,Practical Geometry | Surveying,,,False,False,False,False,not_euclid_elements,False,False,False,False,False,False,False,False,False,False,"Compendium Geometriæ Practicæ, sive, PLANIMETRIA",,,,"Compendium Geometriæ Practicæ, sive, PLANIMETRIA | kurzer Bericht / Vom Feldmessen und Feld-theilen",Lohnherren in Basel
bib-54,1677,Paris,FRENCH,Construction | Military Engineering,,,False,False,False,False,not_euclid_elements,False,False,False,False,False,False,False,False,False,False,,,,,enrichy | R. P | de la Compagnie de Jesus | Figures en taille douce,Compagnie de Jesus | R. P | de la Compagnie de Jesus
bib-55,1652,Paris,FRENCH,Perspective,,Practical Geometry | Trigonometry,False,False,False,False,not_euclid_elements,False,False,False,False,False,False,False,False,False,False,LA PERSPECTIVE CVRIEVSE,,,,"DIVISEE | mise en lumiere | DIVISEE EN QVATRE LIVRES | mise en lumiere après la mort de l’Autheur | PEINTRES, Architectes, Sculpteurs, Graueurs, & à tous autres qui se meslent du Dessein | Architectes, Sculpteurs, Graueurs, & à tous autres qui se meslent du Dessein | LA PERSPECTIVE CVRIEVSE | DIVISEE EN QVATRE LIVRES | DIVISEE EN QVATRE LIVRES | REVEREND | R. P. Mersenne | mise en lumiere | L’OPTIQVE | LA CATOPTRIQVE | L’OPTIQVE | LA CATOPTRIQVE","PEINTRES, Architectes, Sculpteurs, Graueurs, & à tous autres qui se meslent du Dessein | Architectes, Sculpteurs, Graueurs, & à tous autres qui se meslent du Dessein | Ordre | REVEREND | R. P. Mersenne"
bib-57,1684,Paris,FRENCH,Practical Geometry | Theoretical Mathematics | Trigonometry,,,False,False,False,False,not_euclid_elements,False,False,False,False,False,False,False,False,False,False,,,,,CONTENANT | de nouveaux abregéz | Professeur en Mathematique | de nouveaux abregéz,Professeur en Mathematique
bib-58,1700,Paris,FRENCH,Instrument Use | Practical Geometry | Surveying,,,False,False,False,False,not_euclid_elements,False,False,False,False,False,False,False,False,False,False,L’USAGE DU COMPAS DE PROPORTION,,,,"Expliqué | demonstré | augmenté | corrigée | augmentée | L’USAGE DU COMPAS DE PROPORTION | Expliqué et demonstré d’une maniere courte & facile | Nouvelle édition, corrigée & augmentée | Professeur en Mathematique | augmenté d’un Traité de la division des Champs",Professeur en Mathematique
bib-59,1594,Leiden,LATIN,Practical Geometry,,,True,False,True,True,elements_language_no_euclid,False,False,False,False,False,False,True,False,True,True,CYCLOMETRICA ELEMENTA DUO,CYCLOMETRICA ELEMENTA DUO,,,CYCLOMETRICA ELEMENTA DUO | CYCLOMETRICA ELEMENTA DUO,"Illustres Nobiliss. Ampliss. Hollandiae, Westfrisiae, et Zeelandiae ORDINES"
bib-6,1604,Rome,LATIN,Practical Geometry,,,False,False,False,False,not_euclid_elements,False,False,False,False,False,False,False,False,False,False,,,,,E SOCIETATE IESV,SOCIETATE IESV | E SOCIETATE IESV
bib-60,1615,Venice,ITALIAN,Architecture,Military Engineering,,False,False,False,False,not_euclid_elements,False,False,False,False,False,False,False,False,False,False,,,,,Diuisa in X. Libri | CON ILORO DISEGNI,
bib-61,1646,Leiden,LATIN,Gnomonics & Horology | Theoretical Mathematics,,Mechanics,False,False,False,False,not_euclid_elements,False,False,False,False,False,False,False,False,False,False,De ORGANICA CONICARUM SECTIONUM IN PLANO DESCRIPTIONE,,,,"subnexa est | De ORGANICA CONICARUM SECTIONUM IN PLANO DESCRIPTIONE | GEOMETRIS, OPTICIS; Præsertim verò GNOMONICIS & MECHANICIS UTILIS | Leydensis | Appendix, de Cubicarum Æquationum resolutione",Leydensis
bib-62,1618,Nuremberg,GERMAN,Practical Geometry,Instrument Use | Surveying,,False,False,False,False,not_euclid_elements,False,False,False,False,False,False,False,False,False,False,GEOMETRIAE PRACTICAE NOVAE,,,,"Allen denen, die Lateinisch und andere Sprachen unerfahren, gantz ihren Anfang und doch Lust zu Geometriae haben | GEOMETRIAE PRACTICAE NOVAE | Darinnen außrechtens Fundament gezeiget wird, wie man in der Geometria auf dem Papeir und Tände, mit denen darzu gehörigen Instrumenten, als Circkel, Linienschneid-Winkelhacken u.s.w. nicht ohne dieselben verfahren und operiren solle | Professoren der Mathematica zu Altdorf","Allen denen, die Lateinisch und andere Sprachen unerfahren, gantz ihren Anfang und doch Lust zu Geometriae haben | Professoren der Mathematica zu Altdorf"
bib-63,1605,Leiden,LATIN,Practical Geometry,,Military Engineering | Navigation | Surveying,False,False,False,False,not_euclid_elements,False,False,False,False,False,False,False,False,False,False,TOMVS SECVNDVS MATHEMATICORVM HYPOMNEMATVM DE GEOMETRIAE PRAXI,,,,Conscripta | TOMVS SECVNDVS MATHEMATICORVM HYPOMNEMATVM DE GEOMETRIAE PRAXI | Quo comprehenduntur ea in quibus sese exercuit,"ILLVSTRISSIMVS Illustrissimo & antiquissimo stemmate ortus Princeps ac Dominus MAURITIUS Princeps Auriacus, Comes Nassoviae, Catit-melibocorum, Viandae, Moericii, &c. Marchio Verae & Vlissingae, &c. Dominus Civitatis Gravae & ditionis Cuyc, Civitatum Uyt, Daesburch, &c. Gubernator Geldriae, Hollandiae, Zelandiae, Westfrisiae, Zutphaniae, Utrechtii, Transilvaniae, &c. Imperator ex­ ercitus Provinciarum foedere consociata­ rum Belgii, Archithalassiis Generalis, &c"
bib-64,1579,Paris,LATIN,Practical Geometry | Theoretical Mathematics,,,False,False,False,False,not_euclid_elements,False,False,False,False,False,False,False,False,False,False,CANON MATHEMATICVS,,,,CANON MATHEMATICVS | AD TRIANGVLA | Cum Appendicibus,
bib-65,1593,Tours,LATIN,Theoretical Mathematics,,,False,False,False,False,not_euclid_elements,False,False,False,False,False,False,False,False,False,False,,,,,"Πρόχειρον, seu Ad usum Mathematici Canonis Methodica | Πρόχειρον",
bib-66,1593,Tours,LATIN,Theoretical Mathematics,,,False,False,False,False,not_euclid_elements,False,False,False,False,False,False,False,False,False,False,SVPPLEMENTVM GEOMETRIÆ,,,,"restitutæ | SVPPLEMENTVM GEOMETRIÆ | Mathematicæ Analyses, seu Algebrâ novâ | Ex opere restitutæ",
bib-67,1595,Paris,LATIN,Practical Geometry,,Architecture | Instrument Use,False,False,False,False,not_euclid_elements,False,False,False,False,False,False,False,False,False,False,,,,,adiuncta | Ex Geometricis Schediasmatis | alia quædam adiuncta CAPITVLA,
bib-68,1615,Paris,LATIN,Theoretical Mathematics,,,False,False,False,False,not_euclid_elements,False,False,False,False,False,False,False,False,False,False,AD ANGVLARIVM SECTIONVM ANALYTICEN,,,,primum excogitata | absque ulla demonstra­ tione ad nos transmissa | iam tandem de­ monstrationibus confirmata | AD ANGVLARIVM SECTIONVM ANALYTICEN | THEOREMATA. ΚΑΘΟΛΙΚΩΤΕΡΑ | Operâ & studio | primum excogitata | absque ulla demonstra­ tione ad nos transmissa | iam tandem de­ monstrationibus confirmata,Operâ & studio
bib-69,1646,Leiden,LATIN,,,,False,False,False,False,not_euclid_elements,False,False,False,False,False,False,False,False,False,False,,,,,"congesta | recognita | In unum Volumen congesta, ac recognita | Matheseos Professoris",Matheseos Professoris
bib-7,1571,London,ENGLISH,Practical Geometry,Cartography | Instrument Use | Perspective | Surveying | Theoretical Mathematics,,False,False,False,False,not_euclid_elements,False,False,False,False,False,False,False,False,False,False,"A GEOMETRICAL Practise, named PANTOMETRIA",,,,"named | diuided | framed | finished | adioyned | A GEOMETRICAL Practise, named PANTOMETRIA | diuided into three Bookes, Longimetra, Planimetra and Stereometria, containing Rules manifolde for mensuration of all lines, Superficies and Solides: with sundry strange conclusions both by instrument and without, and also by perspectiue glasses, to set forth the true description or exact plat of any whole Region | Gentleman | his sonne | adioyned a Mathematicall treatise of the fiue regulare Platonical solides, and their Metamorphosis or transformation into fiue other equilater and uniforme solides Geometricall, of his owne inuention, hitherto not mentioned of by any geometricians",Gentleman | his sonne
bib-70,1628,Lyon,FRENCH,Construction | Military Engineering | Practical Geometry | Trigonometry,Architecture,,False,False,False,False,not_euclid_elements,False,False,False,False,False,False,False,False,False,False,,,,,"representé | en cinquante-cinq Planches, avec leurs Plantes, Profils, Estimations, & Paisages",
bib-71,1567,Venice,LATIN,Architecture,Gnomonics & Horology | Mechanics | Practical Geometry,,False,False,False,False,not_euclid_elements,False,False,False,False,False,False,False,False,False,False,DE ARCHITECTVRA LIBRI DECEM,,,,"auctis | illustratis | DE ARCHITECTVRA LIBRI DECEM | MVLTIS AEDIFICIORVM, HOROLOGIORVM, ET MACHINARVM DESCRIPTIONIBVS | DANIELIS BARBARI, ELECTI PATRIARCHAE AQVILEIENSIS | CVM COMMENTARIIS | auctis & illustratis","DANIELIS BARBARI, ELECTI PATRIARCHAE AQVILEIENSIS"
bib-72,1613,Herborn,LATIN,Architecture | Arithmetic | Astronomy | Cosmography | Geography,,Music Theory | Theoretical Mathematics,False,False,False,False,not_euclid_elements,False,False,False,False,False,False,False,False,False,False,Novem libros Matheseos universae,,,,COMPLECTENS | Novem libros Matheseos universae,
bib-73,1623,Herborn,LATIN,,,,False,False,False,False,not_euclid_elements,False,False,False,False,False,False,False,False,False,False,,,,,"castigata | elaborata | ADMIRAN- DORUM MATHE- MATICORUM | Secunda editio passim castigata, & ornatius elaborata",ADMIRAN- DORUM MATHE- MATICORUM
bib-74,1684,London,ENGLISH,,,,True,False,True,True,elements_language_no_euclid,True,False,False,False,False,False,True,True,False,False,THE ELEMENTS,THE ELEMENTS,,,THE ELEMENTS | OR PRINCIPLES OF GEOMETRIE | THE ELEMENTS,
bib-75,1646,Zurich,GERMAN,Practical Geometry | Surveying | Theoretical Mathematics,Construction,,True,True,False,False,euclid_utility_public,False,True,False,True,False,False,False,False,True,True,GEOMETRIÆ  Theoricæ et Practicæ Oder Von dem Feldmassen 14. Bücher,GEOMETRIÆ Theoricæ et Practicæ Oder Von dem Feldmassen 14. Bücher,Euclidis,,beschrieben | vermehrt | Allen | GEOMETRIÆ  Theoricæ et Practicæ Oder Von dem Feldmassen 14. Bücher | In welchen die Fundament Euclidis und derselbigen gebrauch/im abmassen und visieren aller Längen/ Flächen und Cörper | jetz von newem umb zwen Bücher vermehrt | Hauptmann | GEOMETRIÆ Theoricæ et Practicæ Oder Von dem Feldmassen 14. Bücher | mit dem Feld-Wein-Trer und Gwichtrübten begriffen | Euclidis,Allen | Hauptmann
bib-76,1598,Venice,LATIN,Cosmography,Arithmetic | Practical Geometry | Theoretical Mathematics,Instrument Use,True,False,True,True,elements_language_no_euclid,False,True,False,False,False,True,True,False,False,False,COSMOGRAPHIA,,,,"DISTRIBVTA | recognita | aucta | COSMOGRAPHIA | IN QUATVOR LIBROS DISTRIBVTA,  SVMMO ORDINE, MIRAQ. FACILITATE, ac brevitate ad Magnam Ptolemaei Mathematicam Constructionem, ad universamque Astrologiam instituens | nuper in hac secunda editione ab ipso Authore | IACOBI FILIO, PATRITIO VENETO | Ioannis de Sacrobosco | aucta | Communia Mathematica | Arithmetica | Geometrica principia | Index eorum | Communia Mathematica | Arithmetica | Geometrica principia | Index","IACOBI FILIO, PATRITIO VENETO | Ioannis de Sacrobosco"
bib-77,1595,Venice,ITALIAN,Instrument Use | Practical Geometry | Theoretical Mathematics,,Navigation | Surveying,False,False,False,False,not_euclid_elements,False,False,False,False,False,False,False,False,False,False,QVATTRO LIBRI GEOMETRICI,,,,"QVATTRO LIBRI GEOMETRICI | Il Primo del Misurare con la vista | NEL QVALE S’INSEGNA, SENZA TRAVAGLIAR con numeri, à misurar facilissimamente le distantie, l’altezze, & le profondità con il Quadrato Geometrico, e con altri istrumenti, de’ quali facilmente si può provedere con le Figure",
bib-78,1699,Paris,FRENCH,Practical Geometry | Theoretical Mathematics,,,False,False,False,False,not_euclid_elements,False,False,False,False,False,False,False,False,False,False,COURS DE MATHEMATIQUE,,,,"augmentée | corrigée | COURS DE MATHEMATIQUE | Qui Contient LA MATHEMATIQUE EN GENERAL LA GEOMETRIE SPECULATIVE, ET LA GEOMETRIE PRATIQUE | Seconde Edition, augmentée & corrigée | De l’Academie Royale des Sciences, Conseiller Lecteur & Professeur du Roy en Mathematique, Professeur & Directeur de l’Academie Royale d’Architecture, &c","Academie Royale des Sciences | Academie Royale d’Architecture | De l’Academie Royale des Sciences, Conseiller Lecteur & Professeur du Roy en Mathematique, Professeur & Directeur de l’Academie Royale d’Architecture, &c | MONSEIGNEUR LE DAUPHIN"
bib-79,1665,Padua,ITALIAN,Arithmetic | Geography | Military Engineering | Trigonometry,,Astronomy | Practical Geometry | Theoretical Mathematics,False,False,False,False,not_euclid_elements,False,False,False,False,False,False,False,False,False,False,,,,,"si ristringono | ARITMETICA, GEOMETRIA, TRIGONOMETRIA pratiche, FORTIFICAZIONE, SFERA, e GEOGRAFIA | Lettore di Filosofia nello Studio di PADOVA, e delle Matematiche Militari nella sodetta ACCADEMIA","Accademia DELLA di Padoua | Lettore di Filosofia nello Studio di PADOVA, e delle Matematiche Militari nella sodetta ACCADEMIA"
bib-8,1525,Nuremberg,GERMAN,Practical Geometry,Instrument Use,,False,False,False,False,not_euclid_elements,False,False,False,False,False,False,False,False,False,False,Underweysung der messung,,,,zu sammen getzogë | allen kunstlieb habenden | Underweysung der messung | mit dem zirckel vñ richt- scheyt | in Linien ebnen vñnd gantzen corporen | mit zugehörigen figuren | mit zugehörigen figuren,allen kunstlieb habenden
bib-80,1691,Paris,FRENCH,Practical Geometry | Surveying,Arithmetic,,False,False,False,False,not_euclid_elements,False,False,False,False,False,False,False,False,False,False,,,,,"Augmentée | à tous Architectes, Ingenieurs, Maçons, Arpenteurs, Taugeurs, & autres Geometres | NOUVELLE EDITION, Augmentée de plusieurs Notes, & d’un Traité de l’Arithmetique par Geometrie | Professeur en Mathematique | plusieurs Notes | un Traité de l’Arithmetique","à tous Architectes, Ingenieurs, Maçons, Arpenteurs, Taugeurs, & autres Geometres | Professeur en Mathematique | Du Sr BOULENGER"
bib-82,1554,Lyon,LATIN,Practical Geometry,Commercial Mathematics | Construction | Instrument Use | Mechanics | Military Engineering | Theoretical Mathematics,,False,False,False,False,not_euclid_elements,False,False,False,False,False,False,False,False,False,False,,,,,"De arca Noe, cuius formæ, capacitatisq; fuerit | De sublicio ponte Caesaris | Confutatio quadraturæ circuli ab Orontio Finæo factæ | Ad locum Quintiliani geometricum explanatio | Ad problema cubi duplicandi | Emendatio figurationis organi a Columella descripti | De libra & statera | De fluentis aquæ mensura | De precio margaritarum | De fluviaticis Insulis secundum Ius civile diuidendis. vbi confutatur Tyberias Bartoli | De diuisione fructus arboris in confinio natæ | Geometriæ cognitionem Iureconsulto necessariam | Ad legem Papiniani, Divortio | Ad legem Iuliani, Sitta scriptum | Ad legem Aphricani, Qui quadringerta | De arca Noe | De sublicio ponte Caesaris | Confutatio quadraturæ circuli | Ad locum Quintiliani geometricum | Ad problema cubi duplicandi | Emendatio figurationis organi | De libra & statera | De fluentis aquæ mensura | De precio margaritarum | De fluviaticis Insulis | De diuisione fructus arboris | Geometriæ cognitionem | Ad legem Papiniani | Ad legem Iuliani | Ad legem Aphricani",
bib-83,1559,Lyon,LATIN,Practical Geometry,Commercial Mathematics | Construction | Mechanics | Military Engineering | Surveying,Instrument Use,False,False,False,False,not_euclid_elements,False,False,False,False,False,False,False,False,False,False,,,,,,
bib-84,1673,Cremona,ITALIAN,Construction | Practical Geometry,Architecture | Surveying,,False,False,False,False,not_euclid_elements,False,False,False,False,False,False,False,False,False,False,LE DVE PRIME PARTI DELLA GEOMETRIA FAMIGLIARE D’ALESSANDRO CAPRA ARCHITETTO CREMONESE,,,,"Ristampate | accre- scìute | à patroni delle fa- briche | agl’Illustriss. Signori DECVRIONI DELLA CITTÀ DI CREMONA | LE DVE PRIME PARTI DELLA GEOMETRIA FAMIGLIARE D’ALESSANDRO CAPRA ARCHITETTO CREMONESE | Ristampate dall’istesso Autore | accre- scìute nella prima parte di molti auer- timenti necessarij | Con l’aggiunta dell’usiaggi de’ sienì sopra delle Cassine, e la regola da misurarli, con la tavola delle cose più notabili",à patroni delle fa- briche | agl’Illustriss. Signori DECVRIONI DELLA CITTÀ DI CREMONA | DECVRIONI
bib-85,1685,Bologna,ITALIAN,Arithmetic | Instrument Construction | Instrument Use,Practical Geometry,Architecture | Commercial Mathematics | Perspective | Surveying,False,False,False,False,not_euclid_elements,False,False,False,False,False,False,False,False,False,False,FABRICA ET USO Del Compasso di Proportione,,,,"Accresciuta | Dando | apportando | Geometri | Agrimensori | Architetti ciuili | militari | Pittori | Scultori | tutti quelli, che vsano del Disegno | Bombardieri | Sergenti di Battaglia | Mercanti | altri | FABRICA ET USO Del Compasso di Proportione | Dove insegna à gli ARTEFICI il modo di fare in esso le necessarie diuisioni,  E con varij Problemi vsuali mostra l’vtilità di questo Stromento | Accresciuta notabilmente in questa Seconda Editione dal medesimo Autore | DELLA COMPAGNIA DI GIESU | Dando le ragioni, & apportando le dimostrazioni di tutte le operationi nella Fabrica, e nell’Vso | Accresciuta notabilmente","Geometri | Agrimensori | Architetti ciuili | militari | Pittori | Scultori | tutti quelli, che vsano del Disegno | Bombardieri | Sergenti di Battaglia | Mercanti | altri | DELLA COMPAGNIA DI GIESU | DELLA COMPAGNIA DI GIESU"
bib-86,1664,Bologna,LATIN,Instrument Construction | Instrument Use,Arithmetic | Practical Geometry,,False,False,False,False,not_euclid_elements,False,False,False,False,False,False,False,False,False,False,,,,,"Geometri | Agrimensori | Architetti ciuili | militari | Pittori | Scultori | a tutti quelli, che vsano del Disegno | Bom- bardieri | Sergenti di Battaglia | Mercanti | altri | Dando le ragioni, & apportando le dimostrazioni","Geometri | Agrimensori | Architetti ciuili | militari | Pittori | Scultori | a tutti quelli, che vsano del Disegno | Bom- bardieri | Sergenti di Battaglia | Mercanti | altri | Compagnia di GIESU | DEL MOLTO REV. P. PAOLO CASATI"
bib-87,1584,Brescia,ITALIAN,Practical Geometry | Surveying,,Instrument Use,False,False,False,False,not_euclid_elements,False,False,False,False,False,False,False,False,False,False,DELL’ARTE DEL MISURARE LIBRI DVE,,,,"DELL’ARTE DEL MISURARE LIBRI DVE | NEL PRIMO DE’ QVALI S’INSEGNA A MISVRARE, ET PARTIR I CAMPI.  NEL SECONDO A MISVRAR LE MVRAGLIE, imbottar Grani, Vini, Fieni, & Strami; col liuellar dell’Acque, & altre cose necessarie à gli Agrimensori | M",M
bib-88,1682,Brescia,ITALIAN,Practical Geometry | Surveying,,,False,False,False,False,not_euclid_elements,False,False,False,False,False,False,False,False,False,False,,,,,"nuova aggiunta | gli Agrimensori | una nuova aggiunta di molte Figure, & dichiarationi molto utili",gli Agrimensori
bib-89,1678,Milan,LATIN,Practical Geometry,,Mechanics,False,False,False,False,not_euclid_elements,False,False,False,False,False,False,False,False,False,False,,,,,Mediolanensi,"Mediolanensi | FERDINANDVM CAROLVM Ducem Mantuæ, Montisferrati, Guastallæ, &c"
bib-9,1544,Strasbourg,LATIN,Practical Geometry,Instrument Use | Mechanics,,True,True,True,False,euclid_procedural_pedagogical,False,True,False,False,False,False,False,False,True,True,LIBER DE GEOMETRIA PRACTICA,EVCLIDIS elementis,EVCLIDIS,,"emissus | LIBER DE GEOMETRIA PRACTICA | SIVE DE practicis longitudinum, planorum & so- lidorum: hoc est, linearum, superficio- rum, & corporum mensonibus; aliisqꝫ mechanicis, ex demonstratis EVCLIDIS elementis corollarius | NUNC PRIMVM APVD GERMA- nos in lucem emissus | LUTETIAE LIBERALIVM disciplinarum Professoris regij | EVCLIDIS elementis | ex demonstratis EVCLIDIS elementis corollarius | EVCLIDIS",LUTETIAE LIBERALIVM disciplinarum Professoris regij
bib-90,1585,Paris,FRENCH,Instrument Use | Practical Geometry,,,False,False,False,False,not_euclid_elements,False,False,False,False,False,False,False,False,False,False,PRATIQVE VNIVER- SELLE DE GEOMETRIE DE IAC- QVES CHAVVET CHAMPENOIS,,,,"PRATIQVE VNIVER- SELLE DE GEOMETRIE DE IAC- QVES CHAVVET CHAMPENOIS | contenant l'explication de son Cosmometre & de tous instrumens Geome- triques, auec les figures & démonstrations tres- utiles & nécessaires pour l'intelligence d’iceux | PRO- fesseur & Lecteur ordinaire és Mathematiques, en l'Vniuersité de Paris","l'Vniuersité de Paris | PRO- fesseur & Lecteur ordinaire és Mathematiques, en l'Vniuersité de Paris | Seigneur Messire Anné d’Anglu- re"
bib-91,1563,Venice,ITALIAN,Arithmetic | Practical Geometry | Theoretical Mathematics,,,False,False,False,False,not_euclid_elements,False,False,False,False,False,False,False,False,False,False,Libro di Arithmetica & Geometria,,,,Composto | Stampato | Intitulato | Nuouamente Stampato | per maestro | Libro di Arithmetica & Geometria | Speculatiua & praticale | Nuouamente Stampato,per maestro
bib-92,1692,Venice,ITALIAN,Arithmetic | Commercial Mathematics | Practical Geometry | Surveying | Theoretical Mathematics,Instrument Use,,False,False,False,False,not_euclid_elements,False,False,False,False,False,False,False,False,False,False,,,,,"Accresciuto | riuisto | corretto | a Mercatanti, & a qualunque altra persona | Accresciuto in quest’ultima Impressione di dottissimi Problemi da B. B | Di nuovo riuisto, & da molti errori corretto, & accresciuto di molte cose | M | VERONESE | Veronese Rasonato publico della Magnifica Città | B. B | Accresciuto in quest’ultima Impressione di dottissimi Problemi da B. B | Con l’aggiunta della Regola del Catain del medesimo","a Mercatanti, & a qualunque altra persona | M | VERONESE | Veronese Rasonato publico della Magnifica Città | GIO: BATTISTA SORER | B. B"
bib-93,1603,Venice,ITALIAN,Arithmetic | Commercial Mathematics | Practical Geometry | Surveying,,,False,False,False,False,not_euclid_elements,False,False,False,False,False,False,False,False,False,False,PRATICA D’ARITHMETICA E GEOMETRIA,,,,"NUOVAMENTE POSTA IN LVCE | PRATICA D’ARITHMETICA E GEOMETRIA | De Minori conventuali di S. Franc. nella qual si dimostra un ve- ro, & facilissimo modo da risolver ogni sorte di ragioni,  Da misurar tutte le superficie terrene, e corpi regolari, da misurar con l’aspetto le distanze, l’altezze, e le profondità,  Con il modo da leuar le piante senza bussola: si copronsi in essa alcuni errori di certi Autori | NUOVAMENTE POSTA IN LVCE",Minori conventuali di S. Franc | R. P. F. Lorenzo Forestani da Pescia
bib-94,1682,Siena,ITALIAN,Arithmetic | Practical Geometry,,,False,False,False,False,not_euclid_elements,False,False,False,False,False,False,False,False,False,False,"PRATICA D’ARITHMETICA, E GEOMETRIA",,,,"Ristampata | Ricorretta | PRATICA D’ARITHMETICA, E GEOMETRIA | Di nuovo Ristampata, e con somma diligenza Ricorretta | REV | de’ Minori Conuentuali di S. Francesco","Minori Conuentuali di S. Francesco | GRAN DVCA DI TOSCANA | REV | de’ Minori Conuentuali di S. Francesco | IL SIG. SENATORE, MARCHESE FRANCESCO FERRONI"
bib-95,1668,Cambridge,LATIN,Arithmetic | Astronomy | Geography | Gnomonics & Horology,,Music Theory | Theoretical Mathematics,False,False,False,False,not_euclid_elements,False,False,False,False,False,False,False,False,False,False,,,,,"adornata | studiosæ Juventutis | SOC. JESU MATHEMATICÆ TOTIUS, H. e","studiosæ Juventutis | SOC. JESU | INSTITUTIO | SOC. JESU MATHEMATICÆ TOTIUS, H. e"
bib-96,1675,Caen,LATIN,,Astronomy | Geography | Gnomonics & Horology | Navigation,,False,False,False,False,not_euclid_elements,False,False,False,False,False,False,False,False,False,False,COSMOGRAPHIA,,,,"Complectens | Ad usum Studiosæ Juventutis | COSMOGRAPHIA | Editio tertia emendatior & auctior | AURELIANENSIS, SOCIET. JESU INSTITUTIO MATHEMATICÆ | Astronomiam | Chronologiam Mathematicam | Gnomonicam | Tracta- tum de Globo Terrestri | Geographiam | Hydrographiam | Astronomiam | Chronologiam Mathematicam | Gnomonicam | Tractatum de Globo Terrestri | Geographiam | Hydrographiam","Ad usum Studiosæ Juventutis | SOCIET. JESU INSTITUTIO MATHEMATICÆ | AURELIANENSIS, SOCIET. JESU INSTITUTIO MATHEMATICÆ"
bib-97,1627,Naples,LATIN,,,,False,False,False,False,not_euclid_elements,False,False,False,False,False,False,False,False,False,False,,,,,Continentur,
bib-98,1639,Naples,LATIN,,,,False,False,False,False,not_euclid_elements,False,False,False,False,False,False,False,False,False,False,,,,,GLORIOSI,GLORIOSI
bib-99,1697,Nuremberg,GERMAN,Architecture | Construction | Military Engineering | Practical Geometry | Surveying | Theoretical Mathematics,,,False,False,False,False,not_euclid_elements,False,False,False,False,False,False,False,False,False,False,,,,,"aufgesetzt | zusammen getragen | jedermanns | Majorn | mit gehörigen Figuren | GEOMETRIÆ THEORETICÆ, der Erdmeß‑Kunst | ARCHITECTURÆ CIVILIS, der Bürgerli- chen Bau=Kunst | ARCHITECTURÆ MILITARIS, der Forti- fication oder Kriegs=Bau=Kunst | ARTIS TORMENTARIÆ, der Artillerie oder Büchsen=Meisteren | PYROTECHNIÆ DAMNOSÆ, des Ernst= Feuer=Wercks | PYROTECHNIÆ JUCUNDÆ, des Lust= Feuer=Wercks | GEOMETRIÆ THEORETICÆ | ARCHITECTURÆ CIVILIS | ARCHITECTURÆ MILITARIS | ARTIS TORMENTARIÆ | PYROTECHNIÆ DAMNOSÆ | PYROTECHNIÆ JUCUNDÆ",jedermanns | Majorn
s.l_1650,1650,,LATIN,Theoretical Mathematics,,,False,False,False,False,not_euclid_elements,False,False,False,False,False,False,False,False,False,False,,,,,,
ustc-10,1626,Paris,FRENCH,Instrument Use | Practical Geometry,,,False,False,False,False,not_euclid_elements,False,False,False,False,False,False,False,False,False,False,LA GEOMETRIE,,,,"enrichy | composé | Traduit | pour tous curieux des Mathematiques | LA GEOMETRIE | REDVITE EN VNE FACILE ET BRIEFVE pratique | enrichy de huict diuisions par dessus le com- mun & ordinaire | composé en Italien par Michel Connette | Traduit en François | Mathematicien | Fabrice Mordente | Alexandre Farnese | enrichy de huict diuisions | PANTOMETRE OV COMPAS DE PROPORTION DE MICHEL CONNETTE | L’VSAGE DV COMPAS A huict pointes, inuenté par Fabrice Mordente | PANTOMETRE OV COMPAS | L’VSAGE DV COMPAS A huict pointes | en Italien | en François",pour tous curieux des Mathematiques | Mathematicien | Fabrice Mordente | Alexandre Farnese
ustc-11,1624,Paris,FRENCH,Instrument Use | Practical Geometry,,Surveying,False,False,False,False,not_euclid_elements,False,False,False,False,False,False,False,False,False,False,LA GEOMETRIE OV MESVRE DES LIGNES DROITES ESLOIGNEES PAR LE QVARRE´ GEOMETRIQVE,,,,"Enrichie de plusieurs Figures | NOVVELLEMENT MISE EN LVMIERE | Enrichie | MISE EN LVMIERE | LA GEOMETRIE OV MESVRE DES LIGNES DROITES ESLOIGNEES PAR LE QVARRE´ GEOMETRIQVE | Deux methodes tres-faciles pour mesurer toutes sor- tes de longueurs, hanteurs, largeurs, tant acces- sibles que inaccessibles, sans qu’il soit besoin d’au- cun calcul | NOVVELLEMENT MISE EN LVMIERE | Lecteur du Roy | Enrichie de plusieurs Figures | plusieurs Figures",Lecteur du Roy
ustc-12,1636,Paris,FRENCH,Trigonometry,Theoretical Mathematics,,False,False,False,False,not_euclid_elements,False,False,False,False,False,False,False,False,False,False,,,,,Baron de Merchiston | AVEC LES DEMONSTRATIONS DES deux celebres Propositions du Baron de Merchiston,"MESSIRE ROBERT KAR, COMTE d'Ancrame, Gentil-homme de la Chambre du Roy de la Grand' Bretagne | Baron de Merchiston"
ustc-13,1639,Paris,FRENCH,Mechanics,,Theoretical Mathematics,False,False,False,False,not_euclid_elements,False,False,False,False,False,False,False,False,False,False,EXAMEN DU LIVRE DES RECREATIONS MATHEMATIQVES,,,,"discutées | reftablies | proposées | EXAMEN DU LIVRE DES RECREATIONS MATHEMATIQVES | de ses Problemes en Geometrie, Mechanique, Optique, & Catoptrique | DERNIERE EDITION | Efcuyer, Sieur de la Maillardé, Confeiller du Roy, & Treforier de France en Picardie | Où font aufli discutées & reftablies plufieurs experiences Phyfiques y proposées","Efcuyer, Sieur de la Maillardé, Confeiller du Roy, & Treforier de France en Picardie"
ustc-14,1608,Paris,FRENCH,Gnomonics & Horology | Instrument Construction | Instrument Use | Practical Geometry,,,False,False,False,False,not_euclid_elements,False,False,False,False,False,False,False,False,False,False,GEOMETRIE. ET HORLOGIOGRAPHIE PRATIQVE,,,,"CONTENANT | expoſé | contenuz | GEOMETRIE. ET HORLOGIOGRAPHIE PRATIQVE | LA DESCRIPTION, FABRICATION & vsage des Horloges Solaires | d’Oronce Finé Dauphinois, Lecteur & Profeſſeur du Roy es ſciences Ma- thematiques | Pierre Appian excellent Mathe- maticien | Tables des Chapitres","Monſeigneur le Duc de Montmorancy, Pair & Conneſtable de France | d’Oronce Finé Dauphinois, Lecteur & Profeſſeur du Roy es ſciences Ma- thematiques | Pierre Appian excellent Mathe- maticien"
ustc-15,1630,Paris,FRENCH,Practical Geometry | Surveying,,,False,False,False,False,not_euclid_elements,False,False,False,False,False,False,False,False,False,False,LA GEOMETRIE PRATIQVE DES LIGNES DES SVPERFICIES ET DES CORPS,,,,"à tous Architectes, Ingenieurs, Maçons, Arpenteurs, & autres Geometres | à tous Architectes, Ingenieurs, Maçons, Arpenteurs, Laigners & autres Geometres | Oeuűre utile à tous Architeĉtes, Ingenieurs, Maçons, Arpenteurs, & autres Geometres | LA GEOMETRIE PRATIQVE DES LIGNES DES SVPERFICIES ET DES CORPS | Lecteur ordinaire du Roy | LECTEVR ORDINAIRE DV ROY","à tous Architectes, Ingenieurs, Maçons, Arpenteurs, & autres Geometres | à tous Architectes, Ingenieurs, Maçons, Arpenteurs, Laigners & autres Geometres | Oeuűre utile à tous Architeĉtes, Ingenieurs, Maçons, Arpenteurs, & autres Geometres | Lecteur ordinaire du Roy | LECTEVR ORDINAIRE DV ROY"
ustc-16,1604,Paris,FRENCH,Astronomy | Instrument Construction | Instrument Use | Navigation,Practical Geometry,,False,False,False,False,not_euclid_elements,False,False,False,False,False,False,False,False,False,False,,,,,"INVENTE | DEDIE | DEDIE | naïf de Cheuerain en Haynault, & Bachelier en la faculté de Medecine à Paris | natifs de Cheurenain en Haynault, & Bachelier en la faculté de Medecine à Paris","la faculté de Medecine à Paris | faculté de Medecine à Paris | Archeuesque de Sens | naïf de Cheuerain en Haynault, & Bachelier en la faculté de Medecine à Paris | natifs de Cheurenain en Haynault, & Bachelier en la faculté de Medecine à Paris | Monseigneur le Reuerendissime Archeuesque de Sens, Primat des Gaules, & de Germanie, grand Aumosnier de France, & Confeiller du Roy en ses Confeils d'Estat & Priué, &c | Monseigneur le Reueren­dissime Archeuesque de Sens, Primat des Gaules, & de Germanie, grand Aumosnier de France & Conseiller du Roy en ses Conseils d'Estat & Priué, &c"
ustc-17,1647,Paris,FRENCH,Arithmetic | Commercial Mathematics,,,False,False,False,False,not_euclid_elements,False,False,False,False,False,False,False,False,False,False,,,,,,
ustc-18,1613,Paris,FRENCH,Arithmetic | Construction | Military Engineering | Practical Geometry | Trigonometry,Instrument Use,,False,False,False,False,not_euclid_elements,False,False,False,False,False,False,False,False,False,False,MEMOIRES MATHEMATIQVES RECVEILLIS ET DRESSEZ,,,,"RECVEILLIS | DRESSEZ | EN FAVEVR DE LA NOBLESSE | MEMOIRES MATHEMATIQVES RECVEILLIS ET DRESSEZ | Auquel eft traité De l'Arithmetique militaire; con£lru£Hon des tables des Sinus, Tou- chantes & Coupantes; Doctrine des Triangles Rectilignes ; prati- que de diuers Problermes Geometriques ; Dimenfion des lignes droi£tes, fuperfcies & Corps; pratique du Compas de proportion ; De la Conflru£Hon & Fabrique des Forterel/es, feruans d'explication & augmentation es deux & troi£iefmes liures des Fortifications de Mon- fieur Errard | PREMIER VOLVME | Mathematicien | Mon- fieur Errard | feruans d'explication & augmentation",EN FAVEVR DE LA NOBLESSE | Mathematicien | Françoise | Mon- fieur Errard
ustc-19,1644,Paris,FRENCH,Theoretical Mathematics,,,False,False,False,False,not_euclid_elements,False,False,False,False,False,False,False,False,False,False,,,,,eſt adjouté | Traduites | Cosmographe ordinaire du Roy | F. Viete | des notes Commentaires | quantité de Problemes Ze- teticques | de Latin | en François,Cosmographe ordinaire du Roy | F. Viete
ustc-2,1613,Paris,FRENCH,Arithmetic,Theoretical Mathematics,,False,False,False,False,not_euclid_elements,False,False,False,False,False,False,False,False,False,False,L'ARITHMETIQVE,,,,Recueillie | traduite | Divisée | L'ARITHMETIQVE | Avec toutes les demonstrations Mathematiques | Recueillie & traduite d'Italien en François | de Caen | Avec toutes les demonstrations Mathematiques | plusieurs inventions dudit GOSSELIN | d'Italien | en François,de Caen
ustc-20,1641,Paris,FRENCH,,,,False,False,False,False,not_euclid_elements,False,False,False,False,False,False,False,False,False,False,,,,,"REPRESENTE | expliqué | qui veulent apprendre les Mathematiques en peu de temps | PAR FIGVRES, & cartes | clairement expliqué",qui veulent apprendre les Mathematiques en peu de temps
ustc-21,1624,Paris,FRENCH,Arithmetic | Theoretical Mathematics,,,False,False,False,False,not_euclid_elements,False,False,False,False,False,False,False,False,False,False,L’VSAGE DE LA REIGLE DE PROPORTION,,,,L’VSAGE DE LA REIGLE DE PROPORTION | en l’Arithmetique & Geometrie | Gentil homme Anglois,Gentil homme Anglois
ustc-23,1626,Paris,FRENCH,Practical Geometry,,Theoretical Mathematics,False,False,False,False,not_euclid_elements,False,False,False,False,False,False,False,False,False,False,,,,,ceux qui ſe deſlectent en la pra- etique des diuiines Mathematiques | Mathematicien,ceux qui ſe deſlectent en la pra- etique des diuiines Mathematiques | Mathematicien
ustc-24,1634,Paris,FRENCH,,,,False,False,False,False,not_euclid_elements,False,False,False,False,False,False,False,False,False,False,,,,,,
ustc-25,1635,Paris,FRENCH,Theoretical Mathematics,,,False,False,False,False,not_euclid_elements,False,False,False,False,False,False,False,False,False,False,,,,,Avec toutes les démonstrations Geome- triques requises,"A MESSIRE CHARLES CLER, Sieur de Tremblay, de Ville-Bleuin, & S. Aignan, Conseiller du Roy en ses Conseils d’Estat, Cap- itaine & Gouverneur pour sa Majesté du Chas- teau de la Bastille à Paris"
ustc-26,1627,Paris,FRENCH,Arithmetic | Construction | Instrument Use | Military Engineering | Practical Geometry | Trigonometry,,,False,False,False,False,not_euclid_elements,False,False,False,False,False,False,False,False,False,False,MEMOIRES MATHEMATIQVES,,,,"reueuë | corrigée | augmentée | EN FAVEVR DE LA NOBLESSE FRANÇOISE | MEMOIRES MATHEMATIQVES | De l’Arithmetique militaire ; Conſtruction des tables des Sinus, chanzes & Coupantes ; Doctrine des triangles Recitilignes ; Pratique de diuers problemes Geometriques ; Dimeſon des lignes droites, perficies & Corps ; Pratique du Compas de proportion ; ȣ de la Conſtruction des Fortereſses, ſeruant d’application & augmentacion eſ deux & troisſiemes Liures des Fortifications de Monſieur Errard | SECONDE EDITION, reueuë, corrigée & augmentée en diuers en droicts ; & meſme d'vn traicté entier, contenant vne briefve inconſtr tion pour conſtruire les fortifications pées aux pays bas | Mathematicien",EN FAVEVR DE LA NOBLESSE FRANÇOISE | Mathematicien
ustc-27,1632,Paris,FRENCH,Arithmetic | Commercial Mathematics,,,False,False,False,False,not_euclid_elements,False,False,False,False,False,False,False,False,False,False,ARITHMETIQVE MEMORIALE,,,,"ä toutes ſortes de perſonnes | ARITHMETIQVE MEMORIALE | Par le moyen de laquelle on peut resolu- dre en son esprit toutes reigles qui con- cernent le negoce & trafic de toutes sortes de marchandifes, fans vfer d’au- cuns chiffres ny Gettons | En suite de laquelle eſt vne fucincte dioſpofition de la brieſue Arithmetique auec les gettrons, qui eſt",ä toutes ſortes de perſonnes | Sieur de la Fontaine
ustc-28,1631,Rouen,FRENCH,Arithmetic,Practical Geometry,,False,False,False,False,not_euclid_elements,False,False,False,False,False,False,False,False,False,False,METHOIQVES INSTITV TIONS DE LA VRAYE ET PARFAICTE ARITHMETIQVE,,,,"diuifée | REVEE | CORRIGEE | amplifiée | METHOIQVES INSTITV TIONS DE LA VRAYE ET PARFAICTE ARITHMETIQVE | extraction des racines Quarrees, & Cubes , & autres choses appartenantes à la Geo- metrie , auec les figures & pra - tique d’icelles | REVEE, CORRIGEE, ET amplifiée d’Exemples Geometriques | profeßeur ordinaire éß Mathematiques en l’V niuerßité de Paris | d’Exemples Geometriques | extraction des racines Quarrees, & Cubes , & autres choses appartenantes à la Geo- metrie , auec les figures & pra - tique d’icelles",l’V niuerßité de Paris | profeßeur ordinaire éß Mathematiques en l’V niuerßité de Paris
ustc-29,1602,Paris,FRENCH,Practical Geometry,Instrument Use,Architecture,False,False,False,False,not_euclid_elements,False,False,False,False,False,False,False,False,False,False,LA GEOMETRIE ET PRACTIQVE GENERALLE D'ICELLE,,,,LA GEOMETRIE ET PRACTIQVE GENERALLE D'ICELLE | ET PRACTIQVE GENERALLE D'ICELLE | SECONDE EDITION | Ingenieur ordinaire de ſa Maieſté,Ingenieur ordinaire de ſa Maieſté | Tref-Chreſtien Roy de France & de Nauarre
ustc-3,1617,Paris,FRENCH,Theoretical Mathematics | Trigonometry,,,False,False,False,False,not_euclid_elements,False,False,False,False,False,False,False,False,False,False,TRAICTE' DES TRIANGLES SPHERIQVES,,,,TRAICTE' DES TRIANGLES SPHERIQVES | Mathematicien,Mathematicien
ustc-31,1613,Paris,FRENCH,Arithmetic,Theoretical Mathematics,,False,False,False,False,not_euclid_elements,False,False,False,False,False,False,False,False,False,False,L'ARITHMETIQVE DE NICOLAS TARTAGLIA BRESCIAN,,,,Divisée | Recueillie | traduite | L'ARITHMETIQVE DE NICOLAS TARTAGLIA BRESCIAN | Recueillie & traduite d'Italien en François | toutes les démonstrations Mathematiques | plu- fieurs inuetions dudic GOSSELIN | d'Italien | en François,
ustc-32,1578,Paris,FRENCH,Arithmetic,,,False,False,False,False,not_euclid_elements,False,False,False,False,False,False,False,False,False,False,L'ARITHMETIQVE DE NICOLAS TARTAGLIA BRESCIAN,,,,"Diuisée | Recueillie | traduite | L'ARITHMETIQVE DE NICOLAS TARTAGLIA BRESCIAN | Diuisée en deux parties | Recueillie, & traduite d'Italien en François | de Caen | Auec toutes les démonstrations Mathematiques | plusieurs inventions audit GOSSELIN | d'Italien | en François","de Caen | Princesse MA R. GVERITE de France, Royne de Nauarre"
ustc-33,1618,Paris,FRENCH,Instrument Use,Practical Geometry,Astronomy | Navigation | Theoretical Mathematics,False,False,False,False,not_euclid_elements,False,False,False,False,False,False,False,False,False,False,"TRAICTE' DES GLOBES, ET DE LEVR VSAGE",,,,"Traduict | Augmenté | TRAICTE' DES GLOBES, ET DE LEVR VSAGE | Mathematicien | ROBERT HVES | plusieurs nottes & operations du compas de proportion | Latin",Mathematicien | ROBERT HVES
ustc-34,1634,Paris,FRENCH,Practical Geometry | Surveying,,,False,False,False,False,not_euclid_elements,False,False,False,False,False,False,False,False,False,False,LA GEOMETRIE PRACTIQVE,,,,"à tous Architećtes, Ingenieurs, Maçons, Arpenteurs, Langiers & aàtres Geometres | LA GEOMETRIE PRACTIQVE | NOVVELLE METHODE DE TOISER ET Arpenter toutes sortes de grandeurs, sans qu’il soit besoin d’vser de fractions ny de redućtions, ny mesme d’aucune diuisìon: enco- re que l’on se serue de la mesure ordinaire & de ses parties: Et par ce moyen expediant plus d’opérations en vne heure, que l’on n’a- uoit de coustume par cy-deuant de faire en huict | LECTEVR ORDINAIRE DV ROY. OV","à tous Architećtes, Ingenieurs, Maçons, Arpenteurs, Langiers & aàtres Geometres | LECTEVR ORDINAIRE DV ROY. OV"
ustc-35,1640,Paris,FRENCH,Practical Geometry | Surveying,,,False,False,False,False,not_euclid_elements,False,False,False,False,False,False,False,False,False,False,,,,,"a tous Archite&es, Ingenieurs, Maçons, Arpenteurs, & autres Geometres | Le&eur ordinaire du Roy","a tous Archite&es, Ingenieurs, Maçons, Arpenteurs, & autres Geometres | Le&eur ordinaire du Roy"
ustc-36,1622,Rouen,FRENCH,Arithmetic,Practical Geometry,,False,False,False,False,not_euclid_elements,False,False,False,False,False,False,False,False,False,False,METHODIQVES INSTITVTIONS DE LA VRAYE ET PARFAITE ARITHMETIQVE de IACQVES CHAVVET,,,,"diuisee | REVEVE | CORRIGEE | amplifiee | METHODIQVES INSTITVTIONS DE LA VRAYE ET PARFAITE ARITHMETIQVE de IACQVES CHAVVET | diuisee en six parties | diuisee en six parties | REVEVE, CORRIGEE, ET amplifiee | professeur ordinaire és Mathematiques en l'Vniuersité de Paris | d'Exemples Geometriques, extra- ction des racines Quarrees, & Cubes, & au- tres choses appartenantes à la Geome- trie, auec les figures & prati- que d'icelles",l'Vniuersité de Paris | professeur ordinaire és Mathematiques en l'Vniuersité de Paris
ustc-38,1626,Paris,FRENCH,Arithmetic,Practical Geometry,,False,False,False,False,not_euclid_elements,False,False,False,False,False,False,False,False,False,False,,,,,adiouſté | Gentil-homme Anglois | ce que nous auons adiouſté,Gentil-homme Anglois
ustc-39,1621,Paris,FRENCH,Practical Geometry,,,False,False,False,False,not_euclid_elements,False,False,False,False,False,False,False,False,False,False,LA GEOMETRIE ET PRATIQUE GENERALE D'ICELLE,,,,"Reveuë | corrigée | beaucoup augmentée | LA GEOMETRIE ET PRATIQUE GENERALE D'ICELLE | Reveuë, corrigée, & beaucoup augmentée | de Bar-le Duc, Ingenieur ordinaire de sa Majesté | beaucoup augmentée","de Bar-le Duc, Ingenieur ordinaire de sa Majesté"
ustc-4,1625,Paris,FRENCH,Arithmetic | Practical Geometry | Surveying,Instrument Use,,False,False,False,False,not_euclid_elements,False,False,False,False,False,False,False,False,False,False,LIVRE D'ARITHMETIQVE ET GEOMETRIE,,,,"mis en lumiere | Reueu | corrigé | augmenté | tous ceux qui font profession és Mathematiques | LIVRE D'ARITHMETIQVE ET GEOMETRIE | Auec l'Art d'Arpenter & Meßurer tou- tes superfícies de terre | Nouuellement mis en lumiere par le sieur ZACARIE, Profeß. és Mathematiques | Reueu, corrigé & augmenté de nouueau | Profeß. és Mathematiques | un Traicté de la Boußole | Traicté de la Boußole",tous ceux qui font profession és Mathematiques | Profeß. és Mathematiques
ustc-40,1627,Paris,FRENCH,Arithmetic | Mechanics,,,False,False,False,False,not_euclid_elements,False,False,False,False,False,False,False,False,False,False,,,,,"Augmente'e | QVATRIEME EDITION | Augmente'e de plvsiears beaux Problem.es, & de quelqves nottes servant a l'intelligence des choses difficiles & obscures, auec la correction d'un grand nombre de fautes & erreurs commises aux precedentes editions | quelqves nottes servant a l'intelligence des choses difficiles & obscures | la correction d'un grand nombre de fautes & erreurs",
ustc-41,1630,Paris,FRENCH,Mechanics,,Practical Geometry | Theoretical Mathematics,False,False,False,False,not_euclid_elements,False,False,False,False,False,False,False,False,False,False,,,,,"Escuyer Sieur de la Maillarde, Conseiller du Roy, & Tréso- rier general de France en Picardie","Escuyer Sieur de la Maillarde, Conseiller du Roy, & Tréso- rier general de France en Picardie"
ustc-42,1660,Paris,FRENCH,Arithmetic | Cosmography | Mechanics,,,False,False,False,False,not_euclid_elements,False,False,False,False,False,False,False,False,False,False,,,,,recueu | corrigé | augmenté | Cinquiéme & derniere Edition | corrigé & augmenté,
ustc-44,1555,Paris,FRENCH,Practical Geometry,,Instrument Use,False,False,False,False,not_euclid_elements,False,False,False,False,False,False,False,False,False,False,GEOMETRIE PRACTIQVE,,,,"COMPOSEE | reueue | augmentée | en- richie | GEOMETRIE PRACTIQVE | reueue, augmentée, & grandement en- richie | le noble Philosophe maïstre | augmentée | grandement en- richie",le noble Philosophe maïstre
ustc-45,1634,Paris,FRENCH,,,,False,False,False,False,not_euclid_elements,False,False,False,False,False,False,False,False,False,False,"LES QVESTIONS THEOLOGIQVES. PHYSIQVES, MORALES, ET MATHEMATIQVES",,,,"Composées | LES QVESTIONS THEOLOGIQVES. PHYSIQVES, MORALES, ET MATHEMATIQVES | Le P",Le P
ustc-46,1638,Paris,FRENCH,Arithmetic | Commercial Mathematics,,,False,False,False,False,not_euclid_elements,False,False,False,False,False,False,False,False,False,False,ARITHMETIQVE AVX IETTONS,,,,ARITHMETIQVE AVX IETTONS | APPELLEE LE GRAND IECT | Mathematicien,Mathematicien
ustc-47,1630,Paris,FRENCH,Theoretical Mathematics,,,False,False,False,False,not_euclid_elements,False,False,False,False,False,False,False,False,False,False,NOVVELLE ALGEBRE DE FRANÇOIS VIETE,,,,"TRADVIT | commenté | illustré | NOVVELLE ALGEBRE DE FRANÇOIS VIETE | veus les plus miraculeux effectz des sciences Mathematiques, pour l’inuention & solu- tion, tant des Problemes, que Theoremes, proposez en icelles | Mathematicien | FRANÇOIS VIETE | commenté & illustré d'exemples | EN NOSTRE LANGVE",Mathematicien | FRANÇOIS VIETE
ustc-48,1630,Paris,FRENCH,Theoretical Mathematics,,,False,False,False,False,not_euclid_elements,False,False,False,False,False,False,False,False,False,False,L'ALGBRE NOVVELLE DE Mr. VIETE Mr DES REQVESTES,,,,TRADVICTE | L'ALGBRE NOVVELLE DE Mr. VIETE Mr DES REQVESTES | Mr. VIETE | ORD. DE L'HOSTEL DV ROY | ORD. DE L'HOSTEL DV ROY | EN FRANCOIS,Mr. VIETE
ustc-49,1630,Paris,FRENCH,Theoretical Mathematics,,,False,False,False,False,not_euclid_elements,False,False,False,False,False,False,False,False,False,False,LES CINQ LIVRES DES ZETETIQVES DE FRANCOIS VIETTE,,,,"MIS EN FRANCOIS | COMMENTEZ | augmentex | LES CINQ LIVRES DES ZETETIQVES DE FRANCOIS VIETTE | des exemples du Poristique, & Exe- getique, parties restantes de l’Analitique | MIS EN FRANCOIS | Mathematicien | augmentex des exemples du Poristique, & Exe- getique, parties restantes de l’Analitique | EN FRANCOIS",Quay des RR. PP. Augustins | Mathematicien
ustc-5,1634,Paris,FRENCH,,,Architecture | Arithmetic | Astronomy | Cartography | Commercial Mathematics | Construction | Cosmography | Geography | Gnomonics & Horology | Instrument Construction | Instrument Use | Mechanics | Military Engineering | Music Theory | Navigation | Perspective | Practical Geometry | Surveying | Theoretical Mathematics | Trigonometry,False,False,False,False,not_euclid_elements,False,False,False,False,False,False,False,False,False,False,"LES QVESTIONS THEOLOGIQVES. PHYSIQVES, MORALES, ET  MATHEMATIQVES",,,,"Composées | chacun | LES QVESTIONS THEOLOGIQVES. PHYSIQVES, MORALES, ET  MATHEMATIQVES",chacun
ustc-50,1626,Paris,FRENCH,Arithmetic | Theoretical Mathematics,,,False,False,False,False,not_euclid_elements,False,False,False,False,False,False,False,False,False,False,,,,,Professeur ès Mathematiques,Professeur ès Mathematiques
ustc-52,1632,Paris,FRENCH,Arithmetic | Commercial Mathematics,,,False,False,False,False,not_euclid_elements,False,False,False,False,False,False,False,False,False,False,,,,,"à toutes sortes de personnes | Par le moyen de laquelle on peut resou- dre en son esprit toutes reigles qui con- cernent le negoce & trafic de toutes sortes de marchandises, sans user d'au- cuns chiffres ny gettons | En suite de laquelle est une succincte disposition de  la bresve Arithmetique avec les gettrons, qui est  grandement necessaire à toutes sortes de personnes,  pour resoudre toutes reigles, avec plus de facilité  & grande briefveté, que par les formes ordina-  res de l'Arithmetique avec la plume",à toutes sortes de personnes
ustc-53,1646,Paris,FRENCH,Arithmetic | Commercial Mathematics | Surveying,,,False,False,False,False,not_euclid_elements,False,False,False,False,False,False,False,False,False,False,TRAICTE ARITHMETIQVE,,,,"CONTENANT | augmenté | TRAICTE ARITHMETIQVE | les Regles necessaires tant pour les Finances, que pour la Marchandife, auec vne Methode facile & familiere | Dans lequel les Tables necessaires pour cette faci- lité auec leur vfage, font comprises | Ensemble un Abrege de l' Arithmetique aux Iettons, que l'on appelle grand Iet | Nouuellement augmenté d'vn traicté d'Arpentage | Arithmeticien | d'vn traicté d'Arpentage",Arithmeticien
ustc-54,1608,Paris,FRENCH,Practical Geometry,,Surveying,True,True,True,False,euclid_composite_workshop,False,True,True,False,False,False,False,False,True,True,Elemens d’Euclide,Elemens d’Euclide,Elemens d’Euclide,,"COMPOSEE | augmenté | tiré | Elemens d’Euclide | L’Art de mesurer toutes superficies Rectilignes | COMPOSEE | augmenté | NOBLE PHILOSOPHE | Chanoin de Noyon | tres-excellent Mathematicien | iadis Chanoin de Noyon | Lecteur & Profeſſeur du Roy ès Mathematiques | Elemens d’Euclide | de quelques Annotations | Tables des chapitres | Vn Traité des mesures Geometriques, des hanteurs accesſibles, ou inaccesſibles : & de toutes choſes pleines ou proſondes, ſelon leur longueur, largeur, & profondeur ; par M. Iean Pierre de Memes, tres-excellent Mathematicien, augmenté par ice- luy de quelques Annotations | Traité des mesures Geometriques | Elemens d’Euclide",NOBLE PHILOSOPHE | Chanoin de Noyon | tres-excellent Mathematicien | iadis Chanoin de Noyon | Lecteur & Profeſſeur du Roy ès Mathematiques
ustc-55,1620,Paris,FRENCH,Astronomy | Instrument Use,Practical Geometry,,False,False,False,False,not_euclid_elements,False,False,False,False,False,False,False,False,False,False,,,,,"EXPLICATION | AVEC VN SOMMAIRE TRAICTE de la Sphere: comme aussi de l'vsage tant du quarré Geometrique, que des Globes",
ustc-56,1618,Paris,FRENCH,Arithmetic | Practical Geometry | Surveying,,Instrument Use,False,False,False,False,not_euclid_elements,False,False,False,False,False,False,False,False,False,False,,,,,Nouvellement mis en lumiere | toutes personnes curieuses | ter & mesurer toutes superfis- cie de terre | Nouvellement mis en lumiere | Professeur es Mathematiques | AVEC L'ART D'ARPAN,toutes personnes curieuses | Professeur es Mathematiques
ustc-57,1619,Paris,FRENCH,Practical Geometry,,Surveying,False,False,False,False,not_euclid_elements,False,False,False,False,False,False,False,False,False,False,LA GEOMETRIE ET PRACTIQVE GENERALE D'ICELLE,,,,"Reueuë | corrigée | grandement augmentée | LA GEOMETRIE ET PRACTIQVE GENERALE D'ICELLE | TROISIESME EDITION | Reueuë, corrigée, & grandement augmentée","I. ERRARD de Bar-le-Duc , Ingenieur ordinaire de sa Majesté"
ustc-58,1620,Paris,FRENCH,Practical Geometry,,,True,False,False,False,euclid_sparse_canonical,True,False,False,False,False,False,False,False,True,True,QVATRE LIVRES,QVATRE LIVRES,,,QVATRE LIVRES | DE LA GEOMETRIE PRATIQVE | Mathemat | QVATRE LIVRES,Mathemat
ustc-59,1618,Paris,FRENCH,,Instrument Use,Astronomy | Cosmography | Geography | Navigation | Practical Geometry | Theoretical Mathematics,False,False,False,False,not_euclid_elements,False,False,False,False,False,False,False,False,False,False,"TRAICTE DES GLOBES, ET DE LEVR VSAGE",,,,"Traduict | Augmenté | TRAICTE DES GLOBES, ET DE LEVR VSAGE | Augmenté de plusieurs nottes & operations du compas de proportion | Mathematicien | ROBERT HVES | Augmenté de plusieurs nottes & operations du compas de proportion | Latin",Mathematicien | ROBERT HVES
ustc-6,1629,Paris,FRENCH,Military Engineering,Arithmetic,Practical Geometry,False,False,False,False,not_euclid_elements,False,False,False,False,False,False,False,False,False,False,,,,,des nouueaux etudians és Mathematiques | Sieur Fra | plufieurs belles obferuations | ab- bregez de Geometrie | Fortifica- tions & exemples d'Arithmetique,des nouueaux etudians és Mathematiques | Sieur Fra
ustc-60,1623,Paris,FRENCH,Theoretical Mathematics,,,True,True,True,False,euclid_humanist_transfer,False,False,False,False,True,False,False,False,True,False,Elemens Geometriques d'Euclide,Elemens Geometriques d'Euclide,d'Euclide,,a mis en lumiere | POVR LES TRADVCTEVRS ET INTERPRETES | Elemens Geometriques d'Euclide | Professeur és Matheratiques | P. le Mardelé | Elemens Geometriques d'Euclide | vne pretendue traduction d'iceux Elemens | d'Euclide,POVR LES TRADVCTEVRS ET INTERPRETES | Professeur és Matheratiques | P. le Mardelé
ustc-63,1640,Paris,FRENCH,Astronomy | Gnomonics & Horology | Instrument Use,,Practical Geometry,False,False,False,False,not_euclid_elements,False,False,False,False,False,False,False,False,False,False,,,,,Mathematicien,Mathematicien
ustc-7,1639,Paris,FRENCH,Instrument Use,Practical Geometry,Theoretical Mathematics,False,False,False,False,not_euclid_elements,False,False,False,False,False,False,False,False,False,False,LA FLEVR DES PRATIQVES DV COMPAS DE PROPORTION,,,,Renueü | augmentée | LA FLEVR DES PRATIQVES DV COMPAS DE PROPORTION | Où sont facilitez toutes les plus belles demonſtrations des Mathematiques | Renueü & augmentée par l’Auteur,Monſieur D’ORGEVAL
ustc-8,1605,Paris,FRENCH,Practical Geometry,,Surveying,True,True,True,False,euclid_composite_workshop,False,True,True,False,False,False,False,False,True,True,L’Art de mesurer toutes superficies Rectilignes | Elemens d'Euclide,Elemens d’Euclide | Elemens d'Euclide,Elemens d’Euclide | Elemens d'Euclide,,"COMPOSEE | augmenté | tiré | contenus | COMPOSEE | augmenté | L’Art de mesurer toutes superficies Rectilignes | Elemens d'Euclide | des Elemens d’Euclide | COMPOSEE | augmenté par iceluy de quelques Annotations | augmenté par iceluy de quelques Annotations | NOBLE PHILOSOPHE | Chanoine de Noyon | tres-excellent Mathematicien | Lecteur & Professeur du Roy ès Mathematiques | NOBLE PHILOSOPHE | iadis Chanoine de Noyon | tres-excellent Mathematicien | Lecteur & Professeur du Roy és Mathematiques | M. Iean Pierre de Mesmes | M. Iean des Mersliers d’Amiens | Elemens d’Euclide | Elemens d'Euclide | quelques Annotations | Tables des chapitres | augmenté par iceluy de quelques Annotations | Avec Tables des chapitres contenus es faits liures | Vn Traicté des mesures Geometriques, des hauteurs accessibles, ou inaccessibles: & de toutes choses pleines ou profondes, selon leur longueur, largeur, & profondeur, par M. Iean Pierre de Mesmes, tres-excellent Mathematicien, augmenté par iceluy de quelques Annotations | Vn Traicté des mesures Geometriques, des hauteurs accessibles, ou inaccessibles. Co de toutes choses plienes ou profondes, selon leur longueur, largeur, & profondeur | PLUS L'Art de mesurer toutes superficies Rectilignes tiré des Elemens d'Euclide | Traicté des mesures Geometriques | Vn Traicté des mesures Geometriques, des hauteurs accessibles, ou inaccessibles | L'Art de mesurer toutes superficies Rectilignes | Elemens d’Euclide | Elemens d'Euclide",NOBLE PHILOSOPHE | Chanoine de Noyon | tres-excellent Mathematicien | Lecteur & Professeur du Roy ès Mathematiques | NOBLE PHILOSOPHE | iadis Chanoine de Noyon | tres-excellent Mathematicien | Lecteur & Professeur du Roy és Mathematiques | M. Iean Pierre de Mesmes | M. Iean des Mersliers d’Amiens
ustc-9,1626,Paris,FRENCH,Arithmetic,Practical Geometry | Trigonometry,,False,False,False,False,not_euclid_elements,False,False,False,False,False,False,False,False,False,False,ARITHMETIQVE LOGARITHMETIQVE,,,,adiouſté | ARITHMETIQVE LOGARITHMETIQVE | La Construćtion & Vſage des Ta- bles Logarithmetiques | Gentil-homme Anglois | adiouſté,Gentil-homme Anglois
