subject_family,value,classification_key,year,city,language,primary_classes,evidence
Arithmetic/Commerce,clarity_ease,bib-119,1646,Amsterdam,LATIN,Arithmetic | Military Engineering | Practical Geometry | Surveying,"audience: den Landmeters en Ingenieurs | den Land-meters ende Ingenieurs | den Leser ; content_description: Beneffens de Stock-rekenninghe ofte Rabdologia J. Nepperi, cortelick en duydelick | In het welcke Beneffens de Stockrekeninge ofte Rhabdologia I. Neperi, kortelijck ende duydelijck ; edition_details: nieu verrijckt met een nieuwe inventie | De tweede Editie ; action_verbs: verrijckt | gecorrigeert ; enriched_with: nieu verrijckt met een nieuwe inventie om alle ronde vatten hare wanhgheden af te pegelen ; educational_authorities_references: J. Nepperi | I. Neperi"
Arithmetic/Commerce,clarity_ease,bib-191,1649,London,ENGLISH,Arithmetic | Commercial Mathematics,"content_description: The first of Vulgar Arithmetick with easie Rules to worke all the first four parts of Arithmetick, in whole Numbers and Fractions | The second of Decimall Arithmetick, whereby all  ; edition_details: The First Edition ; action_verbs: added ; enriched_with: Tables of Interest exactly calculated at 10, 8, 7, and 6 per cent | The Reduction of Weights, Value of Leases and Annuities | The weight and value of English Gold | Rebate at 8 per"
Arithmetic/Commerce,clarity_ease,bib-218,1634,London,ENGLISH,Arithmetic,"content_description: WITH Helpfull Observations, making the Entrance easie, and the Practice pleasant ; action_verbs: making ; enriched_with: WITH Helpfull Observations | With new and notable Abridgements | with extraordinarie Helps | some excellent Observations"
Arithmetic/Commerce,clarity_ease,bib-284,1687,London,ENGLISH,Arithmetic,"content_description: The perfect Work and Practice of ARITHMETICK both in Whole Numbers & Fractions ; edition_details: Newly Corrected and Contracted, and made more plain and easie ; action_verbs: Added | intermixed | Corrected | Contracted | made ; enriched_with: Many RULES and TABLES of Interest, Rebate, and Purchases, &c | The Art of DECIMAL FRACTIONS, intermixed with Common Fractions"
Arithmetic/Commerce,clarity_ease,ustc-53,1646,Paris,FRENCH,Arithmetic | Commercial Mathematics | Surveying,"content_description: les Regles necessaires tant pour les Finances, que pour la Marchandife, auec vne Methode facile & familiere | Dans lequel les Tables necessaires pour cette faci- lité auec leur vfa ; edition_details: Nouuellement augmenté d'vn traicté d'Arpentage ; action_verbs: CONTENANT | augmenté ; enriched_with: d'vn traicté d'Arpentage"
Arithmetic/Commerce,utility_use,bib-187,1615,Leiden,DUTCH,Commercial Mathematics | Practical Geometry | Surveying | Trigonometry,"audience: voor de Land-meters ; content_description: Daer in gheleert werdt te vinden  den naesten proportie des Circkels-Diameters teghen sijn om-  loop / daer door alle Circkels (met alle Figuren / ofte Lijnen met com-  munen hoeke ; edition_details: Twee­de Editie | Van nieuws oversien / ende van alle de voor-gaende fauten verbeteret / ende aen-ghevuld vermeerdert met by-voeghselen ; action_verbs: gecor- rigieerde | oversien | verbeteret | verbetert | vermeerdert | by-voeghselen | ghehouden | uyt-ghegeven | beschreven | ghebracht | gheproeft ; enriched_with: met het ghebruyck van dien, hoogh-noodigh voor de Land-meters | Met veel andere konstighe stucken, dierghelijcke noyt in druck uyt-ghegeven | Met noch seer hantvvoedige dingen | No"
Arithmetic/Commerce,utility_use,IC4Y79,1501,Venice,LATIN,Arithmetic | Theoretical Mathematics,content_description: difficultates omnes fere exponuntur ; educational_authorities_references: Boetio | Hippocrate | Paulo | Galeni
Arithmetic/Commerce,utility_use,MorisS-16-1,1623,Paris,FRENCH,Arithmetic | Construction | Military Engineering | Practical Geometry | Trigonometry,"audience: EN FAVEVR DE LA NOBLESSE Françoiſe ; content_description: Construction des tables des Sinus, Tou‑chantes & Couppantes ; Doctrine des triangles Rectilignes ; Pratique de diuers Problemes Geometriques ; Dimenſion des lignes droictes, Su‑per ; edition_details: SECONDE EDITION, reueuë, corrigée & augmentée en diuers en‑droicts, & meſme d’vn traicté entier, co[n]tenant vne brieue inſtru‑ ction pour conſtruire les fortifications pratiquées  ; action_verbs: reueuë | corrigée | augmentée ; enriched_with: d’explication & augmentation | vne brieue instruction ; educational_authorities_references: Monſieur Errard ; destination_language: Françoiſe"
Arithmetic/Commerce,utility_use,bib-133,1650,London,ENGLISH,Arithmetic | Practical Geometry | Surveying,"audience: A Worke very necessary for all Men, but principally for Surveyors of Land, Engineers, and all other Students in the Mathematicks ; content_description: In Two Parts:  The First, Shewing how to perform the four Species of ARITHMETICK, (viz. Addition, Substraction, Multiplication, and Division,) Together with Reduction, and the Rule"
Arithmetic/Commerce,utility_use,ustc-26,1627,Paris,FRENCH,Arithmetic | Construction | Instrument Use | Military Engineering | Practical Geometry | Trigonometry,"audience: EN FAVEVR DE LA NOBLESSE FRANÇOISE ; content_description: De l’Arithmetique militaire ; Conſtruction des tables des Sinus, chanzes & Coupantes ; Doctrine des triangles Recitilignes ; Pratique de diuers problemes Geometriques ; Dimeſon des ; edition_details: SECONDE EDITION, reueuë, corrigée & augmentée en diuers en droicts ; & meſme d'vn traicté entier, contenant vne briefve inconſtr tion pour conſtruire les fortifications pées aux pa ; action_verbs: reueuë | corrigée | augmentée"
Arithmetic/Commerce,correction_revision,bib-187,1615,Leiden,DUTCH,Commercial Mathematics | Practical Geometry | Surveying | Trigonometry,"audience: voor de Land-meters ; content_description: Daer in gheleert werdt te vinden  den naesten proportie des Circkels-Diameters teghen sijn om-  loop / daer door alle Circkels (met alle Figuren / ofte Lijnen met com-  munen hoeke ; edition_details: Twee­de Editie | Van nieuws oversien / ende van alle de voor-gaende fauten verbeteret / ende aen-ghevuld vermeerdert met by-voeghselen ; action_verbs: gecor- rigieerde | oversien | verbeteret | verbetert | vermeerdert | by-voeghselen | ghehouden | uyt-ghegeven | beschreven | ghebracht | gheproeft ; enriched_with: met het ghebruyck van dien, hoogh-noodigh voor de Land-meters | Met veel andere konstighe stucken, dierghelijcke noyt in druck uyt-ghegeven | Met noch seer hantvvoedige dingen | No"
Arithmetic/Commerce,correction_revision,MorisS-16-1,1623,Paris,FRENCH,Arithmetic | Construction | Military Engineering | Practical Geometry | Trigonometry,"audience: EN FAVEVR DE LA NOBLESSE Françoiſe ; content_description: Construction des tables des Sinus, Tou‑chantes & Couppantes ; Doctrine des triangles Rectilignes ; Pratique de diuers Problemes Geometriques ; Dimenſion des lignes droictes, Su‑per ; edition_details: SECONDE EDITION, reueuë, corrigée & augmentée en diuers en‑droicts, & meſme d’vn traicté entier, co[n]tenant vne brieue inſtru‑ ction pour conſtruire les fortifications pratiquées  ; action_verbs: reueuë | corrigée | augmentée ; enriched_with: d’explication & augmentation | vne brieue instruction ; educational_authorities_references: Monſieur Errard ; destination_language: Françoiſe"
Arithmetic/Commerce,correction_revision,ustc-26,1627,Paris,FRENCH,Arithmetic | Construction | Instrument Use | Military Engineering | Practical Geometry | Trigonometry,"audience: EN FAVEVR DE LA NOBLESSE FRANÇOISE ; content_description: De l’Arithmetique militaire ; Conſtruction des tables des Sinus, chanzes & Coupantes ; Doctrine des triangles Recitilignes ; Pratique de diuers problemes Geometriques ; Dimeſon des ; edition_details: SECONDE EDITION, reueuë, corrigée & augmentée en diuers en droicts ; & meſme d'vn traicté entier, contenant vne briefve inconſtr tion pour conſtruire les fortifications pées aux pa ; action_verbs: reueuë | corrigée | augmentée"
Arithmetic/Commerce,correction_revision,bib-191,1649,London,ENGLISH,Arithmetic | Commercial Mathematics,"content_description: The first of Vulgar Arithmetick with easie Rules to worke all the first four parts of Arithmetick, in whole Numbers and Fractions | The second of Decimall Arithmetick, whereby all  ; edition_details: The First Edition ; action_verbs: added ; enriched_with: Tables of Interest exactly calculated at 10, 8, 7, and 6 per cent | The Reduction of Weights, Value of Leases and Annuities | The weight and value of English Gold | Rebate at 8 per"
Arithmetic/Commerce,correction_revision,bib-204,1658,Middelburg,DUTCH,Arithmetic,"edition_details: Nu nieuwelijck over­sien, ’alle Questiën na-ge­rekent, en van ontallijke fouten gezuijvert | Item vermeerdert met d’Algebraïsche werckingen, uyt het Fransche Exemplaer over-ge­set; ; action_verbs: nieuwelijck over­sien | na-ge­rekent | gezuijvert | vermeerdert | over-ge­set | by-voeginghe ; enriched_with: d’Algebraïsche werckingen | Fransche Exemplaer | verscheyden Andre fraeye Questiën | noodige annotationen ; origin_language: Fransche"
Arithmetic/Commerce,novelty_invention,bib-190,1701,London,ENGLISH,Arithmetic | Commercial Mathematics,"audience: Merchants, and all that would understand ACCOUNTS, or the Mathematical  and Mechanical ARTS and SCIENCES ; content_description: WHEREIN THE  Whole Nature of NUMBERS, with their Simple and Comparative  Elements in all the Parts of ARITHMETICK, are plainly Declared,  and fully Handled ; action_verbs: added | Explain’d | Declared | Handled | Illustrated | digested | delivered ; enriched_with: Excellent RULES of PRACTICE | Many Large and Exact TABLES of all Sorts of Coins, Weights,  Measures, &c. Ancient and Modern, in most Countries, reduced to our own | divers Etymolog"
Arithmetic/Commerce,novelty_invention,bib-218,1634,London,ENGLISH,Arithmetic,"content_description: WITH Helpfull Observations, making the Entrance easie, and the Practice pleasant ; action_verbs: making ; enriched_with: WITH Helpfull Observations | With new and notable Abridgements | with extraordinarie Helps | some excellent Observations"
Arithmetic/Commerce,novelty_invention,bib-153,1579,London,ENGLISH,Arithmetic,"audience: for the Profession of a Soldiour ; edition_details: Long since attempted by LEONARD DIGGES Gentleman | Augmented, digested, and lately finished, by THOMAS DIGGES, his Sonne ; action_verbs: Augmented | digested | finished | adjoyned ; enriched_with: adjoyned certaine Questions of great Ordinance"
Arithmetic/Commerce,novelty_invention,bib-154,1590,London,ENGLISH,Arithmetic | Military Engineering,"audience: for the profession of a Souldier ; content_description: Compendiously teaching the Science of Numbers as well in Fractions as Integers, and so much of the Rules and Æquations Algebraicall, and Art of Num- bers Cossicall, as are requisit ; edition_details: reuiwed and corrected by the author him selfe | augmented with sundry additions | First published by Thomas Digges Esquire Anno Salutis 1579 ; action_verbs: augmented | reuiwed | corrected | published ; enriched_with: sundry additions"
Arithmetic/Commerce,novelty_invention,bib-257,1694,London,ENGLISH,Arithmetic | Astronomy | Gnomonics & Horology | Mechanics,"audience: Youth (in this Age ; action_verbs: Published | Annex ; enriched_with: a New Series for the speedy Extraction of Roots, and a Converging Series for all manner of affected Equations ; institutions: Mathematick School in Adam’s Court"
Arithmetic/Commerce,translation_language,Augsburg_1555,1555,Augsburg,GERMAN,Arithmetic | Theoretical Mathematics,"audience: allen den, so die kunst der Rechnung liebhaben ; content_description: in welchen der operationen vnnd regulen aller gemainer rechnung, vrsach grund vnd fundament, angezaigt wirt ; action_verbs: auß dem latein ins teütsch gebracht | mit gemainen exemplen also illustrirt ; enriched_with: mit gemainen exemplen also illustrirt ; origin_language: latein ; destination_language: teütsch ; institutions: vniuersitet zü Tübingen"
Arithmetic/Commerce,demonstration_method,bib-187,1615,Leiden,DUTCH,Commercial Mathematics | Practical Geometry | Surveying | Trigonometry,"audience: voor de Land-meters ; content_description: Daer in gheleert werdt te vinden  den naesten proportie des Circkels-Diameters teghen sijn om-  loop / daer door alle Circkels (met alle Figuren / ofte Lijnen met com-  munen hoeke ; edition_details: Twee­de Editie | Van nieuws oversien / ende van alle de voor-gaende fauten verbeteret / ende aen-ghevuld vermeerdert met by-voeghselen ; action_verbs: gecor- rigieerde | oversien | verbeteret | verbetert | vermeerdert | by-voeghselen | ghehouden | uyt-ghegeven | beschreven | ghebracht | gheproeft ; enriched_with: met het ghebruyck van dien, hoogh-noodigh voor de Land-meters | Met veel andere konstighe stucken, dierghelijcke noyt in druck uyt-ghegeven | Met noch seer hantvvoedige dingen | No"
Arithmetic/Commerce,demonstration_method,bib-133,1650,London,ENGLISH,Arithmetic | Practical Geometry | Surveying,"audience: A Worke very necessary for all Men, but principally for Surveyors of Land, Engineers, and all other Students in the Mathematicks ; content_description: In Two Parts:  The First, Shewing how to perform the four Species of ARITHMETICK, (viz. Addition, Substraction, Multiplication, and Division,) Together with Reduction, and the Rule"
Arithmetic/Commerce,demonstration_method,bib-190,1701,London,ENGLISH,Arithmetic | Commercial Mathematics,"audience: Merchants, and all that would understand ACCOUNTS, or the Mathematical  and Mechanical ARTS and SCIENCES ; content_description: WHEREIN THE  Whole Nature of NUMBERS, with their Simple and Comparative  Elements in all the Parts of ARITHMETICK, are plainly Declared,  and fully Handled ; action_verbs: added | Explain’d | Declared | Handled | Illustrated | digested | delivered ; enriched_with: Excellent RULES of PRACTICE | Many Large and Exact TABLES of all Sorts of Coins, Weights,  Measures, &c. Ancient and Modern, in most Countries, reduced to our own | divers Etymolog"
Arithmetic/Commerce,demonstration_method,bib-191,1649,London,ENGLISH,Arithmetic | Commercial Mathematics,"content_description: The first of Vulgar Arithmetick with easie Rules to worke all the first four parts of Arithmetick, in whole Numbers and Fractions | The second of Decimall Arithmetick, whereby all  ; edition_details: The First Edition ; action_verbs: added ; enriched_with: Tables of Interest exactly calculated at 10, 8, 7, and 6 per cent | The Reduction of Weights, Value of Leases and Annuities | The weight and value of English Gold | Rebate at 8 per"
Arithmetic/Commerce,demonstration_method,bib-218,1634,London,ENGLISH,Arithmetic,"content_description: WITH Helpfull Observations, making the Entrance easie, and the Practice pleasant ; action_verbs: making ; enriched_with: WITH Helpfull Observations | With new and notable Abridgements | with extraordinarie Helps | some excellent Observations"
Arithmetic/Commerce,enrichment_addition,MorisS-16-1,1623,Paris,FRENCH,Arithmetic | Construction | Military Engineering | Practical Geometry | Trigonometry,"audience: EN FAVEVR DE LA NOBLESSE Françoiſe ; content_description: Construction des tables des Sinus, Tou‑chantes & Couppantes ; Doctrine des triangles Rectilignes ; Pratique de diuers Problemes Geometriques ; Dimenſion des lignes droictes, Su‑per ; edition_details: SECONDE EDITION, reueuë, corrigée & augmentée en diuers en‑droicts, & meſme d’vn traicté entier, co[n]tenant vne brieue inſtru‑ ction pour conſtruire les fortifications pratiquées  ; action_verbs: reueuë | corrigée | augmentée ; enriched_with: d’explication & augmentation | vne brieue instruction ; educational_authorities_references: Monſieur Errard ; destination_language: Françoiſe"
Arithmetic/Commerce,enrichment_addition,bib-133,1650,London,ENGLISH,Arithmetic | Practical Geometry | Surveying,"audience: A Worke very necessary for all Men, but principally for Surveyors of Land, Engineers, and all other Students in the Mathematicks ; content_description: In Two Parts:  The First, Shewing how to perform the four Species of ARITHMETICK, (viz. Addition, Substraction, Multiplication, and Division,) Together with Reduction, and the Rule"
Arithmetic/Commerce,enrichment_addition,bib-190,1701,London,ENGLISH,Arithmetic | Commercial Mathematics,"audience: Merchants, and all that would understand ACCOUNTS, or the Mathematical  and Mechanical ARTS and SCIENCES ; content_description: WHEREIN THE  Whole Nature of NUMBERS, with their Simple and Comparative  Elements in all the Parts of ARITHMETICK, are plainly Declared,  and fully Handled ; action_verbs: added | Explain’d | Declared | Handled | Illustrated | digested | delivered ; enriched_with: Excellent RULES of PRACTICE | Many Large and Exact TABLES of all Sorts of Coins, Weights,  Measures, &c. Ancient and Modern, in most Countries, reduced to our own | divers Etymolog"
Arithmetic/Commerce,enrichment_addition,ustc-26,1627,Paris,FRENCH,Arithmetic | Construction | Instrument Use | Military Engineering | Practical Geometry | Trigonometry,"audience: EN FAVEVR DE LA NOBLESSE FRANÇOISE ; content_description: De l’Arithmetique militaire ; Conſtruction des tables des Sinus, chanzes & Coupantes ; Doctrine des triangles Recitilignes ; Pratique de diuers problemes Geometriques ; Dimeſon des ; edition_details: SECONDE EDITION, reueuë, corrigée & augmentée en diuers en droicts ; & meſme d'vn traicté entier, contenant vne briefve inconſtr tion pour conſtruire les fortifications pées aux pa ; action_verbs: reueuë | corrigée | augmentée"
Arithmetic/Commerce,enrichment_addition,bib-191,1649,London,ENGLISH,Arithmetic | Commercial Mathematics,"content_description: The first of Vulgar Arithmetick with easie Rules to worke all the first four parts of Arithmetick, in whole Numbers and Fractions | The second of Decimall Arithmetick, whereby all  ; edition_details: The First Edition ; action_verbs: added ; enriched_with: Tables of Interest exactly calculated at 10, 8, 7, and 6 per cent | The Reduction of Weights, Value of Leases and Annuities | The weight and value of English Gold | Rebate at 8 per"
Arithmetic/Commerce,restoration_ancient_authority,bib-190,1701,London,ENGLISH,Arithmetic | Commercial Mathematics,"audience: Merchants, and all that would understand ACCOUNTS, or the Mathematical  and Mechanical ARTS and SCIENCES ; content_description: WHEREIN THE  Whole Nature of NUMBERS, with their Simple and Comparative  Elements in all the Parts of ARITHMETICK, are plainly Declared,  and fully Handled ; action_verbs: added | Explain’d | Declared | Handled | Illustrated | digested | delivered ; enriched_with: Excellent RULES of PRACTICE | Many Large and Exact TABLES of all Sorts of Coins, Weights,  Measures, &c. Ancient and Modern, in most Countries, reduced to our own | divers Etymolog"
Arithmetic/Commerce,restoration_ancient_authority,VWMZ7L,1557,Paris,LATIN,Arithmetic | Astronomy | Music Theory | Theoretical Mathematics,
Arithmetic/Commerce,community_professional,MorisS-16-1,1623,Paris,FRENCH,Arithmetic | Construction | Military Engineering | Practical Geometry | Trigonometry,"audience: EN FAVEVR DE LA NOBLESSE Françoiſe ; content_description: Construction des tables des Sinus, Tou‑chantes & Couppantes ; Doctrine des triangles Rectilignes ; Pratique de diuers Problemes Geometriques ; Dimenſion des lignes droictes, Su‑per ; edition_details: SECONDE EDITION, reueuë, corrigée & augmentée en diuers en‑droicts, & meſme d’vn traicté entier, co[n]tenant vne brieue inſtru‑ ction pour conſtruire les fortifications pratiquées  ; action_verbs: reueuë | corrigée | augmentée ; enriched_with: d’explication & augmentation | vne brieue instruction ; educational_authorities_references: Monſieur Errard ; destination_language: Françoiſe"
Arithmetic/Commerce,community_professional,bib-133,1650,London,ENGLISH,Arithmetic | Practical Geometry | Surveying,"audience: A Worke very necessary for all Men, but principally for Surveyors of Land, Engineers, and all other Students in the Mathematicks ; content_description: In Two Parts:  The First, Shewing how to perform the four Species of ARITHMETICK, (viz. Addition, Substraction, Multiplication, and Division,) Together with Reduction, and the Rule"
Arithmetic/Commerce,community_professional,bib-190,1701,London,ENGLISH,Arithmetic | Commercial Mathematics,"audience: Merchants, and all that would understand ACCOUNTS, or the Mathematical  and Mechanical ARTS and SCIENCES ; content_description: WHEREIN THE  Whole Nature of NUMBERS, with their Simple and Comparative  Elements in all the Parts of ARITHMETICK, are plainly Declared,  and fully Handled ; action_verbs: added | Explain’d | Declared | Handled | Illustrated | digested | delivered ; enriched_with: Excellent RULES of PRACTICE | Many Large and Exact TABLES of all Sorts of Coins, Weights,  Measures, &c. Ancient and Modern, in most Countries, reduced to our own | divers Etymolog"
Arithmetic/Commerce,community_professional,ustc-26,1627,Paris,FRENCH,Arithmetic | Construction | Instrument Use | Military Engineering | Practical Geometry | Trigonometry,"audience: EN FAVEVR DE LA NOBLESSE FRANÇOISE ; content_description: De l’Arithmetique militaire ; Conſtruction des tables des Sinus, chanzes & Coupantes ; Doctrine des triangles Recitilignes ; Pratique de diuers problemes Geometriques ; Dimeſon des ; edition_details: SECONDE EDITION, reueuë, corrigée & augmentée en diuers en droicts ; & meſme d'vn traicté entier, contenant vne briefve inconſtr tion pour conſtruire les fortifications pées aux pa ; action_verbs: reueuë | corrigée | augmentée"
Arithmetic/Commerce,community_professional,bib-85,1685,Bologna,ITALIAN,Arithmetic | Instrument Construction | Instrument Use,"audience: Geometri | Agrimensori | Architetti ciuili | militari | Pittori | Scultori | tutti quelli, che vsano del Disegno | Bombardieri | Sergenti di Battaglia | Mercanti | altri ; content_description: Dove insegna à gli ARTEFICI il modo di fare in esso le necessarie diuisioni,  E con varij Problemi vsuali mostra l’vtilità di questo Stromento ; edition_details: Accresciuta notabilmente in questa Seconda Editione dal medesimo Autore ; action_verbs: Accresciuta | Dando | apportando ; enriched_with: Dando le ragioni, & apportando le dimostrazioni di tutte le operationi nella Fabrica, e nell’Vso | Accresciuta notabilmente ; institutions: DELLA COMPAGNIA DI GIESU"
Geometry/Theory,clarity_ease,bib-119,1646,Amsterdam,LATIN,Arithmetic | Military Engineering | Practical Geometry | Surveying,"audience: den Landmeters en Ingenieurs | den Land-meters ende Ingenieurs | den Leser ; content_description: Beneffens de Stock-rekenninghe ofte Rabdologia J. Nepperi, cortelick en duydelick | In het welcke Beneffens de Stockrekeninge ofte Rhabdologia I. Neperi, kortelijck ende duydelijck ; edition_details: nieu verrijckt met een nieuwe inventie | De tweede Editie ; action_verbs: verrijckt | gecorrigeert ; enriched_with: nieu verrijckt met een nieuwe inventie om alle ronde vatten hare wanhgheden af te pegelen ; educational_authorities_references: J. Nepperi | I. Neperi"
Geometry/Theory,clarity_ease,London_1696,1696,London,ENGLISH,Theoretical Mathematics,"content_description: in a New, but most Easie method ; edition_details: The Second Edition | Now made English, and a multitude of Errors Cor-rected, which had escap’d in the Original ; action_verbs: Explain’d | Written | made | Cor-rected ; enriched_with: The Use of every Proposition through all parts of the Mathematicks ; origin_language: French ; destination_language: English ; institutions: Society of JESUS"
Geometry/Theory,clarity_ease,London_1747,1747,London,ENGLISH,Practical Geometry | Theoretical Mathematics,audience: SCHOOLS ; action_verbs: are added ; institutions: ROYAL SOCIETY | Royal Academy at Woolwich
Geometry/Theory,clarity_ease,ustc-10,1626,Paris,FRENCH,Instrument Use | Practical Geometry,audience: pour tous curieux des Mathematiques ; content_description: REDVITE EN VNE FACILE ET BRIEFVE pratique ; edition_details: enrichy de huict diuisions par dessus le com- mun & ordinaire | composé en Italien par Michel Connette | Traduit en François ; action_verbs: enrichy | composé | Traduit ; enriched_with: enrichy de huict diuisions ; educational_authorities_references: Fabrice Mordente | Alexandre Farnese ; origin_language: en Italien ; destination_language: en François
Geometry/Theory,clarity_ease,MorisS-22-6,1657,Paris,FRENCH,Theoretical Mathematics | Trigonometry,content_description: Divisée en trois Livres ; action_verbs: Divisée | SVIVIS | contenant | DEDIE ; enriched_with: les Tables des logarithmes ; institutions: des Mines de France
Geometry/Theory,utility_use,bib-187,1615,Leiden,DUTCH,Commercial Mathematics | Practical Geometry | Surveying | Trigonometry,"audience: voor de Land-meters ; content_description: Daer in gheleert werdt te vinden  den naesten proportie des Circkels-Diameters teghen sijn om-  loop / daer door alle Circkels (met alle Figuren / ofte Lijnen met com-  munen hoeke ; edition_details: Twee­de Editie | Van nieuws oversien / ende van alle de voor-gaende fauten verbeteret / ende aen-ghevuld vermeerdert met by-voeghselen ; action_verbs: gecor- rigieerde | oversien | verbeteret | verbetert | vermeerdert | by-voeghselen | ghehouden | uyt-ghegeven | beschreven | ghebracht | gheproeft ; enriched_with: met het ghebruyck van dien, hoogh-noodigh voor de Land-meters | Met veel andere konstighe stucken, dierghelijcke noyt in druck uyt-ghegeven | Met noch seer hantvvoedige dingen | No"
Geometry/Theory,utility_use,IC4Y79,1501,Venice,LATIN,Arithmetic | Theoretical Mathematics,content_description: difficultates omnes fere exponuntur ; educational_authorities_references: Boetio | Hippocrate | Paulo | Galeni
Geometry/Theory,utility_use,MorisS-16-1,1623,Paris,FRENCH,Arithmetic | Construction | Military Engineering | Practical Geometry | Trigonometry,"audience: EN FAVEVR DE LA NOBLESSE Françoiſe ; content_description: Construction des tables des Sinus, Tou‑chantes & Couppantes ; Doctrine des triangles Rectilignes ; Pratique de diuers Problemes Geometriques ; Dimenſion des lignes droictes, Su‑per ; edition_details: SECONDE EDITION, reueuë, corrigée & augmentée en diuers en‑droicts, & meſme d’vn traicté entier, co[n]tenant vne brieue inſtru‑ ction pour conſtruire les fortifications pratiquées  ; action_verbs: reueuë | corrigée | augmentée ; enriched_with: d’explication & augmentation | vne brieue instruction ; educational_authorities_references: Monſieur Errard ; destination_language: Françoiſe"
Geometry/Theory,utility_use,bib-133,1650,London,ENGLISH,Arithmetic | Practical Geometry | Surveying,"audience: A Worke very necessary for all Men, but principally for Surveyors of Land, Engineers, and all other Students in the Mathematicks ; content_description: In Two Parts:  The First, Shewing how to perform the four Species of ARITHMETICK, (viz. Addition, Substraction, Multiplication, and Division,) Together with Reduction, and the Rule"
Geometry/Theory,utility_use,Lisbon_1735,1735,Lisbon,PORTUGUESE,Theoretical Mathematics,audience: PARA USO DA REAL AULA ; edition_details: ACRESCENTADOS COM TRÊS UTEIS ; action_verbs: ACRESCENTADOS COM TRÊS UTEIS ; enriched_with: o primeiro da Logística das Proporções | o segundo dos Theoremas selectos de Archimedes | o terceiro da Quadratriz de Dinostrato ; educational_authorities_references: Archimedes | Dinostrato ; institutions: Collegio de Santo Antão da Companhia de Jesus de Lisboa Occidental | Companhia de Jesus
Geometry/Theory,correction_revision,bib-187,1615,Leiden,DUTCH,Commercial Mathematics | Practical Geometry | Surveying | Trigonometry,"audience: voor de Land-meters ; content_description: Daer in gheleert werdt te vinden  den naesten proportie des Circkels-Diameters teghen sijn om-  loop / daer door alle Circkels (met alle Figuren / ofte Lijnen met com-  munen hoeke ; edition_details: Twee­de Editie | Van nieuws oversien / ende van alle de voor-gaende fauten verbeteret / ende aen-ghevuld vermeerdert met by-voeghselen ; action_verbs: gecor- rigieerde | oversien | verbeteret | verbetert | vermeerdert | by-voeghselen | ghehouden | uyt-ghegeven | beschreven | ghebracht | gheproeft ; enriched_with: met het ghebruyck van dien, hoogh-noodigh voor de Land-meters | Met veel andere konstighe stucken, dierghelijcke noyt in druck uyt-ghegeven | Met noch seer hantvvoedige dingen | No"
Geometry/Theory,correction_revision,MorisS-16-1,1623,Paris,FRENCH,Arithmetic | Construction | Military Engineering | Practical Geometry | Trigonometry,"audience: EN FAVEVR DE LA NOBLESSE Françoiſe ; content_description: Construction des tables des Sinus, Tou‑chantes & Couppantes ; Doctrine des triangles Rectilignes ; Pratique de diuers Problemes Geometriques ; Dimenſion des lignes droictes, Su‑per ; edition_details: SECONDE EDITION, reueuë, corrigée & augmentée en diuers en‑droicts, & meſme d’vn traicté entier, co[n]tenant vne brieue inſtru‑ ction pour conſtruire les fortifications pratiquées  ; action_verbs: reueuë | corrigée | augmentée ; enriched_with: d’explication & augmentation | vne brieue instruction ; educational_authorities_references: Monſieur Errard ; destination_language: Françoiſe"
Geometry/Theory,correction_revision,Paris_1667,1667,Paris,FRENCH,Theoretical Mathematics,"content_description: Outre un ordre tout nouveau, & de nouvelles demonstrations des propositions les plus com- munes,  De nouveaux moyens de faire voir quelles lignes sont incommensurables,  De nouvell ; edition_details: SECONDE EDITION ; action_verbs: contenant | CONTENANT ; enriched_with: de nouvelles demonstrations des propositions les plus com- munes | De nouveaux moyens de faire voir quelles lignes sont incommensurables | De nouvelles mesures de l’angle, dont on "
Geometry/Theory,correction_revision,Amsterdam_1701,1701,Amsterdam,DUTCH,Practical Geometry | Theoretical Mathematics,"audience: alle leer-gierige Liefhebbers der selver vrye Konste ; content_description: Van de beginselen ende fondamenten der Geometrie ; edition_details: Desen laetsten Druk, van nieuws oversien en verbetert ; action_verbs: by-gevoeght | by-gevoegde | Over-geset | verklaert | uyt-geleyt | oversien | verbeter t | vermeerdert ; enriched_with: by-gevoeght zijn eenige nut-tigheden, uyt deselve Boecken getrocken: Mitsgaders de Specien in Geometrische figuren, als ’t maken, veranderen, t’samen voegen, aftrecken, vermeenighv"
Geometry/Theory,correction_revision,Amsterdam_1700b,1700,Amsterdam,DUTCH,Theoretical Mathematics,"audience: van alle leer-gierige Liefhebbers der selver vrye Konste ; content_description: Van de beginselen ende fon-damenten der Geometrie ; edition_details: Desen laetsten Druk, van nieuws oversien en verbetert ; action_verbs: by-gevoeght | Over-geset | verklaert | uyt-geleyt | oversien | verbetert | vermeerdert | by-gevoegde ; enriched_with: by-gevoeght zijn eenige nuttigheden, uyt deselve Boecken getroken | Mitsgaders de Specien in Geometrische figuren, als ’t maken, veranderen, t’samen voegen, aftrecken, ver-meenighv"
Geometry/Theory,novelty_invention,Paris_1667,1667,Paris,FRENCH,Theoretical Mathematics,"content_description: Outre un ordre tout nouveau, & de nouvelles demonstrations des propositions les plus com- munes,  De nouveaux moyens de faire voir quelles lignes sont incommensurables,  De nouvell ; edition_details: SECONDE EDITION ; action_verbs: contenant | CONTENANT ; enriched_with: de nouvelles demonstrations des propositions les plus com- munes | De nouveaux moyens de faire voir quelles lignes sont incommensurables | De nouvelles mesures de l’angle, dont on "
Geometry/Theory,novelty_invention,bib-38,1673,Nuremberg,GERMAN,Practical Geometry,"content_description: worinnen erstlich Bernhard Canslers kurtzer und leichter Bericht vom Feldmessen / Auf die insgemein vor andern fürkommende Fäll des Messens und Abtheilens gerichtet. Zum Andern / U ; enriched_with: ANNOTATIONES | Arithmetica, Trigonometrica, Graphica und Geographica, Nautica, Aqua ductoria, &c | Additiones und zu Zeiten neue Inventiones &c ; institutions: Universität Altdorff"
Geometry/Theory,novelty_invention,MorisS-12-1,1657,Paris,LATIN,Theoretical Mathematics,"action_verbs: INVENTA | transmissa | proposita | ACCESSIT ; enriched_with: Alia duo Problemata numerica a D. Cl. M. Laurenderio Vicissim proposita, cum quibusdam solutionibus ab eodem D. B. F. D. B. datis | Inquisitio in solutionem prioris Problematis a D ; educational_authorities_references: D. Fermat | D. Cl. M. Laurenderium | D. Francisco à Schooten ; institutions: Academia Lugduno Batava"
Geometry/Theory,novelty_invention,Rome_1679,1679,Rome,LATIN,Theoretical Mathematics,"content_description: Breuiùs, & faciliùs contexta | In quibus praecipuè PROPORTIONVM THEORIAE nova, firmiorique Methodo promuntur | Brevius, & luculentiùs contexta ; edition_details: RESTITUTUS | Editio tertia ; action_verbs: RESTITUTUS | RESTITUTUS | contexta ; enriched_with: Breuiùs, & faciliùs contexta | PROPORTIONVM THEORIAE nova, firmiorique Methodo ; institutions: Pisana Academia"
Geometry/Theory,novelty_invention,Turin_1671,1671,Turin,LATIN,Theoretical Mathematics,"content_description: Quae ne dum propositionum dependentiam, sed & rerum ordinem observat. Et complectitur ea omnia, quae de quantitate tum discreta, tum continua abstracta speculari queunt. Rescissis  ; edition_details: ADAVCTVS ET METHODICVS ; action_verbs: ADAVCTVS ; enriched_with: Singuli quoque Tractatus novis propositionibus aucti sunt | aliqui etiam ex integro adornati | Omnesque tum figuris, tum verbis clare, dulciloquèque propositi"
Geometry/Theory,translation_language,Basel_1537,1537,Basel,LATIN,Theoretical Mathematics,"content_description: Cum expositione THEONIS in priores XIII à Batholomæo Veneto latinitate donata, CAMPANI in omnes, & HYPSICLIS Alexandrini in duos postremos ; edition_details: Cum expositione Theonis in priores XIII à Bartholomæo Veneto ; action_verbs: donata | adiecta | adiecta sunt | donata ; enriched_with: Phænomena, Catoptrica & Optica | Protheoria Marini & Data | Opusculum de Leui & Ponderoso | Phænomena, Catoptrica & Optica | Protheoria Marini | Data | Opusculum de Leui & Ponderos ; educational_authorities_references: THEONIS | CAMPANI | HYPSICLIS Alexandrini | Marini | Leui | Theonis | Bartholomæo Veneto | Hypsiclis Alexandrini | Marini | Theonis ; origin_language: Latinitate | latinitate ; destination_language: latinitate"
Geometry/Theory,translation_language,Paris_1625,1625,Paris,"GREEK, LATIN",Theoretical Mathematics,"content_description: OPVS AD VETERVM GEOMETRIÆ Autorum Archimedis, Apollonij, Pappi, Eutocij, cæterorúmque non modo lectionem, sed ad Geometricæ quoque Analyseos instaurationem planè necessar-ium, & à  ; edition_details: nunc primùm edidit ; action_verbs: vertit | Adiectus est | edidit | illus‑trauit | explicantur ; enriched_with: scholijsq | Commentarius Græcè & Latinè ; educational_authorities_references: Archimedis | Apollonij | Pappi | Eutocij ; origin_language: Græcè ; destination_language: Latinè ; institutions: Regis Christianissimi Bibliothecâ Græcè | Bibliothecâ MARINI PHILOSOPHI | Parisiensi Curiâ"
Geometry/Theory,translation_language,Augsburg_1555,1555,Augsburg,GERMAN,Arithmetic | Theoretical Mathematics,"audience: allen den, so die kunst der Rechnung liebhaben ; content_description: in welchen der operationen vnnd regulen aller gemainer rechnung, vrsach grund vnd fundament, angezaigt wirt ; action_verbs: auß dem latein ins teütsch gebracht | mit gemainen exemplen also illustrirt ; enriched_with: mit gemainen exemplen also illustrirt ; origin_language: latein ; destination_language: teütsch ; institutions: vniuersitet zü Tübingen"
Geometry/Theory,translation_language,Basel_1546b,1546,Basel,LATIN,Theoretical Mathematics,edition_details: Cum expositione Theonis in priores XIII à Bartholomaeo Veneto | Latinitate donata ; action_verbs: donata | adiecta sunt ; enriched_with: Phaenomena | Catoptrica | Optica | Protheoria Marini | Data | Opusculum de Levi & Ponderoso ; educational_authorities_references: Theonis | Hypsiclis Alexandrini | Marini | Levi ; destination_language: Latinitate
Geometry/Theory,translation_language,ustc-10,1626,Paris,FRENCH,Instrument Use | Practical Geometry,audience: pour tous curieux des Mathematiques ; content_description: REDVITE EN VNE FACILE ET BRIEFVE pratique ; edition_details: enrichy de huict diuisions par dessus le com- mun & ordinaire | composé en Italien par Michel Connette | Traduit en François ; action_verbs: enrichy | composé | Traduit ; enriched_with: enrichy de huict diuisions ; educational_authorities_references: Fabrice Mordente | Alexandre Farnese ; origin_language: en Italien ; destination_language: en François
Geometry/Theory,demonstration_method,bib-187,1615,Leiden,DUTCH,Commercial Mathematics | Practical Geometry | Surveying | Trigonometry,"audience: voor de Land-meters ; content_description: Daer in gheleert werdt te vinden  den naesten proportie des Circkels-Diameters teghen sijn om-  loop / daer door alle Circkels (met alle Figuren / ofte Lijnen met com-  munen hoeke ; edition_details: Twee­de Editie | Van nieuws oversien / ende van alle de voor-gaende fauten verbeteret / ende aen-ghevuld vermeerdert met by-voeghselen ; action_verbs: gecor- rigieerde | oversien | verbeteret | verbetert | vermeerdert | by-voeghselen | ghehouden | uyt-ghegeven | beschreven | ghebracht | gheproeft ; enriched_with: met het ghebruyck van dien, hoogh-noodigh voor de Land-meters | Met veel andere konstighe stucken, dierghelijcke noyt in druck uyt-ghegeven | Met noch seer hantvvoedige dingen | No"
Geometry/Theory,demonstration_method,Paris_1578,1578,Paris,LATIN,Theoretical Mathematics,"content_description: AD GERMANAM GEOmetriæ intel- ligentiam è diuersis lapsibus temporis iniuria contractis restituta, Adimpletis præter maiorum spem, quæ hactenus deerant, solidorum regularium confere ; edition_details: Accessit decimussextus liber, de solidorum regularium sibi inuicem inscriptorum collationibus | Nouissimè collati sunt decimusseptimus & decimusoctauus, priori edi-tione quodammodo ; action_verbs: restituta | Adimpletis | Accessit | collati sunt | polliciti | inuentis ; destination_language: GERMANAM"
Geometry/Theory,demonstration_method,Amsterdam_1701,1701,Amsterdam,DUTCH,Practical Geometry | Theoretical Mathematics,"audience: alle leer-gierige Liefhebbers der selver vrye Konste ; content_description: Van de beginselen ende fondamenten der Geometrie ; edition_details: Desen laetsten Druk, van nieuws oversien en verbetert ; action_verbs: by-gevoeght | by-gevoegde | Over-geset | verklaert | uyt-geleyt | oversien | verbeter t | vermeerdert ; enriched_with: by-gevoeght zijn eenige nut-tigheden, uyt deselve Boecken getrocken: Mitsgaders de Specien in Geometrische figuren, als ’t maken, veranderen, t’samen voegen, aftrecken, vermeenighv"
Geometry/Theory,demonstration_method,Paris_1566,1566,Paris,LATIN,Theoretical Mathematics,"content_description: AD GERMANAM GEOMETRIAE INTELligentiam è diuersis lapsibus temporis iniuria contractis restituta, adimpletis præter maiorum spem, quæ hactenus deerant, solidorum regularium conferen ; action_verbs: restituta | accessit ; enriched_with: decimus sextus liber, de solidorum regularium sibi inuicem inscriptorum collationibus | cœptum opusculum de Com-positis regularibus solidis"
Geometry/Theory,demonstration_method,bib-133,1650,London,ENGLISH,Arithmetic | Practical Geometry | Surveying,"audience: A Worke very necessary for all Men, but principally for Surveyors of Land, Engineers, and all other Students in the Mathematicks ; content_description: In Two Parts:  The First, Shewing how to perform the four Species of ARITHMETICK, (viz. Addition, Substraction, Multiplication, and Division,) Together with Reduction, and the Rule"
Geometry/Theory,enrichment_addition,ustc-8,1605,Paris,FRENCH,Practical Geometry,content_description: des Elemens d’Euclide ; edition_details: COMPOSEE | augmenté par iceluy de quelques Annotations | augmenté par iceluy de quelques Annotations ; action_verbs: COMPOSEE | augmenté | tiré | contenus | COMPOSEE | augmenté ; enriched_with: quelques Annotations | Tables des chapitres | augmenté par iceluy de quelques Annotations | Avec Tables des chapitres contenus es faits liures ; educational_authorities_references: M. Iean Pierre de Mesmes | M. Iean des Mersliers d’Amiens
Geometry/Theory,enrichment_addition,Venice_1505,1505,Venice,LATIN,Theoretical Mathematics,audience: quicumque ad mathematicam substantiam aspirant | quicumque ad mathemat-  icam substantiam aspirant ; content_description: cum expositione Theonis insignis mathematici ; edition_details: voluta in Campani interpretatione: ordinata digesta et castigata | voluta in Campani interpretatione | ordinata digesta et castigata ; action_verbs: sumpta | addita | subuersa | voluta | ordinata | digesta | castigata | addita | subuersa | prepostere | voluta | ordinata | digesta | castigata | adiuncta ; enriched_with: multa quae deerant ex lectione graeca | addita | subuersa | adiuncta ; educational_authorities_references: Theonis | Hypsi | Alex | Phaeno | Specu | Perspe | Pappi Mechanici | Marini dialectici | Theonis | Hypsi. Alex | Phaeno | Specu | Perspe | Pappi Mechanici | Marini dialectici | Soc
Geometry/Theory,enrichment_addition,Cologne_1602,1602,Cologne,LATIN,Theoretical Mathematics,"audience: GERMANAM | AD GERMANAM GEOMETRIAE INTELLIGENTIAM ; content_description: AD GERMANAM GEOMETRIAE INTELLIGENTIAM, E DIVERSIS LAPSIBVS TEMPORIS INIVRIA CONTRACTIS RESTITUTA, ADIMPLETIS PRAETER MAIORVM SPEM, QUAE HACTEnus deerant, solidorum regu-larium conf ; edition_details: E DIVERSIS LAPSIBVS TEMPORIS INIVRIA CONTRACTIS RESTITUTA | Nouissimè collati sunt decimusseptimus & decimusoctauus, priori editioni quodammodo polliciti | Nouissimè collati sunt d ; action_verbs: restituta | collati sunt | polliciti | accessit | RESTITVTA | ADIMPLETIS | Accessit | collati | polliciti ; enriched_with: solidorum regu-larium conferentijs ac inscriptionibus | de componendorum, inscribendo-rum, & conferendorum compositorum solidorum inuentis | solidorum regularium sibi inuicem inscr ; destination_language: GERMANAM"
Geometry/Theory,enrichment_addition,Basel_1537,1537,Basel,LATIN,Theoretical Mathematics,"content_description: Cum expositione THEONIS in priores XIII à Batholomæo Veneto latinitate donata, CAMPANI in omnes, & HYPSICLIS Alexandrini in duos postremos ; edition_details: Cum expositione Theonis in priores XIII à Bartholomæo Veneto ; action_verbs: donata | adiecta | adiecta sunt | donata ; enriched_with: Phænomena, Catoptrica & Optica | Protheoria Marini & Data | Opusculum de Leui & Ponderoso | Phænomena, Catoptrica & Optica | Protheoria Marini | Data | Opusculum de Leui & Ponderos ; educational_authorities_references: THEONIS | CAMPANI | HYPSICLIS Alexandrini | Marini | Leui | Theonis | Bartholomæo Veneto | Hypsiclis Alexandrini | Marini | Theonis ; origin_language: Latinitate | latinitate ; destination_language: latinitate"
Geometry/Theory,enrichment_addition,MorisS-16-1,1623,Paris,FRENCH,Arithmetic | Construction | Military Engineering | Practical Geometry | Trigonometry,"audience: EN FAVEVR DE LA NOBLESSE Françoiſe ; content_description: Construction des tables des Sinus, Tou‑chantes & Couppantes ; Doctrine des triangles Rectilignes ; Pratique de diuers Problemes Geometriques ; Dimenſion des lignes droictes, Su‑per ; edition_details: SECONDE EDITION, reueuë, corrigée & augmentée en diuers en‑droicts, & meſme d’vn traicté entier, co[n]tenant vne brieue inſtru‑ ction pour conſtruire les fortifications pratiquées  ; action_verbs: reueuë | corrigée | augmentée ; enriched_with: d’explication & augmentation | vne brieue instruction ; educational_authorities_references: Monſieur Errard ; destination_language: Françoiſe"
Geometry/Theory,restoration_ancient_authority,Venice_1498a,1498,Venice,LATIN,Theoretical Mathematics,educational_authorities_references: Nicephorus | Georgii Valle | Proclus | Aristarchi Sami | Timeus | Cleonidis | Eusebii Pamphili | Cleomedes | Athenagorae philosophi | Aristotelis | Rhazes | Galenus | Zalchi | Alex
Geometry/Theory,restoration_ancient_authority,Lisbon_1735,1735,Lisbon,PORTUGUESE,Theoretical Mathematics,audience: PARA USO DA REAL AULA ; edition_details: ACRESCENTADOS COM TRÊS UTEIS ; action_verbs: ACRESCENTADOS COM TRÊS UTEIS ; enriched_with: o primeiro da Logística das Proporções | o segundo dos Theoremas selectos de Archimedes | o terceiro da Quadratriz de Dinostrato ; educational_authorities_references: Archimedes | Dinostrato ; institutions: Collegio de Santo Antão da Companhia de Jesus de Lisboa Occidental | Companhia de Jesus
Geometry/Theory,restoration_ancient_authority,London_1700,1700,London,ENGLISH,Construction | Practical Geometry | Surveying,content_description: with their Application to several of the most useful parts of the Mathematicks ; action_verbs: Subjoin’d
Geometry/Theory,restoration_ancient_authority,Rome_1679,1679,Rome,LATIN,Theoretical Mathematics,"content_description: Breuiùs, & faciliùs contexta | In quibus praecipuè PROPORTIONVM THEORIAE nova, firmiorique Methodo promuntur | Brevius, & luculentiùs contexta ; edition_details: RESTITUTUS | Editio tertia ; action_verbs: RESTITUTUS | RESTITUTUS | contexta ; enriched_with: Breuiùs, & faciliùs contexta | PROPORTIONVM THEORIAE nova, firmiorique Methodo ; institutions: Pisana Academia"
Geometry/Theory,restoration_ancient_authority,Brussels_1689,1689,Brussels,SPANISH,Theoretical Mathematics,"content_description: LOS SEIS PRIMEROS LIBROS DE LOS PLANOS; Y LOS ONZENO, Y DOZENO DE LOS SOLIDOS ; action_verbs: TRADVCIDOS | EXPLICA-DOS ; enriched_with: CON ALGVNOS SELECTOS THEOREMAS DE ARCHIMEDES ; educational_authorities_references: ARCHIMEDES ; institutions: COMPAñIA DE JESVS | Colegio Imperial de Madrid | Armada Real en Cadiz"
Geometry/Theory,community_professional,MorisS-16-1,1623,Paris,FRENCH,Arithmetic | Construction | Military Engineering | Practical Geometry | Trigonometry,"audience: EN FAVEVR DE LA NOBLESSE Françoiſe ; content_description: Construction des tables des Sinus, Tou‑chantes & Couppantes ; Doctrine des triangles Rectilignes ; Pratique de diuers Problemes Geometriques ; Dimenſion des lignes droictes, Su‑per ; edition_details: SECONDE EDITION, reueuë, corrigée & augmentée en diuers en‑droicts, & meſme d’vn traicté entier, co[n]tenant vne brieue inſtru‑ ction pour conſtruire les fortifications pratiquées  ; action_verbs: reueuë | corrigée | augmentée ; enriched_with: d’explication & augmentation | vne brieue instruction ; educational_authorities_references: Monſieur Errard ; destination_language: Françoiſe"
Geometry/Theory,community_professional,Paris_1578,1578,Paris,LATIN,Theoretical Mathematics,"content_description: AD GERMANAM GEOmetriæ intel- ligentiam è diuersis lapsibus temporis iniuria contractis restituta, Adimpletis præter maiorum spem, quæ hactenus deerant, solidorum regularium confere ; edition_details: Accessit decimussextus liber, de solidorum regularium sibi inuicem inscriptorum collationibus | Nouissimè collati sunt decimusseptimus & decimusoctauus, priori edi-tione quodammodo ; action_verbs: restituta | Adimpletis | Accessit | collati sunt | polliciti | inuentis ; destination_language: GERMANAM"
Geometry/Theory,community_professional,bib-82,1554,Lyon,LATIN,Practical Geometry,
Geometry/Theory,community_professional,Amsterdam_1701,1701,Amsterdam,DUTCH,Practical Geometry | Theoretical Mathematics,"audience: alle leer-gierige Liefhebbers der selver vrye Konste ; content_description: Van de beginselen ende fondamenten der Geometrie ; edition_details: Desen laetsten Druk, van nieuws oversien en verbetert ; action_verbs: by-gevoeght | by-gevoegde | Over-geset | verklaert | uyt-geleyt | oversien | verbeter t | vermeerdert ; enriched_with: by-gevoeght zijn eenige nut-tigheden, uyt deselve Boecken getrocken: Mitsgaders de Specien in Geometrische figuren, als ’t maken, veranderen, t’samen voegen, aftrecken, vermeenighv"
Geometry/Theory,community_professional,bib-133,1650,London,ENGLISH,Arithmetic | Practical Geometry | Surveying,"audience: A Worke very necessary for all Men, but principally for Surveyors of Land, Engineers, and all other Students in the Mathematicks ; content_description: In Two Parts:  The First, Shewing how to perform the four Species of ARITHMETICK, (viz. Addition, Substraction, Multiplication, and Division,) Together with Reduction, and the Rule"
Visual/Spatial Arts,utility_use,MorisS-16-1,1623,Paris,FRENCH,Arithmetic | Construction | Military Engineering | Practical Geometry | Trigonometry,"audience: EN FAVEVR DE LA NOBLESSE Françoiſe ; content_description: Construction des tables des Sinus, Tou‑chantes & Couppantes ; Doctrine des triangles Rectilignes ; Pratique de diuers Problemes Geometriques ; Dimenſion des lignes droictes, Su‑per ; edition_details: SECONDE EDITION, reueuë, corrigée & augmentée en diuers en‑droicts, & meſme d’vn traicté entier, co[n]tenant vne brieue inſtru‑ ction pour conſtruire les fortifications pratiquées  ; action_verbs: reueuë | corrigée | augmentée ; enriched_with: d’explication & augmentation | vne brieue instruction ; educational_authorities_references: Monſieur Errard ; destination_language: Françoiſe"
Visual/Spatial Arts,utility_use,ustc-26,1627,Paris,FRENCH,Arithmetic | Construction | Instrument Use | Military Engineering | Practical Geometry | Trigonometry,"audience: EN FAVEVR DE LA NOBLESSE FRANÇOISE ; content_description: De l’Arithmetique militaire ; Conſtruction des tables des Sinus, chanzes & Coupantes ; Doctrine des triangles Recitilignes ; Pratique de diuers problemes Geometriques ; Dimeſon des ; edition_details: SECONDE EDITION, reueuë, corrigée & augmentée en diuers en droicts ; & meſme d'vn traicté entier, contenant vne briefve inconſtr tion pour conſtruire les fortifications pées aux pa ; action_verbs: reueuë | corrigée | augmentée"
Visual/Spatial Arts,utility_use,London_1700,1700,London,ENGLISH,Construction | Practical Geometry | Surveying,content_description: with their Application to several of the most useful parts of the Mathematicks ; action_verbs: Subjoin’d
Visual/Spatial Arts,utility_use,ustc-18,1613,Paris,FRENCH,Arithmetic | Construction | Military Engineering | Practical Geometry | Trigonometry,"audience: EN FAVEVR DE LA NOBLESSE ; content_description: Auquel eft traité De l'Arithmetique militaire; con£lru£Hon des tables des Sinus, Tou- chantes & Coupantes; Doctrine des Triangles Rectilignes ; prati- que de diuers Problermes Geom ; edition_details: PREMIER VOLVME ; action_verbs: RECVEILLIS | DRESSEZ ; enriched_with: feruans d'explication & augmentation ; educational_authorities_references: Mon- fieur Errard"
Visual/Spatial Arts,utility_use,C8SLYQ,1531,Simmern,GERMAN,Perspective | Practical Geometry,audience: Zu nutz allen kunstliebhabern / fürnemlich den Malern / Bildhauwern / Goldschmiden / Seidenstickern / Steynmetzen / Schreinern / auch allen andern ; content_description: Eyn schön nützlich büchlin vnd vnderweisung der kunst des Messens / mit dem Zir- ckel / Richtscheidt oder Linial ; enriched_with: mit vil schö- nen darzu dienenden figuren | mit viel schö- nen darzu dienenden figuren ; origin_language: latein
Visual/Spatial Arts,correction_revision,MorisS-16-1,1623,Paris,FRENCH,Arithmetic | Construction | Military Engineering | Practical Geometry | Trigonometry,"audience: EN FAVEVR DE LA NOBLESSE Françoiſe ; content_description: Construction des tables des Sinus, Tou‑chantes & Couppantes ; Doctrine des triangles Rectilignes ; Pratique de diuers Problemes Geometriques ; Dimenſion des lignes droictes, Su‑per ; edition_details: SECONDE EDITION, reueuë, corrigée & augmentée en diuers en‑droicts, & meſme d’vn traicté entier, co[n]tenant vne brieue inſtru‑ ction pour conſtruire les fortifications pratiquées  ; action_verbs: reueuë | corrigée | augmentée ; enriched_with: d’explication & augmentation | vne brieue instruction ; educational_authorities_references: Monſieur Errard ; destination_language: Françoiſe"
Visual/Spatial Arts,correction_revision,ustc-26,1627,Paris,FRENCH,Arithmetic | Construction | Instrument Use | Military Engineering | Practical Geometry | Trigonometry,"audience: EN FAVEVR DE LA NOBLESSE FRANÇOISE ; content_description: De l’Arithmetique militaire ; Conſtruction des tables des Sinus, chanzes & Coupantes ; Doctrine des triangles Recitilignes ; Pratique de diuers problemes Geometriques ; Dimeſon des ; edition_details: SECONDE EDITION, reueuë, corrigée & augmentée en diuers en droicts ; & meſme d'vn traicté entier, contenant vne briefve inconſtr tion pour conſtruire les fortifications pées aux pa ; action_verbs: reueuë | corrigée | augmentée"
Visual/Spatial Arts,correction_revision,bib-117,1630,Amsterdam,LATIN,Architecture | Military Engineering | Perspective,"content_description: traitans DE GEOMETRIE, PERSPECTIVE, ARCHITECTURE, ET FORTIFICATION ; edition_details: Van nieuws oversien ende verbeteret | Beschreven en voor oogen gestelt | nouueau Reueüe, Augmentée, et Corrigée ; action_verbs: Beschreven | voor oogen gestelt | oversien | verbeteret | Reueüe | Augmentée | Corrigée"
Visual/Spatial Arts,correction_revision,bib-273,1685,Amsterdam,FRENCH,Construction | Military Engineering,edition_details: Dernière Edition ; action_verbs: enrichi de plus de quatre cens Planches gravées en Taille-douce ; enriched_with: plus de quatre cens Planches gravées en Taille-douce ; institutions: la petite Ecurie de Sa Majesté
Visual/Spatial Arts,correction_revision,WOQG2Q,1627,Amsterdam,FRENCH,Architecture | Military Engineering,edition_details: Reueüe Augmentée et Corrigée ; action_verbs: Reueüe | Augmentée | Corrigée
Visual/Spatial Arts,novelty_invention,YB32U5,1604,Leiden,FRENCH,Perspective,"audience: pour tous Peintres, Tailleurs en Cuivre, Imaginaires, Orfevres, Architectes, Ingenieurs, Tailleurs de Pierre, Menuisiers, Charpentiers, & tous Amateurs des arts ; content_description: C'est a dire, le tresrenommé art du poinct oculaire d'vne veuë dedans où travers regardante, estant sur vne muraille vnie, sur vn tableau, ou sur dela toile, en laquelle il y ayt q ; action_verbs: Inuenté"
Visual/Spatial Arts,novelty_invention,VRHOHN,1626,Paris,FRENCH,Architecture,"audience: tous Architectes, & Maistres ; content_description: OEUVRE ENTIERE CONTENANT ONZE LIVRES, augmentée de deux, & autres figures non encores veuës, tant pour desseins qu'ornemens de maisons ; action_verbs: augmentée ; enriched_with: augmentée de deux, & autres figures non encores veuës | AVEC VNE BELLE INVENTION POUR BIEN bastir, & à petits frais ; institutions: sainct Serge"
Visual/Spatial Arts,novelty_invention,EN496R,1617,Amsterdam,FRENCH,Architecture,"content_description: A SCAVOIR,TVSCANE. DORIQVE. IONIQVE. CORINTHIAQVE. ET COMPOSEE ; edition_details: de nouveau reveuës & corrigees ; action_verbs: FAICTE | mises en perspecti- ve | Inuentees | taillees | corrigees | COMPOSEE | FAICTE PAR | reveuës ; enriched_with: L'INSTRVCTION FONDAMENTALE | quelques belles ordonnances d'Architecture ; educational_authorities_references: Iean Vredeman Frison"
Visual/Spatial Arts,novelty_invention,6MOFBH,1671,Nuremberg,LATIN,Perspective,content_description: Cum & Praeter Arithmeticam inventa | ad Eam pertinente ; action_verbs: inventa ; institutions: Paulu Fürstii
Visual/Spatial Arts,translation_language,5KCP5R,1553,Antwerp,DUTCH,Architecture | Perspective,action_verbs: Overgheset | Ghedruct | doen ; educational_authorities_references: Sebastiani Serlij ; origin_language: vten Italiaen- sche ; destination_language: in nederlandts
Visual/Spatial Arts,translation_language,JT4H92,1611,London,ENGLISH,Architecture,content_description: entrea- ting of Geometrie ; action_verbs: made | Translated ; origin_language: out of Italian | out of Dutch ; destination_language: into Dutch | into English
Visual/Spatial Arts,translation_language,Z26G13,1615,"Nuremberg, Leipzig",GERMAN,Perspective,audience: Allen denen ; action_verbs: verfertiget | dargegeben | erkläret ; destination_language: in die Deutsche Sprach ; institutions: Sanct. Annæ
Visual/Spatial Arts,translation_language,9TXK4F,1612,Frankfurt,FRENCH,Perspective,destination_language: aux langues estrangeres
Visual/Spatial Arts,demonstration_method,5YK5ZF,1648,Rome,LATIN,Gnomonics & Horology | Perspective | Practical Geometry,"content_description: In quibus Gnomonices antiqui fines latiùs protenduntur: traditurque ratio, & delineatio Geometrica expeditissima non solùm communium, quae radio directo vel vmbra pariter directa;  ; action_verbs: traditurque ; institutions: Ordinis Minimorum | Regio nationis Gallicanae Romano SS. Trinitatis montis Pincij Coenobio Sacrae Theologiae"
Visual/Spatial Arts,demonstration_method,bib-99,1697,Nuremberg,GERMAN,Architecture | Construction | Military Engineering | Practical Geometry | Surveying | Theoretical Mathematics,audience: jedermanns ; action_verbs: aufgesetzt | zusammen getragen ; enriched_with: mit gehörigen Figuren
Visual/Spatial Arts,demonstration_method,VRHOHN,1626,Paris,FRENCH,Architecture,"audience: tous Architectes, & Maistres ; content_description: OEUVRE ENTIERE CONTENANT ONZE LIVRES, augmentée de deux, & autres figures non encores veuës, tant pour desseins qu'ornemens de maisons ; action_verbs: augmentée ; enriched_with: augmentée de deux, & autres figures non encores veuës | AVEC VNE BELLE INVENTION POUR BIEN bastir, & à petits frais ; institutions: sainct Serge"
Visual/Spatial Arts,demonstration_method,S105XB,1564,Frankfurt,GERMAN,Instrument Use | Perspective | Practical Geometry,audience: aller anfahenden Jugent | andern liebhabern dieser Kunst | Goldschmiden | Malern | Bildhauwern | Steinmetzen | Schrei- nern ; content_description: auch der Perspe- ctiua / vnd Proportion der Menschen vnd Rosse / kurtze / doch gründt- liche vnderweisung / deß rechten gebrauchs. Mit vil schönen Figuren ; action_verbs: gegeben ; enriched_with: Mit vil schönen Figuren
Visual/Spatial Arts,demonstration_method,C8SLYQ,1531,Simmern,GERMAN,Perspective | Practical Geometry,audience: Zu nutz allen kunstliebhabern / fürnemlich den Malern / Bildhauwern / Goldschmiden / Seidenstickern / Steynmetzen / Schreinern / auch allen andern ; content_description: Eyn schön nützlich büchlin vnd vnderweisung der kunst des Messens / mit dem Zir- ckel / Richtscheidt oder Linial ; enriched_with: mit vil schö- nen darzu dienenden figuren | mit viel schö- nen darzu dienenden figuren ; origin_language: latein
Visual/Spatial Arts,enrichment_addition,MorisS-16-1,1623,Paris,FRENCH,Arithmetic | Construction | Military Engineering | Practical Geometry | Trigonometry,"audience: EN FAVEVR DE LA NOBLESSE Françoiſe ; content_description: Construction des tables des Sinus, Tou‑chantes & Couppantes ; Doctrine des triangles Rectilignes ; Pratique de diuers Problemes Geometriques ; Dimenſion des lignes droictes, Su‑per ; edition_details: SECONDE EDITION, reueuë, corrigée & augmentée en diuers en‑droicts, & meſme d’vn traicté entier, co[n]tenant vne brieue inſtru‑ ction pour conſtruire les fortifications pratiquées  ; action_verbs: reueuë | corrigée | augmentée ; enriched_with: d’explication & augmentation | vne brieue instruction ; educational_authorities_references: Monſieur Errard ; destination_language: Françoiſe"
Visual/Spatial Arts,enrichment_addition,ustc-26,1627,Paris,FRENCH,Arithmetic | Construction | Instrument Use | Military Engineering | Practical Geometry | Trigonometry,"audience: EN FAVEVR DE LA NOBLESSE FRANÇOISE ; content_description: De l’Arithmetique militaire ; Conſtruction des tables des Sinus, chanzes & Coupantes ; Doctrine des triangles Recitilignes ; Pratique de diuers problemes Geometriques ; Dimeſon des ; edition_details: SECONDE EDITION, reueuë, corrigée & augmentée en diuers en droicts ; & meſme d'vn traicté entier, contenant vne briefve inconſtr tion pour conſtruire les fortifications pées aux pa ; action_verbs: reueuë | corrigée | augmentée"
Visual/Spatial Arts,enrichment_addition,London_1700,1700,London,ENGLISH,Construction | Practical Geometry | Surveying,content_description: with their Application to several of the most useful parts of the Mathematicks ; action_verbs: Subjoin’d
Visual/Spatial Arts,enrichment_addition,ustc-18,1613,Paris,FRENCH,Arithmetic | Construction | Military Engineering | Practical Geometry | Trigonometry,"audience: EN FAVEVR DE LA NOBLESSE ; content_description: Auquel eft traité De l'Arithmetique militaire; con£lru£Hon des tables des Sinus, Tou- chantes & Coupantes; Doctrine des Triangles Rectilignes ; prati- que de diuers Problermes Geom ; edition_details: PREMIER VOLVME ; action_verbs: RECVEILLIS | DRESSEZ ; enriched_with: feruans d'explication & augmentation ; educational_authorities_references: Mon- fieur Errard"
Visual/Spatial Arts,enrichment_addition,6MOFBH,1671,Nuremberg,LATIN,Perspective,content_description: Cum & Praeter Arithmeticam inventa | ad Eam pertinente ; action_verbs: inventa ; institutions: Paulu Fürstii
Visual/Spatial Arts,restoration_ancient_authority,London_1700,1700,London,ENGLISH,Construction | Practical Geometry | Surveying,content_description: with their Application to several of the most useful parts of the Mathematicks ; action_verbs: Subjoin’d
Visual/Spatial Arts,community_professional,MorisS-16-1,1623,Paris,FRENCH,Arithmetic | Construction | Military Engineering | Practical Geometry | Trigonometry,"audience: EN FAVEVR DE LA NOBLESSE Françoiſe ; content_description: Construction des tables des Sinus, Tou‑chantes & Couppantes ; Doctrine des triangles Rectilignes ; Pratique de diuers Problemes Geometriques ; Dimenſion des lignes droictes, Su‑per ; edition_details: SECONDE EDITION, reueuë, corrigée & augmentée en diuers en‑droicts, & meſme d’vn traicté entier, co[n]tenant vne brieue inſtru‑ ction pour conſtruire les fortifications pratiquées  ; action_verbs: reueuë | corrigée | augmentée ; enriched_with: d’explication & augmentation | vne brieue instruction ; educational_authorities_references: Monſieur Errard ; destination_language: Françoiſe"
Visual/Spatial Arts,community_professional,ustc-26,1627,Paris,FRENCH,Arithmetic | Construction | Instrument Use | Military Engineering | Practical Geometry | Trigonometry,"audience: EN FAVEVR DE LA NOBLESSE FRANÇOISE ; content_description: De l’Arithmetique militaire ; Conſtruction des tables des Sinus, chanzes & Coupantes ; Doctrine des triangles Recitilignes ; Pratique de diuers problemes Geometriques ; Dimeſon des ; edition_details: SECONDE EDITION, reueuë, corrigée & augmentée en diuers en droicts ; & meſme d'vn traicté entier, contenant vne briefve inconſtr tion pour conſtruire les fortifications pées aux pa ; action_verbs: reueuë | corrigée | augmentée"
Visual/Spatial Arts,community_professional,ustc-18,1613,Paris,FRENCH,Arithmetic | Construction | Military Engineering | Practical Geometry | Trigonometry,"audience: EN FAVEVR DE LA NOBLESSE ; content_description: Auquel eft traité De l'Arithmetique militaire; con£lru£Hon des tables des Sinus, Tou- chantes & Coupantes; Doctrine des Triangles Rectilignes ; prati- que de diuers Problermes Geom ; edition_details: PREMIER VOLVME ; action_verbs: RECVEILLIS | DRESSEZ ; enriched_with: feruans d'explication & augmentation ; educational_authorities_references: Mon- fieur Errard"
Visual/Spatial Arts,community_professional,bib-99,1697,Nuremberg,GERMAN,Architecture | Construction | Military Engineering | Practical Geometry | Surveying | Theoretical Mathematics,audience: jedermanns ; action_verbs: aufgesetzt | zusammen getragen ; enriched_with: mit gehörigen Figuren
Visual/Spatial Arts,community_professional,bib-273,1685,Amsterdam,FRENCH,Construction | Military Engineering,edition_details: Dernière Edition ; action_verbs: enrichi de plus de quatre cens Planches gravées en Taille-douce ; enriched_with: plus de quatre cens Planches gravées en Taille-douce ; institutions: la petite Ecurie de Sa Majesté
Instruments/Measurement,clarity_ease,bib-119,1646,Amsterdam,LATIN,Arithmetic | Military Engineering | Practical Geometry | Surveying,"audience: den Landmeters en Ingenieurs | den Land-meters ende Ingenieurs | den Leser ; content_description: Beneffens de Stock-rekenninghe ofte Rabdologia J. Nepperi, cortelick en duydelick | In het welcke Beneffens de Stockrekeninge ofte Rhabdologia I. Neperi, kortelijck ende duydelijck ; edition_details: nieu verrijckt met een nieuwe inventie | De tweede Editie ; action_verbs: verrijckt | gecorrigeert ; enriched_with: nieu verrijckt met een nieuwe inventie om alle ronde vatten hare wanhgheden af te pegelen ; educational_authorities_references: J. Nepperi | I. Neperi"
Instruments/Measurement,clarity_ease,ustc-10,1626,Paris,FRENCH,Instrument Use | Practical Geometry,audience: pour tous curieux des Mathematiques ; content_description: REDVITE EN VNE FACILE ET BRIEFVE pratique ; edition_details: enrichy de huict diuisions par dessus le com- mun & ordinaire | composé en Italien par Michel Connette | Traduit en François ; action_verbs: enrichy | composé | Traduit ; enriched_with: enrichy de huict diuisions ; educational_authorities_references: Fabrice Mordente | Alexandre Farnese ; origin_language: en Italien ; destination_language: en François
Instruments/Measurement,clarity_ease,bib-192,1722,London,ENGLISH,Surveying,"content_description: Or, the WHOLE ART of SURVEYING OF LAND, BY A New INSTRUMENT lately invented; As also by the Plain Table, Circumferentor, the Theodolite as now improv’d, or by the Chain only ; edition_details: The Whole Altered and Amended, and Two entire Books added by the AUTHOR long before his Death | THE FIFTH EDITION, in IX BOOKS ; action_verbs: Altered | Amended | added | examin’d | Added ; enriched_with: Two entire Books added | APPENDIX Added to the Whole, Consisting of Practical Observations in Land Surveying"
Instruments/Measurement,clarity_ease,bib-235,1702,London,ENGLISH,Astronomy | Instrument Use | Navigation | Theoretical Mathematics | Trigonometry,"content_description: and it’s Application to Plain, Mercator’s and Middle-Latitude Sailing ; enriched_with: New Tables of the Sun’s Declination"
Instruments/Measurement,clarity_ease,MorisS-28-1,1631,Brussels,FRENCH,Instrument Construction | Instrument Use | Practical Geometry | Trigonometry,"action_verbs: LA CONSTRVCTION | L’VSAGE | Composé ; enriched_with: Construction de la Table des sinus, de minute en minutes successiue- ment par vn seul maxime | Abregé desdictes tables en vne petite demye page auec son vsage | methode de trouuer "
Instruments/Measurement,utility_use,bib-187,1615,Leiden,DUTCH,Commercial Mathematics | Practical Geometry | Surveying | Trigonometry,"audience: voor de Land-meters ; content_description: Daer in gheleert werdt te vinden  den naesten proportie des Circkels-Diameters teghen sijn om-  loop / daer door alle Circkels (met alle Figuren / ofte Lijnen met com-  munen hoeke ; edition_details: Twee­de Editie | Van nieuws oversien / ende van alle de voor-gaende fauten verbeteret / ende aen-ghevuld vermeerdert met by-voeghselen ; action_verbs: gecor- rigieerde | oversien | verbeteret | verbetert | vermeerdert | by-voeghselen | ghehouden | uyt-ghegeven | beschreven | ghebracht | gheproeft ; enriched_with: met het ghebruyck van dien, hoogh-noodigh voor de Land-meters | Met veel andere konstighe stucken, dierghelijcke noyt in druck uyt-ghegeven | Met noch seer hantvvoedige dingen | No"
Instruments/Measurement,utility_use,bib-215,1653,London,ENGLISH,Gnomonics & Horology | Instrument Use,"content_description: A Collection of many Problemes, extracted out of the Ancient and Modern Philo­- sophers, as Secrets and Experiments in Arithmetick, Geometry, Cosmographie, Horologiographie, Astron ; edition_details: Written first in Greeke and Latin, lately compil’d in French, by Henry Van Etten, and now in English, with the Examinations and Augmentations of divers Modern Mathematicians ; action_verbs: extracted | compil’d | added | Invented | written ; enriched_with: the Examinations and Augmentations of divers Modern Mathematicians | the Description and Use of the Generall Horologicall Ring | The Double Horizontall Diall ; origin_language: Greeke | Latin | French ; destination_language: now in English"
Instruments/Measurement,utility_use,bib-133,1650,London,ENGLISH,Arithmetic | Practical Geometry | Surveying,"audience: A Worke very necessary for all Men, but principally for Surveyors of Land, Engineers, and all other Students in the Mathematicks ; content_description: In Two Parts:  The First, Shewing how to perform the four Species of ARITHMETICK, (viz. Addition, Substraction, Multiplication, and Division,) Together with Reduction, and the Rule"
Instruments/Measurement,utility_use,bib-135,1667,Nuremberg,GERMAN,Practical Geometry | Surveying,"audience: Allen Professionen, und insonderheit der Geometriæ Liebhabern ; content_description: Im I. Aus rechtem Fundament gewiesen wird; wie man in der Geometria, auf dem Papyr und Lande, mit denen dazu gehörigen Instrumenten, ja zur Noth ohne die- selben, verfahren und pra ; action_verbs: gegeben | vermehrt ; enriched_with: mit vielen nütz- lichen Additionen und neuen Figuren ; educational_authorities_references: M. Johannis Pratorii | Camillæ Ravertræ"
Instruments/Measurement,utility_use,ustc-26,1627,Paris,FRENCH,Arithmetic | Construction | Instrument Use | Military Engineering | Practical Geometry | Trigonometry,"audience: EN FAVEVR DE LA NOBLESSE FRANÇOISE ; content_description: De l’Arithmetique militaire ; Conſtruction des tables des Sinus, chanzes & Coupantes ; Doctrine des triangles Recitilignes ; Pratique de diuers problemes Geometriques ; Dimeſon des ; edition_details: SECONDE EDITION, reueuë, corrigée & augmentée en diuers en droicts ; & meſme d'vn traicté entier, contenant vne briefve inconſtr tion pour conſtruire les fortifications pées aux pa ; action_verbs: reueuë | corrigée | augmentée"
Instruments/Measurement,correction_revision,bib-187,1615,Leiden,DUTCH,Commercial Mathematics | Practical Geometry | Surveying | Trigonometry,"audience: voor de Land-meters ; content_description: Daer in gheleert werdt te vinden  den naesten proportie des Circkels-Diameters teghen sijn om-  loop / daer door alle Circkels (met alle Figuren / ofte Lijnen met com-  munen hoeke ; edition_details: Twee­de Editie | Van nieuws oversien / ende van alle de voor-gaende fauten verbeteret / ende aen-ghevuld vermeerdert met by-voeghselen ; action_verbs: gecor- rigieerde | oversien | verbeteret | verbetert | vermeerdert | by-voeghselen | ghehouden | uyt-ghegeven | beschreven | ghebracht | gheproeft ; enriched_with: met het ghebruyck van dien, hoogh-noodigh voor de Land-meters | Met veel andere konstighe stucken, dierghelijcke noyt in druck uyt-ghegeven | Met noch seer hantvvoedige dingen | No"
Instruments/Measurement,correction_revision,ustc-26,1627,Paris,FRENCH,Arithmetic | Construction | Instrument Use | Military Engineering | Practical Geometry | Trigonometry,"audience: EN FAVEVR DE LA NOBLESSE FRANÇOISE ; content_description: De l’Arithmetique militaire ; Conſtruction des tables des Sinus, chanzes & Coupantes ; Doctrine des triangles Recitilignes ; Pratique de diuers problemes Geometriques ; Dimeſon des ; edition_details: SECONDE EDITION, reueuë, corrigée & augmentée en diuers en droicts ; & meſme d'vn traicté entier, contenant vne briefve inconſtr tion pour conſtruire les fortifications pées aux pa ; action_verbs: reueuë | corrigée | augmentée"
Instruments/Measurement,correction_revision,bib-237,1673,London,ENGLISH,Instrument Use | Trigonometry,"content_description: the Description and Use of the Sector, Cross-staff, Bow, Quadrant, And other Instruments ; edition_details: The Fifth Edition, Diligently Corrected, and divers necessary Things and Matters (pertinent thereunto) added ; action_verbs: Containing | added by | added | Diligently Corrected | furnished ; enriched_with: some Questions in Navigation added | The Description and Use of another Sector and Quadrant | divers necessary Things and Matters (pertinent thereunto) added ; educational_authorities_references: Mr. Henry Bond | Mr. Sam. Foster | Mr. Gunter ; institutions: Gresham Colledge"
Instruments/Measurement,correction_revision,bib-192,1722,London,ENGLISH,Surveying,"content_description: Or, the WHOLE ART of SURVEYING OF LAND, BY A New INSTRUMENT lately invented; As also by the Plain Table, Circumferentor, the Theodolite as now improv’d, or by the Chain only ; edition_details: The Whole Altered and Amended, and Two entire Books added by the AUTHOR long before his Death | THE FIFTH EDITION, in IX BOOKS ; action_verbs: Altered | Amended | added | examin’d | Added ; enriched_with: Two entire Books added | APPENDIX Added to the Whole, Consisting of Practical Observations in Land Surveying"
Instruments/Measurement,correction_revision,bib-10,1570,Paris,FRENCH,Instrument Use | Practical Geometry,"content_description: en laquelle est comprins l’vſage du Quarré Geometrique, & de pluſieurs autres inſtrumens ſeruans à meſ me effect: Enſemble la maniere de bien meſu rer toutes ſortes de plans & quan ; edition_details: Reueuë & traduicte par Pierre Forcadel, le cteur du Roy és Mathematiques ; action_verbs: Reueuë | traduicte ; enriched_with: Auec les figures & demonſtrations"
Instruments/Measurement,novelty_invention,bib-215,1653,London,ENGLISH,Gnomonics & Horology | Instrument Use,"content_description: A Collection of many Problemes, extracted out of the Ancient and Modern Philo­- sophers, as Secrets and Experiments in Arithmetick, Geometry, Cosmographie, Horologiographie, Astron ; edition_details: Written first in Greeke and Latin, lately compil’d in French, by Henry Van Etten, and now in English, with the Examinations and Augmentations of divers Modern Mathematicians ; action_verbs: extracted | compil’d | added | Invented | written ; enriched_with: the Examinations and Augmentations of divers Modern Mathematicians | the Description and Use of the Generall Horologicall Ring | The Double Horizontall Diall ; origin_language: Greeke | Latin | French ; destination_language: now in English"
Instruments/Measurement,novelty_invention,bib-192,1722,London,ENGLISH,Surveying,"content_description: Or, the WHOLE ART of SURVEYING OF LAND, BY A New INSTRUMENT lately invented; As also by the Plain Table, Circumferentor, the Theodolite as now improv’d, or by the Chain only ; edition_details: The Whole Altered and Amended, and Two entire Books added by the AUTHOR long before his Death | THE FIFTH EDITION, in IX BOOKS ; action_verbs: Altered | Amended | added | examin’d | Added ; enriched_with: Two entire Books added | APPENDIX Added to the Whole, Consisting of Practical Observations in Land Surveying"
Instruments/Measurement,novelty_invention,bib-235,1702,London,ENGLISH,Astronomy | Instrument Use | Navigation | Theoretical Mathematics | Trigonometry,"content_description: and it’s Application to Plain, Mercator’s and Middle-Latitude Sailing ; enriched_with: New Tables of the Sun’s Declination"
Instruments/Measurement,novelty_invention,bib-257,1694,London,ENGLISH,Arithmetic | Astronomy | Gnomonics & Horology | Mechanics,"audience: Youth (in this Age ; action_verbs: Published | Annex ; enriched_with: a New Series for the speedy Extraction of Roots, and a Converging Series for all manner of affected Equations ; institutions: Mathematick School in Adam’s Court"
Instruments/Measurement,novelty_invention,bib-80,1691,Paris,FRENCH,Practical Geometry | Surveying,"audience: à tous Architectes, Ingenieurs, Maçons, Arpenteurs, Taugeurs, & autres Geometres ; edition_details: NOUVELLE EDITION, Augmentée de plusieurs Notes, & d’un Traité de l’Arithmetique par Geometrie ; action_verbs: Augmentée ; enriched_with: plusieurs Notes | un Traité de l’Arithmetique"
Instruments/Measurement,translation_language,ustc-10,1626,Paris,FRENCH,Instrument Use | Practical Geometry,audience: pour tous curieux des Mathematiques ; content_description: REDVITE EN VNE FACILE ET BRIEFVE pratique ; edition_details: enrichy de huict diuisions par dessus le com- mun & ordinaire | composé en Italien par Michel Connette | Traduit en François ; action_verbs: enrichy | composé | Traduit ; enriched_with: enrichy de huict diuisions ; educational_authorities_references: Fabrice Mordente | Alexandre Farnese ; origin_language: en Italien ; destination_language: en François
Instruments/Measurement,demonstration_method,bib-187,1615,Leiden,DUTCH,Commercial Mathematics | Practical Geometry | Surveying | Trigonometry,"audience: voor de Land-meters ; content_description: Daer in gheleert werdt te vinden  den naesten proportie des Circkels-Diameters teghen sijn om-  loop / daer door alle Circkels (met alle Figuren / ofte Lijnen met com-  munen hoeke ; edition_details: Twee­de Editie | Van nieuws oversien / ende van alle de voor-gaende fauten verbeteret / ende aen-ghevuld vermeerdert met by-voeghselen ; action_verbs: gecor- rigieerde | oversien | verbeteret | verbetert | vermeerdert | by-voeghselen | ghehouden | uyt-ghegeven | beschreven | ghebracht | gheproeft ; enriched_with: met het ghebruyck van dien, hoogh-noodigh voor de Land-meters | Met veel andere konstighe stucken, dierghelijcke noyt in druck uyt-ghegeven | Met noch seer hantvvoedige dingen | No"
Instruments/Measurement,demonstration_method,bib-133,1650,London,ENGLISH,Arithmetic | Practical Geometry | Surveying,"audience: A Worke very necessary for all Men, but principally for Surveyors of Land, Engineers, and all other Students in the Mathematicks ; content_description: In Two Parts:  The First, Shewing how to perform the four Species of ARITHMETICK, (viz. Addition, Substraction, Multiplication, and Division,) Together with Reduction, and the Rule"
Instruments/Measurement,demonstration_method,bib-135,1667,Nuremberg,GERMAN,Practical Geometry | Surveying,"audience: Allen Professionen, und insonderheit der Geometriæ Liebhabern ; content_description: Im I. Aus rechtem Fundament gewiesen wird; wie man in der Geometria, auf dem Papyr und Lande, mit denen dazu gehörigen Instrumenten, ja zur Noth ohne die- selben, verfahren und pra ; action_verbs: gegeben | vermehrt ; enriched_with: mit vielen nütz- lichen Additionen und neuen Figuren ; educational_authorities_references: M. Johannis Pratorii | Camillæ Ravertræ"
Instruments/Measurement,demonstration_method,5YK5ZF,1648,Rome,LATIN,Gnomonics & Horology | Perspective | Practical Geometry,"content_description: In quibus Gnomonices antiqui fines latiùs protenduntur: traditurque ratio, & delineatio Geometrica expeditissima non solùm communium, quae radio directo vel vmbra pariter directa;  ; action_verbs: traditurque ; institutions: Ordinis Minimorum | Regio nationis Gallicanae Romano SS. Trinitatis montis Pincij Coenobio Sacrae Theologiae"
Instruments/Measurement,demonstration_method,bib-99,1697,Nuremberg,GERMAN,Architecture | Construction | Military Engineering | Practical Geometry | Surveying | Theoretical Mathematics,audience: jedermanns ; action_verbs: aufgesetzt | zusammen getragen ; enriched_with: mit gehörigen Figuren
Instruments/Measurement,enrichment_addition,bib-215,1653,London,ENGLISH,Gnomonics & Horology | Instrument Use,"content_description: A Collection of many Problemes, extracted out of the Ancient and Modern Philo­- sophers, as Secrets and Experiments in Arithmetick, Geometry, Cosmographie, Horologiographie, Astron ; edition_details: Written first in Greeke and Latin, lately compil’d in French, by Henry Van Etten, and now in English, with the Examinations and Augmentations of divers Modern Mathematicians ; action_verbs: extracted | compil’d | added | Invented | written ; enriched_with: the Examinations and Augmentations of divers Modern Mathematicians | the Description and Use of the Generall Horologicall Ring | The Double Horizontall Diall ; origin_language: Greeke | Latin | French ; destination_language: now in English"
Instruments/Measurement,enrichment_addition,bib-133,1650,London,ENGLISH,Arithmetic | Practical Geometry | Surveying,"audience: A Worke very necessary for all Men, but principally for Surveyors of Land, Engineers, and all other Students in the Mathematicks ; content_description: In Two Parts:  The First, Shewing how to perform the four Species of ARITHMETICK, (viz. Addition, Substraction, Multiplication, and Division,) Together with Reduction, and the Rule"
Instruments/Measurement,enrichment_addition,ustc-26,1627,Paris,FRENCH,Arithmetic | Construction | Instrument Use | Military Engineering | Practical Geometry | Trigonometry,"audience: EN FAVEVR DE LA NOBLESSE FRANÇOISE ; content_description: De l’Arithmetique militaire ; Conſtruction des tables des Sinus, chanzes & Coupantes ; Doctrine des triangles Recitilignes ; Pratique de diuers problemes Geometriques ; Dimeſon des ; edition_details: SECONDE EDITION, reueuë, corrigée & augmentée en diuers en droicts ; & meſme d'vn traicté entier, contenant vne briefve inconſtr tion pour conſtruire les fortifications pées aux pa ; action_verbs: reueuë | corrigée | augmentée"
Instruments/Measurement,enrichment_addition,London_1700,1700,London,ENGLISH,Construction | Practical Geometry | Surveying,content_description: with their Application to several of the most useful parts of the Mathematicks ; action_verbs: Subjoin’d
Instruments/Measurement,enrichment_addition,bib-50,1570,Basel,LATIN,Instrument Construction | Instrument Use | Practical Geometry,"content_description: vt ad omnis generis dimensiones inue stigandas, & regiones describendas utilissi mum simul & facillimum esse queat ; edition_details: Olim ab Abele Fullonio apud Henricum I I. Galliæ regem inuento | nunc verò Io. Nicol. Stupani Philosophi & Medici opera, sermone la tino ita explicato ; action_verbs: explicato | Accessit ; enriched_with: sermone latino ita explicato ; educational_authorities_references: Abele Fullonio | Federici Delphini ; origin_language: latino ; institutions: Patavinos Mathematici"
Instruments/Measurement,restoration_ancient_authority,bib-215,1653,London,ENGLISH,Gnomonics & Horology | Instrument Use,"content_description: A Collection of many Problemes, extracted out of the Ancient and Modern Philo­- sophers, as Secrets and Experiments in Arithmetick, Geometry, Cosmographie, Horologiographie, Astron ; edition_details: Written first in Greeke and Latin, lately compil’d in French, by Henry Van Etten, and now in English, with the Examinations and Augmentations of divers Modern Mathematicians ; action_verbs: extracted | compil’d | added | Invented | written ; enriched_with: the Examinations and Augmentations of divers Modern Mathematicians | the Description and Use of the Generall Horologicall Ring | The Double Horizontall Diall ; origin_language: Greeke | Latin | French ; destination_language: now in English"
Instruments/Measurement,restoration_ancient_authority,London_1700,1700,London,ENGLISH,Construction | Practical Geometry | Surveying,content_description: with their Application to several of the most useful parts of the Mathematicks ; action_verbs: Subjoin’d
Instruments/Measurement,community_professional,bib-133,1650,London,ENGLISH,Arithmetic | Practical Geometry | Surveying,"audience: A Worke very necessary for all Men, but principally for Surveyors of Land, Engineers, and all other Students in the Mathematicks ; content_description: In Two Parts:  The First, Shewing how to perform the four Species of ARITHMETICK, (viz. Addition, Substraction, Multiplication, and Division,) Together with Reduction, and the Rule"
Instruments/Measurement,community_professional,bib-135,1667,Nuremberg,GERMAN,Practical Geometry | Surveying,"audience: Allen Professionen, und insonderheit der Geometriæ Liebhabern ; content_description: Im I. Aus rechtem Fundament gewiesen wird; wie man in der Geometria, auf dem Papyr und Lande, mit denen dazu gehörigen Instrumenten, ja zur Noth ohne die- selben, verfahren und pra ; action_verbs: gegeben | vermehrt ; enriched_with: mit vielen nütz- lichen Additionen und neuen Figuren ; educational_authorities_references: M. Johannis Pratorii | Camillæ Ravertræ"
Instruments/Measurement,community_professional,ustc-26,1627,Paris,FRENCH,Arithmetic | Construction | Instrument Use | Military Engineering | Practical Geometry | Trigonometry,"audience: EN FAVEVR DE LA NOBLESSE FRANÇOISE ; content_description: De l’Arithmetique militaire ; Conſtruction des tables des Sinus, chanzes & Coupantes ; Doctrine des triangles Recitilignes ; Pratique de diuers problemes Geometriques ; Dimeſon des ; edition_details: SECONDE EDITION, reueuë, corrigée & augmentée en diuers en droicts ; & meſme d'vn traicté entier, contenant vne briefve inconſtr tion pour conſtruire les fortifications pées aux pa ; action_verbs: reueuë | corrigée | augmentée"
Instruments/Measurement,community_professional,bib-85,1685,Bologna,ITALIAN,Arithmetic | Instrument Construction | Instrument Use,"audience: Geometri | Agrimensori | Architetti ciuili | militari | Pittori | Scultori | tutti quelli, che vsano del Disegno | Bombardieri | Sergenti di Battaglia | Mercanti | altri ; content_description: Dove insegna à gli ARTEFICI il modo di fare in esso le necessarie diuisioni,  E con varij Problemi vsuali mostra l’vtilità di questo Stromento ; edition_details: Accresciuta notabilmente in questa Seconda Editione dal medesimo Autore ; action_verbs: Accresciuta | Dando | apportando ; enriched_with: Dando le ragioni, & apportando le dimostrazioni di tutte le operationi nella Fabrica, e nell’Vso | Accresciuta notabilmente ; institutions: DELLA COMPAGNIA DI GIESU"
Instruments/Measurement,community_professional,bib-99,1697,Nuremberg,GERMAN,Architecture | Construction | Military Engineering | Practical Geometry | Surveying | Theoretical Mathematics,audience: jedermanns ; action_verbs: aufgesetzt | zusammen getragen ; enriched_with: mit gehörigen Figuren
Cosmos/Earth,clarity_ease,bib-235,1702,London,ENGLISH,Astronomy | Instrument Use | Navigation | Theoretical Mathematics | Trigonometry,"content_description: and it’s Application to Plain, Mercator’s and Middle-Latitude Sailing ; enriched_with: New Tables of the Sun’s Declination"
Cosmos/Earth,clarity_ease,bib-234,1660,London,ENGLISH,Astronomy | Cartography | Geography | Practical Geometry,"content_description: In III Parts | The first, being a Discourse of PRACTICAL GEOMETRY, The three Parts of continued Quantity, LINES, PLANES, and SOLIDS | The second, A Description and Use of the Coele"
Cosmos/Earth,clarity_ease,MorisS-3-6,1661,Dijon,LATIN,Astronomy,"content_description: Siderum omnium hypotheses, eorum motus tum medij, tum veri, Tabularum condendarum ratio, eclipsium putandarum methodus, ob- servationum praxes, caeterorumque omnium quae ab astrono ; institutions: Societatis IESV"
Cosmos/Earth,clarity_ease,bib-197,1702,London,ENGLISH,Astronomy | Cartography | Cosmography | Geography | Gnomonics & Horology | Navigation,action_verbs: Made easie ; enriched_with: the Description and Uses of the Coelestial and Terrestrial GLOBES
Cosmos/Earth,utility_use,bib-235,1702,London,ENGLISH,Astronomy | Instrument Use | Navigation | Theoretical Mathematics | Trigonometry,"content_description: and it’s Application to Plain, Mercator’s and Middle-Latitude Sailing ; enriched_with: New Tables of the Sun’s Declination"
Cosmos/Earth,utility_use,bib-234,1660,London,ENGLISH,Astronomy | Cartography | Geography | Practical Geometry,"content_description: In III Parts | The first, being a Discourse of PRACTICAL GEOMETRY, The three Parts of continued Quantity, LINES, PLANES, and SOLIDS | The second, A Description and Use of the Coele"
Cosmos/Earth,utility_use,MorisS-22-5,1647,Paris,FRENCH,Astronomy | Navigation,"audience: des Pilotes & Capitaines de Mer ; action_verbs: REDVITE ; enriched_with: AVEC LA CENSVRE DE LA NOVVELLE Theorie & Pratique du secret des Longitudes ; educational_authorities_references: Pere Leonard Dvilris, Recollet ; institutions: Recollet"
Cosmos/Earth,utility_use,bib-79,1665,Padua,ITALIAN,Arithmetic | Geography | Military Engineering | Trigonometry,"content_description: ARITMETICA, GEOMETRIA, TRIGONOMETRIA pratiche, FORTIFICAZIONE, SFERA, e GEOGRAFIA ; action_verbs: si ristringono ; institutions: Accademia DELLA di Padoua"
Cosmos/Earth,utility_use,bib-158,1649,London,ENGLISH,Astronomy | Geography | Trigonometry,"audience: for the benefit of Sea-men ; action_verbs: added | Calculated | compared | made ; enriched_with: diverse Rules and Tables, of extraordinary use in NAVIGATION ; destination_language: in the English Tongue"
Cosmos/Earth,correction_revision,ustc-42,1660,Paris,FRENCH,Arithmetic | Cosmography | Mechanics,edition_details: Cinquiéme & derniere Edition ; action_verbs: recueu | corrigé | augmenté ; enriched_with: corrigé & augmenté
Cosmos/Earth,novelty_invention,bib-235,1702,London,ENGLISH,Astronomy | Instrument Use | Navigation | Theoretical Mathematics | Trigonometry,"content_description: and it’s Application to Plain, Mercator’s and Middle-Latitude Sailing ; enriched_with: New Tables of the Sun’s Declination"
Cosmos/Earth,novelty_invention,bib-257,1694,London,ENGLISH,Arithmetic | Astronomy | Gnomonics & Horology | Mechanics,"audience: Youth (in this Age ; action_verbs: Published | Annex ; enriched_with: a New Series for the speedy Extraction of Roots, and a Converging Series for all manner of affected Equations ; institutions: Mathematick School in Adam’s Court"
Cosmos/Earth,novelty_invention,Z0K13S,1543,Nuremberg,LATIN,Astronomy,"audience: studiose lector | ἀμαθὴς μή τις εἴσιτο ; content_description: Motus stellarum, tam fixarum, quam erraticarum, cum excentricis, tum etiam excentricis observationibus restitutos ; edition_details: iam recens nato, & edito ; action_verbs: recens nato | edito | eme | lege | fruere ; enriched_with: novis insuper ac admirabilibus hypothesibus ornatos | Tabulas expeditissimas"
Cosmos/Earth,novelty_invention,bib-250,1694,Paris,FRENCH,Arithmetic | Cosmography | Gnomonics & Horology | Mechanics,"content_description: Plusieurs Problêmes d’Arithmetique, de Geome- trie, d’Optique, de Gnomonique, de Cosmo- graphie, de Mecanique, de Pyrotechnié, & de Physique"
Cosmos/Earth,novelty_invention,MorisS-5-3,1645,Paris,LATIN,Astronomy,edition_details: OPVS NOVVM ; action_verbs: ADDITA EST ; enriched_with: NOVA METHODVS CUIVS OPE ; institutions: Bibliothecæ Regiæ
Cosmos/Earth,translation_language,GY5QLD,1537,Basel,LATIN,Astronomy | Theoretical Mathematics,edition_details: expositione Theonis in priores XIII | à Bartholomaeo Veneto latinitate donata ; action_verbs: donata | adiecta ; enriched_with: Phaenomena | Catoptrica et Optica | Protheoria Marini et Data | Opusculum de Leui et Ponderoso ; educational_authorities_references: Theonis | Bartholomaeo Veneto | Campani | Hypsiclis Alexandria ; destination_language: latinitate
Cosmos/Earth,demonstration_method,bib-235,1702,London,ENGLISH,Astronomy | Instrument Use | Navigation | Theoretical Mathematics | Trigonometry,"content_description: and it’s Application to Plain, Mercator’s and Middle-Latitude Sailing ; enriched_with: New Tables of the Sun’s Declination"
Cosmos/Earth,demonstration_method,bib-76,1598,Venice,LATIN,Cosmography,"content_description: IN QUATVOR LIBROS DISTRIBVTA,  SVMMO ORDINE, MIRAQ. FACILITATE, ac brevitate ad Magnam Ptolemaei Mathematicam Constructionem, ad universamque Astrologiam instituens ; edition_details: nuper in hac secunda editione ab ipso Authore ; action_verbs: DISTRIBVTA | recognita | aucta ; enriched_with: aucta ; educational_authorities_references: Ioannis de Sacrobosco"
Cosmos/Earth,demonstration_method,bib-253,1583,Lyon,LATIN,Astronomy,content_description: Secundum Antuerpiae longitudinem ex tabulis Prutenicis supputatae ab anno 1583. usque ad annum 1606 ; edition_details: Et ad S. D. N. Gregorii XIII. anni refor- mationem accuratissime accommodatae ; action_verbs: accommodatae | accesserunt ; enriched_with: Schematæ | praedictiones annuæ mundi | Eclipsi- um luminarium
Cosmos/Earth,demonstration_method,bib-257,1694,London,ENGLISH,Arithmetic | Astronomy | Gnomonics & Horology | Mechanics,"audience: Youth (in this Age ; action_verbs: Published | Annex ; enriched_with: a New Series for the speedy Extraction of Roots, and a Converging Series for all manner of affected Equations ; institutions: Mathematick School in Adam’s Court"
Cosmos/Earth,demonstration_method,MorisS-3-6,1661,Dijon,LATIN,Astronomy,"content_description: Siderum omnium hypotheses, eorum motus tum medij, tum veri, Tabularum condendarum ratio, eclipsium putandarum methodus, ob- servationum praxes, caeterorumque omnium quae ab astrono ; institutions: Societatis IESV"
Cosmos/Earth,enrichment_addition,Paris_1507,1507,Paris,LATIN,Astronomy,audience: studentium Philosophice Parisiensis ; edition_details: Cum additione (quan-tum necessarium est) adiecta | Nouo commentario nuper edito ; action_verbs: adiecta | edito | illustratus ; enriched_with: Cum additione (quan-tum necessarium est) adiecta | Nouo commentario nuper edito | Cum Compositione Anuli Astronomici Boni Latensis ; institutions: Academie
Cosmos/Earth,enrichment_addition,Strasbourg_1625,1625,Strasbourg,LATIN,Arithmetic | Astronomy | Geography,edition_details: Nunc verò plurimis additionibus aucta ; action_verbs: collecta | digesta | aucta | explicata | declarata | illustrata ; enriched_with: plurimis additionibus aucta | notis explicata | exemplis declarata | figuris illustrata ; educational_authorities_references: JOSEPHI LANGII CAESAREMONTANI
Cosmos/Earth,enrichment_addition,Paris_1521,1521,Paris,LATIN,Astronomy | Instrument Construction,audience: studentium philosophiæ Parisiensis Academiæ ; edition_details: INTRODVCTORIA ADditione (quantum necessarium est) commentarioque | Cum compositione Annuli astronomici Boneti Latensis ; action_verbs: ADditione | illustratus ; enriched_with: INTRODVCTORIA ADditione (quantum necessarium est) commentarioque ; educational_authorities_references: Boneti ; institutions: Parisiensis Academiæ
Cosmos/Earth,enrichment_addition,Paris_1511,1511,Paris,LATIN,Astronomy,audience: studentium Philosophice Parisiensis ; edition_details: Cum additione (quan-  tum necessarium est) adiecta | Nouo commentario nuper edito ; action_verbs: adiecta | nuper edito | illustratus ; enriched_with: Cum additione (quan-  tum necessarium est) adiecta | Nouo commentario nuper edito ; educational_authorities_references: Johannis de Sacrobosco | Boni Latensis ; institutions: Academie
Cosmos/Earth,enrichment_addition,Paris_1500,1500,Paris,LATIN,Astronomy,action_verbs: adiecta | illustratus ; enriched_with: cum additione | adiecta | Nouo commentario nuper coito ; educational_authorities_references: Johannis de Sacro Bosco | Iacobi Lefranc ; institutions: Academie
Cosmos/Earth,restoration_ancient_authority,VWMZ7L,1557,Paris,LATIN,Arithmetic | Astronomy | Music Theory | Theoretical Mathematics,
Cosmos/Earth,community_professional,bib-260,1659,Dordrecht,DUTCH,Astronomy | Instrument Construction | Instrument Use | Practical Geometry,"audience: voor alle kryghs-Officie- ren / Ingenieurs / Coop-lieden / Landt-meeters / Zee-varende en Krygs- sende Lieden / en alle Liefhebbers van Mathematische speculatie ; edition_details: In desen laetsten druck van nieuws overzien, en van merckelijcke fauten ge-   betert, en met verscheyde Voorstellen vermeedert ; action_verbs: overzien | ge- betert | ge-   betert | vermeedert | maken ; enriched_with: Verscheyde Voorstellen | het maken des selven Quadrants"
Cosmos/Earth,community_professional,bib-183,1614,Franeker,DUTCH,Astronomy | Cosmography | Geography | Gnomonics & Horology | Instrument Use | Navigation,"audience: Schippers ende Stuerluyden | alle liefhebbers der selver konst ; action_verbs: Beschreven | Inhoudende ; enriched_with: Mitsgaders een korte ende klare onderrechtinghe van de noodighe konst der Zeevaert | Inhoudende nieu inventie practijcque instrumenten, sonwijse practijken ende teykenen daer toe d ; institutions: Universiteit van Friesland"
Cosmos/Earth,community_professional,bib-257,1694,London,ENGLISH,Arithmetic | Astronomy | Gnomonics & Horology | Mechanics,"audience: Youth (in this Age ; action_verbs: Published | Annex ; enriched_with: a New Series for the speedy Extraction of Roots, and a Converging Series for all manner of affected Equations ; institutions: Mathematick School in Adam’s Court"
Cosmos/Earth,community_professional,bib-107,1661,Oxford,LATIN,Arithmetic | Astronomy | Geography,"audience: Publicis Prælectionibus ; content_description: hoc est GEOMETRIÆ, OPTICÆ, ASTRONOMIÆ, ET GEOGRAPHIÆ ; edition_details: Adjecto indice Capitum Singulorum librorum | In fine accessit brevis Commentatio Nautica ; action_verbs: Adjecto | accessit ; enriched_with: brevis Commentatio Nautica | indice Capitum Singulorum librorum ; institutions: Gymnasio Dantiscano"
Cosmos/Earth,community_professional,London_1680–81,1680/1681,London,ENGLISH,Arithmetic | Astronomy | Cartography | Cosmography | Geography | Navigation | Practical Geometry | Theoretical Mathematics | Trigonometry,"content_description: as also the Eleventh and Twelfth, symbolically demonstrated ; action_verbs: CONTAIN-ING | Composed | demonstrated ; institutions: Royal Foundation of the Mathematical SCHOOL | ROYAL SOCIETY"
Applied Mechanics/Military,clarity_ease,bib-119,1646,Amsterdam,LATIN,Arithmetic | Military Engineering | Practical Geometry | Surveying,"audience: den Landmeters en Ingenieurs | den Land-meters ende Ingenieurs | den Leser ; content_description: Beneffens de Stock-rekenninghe ofte Rabdologia J. Nepperi, cortelick en duydelick | In het welcke Beneffens de Stockrekeninge ofte Rhabdologia I. Neperi, kortelijck ende duydelijck ; edition_details: nieu verrijckt met een nieuwe inventie | De tweede Editie ; action_verbs: verrijckt | gecorrigeert ; enriched_with: nieu verrijckt met een nieuwe inventie om alle ronde vatten hare wanhgheden af te pegelen ; educational_authorities_references: J. Nepperi | I. Neperi"
Applied Mechanics/Military,clarity_ease,Paris_1626,1626,Paris,FRENCH,Military Engineering | Theoretical Mathematics,"audience: Vtiles à ceux qui se veulent seruir proprement des Mathematiques, & de la Philosophie ; content_description: d’Euclides, d’Archimedes, de Proclus, de Sacrobosco, & d’Aristote"
Applied Mechanics/Military,utility_use,MorisS-16-1,1623,Paris,FRENCH,Arithmetic | Construction | Military Engineering | Practical Geometry | Trigonometry,"audience: EN FAVEVR DE LA NOBLESSE Françoiſe ; content_description: Construction des tables des Sinus, Tou‑chantes & Couppantes ; Doctrine des triangles Rectilignes ; Pratique de diuers Problemes Geometriques ; Dimenſion des lignes droictes, Su‑per ; edition_details: SECONDE EDITION, reueuë, corrigée & augmentée en diuers en‑droicts, & meſme d’vn traicté entier, co[n]tenant vne brieue inſtru‑ ction pour conſtruire les fortifications pratiquées  ; action_verbs: reueuë | corrigée | augmentée ; enriched_with: d’explication & augmentation | vne brieue instruction ; educational_authorities_references: Monſieur Errard ; destination_language: Françoiſe"
Applied Mechanics/Military,utility_use,35H84Y,1642,Bologna,LATIN,Mechanics,"audience: Philosophis Mathematicis, sed & Physicis, Anatomicis, Militaribus viris, Machinariæ, Musicæ, Poeticæ, Agrariæ, Architecturæ, Mercaturæ professoribus ; action_verbs: traducta | confirmata | refertum | ornatum | distributum | ACCESSIT | dicata | APPLICATVS | conditus ; enriched_with: noua pleraque Machinamenta ad vsus eximios traducta | facillimis demonstrationibus confirmata | curiosissimis inuentis refertum | figurarum æreis formis cusarum numerosa | speciosa ; institutions: Coll. Tridentino Soc. Iesu | Parmensi Gymnasio Philosophiæ Mathematicæ | Parmensi Gymnasio"
Applied Mechanics/Military,utility_use,ustc-26,1627,Paris,FRENCH,Arithmetic | Construction | Instrument Use | Military Engineering | Practical Geometry | Trigonometry,"audience: EN FAVEVR DE LA NOBLESSE FRANÇOISE ; content_description: De l’Arithmetique militaire ; Conſtruction des tables des Sinus, chanzes & Coupantes ; Doctrine des triangles Recitilignes ; Pratique de diuers problemes Geometriques ; Dimeſon des ; edition_details: SECONDE EDITION, reueuë, corrigée & augmentée en diuers en droicts ; & meſme d'vn traicté entier, contenant vne briefve inconſtr tion pour conſtruire les fortifications pées aux pa ; action_verbs: reueuë | corrigée | augmentée"
Applied Mechanics/Military,utility_use,bib-150,1598,London,ENGLISH,Military Engineering,content_description: VVHEREIN IS DECLARED THE NEGLECT OF Martiall discipline: the inconuenience thereof: the imperfections of manie training Captaines: a redresse by due regard had: the fittest weapons ; action_verbs: Discoursed | VVritten | Comprehended ; enriched_with: with figures and Tables to the same | with sundrie other martiall points
Applied Mechanics/Military,utility_use,ustc-18,1613,Paris,FRENCH,Arithmetic | Construction | Military Engineering | Practical Geometry | Trigonometry,"audience: EN FAVEVR DE LA NOBLESSE ; content_description: Auquel eft traité De l'Arithmetique militaire; con£lru£Hon des tables des Sinus, Tou- chantes & Coupantes; Doctrine des Triangles Rectilignes ; prati- que de diuers Problermes Geom ; edition_details: PREMIER VOLVME ; action_verbs: RECVEILLIS | DRESSEZ ; enriched_with: feruans d'explication & augmentation ; educational_authorities_references: Mon- fieur Errard"
Applied Mechanics/Military,correction_revision,MorisS-16-1,1623,Paris,FRENCH,Arithmetic | Construction | Military Engineering | Practical Geometry | Trigonometry,"audience: EN FAVEVR DE LA NOBLESSE Françoiſe ; content_description: Construction des tables des Sinus, Tou‑chantes & Couppantes ; Doctrine des triangles Rectilignes ; Pratique de diuers Problemes Geometriques ; Dimenſion des lignes droictes, Su‑per ; edition_details: SECONDE EDITION, reueuë, corrigée & augmentée en diuers en‑droicts, & meſme d’vn traicté entier, co[n]tenant vne brieue inſtru‑ ction pour conſtruire les fortifications pratiquées  ; action_verbs: reueuë | corrigée | augmentée ; enriched_with: d’explication & augmentation | vne brieue instruction ; educational_authorities_references: Monſieur Errard ; destination_language: Françoiſe"
Applied Mechanics/Military,correction_revision,ustc-26,1627,Paris,FRENCH,Arithmetic | Construction | Instrument Use | Military Engineering | Practical Geometry | Trigonometry,"audience: EN FAVEVR DE LA NOBLESSE FRANÇOISE ; content_description: De l’Arithmetique militaire ; Conſtruction des tables des Sinus, chanzes & Coupantes ; Doctrine des triangles Recitilignes ; Pratique de diuers problemes Geometriques ; Dimeſon des ; edition_details: SECONDE EDITION, reueuë, corrigée & augmentée en diuers en droicts ; & meſme d'vn traicté entier, contenant vne briefve inconſtr tion pour conſtruire les fortifications pées aux pa ; action_verbs: reueuë | corrigée | augmentée"
Applied Mechanics/Military,correction_revision,bib-154,1590,London,ENGLISH,Arithmetic | Military Engineering,"audience: for the profession of a Souldier ; content_description: Compendiously teaching the Science of Numbers as well in Fractions as Integers, and so much of the Rules and Æquations Algebraicall, and Art of Num- bers Cossicall, as are requisit ; edition_details: reuiwed and corrected by the author him selfe | augmented with sundry additions | First published by Thomas Digges Esquire Anno Salutis 1579 ; action_verbs: augmented | reuiwed | corrected | published ; enriched_with: sundry additions"
Applied Mechanics/Military,correction_revision,bib-117,1630,Amsterdam,LATIN,Architecture | Military Engineering | Perspective,"content_description: traitans DE GEOMETRIE, PERSPECTIVE, ARCHITECTURE, ET FORTIFICATION ; edition_details: Van nieuws oversien ende verbeteret | Beschreven en voor oogen gestelt | nouueau Reueüe, Augmentée, et Corrigée ; action_verbs: Beschreven | voor oogen gestelt | oversien | verbeteret | Reueüe | Augmentée | Corrigée"
Applied Mechanics/Military,correction_revision,ustc-40,1627,Paris,FRENCH,Arithmetic | Mechanics,"edition_details: QVATRIEME EDITION | Augmente'e de plvsiears beaux Problem.es, & de quelqves nottes servant a l'intelligence des choses difficiles & obscures, auec la correction d'un grand nombre d ; action_verbs: Augmente'e ; enriched_with: quelqves nottes servant a l'intelligence des choses difficiles & obscures | la correction d'un grand nombre de fautes & erreurs"
Applied Mechanics/Military,novelty_invention,35H84Y,1642,Bologna,LATIN,Mechanics,"audience: Philosophis Mathematicis, sed & Physicis, Anatomicis, Militaribus viris, Machinariæ, Musicæ, Poeticæ, Agrariæ, Architecturæ, Mercaturæ professoribus ; action_verbs: traducta | confirmata | refertum | ornatum | distributum | ACCESSIT | dicata | APPLICATVS | conditus ; enriched_with: noua pleraque Machinamenta ad vsus eximios traducta | facillimis demonstrationibus confirmata | curiosissimis inuentis refertum | figurarum æreis formis cusarum numerosa | speciosa ; institutions: Coll. Tridentino Soc. Iesu | Parmensi Gymnasio Philosophiæ Mathematicæ | Parmensi Gymnasio"
Applied Mechanics/Military,novelty_invention,bib-150,1598,London,ENGLISH,Military Engineering,content_description: VVHEREIN IS DECLARED THE NEGLECT OF Martiall discipline: the inconuenience thereof: the imperfections of manie training Captaines: a redresse by due regard had: the fittest weapons ; action_verbs: Discoursed | VVritten | Comprehended ; enriched_with: with figures and Tables to the same | with sundrie other martiall points
Applied Mechanics/Military,novelty_invention,bib-154,1590,London,ENGLISH,Arithmetic | Military Engineering,"audience: for the profession of a Souldier ; content_description: Compendiously teaching the Science of Numbers as well in Fractions as Integers, and so much of the Rules and Æquations Algebraicall, and Art of Num- bers Cossicall, as are requisit ; edition_details: reuiwed and corrected by the author him selfe | augmented with sundry additions | First published by Thomas Digges Esquire Anno Salutis 1579 ; action_verbs: augmented | reuiwed | corrected | published ; enriched_with: sundry additions"
Applied Mechanics/Military,novelty_invention,bib-257,1694,London,ENGLISH,Arithmetic | Astronomy | Gnomonics & Horology | Mechanics,"audience: Youth (in this Age ; action_verbs: Published | Annex ; enriched_with: a New Series for the speedy Extraction of Roots, and a Converging Series for all manner of affected Equations ; institutions: Mathematick School in Adam’s Court"
Applied Mechanics/Military,novelty_invention,bib-250,1694,Paris,FRENCH,Arithmetic | Cosmography | Gnomonics & Horology | Mechanics,"content_description: Plusieurs Problêmes d’Arithmetique, de Geome- trie, d’Optique, de Gnomonique, de Cosmo- graphie, de Mecanique, de Pyrotechnié, & de Physique"
Applied Mechanics/Military,translation_language,YPQYIR,1565,Paris,FRENCH,Mechanics,content_description: du leger & du pesant ; action_verbs: TRADVICT | COMMEN-  té | traduit | com- menté | intitu- lé ; institutions: l'V-  niuerfité de Paris
Applied Mechanics/Military,translation_language,MorisS-21-9,1638,Paris,FRENCH,Mechanics,"content_description: la proportion des Mou- uemens, tant Naturels, que Violents, & de  tout ce qu’il y a de plus subtil dans les Me- chaniques & dans la Phisique ; action_verbs: Traduit ; origin_language: d’Italien ; destination_language: en François"
Applied Mechanics/Military,demonstration_method,bib-150,1598,London,ENGLISH,Military Engineering,content_description: VVHEREIN IS DECLARED THE NEGLECT OF Martiall discipline: the inconuenience thereof: the imperfections of manie training Captaines: a redresse by due regard had: the fittest weapons ; action_verbs: Discoursed | VVritten | Comprehended ; enriched_with: with figures and Tables to the same | with sundrie other martiall points
Applied Mechanics/Military,demonstration_method,bib-99,1697,Nuremberg,GERMAN,Architecture | Construction | Military Engineering | Practical Geometry | Surveying | Theoretical Mathematics,audience: jedermanns ; action_verbs: aufgesetzt | zusammen getragen ; enriched_with: mit gehörigen Figuren
Applied Mechanics/Military,demonstration_method,bib-154,1590,London,ENGLISH,Arithmetic | Military Engineering,"audience: for the profession of a Souldier ; content_description: Compendiously teaching the Science of Numbers as well in Fractions as Integers, and so much of the Rules and Æquations Algebraicall, and Art of Num- bers Cossicall, as are requisit ; edition_details: reuiwed and corrected by the author him selfe | augmented with sundry additions | First published by Thomas Digges Esquire Anno Salutis 1579 ; action_verbs: augmented | reuiwed | corrected | published ; enriched_with: sundry additions"
Applied Mechanics/Military,demonstration_method,bib-257,1694,London,ENGLISH,Arithmetic | Astronomy | Gnomonics & Horology | Mechanics,"audience: Youth (in this Age ; action_verbs: Published | Annex ; enriched_with: a New Series for the speedy Extraction of Roots, and a Converging Series for all manner of affected Equations ; institutions: Mathematick School in Adam’s Court"
Applied Mechanics/Military,demonstration_method,ustc-40,1627,Paris,FRENCH,Arithmetic | Mechanics,"edition_details: QVATRIEME EDITION | Augmente'e de plvsiears beaux Problem.es, & de quelqves nottes servant a l'intelligence des choses difficiles & obscures, auec la correction d'un grand nombre d ; action_verbs: Augmente'e ; enriched_with: quelqves nottes servant a l'intelligence des choses difficiles & obscures | la correction d'un grand nombre de fautes & erreurs"
Applied Mechanics/Military,enrichment_addition,MorisS-16-1,1623,Paris,FRENCH,Arithmetic | Construction | Military Engineering | Practical Geometry | Trigonometry,"audience: EN FAVEVR DE LA NOBLESSE Françoiſe ; content_description: Construction des tables des Sinus, Tou‑chantes & Couppantes ; Doctrine des triangles Rectilignes ; Pratique de diuers Problemes Geometriques ; Dimenſion des lignes droictes, Su‑per ; edition_details: SECONDE EDITION, reueuë, corrigée & augmentée en diuers en‑droicts, & meſme d’vn traicté entier, co[n]tenant vne brieue inſtru‑ ction pour conſtruire les fortifications pratiquées  ; action_verbs: reueuë | corrigée | augmentée ; enriched_with: d’explication & augmentation | vne brieue instruction ; educational_authorities_references: Monſieur Errard ; destination_language: Françoiſe"
Applied Mechanics/Military,enrichment_addition,35H84Y,1642,Bologna,LATIN,Mechanics,"audience: Philosophis Mathematicis, sed & Physicis, Anatomicis, Militaribus viris, Machinariæ, Musicæ, Poeticæ, Agrariæ, Architecturæ, Mercaturæ professoribus ; action_verbs: traducta | confirmata | refertum | ornatum | distributum | ACCESSIT | dicata | APPLICATVS | conditus ; enriched_with: noua pleraque Machinamenta ad vsus eximios traducta | facillimis demonstrationibus confirmata | curiosissimis inuentis refertum | figurarum æreis formis cusarum numerosa | speciosa ; institutions: Coll. Tridentino Soc. Iesu | Parmensi Gymnasio Philosophiæ Mathematicæ | Parmensi Gymnasio"
Applied Mechanics/Military,enrichment_addition,ustc-26,1627,Paris,FRENCH,Arithmetic | Construction | Instrument Use | Military Engineering | Practical Geometry | Trigonometry,"audience: EN FAVEVR DE LA NOBLESSE FRANÇOISE ; content_description: De l’Arithmetique militaire ; Conſtruction des tables des Sinus, chanzes & Coupantes ; Doctrine des triangles Recitilignes ; Pratique de diuers problemes Geometriques ; Dimeſon des ; edition_details: SECONDE EDITION, reueuë, corrigée & augmentée en diuers en droicts ; & meſme d'vn traicté entier, contenant vne briefve inconſtr tion pour conſtruire les fortifications pées aux pa ; action_verbs: reueuë | corrigée | augmentée"
Applied Mechanics/Military,enrichment_addition,bib-150,1598,London,ENGLISH,Military Engineering,content_description: VVHEREIN IS DECLARED THE NEGLECT OF Martiall discipline: the inconuenience thereof: the imperfections of manie training Captaines: a redresse by due regard had: the fittest weapons ; action_verbs: Discoursed | VVritten | Comprehended ; enriched_with: with figures and Tables to the same | with sundrie other martiall points
Applied Mechanics/Military,enrichment_addition,ustc-18,1613,Paris,FRENCH,Arithmetic | Construction | Military Engineering | Practical Geometry | Trigonometry,"audience: EN FAVEVR DE LA NOBLESSE ; content_description: Auquel eft traité De l'Arithmetique militaire; con£lru£Hon des tables des Sinus, Tou- chantes & Coupantes; Doctrine des Triangles Rectilignes ; prati- que de diuers Problermes Geom ; edition_details: PREMIER VOLVME ; action_verbs: RECVEILLIS | DRESSEZ ; enriched_with: feruans d'explication & augmentation ; educational_authorities_references: Mon- fieur Errard"
Applied Mechanics/Military,restoration_ancient_authority,Paris_1626,1626,Paris,FRENCH,Military Engineering | Theoretical Mathematics,"audience: Vtiles à ceux qui se veulent seruir proprement des Mathematiques, & de la Philosophie ; content_description: d’Euclides, d’Archimedes, de Proclus, de Sacrobosco, & d’Aristote"
Applied Mechanics/Military,community_professional,MorisS-16-1,1623,Paris,FRENCH,Arithmetic | Construction | Military Engineering | Practical Geometry | Trigonometry,"audience: EN FAVEVR DE LA NOBLESSE Françoiſe ; content_description: Construction des tables des Sinus, Tou‑chantes & Couppantes ; Doctrine des triangles Rectilignes ; Pratique de diuers Problemes Geometriques ; Dimenſion des lignes droictes, Su‑per ; edition_details: SECONDE EDITION, reueuë, corrigée & augmentée en diuers en‑droicts, & meſme d’vn traicté entier, co[n]tenant vne brieue inſtru‑ ction pour conſtruire les fortifications pratiquées  ; action_verbs: reueuë | corrigée | augmentée ; enriched_with: d’explication & augmentation | vne brieue instruction ; educational_authorities_references: Monſieur Errard ; destination_language: Françoiſe"
Applied Mechanics/Military,community_professional,35H84Y,1642,Bologna,LATIN,Mechanics,"audience: Philosophis Mathematicis, sed & Physicis, Anatomicis, Militaribus viris, Machinariæ, Musicæ, Poeticæ, Agrariæ, Architecturæ, Mercaturæ professoribus ; action_verbs: traducta | confirmata | refertum | ornatum | distributum | ACCESSIT | dicata | APPLICATVS | conditus ; enriched_with: noua pleraque Machinamenta ad vsus eximios traducta | facillimis demonstrationibus confirmata | curiosissimis inuentis refertum | figurarum æreis formis cusarum numerosa | speciosa ; institutions: Coll. Tridentino Soc. Iesu | Parmensi Gymnasio Philosophiæ Mathematicæ | Parmensi Gymnasio"
Applied Mechanics/Military,community_professional,ustc-26,1627,Paris,FRENCH,Arithmetic | Construction | Instrument Use | Military Engineering | Practical Geometry | Trigonometry,"audience: EN FAVEVR DE LA NOBLESSE FRANÇOISE ; content_description: De l’Arithmetique militaire ; Conſtruction des tables des Sinus, chanzes & Coupantes ; Doctrine des triangles Recitilignes ; Pratique de diuers problemes Geometriques ; Dimeſon des ; edition_details: SECONDE EDITION, reueuë, corrigée & augmentée en diuers en droicts ; & meſme d'vn traicté entier, contenant vne briefve inconſtr tion pour conſtruire les fortifications pées aux pa ; action_verbs: reueuë | corrigée | augmentée"
Applied Mechanics/Military,community_professional,bib-150,1598,London,ENGLISH,Military Engineering,content_description: VVHEREIN IS DECLARED THE NEGLECT OF Martiall discipline: the inconuenience thereof: the imperfections of manie training Captaines: a redresse by due regard had: the fittest weapons ; action_verbs: Discoursed | VVritten | Comprehended ; enriched_with: with figures and Tables to the same | with sundrie other martiall points
Applied Mechanics/Military,community_professional,ustc-18,1613,Paris,FRENCH,Arithmetic | Construction | Military Engineering | Practical Geometry | Trigonometry,"audience: EN FAVEVR DE LA NOBLESSE ; content_description: Auquel eft traité De l'Arithmetique militaire; con£lru£Hon des tables des Sinus, Tou- chantes & Coupantes; Doctrine des Triangles Rectilignes ; prati- que de diuers Problermes Geom ; edition_details: PREMIER VOLVME ; action_verbs: RECVEILLIS | DRESSEZ ; enriched_with: feruans d'explication & augmentation ; educational_authorities_references: Mon- fieur Errard"
Music,utility_use,MorisS-21-2,1627,Paris,FRENCH,Music Theory,"content_description: Où est contenu la Musique Theorique & Pratique des Anciens & Modernes, auec les causes de ses effets ; action_verbs: Enrichie ; enriched_with: Enrichie de Raisons prises de la Philosophie, & des Mathematiques"
Music,translation_language,Paris_1557b,1557,Paris,"GREEK, LATIN",Music Theory,content_description: Τοῦ αὐτοῦ κατατομὴ κανόνος | Eiusdem sectio regulæ harmonicæ ; edition_details: ac nunc primùm Graecè & Latinè excusa ; action_verbs: desumpta | excusa ; destination_language: Graecè | Latinè ; institutions: Regia bibliotheca
Music,translation_language,Amsterdam_1652,1652,Amsterdam,LATIN,Music Theory,action_verbs: Restiuit | explicavit ; enriched_with: Notis ; origin_language: GRÆCE | LATINE ; destination_language: GRÆCE | LATINE
Music,translation_language,Paris_1566b,1566,Paris,FRENCH,Music Theory,action_verbs: traduit
Music,enrichment_addition,bib-259,1591,Tours,LATIN,Arithmetic | Music Theory | Theoretical Mathematics,audience: In usum studiosæ Iuventutis Academiæ Turonensis Societ. Iesv ; edition_details: Accessit in hac ultima editione singulorum librorum ; action_verbs: Accessit ; institutions: Academiæ Turonensis Societ
Music,enrichment_addition,XHZ2XV,1592,Tournon,LATIN,Arithmetic | Music Theory | Practical Geometry,audience: studiosæ Iuventutis Academiæ Turnoniæ ; edition_details: in hac vltima editione ; action_verbs: Accessit | interprete ; enriched_with: Accessit | percommoda distributio ; institutions: Academiæ Turnoniæ Societ. IESV
Music,enrichment_addition,Amsterdam_1652,1652,Amsterdam,LATIN,Music Theory,action_verbs: Restiuit | explicavit ; enriched_with: Notis ; origin_language: GRÆCE | LATINE ; destination_language: GRÆCE | LATINE
Music,restoration_ancient_authority,Paris_1557b,1557,Paris,"GREEK, LATIN",Music Theory,content_description: Τοῦ αὐτοῦ κατατομὴ κανόνος | Eiusdem sectio regulæ harmonicæ ; edition_details: ac nunc primùm Graecè & Latinè excusa ; action_verbs: desumpta | excusa ; destination_language: Graecè | Latinè ; institutions: Regia bibliotheca
Music,restoration_ancient_authority,VWMZ7L,1557,Paris,LATIN,Arithmetic | Astronomy | Music Theory | Theoretical Mathematics,
Music,community_professional,bib-259,1591,Tours,LATIN,Arithmetic | Music Theory | Theoretical Mathematics,audience: In usum studiosæ Iuventutis Academiæ Turonensis Societ. Iesv ; edition_details: Accessit in hac ultima editione singulorum librorum ; action_verbs: Accessit ; institutions: Academiæ Turonensis Societ
Music,community_professional,XHZ2XV,1592,Tournon,LATIN,Arithmetic | Music Theory | Practical Geometry,audience: studiosæ Iuventutis Academiæ Turnoniæ ; edition_details: in hac vltima editione ; action_verbs: Accessit | interprete ; enriched_with: Accessit | percommoda distributio ; institutions: Academiæ Turnoniæ Societ. IESV
