classification_key,short_title,year,city,language,author_or_editor,publisher,primary_classes,secondary_classes,unknown_classes,Architecture,Arithmetic,Astronomy,Cartography,Commercial Mathematics,Construction,Cosmography,Geography,Gnomonics & Horology,Instrument Construction,Instrument Use,Mechanics,Military Engineering,Music Theory,Navigation,Perspective,Practical Geometry,Surveying,Theoretical Mathematics,Trigonometry,action_verbs,audience,base_content,bound_with,bound_with_minimal,content_description,date_in_imprint,dedicatee_name,description_of_euclid,destination_language,edition_details,editor_description,editor_name,educational_authorities_references,elements_designation,enriched_with,institutions,location_in_imprint,origin_language,printing_privilege,publisher_in_imprint,references_to_euclid,action_verbs_has,audience_has,base_content_has,bound_with_has,bound_with_minimal_has,content_description_has,date_in_imprint_has,dedicatee_name_has,description_of_euclid_has,destination_language_has,edition_details_has,editor_description_has,editor_name_has,educational_authorities_references_has,elements_designation_has,enriched_with_has,institutions_has,location_in_imprint_has,origin_language_has,printing_privilege_has,publisher_in_imprint_has,references_to_euclid_has,identity_score,has_identity,authority_score,has_authority,transformation_score,has_transformation,addition_score,has_addition,community_score,has_community,imprint_score,has_imprint,Arithmetic/Commerce,Geometry/Theory,Visual/Spatial Arts,Instruments/Measurement,Cosmos/Earth,Applied Mechanics/Military,Music
0CKY65,L'arithmetique ,1557,Paris,FRENCH,Pierre Forcadel,"Guillaume Cavellat, Benoît Prévost",Arithmetic,Theoretical Mathematics,,unrelated,primary,unrelated,unrelated,unrelated,unrelated,unrelated,unrelated,unrelated,unrelated,unrelated,unrelated,unrelated,unrelated,unrelated,unrelated,unrelated,unrelated,secondary,unrelated,,,L'ARITHMETICQVE,,,"quatre reigles briefues, qui contiennent les deux cents quarante anciennes & plusieurs autres reigles, pour l'exercice des nombres entiers, par lesquels on peut facilement paruenir à la cognoissance de l'Algebre",1557 | 1556,,,,,DE BEZIERS,P. FORCADEL,,,,,"A PARIS | Chez Guillaume Cauellar, à l'enseigne de la Poulle grasse, deuant le college de Cambray | PARIS, [chez Benoît Prévost] à l'enseigne de la Poulle grasse, deuant le college de Cambray",,,Guillaume Cauellar | chez Benoît Prévost,,False,False,True,False,False,True,True,False,False,False,False,True,True,False,False,False,False,True,False,False,True,False,1,True,2,True,0,False,0,False,0,False,3,True,primary,secondary,unrelated,unrelated,unrelated,unrelated,unrelated
0NKS71,La description d'un aneau horaire ,1568,Paris,FRENCH,Pierre Forcadel,Mathurin Prévost,Gnomonics & Horology,Instrument Use | Practical Geometry,,unrelated,unrelated,unrelated,unrelated,unrelated,unrelated,unrelated,unrelated,primary,unrelated,secondary,unrelated,unrelated,unrelated,unrelated,unrelated,secondary,unrelated,unrelated,unrelated,demonstrée,,,,,,1568,Monseigneur le Comte de Brissac,,,,Lecteur du Roy ez Mathe- matiques,Pierre For- cadel,,,,,"PARIS | l'Escu de Venise, rue S. Iaques",,,Mathurin Preuost,,True,False,False,False,False,False,True,True,False,False,False,True,True,False,False,False,False,True,False,False,True,False,0,False,3,True,1,True,0,False,1,True,3,True,unrelated,secondary,unrelated,primary,unrelated,unrelated,unrelated
10AUQ5,De artificiali perspectiva. Viator: Secundo,1509,Toul,"LATIN, FRENCH",Jean Pélerin,,Perspective,,,unrelated,unrelated,unrelated,unrelated,unrelated,unrelated,unrelated,unrelated,unrelated,unrelated,unrelated,unrelated,unrelated,unrelated,unrelated,primary,unrelated,unrelated,unrelated,unrelated,,,,,,,,,,,,,Viator,,,,,,,,,,False,False,False,False,False,False,False,False,False,False,False,False,True,False,False,False,False,False,False,False,False,False,0,False,1,True,0,False,0,False,0,False,0,False,unrelated,unrelated,primary,unrelated,unrelated,unrelated,unrelated
136K7I,Invention nouvelle en l'algebre,1629,Amsterdam,FRENCH,Albert Girard,Willem Jansz Blaeu,Theoretical Mathematics,,,unrelated,unrelated,unrelated,unrelated,unrelated,unrelated,unrelated,unrelated,unrelated,unrelated,unrelated,unrelated,unrelated,unrelated,unrelated,unrelated,unrelated,unrelated,primary,unrelated,,,,,,,,,,,,,,,,,,,,,,,False,False,False,False,False,False,False,False,False,False,False,False,False,False,False,False,False,False,False,False,False,False,0,False,0,False,0,False,0,False,0,False,0,False,unrelated,primary,unrelated,unrelated,unrelated,unrelated,unrelated
144JC3,"Della nuova geometria di Franc. Patrici libri XV. Ne' quali con mirabile ordine, e con dimostrazioni a maraviglia più facili, e più forti delle usate si vede che le matematiche per via regia, e più piana che da gli antichi fatto non si è, si possonotrattare",1586,Ferrara,ITALIAN,Francesco Patrizi,Vittorio Baldini,Theoretical Mathematics,Practical Geometry,Architecture | Instrument Use,unknown,unrelated,unrelated,unrelated,unrelated,unrelated,unrelated,unrelated,unrelated,unrelated,unknown,unrelated,unrelated,unrelated,unrelated,unrelated,secondary,unrelated,primary,unrelated,,,DELLA NVOVA GEOMETRIA DI FRANC. PATRICI LIBRI XV,,,"Ne’ quali con mirabile ordine, e con dimostra- zioni à marauiglia più facili, e più forti del le vſate si vede che le Matematiche per via Regia, e più piana che da gli antichi fatto non si è, si possono trattare",1587,SERENISSIMO CARLO EMANVELE DVCA DI SAVOIA,,,,,,,,,,FERRARA,,,Vittorio Baldini Stampator Ducale,,False,False,True,False,False,True,True,True,False,False,False,False,False,False,False,False,False,True,False,False,True,False,1,True,1,True,0,False,0,False,1,True,3,True,unrelated,primary,unknown,unknown,unrelated,unrelated,unrelated
1496,Arithmetica decem libris demonstrata,1496,,LATIN,Jacques Lefèvre d'Étaples,,Arithmetic | Music Theory,Theoretical Mathematics,,unrelated,primary,unrelated,unrelated,unrelated,unrelated,unrelated,unrelated,unrelated,unrelated,unrelated,unrelated,unrelated,primary,unrelated,unrelated,unrelated,unrelated,secondary,unrelated,,,,,,,,,,,,,,,,,,,,,,,False,False,False,False,False,False,False,False,False,False,False,False,False,False,False,False,False,False,False,False,False,False,0,False,0,False,0,False,0,False,0,False,0,False,primary,secondary,unrelated,unrelated,unrelated,unrelated,primary
22INUJ,"La Perspective spéculative et pratique de l'invention du feu sieur Aleaume, mise au jour",1643,Paris,FRENCH,Jacques Aleaume,Melchior Tavernier,Perspective,,,unrelated,unrelated,unrelated,unrelated,unrelated,unrelated,unrelated,unrelated,unrelated,unrelated,unrelated,unrelated,unrelated,unrelated,unrelated,primary,unrelated,unrelated,unrelated,unrelated,MISE AV IOVR,,,,,,M. DC. XLIII,,,,MISE AV IOVR,Professeur és Mathematiques,ESTIENNE MIGON,feu Sieur ALEAVME,,,,"PARIS | sur le Quay qui regarde la Megisserie, à la Sphere | en la ruë Sainct Iacques, aux Colomnes d'Hercules, proche le Lion d'Argent",,,"Chez MELCHIOR TAVERNIER, Hydrographe, Graveur, & Imprimeur du Roy, pour les Cartes Geographiques, & autres Tailles douces | Chez FRANCOIS LANGLOIS, dict CHARTRES",,True,False,False,False,False,False,True,False,False,False,True,True,True,True,False,False,False,True,False,False,True,False,0,False,3,True,2,True,0,False,0,False,3,True,unrelated,unrelated,primary,unrelated,unrelated,unrelated,unrelated
2BRI1Z,A tracte containing the artes of curious paintinge carvinge buildinge,1598,Oxford,ENGLISH,Giovanni Paolo Lomazzo,"Richard Haydock, Joseph Barnes",,,Architecture | Practical Geometry,unknown,unrelated,unrelated,unrelated,unrelated,unrelated,unrelated,unrelated,unrelated,unrelated,unrelated,unrelated,unrelated,unrelated,unrelated,unrelated,unknown,unrelated,unrelated,unrelated,,,,,,,,,,,,,,,,,,,,,,,False,False,False,False,False,False,False,False,False,False,False,False,False,False,False,False,False,False,False,False,False,False,0,False,0,False,0,False,0,False,0,False,0,False,unrelated,unknown,unknown,unrelated,unrelated,unrelated,unrelated
2I9HSY,Livre de perspective,1560,Paris,FRENCH,Jean Cousin,Jean Le Royer,Perspective,,Architecture | Practical Geometry,unknown,unrelated,unrelated,unrelated,unrelated,unrelated,unrelated,unrelated,unrelated,unrelated,unrelated,unrelated,unrelated,unrelated,unrelated,primary,unknown,unrelated,unrelated,unrelated,,,,,,,1560,,,,,"Senonois, maistre Painctre à Paris",Iehan Cousin,,,,,PARIS,,,De l'Imprimerie de Iehan le Royer Imprimeur du Roy és Mathematiques,,False,False,False,False,False,False,True,False,False,False,False,True,True,False,False,False,False,True,False,False,True,False,0,False,2,True,0,False,0,False,0,False,3,True,unrelated,unknown,primary,unrelated,unrelated,unrelated,unrelated
2L8L55,"Sex priora Euclidis elementa, quibus accesserunt undecimum, & duodecimum",1719,Bologna,LATIN,Geminiano Rondelli,Longhi,Theoretical Mathematics,,,unrelated,unrelated,unrelated,unrelated,unrelated,unrelated,unrelated,unrelated,unrelated,unrelated,unrelated,unrelated,unrelated,unrelated,unrelated,unrelated,unrelated,unrelated,primary,unrelated,accefferunt | iterum expofita,,SEX PRIORA EUCLIDIS ELEMENTA,Hydrometriæ,Hydrometriæ,,,BONONIÆ SENATUS PATRIBUS Scientiarum omnium Mæcenatibus,,,"Quibus accefferunt Undecimum, & Duodecimum | iterum expofita",In Bononienfi Archigymnafio Hydrometriæ Profeffore,A HIEMYNIANO RONDELLO,,SEX PRIORA EUCLIDIS ELEMENTA,"Undecimum, & Duodecimum",Bononienfi Archigymnafio | BONONIÆ SENATUS,Bononiæ,,,Typis Longi,EUCLIDIS,True,False,True,True,True,False,False,True,False,False,True,True,True,False,True,True,True,True,False,False,True,True,3,True,5,True,2,True,3,True,2,True,2,True,unrelated,primary,unrelated,unrelated,unrelated,unrelated,unrelated
35H84Y,"Apiaria uninversae philosophiae mathematicae, in quibus paradoxa, et nova pleraque machinamenta ad usus eximios traducta, & facillimis demonstrationibus confirmata […] Tomus primus (1)",1642,Bologna,LATIN,Mario Bettini,Giovanni Battista Ferroni,Mechanics,Practical Geometry,Theoretical Mathematics,unrelated,unrelated,unrelated,unrelated,unrelated,unrelated,unrelated,unrelated,unrelated,unrelated,unrelated,primary,unrelated,unrelated,unrelated,unrelated,secondary,unrelated,unknown,unrelated,traducta | confirmata | refertum | ornatum | distributum | ACCESSIT | dicata | APPLICATVS | conditus,"Philosophis Mathematicis, sed & Physicis, Anatomicis, Militaribus viris, Machinariæ, Musicæ, Poeticæ, Agrariæ, Architecturæ, Mercaturæ professoribus",EVCLIDES APPLICATVS,EVCLIDES APPLICATVS,EVCLIDES APPLICATVS,,M. DC. XXXXII,"MATTHIAE GALASSO SAC. ROM. IMPERII COMITI, &c",,,,"E SOC. IESV, olim in publico Parmensi Gymnasio Philosophiæ Mathematicæ, & Philosophiæ Moralis Lectore",MARIO BETTINO BONONIENSI,,EVCLIDES APPLICATVS,noua pleraque Machinamenta ad vsus eximios traducta | facillimis demonstrationibus confirmata | curiosissimis inuentis refertum | figurarum æreis formis cusarum numerosa | speciosa varietate ornatum | gemino copiosissimo Indice,Coll. Tridentino Soc. Iesu | Parmensi Gymnasio Philosophiæ Mathematicæ | Parmensi Gymnasio,BONONIÆ,,,Io. Baptistæ Ferronij cum facultate Superiorum,EVCLIDES | Euclideorum,True,True,True,True,True,False,True,True,False,False,False,True,True,False,True,True,True,True,False,False,True,True,3,True,5,True,1,True,3,True,3,True,3,True,unrelated,secondary,unrelated,unrelated,unrelated,primary,unrelated
3WRC2Y,"La Perspective pratique, nécessaire à tous peintres, graveurs, sculpteurs, architectes, orfèvres",1649,Paris,FRENCH,Jean Du Breuil,François Langlois,Perspective,,,unrelated,unrelated,unrelated,unrelated,unrelated,unrelated,unrelated,unrelated,unrelated,unrelated,unrelated,unrelated,unrelated,unrelated,unrelated,primary,unrelated,unrelated,unrelated,unrelated,,,,,,,M. DC. XLIX,,,,,,,,,,la Compagnie de IESVS,"PARIS | Chez la vefue de FRANCOIS LANGLOIS, dict CHARTRES, ruë S. Iacques, aux Colomnes d'Hercule",,,"Chez la vefue de FRANCOIS LANGLOIS, dict CHARTRES",,False,False,False,False,False,False,True,False,False,False,False,False,False,False,False,False,True,True,False,False,True,False,0,False,1,True,0,False,0,False,1,True,3,True,unrelated,unrelated,primary,unrelated,unrelated,unrelated,unrelated
3WV6N7,"Diverses methodes universelles et nouvelles, en tout ou en partie pour faire des perspectives ... Tirées pour la pluspart du contenu du livre de la Perspective pratique. Ce qui servira de plus de response aux deux affiches du Sieur Desargues contre ladite Perspective pratique",1642,Paris,FRENCH,Jean Du Breuil,François Langlois,Perspective,,,unrelated,unrelated,unrelated,unrelated,unrelated,unrelated,unrelated,unrelated,unrelated,unrelated,unrelated,unrelated,unrelated,unrelated,unrelated,primary,unrelated,unrelated,unrelated,unrelated,TIREES,,,,,,M. DC. XXXXII,,,,,,,Sieur Desargues,,TIREES POVR LA PLVS-PART DV CONTENV DV LIVRE DE LA PERSPECTIVE PRATIQVE,,"A PARIS | en l'Isle du Palais, à la Sphere Royalle | ruë S. Iacques, aux Colomnes d'Hercules, proche le Lion d'argent",,,"Chez MELCHIOR TAVERNIER, Hydrographe, Graueur & Im- primeur du Roy pour les Cartes Geographiques, & autres Tailles- douces | Chez FRANÇOIS L'ANGLOIS, dit CHARTRES",,True,False,False,False,False,False,True,False,False,False,False,False,False,True,False,True,False,True,False,False,True,False,0,False,1,True,1,True,1,True,0,False,3,True,unrelated,unrelated,primary,unrelated,unrelated,unrelated,unrelated
473J72,"The Six First, Together with the Eleventh and the Twelfth Books of Euclid’s Elements, Demonstrated after a New, Plain, and Easie Method",1726,London,ENGLISH,Henry Hill,William Pearson,,,,unrelated,unrelated,unrelated,unrelated,unrelated,unrelated,unrelated,unrelated,unrelated,unrelated,unrelated,unrelated,unrelated,unrelated,unrelated,unrelated,unrelated,unrelated,unrelated,unrelated,Demonstrated,,"THE Six First, Together with the Eleventh and Twelfth Books OF EUCLID's ELEMENTS",,,"Demonstrated after a New, Plain, and Eafie METHOD",MDCCXXVI,,,,,A. M,HENRY HILL,,"Six First, Together with the Eleventh and Twelfth Books OF EUCLID's ELEMENTS",,,"LONDON | St. Paul's-Church-Yard | the South-Entrance of the Royal-Exchange | the Middle-Temple-Gate, Fleet-Street",,,WILLIAM PEARSON | R. and J. BONWICKE | F. FAYRAM | B. MOTTE,EUCLID's,True,False,True,False,False,True,True,False,False,False,False,True,True,False,True,False,False,True,False,False,True,True,3,True,3,True,1,True,0,False,0,False,3,True,unrelated,unrelated,unrelated,unrelated,unrelated,unrelated,unrelated
4C287U,"Tables des sinus, tangentes & secantes, selon le raid de 100000 parties. Avec un traicté succinct de la trigonometrie tant des triangles plans, que spheriques. Où sont plusieurs operations nouvelles",1626,The Hague,FRENCH,Albert Girard,Jacob Elzevier,Trigonometry,Theoretical Mathematics,Astronomy,unrelated,unrelated,unknown,unrelated,unrelated,unrelated,unrelated,unrelated,unrelated,unrelated,unrelated,unrelated,unrelated,unrelated,unrelated,unrelated,unrelated,unrelated,secondary,primary,,aux apprentis | aux plus doctes praticiens des Mathematiques,,,,,M. DC. XXVI,,,,,Samielois,ALBERT GIRARD,,,,,A LA HAYE,,,Chez IACOB ELZEVIER,,False,True,False,False,False,False,True,False,False,False,False,True,True,False,False,False,False,True,False,False,True,False,0,False,2,True,0,False,0,False,1,True,3,True,unrelated,primary,unrelated,unrelated,unknown,unrelated,unrelated
4ZSED7,"Pselli philosophi et mathematici clarissimi geometria edita studio M. Christophori meureri, mathematum professoris publici in academia Lipsiensi.",1589,Leipzig,LATIN,"Michael, Joachim Tancke, Philipp Melanchthon",Hans Steinmann,,,,unrelated,unrelated,unrelated,unrelated,unrelated,unrelated,unrelated,unrelated,unrelated,unrelated,unrelated,unrelated,unrelated,unrelated,unrelated,unrelated,unrelated,unrelated,unrelated,unrelated,,,,,,,,,,,,,,,,,,,,,,,False,False,False,False,False,False,False,False,False,False,False,False,False,False,False,False,False,False,False,False,False,False,0,False,0,False,0,False,0,False,0,False,0,False,unrelated,unrelated,unrelated,unrelated,unrelated,unrelated,unrelated
5J1UUA,L'arithmetique entiere et abregee ,1573,Paris,FRENCH,Pierre Forcadel,"Guillaume Cavellat, Jérôme de Marnef",Arithmetic,,,unrelated,primary,unrelated,unrelated,unrelated,unrelated,unrelated,unrelated,unrelated,unrelated,unrelated,unrelated,unrelated,unrelated,unrelated,unrelated,unrelated,unrelated,unrelated,unrelated,Reueue | augmentee,,L'ARITHMETIQVE ENTIERE ET ABREGEE,,,,1573,ROY DE POLOGNE ESLEY,,,Reueue & augmentee par le mesme Forcadel,LECTEVR DV ROY EZ MATHEMATIQVES,P. FORCADEL,,,,,"PARIS | au mont S. Hilaire, à l'en- seigne du Pelican",,,"De l'Imprimerie de Hierosme de Marnef, & Guillaume Cauellar",,True,False,True,False,False,False,True,True,False,False,True,True,True,False,False,False,False,True,False,False,True,False,1,True,3,True,2,True,0,False,1,True,3,True,primary,unrelated,unrelated,unrelated,unrelated,unrelated,unrelated
5KCP5R,"Den tweeden boeck van architecturen tracterende van perspectyven, dat is, het insien duer tvercorten",1553,Antwerp,DUTCH,Sebastiano Serlio,Mayken Verhulst,Architecture | Perspective,Practical Geometry,Instrument Use,primary,unrelated,unrelated,unrelated,unrelated,unrelated,unrelated,unrelated,unrelated,unrelated,unknown,unrelated,unrelated,unrelated,unrelated,primary,secondary,unrelated,unrelated,unrelated,Overgheset | Ghedruct | doen,,,,,,,Mayken verhulst,,in nederlandts,,Schildere der K. Maiesteyt,Peeter Coecke van Aelst,Sebastiani Serlij,,,,,vten Italiaen- sche,met keyserlijcke preuilegie,,,True,False,False,False,False,False,False,True,False,True,False,True,True,True,False,False,False,False,True,True,False,False,0,False,4,True,3,True,0,False,1,True,1,True,unrelated,secondary,primary,unknown,unrelated,unrelated,unrelated
5V691B,Epiloimia seu liber tristium Joan.thomae freigii quaestiones geometricae et stereometricae in euclidis & rami stoicheiosin: in quibus logica veterum mathematicorum illustratur et demonstratur.,1583,Basel,LATIN,Johannes Thomas Freig,Sebastian Henricpetri,,Theoretical Mathematics,,unrelated,unrelated,unrelated,unrelated,unrelated,unrelated,unrelated,unrelated,unrelated,unrelated,unrelated,unrelated,unrelated,unrelated,unrelated,unrelated,unrelated,unrelated,secondary,unrelated,illustratur | demonstratur,,in Euclidis & Rami ἐννέαϐι- ϐλια,,,in quibus Logica veterum Mathematicorum illustratur & demonstratur,,,,,,,IOAN. THOMÆ FREIGII,,in Euclidis & Rami ἐννέαϐι- ϐλια,,,,,,PER SEBASTIANVM HENRICPETRI,Euclidis,True,False,True,False,False,True,False,False,False,False,False,False,True,False,True,False,False,False,False,False,True,True,3,True,2,True,1,True,0,False,0,False,1,True,unrelated,secondary,unrelated,unrelated,unrelated,unrelated,unrelated
5YK5ZF,"Perspectiva horaria sive de horographia gnomonica tum theoretica, tum practica libri quatuor. In quibus gnomonices antiqui fines latius proteduntur",1648,Rome,LATIN,Emanuel Maignan,Filippo De Rossi,Gnomonics & Horology | Perspective | Practical Geometry,Astronomy | Instrument Construction | Instrument Use,Theoretical Mathematics,unrelated,unrelated,secondary,unrelated,unrelated,unrelated,unrelated,unrelated,primary,secondary,secondary,unrelated,unrelated,unrelated,unrelated,primary,primary,unrelated,unknown,unrelated,traditurque,,"PERSPECTIVA HORARIA SIVE DE HOROGRAPHIA GNOMONICA TVM THEORETICA, TVM PRACTICA LIBRI QVATVOR",,,"In quibus Gnomonices antiqui fines latiùs protenduntur: traditurque ratio, & delineatio Geometrica expeditissima non solùm communium, quae radio directo vel vmbra pariter directa; sed etiam aliorum nouae in- uentionis Solarium horariorum, quae radio vel vmbra tum reflexis 	tum refractis horas, aliaque ad coelestium motuum notitiam pertinentia indicant",M. DC. XXXXVIII,,,,,"Ordinis Minimorum, in Regio nationis Gallicanae Romano SS. Trinitatis montis Pincij Coenobio Sacrae Theologiae Professore",R. P. F. EMANVELE MAIGNAN Tolosate,,,,Ordinis Minimorum | Regio nationis Gallicanae Romano SS. Trinitatis montis Pincij Coenobio Sacrae Theologiae,ROMAE,,,"Typis, & Expensis Philippi Rubei",,True,False,True,False,False,True,True,False,False,False,False,True,True,False,False,False,True,True,False,False,True,False,1,True,3,True,1,True,0,False,1,True,3,True,unrelated,primary,primary,primary,secondary,unrelated,unrelated
5ZF83O,"Tables des sinus, tangentes & secantes, selon le raid de 100000 parties. Avec la trigonometrie tant plane que spheriques. Contenant succicntement plusieurs operations",1627,The Hague,FRENCH,Albert Girard,Jacob Elzevier,Trigonometry,,Theoretical Mathematics,unrelated,unrelated,unrelated,unrelated,unrelated,unrelated,unrelated,unrelated,unrelated,unrelated,unrelated,unrelated,unrelated,unrelated,unrelated,unrelated,unrelated,unrelated,unknown,primary,,,,,,,,,,,,,,,,,,,,,,,False,False,False,False,False,False,False,False,False,False,False,False,False,False,False,False,False,False,False,False,False,False,0,False,0,False,0,False,0,False,0,False,0,False,unrelated,primary,unrelated,unrelated,unrelated,unrelated,unrelated
612FNN,Le due regole della prospettiva pratica di m. Iacomo Barozzi da Vignola con i commentarii del reverendo padre maestro Egnatio Danti dell'Ordine de predicatori matematico dello studio di Bologna,1583,Rome,ITALIAN,"Giacomo Barozzi da Vignola, Egnazio Danti",Francesco Zanetti,Perspective,,Practical Geometry,unrelated,unrelated,unrelated,unrelated,unrelated,unrelated,unrelated,unrelated,unrelated,unrelated,unrelated,unrelated,unrelated,unrelated,unrelated,primary,unknown,unrelated,unrelated,unrelated,,,,,,,M. D. LXXXIII,IACOMO BVONCOMPAGNI Duca di Sora et d'Arce Signor d'Arpino Marchese di Vignola Cap. Gen. degl' huomini d'arme del Re Catt,,,,dell'ordine de Predicatori Matematico dello Studio di Bologna,Egnatio Danti,R.P.M,,Con i comentarij del R.P.M,ordine de Predicatori | Studio di Bologna,IN ROMA,,,Francesco Zannetti,,False,False,False,False,False,False,True,True,False,False,False,True,True,True,False,True,True,True,False,False,True,False,0,False,5,True,0,False,1,True,2,True,3,True,unrelated,unknown,primary,unrelated,unrelated,unrelated,unrelated
66HH5T,"Pratique nouvelle et universelle de la perspective sur les seules parties égales du compas de proportion, sans y adjouster aucune ligne d'optique",1640,Paris,FRENCH,Henri Guenon,Henri Guenon,Instrument Use | Perspective,,,unrelated,unrelated,unrelated,unrelated,unrelated,unrelated,unrelated,unrelated,unrelated,unrelated,primary,unrelated,unrelated,unrelated,unrelated,primary,unrelated,unrelated,unrelated,unrelated,,,,,,,,,,,,,,,,,,,,,,,False,False,False,False,False,False,False,False,False,False,False,False,False,False,False,False,False,False,False,False,False,False,0,False,0,False,0,False,0,False,0,False,0,False,unrelated,unrelated,primary,primary,unrelated,unrelated,unrelated
6AMYTJ,Le troysiesme livre de l'arithmetique ,1557,Paris,FRENCH,Pierre Forcadel,"Benoît Prévost, Guillaume Cavellat",Arithmetic,Theoretical Mathematics,,unrelated,primary,unrelated,unrelated,unrelated,unrelated,unrelated,unrelated,unrelated,unrelated,unrelated,unrelated,unrelated,unrelated,unrelated,unrelated,unrelated,unrelated,secondary,unrelated,,,TROYSIESME LI- VRE DE L'ARITHMETIQVE,,,"AVQVEL SONT TRAICTEES LES DE- monstrations de toutes les sortes de racines, auecques l'entiere pra- ctique de l'extraction d'icelles, ensemble plusieurs questions, reigles, & demonstrations Mathematiques, auecques le propre subiect de l'Algebre",1557 | 1558,,,,,,P. FORCADEL DE BEZIERS,,,,,"A PARIS | Chez Guillaume Cauellat, à l'enseigne de la Poulle grasse, deuant le college de Cambray | Paris | Chez Guillaume Cauellat, à l'enseigne de la Poulle grasse, deuant le college de Cambray",,,Guillaume Cauellat,,False,False,True,False,False,True,True,False,False,False,False,False,True,False,False,False,False,True,False,False,True,False,1,True,1,True,0,False,0,False,0,False,3,True,primary,secondary,unrelated,unrelated,unrelated,unrelated,unrelated
6MOFBH,Duo Libri: Prior De Perspectiva. Cum & Praeter Arithmeticam inventa Posterior! De Umbra ad Eam pertinente,1671,Nuremberg,LATIN,Andreas Albrecht,Paul Fürst,Perspective,,Arithmetic,unrelated,unknown,unrelated,unrelated,unrelated,unrelated,unrelated,unrelated,unrelated,unrelated,unrelated,unrelated,unrelated,unrelated,unrelated,primary,unrelated,unrelated,unrelated,unrelated,inventa,,DE PERSPECTIVA | De UMBRA ad Eam pertinente,De UMBRA ad Eam pertinente,De UMBRA,Cum & Praeter Arithmeticam inventa | ad Eam pertinente,,,,,,,,,,,Paulu Fürstii,,,,,,True,False,True,True,True,True,False,False,False,False,False,False,False,False,False,False,True,False,False,False,False,False,1,True,1,True,1,True,2,True,1,True,0,False,unknown,unrelated,primary,unrelated,unrelated,unrelated,unrelated
6PMNRZ,Arithmetica theoricen praxinque luculenter complexa,1526,Paris,LATIN,"Juan Martínez Silíceo, Thomas Blaurer",Simon de Colines,Arithmetic | Commercial Mathematics,,,unrelated,primary,unrelated,unrelated,primary,unrelated,unrelated,unrelated,unrelated,unrelated,unrelated,unrelated,unrelated,unrelated,unrelated,unrelated,unrelated,unrelated,unrelated,unrelated,vindicata,,,,,,1526,,,,te collatio huius æditionis cum priore palam doctura est,,CA IOANNIS MARTINI Silicei,Thoma Rhæto,,,,PARISIIS,,,Apud Simonem Colinaeum,,True,False,False,False,False,False,True,False,False,False,True,False,True,True,False,False,False,True,False,False,True,False,0,False,2,True,2,True,0,False,0,False,3,True,primary,unrelated,unrelated,unrelated,unrelated,unrelated,unrelated
6X6R6Y,Der furnembsten notwendigsten der gantzen Architectur angehoerigen mathemathischen und mechanischen kuenst,1547,Nuremberg,GERMAN,Walther Hermann Ryff,Johann Petreius,Architecture | Construction | Perspective | Practical Geometry,Instrument Use | Military Engineering,,primary,unrelated,unrelated,unrelated,unrelated,primary,unrelated,unrelated,unrelated,unrelated,secondary,unrelated,secondary,unrelated,unrelated,primary,primary,unrelated,unrelated,unrelated,abgetheilet,Allen Künstlichen Handtwerckern / Werckmeistern / Steinmetzen / Bawmeistern / Zeug oder Büxenmeiste- ren / Maleren / Bildhaweren / Goldschmiden / Schreineren,,Der newen Perspectiua das .1. buch | Weiteren inhalt des II. vnd III. Buchs der Geometrischen Büxenmei- sterey / vnd Geometrischen Messung,Perspectiua | Geometrischen Büxenmei- sterey | Geometrischen Messung,,,,,,,Medi. & Math,Gualtherum H. Riuium,Vitruuij,,Mit ge- trewer vnterweisung | Mit sonderlicher abtheilung,,,,Mit Keiserlicher vnd Königlicher Maiest. Priuilegio / in vi,,,True,True,False,True,True,False,False,False,False,False,False,True,True,True,False,True,False,False,False,True,False,False,0,False,3,True,1,True,3,True,1,True,1,True,unrelated,primary,primary,secondary,unrelated,secondary,unrelated
6XTAVU,Elements of Geometry,1760,London,ENGLISH,Thomas Simpson,J. Nourse,Practical Geometry | Theoretical Mathematics,,,unrelated,unrelated,unrelated,unrelated,unrelated,unrelated,unrelated,unrelated,unrelated,unrelated,unrelated,unrelated,unrelated,unrelated,unrelated,unrelated,primary,unrelated,primary,unrelated,ALTERATIONS | ADDITIONS,,ELEMENTS OF GEOMETRY,,,"WITH THEIR Application to the Mensuration of SUPERFICIES and SOLIDS, TO THE Determination of the MAXIMA and MINIMA of Geometrical Quantities, AND TO THE Construction of a great Variety of GEOMETRICAL PROBLEMS",M.DCC.LX,,,,"The SECOND EDITION, With large ALTERATIONS and ADDITIONS",F.R.S | Member of the Royal Academy of Sciences at STOCKHOLM,THOMAS SIMPSON,,ELEMENTS OF GEOMETRY,,Royal Academy of Sciences at STOCKHOLM,LONDON | the Lamb opposite Katherine- Street in the Strand,,,J. NOURSE,,True,False,True,False,False,True,True,False,False,False,True,True,True,False,True,False,True,True,False,False,True,False,2,True,3,True,2,True,0,False,1,True,3,True,unrelated,primary,unrelated,unrelated,unrelated,unrelated,unrelated
70Q8M8,Breve compendium artis geometrie,1495,Paris,LATIN,"Thomas Bradwardine, Pedro Ciruelo",Guy Marchant,,,,unrelated,unrelated,unrelated,unrelated,unrelated,unrelated,unrelated,unrelated,unrelated,unrelated,unrelated,unrelated,unrelated,unrelated,unrelated,unrelated,unrelated,unrelated,unrelated,unrelated,,,,,,,,,,,,,,,,,,,,,,,False,False,False,False,False,False,False,False,False,False,False,False,False,False,False,False,False,False,False,False,False,False,0,False,0,False,0,False,0,False,0,False,0,False,unrelated,unrelated,unrelated,unrelated,unrelated,unrelated,unrelated
77RUJE,"Perspective contenant la theorie, et practique, d'icelle",1614,The Hague,LATIN,Samuel Marolois,Henricus Hondius,Perspective,,,unrelated,unrelated,unrelated,unrelated,unrelated,unrelated,unrelated,unrelated,unrelated,unrelated,unrelated,unrelated,unrelated,unrelated,unrelated,primary,unrelated,unrelated,unrelated,unrelated,,,,,,,,,,,,,,,,,,,,,,,False,False,False,False,False,False,False,False,False,False,False,False,False,False,False,False,False,False,False,False,False,False,0,False,0,False,0,False,0,False,0,False,0,False,unrelated,unrelated,primary,unrelated,unrelated,unrelated,unrelated
8DP4C1,I primi sei libri de gl’Elementi d’Euclide ridotti alla Prattica,1613,Bologna,ITALIAN,Pietro Antonio Cataldi,Bartolomeo Cochi,Practical Geometry,,,unrelated,unrelated,unrelated,unrelated,unrelated,unrelated,unrelated,unrelated,unrelated,unrelated,unrelated,unrelated,unrelated,unrelated,unrelated,unrelated,primary,unrelated,unrelated,unrelated,ridotti,,I primi sei libri de gl’Elementi d’Euclide,,,,,,,,,,,,I primi sei libri de gl’Elementi d’Euclide,,,,,,,Euclide,True,False,True,False,False,False,False,False,False,False,False,False,False,False,True,False,False,False,False,False,False,True,3,True,1,True,1,True,0,False,0,False,0,False,unrelated,primary,unrelated,unrelated,unrelated,unrelated,unrelated
93LJS8,"Lo Inganno de gl'occhi, prospettiva pratica. Trattato in acconcio della pittura",1625,Firenze,ITALIAN,Pietro Accolti,Pietro Cecconcelli,Perspective,,,unrelated,unrelated,unrelated,unrelated,unrelated,unrelated,unrelated,unrelated,unrelated,unrelated,unrelated,unrelated,unrelated,unrelated,unrelated,primary,unrelated,unrelated,unrelated,unrelated,,,,,,,M D C . X X V,,,,,GENTILHVOMO FIORENTINO,PIETRO ACCOLTI,,,,Toscana Accademia del Disegno,FIRENZE,,,Appresso Pietro Cecconcelli,,False,False,False,False,False,False,True,False,False,False,False,True,True,False,False,False,True,True,False,False,True,False,0,False,3,True,0,False,0,False,1,True,3,True,unrelated,unrelated,primary,unrelated,unrelated,unrelated,unrelated
93PZQ5,De artificiali perspectiva. Viator,1505,Toul,"LATIN, FRENCH",Jean Pélerin,Pierre Jacobi,Perspective,,,unrelated,unrelated,unrelated,unrelated,unrelated,unrelated,unrelated,unrelated,unrelated,unrelated,unrelated,unrelated,unrelated,unrelated,unrelated,primary,unrelated,unrelated,unrelated,unrelated,,,,,,,,,,,,,Viator,,,,,,,,,,False,False,False,False,False,False,False,False,False,False,False,False,True,False,False,False,False,False,False,False,False,False,0,False,1,True,0,False,0,False,0,False,0,False,unrelated,unrelated,primary,unrelated,unrelated,unrelated,unrelated
99CARP,"P. R. Joannis Francisci Niceronis, Thaumaturgus opticus, seu Admiranda optices, per radium directum: catoptrices, per reflexum dioptrices, per refractum in diaphanis pars prima de iis quae spectant ad visionem directam",1646,Paris,LATIN,Jean François Niceron,François Langlois,Perspective,Architecture | Practical Geometry,Instrument Use | Trigonometry,secondary,unrelated,unrelated,unrelated,unrelated,unrelated,unrelated,unrelated,unrelated,unrelated,unknown,unrelated,unrelated,unrelated,unrelated,primary,secondary,unrelated,unrelated,unknown,,"Pictoribus, Architectis, Statuariis, Sculptoribus, Caelatoribus, & qui- buscumque aliis",,,,,M. DC. XLVI,EMINENTISS. CARDINALEM MAZARINVM,,,,"PARISINI, EX ORD. MINIM",IOANNIS FRANCISCI NICERONIS,,,,ORD. MINIM,viâ Iacobaeâ sub Insigni Columnarum Herculis,,,"Typis & formis FRANCISCI LANGLOIS, aliàs dicti CHARTRES",,False,True,False,False,False,False,True,True,False,False,False,True,True,False,False,False,True,True,False,False,True,False,0,False,4,True,0,False,0,False,3,True,3,True,unrelated,secondary,primary,unknown,unrelated,unrelated,unrelated
9D1KT8,"Pratica d'arithmetica, e geometrica",1682,Siena,ITALIAN,Lorenzo Forestani,Giorgio Varisco,Arithmetic | Practical Geometry,,,unrelated,primary,unrelated,unrelated,unrelated,unrelated,unrelated,unrelated,unrelated,unrelated,unrelated,unrelated,unrelated,unrelated,unrelated,unrelated,primary,unrelated,unrelated,unrelated,Ristampata | Ricorretta,,"Pratica d'arithmetica, e geometria",,,,MDCLXXXII,,,,Di nuouo Ristampata | con somma diligenza Ricorretta,da Pescia de'Minori Conuentuali di S: Francesco,P. Lorenzo Forestani,,,,S: Francesco,Siena,,,"Ad ifanza degl'Heredi di Filippo Succhielli, e de'Fantini di Siena",,True,False,True,False,False,False,True,False,False,False,True,True,True,False,False,False,True,True,False,False,True,False,1,True,3,True,2,True,0,False,1,True,3,True,primary,primary,unrelated,unrelated,unrelated,unrelated,unrelated
9TXK4F,"La Perspective, Avec La Raison des ombres et miroirs , Par Salomon De Caus Ingenieur du Serenißime Prince de Galles, Dedie a son Altesse",1612,Frankfurt,FRENCH,"Salomon, de Caus",John Norton,Perspective,,,unrelated,unrelated,unrelated,unrelated,unrelated,unrelated,unrelated,unrelated,unrelated,unrelated,unrelated,unrelated,unrelated,unrelated,unrelated,primary,unrelated,unrelated,unrelated,unrelated,,,,,,,,son Altesse,,aux langues estrangeres,,Ingenieur du Serennissime Prince de Galles,SALOMON DE CAVS,,,,,,,,,,False,False,False,False,False,False,False,True,False,True,False,True,True,False,False,False,False,False,False,False,False,False,0,False,3,True,1,True,0,False,1,True,0,False,unrelated,unrelated,primary,unrelated,unrelated,unrelated,unrelated
ABSZLW,"Beschreibung eines sehr leichten Perspectiv und Grundreissenden Instruments auff einem Stande: Auff Joh. Faulhabers, Ingenieurs zu Ulm, weitere Continuation seines mathematischen Kunstspiegels geordnet",1630,Amsterdam,GERMAN,Benjamin Bramer,Johan Janson,Perspective,,Instrument Construction | Instrument Use | Practical Geometry,unrelated,unrelated,unrelated,unrelated,unrelated,unrelated,unrelated,unrelated,unrelated,unknown,unknown,unrelated,unrelated,unrelated,unrelated,primary,unknown,unrelated,unrelated,unrelated,beschrieben | erzehlet | geziert,,,,,,M. DC. XXX,,,,,,,,,vielen Kupfferstücken | einem noht-wendigen Register,,Amsterdam,,,Johan Janson,,True,False,False,False,False,False,True,False,False,False,False,False,False,False,False,True,False,True,False,False,True,False,0,False,0,False,1,True,1,True,0,False,3,True,unrelated,unknown,primary,unknown,unrelated,unrelated,unrelated
AVXGNJ,"Ingenieurs Schul, ... Teil , Durch: Johann Faulhabern Ingenieurn und Burgern zu Ulm, [et]c. Teil: 4: Von Fortificatione Practica Offensiva Et Defensiva",1633,Ulm,GERMAN,Johannes Faulhaber,Jonas Saur,Construction | Military Engineering,Instrument Use,,unrelated,unrelated,unrelated,unrelated,unrelated,primary,unrelated,unrelated,unrelated,unrelated,secondary,unrelated,primary,unrelated,unrelated,unrelated,unrelated,unrelated,unrelated,unrelated,Getruckt,Allen Liebhabern der Mathematischen Kün- sten | Ingenieurn vnd Burgern zu Vlm,,,,,,Johann Faulhabern,,,,,,,,,Der Ingenieurs Schul,,,,,,True,True,False,False,False,False,False,True,False,False,False,False,False,False,False,False,True,False,False,False,False,False,0,False,2,True,1,True,0,False,3,True,0,False,unrelated,unrelated,primary,secondary,unrelated,primary,unrelated
AWKSO4,"La perspective practique necessaire a tous peintres, graveurs, sculpteurs, architectes, orfeures, brodeurs, tapissiers, et autres se servans du dessein",1642,Paris,FRENCH,Jean Du Breuil,Melchior Tavernier,Perspective,Architecture,,secondary,unrelated,unrelated,unrelated,unrelated,unrelated,unrelated,unrelated,unrelated,unrelated,unrelated,unrelated,unrelated,unrelated,unrelated,primary,unrelated,unrelated,unrelated,unrelated,,"PEINTRES, GRAVEVRS, SCVLPTEVRS, ARCHITECTES, ORFEVRES, BRODEVRS, TAPISSIERS, & autres se seruans du Dessein",,,,,M. DC. XLII,,,,,Religieux de la Compagnie de IESVS,,,,,Compagnie de IESVS,"PARIS | sur le Quay qui regarde la Megisserie, à la Sphere Royale | en la ruë S. Iaques aux Colomnes d'Hercules proche le Lion d'Argent",,,"Chez MELCHIOR TAVERNIER, Hydrographe, Graueur, & Imprimeur du Roy, pour les Cartes Geographiques, & autres Tailles-douces | Chez FRANÇOIS L'ANGLOIS, dit CHARTRES",,False,True,False,False,False,False,True,False,False,False,False,True,False,False,False,False,True,True,False,False,True,False,0,False,2,True,0,False,0,False,2,True,3,True,unrelated,unrelated,primary,unrelated,unrelated,unrelated,unrelated
Alcala_1637,,1637,Alcala,"DUTCH, LATIN",Luis Carducci,,,,,unrelated,unrelated,unrelated,unrelated,unrelated,unrelated,unrelated,unrelated,unrelated,unrelated,unrelated,unrelated,unrelated,unrelated,unrelated,unrelated,unrelated,unrelated,unrelated,unrelated,Traducido | comentado,,ELEMENTOS GEOMETRICOS DE EVCLIDES,,,PHILO-SOPHO MEGARENSE SVS SEYS PRIMEROS LIBROS,1637,AL EXmo Sr D. GASPAR DE GVZMAN CONDE DE OLIBARES DVCq DE S. LVCAR LA MAYOR CAMARERO Y CABALLERICO MAYOR DE SV MAG,,,,Mathematico de su Magestad,LVIS CARDVCHI,,ELEMENTOS GEOMETRICOS DE EVCLIDES,,,ALCALA,,,ANTONo DVPLASTe,EVCLIDES,True,False,True,False,False,True,True,True,False,False,False,True,True,False,True,False,False,True,False,False,True,True,3,True,4,True,1,True,0,False,1,True,3,True,unrelated,unrelated,unrelated,unrelated,unrelated,unrelated,unrelated
Amsterdam_1616,,1616,Amsterdam,DUTCH,Jan Pietersz Dou,Willem Iansz.,Practical Geometry | Theoretical Mathematics,,,unrelated,unrelated,unrelated,unrelated,unrelated,unrelated,unrelated,unrelated,unrelated,unrelated,unrelated,unrelated,unrelated,unrelated,unrelated,unrelated,primary,unrelated,primary,unrelated,ghevoecht | Overgeset | verclaert | uytgeleyt | oversien | verbetert | vermeerdert,"van alle leergierighe, liefhebbers der selver vryer Conste",De ses eerste Boucken EVCLIDIS,,,Van de beginselen ende fondamenten der Geometrie,1616,,,,"Van nieus oversien, ende verbetert",der stadt Leyden Landtmeter ende Wijnroeyer,IAN PIETERSZOON DOV,,De ses eerste Boucken EVCLIDIS,"eenighe nut-ticheden, uyt de selve Boecken ghetrocken | Specien in Geometrische figueren | bygevouchde nutticheden mette spetien in Geometrische figueren",,AMSTERDAM,,,"Willem Iansz. op’t Water, in de vergulde Sonnewijser",EVCLIDIS,True,True,True,False,False,True,True,False,False,False,True,True,True,False,True,True,False,True,False,False,True,True,3,True,3,True,2,True,1,True,1,True,3,True,unrelated,primary,unrelated,unrelated,unrelated,unrelated,unrelated
Amsterdam_1618,,1618,Amsterdam,GERMAN,"Jan Pietersz Dou, Sebastian Curtius",Wilhelm Janss,,Practical Geometry,,unrelated,unrelated,unrelated,unrelated,unrelated,unrelated,unrelated,unrelated,unrelated,unrelated,unrelated,unrelated,unrelated,unrelated,unrelated,unrelated,secondary,unrelated,unrelated,unrelated,angefüget | verteutscht,,Die sechs ersten Bücher EVCLIDIS,,,Von den anfängen vnd fundamenten der Geometriæ,1618,,"Desz höchgelärten weit-berümbten, Griechischen Philosophi und Mathematici",,Niderlandischen andern Edition,,Sebastianum Curtium,H. Ioann Petersz Dou,Die sechs ersten Bücher EVCLIDIS,"angefüget seind: sampt den Speciebus inn Geometrischen figurn, als machen, verändern, zusammenfügen, abziehen, vielfältigen vnnd theilen | Per Demonstra-tiones Lineales",Teütschen Schuln in Nurnberg,Amsterdam,Niderlandischen | Griechischen,,Wilhelm Janss,EVCLIDIS,True,False,True,False,False,True,True,False,True,False,True,False,True,True,True,True,True,True,True,False,True,True,4,True,5,True,3,True,1,True,1,True,3,True,unrelated,secondary,unrelated,unrelated,unrelated,unrelated,unrelated
Amsterdam_1626,,1626,Amsterdam,DUTCH,Jan Pietersz Dou,Willem Iansz. Blaeuw,,Practical Geometry,,unrelated,unrelated,unrelated,unrelated,unrelated,unrelated,unrelated,unrelated,unrelated,unrelated,unrelated,unrelated,unrelated,unrelated,unrelated,unrelated,secondary,unrelated,unrelated,unrelated,ghevoecht | Overgheset | verclaert | uytgheleyt | over-sien | verbetert | vermeerdert,alle leergierighe liefhebbers der selver vryer Conste,De ses eerste Boecken EVCLIDIS,,,Van de beginselen ende fondamenten der Geometrie,1626,,,,"Van nieus over-sien, ende verbetert",der stadt Leyden Landtmeter ende Wijnroeyer,IAN PIETERSZOON DOV,,De ses eerste Boecken EVCLIDIS,"Waer by ghevoecht zijn eenighe nut-ticheden, uyt de selve Boecken ghetrocken; Mitsgaders de Specien in Geometrische figueren, als ’tmaken, veranderen, t’samen-voeghen, af-trecken, vermenichvuldighen, ende deelen | Mitsgaders de byghevoechde nutticheden, mette specien in Geometrische figueren breeder verclaert ende vermeerdert deur den selven Autheur",,"AMSTERDAM | op’t Water, in de vergulde Sonnewijser",,,Willem Iansz. Blaeuw,EVCLIDIS,True,True,True,False,False,True,True,False,False,False,True,True,True,False,True,True,False,True,False,False,True,True,3,True,3,True,2,True,1,True,1,True,3,True,unrelated,secondary,unrelated,unrelated,unrelated,unrelated,unrelated
Amsterdam_1634,"Die sechs ersten Bücher Euclidis, Deß Hochgelährten weitberümbten, Griechischen Philosophi und Mathematici: Von den Anfängen und fundamenten der Geometriae : Dabey dann mancherley auß diesen Büchern gezogene Nutzbarkeiten angefüget seind: sampt den Specie",1634,Amsterdam,"GERMAN, LATIN","Jan Pietersz Dou, Sebastian Curtius",Ioann Iansz,Theoretical Mathematics,Practical Geometry,,unrelated,unrelated,unrelated,unrelated,unrelated,unrelated,unrelated,unrelated,unrelated,unrelated,unrelated,unrelated,unrelated,unrelated,unrelated,unrelated,secondary,unrelated,primary,unrelated,angefüget | verteutscht,,Die sechs ersten Bücher EVCLIDIS,,,Von den Anfängen vnd fundamenten der Geometriæ,1634,,"Dess hochgelährten weit-berümbten, Griechischen Philosophi vnd Mathematici",,Auss H. Ioann Petersz Dou Niderländischen andern Edition verteutscht,Arithmeticum & G. Verordneten Inspectorn vnd Visitatorn der Teuschen Schuln in Nürnberg,Sebastianum Curtium,H. Ioann Petersz,Die sechs ersten Bücher EVCLIDIS,Nutzbarkeiten angefüget | Speciebus in Geometrischen Figuren | Per Demonstra-tiones Lineales,der Teuschen Schuln in Nürnberg,Amsterdam,Niderländischen,,Ioann Iansz,EVCLIDIS,True,False,True,False,False,True,True,False,True,False,True,True,True,True,True,True,True,True,True,False,True,True,4,True,6,True,3,True,1,True,1,True,3,True,unrelated,primary,unrelated,unrelated,unrelated,unrelated,unrelated
Amsterdam_1652,,1652,Amsterdam,LATIN,Marcus Meibom,Ludovicum Elzevirium,Music Theory,Theoretical Mathematics,,unrelated,unrelated,unrelated,unrelated,unrelated,unrelated,unrelated,unrelated,unrelated,unrelated,unrelated,unrelated,unrelated,primary,unrelated,unrelated,unrelated,unrelated,secondary,unrelated,Restiuit | explicavit,,,,,,M DC LII,,,GRÆCE | LATINE,,,MARCVS MEIBOMIVS,,,Notis,,AMSTELODAMI,GRÆCE | LATINE,,Apud Ludovicum Elzevirium,,True,False,False,False,False,False,True,False,False,True,False,False,True,False,False,True,False,True,True,False,True,False,0,False,1,True,3,True,1,True,0,False,3,True,unrelated,secondary,unrelated,unrelated,unrelated,unrelated,primary
Amsterdam_1660,,1660,Amsterdam,DUTCH,Jacob Willemsz,Jan van Ravesteyn,Theoretical Mathematics,,,unrelated,unrelated,unrelated,unrelated,unrelated,unrelated,unrelated,unrelated,unrelated,unrelated,unrelated,unrelated,unrelated,unrelated,unrelated,unrelated,unrelated,unrelated,primary,unrelated,vertaald,,EUKLIDES SES EERSTE BOEKKEN,,,Van de Beginselen der WISKONSTEN,1660,,,Neerduyts,,van Haerlem,JACOB WILLEMSZ. VERROOTEN,,EUKLIDES SES EERSTE BOEKKEN,,,t’AMSTELDAM,,,"JOANNES van RAVESTEYN, Boekverkooper en Ordinaris Drukker deser Stede",EUKLIDES,True,False,True,False,False,True,True,False,False,True,False,True,True,False,True,False,False,True,False,False,True,True,3,True,3,True,2,True,0,False,0,False,3,True,unrelated,primary,unrelated,unrelated,unrelated,unrelated,unrelated
Amsterdam_1660a,,1660,Amsterdam,LATIN,Gerrit Janszoon Vos,Jan Blaeu,Theoretical Mathematics,,,unrelated,unrelated,unrelated,unrelated,unrelated,unrelated,unrelated,unrelated,unrelated,unrelated,unrelated,unrelated,unrelated,unrelated,unrelated,unrelated,unrelated,unrelated,primary,unrelated,subjungitur,,DE UNIVERSAE MATHESIOS NATURA & CONSTITUTIONE LIBER,CHRONOLOGIA MATHEMATICORUM,CHRONOLOGIA MATHEMATICORUM,,MDC LX,,,,,,,,,,,AMSTELÆDAMI,,,Ex Typographeio IOANNIS BLAEV,,True,False,True,True,True,False,True,False,False,False,False,False,False,False,False,False,False,True,False,False,True,False,1,True,0,False,1,True,2,True,0,False,3,True,unrelated,primary,unrelated,unrelated,unrelated,unrelated,unrelated
Amsterdam_1662,,1662,Amsterdam,DUTCH,Frans van Schooten,Iacob van Leest,Theoretical Mathematics,,,unrelated,unrelated,unrelated,unrelated,unrelated,unrelated,unrelated,unrelated,unrelated,unrelated,unrelated,unrelated,unrelated,unrelated,unrelated,unrelated,unrelated,unrelated,primary,unrelated,Overgeset | Vertaelt | vergroot | verrijckt,,De 15 Boecken der ELEMENTEN Van Euclidis,het sesthiende Boeck van Christophoro Clavio,sesthiende Boeck,Met korte verk-laringen eeniger Propositien,1662,,,,En nu vergroot deor J. V. L,in sijn leven Professer Matheseos der Hooge Schoole tot Leyden,FRANS VAN SCHOTEN,Christophoro Clavio,De 15 Boecken der ELEMENTEN Van Euclidis,Met korte verk-laringen eeniger Propositien | een Aenhanghsel der Fondamenten vande Mathematische Namen ende Coracteren,Hooge Schoole tot Leyden,t’AMSTERDAM,Latijn,,"Iacob van Leest, op ’t Water in de Blaeuwe Kroon",Euclidis,True,False,True,True,True,True,True,False,False,False,True,True,True,True,True,True,True,True,True,False,True,True,3,True,5,True,3,True,3,True,1,True,3,True,unrelated,primary,unrelated,unrelated,unrelated,unrelated,unrelated
Amsterdam_1672,,1672,Amsterdam,DUTCH,Georg Mohr,,Instrument Use | Practical Geometry,Gnomonics & Horology | Perspective,,unrelated,unrelated,unrelated,unrelated,unrelated,unrelated,unrelated,unrelated,secondary,unrelated,primary,unrelated,unrelated,unrelated,unrelated,secondary,primary,unrelated,unrelated,unrelated,Voorgesteld,,de ses eerste Boecken Euclidis,"Geeft aanleyding om verscheyde Werckstucken te maecken, als van Snijding, Raecking, Deeling, Perspectie en Sonnewijssers",aanleyding om verscheyde Werckstucken te maecken,Handeldt van de Meetkonstige Werckstucken,1672,,EUCLIDES DANICUS,,,,GEORG MOHR,,de ses eerste Boecken Euclidis,Alleenigh met een Passer te wercken (sonder Rye ofte Liniael te gebruycken) door Snijding van Roeden,,t AMSTERDAM,,,Jacob van Velsen,EUCLIDES DANICUS | Euclidis,True,False,True,True,True,True,True,False,True,False,False,False,True,False,True,True,False,True,False,False,True,True,4,True,3,True,1,True,3,True,0,False,3,True,unrelated,primary,secondary,primary,unrelated,unrelated,unrelated
Amsterdam_1683,,1683,Amsterdam,LATIN,André Tacquet,Henricum Wetstenium,Theoretical Mathematics,,Mechanics,unrelated,unrelated,unrelated,unrelated,unrelated,unrelated,unrelated,unrelated,unrelated,unrelated,unrelated,unknown,unrelated,unrelated,unrelated,unrelated,unrelated,unrelated,primary,unrelated,accedunt,,ELEMENTA GEOMETRIÆ PLANÆ AC SOLIDÆ,selecta EX ARCHIMEDE THEOREMATA,EX ARCHIMEDE THEOREMATA,,M DC LXXXIII,,,,EDITIO NOVA,SOC. JESU Sacerdote & Matheseos Professore,AN-DREA TACQUET,ARCHIMEDE,ELEMENTA GEOMETRIÆ PLANÆ AC SOLIDÆ,selecta EX ARCHIMEDE THEOREMATA,SOC. JESU,AMSTELÆDAMI,,,HENRICUM WETSTENIUM,,True,False,True,True,True,False,True,False,False,False,True,True,True,True,True,True,True,True,False,False,True,False,2,True,4,True,2,True,3,True,1,True,3,True,unrelated,primary,unrelated,unrelated,unrelated,unknown,unrelated
Amsterdam_1695,,1695,Amsterdam,DUTCH,Claas Janszen Vooght,Johannes van Keulen,Theoretical Mathematics,,Navigation,unrelated,unrelated,unrelated,unrelated,unrelated,unrelated,unrelated,unrelated,unrelated,unrelated,unrelated,unrelated,unrelated,unrelated,unknown,unrelated,unrelated,unrelated,primary,unrelated,Vervaat | opgesteld,,EUCLIDIS BEGINSELEN der MEETKONST,16 Boek Fr. Flussatis Candallæ,16 Boek Fr. Flussatis Candallæ,"Begrijpende de Beginselen, op dewelke de gantsche Wiskonst rust, Daarom ook te recht genaamt BEGINSELEN DER WISKONST",1695,,,nederduytse,Vervaat in 15 Boeken,"Geometra, Geswooren Landmeeter en Leermeester, in de Wiskonst, als Stuurmanskonst enz",CLAAS JANSZ,,EUCLIDIS BEGINSELEN der MEETKONST,"Begrijpende de Beginselen, op dewelke de gantsche Wiskonst rust",,t’AMSTERDAM,,,"JOHANNES van KEULEN, Boek-en-Kaart verkoper | de Nieuwe-Brugh, in de gekroonde Lootsman",EUCLIDIS,True,False,True,True,True,True,True,False,False,True,True,True,True,False,True,True,False,True,False,False,True,True,3,True,3,True,3,True,3,True,0,False,3,True,unrelated,primary,unrelated,unrelated,unknown,unrelated,unrelated
Amsterdam_1697,,1697,Amsterdam,FRENCH,Jacques Ozanam,George Gallet,Arithmetic | Theoretical Mathematics | Trigonometry,,,unrelated,primary,unrelated,unrelated,unrelated,unrelated,unrelated,unrelated,unrelated,unrelated,unrelated,unrelated,unrelated,unrelated,unrelated,unrelated,unrelated,unrelated,primary,primary,REVUE | CORRIGÉE,un homme de Guerre | tous ceux qui se veulent perfectionner dans cette Science,,,,,M. DC. XCVII,,,,NOUVELLE EDITION REVUE ET CORRIGÉE,Professeur des Mathematiques,M. OZANAM,,,,,AMSTERDAM,,,GEORGE GALLET,,True,True,False,False,False,False,True,False,False,False,True,True,True,False,False,False,False,True,False,False,True,False,0,False,2,True,2,True,0,False,1,True,3,True,primary,primary,unrelated,unrelated,unrelated,unrelated,unrelated
Amsterdam_1700,,1700,Amsterdam,FRENCH,Claude-François Milliet Dechales,Estienne Roger,Theoretical Mathematics,,,unrelated,unrelated,unrelated,unrelated,unrelated,unrelated,unrelated,unrelated,unrelated,unrelated,unrelated,unrelated,unrelated,unrelated,unrelated,unrelated,unrelated,unrelated,primary,unrelated,EXPLIQUEZ | Reveuë | corrigée,,LES ELEMENS D’EUCLIDE,,,EXPLIQUEZ D’UNE MANIERE nouvelle & tres-facile | AVEC L’USAGE DE CHAQUE Proposition pour toutes les parties des Mathematiques,DCC,,,,NOUVELLE EDITION | Reveuë & corrigée,P,CLAUDE FRANÇOIS MILLET DECHALLES,,LES ELEMENS D’EUCLIDE,,Compagnie de JESUS,AMSTERDAM,,,"Aux dépens D’ESTIENNE ROGER, Marchand Libraire chez qui l’on trouve toute sorte de Musique",EUCLIDE,True,False,True,False,False,True,True,False,False,False,True,True,True,False,True,False,True,True,False,False,True,True,3,True,4,True,2,True,0,False,1,True,3,True,unrelated,primary,unrelated,unrelated,unrelated,unrelated,unrelated
Amsterdam_1700b,,1700,Amsterdam,DUTCH,Jan Pietersz Dou,Hendrik Boterenbrood,Theoretical Mathematics,Practical Geometry,,unrelated,unrelated,unrelated,unrelated,unrelated,unrelated,unrelated,unrelated,unrelated,unrelated,unrelated,unrelated,unrelated,unrelated,unrelated,unrelated,secondary,unrelated,primary,unrelated,by-gevoeght | Over-geset | verklaert | uyt-geleyt | oversien | verbetert | vermeerdert | by-gevoegde,van alle leer-gierige Liefhebbers der selver vrye Konste,De zes eerste Boecken EUCLIDIS,,,Van de beginselen ende fon-damenten der Geometrie,1700,,,,"Desen laetsten Druk, van nieuws oversien en verbetert",Lant-meter ende Wijn-roeyer der Stadt LEYDEN,JAN PIETERSZ. DOU,,De zes eerste Boecken EUCLIDIS,"by-gevoeght zijn eenige nuttigheden, uyt deselve Boecken getroken | Mitsgaders de Specien in Geometrische figuren, als ’t maken, veranderen, t’samen voegen, aftrecken, ver-meenighvuldigen, ende deelen | Mitsgaders de by-gevoegde nuttigheden, met de specien in Geometrische figuren breeder verklaert ende vermeerdert",,"t’AMSTERDAM | Boek-verkooper op ’t Water, recht over de Nieuwe Brugh, in de Delfsche Bybel",,,HENDRIK BOTERENB-ROOT,EUCLIDIS,True,True,True,False,False,True,True,False,False,False,True,True,True,False,True,True,False,True,False,False,True,True,3,True,3,True,2,True,1,True,1,True,3,True,unrelated,primary,unrelated,unrelated,unrelated,unrelated,unrelated
Amsterdam_1701,,1701,Amsterdam,DUTCH,Jan Pietersz Dou,Hendrik Boterenbrood,Practical Geometry | Theoretical Mathematics,,,unrelated,unrelated,unrelated,unrelated,unrelated,unrelated,unrelated,unrelated,unrelated,unrelated,unrelated,unrelated,unrelated,unrelated,unrelated,unrelated,primary,unrelated,primary,unrelated,by-gevoeght | by-gevoegde | Over-geset | verklaert | uyt-geleyt | oversien | verbeter t | vermeerdert,alle leer-gierige Liefhebbers der selver vrye Konste,De zes eerste Boecken EUCLIDIS,,,Van de beginselen ende fondamenten der Geometrie,1701,,,,"Desen laetsten Druk, van nieuws oversien en verbetert",Lant-meter ende Wijn-roeyer der Stadt LEYDEN,JAN PIETERSZ. DOU,,De zes eerste Boecken EUCLIDIS,"by-gevoeght zijn eenige nut-tigheden, uyt deselve Boecken getrocken: Mitsgaders de Specien in Geometrische figuren, als ’t maken, veranderen, t’samen voegen, aftrecken, vermeenighvuldigen, ende deelen | Over-geset, verklaert, ende uyt-geleyt tot vorderinge ende oeffeninge van alle leer-gierige Liefhebbers der selver vrye Konste | by-gevoegde nuttigheden, met de specien in Geometrische figuren breeder verklaert ende vermeerdert",,"t’AMSTERDAM | recht over de Nieuwe Brugh, in de Delfsche Bybel",,,"HENDRIK BOTERENB-ROOT, Boek-verkooper op ’t Water",EUCLIDIS,True,True,True,False,False,True,True,False,False,False,True,True,True,False,True,True,False,True,False,False,True,True,3,True,3,True,2,True,1,True,1,True,3,True,unrelated,primary,unrelated,unrelated,unrelated,unrelated,unrelated
Amsterdam_1701b,,1701,Amsterdam,LATIN,André Tacquet,Franciscus van der Plaats,Theoretical Mathematics,,,unrelated,unrelated,unrelated,unrelated,unrelated,unrelated,unrelated,unrelated,unrelated,unrelated,unrelated,unrelated,unrelated,unrelated,unrelated,unrelated,unrelated,unrelated,primary,unrelated,accedunt,,ELEMENTA GEOMETRIÆ PLANÆ AC SOLIDÆ,,,,MDCCI,,,,,SOC. JESU Sacerd. & Matheseos Professore,AN-DREA TACQUET,ARCHIMEDE,ELEMENTA GEOMETRIÆ PLANÆ AC SOLIDÆ,selecta EX ARCHIMEDE THEOREMATA,SOC. JESU,AMSTELÆDAMI,,,FRANCISCUM van der PLAATS,,True,False,True,False,False,False,True,False,False,False,False,True,True,True,True,True,True,True,False,False,True,False,2,True,4,True,1,True,1,True,1,True,3,True,unrelated,primary,unrelated,unrelated,unrelated,unrelated,unrelated
Amsterdam_1702,,1702,Amsterdam,DUTCH,Henrick Coets,Henrick en de Weduwe van Dirck Boom,Theoretical Mathematics,,,unrelated,unrelated,unrelated,unrelated,unrelated,unrelated,unrelated,unrelated,unrelated,unrelated,unrelated,unrelated,unrelated,unrelated,unrelated,unrelated,unrelated,unrelated,primary,unrelated,GEDEMONSTREERT,,DE SES EERSTE BOEKEN DER BEGINSELEN EUCLIDIS,,,,M. DCC. II,,,,,Lector in de MATHESIS tot LEYDEN,HENRICK COETS,,DE SES EERSTE BOEKEN DER BEGINSELEN EUCLIDIS,,,TOT AMSTERDAM,,,HENRICK en de Weduwe van DIRCK BOOM,EUCLIDIS,True,False,True,False,False,False,True,False,False,False,False,True,True,False,True,False,False,True,False,False,True,True,3,True,3,True,1,True,0,False,0,False,3,True,unrelated,primary,unrelated,unrelated,unrelated,unrelated,unrelated
Ansbach_1610,Die ersten sechs Bücher Elementorum Euclidis,1610,Ansbach,"GERMAN, LATIN",Simon Marius,Paulum Böhm,Practical Geometry | Theoretical Mathematics,Construction | Surveying,Arithmetic | Military Engineering,unrelated,unknown,unrelated,unrelated,unrelated,secondary,unrelated,unrelated,unrelated,unrelated,unrelated,unrelated,unknown,unrelated,unrelated,unrelated,primary,secondary,primary,unrelated,übergesetzet | erkläret,"jenigen, so sich der Geometria, im Rechnen, Kriegsswesen, Feldtmässen, Bauen, vnd andern Künsten vnnd Handtwerckern zugebrauchen haben",Die Ersten Sechs Bücher Elementorum EVCLIDIS,,,"In welchen die Anfäng vnd Gründe der Geometria ordenlich gelehret, vnd gründtlich erwiesen werden",M. D C X,"Hanss Philip Fuchss von Bimbach, zu Möhrn, Alten Rechenberg vnd Schwaningen, Obristen",,deutsche,,Franc. Fürstlichen Brandenb,SIMONEM MARIUM Guntzenhu-sanum,,Die Ersten Sechs Bücher Elementorum EVCLIDIS,mit verständtlichen Exempeln in Linien vnd gemeinen Rational Zahlen | Auch mit Newen Figuren,,Onoltzbach,Griechischer,,Paulum Böhem,EVCLIDIS,True,True,True,False,False,True,True,True,False,True,False,True,True,False,True,True,False,True,True,False,True,True,3,True,4,True,3,True,1,True,2,True,3,True,unknown,primary,secondary,secondary,unrelated,unknown,unrelated
Antwerp_1645,"Euclidis elementorum geometricorum libros tredecim Isidorum et Hypsiclem & recentiores de corporibus regularibus, & Procli propositiones geometricas",1645,Antwerp,LATIN,Claude Richard,Jérôme Verdussi,Theoretical Mathematics,,,unrelated,unrelated,unrelated,unrelated,unrelated,unrelated,unrelated,unrelated,unrelated,unrelated,unrelated,unrelated,unrelated,unrelated,unrelated,unrelated,unrelated,unrelated,primary,unrelated,illustrauit | locupletauit,,EVCLIDIS ELEMENTORVM GEOMETRICORVM LIBROS TREDECIM ISIDORVM,HYPSICLEM | Recentiores de Corporibus Regularibus | PROCLI PROPOSITIONES GEO-METRICAS,HYPSICLEM | Recentiores de Corporibus Regularibus | PROCLI PROPOSITIONES GEO-METRICAS,"Immissionemq´ ue duarum rectarum linearum continué proportionalium inter duas rectas, tàm secundùm Antiquos, quàm se-cundùm Recentiores Geometras, nouis vbique ferè demonstrationibus illustrauit, & multis definitionibus, axiomatibus, propositionibus, corollariis, & animaduersionibus, ad Geometriam rectè intelligen-dam necessariis, locupletauit",M. DC. XLV,PHILIPPO IIII. HISPANIARVM ET INDIARVM REGI CATHOLICO,,,,"E Societate IESV Sacerdos, patria Ornacensis in libero Comitatu Burgundiæ, & Regius Mathematicarum Professor",CLAVDIVS RICHARDVS,,EVCLIDIS ELEMENTORVM GEOMETRICORVM LIBROS TREDECIM ISIDORVM,"Immissionemq´ ue duarum rectarum linearum continué proportionalium inter duas rectas | nouis vbique ferè demonstrationibus | multis definitionibus, axiomatibus, propositionibus, corollariis, & animaduersionibus",Societate IESV,ANTVERPIÆ,,,Ex Oicina HIERONYMI VERDVSSII,EVCLIDIS,True,False,True,True,True,True,True,True,False,False,False,True,True,False,True,True,True,True,False,False,True,True,3,True,5,True,1,True,3,True,2,True,3,True,unrelated,primary,unrelated,unrelated,unrelated,unrelated,unrelated
Antwerp_1654,Elementa geometriae planae et solidae,1654,Antwerp,LATIN,André Tacquet,Jacob Meursius,Theoretical Mathematics,,,unrelated,unrelated,unrelated,unrelated,unrelated,unrelated,unrelated,unrelated,unrelated,unrelated,unrelated,unrelated,unrelated,unrelated,unrelated,unrelated,unrelated,unrelated,primary,unrelated,ACCEDVNT,Lectorem,ELEMENTA GEOMETRIÆ PLANÆ AC SOLIDÆ,,,,M. DC. LIV,,,,,SOCIETATIS IESV Sacerdote & Matheseos Professore,ANDREA TACQVET,,ELEMENTA GEOMETRIÆ PLANÆ AC SOLIDÆ,SELECTA EX ARCHIMEDE THEOREMATA,SOCIETATIS IESV,ANTVERPIÆ,,,Apud IACOBVM MEVRSIVM,,True,True,True,False,False,False,True,False,False,False,False,True,True,False,True,True,True,True,False,False,True,False,2,True,3,True,1,True,1,True,2,True,3,True,unrelated,primary,unrelated,unrelated,unrelated,unrelated,unrelated
Antwerp_1665,,1665,Antwerp,LATIN,André Tacquet,Jacob Meursius,Theoretical Mathematics,,Mechanics,unrelated,unrelated,unrelated,unrelated,unrelated,unrelated,unrelated,unrelated,unrelated,unrelated,unrelated,unknown,unrelated,unrelated,unrelated,unrelated,unrelated,unrelated,primary,unrelated,,ad Lectorem,ELEMENTA GEOMETRIÆ PLANÆ AC SOLIDÆ,QVIƲS ACCEDVNT SELECTA EX ARCHIMEDE THEOREMATA,EX ARCHIMEDE THEOREMATA,,M.DC.LXV,,,,EDITIO SECUNDA CORRECTIOR,SOCIETATIS IESV | Sacerdote & Matheseos Professore,ANDREA TACQVET,ARCHIMEDE,ELEMENTA GEOMETRIÆ PLANÆ AC SOLIDÆ,,SOCIETATIS IESV,ANTVERPIÆ,,,Apud IACOBVM MEVRSIVM,,False,True,True,True,True,False,True,False,False,False,True,True,True,True,True,False,True,True,False,False,True,False,2,True,4,True,1,True,2,True,2,True,3,True,unrelated,primary,unrelated,unrelated,unrelated,unknown,unrelated
Antwerp_1672,,1672,Antwerp,LATIN,André Tacquet,Jacob Meursius,Theoretical Mathematics,,,unrelated,unrelated,unrelated,unrelated,unrelated,unrelated,unrelated,unrelated,unrelated,unrelated,unrelated,unrelated,unrelated,unrelated,unrelated,unrelated,unrelated,unrelated,primary,unrelated,ACCEDVNT,Lectorem,ELEMENTA GEOMETRIÆ PLANÆ AC SOLIDÆ,SELECTA EX ARCHIMEDE THEOREMATA,SELECTA EX ARCHIMEDE THEOREMATA,,M. DC. LXXII,,,,EDITIO TERTIA CORRECTIOR,SOCIETATIS IESV Sacerdote & Matheseos Professore,ANDREA TACQVET,ARCHIMEDE,ELEMENTA GEOMETRIÆ PLANÆ AC SOLIDÆ,,SOCIETATIS IESV,"ANTVERPIÆ, Apud IACOBVM MEVRSIVM",,,IACOBVM MEVRSIVM,,True,True,True,True,True,False,True,False,False,False,True,True,True,True,True,False,True,True,False,False,True,False,2,True,4,True,2,True,2,True,2,True,3,True,unrelated,primary,unrelated,unrelated,unrelated,unrelated,unrelated
Arnhem_1603,In geometriam Euclidis prioribus sex elementorum libris comprehensam demonstratio linealis,1603,Arnhem,LATIN,Christoffer Dybvad,Johannes Jansz,Theoretical Mathematics,,,unrelated,unrelated,unrelated,unrelated,unrelated,unrelated,unrelated,unrelated,unrelated,unrelated,unrelated,unrelated,unrelated,unrelated,unrelated,unrelated,unrelated,unrelated,primary,unrelated,,,IN GEOMETRIAM EVCLIDIS prioribus sex Elementorum libris,,,comprehensam Demonstratio Linealis,M. D. C. III,CHRISTIANVM IV. Serenissimum Daniæ & Septentrionis Regem,,,,,C. DIBVADII,,IN GEOMETRIAM EVCLIDIS prioribus sex Elementorum libris,,,ARNHEMII GELDRIÆ,,,Apud IOHANNEM IAN-SONIVM,EVCLIDIS,False,False,True,False,False,True,True,True,False,False,False,False,True,False,True,False,False,True,False,False,True,True,3,True,3,True,0,False,0,False,1,True,3,True,unrelated,primary,unrelated,unrelated,unrelated,unrelated,unrelated
Arnhem_1605,,1605,Arnhem,LATIN,Christoffer Dybvad,,Arithmetic,,Theoretical Mathematics,unrelated,primary,unrelated,unrelated,unrelated,unrelated,unrelated,unrelated,unrelated,unrelated,unrelated,unrelated,unrelated,unrelated,unrelated,unrelated,unrelated,unrelated,unknown,unrelated,comprehenſam,,ARITHMETICAM RATIO- NALIVM EVCLIDIS,,,"Septimo, Octavo & Nono Elementorum libris",Io. c. v,IACOBVM I. Magnæ Britanniæ Franciæ & Hyberniæ Regem,,,,,C. DIBVADII,,ARITHMETICAM RATIO- NALIVM EVCLIDIS,,,ARNHEMII GELDRIÆ,,,IOHANNEM IANSONIVM,EVCLIDIS,True,False,True,False,False,True,True,True,False,False,False,False,True,False,True,False,False,True,False,False,True,True,3,True,3,True,1,True,0,False,1,True,3,True,primary,unknown,unrelated,unrelated,unrelated,unrelated,unrelated
Arnhem_1605a,In arithmeticam irrationalium Euclidis ,1605,Arnhem,LATIN,Christoffer Dybvad,Johannes Jansz,Theoretical Mathematics,,,unrelated,unrelated,unrelated,unrelated,unrelated,unrelated,unrelated,unrelated,unrelated,unrelated,unrelated,unrelated,unrelated,unrelated,unrelated,unrelated,unrelated,unrelated,primary,unrelated,,,EV- CLIDIS Decimo Elementorum libro,,,IN ARITHMETICAM IRRATIONALIVM | Demonstratio Linealis & Numeralis,M. D. C. V,HENRICVM Walliæ Principem,,,,,C. DIBVADII,,EV- CLIDIS Decimo Elementorum libro,,,ARNHEMII GELDRIÆ,,,Apud IOHANNEM IAN-SONIVM,EV- CLIDIS,False,False,True,False,False,True,True,True,False,False,False,False,True,False,True,False,False,True,False,False,True,True,3,True,3,True,0,False,0,False,1,True,3,True,unrelated,primary,unrelated,unrelated,unrelated,unrelated,unrelated
Arnhem_1620,,1620,Arnhem,LATIN,Juan Alfonso de Molina,Nicolaas Jansz,Theoretical Mathematics,,,unrelated,unrelated,unrelated,unrelated,unrelated,unrelated,unrelated,unrelated,unrelated,unrelated,unrelated,unrelated,unrelated,unrelated,unrelated,unrelated,unrelated,unrelated,primary,unrelated,corriguntur | reijciuntur | edita | donata,,Euclidea Elementa,,,"nonnulla corriguntur, nonnulla ut falsa reijciuntur",M. DC. XX,NICOLAO IANSONIO Arnh. Geldro,,latinitate,"NOVA REPERTA GEOMETRICA | Hispanice edita, jam vero latinitate donata",,IOHANNIS ALFONSI MOLINENSIS CANI,,Euclidea Elementa,,,ARNHEMII,Hispanice,,IOHANNEM IANSONIUM Typographum,Euclidea,True,False,True,False,False,True,True,True,False,True,True,False,True,False,True,False,False,True,True,False,True,True,3,True,3,True,4,True,0,False,1,True,3,True,unrelated,primary,unrelated,unrelated,unrelated,unrelated,unrelated
Augsburg_1555,"Das sibend, acht und neünt büch des hochberümbten mathematici Euclidis Megarensis",1555,Augsburg,GERMAN,Johannes Scheubel,Valentin Ottmar,Arithmetic | Theoretical Mathematics,,,unrelated,primary,unrelated,unrelated,unrelated,unrelated,unrelated,unrelated,unrelated,unrelated,unrelated,unrelated,unrelated,unrelated,unrelated,unrelated,unrelated,unrelated,primary,unrelated,auß dem latein ins teütsch gebracht | mit gemainen exemplen also illustrirt,"allen den, so die kunst der Rechnung liebhaben","das sibend, acht und neünt büch, des hochberümbten Mathematici Euclidis Megarensis",,,"in welchen der operationen vnnd regulen aller gemainer rechnung, vrsach grund vnd fundament, angezaigt wirt",1555,,des hochberümbten Mathematici Euclidis Megarensis,teütsch,,Mag-istrum | der löblichen vniuersitet zü Tübingen des Eu-clidis vnd Arithmetic Ordinarien,Johann Scheybl,,"das sibend, acht und neünt büch, des hochberümbten Mathematici Euclidis Megarensis",mit gemainen exemplen also illustrirt,vniuersitet zü Tübingen,,latein,,,Euclidis | Eu-clidis,True,True,True,False,False,True,True,False,True,True,False,True,True,False,True,True,True,False,True,False,False,True,4,True,5,True,3,True,1,True,2,True,1,True,primary,primary,unrelated,unrelated,unrelated,unrelated,unrelated
B80KIT,Prattica del parallelogrammo da disegnare del P. Christoforo Scheiner ... di nuouo data in luce da Giulio Troili ...,1653,Bologna,ITALIAN,"Christoph Scheiner, Giulio Troili",Giacomo Monti,Practical Geometry,,,unrelated,unrelated,unrelated,unrelated,unrelated,unrelated,unrelated,unrelated,unrelated,unrelated,unrelated,unrelated,unrelated,unrelated,unrelated,unrelated,primary,unrelated,unrelated,unrelated,data in luce,,,,,,1653,il Sig. ERCOLE MARISCOTTI,,,,alias Prencipe Pittore da Spilimberto,Giulio Troili,,,,Compagnia di Giesù,Bologna,,,Giacomo Monti,,True,False,False,False,False,False,True,True,False,False,False,True,True,False,False,False,True,True,False,False,True,False,0,False,4,True,1,True,0,False,2,True,3,True,unrelated,primary,unrelated,unrelated,unrelated,unrelated,unrelated
B9OW5O,"Künstlicher und zierlicher newer vor nie gesehener funfftzig perspectifischer stueck oder boden aus rechtem grundt und arth des circkels, winckelmaß unnd richtscheit, mit rechter schattierung tag und nachts",1583,Vienna,GERMAN,Georg Hass,Stephan Creutzer,Perspective | Practical Geometry,Architecture,,secondary,unrelated,unrelated,unrelated,unrelated,unrelated,unrelated,unrelated,unrelated,unrelated,unrelated,unrelated,unrelated,unrelated,unrelated,primary,primary,unrelated,unrelated,unrelated,gestelt,allen Ma- lern / Tischlern,,,,,M. D. LXXXIII,,,,,,Georgen Hasen,,,,,Wienn in Österreich,,,Steffan Creuzer,,True,True,False,False,False,False,True,False,False,False,False,False,True,False,False,False,False,True,False,False,True,False,0,False,1,True,1,True,0,False,1,True,3,True,unrelated,primary,primary,unrelated,unrelated,unrelated,unrelated
BCYM68,"La Perspective curieuse, ou Magie artificielle des effets merveilleux de l'optique, par la vision directe, la catoptrique, par la réflexion des miroirs plats, cylindriques et coniques, la dioptrique, par la réfraction des crystaux... par le P. F. Jean-Fra",1638,Paris,FRENCH,Jean François Niceron,Pierre Billaine,Perspective,Instrument Use | Practical Geometry,,unrelated,unrelated,unrelated,unrelated,unrelated,unrelated,unrelated,unrelated,unrelated,unrelated,secondary,unrelated,unrelated,unrelated,unrelated,primary,secondary,unrelated,unrelated,unrelated,,"aux Peintres, Architectes, Graueurs, Sculpteurs, & à tous autres",,"L’Optique, par la vision directe | La Catoptrique, par la reflexion des miroirs { plats, Cylindriques & Coniques | La Dioptrique, par la refraction des Crystaux",L’Optique | La Catoptrique | La Dioptrique,,M. DC. XXXVIII,,,,,PERE | Parisien de l’Ordre des Minimes,F. IEAN FRANÇOIS NICERON,,,,l’Ordre des Minimes,PARIS,,,"Chez PIERRE BILLAINE, ruë S. Iacques, à la Bonne Foy, deuant S. Yues",,False,True,False,True,True,False,True,False,False,False,False,True,True,False,False,False,True,True,False,False,True,False,0,False,3,True,0,False,2,True,2,True,3,True,unrelated,secondary,primary,secondary,unrelated,unrelated,unrelated
BFI81M,"Della architettura libri due ne' quali con nuova simmetria, & facoltà si mostrano le giuste regole dei cinque ordini di detta architettura, & osservationi de' piu eccellenti architetti",1629,Padua,ITALIAN,Giuseppe Viola Zanini,Francesco Bolzetta,Architecture,Construction | Perspective,Astronomy | Practical Geometry | Theoretical Mathematics,primary,unrelated,unknown,unrelated,unrelated,secondary,unrelated,unrelated,unrelated,unrelated,unrelated,unrelated,unrelated,unrelated,unrelated,secondary,unknown,unrelated,unknown,unrelated,,,,,,,1629,GIO: MARIA GIVNTI,,,,"PADOVANO PITTORE, ET ARCHITETTO",GIOSEFFE VIOLA ZANINI,,,"CON ALCVNE DIFFINITIONI DE' PRINCIPII GEOMETRICI, Meteorologici, e Mathematici, & regole nella prospettiua, & della simmetria humana | Con le Annotationi, & Tauole delle cose notabili",,"PADOVA, Appresso Francesco Bolzetta",,,Francesco Bolzetta,,False,False,False,False,False,False,True,True,False,False,False,True,True,False,False,True,False,True,False,False,True,False,0,False,3,True,0,False,1,True,1,True,3,True,unrelated,unknown,primary,unrelated,unknown,unrelated,unrelated
BKH4JK,Operum mathematicorum Johannes Wallisi,1656,Oxford,LATIN,John Wallis,"Leonard Lichfield, Thomas Robinson",Theoretical Mathematics,,,unrelated,unrelated,unrelated,unrelated,unrelated,unrelated,unrelated,unrelated,unrelated,unrelated,unrelated,unrelated,unrelated,unrelated,unrelated,unrelated,unrelated,unrelated,primary,unrelated,,,DE ANGULO CONTACTUS ET SEMICIRCULI,,,Disquisitio Geometrica,1656,,,,,GEOMETRIAE PROFESSORIS SAVILIANI in Celeberrimâ Academiâ OXONIENSI,Johannis Wallisii,,,,Academiâ OXONIENSI,OXONII,,,LEON: LICHFIELD Academiae Typographi | Typis LEON: LICHFIELD Academiae Typographi | Impenfis THO: ROBINSON,,False,False,True,False,False,True,True,False,False,False,False,True,True,False,False,False,True,True,False,False,True,False,1,True,3,True,0,False,0,False,1,True,3,True,unrelated,primary,unrelated,unrelated,unrelated,unrelated,unrelated
BQ96WF,"Anfangsgründe der Arithmetik, Geometrie, ebenen und sphärischen Trigonometrie und Perspectiv",1758,Göttingen,GERMAN,Abraham Gotthelf Kästner,Vandenhoeck,Arithmetic | Perspective | Theoretical Mathematics | Trigonometry,,,unrelated,primary,unrelated,unrelated,unrelated,unrelated,unrelated,unrelated,unrelated,unrelated,unrelated,unrelated,unrelated,unrelated,unrelated,primary,unrelated,unrelated,primary,primary,,,,,,,,,,,,,,,,,Königl. Gesellschaft der Wissenschaften,Göttingen,,,Pockwitz und Barmeier,,False,False,False,False,False,False,False,False,False,False,False,False,False,False,False,False,True,True,False,False,True,False,0,False,1,True,0,False,0,False,1,True,2,True,primary,primary,primary,unrelated,unrelated,unrelated,unrelated
Bamberg_1677,,1677,Bamberg,LATIN,Gaspar Schott,Joh. Martini Schönwetteri,Theoretical Mathematics,Mechanics,,unrelated,unrelated,unrelated,unrelated,unrelated,unrelated,unrelated,unrelated,unrelated,unrelated,unrelated,secondary,unrelated,unrelated,unrelated,unrelated,unrelated,unrelated,primary,unrelated,digesta | disposita | Additis | Accesserunt,"quivis, vel mediocri præditus ingenio",,THEORESES MECHANICÆ NOVÆ,THEORESES MECHANICÆ NOVÆ,,M. DC. LXXVII,,,,,"REGIS -CURIANI, E SOCIETATE JESU",P. GASPARIS SCHOTTI,,,Additis INDICIBUS locupletissimis,ejusdem SOCIETATIS IESU Gymnasio Matheseos,BAMBERGÆ,,,"JOH. MARTINI SCHÖNWETTERI, Bibliopolæ Franco-furtensis",,True,True,False,True,True,False,True,False,False,False,False,True,True,False,False,True,True,True,False,False,True,False,0,False,3,True,1,True,3,True,2,True,3,True,unrelated,primary,unrelated,unrelated,unrelated,secondary,unrelated
Barcelona_1698,[Libro primero- sexto) de los elementos geometricos,1698,Barcelona,SPANISH,Francisco Larrando de Mauleón,Tomás Loriente,Theoretical Mathematics,,,unrelated,unrelated,unrelated,unrelated,unrelated,unrelated,unrelated,unrelated,unrelated,unrelated,unrelated,unrelated,unrelated,unrelated,unrelated,unrelated,unrelated,unrelated,primary,unrelated,,,Libro primero (- sexto) de los Elementos Geometricos de Euclides,,,,,,,,,,,,Libro primero (- sexto) de los Elementos Geometricos de Euclides,,,,,,,Euclides,False,False,True,False,False,False,False,False,False,False,False,False,False,False,True,False,False,False,False,False,False,True,3,True,1,True,0,False,0,False,0,False,0,False,unrelated,primary,unrelated,unrelated,unrelated,unrelated,unrelated
Basel_1533,ΕΥΚΛΕΙΔΟΥ ΣΤΟΙΧΕΙΩΝ. Euclidis Elementa.,1533,Basel,"GREEK, LATIN",Simon Grynaeus,Johann Herwagen,,Theoretical Mathematics,,unrelated,unrelated,unrelated,unrelated,unrelated,unrelated,unrelated,unrelated,unrelated,unrelated,unrelated,unrelated,unrelated,unrelated,unrelated,unrelated,unrelated,unrelated,secondary,unrelated,Adiecta,,ΕΥΚΛΕΙΔΟΥ ΣΤΟΙΧΕΙΩΝ ΒΙΒΛ. ΙΕ,ΕΚ ΤΩΝ ΘΕΩΝΟΣ ΣΥΝΟΥΣΙΩΝ | ἐξηγημάτων Πρόκλου βιβ. δ΄,ΘΕΩΝΟΣ ΣΥΝΟΥΣΙΩΝ | Πρόκλου βιβ. δ΄,,M. D. XXXIII,,,,,,,Πρόκλου,,,,BASILEAE,,,APVD IOAN. HERVAGIVM,ΕΥΚΛΕΙΔΟΥ,True,False,True,True,True,False,True,False,False,False,False,False,False,True,False,False,False,True,False,False,True,True,2,True,2,True,1,True,2,True,0,False,3,True,unrelated,secondary,unrelated,unrelated,unrelated,unrelated,unrelated
Basel_1537,Euclidis Megarensis mathematici clarissimi elementorum geometricorum libri XV,1537,Basel,LATIN,Christian Herlin,Johann Herwagen,Theoretical Mathematics,Astronomy,,unrelated,unrelated,secondary,unrelated,unrelated,unrelated,unrelated,unrelated,unrelated,unrelated,unrelated,unrelated,unrelated,unrelated,unrelated,unrelated,unrelated,unrelated,primary,unrelated,donata | adiecta | adiecta sunt | donata,,EVCLIDIS MEGARENSIS MATHEMATICI CLARISSIMI EL- EMENtorum Geometricorum. Lib. XV | Elementorum geo- metricorum libri xv | Elementorum geometricorum libri xv,"Phænomena, Catoptrica & Optica | Protheoria Marini & Data | Opusculum de Leui & Ponderoso | Phænomena, Catoptrica & Optica, deinde Protheoria Marini & Data | Opusculum de Leui & Ponderoso | Phænomena, Catoptrica & Optica | Protheoria Marini | Data | Opusculum de Leui & Ponderoso",Phænomena | Catoptrica | Optica | Protheoria Marini | Data | Opusculum de Leui & Ponderoso,"Cum expositione THEONIS in priores XIII à Batholomæo Veneto latinitate donata, CAMPANI in omnes, & HYPSICLIS Alexandrini in duos postremos",M. D. XXXVII | M. D. XLVI | M. D. LVIII,Batholomæo Veneto,EVCLIDIS MEGARENSIS MATHEMATICI CLARISSIMI | Megarensis mathematici clarissimi | MEGArensis mathematici clarissimi,latinitate,Cum expositione Theonis in priores XIII à Bartholomæo Veneto,,,THEONIS | CAMPANI | HYPSICLIS Alexandrini | Marini | Leui | Theonis | Bartholomæo Veneto | Hypsiclis Alexandrini | Marini | Theonis,EVCLIDIS MEGARENSIS MATHEMATICI CLARISSIMI EL- EMENtorum Geometricorum. Lib. XV | Elementorum geo- metricorum libri xv | Elementorum geometricorum libri xv,"Phænomena, Catoptrica & Optica | Protheoria Marini & Data | Opusculum de Leui & Ponderoso | Phænomena, Catoptrica & Optica | Protheoria Marini | Data | Opusculum de Leui & Ponderoso",,BASILEAE,Latinitate | latinitate,,APVD IOHANNEM HERVAGIUM | PER IOHANNEM HERVAGIVM | IOANNEM HERuagium | Bernhardum Brand,EVCLIDIS | Euclidis Megarensis,True,False,True,True,True,True,True,True,True,True,True,False,False,True,True,True,False,True,True,False,True,True,4,True,4,True,4,True,3,True,1,True,3,True,unrelated,primary,unrelated,unrelated,secondary,unrelated,unrelated
Basel_1546a,,1546,Basel,"DUTCH, LATIN",,Henrichum Petrum,Arithmetic | Music Theory,,,unrelated,primary,unrelated,unrelated,unrelated,unrelated,unrelated,unrelated,unrelated,unrelated,unrelated,unrelated,unrelated,primary,unrelated,unrelated,unrelated,unrelated,unrelated,unrelated,emendauimus | illustrauit | restituit,,,,,,,,,,,,,Aristoteles | HENRICHVS LORITVS GLAREANVS | MARTIANVS ROTA | Boëthi,,,monasterio S. Georgij,BASILEAE,,,APVD HENRICHVM PETRVM,,True,False,False,False,False,False,False,False,False,False,False,False,False,True,False,False,True,True,False,False,True,False,0,False,2,True,1,True,0,False,1,True,2,True,primary,unrelated,unrelated,unrelated,unrelated,unrelated,primary
Basel_1546b,,1546,Basel,LATIN,Philipp Melanchthon,Johann Herwagen,Theoretical Mathematics,,Astronomy | Cartography | Cosmography | Geography | Mechanics,unrelated,unrelated,unknown,unknown,unrelated,unrelated,unknown,unknown,unrelated,unrelated,unrelated,unknown,unrelated,unrelated,unrelated,unrelated,unrelated,unrelated,primary,unrelated,donata | adiecta sunt,,Euclidis Megarensis mathematici clarissimi Elementorum geometricorum libri XV,Phaenomena | Catoptrica | Optica | Protheoria Marini | Data | Opusculum de Levi & Ponderoso,Phaenomena | Catoptrica | Optica | Protheoria Marini | Data | Opusculum de Levi & Ponderoso,,M.D.XLVI,,Megarensis mathematici clarissimi,Latinitate,Cum expositione Theonis in priores XIII à Bartholomaeo Veneto | Latinitate donata,Veneto,Bartholomaeo,Theonis | Hypsiclis Alexandrini | Marini | Levi,Elementorum geometricorum libri XV,Phaenomena | Catoptrica | Optica | Protheoria Marini | Data | Opusculum de Levi & Ponderoso,,BASILEAE,,,IOHANNEM HERVAGIUM,Euclidis,True,False,True,True,True,False,True,False,True,True,True,True,True,True,True,True,False,True,False,False,True,True,4,True,5,True,3,True,3,True,0,False,3,True,unrelated,primary,unrelated,unrelated,unknown,unknown,unrelated
Basel_1550,Euclidis Megarensis philosophi et mathematici excellentissimi sex libri priores de geometricis principiis,1550,Basel,LATIN,Johannes Scheubel,Johann Herwagen,Theoretical Mathematics,,Arithmetic,unrelated,unknown,unrelated,unrelated,unrelated,unrelated,unrelated,unrelated,unrelated,unrelated,unrelated,unrelated,unrelated,unrelated,unrelated,unrelated,unrelated,unrelated,primary,unrelated,adiectis | præmissæ,studiosorum,SEX LIBRI PRIORES,"ALGEBRAE PORRO REGVLAE, PROPTER NVMErorum exempla, passim propositionibus adiecta, his libris præmissæ sunt, eædemque demonstratæ",ALGEBRAE PORRO REGVLAE,"DE Geometricis principijs, Græci & Latini, unà cum demonstrationibus propositionum, absque literarum notis, ueris ac proprijs, & alijs quibusdam, usum earum concernentibus",,,"Megarensis, Philosophi & MatheMATICI EXCEL-LENTISSIMI | Euclidis professore ordinario",,,IN inclyta Academia Tubingensi Euclidis professore ordinario,IOANNE SCHEVBELIO,,SEX LIBRI PRIORES,adiectis,Academia Tubingensi,Basileae,Græci | Latini,,IOANnem Heruagium,EVCLIDIS Megarensis | Euclidis,True,True,True,True,True,True,False,False,True,False,False,True,True,False,True,True,True,True,True,False,True,True,4,True,5,True,2,True,3,True,2,True,2,True,unknown,primary,unrelated,unrelated,unrelated,unrelated,unrelated
Basel_1562,"Die sechs ersten Bücher Euclidis, vom Anfang oder Grund der Geometrie",1562,Basel,GERMAN,Wilhelm Xylander,,Theoretical Mathematics,Arithmetic | Practical Geometry,,unrelated,secondary,unrelated,unrelated,unrelated,unrelated,unrelated,unrelated,unrelated,unrelated,unrelated,unrelated,unrelated,unrelated,unrelated,unrelated,secondary,unrelated,primary,unrelated,gebracht | erklärt | geziert | gegeben | genant,den Kunstliebenden Teütschen,Die Sechs Erste Bücher Euclidis,,,Vom anfang oder grund der Geometrj,,,,Teütsch,,von Augspurg,Wilhelm Holtzman,,Die Sechs Erste Bücher Euclidis,"aigenttlich erklärt | verstentlichen Exempeln, gründlichen Figurn | allerlaj den nutz füraugen stellenden Anhängen",,Basel,Griechischer,,,Euclidis,True,True,True,False,False,True,False,False,False,True,False,True,True,False,True,True,False,True,True,False,False,True,3,True,3,True,3,True,1,True,1,True,1,True,secondary,primary,unrelated,unrelated,unrelated,unrelated,unrelated
Basel_1570,,1570,Basel,"DUTCH, LATIN",,Henricpetra,Arithmetic | Music Theory | Theoretical Mathematics,,Practical Geometry,unrelated,primary,unrelated,unrelated,unrelated,unrelated,unrelated,unrelated,unrelated,unrelated,unrelated,unrelated,unrelated,primary,unrelated,unrelated,unknown,unrelated,primary,unrelated,recognita | emendatiss | prodeunt | ACCESSERVNT | restituit | illustrauit | descripsit,,"ANITII MANLII SEVERINI BOETHI, PHILOSOPHORVM ET THEOLOGORVM PRINCIPIS OPERA omnia","Ioannis Murmelij in v. Lib. De Consolatione Philosophiæ commentaria | Rodolphi Agricolæ Enarrationes | Gilberti Porretæ, Episcopi Pictauiensis in IIII. Lib. de Trinitate commentarij | HENRICVS LORITVS GLAREANVS, Arithmeticam & Musicam demonstrationibus & figuris auctiorem redditam | MAR-TIANVS ROTA, opus de tota differendi ratione, hoc est, organum, Dialecticæ & Rhetoricæ studiosis necessarium",De Consolatione Philosophiæ | Enarrationes | de Trinitate | Arithmeticam & Musicam | opus de tota differendi ratione,"præter uniuersæ philosophiæ exactissimam doctrinam, pluri-morum in diuinis mysteriorum, & diiciliorum locorum in Platone, Aristotele alijsque Græcis & Latinis autoribus luculentissimæ expli-cationes",,,,,nunc denuò per doctos uiros recognita | primùm emendatiss. in lucem prodeunt,Episcopi Pictauiensis,,"Ioannis Murmelij | Rodolphi Agricolæ | Gilberti Porretæ | HENRICVS LORITVS GLAREANVS | MAR-TIANVS ROTA | Plato | Gilberti Porretæ, Episcopi Pictauiensis",,demonstrationibus & figuris,monasterio S. Georgij,BASILEAE,,,EX OFFICINA HENRICPETRINA,,True,False,True,True,True,True,False,False,False,False,True,True,False,True,False,True,True,True,False,False,True,False,1,True,3,True,2,True,3,True,1,True,2,True,primary,primary,unrelated,unrelated,unrelated,unrelated,primary
Beaulieu-1,,1676,Paris,FRENCH,Jean de Beaulieu,Charles de Sercy,Military Engineering | Practical Geometry | Surveying,Architecture | Arithmetic | Construction | Theoretical Mathematics,,secondary,secondary,unrelated,unrelated,unrelated,secondary,unrelated,unrelated,unrelated,unrelated,unrelated,unrelated,primary,unrelated,unrelated,unrelated,primary,primary,secondary,unrelated,,pour ceux qui n’ont connoissance des Mathematiques,,,,,M. DC. LXXVI,,,,,"Ingenieur, Geographe du Roy, Arpenteur juré ordinaire de sa Majesté, au departement de la Rochelle",DE BEAULIEU,,,,,"PARIS, Chez CHARLES DE SERCY, au Palais, au sixiéme Pilier de la Grand’Salle, vis-à-vis la Montée de la Cour des Aydes, à la Bonne Foy Couronnée",,,CHARLES DE SERCY,,False,True,False,False,False,False,True,False,False,False,False,True,True,False,False,False,False,True,False,False,True,False,0,False,2,True,0,False,0,False,1,True,3,True,secondary,primary,secondary,primary,unrelated,primary,unrelated
Beijing_1607,,1607,Beijing,CHINESE,"Xu Guangqi, Matteo Ricci",,,,,unrelated,unrelated,unrelated,unrelated,unrelated,unrelated,unrelated,unrelated,unrelated,unrelated,unrelated,unrelated,unrelated,unrelated,unrelated,unrelated,unrelated,unrelated,unrelated,unrelated,,,幾何原本,,,,,,,,,,,,幾何原本,,,,,,,,False,False,True,False,False,False,False,False,False,False,False,False,False,False,True,False,False,False,False,False,False,False,2,True,0,False,0,False,0,False,0,False,0,False,unrelated,unrelated,unrelated,unrelated,unrelated,unrelated,unrelated
Beijing_1629,,1629,Beijing,CHINESE,"Xu Guangqi, Matteo Ricci, Li Zhizao",,Theoretical Mathematics,,Astronomy,unrelated,unrelated,unknown,unrelated,unrelated,unrelated,unrelated,unrelated,unrelated,unrelated,unrelated,unrelated,unrelated,unrelated,unrelated,unrelated,unrelated,unrelated,primary,unrelated,,,,,,,,,,,,,,,,,,,,,,,False,False,False,False,False,False,False,False,False,False,False,False,False,False,False,False,False,False,False,False,False,False,0,False,0,False,0,False,0,False,0,False,0,False,unrelated,primary,unrelated,unrelated,unknown,unrelated,unrelated
Berlin_1824,EUCLIDIS ELEMENTORUM LIBRI SEX PRIORES  ,1824,Berlin,"GREEK, LATIN","Johann Wilhelm von Camerer, Karl Friedrich Hauber",G. Reimer,,,Theoretical Mathematics,unrelated,unrelated,unrelated,unrelated,unrelated,unrelated,unrelated,unrelated,unrelated,unrelated,unrelated,unrelated,unrelated,unrelated,unrelated,unrelated,unrelated,unrelated,unknown,unrelated,EDIDIT | COMPLECTENS,,LIBRI SEX PRIORES,,,,MDCCCXXIV,,,GRAECE | LATINE,COMPLECTENS LIBR. I–III,GYMNASII STUTTGARDIANI RECTOR,IOANNES GUILELMUS CAMER,PFLEIDERERI,EUCLIDIS ELEMENTORUM LIBRI SEX PRIORES,"COMMENTARIO E SCRIPTIS VETERUM AC RECENTIORUM MATHEMATICORUM ET PFLEIDERERI, MAXIME ILLUSTRATI | CUM X. TABULIS",GYMNASII STUTTGARDIANI,BEROLINI,GRAECE | LATINE,,SUMTIBUS G. REIMERI,EUCLIDIS,True,False,True,False,False,False,True,False,False,True,True,True,True,True,True,True,True,True,True,False,True,True,3,True,5,True,4,True,1,True,1,True,3,True,unrelated,unknown,unrelated,unrelated,unrelated,unrelated,unrelated
Bologna_1620,I primi sei libri de gl’Elementi d’Euclide ridotti alla Prattica,1620,Bologna,ITALIAN,Pietro Antonio Cataldi,Cochi,Practical Geometry,Arithmetic | Astronomy | Mechanics,,unrelated,secondary,secondary,unrelated,unrelated,unrelated,unrelated,unrelated,unrelated,unrelated,unrelated,secondary,unrelated,unrelated,unrelated,unrelated,primary,unrelated,unrelated,unrelated,ridotti alla Pratica,,I PRIMI SEI LIBRI DE GL’ ELEMENTI d’Euclide,,,"Ne mostrano le inventioni delle regole geometriche, arithmetiche, mechaniche, & d’astronomia, & d’ottimo uso",M. DC. XX,ALL’ILL. ET NOBILISS. SIG. IL SIG. GREGORIO MALVEZZI,,,ridotti alla Pratica,LETTORE DELLE SCIENZE Matematiche nello Studio di Bologna,PIETRO ANTONIO CATALDI,,I PRIMI SEI LIBRI DE GL’ ELEMENTI d’Euclide,,Studio di Bologna,BOLOGNA,,,Sebastiano Bonomi,d’Euclide,True,False,True,False,False,True,True,True,False,False,True,True,True,False,True,False,True,True,False,False,True,True,3,True,5,True,2,True,0,False,2,True,3,True,secondary,primary,unrelated,unrelated,secondary,secondary,unrelated
Bologna_1629a,,1629,Bologna,LATIN,Ovidio Montalbani,Clement Ferroni,,,Practical Geometry | Theoretical Mathematics,unrelated,unrelated,unrelated,unrelated,unrelated,unrelated,unrelated,unrelated,unrelated,unrelated,unrelated,unrelated,unrelated,unrelated,unrelated,unrelated,unknown,unrelated,unknown,unrelated,repraesentans | enodans,"Illustrissimos, & Sapientissimos SENATVS BONONIENSIS Quinquaginta Viros",SPECVLVM EVCLIDIANVM,,,"Totam Euclidis Planimetriam, Quæ absoluta dicitur; & Extranea nonnulla, Geometrica tamen, internotata unico in Schemaste lineariter repraesentans, Omniaque propriis, firmisque Demonstrationibus clarè, atq; particulatim enodans",M.DC.XXIX,SENATVS BONONIENSIS Quinquaginta Viros,,,,Philosophiæ & Medicinæ Doctore Collegiatò Bonon. & publico Patriæ Archigymnasij Professore,OVIDIO MONTALBANO,,SPECVLVM EVCLIDIANVM,,Collegiatò Bonon | Patriæ Archigymnasij | SENATVS BONONIENSIS,BONONIÆ,,,Typis Clementis Ferronij,EVCLIDIANVM | Euclidis,True,True,True,False,False,True,True,True,False,False,False,True,True,False,True,False,True,True,False,False,True,True,3,True,5,True,1,True,0,False,3,True,3,True,unrelated,unknown,unrelated,unrelated,unrelated,unrelated,unrelated
Bologna_1651,,1651,Bologna,ITALIAN,Giovanni Ricci,Gio. Batt. Ferroni,,,,unrelated,unrelated,unrelated,unrelated,unrelated,unrelated,unrelated,unrelated,unrelated,unrelated,unrelated,unrelated,unrelated,unrelated,unrelated,unrelated,unrelated,unrelated,unrelated,unrelated,Tradotti,,DE GLI ELEMENTI DI EVCLIDE Li Primi sei Libri,,,,1651,SENATO DI BOLOGNA,,Italiana,,,,,DE GLI ELEMENTI DI EVCLIDE Li Primi sei Libri,,SENATO DI BOLOGNA,"Bologna, presso Gio. Batt. Ferroni",,,Gio. Batt. Ferroni,EVCLIDE,True,False,True,False,False,False,True,True,False,True,False,False,False,False,True,False,True,True,False,False,True,True,3,True,3,True,2,True,0,False,2,True,3,True,unrelated,unrelated,unrelated,unrelated,unrelated,unrelated,unrelated
Bologna_1651a,De gli Elementi di Euclide li primi sei Libri,1651,Bologna,ITALIAN,Giovanni Ricci,Giuseppe Longhi,,,,unrelated,unrelated,unrelated,unrelated,unrelated,unrelated,unrelated,unrelated,unrelated,unrelated,unrelated,unrelated,unrelated,unrelated,unrelated,unrelated,unrelated,unrelated,unrelated,unrelated,Tradotti,,DE GLI ELEMENTI DI EVCLIDE Li Primi sei Libri,,,,,,,Italiana,Tradotti in lingua Italiana,,,,DE GLI ELEMENTI DI EVCLIDE Li Primi sei Libri,,SENATO DI BOLOGNA,Bologna,,,Gioseffo Longhi,EVCLIDE,True,False,True,False,False,False,False,False,False,True,True,False,False,False,True,False,True,True,False,False,True,True,3,True,2,True,3,True,0,False,1,True,2,True,unrelated,unrelated,unrelated,unrelated,unrelated,unrelated,unrelated
Bologna_1663,Euclide rinnovato ovvero gli antichi elementi della geometria,1663,Bologna,ITALIAN,Giovanni Alfonso Borelli,,Theoretical Mathematics,,,unrelated,unrelated,unrelated,unrelated,unrelated,unrelated,unrelated,unrelated,unrelated,unrelated,unrelated,unrelated,unrelated,unrelated,unrelated,unrelated,unrelated,unrelated,primary,unrelated,RINNOVATO | Volgarizzato | reuisito | corretto | ridotti,,Gl’ antichi Elementi della Geometria,,,"ridotti à maggior breuità, e facilità, In cui con nuovo, e più sicuro modo si dimostra il trattato delle Proporzioni",M.DC.LXIII,SIG. GIO. ALFONSO BORELLI,,,"RINNOVATO | reuisito, e corretto",Fiorentino,DOMENICO MAGNI,,Gl’ antichi Elementi della Geometria,,Studio di Messina,BOLOGNA,,,Gio. Battista Ferroni,EVCLIDE,True,False,True,False,False,True,True,True,False,False,True,True,True,False,True,False,True,True,False,False,True,True,3,True,5,True,2,True,0,False,2,True,3,True,unrelated,primary,unrelated,unrelated,unrelated,unrelated,unrelated
Bologna_1684,,1684,Bologna,LATIN,D. Joanni Franciso Polo,Iosephi Longi,Theoretical Mathematics,,,unrelated,unrelated,unrelated,unrelated,unrelated,unrelated,unrelated,unrelated,unrelated,unrelated,unrelated,unrelated,unrelated,unrelated,unrelated,unrelated,unrelated,unrelated,primary,unrelated,edita | consecrata,studiosæ iuuentutis,SEX PRIORA EVCLIDIS GEOMETRICA ELEMENTA,,,"Denuò clarioribus Auctorum demonstrationibus, vnà cum breuissimo proportionum tractatu",M. DC. LXXXIV,Illustrissimo Domino D. IOANNI FRANCISCO POLO Patritio Veneto,,,in gratiam studiosæ iuuentutis edita,,,,SEX PRIORA EVCLIDIS GEOMETRICA ELEMENTA,cum breuissimo proportionum tractatu,,BONONIÆ,,,Typis Iosephi Longi,EVCLIDIS,True,True,True,False,False,True,True,True,False,False,True,False,False,False,True,True,False,True,False,False,True,True,3,True,2,True,2,True,1,True,2,True,3,True,unrelated,primary,unrelated,unrelated,unrelated,unrelated,unrelated
Bologna_1686,,1686,Bologna,ITALIAN,Giovanni Ricci,Giuseppe Longhi,,,,unrelated,unrelated,unrelated,unrelated,unrelated,unrelated,unrelated,unrelated,unrelated,unrelated,unrelated,unrelated,unrelated,unrelated,unrelated,unrelated,unrelated,unrelated,unrelated,unrelated,Tradotti,,DE GLI ELEMENTI DI EVCLIDE Li Primi sei Libri,,,,1686,SENATO DI BOLOGNA,,Italiana,,,,,DE GLI ELEMENTI DI EVCLIDE Li Primi sei Libri,,SENATO DI BOLOGNA,Bologna,,,Gioseffo Longhi,EVCLIDE,True,False,True,False,False,False,True,True,False,True,False,False,False,False,True,False,True,True,False,False,True,True,3,True,3,True,2,True,0,False,2,True,3,True,unrelated,unrelated,unrelated,unrelated,unrelated,unrelated,unrelated
Bologna_1693,,1693,Bologna,LATIN,Geminiano Rondelli,Longus,,,,unrelated,unrelated,unrelated,unrelated,unrelated,unrelated,unrelated,unrelated,unrelated,unrelated,unrelated,unrelated,unrelated,unrelated,unrelated,unrelated,unrelated,unrelated,unrelated,unrelated,explicata,,"PLANORVM, AC SOLIDORVM EVCLIDIS ELEMENTA",,,Facilioribus Auctorum demonstrationibus,1693,,,,,PHILOSOPHIÆ DOCT,HIEMYNIANO RONDELLI,,"PLANORVM, AC SOLIDORVM EVCLIDIS ELEMENTA",Facilioribus Auctorum demonstrationibus,Vniuersali Studio Bononiæ Scientiarum | SENATUS BONONIEN,"Bononiæ, apud Longum",,,,EVCLIDIS,True,False,True,False,False,True,True,False,False,False,False,True,True,False,True,True,True,True,False,False,False,True,3,True,4,True,1,True,1,True,1,True,2,True,unrelated,unrelated,unrelated,unrelated,unrelated,unrelated,unrelated
Brussels_1688,,1688,Brussels,SPANISH,Sebastián Fernández de Medrano,Lamberto Marchant,Theoretical Mathematics,,Practical Geometry,unrelated,unrelated,unrelated,unrelated,unrelated,unrelated,unrelated,unrelated,unrelated,unrelated,unrelated,unrelated,unrelated,unrelated,unrelated,unrelated,unknown,unrelated,primary,unrelated,Augmentados,"Al Excelentissimo Señor MARQUES DE BEDMAR, Capitan General de la Artilleria del Exercito de los Payses Baxos","LOS SEIS PRIMEROS LIBROS, ONZE, Y DOZE DE LOS ELEMENTOS DE EUCLIDES MEGARENSE",,,,M. DC. LXXXVIII,"Al Excelentissimo Señor MARQUES DE BEDMAR, Capitan General de la Artilleria del Exercito de los Payses Baxos | el Capitan DON SEBASTIAN FERNANDEZ DE MEDRANO, Maestro de Mathematicas",,,,el Capitan | Maestro de Mathematicas,DON SEBASTIAN FERNANDEZ DE MEDRANO,,"LOS SEIS PRIMEROS LIBROS, ONZE, Y DOZE DE LOS ELEMENTOS DE EUCLIDES",Augmentados de muchas Proposiciones curiosas que facilitan su uso,,EN BRUSSELAS | En Casa de LAMBERTO MARCHANT,,,"LAMBERTO MARCHANT, Mercader de Libros",EUCLIDES,True,True,True,False,False,False,True,True,False,False,False,True,True,False,True,True,False,True,False,False,True,True,3,True,4,True,1,True,1,True,2,True,3,True,unrelated,primary,unrelated,unrelated,unrelated,unrelated,unrelated
Brussels_1689,"Elementos geometricos de Euclides, los seis primeros libros de los planos; y los onzeno, y dozeno de los solidos: con algunos selectos theoremas de Archimedes. Traducidos, y explicados por el P. Jacobo Kresa de la Compañia de Jesus, cathedratico de mathem",1689,Brussels,SPANISH,Jacobo Kresa,Francisco Foppens,Theoretical Mathematics,,Mechanics,unrelated,unrelated,unrelated,unrelated,unrelated,unrelated,unrelated,unrelated,unrelated,unrelated,unrelated,unknown,unrelated,unrelated,unrelated,unrelated,unrelated,unrelated,primary,unrelated,TRADVCIDOS | EXPLICA-DOS,,ELEMENTOS GEOMETRICOS DE EVCLIDES,ALGVNOS SELECTOS THEOREMAS DE ARCHIMEDES,THEOREMAS DE ARCHIMEDES,"LOS SEIS PRIMEROS LIBROS DE LOS PLANOS; Y LOS ONZENO, Y DOZENO DE LOS SOLIDOS",1689,,,,,DE LA COMPAñIA DE JESVS | Cathedratico de Mathematicas en los Estudios Reales del Colegio Imperial de Madrid; y en interin en la Armada Real en Cadiz,P. JACOBO KRESA,ARCHIMEDES,"ELEMENTOS GEOMETRICOS DE EVCLIDES, LOS SEIS PRIMEROS LIBROS DE LOS PLANOS; Y LOS ONZENO, Y DOZENO DE LOS SOLIDOS",CON ALGVNOS SELECTOS THEOREMAS DE ARCHIMEDES,COMPAñIA DE JESVS | Colegio Imperial de Madrid | Armada Real en Cadiz,BRVSSELAS,,,Francisco Foppens,EVCLIDES,True,False,True,True,True,True,True,False,False,False,False,True,True,True,True,True,True,True,False,False,True,True,3,True,5,True,1,True,3,True,1,True,3,True,unrelated,primary,unrelated,unrelated,unrelated,unknown,unrelated
Brussels_1701,,1701,Brussels,SPANISH,Sebastián Fernández de Medrano,Lamberto Marchant,Theoretical Mathematics,,,unrelated,unrelated,unrelated,unrelated,unrelated,unrelated,unrelated,unrelated,unrelated,unrelated,unrelated,unrelated,unrelated,unrelated,unrelated,unrelated,unrelated,unrelated,primary,unrelated,Amplificado,,"LOS SEIS PRIMEROS LIBROS, ONZE, Y DOZE, DE LOS ELEMENTOS GEOMETRICOS",,,,,Exmo. Señor Marques de BEDMAR,FAMOSO PHILOSOPHO EUCLIDES MEGARENSE,,,Sargento General de Batalla | Director de la Academia Real y Militar de los Payses-Bajos,SEBASTIAN FERNANDEZ DE MEDRANO,,"LOS SEIS PRIMEROS LIBROS, ONZE, Y DOZE, DE LOS ELEMENTOS GEOMETRICOS",Amplificado de nuevas Demonstraciones,Academia Real y Militar de los Payses-Bajos,BRUSELAS,,,LAMBERTO MARCHANT Mercader de Libros al Buen Pastor,EUCLIDES MEGARENSE,True,False,True,False,False,False,False,True,True,False,False,True,True,False,True,True,True,True,False,False,True,True,4,True,6,True,1,True,1,True,2,True,2,True,unrelated,primary,unrelated,unrelated,unrelated,unrelated,unrelated
C8SLYQ,"EYn schön nützlich büchlin und underweisung der kunst des messens, mit dem Zirckel, Richtscheidt oder linial. Zu nutz allen kunstliebhabern, fürnemlich den Malern, Bildhawern, Goldschmiden, Seidenstickern, Steynmetzen, schreinern, auch allen denen, so sich der kunst des Augenmes <Perspectiva zu Latin gnant> zugebrauchen lust Haben. Dariñ Man auch solche kunst leichter, Dañ aus etzlichen hieuor Getruckten büchern, Begreiffen uñ lernen Mag, mit vil schönen Darzu dienenden figuren.",1531,Simmern,GERMAN,,Hieronymus Rodler,Perspective | Practical Geometry,Architecture,,secondary,unrelated,unrelated,unrelated,unrelated,unrelated,unrelated,unrelated,unrelated,unrelated,unrelated,unrelated,unrelated,unrelated,unrelated,primary,primary,unrelated,unrelated,unrelated,,Zu nutz allen kunstliebhabern / fürnemlich den Malern / Bildhauwern / Goldschmiden / Seidenstickern / Steynmetzen / Schreinern / auch allen andern,Perspectiua,,,Eyn schön nützlich büchlin vnd vnderweisung der kunst des Messens / mit dem Zir- ckel / Richtscheidt oder Linial,,,,,,,,,,mit vil schö- nen darzu dienenden figuren | mit viel schö- nen darzu dienenden figuren,,,latein,Mit Keyserlicher freiheyt,,,False,True,True,False,False,True,False,False,False,False,False,False,False,False,False,True,False,False,True,True,False,False,1,True,0,False,1,True,1,True,1,True,1,True,unrelated,primary,primary,unrelated,unrelated,unrelated,unrelated
CG8KPH,"Invention nouvelle et briève pour reduire en perspective, par le moien du quarré, toutes sortes de plans, et corps, comme édifices, meubles, etc.",1648,La Flèche,FRENCH,René Gaultier de Maignannes,Georges Griveau,Perspective,Architecture | Instrument Use | Practical Geometry,,secondary,unrelated,unrelated,unrelated,unrelated,unrelated,unrelated,unrelated,unrelated,unrelated,secondary,unrelated,unrelated,unrelated,unrelated,primary,secondary,unrelated,unrelated,unrelated,Composé,,,,,,M. DC. XLVIII,,,,,,R. G. S. D. M. Angeuin,,,,,A LA FLECHE,,,"GEORGE GRIVEAV, Imprimeur ordinaire du Roy, & du College Royal",,True,False,False,False,False,False,True,False,False,False,False,False,True,False,False,False,False,True,False,False,True,False,0,False,1,True,1,True,0,False,0,False,3,True,unrelated,secondary,primary,secondary,unrelated,unrelated,unrelated
CYFAY3,"De sculptura. Ubi agitur de symetriis. De lineamentis. De physiognomonia. De perspectiua. De chimiae. De ectyposi. De celatura, eiusque speciebus. Praeterea de caeteris speciebus statuariae. De plastice. De proplastice. De paradigmatice. De tomiae. De colaptice. De claris sculptoribus. Ac plerisque aliis rebus scitu dignissimis",1504,Florence,LATIN,Pomponio Gaurico,Filippo Giunta,,Perspective,,unrelated,unrelated,unrelated,unrelated,unrelated,unrelated,unrelated,unrelated,unrelated,unrelated,unrelated,unrelated,unrelated,unrelated,unrelated,secondary,unrelated,unrelated,unrelated,unrelated,,,,,,,,,,,,,,,,,,,,,,,False,False,False,False,False,False,False,False,False,False,False,False,False,False,False,False,False,False,False,False,False,False,0,False,0,False,0,False,0,False,0,False,0,False,unrelated,unrelated,secondary,unrelated,unrelated,unrelated,unrelated
Cambridge_1655,Euclidis Elementorum Libri XV breviter demonstrati,1655,Cambridge,LATIN,Isaac Barrow,Guilielmi Nealand,Theoretical Mathematics,,,unrelated,unrelated,unrelated,unrelated,unrelated,unrelated,unrelated,unrelated,unrelated,unrelated,unrelated,unrelated,unrelated,unrelated,unrelated,unrelated,unrelated,unrelated,primary,unrelated,demonstrati,,EUCLIDIS ELEMENTORUM Libri xv,,,breviter demonstrati,MDCLV,,EUCLIDIS ELEMENTORUM,,,CANTABRIGIENSIS Coll. TRIN. Soc,IS. BARROW,,EUCLIDIS ELEMENTORUM Libri xv,,Coll. TRIN. Soc,CANTABRIGIÆ,,,Guilielmi Nealand Bibliopolæ,EUCLIDIS,True,False,True,False,False,True,True,False,True,False,False,True,True,False,True,False,True,True,False,False,True,True,4,True,5,True,1,True,0,False,1,True,3,True,unrelated,primary,unrelated,unrelated,unrelated,unrelated,unrelated
Cambridge_1657,,1657,Cambridge,LATIN,Isaac Barrow,,Theoretical Mathematics,,,unrelated,unrelated,unrelated,unrelated,unrelated,unrelated,unrelated,unrelated,unrelated,unrelated,unrelated,unrelated,unrelated,unrelated,unrelated,unrelated,unrelated,unrelated,primary,unrelated,edita,,EUCLIDIS DATA,,,succinctè demonstrata,,,,,nuper edita,Mri. IS | CANTABRIGIENSIS Coll. Trin. Soc,BARROVV,,Elementa EUCLIDIS,Emendation-ibus quibusdam | Additionibus,Coll. Trin. Soc,,,,,EUCLIDIS,True,False,True,False,False,True,False,False,False,False,True,True,True,False,True,True,True,False,False,False,False,True,3,True,4,True,2,True,1,True,1,True,0,False,unrelated,primary,unrelated,unrelated,unrelated,unrelated,unrelated
Cambridge_1665,"Euclidis sex primi Elementorum geometricorum libri, commodiùs demonstrati. A.P. Georg. Fournier è societate Jesu. Accesserunt elementa astronomica, ubi Theodosii Tripolitæ sphæricorum libri tres, & universa triangulorum resolutio demonstrantur per Johannem Baptistam Duhamel, Mathesews Professorem.",1665,Cambridge,LATIN,Georges Fournier,,Theoretical Mathematics,Astronomy,Trigonometry,unrelated,unrelated,secondary,unrelated,unrelated,unrelated,unrelated,unrelated,unrelated,unrelated,unrelated,unrelated,unrelated,unrelated,unrelated,unrelated,unrelated,unrelated,primary,unknown,Accesserunt,,EUCLIDIS SEX PRIMI ELEMENTORUM GEOMETRI- CORVM LIBRI,Elementa Astronom-ica | Theodosii Tripolitæ Sphæricorum libri tres,Elementa Astronom-ica | Sphæricorum libri tres,Commodiùs demonstrati,MDCLXV,,,,Editio prioribus auctior atq; castigatior,Matheseωs Professorem,Johannem Baptistam Duhamel,Theodosii Tripolitæ,EUCLIDIS SEX PRIMI ELEMENTORUM GEOMETRI- CORVM LIBRI,,societate JESU,CANTABRIGIÆ,,,J. Field,EUCLIDIS,True,False,True,True,True,True,True,False,False,False,True,True,True,True,True,False,True,True,False,False,True,True,3,True,5,True,2,True,2,True,1,True,3,True,unrelated,primary,unrelated,unrelated,secondary,unrelated,unrelated
Cambridge_1703,,1703,Cambridge,LATIN,"André Tacquet, William Whiston",Cornelius Crownfield,,,Practical Geometry,unrelated,unrelated,unrelated,unrelated,unrelated,unrelated,unrelated,unrelated,unrelated,unrelated,unrelated,unrelated,unrelated,unrelated,unrelated,unrelated,unknown,unrelated,unrelated,unrelated,accedunt | emendata | illustrata | accommodata,,ELEMENTA GEOMETRIÆ PLANÆ AC SOLIDÆ,SELECTA EX ARCHIMEDE THEOREMATA,SELECTA EX ARCHIMEDE THEOREMATA,,MDCCIII,V. CL. ANDREÆ TACQUET SOC. JESU Sacerdotis,,,in hac nova Editione | Summa cura emendata,A. M. Math-eseωs Professore LUCASIANO apud CANTABRIGIENSES,GVLIELMO WHISTON,ARCHIMEDE,ELEMENTA GEOMETRIÆ PLANÆ AC SOLIDÆ,COROLLARIA non pauca illustrandis Elementis accommodata | varios propositionum pluri-marum USUS continentia | XL Schematibus novis æri incisis illustrata,SOC. JESU | CANTABRIGIENSES,CANTABRIGIÆ,,,TYPIS ACADEMICIS | Impensis CORN. CROWNFIELD,,True,False,True,True,True,False,True,True,False,False,True,True,True,True,True,True,True,True,False,False,True,False,2,True,5,True,2,True,3,True,2,True,3,True,unrelated,unknown,unrelated,unrelated,unrelated,unrelated,unrelated
Cologne_1556,Euclidis Megarensis mathematici clarissimi elementorum geometricorum liber primus,1556,Cologne,LATIN,Valentin Naboth,Birckmann,,,,unrelated,unrelated,unrelated,unrelated,unrelated,unrelated,unrelated,unrelated,unrelated,unrelated,unrelated,unrelated,unrelated,unrelated,unrelated,unrelated,unrelated,unrelated,unrelated,unrelated,,,Elementorum Geometricorum liber primus,,,"cui ex sequentibus libris accesserunt Propositiones selectæ atque ita ordinatae, ut demonstrari queant obseruata Geometrarum Methodo",1556,,EVCLIDIS MEGARENSIS MATHEMATICI CLARISS,,,,,,Elementorum Geometricorum liber primus,,,COLONIAE,,,Apud hæredes Arnoldi Birckmanni,EVCLIDIS,False,False,True,False,False,True,True,False,True,False,False,False,False,False,True,False,False,True,False,False,True,True,4,True,2,True,0,False,0,False,0,False,3,True,unrelated,unrelated,unrelated,unrelated,unrelated,unrelated,unrelated
Cologne_1580,,1580,Cologne,LATIN,"Jean Magnien, Étienne Gracile",Maternus Cholinus,,,,unrelated,unrelated,unrelated,unrelated,unrelated,unrelated,unrelated,unrelated,unrelated,unrelated,unrelated,unrelated,unrelated,unrelated,unrelated,unrelated,unrelated,unrelated,unrelated,unrelated,,,EVCLIDIS ELEMENTORVM LIBRI XV,,,"Quibus, cùm ad omnem Mathematicæ scientiæ partem, tùm ad quamlibet Geometriæ tractationem, facilis comparatur aditus",M. D. LXXX | M. D. LXXXVII,,,,,,,,EVCLIDIS ELEMENTORVM LIBRI XV,,,"COLONIÆ | COLONIAE, Apud Maternum Cholinum",,,Maternum Cholinum,EVCLIDIS,False,False,True,False,False,True,True,False,False,False,False,False,False,False,True,False,False,True,False,False,True,True,3,True,1,True,0,False,0,False,0,False,3,True,unrelated,unrelated,unrelated,unrelated,unrelated,unrelated,unrelated
Cologne_1591,Euclidis elementorum libri XV; accessit XVI de solidorum regularium cuiuslibet intra quodlibet comparatione,1591,Cologne,LATIN,Christopher Clavius,Giovanni Battista Ciotti,Theoretical Mathematics,,,unrelated,unrelated,unrelated,unrelated,unrelated,unrelated,unrelated,unrelated,unrelated,unrelated,unrelated,unrelated,unrelated,unrelated,unrelated,unrelated,unrelated,unrelated,primary,unrelated,Accessit | editi | recogniti | emendati | illustrati | locupletati,,EVCLIDIS ELEMENTORVM LIBRI XV | EVCLIDIS POSTERIORES LIBRI IX,de SOLIDORVM REGVLARIVM | XVI,SOLIDORVM REGVLARIVM,"Omnes perspicuis DEMONSTRATIONIBVS, accuratisque SCHOLIIS illustrati",M D XCI,,,,"Nunc tertiò editi, summaque diligentia recogniti, atque emendati | Nunc tertiò editi, ac multarum rerum accessione locupletati",è Societate IESV,CHRISTOPHORO CLAVIO BAMBERGENSI,,EVCLIDIS ELEMENTORVM LIBRI XV | EVCLIDIS POSTERIORES LIBRI IX,ac multarum rerum accessione locupletati,Societate IESV,COLONIAE,,,IOH. BAPTISTAE CIOTTI,EVCLIDIS,True,False,True,True,True,True,True,False,False,False,True,True,True,False,True,True,True,True,False,False,True,True,3,True,4,True,2,True,3,True,1,True,3,True,unrelated,primary,unrelated,unrelated,unrelated,unrelated,unrelated
Cologne_1600,Euclidis Elementorum Libri XV,1600,Cologne,LATIN,"Jean Magnien, Étienne Gracile",Gosuinus Cholinus,,,,unrelated,unrelated,unrelated,unrelated,unrelated,unrelated,unrelated,unrelated,unrelated,unrelated,unrelated,unrelated,unrelated,unrelated,unrelated,unrelated,unrelated,unrelated,unrelated,unrelated,,,EVCLIDIS ELEMENTORVM LIBRI XV. QVIBVS,,,"CVM AD OMNEM MATHEMATICAE SCIENTIAE PARTEM, TVM AD QVAMLIbet Geometriæ tractationem facilis comparatur aditus",M. D. C,,,,,,,,EVCLIDIS ELEMENTORVM LIBRI XV. QVIBVS,,,COLONIAE Apud Gosuinum Cholinum,,,Gosuinum Cholinum,EVCLIDIS,False,False,True,False,False,True,True,False,False,False,False,False,False,False,True,False,False,True,False,False,True,True,3,True,1,True,0,False,0,False,0,False,3,True,unrelated,unrelated,unrelated,unrelated,unrelated,unrelated,unrelated
Cologne_1602,,1602,Cologne,LATIN,François de Foix-Candale,Jean di Tournes,Theoretical Mathematics,,,unrelated,unrelated,unrelated,unrelated,unrelated,unrelated,unrelated,unrelated,unrelated,unrelated,unrelated,unrelated,unrelated,unrelated,unrelated,unrelated,unrelated,unrelated,primary,unrelated,restituta | collati sunt | polliciti | accessit | RESTITVTA | ADIMPLETIS | Accessit | collati | polliciti,GERMANAM | AD GERMANAM GEOMETRIAE INTELLIGENTIAM,"EVCLIDIS MEGARENSIS MATHEMATICI CLARISSIMI ELEMENTA, LIBRIS XV",decimussextus liber | decimusseptimus | decimusoctauus | decimussextus liber | decimusseptimus & decimusoctauus,decimussextus liber | decimusseptimus | decimusoctauus,"AD GERMANAM GEOMETRIAE INTELLIGENTIAM, E DIVERSIS LAPSIBVS TEMPORIS INIVRIA CONTRACTIS RESTITUTA, ADIMPLETIS PRAETER MAIORVM SPEM, QUAE HACTEnus deerant, solidorum regu-larium conferentijs ac inscriptionibus | AD GERMANAM GEOMETRIAE INTELLIGENTIAM, E DIVERSIS LAPSIBVS TEMPORIS INIVRIA CONTRACTIS RESTITVTA, ADIMPLETIS PRAETER MAIORVM SPEM, QVAE HACTEnus deerant, solidorum regu-larium conferentijs ac inscriptionibus",1602,CAROLVM IX. CHRISTIANISSIMVM GALLIARVM REGEM,MEGARENSIS MATHEMATICI CLARISSIMI | EVCLIDIS MEGARENSIS MATHEMATICI CLARISSIMI,GERMANAM,"E DIVERSIS LAPSIBVS TEMPORIS INIVRIA CONTRACTIS RESTITUTA | Nouissimè collati sunt decimusseptimus & decimusoctauus, priori editioni quodammodo polliciti | Nouissimè collati sunt decimusseptimus & decimusoctauus, priori editioni quodammodo polliciti",D,FRANCISCO FLVSSATE CAN-DALLA,,"EVCLIDIS MEGARENSIS MATHEMATICI CLARISSIMI ELEMENTA, LIBRIS XV | ELEMENTA, LIBRIS XV","solidorum regu-larium conferentijs ac inscriptionibus | de componendorum, inscribendo-rum, & conferendorum compositorum solidorum inuentis | solidorum regularium sibi inuicem inscriptorum collationibus | solidorum regularium",,COLONIAE VBIORVM | LVTETIAE PARISIORVM,,,,EVCLIDIS,True,True,True,True,True,True,True,True,True,True,True,True,True,False,True,True,False,True,False,False,False,True,4,True,5,True,3,True,3,True,2,True,2,True,unrelated,primary,unrelated,unrelated,unrelated,unrelated,unrelated
Cologne_1607,,1607,Cologne,LATIN,"Jean Magnien, Étienne Gracile",Goswinus Cholinus,Theoretical Mathematics,,,unrelated,unrelated,unrelated,unrelated,unrelated,unrelated,unrelated,unrelated,unrelated,unrelated,unrelated,unrelated,unrelated,unrelated,unrelated,unrelated,unrelated,unrelated,primary,unrelated,ACCESSIT | collati | emendati | aucti,,EVCLIDIS ELEMENTORVM LIBRI XV,LIBER XVI. DE QVINQVE SOLIDORVM REGVLARIVM inter se com- paratione,LIBER XVI. DE QVINQVE SOLIDORVM REGVLARIVM,,M. D. CVII,,,,,ij è Societ. IESV,CHRISTOphori Clauij,,EVCLIDIS ELEMENTORVM LIBRI XV,"AD EXEMPLARIA R.P. CHRISTOphori Clauij è Societ. IESV, & aliorum collati, emendati & aucti",Societ. IESV,COLONIAE,,,Apud Gosuinum Cholinum,EVCLIDIS,True,False,True,True,True,False,True,False,False,False,False,True,True,False,True,True,True,True,False,False,True,True,3,True,4,True,1,True,3,True,1,True,3,True,unrelated,primary,unrelated,unrelated,unrelated,unrelated,unrelated
Cologne_1607a,,1607,Cologne,LATIN,Antonio Possevino,Ioannem Gymnicum,Theoretical Mathematics,,Music Theory,unrelated,unrelated,unrelated,unrelated,unrelated,unrelated,unrelated,unrelated,unrelated,unrelated,unrelated,unrelated,unrelated,unknown,unrelated,unrelated,unrelated,unrelated,primary,unrelated,RECOGNITA | AVCTA | distributa | ADDITVS | EDITA,,,,,,M.D.CVII,,,,"RECOGNITA NOVISSIME AB EODEM, ET AVCTA, & in duos Tomos distributa | TRIPLEX ADDITVS INDEX | PERMISSV AVCTORIS NVNC PRIMVM IN GERMANIA EDITA",,,,,TRIPLEX ADDITVS INDEX,SOCIETATIS IESV BIBLIOTHECA SELECTA | SOCIETATIS IESV BIBLIO-THECAE SELECTÆ,Ioannem Gym-nicum sub Monocerote,,,Ioannem Gym-nicum,,True,False,False,False,False,False,True,False,False,False,True,False,False,False,False,True,True,True,False,False,True,False,0,False,1,True,2,True,1,True,1,True,3,True,unrelated,primary,unrelated,unrelated,unrelated,unrelated,unknown
Cologne_1612,,1612,Cologne,LATIN,Étienne Gracile,Gosuinus Cholinus,Theoretical Mathematics,,,unrelated,unrelated,unrelated,unrelated,unrelated,unrelated,unrelated,unrelated,unrelated,unrelated,unrelated,unrelated,unrelated,unrelated,unrelated,unrelated,unrelated,unrelated,primary,unrelated,,,EVCLIDIS ELEMENTORVM LIBRI XV,,,"QVIBVS, CVM AD OMNEM MATHEMATICAE SCIENTIAE PARTEM, TVM AD QVAMLIbet Geometriæ tractationem facilis comparatur aditus",M. D. CXII,,,,,,,,EVCLIDIS ELEMENTORVM LIBRI XV,,,COLONIAE Apud Gosuinum Cholinum,,,,EVCLIDIS | EVCLIDIS ELEMENTORVM,False,False,True,False,False,True,True,False,False,False,False,False,False,False,True,False,False,True,False,False,False,True,3,True,1,True,0,False,0,False,0,False,2,True,unrelated,primary,unrelated,unrelated,unrelated,unrelated,unrelated
Cologne_1627,,1627,Cologne,LATIN,"Jean Magnien, Étienne Gracile",Petrus Cholinus,Theoretical Mathematics,,,unrelated,unrelated,unrelated,unrelated,unrelated,unrelated,unrelated,unrelated,unrelated,unrelated,unrelated,unrelated,unrelated,unrelated,unrelated,unrelated,unrelated,unrelated,primary,unrelated,collati | emendati | aucti,,EVCLIDIS ELEMENTORVM LIBRI XV,LIBER XVI. DE QVINque solidorum Regularium inter se comparatione,DE QVINque solidorum Regularium inter se comparatione,,M. DC. XXVII,,,,hac postrema editione,,,,EVCLIDIS ELEMENTORVM LIBRI XV,AD EXEMPLARIA,Societ. IESV,COLONIAE,,,Apud Petrum Cholinum,EVCLIDIS,True,False,True,True,True,False,True,False,False,False,True,False,False,False,True,True,True,True,False,False,True,True,3,True,2,True,2,True,3,True,1,True,3,True,unrelated,primary,unrelated,unrelated,unrelated,unrelated,unrelated
D40ZCO,"Heinrici Hofmanni Professoris Mathematici in der Universitet Jehna Teutscher Euclides, Das ist seiner Geometriæ Erster Theil/ Von derselben Elementen",1628,Jena,GERMAN,Heinrich Hofmann,Johan Weidner's Widow,,,,unrelated,unrelated,unrelated,unrelated,unrelated,unrelated,unrelated,unrelated,unrelated,unrelated,unrelated,unrelated,unrelated,unrelated,unrelated,unrelated,unrelated,unrelated,unrelated,unrelated,,,Teutscher Euclides,,,Das ist seiner Geometriæ Erster Theil/ Von derselben Elementen,1628,,Teutscher Euclides,,,Hofmanni Professoris Mathematici in der Universitet Jehna,Heinrici,,Euclides,,Universitet Jehna,daselbst,,,Johan Weiderns Witwe,Euclides,False,False,True,False,False,True,True,False,True,False,False,True,True,False,True,False,True,True,False,False,True,True,4,True,5,True,0,False,0,False,1,True,3,True,unrelated,unrelated,unrelated,unrelated,unrelated,unrelated,unrelated
DA54XK,"Abbreviations des plus difficiles Operations de Perspective Pratique. Soulagement tres-grand aux Curieux de cet Art; Principalement aux vrais Peintres, qui operent avec connoissance de raison. Par Nicolas Baytaz, Doyen de Nostre Dame d'Annecy.",1644,Annecy,FRENCH,Nicolas Baytaz,André Leyat,Perspective,,,unrelated,unrelated,unrelated,unrelated,unrelated,unrelated,unrelated,unrelated,unrelated,unrelated,unrelated,unrelated,unrelated,unrelated,unrelated,primary,unrelated,unrelated,unrelated,unrelated,,aux Curieux de cet Art | Principalement aux vrais Peintres,,,,,1644,,,,,Doyen de Nostre Dame d’Annecy,NICOLAS BATTAZ,,,,Nostre Dame d’Annecy,ANNECY,,,ANDRÉ LEYAT,,False,True,False,False,False,False,True,False,False,False,False,True,True,False,False,False,True,True,False,False,True,False,0,False,3,True,0,False,0,False,2,True,3,True,unrelated,unrelated,primary,unrelated,unrelated,unrelated,unrelated
DDUZGF,De institutione arithmetica,1488,Augsburg,LATIN,Erhard Ratdolt,Erhard Ratdolt,Arithmetic,,,unrelated,primary,unrelated,unrelated,unrelated,unrelated,unrelated,unrelated,unrelated,unrelated,unrelated,unrelated,unrelated,unrelated,unrelated,unrelated,unrelated,unrelated,unrelated,unrelated,,,,,,,,,,,,,,,,,,,,,,,False,False,False,False,False,False,False,False,False,False,False,False,False,False,False,False,False,False,False,False,False,False,0,False,0,False,0,False,0,False,0,False,0,False,primary,unrelated,unrelated,unrelated,unrelated,unrelated,unrelated
DMOHT7,"Seconde partie de la Perspective pratique qui donne une grande facilité à trouver les apparences de tous les corps solides, tant reguliers qu'irreguliers, penchez, renversez, inclinez, et declinez comme l'on voudra soit qu'ils posent sur terre, ou qu'ils",1647,Paris,FRENCH,Jean Du Breuil,François Langlois,Perspective,,,unrelated,unrelated,unrelated,unrelated,unrelated,unrelated,unrelated,unrelated,unrelated,unrelated,unrelated,unrelated,unrelated,unrelated,unrelated,primary,unrelated,unrelated,unrelated,unrelated,,,,,,,DC. XLVII,,,,,de la Compagnie de IESVS,VN RELIGIEVX,,,,Compagnie de IESVS,"PARIS | Chez la Vefue de FRANCOIS LANGLOIS, dict CHARTRES, ruë Sainct Iacques, aux Colomnes d'Hercule",,,la Vefue de FRANCOIS LANGLOIS,,False,False,False,False,False,False,True,False,False,False,False,True,True,False,False,False,True,True,False,False,True,False,0,False,3,True,0,False,0,False,1,True,3,True,unrelated,unrelated,primary,unrelated,unrelated,unrelated,unrelated
Douai_1620,,1620,Douai,LATIN,Charles Malapert de Mons,Belleri,,,,unrelated,unrelated,unrelated,unrelated,unrelated,unrelated,unrelated,unrelated,unrelated,unrelated,unrelated,unrelated,unrelated,unrelated,unrelated,unrelated,unrelated,unrelated,unrelated,unrelated,accommodauit,,EVCLIDIS ELEMENTORVM LIBRI SEX PRIORES,,,"Quorum demonstrationes tum alibi sparsim, tum maximè libro quinto ad facil-iorem captum",1620,,,,,Montensis è Societate IESV,CAROLVS MALAPERTIVS,,EVCLIDIS ELEMENTORVM LIBRI SEX PRIORES,"Quorum demonstrationes tum alibi sparsim, tum maximè libro quinto ad facil-iorem captum",Societate IESV,DVACI,,,Typis BALTAZARIS BELLERI sub Circino Aureo,EVCLIDIS,True,False,True,False,False,True,True,False,False,False,False,True,True,False,True,True,True,True,False,False,True,True,3,True,4,True,1,True,1,True,1,True,3,True,unrelated,unrelated,unrelated,unrelated,unrelated,unrelated,unrelated
Douai_1625,,1625,Douai,LATIN,Charles Malapert de Mons,,,,,unrelated,unrelated,unrelated,unrelated,unrelated,unrelated,unrelated,unrelated,unrelated,unrelated,unrelated,unrelated,unrelated,unrelated,unrelated,unrelated,unrelated,unrelated,unrelated,unrelated,accommodauit,,Euclidis ELEMENTORVM LIBRI SEX PRIORES,,,"Quorum demonstrationes tum alibi sparsim, tum maximè libro quinto ad facil-iorem captum | demonstrationes tum alibi sparsim, tum maximè libro quinto ad facil-iorem captum",1625 | 1633,,,,Editio altera emendatior,Montensis è Societate IESV,CAROLVS MALAPERTIVS,,Euclidis ELEMENTORVM LIBRI SEX PRIORES,demonstrationes,Societate IESV,DVACI,,,"Typis BALTAZARIS BELLERI, sub Circino aureo | Typis BALTAZARIS BELLERI",Euclidis,True,False,True,False,False,True,True,False,False,False,True,True,True,False,True,True,True,True,False,False,True,True,3,True,4,True,2,True,1,True,1,True,3,True,unrelated,unrelated,unrelated,unrelated,unrelated,unrelated,unrelated
E4JQEB,L'arithmetique demonstree ,1570,Paris,FRENCH,Pierre Forcadel,"Jérôme de Marnef, Guillaume Cavellat",Arithmetic,,,unrelated,primary,unrelated,unrelated,unrelated,unrelated,unrelated,unrelated,unrelated,unrelated,unrelated,unrelated,unrelated,unrelated,unrelated,unrelated,unrelated,unrelated,unrelated,unrelated,DEMONSTREE | TRA- DVITE | COMMENTEE,,,,,,1570,,,,,Lecteur du Roy ez Mathe- matiques,PIERRE FORCADEL,,,COMMENTEE,,"Chez Hierosme de Marnef, & Guillaume Cauellat, au mont S. Hilaire, à l'enseigne du Pelican",,,"Hierosme de Marnef, & Guillaume Cauellat",,True,False,False,False,False,False,True,False,False,False,False,True,True,False,False,True,False,True,False,False,True,False,0,False,2,True,1,True,1,True,0,False,3,True,primary,unrelated,unrelated,unrelated,unrelated,unrelated,unrelated
E7J0Y4,Le second livre de l'arithmetique ,1556,Paris,FRENCH,Pierre Forcadel,"Guillaume Cavellat, Benoît Prévost",Arithmetic,,,unrelated,primary,unrelated,unrelated,unrelated,unrelated,unrelated,unrelated,unrelated,unrelated,unrelated,unrelated,unrelated,unrelated,unrelated,unrelated,unrelated,unrelated,unrelated,unrelated,nouuellement inuenté,,LE SECOND LIVRE DE L'ARITHMETIQVE,,,"AVQVEL SERONT DECLAREES LES fractions vulgaires, auec leurs demonstrations, par les quantitez continues, & premieres causes des esgallissemens de l'Algebre",1557,,,,,,P. FOR- CADEL DE BEZIERS,,,,,"PARIS,Chez Guillaume Cauellat, à l'enseigne de la poulle grasse, deuant le college de Cambray",,,Chez Guillaume Cauellat,,True,False,True,False,False,True,True,False,False,False,False,False,True,False,False,False,False,True,False,False,True,False,1,True,1,True,1,True,0,False,0,False,3,True,primary,unrelated,unrelated,unrelated,unrelated,unrelated,unrelated
E8K2CK,Geometriæ speciosæ elementa,1659,Bologna,LATIN,Pietro Mengoli,Giovanni Battista Ferroni,Theoretical Mathematics,,,unrelated,unrelated,unrelated,unrelated,unrelated,unrelated,unrelated,unrelated,unrelated,unrelated,unrelated,unrelated,unrelated,unrelated,unrelated,unrelated,unrelated,unrelated,primary,unrelated,,,GEOMETRIAE SPECIOSAE ELEMENTA,,,"De potestatibus, à radice binomia, & residua | De innumerabilibus numerosis progressionibus | De quasi proportionibus | De rationibus logarithmicis | De proprijs rationum logarithmis | De innumerabilibus quadraturis",1659,,,,,I. V. Ph. D. Coll. Patr. Bonon. Archigymn. Mechanici,PETRI MENGOLI,,GEOMETRIAE SPECIOSAE ELEMENTA,,Coll. Patr. Bonon | Archigymn. Mechanici,BONONIAE,,,Typis Io. Baptistae Ferronij,,False,False,True,False,False,True,True,False,False,False,False,True,True,False,True,False,True,True,False,False,True,False,2,True,3,True,0,False,0,False,1,True,3,True,unrelated,primary,unrelated,unrelated,unrelated,unrelated,unrelated
EFXRG3,"Abrégé ou racourcy de la perspective par l'imitation, dans lequel est traicté du moyen de changer une perspective en une autre semblable; ensemble l'invention d'approprier deux ou plusieurs perspectives, ou parties d'icelles en une mesme",1631,Paris,FRENCH,Jean Louis Vaulézard,Jean Louis Vaulézard,Perspective,Instrument Use,,unrelated,unrelated,unrelated,unrelated,unrelated,unrelated,unrelated,unrelated,unrelated,unrelated,secondary,unrelated,unrelated,unrelated,unrelated,primary,unrelated,unrelated,unrelated,unrelated,,"à tous Peintres, Archite- ctes, Graueurs & autres qui se seruent du dessein",ABREGE' OV RACOVRCY DE LA PERSPECTIVE,,,"Dans lequel est traicté, du moyen de changer vne Perspective en vne autre semblable, ayant la distance & hauteur de l'œil, comme aussi les di- stances ou enfoncements des obiects plus grands ou moindres que leurs semblables en la primitiue: Ensemble l'inuention d'approprier deux ou plu- sieurs Perspectives, ou parties d'icelles en vne mesme, & souz vne mesme distance d'œil",XXXI,,,,,Mathematicien,Sieur DE VAVLEZARD,,,,,"A PARIS | Chez l'Autheur ruë Sainct Louis en l'Isle du Palais, proche l'enseigne des Pelerins",,,M. DC,,False,True,True,False,False,True,True,False,False,False,False,True,True,False,False,False,False,True,False,False,True,False,1,True,2,True,0,False,0,False,1,True,3,True,unrelated,unrelated,primary,secondary,unrelated,unrelated,unrelated
EJGRZN,"Élémens de géométrie, où par une méthode courte & aisée l'on peut apprendre ce qu'il faut sçavoir d'Euclide, d'Archimède, d'Apollonius, & les plus belles inventions des anciens & des nouveaux géomètres",1671,Paris,FRENCH,Ignace-Gaston Pardies,Sébastien Mabre-Cramoisy,Theoretical Mathematics,,,unrelated,unrelated,unrelated,unrelated,unrelated,unrelated,unrelated,unrelated,unrelated,unrelated,unrelated,unrelated,unrelated,unrelated,unrelated,unrelated,unrelated,unrelated,primary,unrelated,,,ELEMENS DE GEOMETRIE,,,OU PAR UNE METHODE COURTE & aisée l’on peut apprendre ce qu’il faut sçavoir,M. DC. LXXI,,,,,le P,IGNACE GASTON PARDIES,d’Euclide | d’Archimede | Euclide | Archimede | Ap- pollonius,ELEMENS DE GEOMETRIE,,Compagnie de JESUS,A PARIS,,,"Chez SEBASTIEN MARBRE-CRAMOISY, Imprimeur du Roy",d’Euclide,False,False,True,False,False,True,True,False,False,False,False,True,True,True,True,False,True,True,False,False,True,True,3,True,5,True,0,False,0,False,1,True,3,True,unrelated,primary,unrelated,unrelated,unrelated,unrelated,unrelated
EN496R,Les Cinq rangs de l'architecture,1617,Amsterdam,FRENCH,Hans Vredeman de Vries,Jean Janson,Architecture,Perspective,,primary,unrelated,unrelated,unrelated,unrelated,unrelated,unrelated,unrelated,unrelated,unrelated,unrelated,unrelated,unrelated,unrelated,unrelated,secondary,unrelated,unrelated,unrelated,unrelated,FAICTE | mises en perspecti- ve | Inuentees | taillees | corrigees | COMPOSEE | FAICTE PAR | reveuës,,LES CINQ RANGS DEL'ARCHITECTVRE,,,"A SCAVOIR,TVSCANE. DORIQVE. IONIQVE. CORINTHIAQVE. ET COMPOSEE",1617,,,,de nouveau reveuës & corrigees,,HENRY HONDIVS,Iean Vredeman Frison,,L'INSTRVCTION FONDAMENTALE | quelques belles ordonnances d'Architecture,,AMSTERDAM,,,Chez Iean Ianson Marchand libraire,,True,False,True,False,False,True,True,False,False,False,True,False,True,True,False,True,False,True,False,False,True,False,1,True,2,True,2,True,1,True,0,False,3,True,unrelated,unrelated,primary,unrelated,unrelated,unrelated,unrelated
EW54CX,Soli deo gloria. Ein schoener kurtzer extract der geometriae unnd perspectiuae wie die perspectiua ohne geometria nicht sein kan hernacher wie die perspectiua in ihren wercken auff drey weg zuverstehen. Welches alles den alten authoribus zu ehren damit derselben nicht vergessen werde inn diesen extract von newem allen liebhabern dieser kunst zum besten verfast ist,1599,Nuremberg,GERMAN,Paul Pfinzing,Valentin Fuhrmann,Perspective,,Practical Geometry | Theoretical Mathematics,unrelated,unrelated,unrelated,unrelated,unrelated,unrelated,unrelated,unrelated,unrelated,unrelated,unrelated,unrelated,unrelated,unrelated,unrelated,primary,unknown,unrelated,unknown,unrelated,Gedruckt | verfasset,,,,,,,,,,,Kissingensem Francum,M. PAULUM NICANDRUM,,,,,,,Cum Gratia & Priuilegio Elect. Sax,,,True,False,False,False,False,False,False,False,False,False,False,True,True,False,False,False,False,False,False,True,False,False,0,False,2,True,1,True,0,False,0,False,1,True,unrelated,unknown,primary,unrelated,unrelated,unrelated,unrelated
Edinburgh_1795,"Elements of Geometry, containing the first six books of Euclid with two books on the geometry of solids",1795,Edinburgh,ENGLISH,John Playfair,"Bell, Bradfute",Theoretical Mathematics | Trigonometry,,,unrelated,unrelated,unrelated,unrelated,unrelated,unrelated,unrelated,unrelated,unrelated,unrelated,unrelated,unrelated,unrelated,unrelated,unrelated,unrelated,unrelated,unrelated,primary,primary,CONTAINING | ARE ADDED,,THE FIRST SIX BOOKS OF EUCLID,TWO BOOKS ON THE GEOMETRY OF SOLIDS | ELEMENTS OF PLANE AND SPHERICAL TRIGONOMETRY,GEOMETRY OF SOLIDS | PLANE AND SPHERICAL TRIGONOMETRY,,M.DCC.XCV,,,,,F.R.S. EDIN | Professor of Mathematics in the University of Edinburgh,JOHN PLAYFAIR,,ELEMENTS OF GEOMETRY,ELEMENTS OF PLANE AND SPHERICAL TRIGONOMETRY,University of Edinburgh,EDINBURGH | LONDON,,,BELL & BRADFUTE | G. G. & J. ROBINSON,EUCLID,True,False,True,True,True,False,True,False,False,False,False,True,True,False,True,True,True,True,False,False,True,True,3,True,4,True,1,True,3,True,1,True,3,True,unrelated,primary,unrelated,unrelated,unrelated,unrelated,unrelated
FA6MQ0,"The Pathway to Knowledg, containing the First Principles of Geometrie",1551,London,ENGLISH,Robert Recorde,Reyner Wolfe,Instrument Use | Practical Geometry,,,unrelated,unrelated,unrelated,unrelated,unrelated,unrelated,unrelated,unrelated,unrelated,unrelated,primary,unrelated,unrelated,unrelated,unrelated,unrelated,primary,unrelated,unrelated,unrelated,CONTAINING,for all sortes of men,THE FIRST PRINciples of Geometrie,,,"as they may moste aptly be applied vnto practise, bothe for vse of instrumentes Geometricall, and astronomicall and also for proiection of plattes in euerye kinde, and therfore much necessary",,,,,,,,,,,,,,,,,True,True,True,False,False,True,False,False,False,False,False,False,False,False,False,False,False,False,False,False,False,False,1,True,0,False,1,True,0,False,1,True,0,False,unrelated,primary,unrelated,primary,unrelated,unrelated,unrelated
Ferrara_1587,Della nuova geometria,1587,Ferrara,ITALIAN,Francesco Patrizi,Vittorio Baldini,Theoretical Mathematics,,Architecture | Practical Geometry,unknown,unrelated,unrelated,unrelated,unrelated,unrelated,unrelated,unrelated,unrelated,unrelated,unrelated,unrelated,unrelated,unrelated,unrelated,unrelated,unknown,unrelated,primary,unrelated,,LE VOLENTI,,,,"Ne' quali con mirabile ordine, e con dimostrazioni d'amarauglia più facili, e più forti del le usate | si vede che le Matematiche per via Regia, e più piana che da gli antichi fatto non s'è, si possono trattare",1587,Serenissimo Carlo Emanuele Duca di Savoia,,,,,FRANC. PATRICI,,,,,FERRARA,,,Vittorio Baldini Stampator Ducale,,False,True,False,False,False,True,True,True,False,False,False,False,True,False,False,False,False,True,False,False,True,False,0,False,2,True,0,False,0,False,2,True,3,True,unrelated,primary,unknown,unrelated,unrelated,unrelated,unrelated
Ferrara_1628,,1628,Ferrara,LATIN,Caterino Doino,Franciscum Succium,,,,unrelated,unrelated,unrelated,unrelated,unrelated,unrelated,unrelated,unrelated,unrelated,unrelated,unrelated,unrelated,unrelated,unrelated,unrelated,unrelated,unrelated,unrelated,unrelated,unrelated,,Ad PerIllm. et Eccum,EVCLIDIS ELEMENTORVM Libri VI,,,,1628,D.D. Ioannem Libiolam Philosophu¯ . ac Medicum. insignum,,,,,,,EVCLIDIS ELEMENTORVM Libri VI,,,Ferrariae,,,Catharini Doini | Franciscum Succium Superiorum,EVCLIDIS,False,True,True,False,False,False,True,True,False,False,False,False,False,False,True,False,False,True,False,False,True,True,3,True,2,True,0,False,0,False,2,True,3,True,unrelated,unrelated,unrelated,unrelated,unrelated,unrelated,unrelated
Florence_1573,,1573,Florence,ITALIAN,Ignazio Danti,Giunti,Perspective,,,unrelated,unrelated,unrelated,unrelated,unrelated,unrelated,unrelated,unrelated,unrelated,unrelated,unrelated,unrelated,unrelated,unrelated,unrelated,primary,unrelated,unrelated,unrelated,unrelated,Tradotta | data,,LA PROSPETTIVA DI EVCLIDE,LA PROSPET-TIVA DI Eliodoro Larisseo Cauata della Libreria Vaticana,LA PROSPET-TIVA DI Eliodoro Larisseo,"Nella quale si tratta di quelle cose, che per raggi diritti si veggono: & di quelle, che con raggi ref-lessi nelli SPECCHI appariscono",MDLXXIII,,,,nuouamente data in luce,R. P. M | Cosmografo del Seren. Gran Duca di Toscana,Egnatio Danti,,LA PROSPETTIVA DI EVCLIDE,Con alcune sue An-notationi de’luoghi piu importanti,Libreria Vaticana,FIORENZA,,,Stamperia de’Giunti,EVCLIDE,True,False,True,True,True,True,True,False,False,False,True,True,True,False,True,True,True,True,False,False,True,True,3,True,4,True,2,True,3,True,1,True,3,True,unrelated,unrelated,primary,unrelated,unrelated,unrelated,unrelated
Florence_1674,"Quinto Libro degli Elementi di Euclide, ovvero Scienza Universale delle Proporzioni spiegata colla dottrina del Galileo",1674,Florence,ITALIAN,Vincenzo Viviani,,Theoretical Mathematics,,,unrelated,unrelated,unrelated,unrelated,unrelated,unrelated,unrelated,unrelated,unrelated,unrelated,unrelated,unrelated,unrelated,unrelated,unrelated,unrelated,unrelated,unrelated,primary,unrelated,difesa | pubblicata | spiegata,,QVINTO LIBRO DEGLI ELEMENTI D’EVCLIDE,"del TORRICELLI | I Ragguali | Aggiuntivi cose varie, e del GALILEO, e del TORRICELLI; I Ragguali dell’ultime Opere loro, con altro, che dall’Indice si manifesta",TORRICELLI | I Ragguali | GALILEO,SCIENZA VNIVERSALE DELLE PROPORZIONI SPIEGATA COLLA DOTTRINA DEL GALILEO,M. DC. LXXIV,PRINCIPE CARDINALE DE’ MEDICI,,,"Con nuovo ordine difesa, e per la prima volta pubblicata",ultimo suo Discepolo,Vincenzio Viviani,GALILEO | TORRICELLI,QVINTO LIBRO DEGLI ELEMENTI D’EVCLIDE,cose varie | I Ragguali,,"FIRENZE, Alla Condotta",,,,D’EVCLIDE,True,False,True,True,True,True,True,True,False,False,True,True,True,True,True,True,False,True,False,False,False,True,3,True,5,True,2,True,3,True,1,True,2,True,unrelated,primary,unrelated,unrelated,unrelated,unrelated,unrelated
Florence_1690,"Elementi piani, e solidi agl'illustrissimi sig. dell'Accademia de' nobili",1690,Florence,ITALIAN,Vincenzio Viviani,Cesare e Francesco Bindi,Theoretical Mathematics,,,unrelated,unrelated,unrelated,unrelated,unrelated,unrelated,unrelated,unrelated,unrelated,unrelated,unrelated,unrelated,unrelated,unrelated,unrelated,unrelated,unrelated,unrelated,primary,unrelated,distesa | pubblicata,,"ELEMENTI PIANI, E SOLIDI D’EVCLIDE | QVINTO LIBRO DEGLI ELEMENTI D’EVCLIDE",,,OVVERO SCIENZA VNIVERSALE DELLE PROPORZIONI SPIEGATA COLLA DOTTRINA DEL GALILEO,1690,ILLVSTRISSIMI SIG. DELL’ACCADEMIA DE’ NOBILI,,,"Con nuov’ordine distesa, e pubblicata da Vincenzio Viviani ultimo suo Discepolo",,Vincenzio Viviani,GALILEO,"ELEMENTI PIANI, E SOLIDI D’EVCLIDE | QVINTO LIBRO DEGLI ELEMENTI D’EVCLIDE",,ACCADEMIA DE’ NOBILI,IN FIRENZE,,,"Da Cesare, e Francesco Bindi | Per Cesare, e Francesco Bindi",D’EVCLIDE | DEGLI ELEMENTI D’EVCLIDE,True,False,True,False,False,True,True,True,False,False,True,False,True,True,True,False,True,True,False,False,True,True,3,True,5,True,2,True,0,False,2,True,3,True,unrelated,primary,unrelated,unrelated,unrelated,unrelated,unrelated
Frankfurt_1506,Algorithmus mercatorrum variis proposicionibus eorundem contractibus inseruientibus multum decoratus,1506,Frankfurt,LATIN,Ambrosius Lacher,,,,Commercial Mathematics,unrelated,unrelated,unrelated,unrelated,unknown,unrelated,unrelated,unrelated,unrelated,unrelated,unrelated,unrelated,unrelated,unrelated,unrelated,unrelated,unrelated,unrelated,unrelated,unrelated,,,,,,,,,,,,,,,,,,,,,,,False,False,False,False,False,False,False,False,False,False,False,False,False,False,False,False,False,False,False,False,False,False,0,False,0,False,0,False,0,False,0,False,0,False,unknown,unrelated,unrelated,unrelated,unrelated,unrelated,unrelated
Frankfurt_1607,,1607,Frankfurt,LATIN,Christopher Clavius,Nicolai Hoffmanni,Theoretical Mathematics,,,unrelated,unrelated,unrelated,unrelated,unrelated,unrelated,unrelated,unrelated,unrelated,unrelated,unrelated,unrelated,unrelated,unrelated,unrelated,unrelated,unrelated,unrelated,primary,unrelated,Accessit | nunc quartò editi | locupletati,,EVCLIDIS ELEMENTORVM LIBRI XV | EVCLIDIS POSTERIORES LIBRI IX,liber XVI. De Solidorum Regularium cuiuslibet intra quodlibet comparatione,De Solidorum Regularium,,M. DC. VII,,,,"nunc quartò editi, ac multarum rerum accessione post primam editionem locupletati",Bambergensi è Societate IESV,CHRISTOPHORO CLAVIO,,EVCLIDIS ELEMENTORVM LIBRI XV | EVCLIDIS POSTERIORES LIBRI IX,"OMNES PERSPICVIS DEMONSTRAtionibus, accuratísque scholiis illustrati",Societate IESV,,,,Nicolai Hoffmanni | Jonæ Rhodii,EVCLIDIS,True,False,True,True,True,False,True,False,False,False,True,True,True,False,True,True,True,False,False,False,True,True,3,True,4,True,2,True,3,True,1,True,2,True,unrelated,primary,unrelated,unrelated,unrelated,unrelated,unrelated
Frankfurt_1654,"Euclidis Posteriores Libri IX Accessit liber XVI. De Solidorum Regularium cuiuslibet intra quodlibet comparatione, Omnes Perspicuis Demonstrationibus, accuratisque scholiis illustrati Auctore Christophoro Clavio Bambergensi e Societate Jesu: nunc quarto editi, ac multarum rerum accessione post primam editionem locupletati",1654,Frankfurt,LATIN,Christopher Clavius,Heirs of Jonas Rose,Theoretical Mathematics,,,unrelated,unrelated,unrelated,unrelated,unrelated,unrelated,unrelated,unrelated,unrelated,unrelated,unrelated,unrelated,unrelated,unrelated,unrelated,unrelated,unrelated,unrelated,primary,unrelated,Accessit | editi | locupletati | illustrati,,EUCLIDIS ELEMENTORUM LIBRI XV | EUCLIDIS POSTERIORES LIBRI IX,Accessit liber XVI. De Solidorum Regularium,De Solidorum Regularium,"OMNES PERSPICVIS DEMONSTRATIONIbus accuratisque scholiis illustrati | OMNES PERSPICUIS DEMONSTRAtionibus, accuratisque scholiis illustrati",M.DC.LIV,,,,nunc quartò editi | post primam editionem locupletati,Bambergensi è Societate IESV | Bambergensi è Societate IESU,CHRISTOPHORO CLAVIO,,EUCLIDIS ELEMENTORUM LIBRI XV | EUCLIDIS POSTERIORES LIBRI IX,ac multarum rerum accessione | post primam editionem locupletati | scholiis illustrati,Societate IESV | Societate IESU,FRANCOFVRTI | FRANCOFURTI,,,Sumptibus hæredum JONÆ ROSÆ | Sumtibus hæredum IONÆ ROSÆ,EUCLIDIS,True,False,True,True,True,True,True,False,False,False,True,True,True,False,True,True,True,True,False,False,True,True,3,True,4,True,2,True,3,True,1,True,3,True,unrelated,primary,unrelated,unrelated,unrelated,unrelated,unrelated
Frankfurt_1674,,1674,Frankfurt,LATIN,Gaspar Schott,Johann Arnold Cholini,,Mechanics,,unrelated,unrelated,unrelated,unrelated,unrelated,unrelated,unrelated,unrelated,unrelated,unrelated,unrelated,secondary,unrelated,unrelated,unrelated,unrelated,unrelated,unrelated,unrelated,unrelated,digesta | disposita | Additis | Accesserunt,"quivis, vel mediocri præditus ingenio",Libros XXVIII,THEORESES MECHANICÆ NOVÆ,THEORESES MECHANICÆ NOVÆ,SIVE ABSOLUTA OMNIUM MATHEMATICARUM DISCIPLINARUM ENCYCLOPÆDIA,M DC LXXIV,,,,,"REGISCURIANI E SOCIET. JESU Olim in Panormitano Siciliæ, nunc in Herbipolitano Franconiæ ejusdem SOCIETATIS JESU Gymnasio Matheseos Professoris CURSUS MATHEMATICUS",P. GASPARIS SCHOTTI,,,Additis Indicibus locupletissimis,SOCIETATIS JESU Gymnasio Matheseos,FRANCOFURTI AD MOENUM,,,JOANNIS ARNOLDI CHOLINI,,True,True,True,True,True,True,True,False,False,False,False,True,True,False,False,True,True,True,False,False,True,False,1,True,3,True,1,True,3,True,2,True,3,True,unrelated,unrelated,unrelated,unrelated,unrelated,secondary,unrelated
G2T7OK,Instruction en la science de perspective,1625,The Hague,FRENCH,Hendrik Hondius,Hendrik Hondius,Perspective,,,unrelated,unrelated,unrelated,unrelated,unrelated,unrelated,unrelated,unrelated,unrelated,unrelated,unrelated,unrelated,unrelated,unrelated,unrelated,primary,unrelated,unrelated,unrelated,unrelated,,,,,,,1625,,,,,,HENRY HONDIVS,,,,,the Hague,,,HENRY HONDIUS,,False,False,False,False,False,False,True,False,False,False,False,False,True,False,False,False,False,True,False,False,True,False,0,False,1,True,0,False,0,False,0,False,3,True,unrelated,unrelated,primary,unrelated,unrelated,unrelated,unrelated
G5IUDY,"Zwey Bücher, das erste von der ohne und durch die Arithmetica gefundenen Perspectiva, das andere von dem dartzu gehörigen Schatten / Andreas Albertus",1623,Nuremberg,GERMAN,Andreas Albrecht,Simon Halbmaier,Perspective,Arithmetic,,unrelated,secondary,unrelated,unrelated,unrelated,unrelated,unrelated,unrelated,unrelated,unrelated,unrelated,unrelated,unrelated,unrelated,unrelated,primary,unrelated,unrelated,unrelated,unrelated,,,,Das erste Von der Ohne vnd durch die Arithmetica gefundenen PERSPECTIVA | Das andere Von dem darzu gehörigen Schatten,PERSPECTIVA | Schatten,,,,,,,,ANDREÆ ALBERTI,,,,,Nürnberg,,Cum S: C: Maiest: Priuilegio,Simon Halbmayrn,,False,False,False,True,True,False,False,False,False,False,False,False,True,False,False,False,False,True,False,True,True,False,0,False,1,True,0,False,2,True,0,False,3,True,secondary,unrelated,primary,unrelated,unrelated,unrelated,unrelated
GD0NV0,"Pantographice, seu ars delineandi res quaslibet per parallelogrammum lineare seu cauum, mechanicum, mobile, libellis duobus explicata, & demonstrationibus geometricis illustrata",1631,Rome,LATIN,Christoph Scheiner,Lodovico Grignani,Instrument Use | Perspective | Practical Geometry,Mechanics,,unrelated,unrelated,unrelated,unrelated,unrelated,unrelated,unrelated,unrelated,unrelated,unrelated,primary,secondary,unrelated,unrelated,unrelated,primary,primary,unrelated,unrelated,unrelated,explicata | illustrata,,,,,,M. DC. XXXI,,,,,,CHRISTOPHORI SCHEINER,,,Demonstrationibus Geometricis illustrata,SOCIETATE IESV GERMANO-SVEVI,ROMAE,,,Ex Typographia Ludouici Grignani,,True,False,False,False,False,False,True,False,False,False,False,False,True,False,False,True,True,True,False,False,True,False,0,False,2,True,1,True,1,True,1,True,3,True,unrelated,primary,primary,primary,unrelated,secondary,unrelated
GDC2CP,"Archimedis opera quae extant, novis demonstrationibus commentariisque illustrata",1615,Paris,LATIN,David Rivault,Claude Morel,Theoretical Mathematics,,,unrelated,unrelated,unrelated,unrelated,unrelated,unrelated,unrelated,unrelated,unrelated,unrelated,unrelated,unrelated,unrelated,unrelated,unrelated,unrelated,unrelated,unrelated,primary,unrelated,ILLVSTRATA,,ARCHIMEDIS OPERA,,,QVAE EXTANT,CIƆ IƆC XV,,,,,"à FLVRANTIA, Ceno- manum, è Regiâ Turma aurea Cubiculi, sanctiori- busque regni Consiliis & à literarum pietatiqueq́ue studiis Christianissimi Gallorum & Nauarræ Regis LVDOVICI XIII. semper Augusti",DAVIDEM RIVALTUM,,,NOVIS DEMONSTRATIONIBVS | COMMENTARIISQVE ILLVSTRATA,Regiâ Turma aurea Cubiculi | Nauarræ Regis,"PARISIIS | via Iacobæa, ad insigne Fontis",,,Apud CLAVDIVM MORELLVM,,True,False,True,False,False,True,True,False,False,False,False,True,True,False,False,True,True,True,False,False,True,False,1,True,3,True,1,True,1,True,1,True,3,True,unrelated,primary,unrelated,unrelated,unrelated,unrelated,unrelated
GDIHEX,"Pratica di fabricar scene, e machine ne' teatri. Ristampata di novo coll'aggiunta del secondo libro",1638,Ravenna,ITALIAN,Nicola Sabbattini,"Pietro De Paoli, Giovanni Battista Giovannelli",Construction | Mechanics | Perspective,,,unrelated,unrelated,unrelated,unrelated,unrelated,primary,unrelated,unrelated,unrelated,unrelated,unrelated,primary,unrelated,unrelated,unrelated,primary,unrelated,unrelated,unrelated,unrelated,aggiunti,,PRATICA DI FABRICAR SCENE E MACHINE NE' TEATRI,,,,,,,,,,ELENA POVOLEDO,,,documenti inediti | disegni originali,EDIZIONI D'ARTE,,,,,,True,False,True,False,False,False,False,False,False,False,False,False,True,False,False,True,True,False,False,False,False,False,1,True,2,True,1,True,1,True,1,True,0,False,unrelated,unrelated,primary,unrelated,unrelated,primary,unrelated
GGD02E,La pratica di prospettiua del cavalier Lorenzo Sirigatti al serenissimo Ferdinando Medici granduca di Toscana,1596,Venice,ITALIAN,Lorenzo Sirigatti,Girolamo De Franceschi,Perspective,,Architecture | Instrument Use | Practical Geometry,unknown,unrelated,unrelated,unrelated,unrelated,unrelated,unrelated,unrelated,unrelated,unrelated,unknown,unrelated,unrelated,unrelated,unrelated,primary,unknown,unrelated,unrelated,unrelated,,,,,,,MDXCVI | MDCXXV,"AL SER.MO FERDINANDO MEDICI GRANDVCA Di Toscana | AL SER.MO ET INVITTISS.MO LADISLAO SIGISMONDO PRINCIPE DI POLONIA, E DI SVEZIA",,,,,CAVALIERE LORENZO Sirigatti,,,,,VENETIA,,,Girolamo Franceschi Sanese Libraio in Firenze,,False,False,False,False,False,False,True,True,False,False,False,False,True,False,False,False,False,True,False,False,True,False,0,False,2,True,0,False,0,False,1,True,3,True,unrelated,unknown,primary,unknown,unrelated,unrelated,unrelated
GY5QLD,Euclidis Megarensis Mathematici Clarissimi Elementorum geometricorum Lib. XV,1537,Basel,LATIN,Bartolomeo Zamberti,Johann Herwagen,Astronomy | Theoretical Mathematics,,,unrelated,unrelated,primary,unrelated,unrelated,unrelated,unrelated,unrelated,unrelated,unrelated,unrelated,unrelated,unrelated,unrelated,unrelated,unrelated,unrelated,unrelated,primary,unrelated,donata | adiecta,,Elementorum geometricorum Lib. XV,Phaenomena | Catoptrica | Optica | Protheoria Marini | Data | Opusculum de Leui et Ponderoso,Phaenomena | Catoptrica | Optica | Protheoria Marini | Data | Opusculum de Leui et Ponderoso,,M.D.XXXVII,,Euclidis Megarensis Mathematici Clarissimi,latinitate,expositione Theonis in priores XIII | à Bartholomaeo Veneto latinitate donata,,,Theonis | Bartholomaeo Veneto | Campani | Hypsiclis Alexandria,Elementorum geometricorum Lib. XV,Phaenomena | Catoptrica et Optica | Protheoria Marini et Data | Opusculum de Leui et Ponderoso,,Basilae apud Iohannem Hervagium,,,Iohannem Hervagium,Euclidis,True,False,True,True,True,False,True,False,True,True,True,False,False,True,True,True,False,True,False,False,True,True,4,True,3,True,3,True,3,True,0,False,3,True,unrelated,primary,unrelated,unrelated,primary,unrelated,unrelated
Geneva_1611,Les six premiers livres des Eléments géométriques,1611,Geneva,FRENCH,"Jacques Peletier, Jean de Tournes",Jean di Tournes,,,,unrelated,unrelated,unrelated,unrelated,unrelated,unrelated,unrelated,unrelated,unrelated,unrelated,unrelated,unrelated,unrelated,unrelated,unrelated,unrelated,unrelated,unrelated,unrelated,unrelated,Traduicts | dediés,,LES SIX PREMIERS LIVRES DES ELEMENTS GEOME- TRIQVES D’EVCLIDE | LES SIX PREMIERS LIVRES DES ELEMENTS GEOMETRIQVES D’EVCLIDE,LES DEMONSTRATIONS DE IACQVES PELETIER du Mans,LES DEMONSTRATIONS DE IACQVES PELETIER,,M. DC. XI | M. DC. XXVIII,Noblesse françoise,,françois,,du Mans,Jaques Peletier,,LES SIX PREMIERS LIVRES DES ELEMENTS GEOME- TRIQVES D’EVCLIDE | LES SIX PREMIERS LIVRES DES ELEMENTS GEOMETRIQVES D’EVCLIDE,AVEC LES DEMONSTRA- tions,,,,,De l’Imprimerie DE IEAN DE TOVRNES | De l’Imprimerie & frais de Iean de Tournes,EVCLIDE,True,False,True,True,True,False,True,True,False,True,False,True,True,False,True,True,False,False,False,False,True,True,3,True,4,True,2,True,3,True,1,True,2,True,unrelated,unrelated,unrelated,unrelated,unrelated,unrelated,unrelated
Glasgow_1756,Euclidis Elementorum libri priores sex item undecimus et duodecimus ex versione latina Federici Commandini,1756,Glasgow,LATIN,Robert Simson,"Robert Foulis, Andrew Foulis",Theoretical Mathematics,,,unrelated,unrelated,unrelated,unrelated,unrelated,unrelated,unrelated,unrelated,unrelated,unrelated,unrelated,unrelated,unrelated,unrelated,unrelated,unrelated,unrelated,unrelated,primary,unrelated,Sublatis | Vitiati | Restitutis,,"LIBRI PRIORES SEX, ITEM UNDECIMUS ET DUODECIMUS",,,,M.DCC.LVI,,,,"EX VERSIONE LATINA FEDERICI COMMANDINI | Sublatis iis quibus olim Libri hi a THEONE, aliisve, Vitiati sunt, Et quibusdam EUCLIDIS Demonstrationibus Restitutis",In Academia Glasguensi Matheseos Professore,ROBERTO SIMSON,THEONE,EUCLIDIS ELEMENTORUM,Et quibusdam EUCLIDIS Demonstrationibus Restitutis,Academia Glasguensi,"GLASGUAE, IN AEDIBUS ACADEMICIS",LATINA,,ROBERTUS ET ANDREAS FOULIS ACADEMIAE TYPOGRAPHI,EUCLIDIS | EUCLIDIS ELEMENTORUM | EUCLIDIS Demonstrationibus,True,False,True,False,False,False,True,False,False,False,True,True,True,True,True,True,True,True,True,False,True,True,3,True,5,True,3,True,1,True,1,True,3,True,unrelated,primary,unrelated,unrelated,unrelated,unrelated,unrelated
Graz_1636,Euclidis sex primi elementorum geometricorum libri cum parte undecimi ex majoribus Clavij commentarijs in commodiorem forma contracti,1636,Graz,LATIN,"Christopher Clavius, Christoph Grienberger, Jacobus Honoratus Durandus",Heirs of Ernst Widmanstetter,,Trigonometry,,unrelated,unrelated,unrelated,unrelated,unrelated,unrelated,unrelated,unrelated,unrelated,unrelated,unrelated,unrelated,unrelated,unrelated,unrelated,unrelated,unrelated,unrelated,unrelated,secondary,contracti | Accessit,,EVCLIDIS SEX PRIMI ELEMENTORUM GEOMETRICO- RUM LIBRI CUM PARTE UNDECIMI,"ferme ex Clavio BREVIS TRIGNONOMEtria planorum, cum Tabulis Sinuum, Tangentium, & Secantium, ad partes Radij 100000 per sex prima scrupula graduum",BREVIS TRIGNONOMEtria,Ex majoribus Clavij com-mentarijs in commodiorem formam contracti,M. DC. XXXVI,,,,,è SOCIETATE JESU | HONORATVM DVRANDVM EIVSDEM SOCIETATIS,P. CHRISTOPHO-RUM GRIENBERGERUM | P. JACOBVM,,EVCLIDIS SEX PRIMI ELEMENTORUM GEOMETRICORUM LIBRI CUM PARTE UNDECIMI,,SOC IETATE JESU | EIVSDEM SOCIETATIS,Apud Hæredes ERNESTI WIDMANSTADII,,,GRÆCII,EVCLIDIS,True,False,True,True,True,True,True,False,False,False,False,True,True,False,True,False,True,True,False,False,True,True,3,True,4,True,1,True,2,True,1,True,3,True,unrelated,secondary,unrelated,unrelated,unrelated,unrelated,unrelated
HFRLRC,Onderwijsinge in de perspective conste,1623,The Hague,DUTCH,Hendrik Hondius,Hendrik Hondius,Perspective,,,unrelated,unrelated,unrelated,unrelated,unrelated,unrelated,unrelated,unrelated,unrelated,unrelated,unrelated,unrelated,unrelated,unrelated,unrelated,primary,unrelated,unrelated,unrelated,unrelated,,,OPTICA,,,OFTE PERSPECTIVE KONSTE,,,,,,,HENRICUS HONDIUS,,,,,"AMSTERDAM | de Kalverstraet, by den Dam, in de witte Pascaert",,,"FREDERICK DE WIT, Konst-verkooper",,False,False,True,False,False,True,False,False,False,False,False,False,True,False,False,False,False,True,False,False,True,False,1,True,1,True,0,False,0,False,0,False,2,True,unrelated,unrelated,primary,unrelated,unrelated,unrelated,unrelated
Halle_1758,"Euklid’s Geometrie, oder die sechs ersten Bücher der Elemente nebst dem eilften und zwölften aus dem Griechichen übersetz",1773,Halle,GERMAN,Johann Friedrich Lorenz,Weisenhaus,Theoretical Mathematics,,,unrelated,unrelated,unrelated,unrelated,unrelated,unrelated,unrelated,unrelated,unrelated,unrelated,unrelated,unrelated,unrelated,unrelated,unrelated,unrelated,unrelated,unrelated,primary,unrelated,übersetzt | aus dem Griechischen übersetzt,zum Gebrauch der Schulen,die sechs ersten Bücher der Elemente,,,nebst dem eilften und zwölften | Euklids Geometrie,1818 | 1781,,,,nach der dritten Ausgabe sämmtlicher sechs Bücher der Elemente,,Johann Friedrich Lorenz,,die sechs ersten Bücher der Elemente,nebst dem eilften und zwölften Buche,,Halle und Berlin | Buchhandlung des Hallischen Waisenhauses | HALLE,aus dem Griechischen,,Buchhandlung des Hallischen Waisenhauses | Verlag der Buchhandlung des Waisenhauses,Euklid’s | Euklids,True,True,True,False,False,True,True,False,False,False,True,False,True,False,True,True,False,True,True,False,True,True,3,True,2,True,3,True,1,True,1,True,3,True,unrelated,primary,unrelated,unrelated,unrelated,unrelated,unrelated
Hamburg_1633,,1633,Hamburg,DUTCH,Jacob Willemsz,Volrad Gaubisch,Theoretical Mathematics,,,unrelated,unrelated,unrelated,unrelated,unrelated,unrelated,unrelated,unrelated,unrelated,unrelated,unrelated,unrelated,unrelated,unrelated,unrelated,unrelated,unrelated,unrelated,primary,unrelated,VERTAELT | Verroten,,EVCLIDES ZES EERSTE BOEKKEN,,,VANDE BEGINSELEN DER VViskonsten,1633,,,NEERDVYTS,,,Iacob VVillemsz,,EVCLIDES ZES EERSTE BOEKKEN,,,HAMBURG,,,VOLRAD GAUBISCH,EVCLIDES,True,False,True,False,False,True,True,False,False,True,False,False,True,False,True,False,False,True,False,False,True,True,3,True,2,True,2,True,0,False,0,False,3,True,unrelated,primary,unrelated,unrelated,unrelated,unrelated,unrelated
Hamburg_1638,,1638,Hamburg,DUTCH,Jacob Willemsz,Hendrik Werner,Theoretical Mathematics,,,unrelated,unrelated,unrelated,unrelated,unrelated,unrelated,unrelated,unrelated,unrelated,unrelated,unrelated,unrelated,unrelated,unrelated,unrelated,unrelated,unrelated,unrelated,primary,unrelated,vertaald,,EUKLIDES ZES EERSTE BOEKKEN,,,VANDE BEGINSE- LEN DER WISKONSTEN,1638,,,Neerduids,,VERROOTEN van Haerlem,JACOB WILLEMSZ,,EUKLIDES ZES EERSTE BOEKKEN,,,HAMBURG,,,HENDRIK WERNER,EUKLIDES,True,False,True,False,False,True,True,False,False,True,False,True,True,False,True,False,False,True,False,False,True,True,3,True,3,True,2,True,0,False,0,False,3,True,unrelated,primary,unrelated,unrelated,unrelated,unrelated,unrelated
Hardy-1,,1643,Paris,FRENCH,Claude Hardy,Robert Sara,Theoretical Mathematics,,,unrelated,unrelated,unrelated,unrelated,unrelated,unrelated,unrelated,unrelated,unrelated,unrelated,unrelated,unrelated,unrelated,unrelated,unrelated,unrelated,unrelated,unrelated,primary,unrelated,REFVTATION,,,,,,XXXXIII,,,,,,,Mr de Laleu,,,,M,,,DC,Euclide,True,False,False,False,False,False,True,False,False,False,False,False,False,True,False,False,False,True,False,False,True,True,1,True,2,True,1,True,0,False,0,False,3,True,unrelated,primary,unrelated,unrelated,unrelated,unrelated,unrelated
Hardy-2,,1643,Paris,FRENCH,Claude Hardy,Robert Sara,Theoretical Mathematics,,,unrelated,unrelated,unrelated,unrelated,unrelated,unrelated,unrelated,unrelated,unrelated,unrelated,unrelated,unrelated,unrelated,unrelated,unrelated,unrelated,unrelated,unrelated,primary,unrelated,monstré | imprimé | demonstré,,De la fausse Quadrature du Cercle du SIEVR DE LALEV,"Quadrature du Cercle & Double du Cube, imprimé & resouë par P. de V, imprimé à la Rochelle en l’an 1619 | NVLLITE’ DES DEMONSTRATIONS",Quadrature du Cercle & Double du Cube | NVLLITE’ DES DEMONSTRATIONS,si souvent agitée depuis vingt-quatre ans,XXXXIII,,,,TROISIEME REFVTATION,Auteur,I. Pujos,,,six ou sept signalées FAVSSETEZ,,,,,M. DC,,True,False,True,True,True,True,True,False,False,False,True,True,True,False,False,True,False,False,False,False,True,False,1,True,2,True,2,True,3,True,0,False,2,True,unrelated,primary,unrelated,unrelated,unrelated,unrelated,unrelated
Hardy-3,,1613,Paris,FRENCH,Claude Hardy,Jean Sara,,,,unrelated,unrelated,unrelated,unrelated,unrelated,unrelated,unrelated,unrelated,unrelated,unrelated,unrelated,unrelated,unrelated,unrelated,unrelated,unrelated,unrelated,unrelated,unrelated,unrelated,Composee | Traduicte,,,,,,DC. XIII,,,en François,,"Parisien, aagé de neuf ans",CLAVDE HARDY,ERASME,,,,"PARIS | ruë S. Iean de Beauuais, deuant les Escholes de Decret",en Latin,,IEAN SARA,,True,False,False,False,False,False,True,False,False,True,False,True,True,True,False,False,False,True,True,False,True,False,0,False,3,True,3,True,0,False,0,False,3,True,unrelated,unrelated,unrelated,unrelated,unrelated,unrelated,unrelated
Hardy-4,"La nullité, futilité, ou niaiserie, et fausseté de la prétendue quadratrice, mise au jour par Jacques Pujos en un libelle imprimé à Roüen en l'année 1642. chez Guillaume Loyselet, ruë Gantiere. Ou de plus il est monstré que cette quadratrice est une vieil",1643,Paris,FRENCH,Claude Hardy,Robert Sara,Theoretical Mathematics,,Trigonometry,unrelated,unrelated,unrelated,unrelated,unrelated,unrelated,unrelated,unrelated,unrelated,unrelated,unrelated,unrelated,unrelated,unrelated,unrelated,unrelated,unrelated,unrelated,primary,unknown,mise au jour | imprimé,,,,,,1643,,,,,,Jacques Pujos,,,,,"Paris, chez Robert Sara",,,Robert Sara,,True,False,False,False,False,False,True,False,False,False,False,False,True,False,False,False,False,True,False,False,True,False,0,False,1,True,1,True,0,False,0,False,3,True,unrelated,primary,unrelated,unrelated,unrelated,unrelated,unrelated
Hardy-5,"Troisieme refutation de la fausse quadrature du cercle de M. de Laleu, si souvent agitee depuis vingt-quatre ans. Où il est monstré par une demonstration lineaire, & independante de la quarante-septiesme du premier livre d'Euclide, que le quarré des huict",1644,Paris,FRENCH,Claude Hardy,Robert Sara,Theoretical Mathematics,,,unrelated,unrelated,unrelated,unrelated,unrelated,unrelated,unrelated,unrelated,unrelated,unrelated,unrelated,unrelated,unrelated,unrelated,unrelated,unrelated,unrelated,unrelated,primary,unrelated,,,du premier livre d'Euclide,,,,,,,,,,,M. de Laleu,du premier livre d'Euclide,,,,,,,Euclide,False,False,True,False,False,False,False,False,False,False,False,False,False,True,True,False,False,False,False,False,False,True,3,True,2,True,0,False,0,False,0,False,0,False,unrelated,primary,unrelated,unrelated,unrelated,unrelated,unrelated
Hardy-6,"Seconde refutation de la prétendue quadrature du cercle. Remise au jour és page 130. & 131. du livre intitulé, Propositions mathematiques de monsieur de La Leu, demonstrées par J. Pujos, imprimé en l'an 1638. Où il est demonstré que le quarré des huict ne",1641,Paris,FRENCH,Claude Hardy,Robert Sara,Theoretical Mathematics,,,unrelated,unrelated,unrelated,unrelated,unrelated,unrelated,unrelated,unrelated,unrelated,unrelated,unrelated,unrelated,unrelated,unrelated,unrelated,unrelated,unrelated,unrelated,primary,unrelated,Remise au jour | imprimé,,Propositions mathematiques,,,Où il est demonstré que le quarré des huict ne,,,,,Seconde refutation | Remise au jour,,,,,,,,,,,,True,False,True,False,False,True,False,False,False,False,True,False,False,False,False,False,False,False,False,False,False,False,1,True,0,False,2,True,0,False,0,False,0,False,unrelated,primary,unrelated,unrelated,unrelated,unrelated,unrelated
I9PE2Y,Astronomia Nova,1609,Heidelberg,LATIN,Johannes Kepler,"Vögelin, Gotthard",Astronomy,,,unrelated,unrelated,primary,unrelated,unrelated,unrelated,unrelated,unrelated,unrelated,unrelated,unrelated,unrelated,unrelated,unrelated,unrelated,unrelated,unrelated,unrelated,unrelated,unrelated,tradita,,ASTRONOMIA NOVA,,,PHYSICA COELESTIS,cIɔ Iɔ c Ix,RVDOLPHI II. ROMANORVM IMPERATORIS,,,,,,G. V. TICHONIS BRAHE,,tradita commentariis DE MOTIBVS STELLÆ MARTIS,,Pragæ,,,JOANNE KEPLERO,,True,False,True,False,False,True,True,True,False,False,False,False,False,True,False,True,False,True,False,False,True,False,1,True,2,True,1,True,1,True,1,True,3,True,unrelated,unrelated,unrelated,unrelated,primary,unrelated,unrelated
IC4Y79,De expetendis et fugiendis rerum opus,1501,Venice,LATIN,Giorgio Valla,"Aldo Manuzio, Giampietro Valla",Arithmetic | Theoretical Mathematics,Architecture | Instrument Construction | Instrument Use,,secondary,primary,unrelated,unrelated,unrelated,unrelated,unrelated,unrelated,unrelated,secondary,secondary,unrelated,unrelated,unrelated,unrelated,unrelated,unrelated,unrelated,primary,unrelated,,,elementorum Euclidis,"De Arithmetica libri.iiii.ubi quædam a Boetio prætermissa tractantur | De Musica libri.v.sed primo de inuentione, & commoditate eius | De Geometria libri.vi.in quibus elementorum Euclidis difficultates omnes fere exponuntur, ubi etiam de Mechanicis spiritalibus, Catoptricis, ac Opticis, deq; quadrato circuli habetur tractatus | De tota Astrologia libri.iiii.in qua fabrica, usus, astrolabij exaratur, & quæ si- gnorum in exhibendis medicaminibus sit habenda obseruatio | De Physiologia libri.iiii.ubi & Methaphysices qđã lectu q̃ dignũ.utilissimaq̃ | De Medicina libri.vii.ubi de simplicium natura per ordinem litterarum | Problematum liber unus | De Grammatica libri.iiii | De Dialectica libri.iiii | De Poetica liber unus | De Rhetorica libri.ii | De Morali Philosophia liber unus | De Oeconomia, siue administratione domus libri.iii.in quibus de Architectu- ra, req; rustica suus est locus | Politicon unicum uolumen, ubi de iure ciuili, ac pontificio primum. Mox de le gibus in uniuersum. Inde de re militari agitur | De Corporis commodis, & incommodis libri.iii.quorum primus totus de ani- ma. Secūdus de corpore. Tertius uero de urinis ex Hippocrate, ac Paulo agi- tur, deq; Galeni quæstionibus in Hippocratem | De Rebus externis liber unus, ac ultimus, ubi de Gloria, Amplitudine, & cæte- ris huiusmodi","De Arithmetica | De Musica | De Geometria | De tota Astrologia | De Physiologia | De Medicina | Problematum | De Grammatica | De Dialectica | De Poetica | De Rhetorica | De Morali Philosophia | De Oeconomia | Politicon | De Corporis commodis, & incommodis | De Rebus externis",difficultates omnes fere exponuntur,1501,,,,,,GEORGII VALLAE PLACENTINI,Boetio | Hippocrate | Paulo | Galeni,elementorum Euclidis,,,"Venezia, in aedibus Aldo I Manuzio",,,Giampietro Valla,Euclidis,False,False,True,True,True,True,True,False,False,False,False,False,True,True,True,False,False,True,False,False,True,True,3,True,3,True,0,False,2,True,0,False,3,True,primary,primary,secondary,secondary,unrelated,unrelated,unrelated
Ingolstadt_1617,Euclidis elementorum geometricorum libri sex priores,1617,Ingolstadt,LATIN,Johann Lanz,Angermayer,,,,unrelated,unrelated,unrelated,unrelated,unrelated,unrelated,unrelated,unrelated,unrelated,unrelated,unrelated,unrelated,unrelated,unrelated,unrelated,unrelated,unrelated,unrelated,unrelated,unrelated,dati | impressi | dicati | in lucem dati,studiosæ iuuentutis,"EVCLIDIS ELEMENTORVM GEOMETRICORVM, LIBRI SEX PRIORES | EVCLIDIS ELEMENTORVM GEOMETRICORVM LIBRI SEX PRIORES",,,,1629 | M.DC.XVII,NOBILISSIMIS ACADEMIAE A PORTV ARDENTIBVS | IOANNE LANZ,,,Et nunc recens impressi | Noua interpretatione,SOCIETATIS IESV,IOANNE LANZ,,"EVCLIDIS ELEMENTORVM GEOMETRICORVM, LIBRI SEX PRIORES | EVCLIDIS ELEMENTORVM GEOMETRICORVM LIBRI SEX PRIORES",,ACADEMIAE | SOCIETATIS IESV,Bononiæ | INGOL-STADII,,,"apud Hæredes Ioannis Rossij, & C | Ex Typographeo Ederiano apud Elisabetham Angermariam, viduam",EVCLIDIS,True,True,True,False,False,False,True,True,False,False,True,True,True,False,True,False,True,True,False,False,True,True,3,True,5,True,2,True,0,False,3,True,3,True,unrelated,unrelated,unrelated,unrelated,unrelated,unrelated,unrelated
Innsbruck_1634,,1634,Innsbruck,LATIN,Andreas Arzet,,,,,unrelated,unrelated,unrelated,unrelated,unrelated,unrelated,unrelated,unrelated,unrelated,unrelated,unrelated,unrelated,unrelated,unrelated,unrelated,unrelated,unrelated,unrelated,unrelated,unrelated,APERITUR | Accommodavit | SELEGIT | Accommodavit | ADITUS | APERITUR,PER VISITATORES,EUCLIDIS SEX PRIORIBUS ELEMENTORUM LIBRIS,,,ET FACILIOREM AD CAPTUM | ET FACILIOREM AD CAPTVM,M.DC.XXXIV | M. DC. XXXVI,,,,,S. I,ANDREAS ARZET S. I | ANDREAS ARZET,,EUCLIDIS SEX PRIORIBUS ELEMENTORUM LIBRIS,DEMONSTRATIONES,S. I,OENIPONTE,,,Apud Danielem Agricola,EUCLIDIS,True,True,True,False,False,True,True,False,False,False,False,True,True,False,True,True,True,True,False,False,True,True,3,True,4,True,1,True,1,True,2,True,3,True,unrelated,unrelated,unrelated,unrelated,unrelated,unrelated,unrelated
JT4H92,"The first booke of architecture, made by Sebastian Serly, entreating of geometrie. Translated out of Italian into Dutch, and out of Dutch into English.",1611,London,ENGLISH,Sebastiano Serlio,"Simon Stafford, Thomas Snodham, Robert Peake",Architecture,,Practical Geometry,primary,unrelated,unrelated,unrelated,unrelated,unrelated,unrelated,unrelated,unrelated,unrelated,unrelated,unrelated,unrelated,unrelated,unrelated,unrelated,unknown,unrelated,unrelated,unrelated,made | Translated,,The first Booke of Architecture,,,entrea- ting of Geometrie,1611,,,into Dutch | into English,,,Sebastian Serly,,,,,"LONDON | Holborne conduit, next to the Sunne Tauerne",out of Italian | out of Dutch,,Robert Peake,,True,False,True,False,False,True,True,False,False,True,False,False,True,False,False,False,False,True,True,False,True,False,1,True,1,True,3,True,0,False,0,False,3,True,unrelated,unknown,primary,unrelated,unrelated,unrelated,unrelated
JTRIRS,"La pratica della perspettiua di monsignor Daniel Barbaro eletto patriarca d'Aquileia. Opera molto utile a pittori, a scultori, & ad architetti",1569,Venice,ITALIAN,Daniele Barbaro,"Rutilio Borgominieri, Camillo Borgominieri",Perspective,Architecture | Practical Geometry,,secondary,unrelated,unrelated,unrelated,unrelated,unrelated,unrelated,unrelated,unrelated,unrelated,unrelated,unrelated,unrelated,unrelated,unrelated,primary,secondary,unrelated,unrelated,unrelated,,"A PITTORI, SCVLTORI, ET ARCHITETTI",LA PRATICA DELLA PERSPETTIVA,,,,,,,,,MONSIGNOR | ELETTO PATRIARCA D'AQVILEIA,DANIEL BARBARO,,,,,,,,,,False,True,True,False,False,False,False,False,False,False,False,True,True,False,False,False,False,False,False,False,False,False,1,True,2,True,0,False,0,False,1,True,0,False,unrelated,secondary,primary,unrelated,unrelated,unrelated,unrelated
JTZKPV,"Pictoribus, fabris erariis ac lignariis quatuor his suarum institutionum geometricarum libris, lineas, superficies et solida corpora tractavit",1532,Paris,LATIN,"Albrecht Dürer, Joachim Camerarius",Chrestien Wechel,Construction | Instrument Use | Practical Geometry,,,unrelated,unrelated,unrelated,unrelated,unrelated,primary,unrelated,unrelated,unrelated,unrelated,primary,unrelated,unrelated,unrelated,unrelated,unrelated,primary,unrelated,unrelated,unrelated,versus,"Pictoribus, Fabris æreis ac lignariis, Lapicidis, Statuariis, & universis demum qui circino, gnomone, libella, aut alioqui certa mensura opera sua examinant",,,,,M. D. XXXII,,,in Latinam,,,,,,,,"Lutetiae apud Christianum Wechelum, in via Iacobæa, sub scuto Basiliensi",Germanica lingua,,Christianum Wechelum,,True,True,False,False,False,False,True,False,False,True,False,False,False,False,False,False,False,True,True,False,True,False,0,False,0,False,3,True,0,False,1,True,3,True,unrelated,primary,primary,primary,unrelated,unrelated,unrelated
JXC181,La pratica della perspettiva,1569,Venice,ITALIAN,Daniele Barbaro,"Rutilio Borgominieri, Camillo Borgominieri",Perspective,Architecture | Practical Geometry,,secondary,unrelated,unrelated,unrelated,unrelated,unrelated,unrelated,unrelated,unrelated,unrelated,unrelated,unrelated,unrelated,unrelated,unrelated,primary,secondary,unrelated,unrelated,unrelated,,"a Pittori, a Scultori, & ad Architetti",,,,,M D LXVIII,,,,,ELETTO PATRIARCA D'AQVILEIA,DANIEL BARBARO,,,"Con due tavole, una de' capitoli principali, l'altra delle cose più notabili contenute nella presente opera",,VENETIA,,CON PRIVILEGIO,"Appresso Camillo, & Rutilio Borgominieri fratelli, al Segno di S. Giorgio",,False,True,False,False,False,False,True,False,False,False,False,True,True,False,False,True,False,True,False,True,True,False,0,False,2,True,0,False,1,True,1,True,4,True,unrelated,secondary,primary,unrelated,unrelated,unrelated,unrelated
JZ3MT9,"Ideae mathematicae pars prima, sive methodus polygonorum, qua laterum, perimetrorum & arearum cujuscunque polygoni investigandorum ratio exactissima & certissima; una cum circuli quadratura continentur",1593,Antwerp,LATIN,Adriaen von Roomen,Johannes Keerberg,Practical Geometry,Theoretical Mathematics,,unrelated,unrelated,unrelated,unrelated,unrelated,unrelated,unrelated,unrelated,unrelated,unrelated,unrelated,unrelated,unrelated,unrelated,unrelated,unrelated,primary,unrelated,secondary,unrelated,,,,,,,XCIII,,,,,MEDICO ET MATHEMATICO,ADRIANO ROMANO LOVANIENSI,,,,,"ANTVERPIÆ, Apud Ioannem Keerbergium",,,Ioannem Keerbergium,,False,False,False,False,False,False,True,False,False,False,False,True,True,False,False,False,False,True,False,False,True,False,0,False,2,True,0,False,0,False,0,False,3,True,unrelated,primary,unrelated,unrelated,unrelated,unrelated,unrelated
Jena_1628,,1628,Jena,GERMAN,Heinrich Hofmann,,Theoretical Mathematics,,,unrelated,unrelated,unrelated,unrelated,unrelated,unrelated,unrelated,unrelated,unrelated,unrelated,unrelated,unrelated,unrelated,unrelated,unrelated,unrelated,unrelated,unrelated,primary,unrelated,,,Teutscher Eu- CLIDES,,,"Das ist, seiner GEOMETRIAE Erster Theil Von derselben Elementen",,,Teutscher Eu- CLIDES,,,PROFESSORIS MATHEMATICI in der Universität Jehna,HEINRICI HOFMANNI,,Teutscher Eu- CLIDES,,Universität Jehna,,,,,Eu- CLIDES,False,False,True,False,False,True,False,False,True,False,False,True,True,False,True,False,True,False,False,False,False,True,4,True,5,True,0,False,0,False,1,True,0,False,unrelated,primary,unrelated,unrelated,unrelated,unrelated,unrelated
K7DERJ,Geometria et perspectiva. Hier inn etliche zerbrochne gebew den schreinr in eingelegter arbait dienstlich auch vil andern liebhabern zu sondr gefallen geordnet unnd gestelt durch lorentz stöer maller burger inn Augspurg.,1567,Augsburg,GERMAN,Lorenz Stör,Hans Rogel,Perspective | Practical Geometry,Construction,,unrelated,unrelated,unrelated,unrelated,unrelated,secondary,unrelated,unrelated,unrelated,unrelated,unrelated,unrelated,unrelated,unrelated,unrelated,primary,primary,unrelated,unrelated,unrelated,geordnet | gestelt | nachzutrucken,vil andern Liebhabern,OCTAEDRON ELEVATVM SOLIDVM,,,GEOMETRIA ET PERSPECTIVA,,,,,,Maller Bürger Inn Augspurg,Lorenz Stöer,,,Etliche Zerbrochne Gebew den Schrainer In eingelegter Arbait,,,,Mit Rö. Kay. May. aller genedigiste Priuilegio nit nachzutrucken,,,True,True,True,False,False,True,False,False,False,False,False,True,True,False,False,True,False,False,False,True,False,False,1,True,2,True,1,True,1,True,1,True,1,True,unrelated,primary,primary,unrelated,unrelated,unrelated,unrelated
KLSGAN,"Newe Geometrische und Perspectivische Inventiones Etlicher sonderbahrer Instrument, die zum Perspectivischen Grundreissen der Pasteyen unnd Vestungen, wie auch zum Planimetrischen Grundlegen der Stätt, Feldläger und Landtschafften, deßgleichen zur Büchsen",1610,Frankfurt,GERMAN,Johannes Faulhaber,"Wolfgang Richter, Anton Humm",Instrument Use | Military Engineering | Perspective | Practical Geometry | Surveying,Instrument Construction,,unrelated,unrelated,unrelated,unrelated,unrelated,unrelated,unrelated,unrelated,unrelated,secondary,primary,unrelated,primary,unrelated,unrelated,primary,primary,primary,unrelated,unrelated,geordnet | gegeben,,,,,Etlicher sonderbahrer In- strument/ die zum Perspectiuiischen Grundreissen der Pasteyen vnnd Bestun- gen/ wie auch zum Planimetrischen Grundlegen der Stätt/ Feldläger vnd Landschafften/ deßgleichen zur Büchsenmeisterey sehr nützlich vnnd ge- brauchsam seynd,,,,,Newe,Rechenmeistern vnd Modisten,Johann Faulhabern,,,mit verständlichen Kupfferstücken,,,,,,,True,False,False,False,False,True,False,False,False,False,True,True,True,False,False,True,False,False,False,False,False,False,0,False,2,True,2,True,1,True,0,False,0,False,unrelated,primary,primary,primary,unrelated,primary,unrelated
KVSFF1,Éléments de géométrie avec des notes,1799,Paris,FRENCH,Adrien-Marie Legendre,Firmin Didot,Theoretical Mathematics,Trigonometry,,unrelated,unrelated,unrelated,unrelated,unrelated,unrelated,unrelated,unrelated,unrelated,unrelated,unrelated,unrelated,unrelated,unrelated,unrelated,unrelated,unrelated,unrelated,primary,secondary,REVUE | CORRIGÉE | AUGMENTÉE,,ÉLÉMENTS DE GÉOMÉTRIE | ÉLÉMENTS DE   GÉOMÉTRIE,,,,VIII | DCC. XCIV,,,,"SECONDE ÉDITION REVUE, CORRIGÉE ET AUGMENTÉE DE LA TRIGONOMÉTRIE",membre de l'Institut national,A. M. LE GENDRE | ADRIEN-MARIE LEGENDRE,,ÉLÉMENTS DE GÉOMÉTRIE | ÉLÉMENTS DE   GÉOMÉTRIE,AVEC DES NOTES,Institut national,"PARIS | À PARIS, Chez FIRMIN DIDOT, rue de Thionville, No. 116",,,Chez FIRMIN DIDOT | FIRMIN DIDOT,,True,False,True,False,False,False,True,False,False,False,True,True,True,False,True,True,True,True,False,False,True,False,2,True,3,True,2,True,1,True,1,True,3,True,unrelated,primary,unrelated,unrelated,unrelated,unrelated,unrelated
Kiel_Hamburg_and_Leipzig_1697,"Samuel Reyhers, Icti, Bey der Hoch-Fürstl. Holst. Universität Codic. und Mathematum Prof. In Teutscher Sprache vorgestellter Euclides, Dessen VI. erste Bücher auf sonderbahre Art, Mit Algebraischen Zeichen, also eingerichtet sind, daß man derselben Beweise auch in andern Sprachen gebrauchen kan",1697,"Hamburg, Leipzig",GERMAN,Samuel Reyher,,Theoretical Mathematics,,,unrelated,unrelated,unrelated,unrelated,unrelated,unrelated,unrelated,unrelated,unrelated,unrelated,unrelated,unrelated,unrelated,unrelated,unrelated,unrelated,unrelated,unrelated,primary,unrelated,vorgestellter,,"EUCLIDES, Dessen VI. erste Bücher",,,"auf sonderbahre Art, Mit Algebraischen Zeichen",1697,,,Teutscher,,"JCti, Bey der Hoch-Fürstl. Holst. Universität Codic. und Mathematum Prof",Samuel Reyhers,,"EUCLIDES, Dessen VI. erste Bücher",Mit Algebraischen Zeichen,Universität Codic,Kiel | Hamburg und Leipzig,,,Benjamin Schillern,EUCLIDES,True,False,True,False,False,True,True,False,False,True,False,True,True,False,True,True,True,True,False,False,True,True,3,True,4,True,2,True,1,True,1,True,3,True,unrelated,primary,unrelated,unrelated,unrelated,unrelated,unrelated
Kiel_and_Leipzig_1699,,1699,"Kiel, Leipzig",GERMAN,Samuel Reyher,Joachim Reumann,,,,unrelated,unrelated,unrelated,unrelated,unrelated,unrelated,unrelated,unrelated,unrelated,unrelated,unrelated,unrelated,unrelated,unrelated,unrelated,unrelated,unrelated,unrelated,unrelated,unrelated,vorgestellter | eingerichtet,,EUCLIDES,,,"Dessen VI. erste Bücher auf sonderbahre und sehr leichte Art, Mit Algebraischen, oder aus der neuesten Löse-Kunst entlehneten Zeichen, also dass man deroselben Beweiss auch in andern Sprachen gebrauchen kan",1699,,,Teutscher,,"JCti, Bey der Hoch-Fürstl. Holst. Universität Codic. und Mathematum Prof",Samuel Reyhers,,EUCLIDES,"Mit Algebraischen, oder aus der neuesten Löse-Kunst entlehneten Zeichen | auch des II. Buchs Vorträge nebst der gemeinen, auff Algebraische Ahrt beweisen",Universität Codic,Kiel | Leipzig,,,"Druckts Joachim Reumann, Academischer Buch-drucker | bey Johann Sebastian Riecheln, Academischen Buchführer daselbst",EUCLIDES,True,False,True,False,False,True,True,False,False,True,False,True,True,False,True,True,True,True,False,False,True,True,3,True,4,True,2,True,1,True,1,True,3,True,unrelated,unrelated,unrelated,unrelated,unrelated,unrelated,unrelated
L3XLGB,"La maniere de fere les solaires, que communement on appelle quadrans",1564,Poitiers,FRENCH,Elie Vinet,Enguilbert de Marnef,Gnomonics & Horology | Instrument Construction,Instrument Use | Practical Geometry,,unrelated,unrelated,unrelated,unrelated,unrelated,unrelated,unrelated,unrelated,primary,primary,secondary,unrelated,unrelated,unrelated,unrelated,unrelated,secondary,unrelated,unrelated,unrelated,,,,,,,M. D. LXIIII,,,,,,,,,,,,,,,,False,False,False,False,False,False,True,False,False,False,False,False,False,False,False,False,False,False,False,False,False,False,0,False,0,False,0,False,0,False,0,False,1,True,unrelated,secondary,unrelated,primary,unrelated,unrelated,unrelated
LQNZBJ,Deux livres l'un de la sphere qui est meue et l'autre du lever et coucher des estoilles ,1572,Paris,FRENCH,Pierre Forcadel,"Jérôme de Marnef, Guillaume Cavellat",Astronomy,Architecture,,secondary,unrelated,primary,unrelated,unrelated,unrelated,unrelated,unrelated,unrelated,unrelated,unrelated,unrelated,unrelated,unrelated,unrelated,unrelated,unrelated,unrelated,unrelated,unrelated,Traduictz,,,,,,1572,,,,,Lecteur du Roy ez Mathematiques,P. Forcadel,,,,,PARIS,,,"De l'Imprimerie de Hierosme de Marnef & Guil- laume Cauellat, au mont S. Hilaire à l'en- seigne du Pelican",,True,False,False,False,False,False,True,False,False,False,False,True,True,False,False,False,False,True,False,False,True,False,0,False,2,True,1,True,0,False,0,False,3,True,unrelated,unrelated,secondary,unrelated,primary,unrelated,unrelated
Lausanne_1683,"Les Élémens d'Euclide, expliquez d'une manière nouvelle …  par le P. Claude-François Milliet-Dechales",1683,Lausanne,FRENCH,Claude-François Milliet Dechales,David Gentil,,,,unrelated,unrelated,unrelated,unrelated,unrelated,unrelated,unrelated,unrelated,unrelated,unrelated,unrelated,unrelated,unrelated,unrelated,unrelated,unrelated,unrelated,unrelated,unrelated,unrelated,EXPLIQVEZ,,LES ELEMENS D’EUCLIDE,,,EXPLIQVEZ D’UNE MANIERE nouvelle & tres facile | AVEC L’VSAGE DE CHAQVE Proposition pour toutes les parties des Mathematiques,DC. LXXXIII,,,,,P,CLAVDE FRANÇOIS MILLIET DECHALES,,LES ELEMENS D’EUCLIDE,AVEC L’VSAGE DE CHAQVE Proposition,,LAUSANNE,,,Chez DAVID GENTIL,EUCLIDE,True,False,True,False,False,True,True,False,False,False,False,True,True,False,True,True,False,True,False,False,True,True,3,True,3,True,1,True,1,True,0,False,3,True,unrelated,unrelated,unrelated,unrelated,unrelated,unrelated,unrelated
Le_Mans_1663,,1663,Le Mans,FRENCH,Roland Fréart,IACQVES YSAMBART,Perspective | Theoretical Mathematics,,,unrelated,unrelated,unrelated,unrelated,unrelated,unrelated,unrelated,unrelated,unrelated,unrelated,unrelated,unrelated,unrelated,unrelated,unrelated,primary,unrelated,unrelated,primary,unrelated,TRADVITE | demonstrée,,LA PERSPECTIVE D’EVCLIDE,,,,M. DC. LXIII,,,EN FRANÇOIS,,DE CHANTELOV SIEVR DE CHAM-BRAY,ROL. FRÉART,,LA PERSPECTIVE D’EVCLIDE,,,"au Pont-neuf, à l’Enseigne du Sainct Esprit",LE TEXTE GREC,,"De l’Imprimerie de IACQVES YSAMBART Marchand Libraire, et Imprimeur",EVCLIDE,True,False,True,False,False,False,True,False,False,True,False,True,True,False,True,False,False,True,True,False,True,True,3,True,3,True,3,True,0,False,0,False,3,True,unrelated,primary,primary,unrelated,unrelated,unrelated,unrelated
Leiden_1599,,1599,Leiden,LATIN,Jean de la Pène,,Perspective,,,unrelated,unrelated,unrelated,unrelated,unrelated,unrelated,unrelated,unrelated,unrelated,unrelated,unrelated,unrelated,unrelated,unrelated,unrelated,primary,unrelated,unrelated,unrelated,unrelated,versa,,EVCLIDIS Optica & Catoptrica,,,,M. D. IC,Illustrissimum Principem Car-olum Lotharingum Cardinalem,,,,Regium Mathematicum,IOANNEM PENAM,,EVCLIDIS Optica & Catoptrica,,,LVGDVNI BATAVORVM,Græco,,Ex Typographeio Christophori Gujotij,EVCLIDIS,True,False,True,False,False,False,True,True,False,False,False,True,True,False,True,False,False,True,True,False,True,True,3,True,4,True,2,True,0,False,1,True,3,True,unrelated,unrelated,primary,unrelated,unrelated,unrelated,unrelated
Leiden_1606,De ses eerste boucken Euclidis,1606,Leiden,DUTCH,Jan Pietersz Dou,Jan Bouwensz,Theoretical Mathematics,Practical Geometry,,unrelated,unrelated,unrelated,unrelated,unrelated,unrelated,unrelated,unrelated,unrelated,unrelated,unrelated,unrelated,unrelated,unrelated,unrelated,unrelated,secondary,unrelated,primary,unrelated,verclaert | Over-gheset | uytgheleyt,,De ses eerste boucken EVCLIDIS,,,Van de beginselen ende fon-damenten der Geometri,1606,,,,,der stadt Leyden Lantmeter ende Wijn-roeyer,IAN PIETERSZOON DOV,,De ses eerste boucken EVCLIDIS,een cort byvouchsel | de specien in Geometrische figueren,,vvoonende opte Hooghelantsche Kerckgracht,,,Ian Bouvvensz,EVCLIDIS,True,False,True,False,False,True,True,False,False,False,False,True,True,False,True,True,False,True,False,False,True,True,3,True,3,True,1,True,1,True,0,False,3,True,unrelated,primary,unrelated,unrelated,unrelated,unrelated,unrelated
Leiden_1607,,1607,Leiden,DUTCH,Jan Pietersz Dou,Ian Iansz. Orlers,Practical Geometry,,,unrelated,unrelated,unrelated,unrelated,unrelated,unrelated,unrelated,unrelated,unrelated,unrelated,unrelated,unrelated,unrelated,unrelated,unrelated,unrelated,primary,unrelated,unrelated,unrelated,gevoecht | Overgheset | verclaert | uytgheleyt,"alle leergierige, liefhebbers der selver vryer Conste",De ses eerste Boucken EVCLIDIS,,,Van de beginselen ende fonda-menten der Geometri,1607,,,,,der stadt Leyden Lantmeter ende Wijnroeyer,IAN PIETERSZOON DOV,,De ses eerste Boucken EVCLIDIS,"by gevoecht sijn eenige nutticheden, uyt de selve Boecken ghetrocken | Mitsgaders de Specien in Geometrische figuren, als ’tmaecken, veranderen, ’t samenvougen, aftrecken, ver-menichvuldigen, ende deelen | Overgheset, verclaert, ende uytgheleyt",,Tot Leyden,,,"Voor Ian Iansz. Orlers, Boeckvercooper",EVCLIDIS,True,True,True,False,False,True,True,False,False,False,False,True,True,False,True,True,False,True,False,False,True,True,3,True,3,True,1,True,1,True,1,True,3,True,unrelated,primary,unrelated,unrelated,unrelated,unrelated,unrelated
Leiden_1615,,1615,Leiden,LATIN,Ludolph van Ceulen,,Arithmetic | Trigonometry,Theoretical Mathematics,,unrelated,primary,unrelated,unrelated,unrelated,unrelated,unrelated,unrelated,unrelated,unrelated,unrelated,unrelated,unrelated,unrelated,unrelated,unrelated,unrelated,unrelated,secondary,primary,translatae,,FUNDAMENTA ARITHMETICA ET GEOMETRICA,,,"cum communi usu In variis problematis, Geometricis, partim solo linearum ductu, partim per numeros irrationales, & tabulas sinuum, & Algebram solutis",cIo Io cxv,,,in Latinum,,,WIL. SN. R. F,,,,,LVGDVNI BATAVORVM,vernaculo,,Georgius Abrahami A Marcße,,True,False,True,False,False,True,True,False,False,True,False,False,True,False,False,False,False,True,True,False,True,False,1,True,1,True,3,True,0,False,0,False,3,True,primary,primary,unrelated,unrelated,unrelated,unrelated,unrelated
Leiden_1617,,1617,Leiden,DUTCH,Frans van Schooten,Govert Basson,Theoretical Mathematics,,,unrelated,unrelated,unrelated,unrelated,unrelated,unrelated,unrelated,unrelated,unrelated,unrelated,unrelated,unrelated,unrelated,unrelated,unrelated,unrelated,unrelated,unrelated,primary,unrelated,Overgeset | tsamenghestelt,,DE PROPOSITIEN vande xv. Boucken der Elementen Euclidis,,,,1617,,,,,Professor Matheseos tot Leyden,F.V. SCHOOTEN,,xv. Boucken der Elementen Euclidis,met corte verclaringen sommiger propositien,,,,,GOVERT BASSON,Euclidis,True,False,True,False,False,False,True,False,False,False,False,True,True,False,True,True,False,False,False,False,True,True,3,True,3,True,1,True,1,True,0,False,2,True,unrelated,primary,unrelated,unrelated,unrelated,unrelated,unrelated
Leiden_1692,,1692,Leiden,LATIN,Henrick Coets,Daniel van Gaesbeek,,,,unrelated,unrelated,unrelated,unrelated,unrelated,unrelated,unrelated,unrelated,unrelated,unrelated,unrelated,unrelated,unrelated,unrelated,unrelated,unrelated,unrelated,unrelated,unrelated,unrelated,ADORNATI,,EUCLIDIS ELEMENTORUM SEX LIBRI PRIORES,,,Magnam partem novis demonstrationibus ADORNATI,M DC XCI | M DC XCII,,,,,STVDIO | OPERA & STVDIO,HENRICI COETSII,,EUCLIDIS ELEMENTORUM SEX LIBRI PRIORES,novis demonstrationibus | Magnam partem novis demonstrationibus ADORNATI,,LUGDUNUM BATAVORUM | LUGDUNI BATAVORUM,,,Apud DANIELEM à GAESBEEK | DANIELEM à GAES-BEEK,EUCLIDIS,True,False,True,False,False,True,True,False,False,False,False,True,True,False,True,True,False,True,False,False,True,True,3,True,3,True,1,True,1,True,0,False,3,True,unrelated,unrelated,unrelated,unrelated,unrelated,unrelated,unrelated
Leiden_and_Amsterdam_1673,,1673,"Leiden, Amsterdam",LATIN,Christian Melder,"Daniel, Abraham, and Adriaan van Gaesbeeck",Theoretical Mathematics,,,unrelated,unrelated,unrelated,unrelated,unrelated,unrelated,unrelated,unrelated,unrelated,unrelated,unrelated,unrelated,unrelated,unrelated,unrelated,unrelated,unrelated,unrelated,primary,unrelated,Recogniti,,EVCLIDIS ELEMENTORVM SEX PRIORES LIBRI,OPERA CHRISTIANI MELDER,CHRISTIANI MELDER,,M DC LXXIII,,,,,Matheseos Prof,CHRISTIANI MELDER,,EVCLIDIS ELEMENTORVM SEX PRIORES LIBRI,,,LUGD | BATAV | AMST,,,"Apud DANIELEM, ABRA-HAMUM & ADRIANUM à GAESBEECK",EVCLIDIS,True,False,True,True,True,False,True,False,False,False,False,True,True,False,True,False,False,True,False,False,True,True,3,True,3,True,1,True,2,True,0,False,3,True,unrelated,primary,unrelated,unrelated,unrelated,unrelated,unrelated
Leipzig_1549,"Euclidis elementorum geometricorum libri sex, conversi in Latinum sermonem",1549,Leipzig,LATIN,"Joachim Kammermeister, Georg Joachim Rhäticus",Georg Joachim Rhäticus,,,,unrelated,unrelated,unrelated,unrelated,unrelated,unrelated,unrelated,unrelated,unrelated,unrelated,unrelated,unrelated,unrelated,unrelated,unrelated,unrelated,unrelated,unrelated,unrelated,unrelated,CONVERSI | Edebat,,EVCLIDIS ELEMENTORVM GEOMETRICORVM LIBRI SEX,,,,M. D. XLIX,,,LATINVM,,Lipsiæ | Rhet,Georg. Ioach,,EVCLIDIS ELEMENTORVM GEOMETRICORVM LIBRI SEX,ser- monem à Ioach. Camerario,,,,,EXPRIMENTE VALENTINO PAPA,Εuκλείδου | EVCLIDIS,True,False,True,False,False,False,True,False,False,True,False,True,True,False,True,True,False,False,False,False,True,True,3,True,3,True,2,True,1,True,0,False,2,True,unrelated,unrelated,unrelated,unrelated,unrelated,unrelated,unrelated
Leipzig_1577,EUCLIDIS ELEMENTORUM GEOMETRICORUM LIBRI SEX conuersi in latinum sermonem à Ioach,1577,Leipzig,LATIN,"Joachim Kammermeister, Moritz Valentin Steinmetz",Johannes Steinman,Theoretical Mathematics,,,unrelated,unrelated,unrelated,unrelated,unrelated,unrelated,unrelated,unrelated,unrelated,unrelated,unrelated,unrelated,unrelated,unrelated,unrelated,unrelated,unrelated,unrelated,primary,unrelated,conuersi | ADIECTÆ | editæ,stu-diosorum Mathematices in Acad. Lips,Εuκλείδου στοιχείων βίβλια Eξ. EVCLIDIS ELEMENTORVM GEOMETRICORVM LIBRI SEX,trium priorum librorum Demonstrationes,Demonstrationes,,M. D LXXVII,Ioach. Camerario,,latinum,conuersi in latinum sermonem,Camerario,Ioach,Mauritio Steinmetz,EVCLIDIS ELEMENTORVM GEOMETRICORVM LIBRI SEX,trium priorum librorum Demonstrationes,Acad. Lips,LIPSIÆ,,,,Εuκλείδου | EVCLIDIS,True,True,True,True,True,False,True,True,False,True,True,True,True,True,True,True,True,True,False,False,False,True,3,True,6,True,3,True,3,True,3,True,2,True,unrelated,primary,unrelated,unrelated,unrelated,unrelated,unrelated
Leipzig_1607,,1607,Leipzig,LATIN,Christoph Meurer,Abraham Lamberg,Theoretical Mathematics,,,unrelated,unrelated,unrelated,unrelated,unrelated,unrelated,unrelated,unrelated,unrelated,unrelated,unrelated,unrelated,unrelated,unrelated,unrelated,unrelated,unrelated,unrelated,primary,unrelated,,,EVCLIDIS OPTICA & CATOPTRICA,,,,1607,,,,,D. Mathematum Professoris,CHRISTOPHORI MEURERI,,EVCLIDIS OPTICA & CATOPTRICA,Programmate,,LIPSIAE,,,Excudebat Abraham Lamberg,EVCLIDIS,False,False,True,False,False,False,True,False,False,False,False,True,True,False,True,True,False,True,False,False,True,True,3,True,3,True,0,False,1,True,0,False,3,True,unrelated,primary,unrelated,unrelated,unrelated,unrelated,unrelated
Leipzig_1883,EUCLIDIS OPERA OMNIA,1883,Leipzig,"GREEK, LATIN","Johan Ludvig Heiberg, Heinrich Menge",B. G. Teubner,Theoretical Mathematics,,,unrelated,unrelated,unrelated,unrelated,unrelated,unrelated,unrelated,unrelated,unrelated,unrelated,unrelated,unrelated,unrelated,unrelated,unrelated,unrelated,unrelated,unrelated,primary,unrelated,EDIDERUNT,,EUCLIDIS OPERA OMNIA,,,,MDCCCLXXXV,,,,,,I. L. HEIBERG ET H. MENGE,,,,,LIPSIÆ,,,IN AEDIBUS B. G. TEUBNERI,EUCLIDIS,True,False,True,False,False,False,True,False,False,False,False,False,True,False,False,False,False,True,False,False,True,True,2,True,2,True,1,True,0,False,0,False,3,True,unrelated,primary,unrelated,unrelated,unrelated,unrelated,unrelated
Lisbon_1735,"Elementos de geometria plana, e solida, segundo a ordem de Euclides",1735,Lisbon,PORTUGUESE,Manoel de Campos,Rita Cassiana,Theoretical Mathematics,,,unrelated,unrelated,unrelated,unrelated,unrelated,unrelated,unrelated,unrelated,unrelated,unrelated,unrelated,unrelated,unrelated,unrelated,unrelated,unrelated,unrelated,unrelated,primary,unrelated,ACRESCENTADOS COM TRÊS UTEIS,PARA USO DA REAL AULA,"ELEMENTOS DE GEOMETRIA PLANA, E SOLIDA, SEGUNDO A ORDEM DE EUCLIDES",TRÊS UTEIS Appendices: o primeiro da Logística das Proporções: o segundo dos Theoremas selectos de Archimedes: e o terceiro da Quadratriz de Dinostrato,Logística das Proporções | Theoremas selectos de Archimedes | Quadratriz de Dinostrato,,M.DCC.XXXV,D. JOÃO V,PRINCEPE DOS GEOMETRAS,,ACRESCENTADOS COM TRÊS UTEIS,PADRE | Da mesma Companhia,MANOEL DE CAMPOS,Archimedes | Dinostrato,"ELEMENTOS DE GEOMETRIA PLANA, E SOLIDA, SEGUNDO A ORDEM DE EUCLIDES",o primeiro da Logística das Proporções | o segundo dos Theoremas selectos de Archimedes | o terceiro da Quadratriz de Dinostrato,Collegio de Santo Antão da Companhia de Jesus de Lisboa Occidental | Companhia de Jesus,LISBOA OCCIDENTAL,,,RITA-CASSIANA,EUCLIDES,True,True,True,True,True,False,True,True,True,False,True,True,True,True,True,True,True,True,False,False,True,True,4,True,7,True,2,True,3,True,3,True,3,True,unrelated,primary,unrelated,unrelated,unrelated,unrelated,unrelated
Livorno_1709,Euclides reformatus,1709,Livorno,LATIN,Angelo Marchetti,Jacob Valsif,Theoretical Mathematics,,,unrelated,unrelated,unrelated,unrelated,unrelated,unrelated,unrelated,unrelated,unrelated,unrelated,unrelated,unrelated,unrelated,unrelated,unrelated,unrelated,unrelated,unrelated,primary,unrelated,REFORMATUS | exponuntur | demonstrantur,,"EUCLIDES REFORMATUS, SIVE PLANA, ET SOLIDA GEOMETRIÆ ELEM ENTA OPUS",,,"In quo tum alia pleraque, cum præcipuè Rationis, & Proportionis Natura, & proprietates Nova Methodo Clarius, quam antea ab aliis, atque facilius exponuntur, firmiusque, ac evidentius demonstrantur",,,,,REFORMATUS,REGIÆ CELSITUDINIS FERDINANDI HETRURIÆ PRINCIPIS MATHEMATICO | Ac in Alma Pisana UNIVERSITATE Scientiarum Mechanicarum Professore,ANGELO de MARCHETTIS,,"EUCLIDES REFORMATUS, SIVE PLANA, ET SOLIDA GEOMETRIÆ ELEM ENTA OPUS",,Alma Pisana UNIVERSITATE,,,,,EUCLIDES,True,False,True,False,False,True,False,False,False,False,True,True,True,False,True,False,True,False,False,False,False,True,3,True,4,True,2,True,0,False,1,True,0,False,unrelated,primary,unrelated,unrelated,unrelated,unrelated,unrelated
London_1570,The elements of geometrie of the most ancient philosopher Euclide of Megara,1570,London,ENGLISH,"Henry Billingsley, John Dee",John Daye,,Mechanics,,unrelated,unrelated,unrelated,unrelated,unrelated,unrelated,unrelated,unrelated,unrelated,unrelated,unrelated,secondary,unrelated,unrelated,unrelated,unrelated,unrelated,unrelated,unrelated,unrelated,translated | annexed | made,,THE ELEMENTS OF GEOMETRIE,certaine Scholies | Annotations | Inuentions,Scholies | Annotations | Inuentions,,,,the most auncient Philosopher,Englishe,now first,Citizen of London,H. Billingsley,M. I. Dee,THE ELEMENTS OF GEOMETRIE,certaine Scholies | Annotations | Inuentions | a very fruitfull Præface,,London,,,Iohn Daye,EVCLIDE,True,False,True,True,True,False,False,False,True,True,True,True,True,True,True,True,False,True,False,False,True,True,4,True,5,True,3,True,3,True,0,False,2,True,unrelated,unrelated,unrelated,unrelated,unrelated,secondary,unrelated
London_1620,ΕΥΚΛΕΙΔΟΥ ΣΤΟΙΧΕΙΩΝ ΒΙΒΛΙΑ ἕγ. ELEMENTORVM EVCLIDIS LIBRI TREDECIM,1620,London,"GREEK, LATIN",Henry Briggs,William Jones,,,,unrelated,unrelated,unrelated,unrelated,unrelated,unrelated,unrelated,unrelated,unrelated,unrelated,unrelated,unrelated,unrelated,unrelated,unrelated,unrelated,unrelated,unrelated,unrelated,unrelated,restituti,,ELEMENTORVM EVCLIDIS LIBRI TREDECIM,,,,M.DC.XX,,,,SECVNDVM VETERA exemplaria restituti,,,,ELEMENTORVM EVCLIDIS LIBRI TREDECIM | ΕΥΚΛΕΙΔΟΥ ΣΤΟΙΧΕΙΩΝ ΒΙΒΛΙΑ ἕγ,,,LONDINI,LATINA,,Excudebat Gulielmus Iones,ΕΥΚΛΕΙΔΟΥ | EVCLIDIS,True,False,True,False,False,False,True,False,False,False,True,False,False,False,True,False,False,True,True,False,True,True,3,True,1,True,3,True,0,False,0,False,3,True,unrelated,unrelated,unrelated,unrelated,unrelated,unrelated,unrelated
London_1651,"Euclides Elements of geometry: the first VI books: in a compendious form contracted and demonstrated. By Captain Thomas Rudd, chiefe engineer to his late Majesty. Whereunto is added, the mathematicall preface of Mr. John Dee.",1651,London,ENGLISH,Thomas Rudd,Richard Tomlins and Robert Boydell,Theoretical Mathematics,,,unrelated,unrelated,unrelated,unrelated,unrelated,unrelated,unrelated,unrelated,unrelated,unrelated,unrelated,unrelated,unrelated,unrelated,unrelated,unrelated,unrelated,unrelated,primary,unrelated,contracted | Demonstrated | added,,EUCLIDES ELEMENTS OF GEOMETRY: The first VI Books,,,OF GEOMETRY,M DC LI,,,,,Captain | Chiefe Engineer to his late Majesty,THOMAS RUDD,MR. JOHN DEE,EUCLIDES ELEMENTS OF GEOMETRY,The Mathematicall Preface of MR. JOHN DEE,,LONDON | the Sun & Bible neer Pie-corner | the Bulwark neer the Tower,,,ROBERT and WILLIAM LEY-BOURN | RICHARD TOMLINS and ROBERT BOYDELL,EUCLIDES,True,False,True,False,False,True,True,False,False,False,False,True,True,True,True,True,False,True,False,False,True,True,3,True,4,True,1,True,1,True,0,False,3,True,unrelated,primary,unrelated,unrelated,unrelated,unrelated,unrelated
London_1654,,1654,London,LATIN,Georges Fournier,Edwardi Story,Theoretical Mathematics,,,unrelated,unrelated,unrelated,unrelated,unrelated,unrelated,unrelated,unrelated,unrelated,unrelated,unrelated,unrelated,unrelated,unrelated,unrelated,unrelated,unrelated,unrelated,primary,unrelated,contracti | demonstrati,,EUCLIDIS SEX PRIMI ELEMENTORUM GEOMETRICO- RUM LIBRI,,,In commodiorem formam contracti & demonstrati,MDC L IV,,,,Editio prioribus auctior atq; castigatior,è societate JESU,GEORG: FOURNIER,,EUCLIDIS SEX PRIMI ELEMENTORUM GEOMETRICO- RUM LIBRI,,societate JESU,LONDINI,,,J. F | Edwardi Story,EUCLIDIS,True,False,True,False,False,True,True,False,False,False,True,True,True,False,True,False,True,True,False,False,True,True,3,True,4,True,2,True,0,False,1,True,3,True,unrelated,primary,unrelated,unrelated,unrelated,unrelated,unrelated
London_1659,"Euclidis Elementorum libri xv. breviter demonstrati, opera Is. Barrow, Cantabrigiensis, Coll. Trin. Soc.",1659,London,LATIN,Isaac Barrow,,Theoretical Mathematics,,,unrelated,unrelated,unrelated,unrelated,unrelated,unrelated,unrelated,unrelated,unrelated,unrelated,unrelated,unrelated,unrelated,unrelated,unrelated,unrelated,unrelated,unrelated,primary,unrelated,,,EUCLIDIS ELEMENTORUM Libri xv,,,breviter demonstrati,M D C LIX,,,,,"Cantabrigiensis, Coll. TRIN. Soc",IS. BARROW,,EUCLIDIS ELEMENTORUM Libri xv,,Coll. TRIN. Soc,LONDINI,,,R. DANIEL | GUIL. NEALAND Bibliopolæ Cantabrig,EUCLIDIS,False,False,True,False,False,True,True,False,False,False,False,True,True,False,True,False,True,True,False,False,True,True,3,True,4,True,0,False,0,False,1,True,3,True,unrelated,primary,unrelated,unrelated,unrelated,unrelated,unrelated
London_1660,,1660,London,ENGLISH,Isaac Barrow,William Nealand,Theoretical Mathematics,,,unrelated,unrelated,unrelated,unrelated,unrelated,unrelated,unrelated,unrelated,unrelated,unrelated,unrelated,unrelated,unrelated,unrelated,unrelated,unrelated,unrelated,unrelated,primary,unrelated,Demonstrated | Translated,,EUCLIDE’S ELEMENTS,,,The whole Fifteen Books compen-diously Demonstrated,1660,,,,,Fellow of Trinity Colledge in CAMBRIDGE,Mr. ISAAC BARROW,,EUCLIDE’S ELEMENTS,,Trinity Colledge,LONDON,Latin,,R. DANIEL | WILLIAM NEALAND Bookseller,EUCLIDE’S,True,False,True,False,False,True,True,False,False,False,False,True,True,False,True,False,True,True,True,False,True,True,3,True,4,True,2,True,0,False,1,True,3,True,unrelated,primary,unrelated,unrelated,unrelated,unrelated,unrelated
London_1661,,1661,London,ENGLISH,"John Leeke, George Serle",Richard Tomlins,Theoretical Mathematics,,,unrelated,unrelated,unrelated,unrelated,unrelated,unrelated,unrelated,unrelated,unrelated,unrelated,unrelated,unrelated,unrelated,unrelated,unrelated,unrelated,unrelated,unrelated,primary,unrelated,With a supplement of | To which is added | annexed | ascribed to | published by,,EUCLID’S ELEMENTS OF Geometry. In XV. Books,"a Treatise of REGULAR SOLIDS, By CAMPANE and FLUSSAS | Euclid’s DATA: And MARINUS his Pref-ace thereunto annexed | a Treatise of the Divisions of Superficies, ascribed to Machomet Bagdedine",Treatise of REGULAR SOLIDS | Euclid’s DATA | Treatise of the Divisions of Superficies,,M DC LXI,,the Author of these ELEMENTS,,,,,CAMPANE | FLUSSAS | MARINUS | Machomet Bagdedine | John Dee of London,EUCLID’S ELEMENTS OF Geometry. In XV. Books,With a supplement of divers PROPOSITIONS and COROLLARIES,,LONDON | the Sun and Bible in Pie-corner,,,R. & W. LEYBOURN | RICHARD TOMLINS,EUCLID’S | Euclid’s | EUCLIDE,True,False,True,True,True,False,True,False,True,False,False,False,False,True,True,True,False,True,False,False,True,True,4,True,3,True,1,True,3,True,0,False,3,True,unrelated,primary,unrelated,unrelated,unrelated,unrelated,unrelated
London_1678,EUCLIDIS ELEMENTORUM Libri XV. breviter demonstrati,1678,London,LATIN,Isaac Barrow,J. Redmayne,,,,unrelated,unrelated,unrelated,unrelated,unrelated,unrelated,unrelated,unrelated,unrelated,unrelated,unrelated,unrelated,unrelated,unrelated,unrelated,unrelated,unrelated,unrelated,unrelated,unrelated,purgati,,EUCLIDIS Elementorum LIBRI XV,,,Breviter demonstrati,MDCLXXXVII,,,,Et pri-oribus mendis typographicis nunc demum purgati,"Cantabrigiensis, Coll. TRIN. Soc",IS. BARROW,,EUCLIDIS Elementorum LIBRI XV,,Cantabrigiensis | Coll. TRIN. Soc,LONDINI,,,Apud Abel Swalle ad insigne Monocerotis in Cœmeterio D. Pauli,EUCLIDIS,True,False,True,False,False,True,True,False,False,False,True,True,True,False,True,False,True,True,False,False,True,True,3,True,4,True,2,True,0,False,1,True,3,True,unrelated,unrelated,unrelated,unrelated,unrelated,unrelated,unrelated
London_1678a,Euclidis Elementa Geometrica Novo Ordine ac Methodo fere demonstrata,1678,London,LATIN,Nicholas Mercator,Martyn,Theoretical Mathematics,,,unrelated,unrelated,unrelated,unrelated,unrelated,unrelated,unrelated,unrelated,unrelated,unrelated,unrelated,unrelated,unrelated,unrelated,unrelated,unrelated,unrelated,unrelated,primary,unrelated,DEMONSTRATA,,EVCLIDIS ELEMENTA GEOMETRICA | EUCLIDIS ELEMENTA GEOMETRICA,NICOLAI MERCATORIS IN GEOMETRIAM,IN GEOMETRIAM,"NOVO ORDINE AC METHODO FERÈ DEMONSTRATA | Novo Ordine ac Methodo FERE, DEMONSTRATA | Introductione brevi, Quâ Magnitudinum Ortus ex genuinis Principiis, & ortarum Affectiones ex ipsa Genesi derivantur",1666 | 1678,,,,,,,,EVCLIDIS ELEMENTA GEOMETRICA | EUCLIDIS ELEMENTA GEOMETRICA,Introductione brevi,,"LONDINI | ad Insigne Camanæ, in Cœmeterio D. Pauli | LONDINI | ad Insigne Campanae, in Coemeterio D. Pauli",,,"Typis T. R | Joh. Martyn | Typis J. M., impensis Joh. Martyn",EVCLIDIS | EUCLIDIS,True,False,True,True,True,True,True,False,False,False,False,False,False,False,True,True,False,True,False,False,True,True,3,True,1,True,1,True,3,True,0,False,3,True,unrelated,primary,unrelated,unrelated,unrelated,unrelated,unrelated
London_1680–81,"A new systeme of the mathematicks: containing I. Arithmetick, as well natural and decimal, as in species, or the principles of Algebra. II. Practical geometry, together with the first six books of Euclid's Elements, as also the eleventh and twelfth, symbolically demonstrated. III. Trigonometry plain and spherical. IV. Cosmography, or a description of the heavens. V. Navigation, or sailing by a plain or Mercator's chart; as also by the arch of a great circle,",1680/1681,London,ENGLISH,Jonas Moore,Robert Scott,Arithmetic | Astronomy | Cartography | Cosmography | Geography | Navigation | Practical Geometry | Theoretical Mathematics | Trigonometry,,,unrelated,primary,primary,primary,unrelated,unrelated,primary,primary,unrelated,unrelated,unrelated,unrelated,unrelated,unrelated,primary,unrelated,primary,unrelated,primary,primary,CONTAIN-ING | Composed | demonstrated,,the first Six Books of Euclid’s ELEMENTS,,,"as also the Eleventh and Twelfth, symbolically demonstrated",M. DC. LXXXI,,,,,"Late Surveyor General of His MAJESTY’S Ordnance, and Fellow of the ROYAL SOCIETY",Sir JONAS MOORE Knight,,the first Six Books of Euclid’s ELEMENTS,,Royal Foundation of the Mathematical SCHOOL | ROYAL SOCIETY,LONDON,,,"A. Godbid and J. Playford | ROBERT SCOTT, Bookseller in Little Britain",Euclid’s ELEMENTS,True,False,True,False,False,True,True,False,False,False,False,True,True,False,True,False,True,True,False,False,True,True,3,True,4,True,1,True,0,False,1,True,3,True,primary,primary,unrelated,unrelated,primary,unrelated,unrelated
London_1685,,1685,London,LATIN,Isaac Barrow,Charles Mearne,,,,unrelated,unrelated,unrelated,unrelated,unrelated,unrelated,unrelated,unrelated,unrelated,unrelated,unrelated,unrelated,unrelated,unrelated,unrelated,unrelated,unrelated,unrelated,unrelated,unrelated,breviter demonstrati | purgati | nunc demum purgati,,EUCLIDIS ELEMENTORUM Libri XV,,,breviter demonstrati,MDCLXXVIII | MDCLXXXV,,,,Et prioribus mendis typographicis nunc demum purgati,"Cantabrigiensis, Coll. TRIN. Soc",IS. BARROW,,EUCLIDIS ELEMENTORUM Libri XV,,Coll. TRIN. Soc,LONDINI | in vico vulgò vocato Ludgate-street | LONDINI,,,"Typis J. Redmayne | apud J. Williams ad Insigne Coronæ in Cœmeterio D. Pauli | J. Dunmore ad Insigne Trium Bibliorum | Apud CAR. MEARNE, Bibliopolam Regium",EUCLIDIS,True,False,True,False,False,True,True,False,False,False,True,True,True,False,True,False,True,True,False,False,True,True,3,True,4,True,2,True,0,False,1,True,3,True,unrelated,unrelated,unrelated,unrelated,unrelated,unrelated,unrelated
London_1685a,,1685,London,ENGLISH,"Claude-François Milliet Dechales, Reeve Williams",Philip Lea,,,Practical Geometry,unrelated,unrelated,unrelated,unrelated,unrelated,unrelated,unrelated,unrelated,unrelated,unrelated,unrelated,unrelated,unrelated,unrelated,unrelated,unrelated,unknown,unrelated,unrelated,unrelated,Explained | Demonstrated | Done out of | Corrected | Augmented | Illustrated,,THE ELEMENTS OF EUCLID,,,Explained and Demonstrated in a New and most easie Method. With the USES of each PROPOSI-TION In all the Parts of the MATHEMATICKS,1685,,,,"Done out of FRENCH, Corrected and Augmented",a Jesuite,Claude Francois Milliet D’Chales,,THE ELEMENTS OF EUCLID,Illustrated with Nine Copper Plates | the Effigies of EVCLID,,"LONDON | the Atlas and Hercules in the Poultrey, near Cheapside",FRENCH,,"Philip Lea, Globemaker",EUCLID | EVCLID,True,False,True,False,False,True,True,False,False,False,True,True,True,False,True,True,False,True,True,False,True,True,3,True,3,True,3,True,1,True,0,False,3,True,unrelated,unknown,unrelated,unrelated,unrelated,unrelated,unrelated
London_1686,"Euclid's Elements. The whole fifteen books compendiously demonstrated by Mr. Isaac Barrow, Fellow of Trinity Colledge in Cambridge. And translated out of the Latin.",1686,London,ENGLISH,Isaac Barrow,Christopher Hussey and E. P.,Theoretical Mathematics,,,unrelated,unrelated,unrelated,unrelated,unrelated,unrelated,unrelated,unrelated,unrelated,unrelated,unrelated,unrelated,unrelated,unrelated,unrelated,unrelated,unrelated,unrelated,primary,unrelated,Demonstrated | Translated | very carefully corrected,,EVCLID’s ELEMENTS. The Whole FIFTEEN BOOKS,,,,MDCLXXXVI,,,,"The Second Edition, very carefully corrected",Fellow of Trin-ity Colledge in CAMBRIDGE,Mr. ISAAC BARROW,,EVCLID’s ELEMENTS. The Whole FIFTEEN BOOKS,,Trin-ity Colledge,LONDON,Latin,,Christopher Hussey and E. P,EVCLID’s,True,False,True,False,False,False,True,False,False,False,True,True,True,False,True,False,True,True,True,False,True,True,3,True,4,True,3,True,0,False,1,True,3,True,unrelated,primary,unrelated,unrelated,unrelated,unrelated,unrelated
London_1695,"Geometry epitomiz'd: being a compendious collection of the most useful propositions in the first, third, fourth, fifth and sixth books of Euclid. Together with their uses, in several practical parts of the mathematicks. Also, Euclid's second book and doctrine of proportion alegebraically demonstrated. With some of the most useful problems required in practise. By William Alingham.",1695,London,ENGLISH,William Alingham,"J. Moxon, Benjamin Beardwell",Theoretical Mathematics,,Practical Geometry,unrelated,unrelated,unrelated,unrelated,unrelated,unrelated,unrelated,unrelated,unrelated,unrelated,unrelated,unrelated,unrelated,unrelated,unrelated,unrelated,unknown,unrelated,primary,unrelated,Epitomiz’d | BEING | demonſtrated,,"Firſt, Third, Fourth, Fifth and Sixth Books of EUCLID",Euclid’s ſecond Book and Doctrine of Pro­ portion,Euclid’s ſecond Book,"A Compendious Collection of the moſt uſeful Propoſitions in the Firſt, Third, Fourth, Fifth and Sixth Books of EUCLID",1695,,,,,,WILLIAM ALINGHAM,,"Firſt, Third, Fourth, Fifth and Sixth Books of EUCLID","Together With their Uſes, in ſeveral practical Parts of the Mathematicks | With ſome of the moſt uſeful Problems re­quired in Practice",,"LONDON | the Rum­mowr Tavern in Channel Row, Weſtmin­ster",,,J. M. and B. B,EUCLID | Euclid’s ſecond Book,True,False,True,True,True,True,True,False,False,False,False,False,True,False,True,True,False,True,False,False,True,True,3,True,2,True,1,True,3,True,0,False,3,True,unrelated,primary,unrelated,unrelated,unrelated,unrelated,unrelated
London_1696,"The elements of Euclid explain'd, in a new, but most easie method: together with the use of every proposition through all parts of the mathematicks. Written in French, by that excellent mathematician, F. Claud. Francis Milliet de Chales, of the Society of Jesus. Now made English, and a multitude of errors corrected, which had escap'd in the original.",1696,London,ENGLISH,Claude-François Milliet Dechales,M. Gillyflower and W. Freeman,Theoretical Mathematics,,Practical Geometry,unrelated,unrelated,unrelated,unrelated,unrelated,unrelated,unrelated,unrelated,unrelated,unrelated,unrelated,unrelated,unrelated,unrelated,unrelated,unrelated,unknown,unrelated,primary,unrelated,Explain’d | Written | made | Cor-rected,,THE ELEMENTS OF EUCLID,The Use of every Proposition through all parts of the Mathematicks,The Use of every Proposition through all parts of the Mathematicks,"in a New, but most Easie method",1696,,,English,"The Second Edition | Now made English, and a multitude of Errors Cor-rected, which had escap’d in the Original",that Excellent Mathematician | of the Society of JESUS,F. CLAUD. FRANCIS MILLIET de CHALES,,THE ELEMENTS OF EUCLID,The Use of every Proposition through all parts of the Mathematicks,Society of JESUS,"LONDON | the Spread Eagle in Westminster-Hall | the Bible over against the Mid-dle Temple Gate, in Fleet-street",French,,M. Gillyflower | W. Freeman,EUCLID,True,False,True,True,True,True,True,False,False,True,True,True,True,False,True,True,True,True,True,False,True,True,3,True,4,True,4,True,3,True,1,True,3,True,unrelated,primary,unrelated,unrelated,unrelated,unrelated,unrelated
London_1700,"An epitome of geometry, being a compendious collection of the first, third, fifth, sixth, eleventh and twelfth books of Euclid; with their application to several of the most useful parts of the mathematicks. Also, Euclid's second book and doctrine of proportion, algebraically demonstrated. To which is subjoin'd, a treatise of measuring superficies and solids; vulgarly decimally and practically, with the customs used by artificers in measuring their several",1700,London,ENGLISH,William Alingham,William Alingham,Construction | Practical Geometry | Surveying,Theoretical Mathematics,,unrelated,unrelated,unrelated,unrelated,unrelated,primary,unrelated,unrelated,unrelated,unrelated,unrelated,unrelated,unrelated,unrelated,unrelated,unrelated,primary,primary,secondary,unrelated,Subjoin’d,,"First, Third, Fifth, Sixth, Eleventh, and Twelfth Books of EUCLID | EUCLID’s Second Book and Doctrine of Proportion","A Treatise of Measuring Superficies and Solids; Vulgarily Decimally and Practically, with the Customs used by Artificers in Measuring their several Works: Likewise, Directions for Measuring Board and Timber; Making Vessels of any Bigness; Taking the Plan of any Court, Yard, Garden, &c. Also, The cutting the Five Regular Bodies",Treatise of Measuring Superficies and Solids,with their Application to several of the most useful parts of the Mathematicks,1700,,,,,Teacher of the MATHEMATICKS,William Alingham,,"First, Third, Fifth, Sixth, Eleventh, and Twelfth Books of EUCLID | EUCLID’s Second Book",,,"LONDON | Channel-Row, Westminster",,,the Author,EUCLID | EUCLID’s,True,False,True,True,True,True,True,False,False,False,False,True,True,False,True,False,False,True,False,False,True,True,3,True,3,True,1,True,2,True,0,False,3,True,unrelated,primary,primary,primary,unrelated,unrelated,unrelated
London_1703,,1703,London,ENGLISH,"Claude-François Milliet Dechales, Reeve Williams",A. Lea,,,,unrelated,unrelated,unrelated,unrelated,unrelated,unrelated,unrelated,unrelated,unrelated,unrelated,unrelated,unrelated,unrelated,unrelated,unrelated,unrelated,unrelated,unrelated,unrelated,unrelated,Explained | Demonstrated | Corrected | Augmented | Illustrated | Done,,THE ELEMENTS OF EUCLID,,,Explained and Demonstrated in a New and most Easy Method | With the Uses of each PROPOSI-TION In all the Parts of the MATHEMATICKS,1703,,,,Corrected and Augmented | Done out of FRENCH,a Jesuite,Claude Francois Milliet D’Chales,,THE ELEMENTS OF EUCLID,Illustrated with Nine Copper Plates | the Effigies of EVCLID,,"LONDON | the Atlas and Hercules in Cheap-side, near Friday-street",FRENCH,,"A. Lea, Globemaker",EUCLID | EVCLID,True,False,True,False,False,True,True,False,False,False,True,True,True,False,True,True,False,True,True,False,True,True,3,True,3,True,3,True,1,True,0,False,3,True,unrelated,unrelated,unrelated,unrelated,unrelated,unrelated,unrelated
London_1705,,1705,London,ENGLISH,Isaac Barrow,E. Redmayne,Theoretical Mathematics,,,unrelated,unrelated,unrelated,unrelated,unrelated,unrelated,unrelated,unrelated,unrelated,unrelated,unrelated,unrelated,unrelated,unrelated,unrelated,unrelated,unrelated,unrelated,primary,unrelated,added | Demonstrated,,EUCLIDE’S ELEMENTS,ARCHIMEDES THEOREMS Of the Sphere and Cylinder,ARCHIMEDES THEOREMS,Compendiously Demonstrated,1705,,,in English,,D. D. Late Master of Trinity College in Cambridge,Isaac Barrow,Hierocl,EUCLIDE’S ELEMENTS,,Trinity College in Cambridge,LONDON,,,E. Redmayne,EUCLIDE’S,True,False,True,True,True,True,True,False,False,True,False,True,True,True,True,False,True,True,False,False,True,True,3,True,5,True,2,True,2,True,1,True,3,True,unrelated,primary,unrelated,unrelated,unrelated,unrelated,unrelated
London_1747,Elements of Plane Geometry,1747,London,ENGLISH,Thomas Simpson,Samuel Farrer,Practical Geometry | Theoretical Mathematics,,,unrelated,unrelated,unrelated,unrelated,unrelated,unrelated,unrelated,unrelated,unrelated,unrelated,unrelated,unrelated,unrelated,unrelated,unrelated,unrelated,primary,unrelated,primary,unrelated,are added,SCHOOLS,ELEMENTS OF   Plane Geometry,"An ESSAY on the MAXIMA and   MINIMA of Geometrical Quantities | A brief Treatise of regular SOLIDS | The MENSURATION of both SUPERFICIES and SOLIDS, together with the CONSTRUCTION of a large Variety of Geometrical PROBLEMS",ESSAY on the MAXIMA and MINIMA of Geometrical Quantities | Treatise of regular SOLIDS | MENSURATION of both SUPERFICIES and SOLIDS,,M.DCC.XLVII,,,,,"Fellow of the ROYAL SOCIETY, and Professor of GEOMETRY in the Royal Academy at Woolwich",THOMAS SIMPSON,,ELEMENTS OF Plane Geometry,,ROYAL SOCIETY | Royal Academy at Woolwich,LONDON | Charter-House-Street | Queen-Street near Thames-Street,,,SAMUEL FARRER | JOHN TURNER,,True,True,True,True,True,False,True,False,False,False,False,True,True,False,True,False,True,True,False,False,True,False,2,True,3,True,1,True,2,True,2,True,3,True,unrelated,primary,unrelated,unrelated,unrelated,unrelated,unrelated
London_1789,Elements of Geometry,1789,London,ENGLISH,John Bonnycastle,J. Johnson,Theoretical Mathematics,,,unrelated,unrelated,unrelated,unrelated,unrelated,unrelated,unrelated,unrelated,unrelated,unrelated,unrelated,unrelated,unrelated,unrelated,unrelated,unrelated,unrelated,unrelated,primary,unrelated,CONTAINING,,ELEMENTS OF   GEOMETRY,,,"CONTAINING THE PRINCIPAL PROPOSITIONS IN THE FIRST SIX, AND THE ELEVENTH AND TWELFTH BOOKS OF EUCLID",M.DCC.LXXXIX,,,,,"OF THE ROYAL MILITARY ACADEMY, WOOLWICH",JOHN BONNYCASTLE,,ELEMENTS OF   GEOMETRY,WITH NOTES CRITICAL AND EXPLANATORY,"THE ROYAL MILITARY ACADEMY, WOOLWICH","LONDON | No. 72, ST. PAUL’S CHURCH-YARD",,,J. JOHNSON,EUCLID,True,False,True,False,False,True,True,False,False,False,False,True,True,False,True,True,True,True,False,False,True,True,3,True,4,True,1,True,1,True,1,True,3,True,unrelated,primary,unrelated,unrelated,unrelated,unrelated,unrelated
Lund_1855,"Öfversättning och bearbetning af sjunde, åttonde, nionde och tionde böckerna af Euclids Elementer",1855,Lund,SWEDISH,Abraham Rundbäck,Berlingena,Theoretical Mathematics,,,unrelated,unrelated,unrelated,unrelated,unrelated,unrelated,unrelated,unrelated,unrelated,unrelated,unrelated,unrelated,unrelated,unrelated,unrelated,unrelated,unrelated,unrelated,primary,unrelated,Öfversättning | bearbetning,,"sjunde, åttonde, nionde och tionde böckerna af Euclids Elementer",,,,,,,,,,,,Euclids Elementer,,,,,,,Euclids,True,False,True,False,False,False,False,False,False,False,False,False,False,False,True,False,False,False,False,False,False,True,3,True,1,True,1,True,0,False,0,False,0,False,unrelated,primary,unrelated,unrelated,unrelated,unrelated,unrelated
Lyon_1557,In Euclidis Elementa geometrica demonstrationum libri sex,1557,Lyon,LATIN,Jacques Peletier,"Jean di Tournes, Guillaume Gazeau",,,,unrelated,unrelated,unrelated,unrelated,unrelated,unrelated,unrelated,unrelated,unrelated,unrelated,unrelated,unrelated,unrelated,unrelated,unrelated,unrelated,unrelated,unrelated,unrelated,unrelated,auctior | emendatior | additus | contulerit,,IN EVCLIDIS ELEMENTA GEOMETRICA Demonstrationum Libri sex | Euclidis Elementa Ge-ometrica Demonstrationum Libri sex,,,,M. DC. X | M. D. LVII,"Carolum Lothar-ingum, Principem, Cardinalémque amplissimum | Carolum Lotharingum, Principem, Cardinalemque",Euclidis Græcus,,"Secunda editio, auctior & emendatior",CENOM | CENOMANI,IACOBI PELETARII,,IN EVCLIDIS ELEMENTA GEOMETRICA Demonstrationum Libri sex | Euclidis Elementa Ge-ometrica Demonstrationum Libri sex,cui & textus Euclidis Græcus additus est | Quid autem præcipuè ad Euclidem contulerit Peletarius,,LVGDVNI,Græcus,,IOANN. TORNÆSIVM | APVD IOAN. TORNÆSIVM ET GVL. GAZEIVM,Euclidis | Euclidem | Euclidis,True,False,True,False,False,False,True,True,True,False,True,True,True,False,True,True,False,True,True,False,True,True,4,True,5,True,3,True,1,True,1,True,3,True,unrelated,unrelated,unrelated,unrelated,unrelated,unrelated,unrelated
Lyon_1603,In geometriam Euclidis prioribus sex Elementorum libris comprehensam Demonstratio linealis Numeralis,1603,Lyon,LATIN,Christoffer Dybvad,Johannes Janssonius,,,Arithmetic,unrelated,unknown,unrelated,unrelated,unrelated,unrelated,unrelated,unrelated,unrelated,unrelated,unrelated,unrelated,unrelated,unrelated,unrelated,unrelated,unrelated,unrelated,unrelated,unrelated,,,GEOMETRIAM EVCLIDIS prioribus sex Elementorum,,,libris comprehensam Demonstratio Numeralis,CIƆ. IƆ. C. III,CHRISTIANVM FRIIS,,,,,C. DIBVADII,,GEOMETRIAM EVCLIDIS prioribus sex Elementorum,,Cancellarium Regium,LVGDVNI BATAVORVM,,,Ex Typographeio Christophori Guyotij | Impensis Ioannis Ioannidis Bibliopolae Armenensis,GEOMETRIAM EVCLIDIS,False,False,True,False,False,True,True,True,False,False,False,False,True,False,True,False,True,True,False,False,True,True,3,True,4,True,0,False,0,False,2,True,3,True,unknown,unrelated,unrelated,unrelated,unrelated,unrelated,unrelated
Lyon_1645,,1645,Lyon,FRENCH,Pierre Le Mardelé,Simon Rigaud,Theoretical Mathematics,,,unrelated,unrelated,unrelated,unrelated,unrelated,unrelated,unrelated,unrelated,unrelated,unrelated,unrelated,unrelated,unrelated,unrelated,unrelated,unrelated,unrelated,unrelated,primary,unrelated,Traduits | augmentez,,LES QVINZE LIVRES DES ELEMENTS GEOMETRIQVES D’EVCLIDE,,,,M. DC. XLV,MONSEIGNEVR l’Illustrissime & Reuerendissime CARDINAL de Lyon,D’EVCLIDE MEGARIEN,François,"Traduits de Grec en François, & augmentez de plusieurs figures & demonstrations, auec la correction des erreurs commises és autres traductions",Professeur és Mathematiques,PIERRE MARDELÉ,,LES QVINZE LIVRES DES ELEMENTS GEOMETRIQVES D’EVCLIDE,augmentez de plusieurs figures & demonstrations | la correction des erreurs commises és autres traductions,,"LYON, Chez SIMON RIGAVD, Marchand Libraire, ruë Merciere, à l’Escu de Venize",Grec,,"Chez SIMON RIGAVD, Marchand Libraire",D’EVCLIDE,True,False,True,False,False,False,True,True,True,True,True,True,True,False,True,True,False,True,True,False,True,True,4,True,5,True,4,True,1,True,1,True,3,True,unrelated,primary,unrelated,unrelated,unrelated,unrelated,unrelated
Lyon_1646,,1646,Lyon,FRENCH,Pierre Le Mardelé,Simon Rigaud,Theoretical Mathematics,,,unrelated,unrelated,unrelated,unrelated,unrelated,unrelated,unrelated,unrelated,unrelated,unrelated,unrelated,unrelated,unrelated,unrelated,unrelated,unrelated,unrelated,unrelated,primary,unrelated,Traduits | augmentez,,LES QVINZE LIVRES DES ELEMENTS GEOMETRIQVES D’EVCLIDE,,,,M. DC. XLVI,MONSEIGNEVR l’Illustrissime & Reuerendissime CARDINAL de Lyon,,François,Traduits de Grec en François,Professeur és Mathematiques,PIERRE MARDELÉ,,LES QVINZE LIVRES DES ELEMENTS GEOMETRIQVES D’EVCLIDE,plusieurs figures & demonstrations | la correction des erreurs commises és autres traductions,,"LYON, Chez SIMON RIGAVD, Marchand Libraire, ruë Merciere, à l’Escu de Venize",Grec,,"Chez SIMON RIGAVD, Marchand Libraire",D’EVCLIDE,True,False,True,False,False,False,True,True,False,True,True,True,True,False,True,True,False,True,True,False,True,True,3,True,4,True,4,True,1,True,1,True,3,True,unrelated,primary,unrelated,unrelated,unrelated,unrelated,unrelated
Lyon_1660,,1660,Lyon,LATIN,Claude-François Milliet Dechales,Benedictum Coral,Theoretical Mathematics,,,unrelated,unrelated,unrelated,unrelated,unrelated,unrelated,unrelated,unrelated,unrelated,unrelated,unrelated,unrelated,unrelated,unrelated,unrelated,unrelated,unrelated,unrelated,primary,unrelated,accommodati,,EVCLIDIS ELEMENTORVM Libri octo,,,,M. DC. LX,,,,,Camberiensi Societ. IESV,P. CLAVDIO FRANCISCO MILLIET DECHALES,,EVCLIDIS ELEMENTORVM Libri octo,,Camberiensi Societ. IESV,"LVGDVNI, Apud BENEDICTVM CORAL, in vico Mer-catorio",,,BENEDICTVM CORAL,EVCLIDIS,True,False,True,False,False,False,True,False,False,False,False,True,True,False,True,False,True,True,False,False,True,True,3,True,4,True,1,True,0,False,1,True,3,True,unrelated,primary,unrelated,unrelated,unrelated,unrelated,unrelated
Lyon_1669,Synopsis geometrica,1669,Lyon,LATIN,Honoré Fabri,Antonius Molin,Theoretical Mathematics | Trigonometry,,,unrelated,unrelated,unrelated,unrelated,unrelated,unrelated,unrelated,unrelated,unrelated,unrelated,unrelated,unrelated,unrelated,unrelated,unrelated,unrelated,unrelated,unrelated,primary,primary,,,SYNOPSIS GEOMETRICA,,,"De linea sinuum & Cycloide, De maximis & minimis, centuria, Et Synopsis Trigonometriæ planæ",M. DC. LXIX,,,,,HONORATO,FABRY,,,,Societatis IESV,LVGDVNI | è regione Collegij,,,Apud ANTONIVM MOLIN,,False,False,True,False,False,True,True,False,False,False,False,True,True,False,False,False,True,True,False,False,True,False,1,True,3,True,0,False,0,False,1,True,3,True,unrelated,primary,unrelated,unrelated,unrelated,unrelated,unrelated
Lyon_1672,Huict Livres des Elements d’Euclide rendus plus faciles,1672,Lyon,FRENCH,Claude-François Milliet Dechales,Benoist Coral,Theoretical Mathematics,,,unrelated,unrelated,unrelated,unrelated,unrelated,unrelated,unrelated,unrelated,unrelated,unrelated,unrelated,unrelated,unrelated,unrelated,unrelated,unrelated,unrelated,unrelated,primary,unrelated,RENDVS,,HVICT LIVRES DES ELEMENTS DEVCLIDE,,,,M. DC. LXXII,,,,,R. P,CLAVDE FRANÇOIS MILLIET DECHALES,,HVICT LIVRES DES ELEMENTS DEVCLIDE,,Compagnie de IESVS,"LYON, Chez BENOIST CORAL, ruë Merciere, à la Vic-toire",,,Chez BENOIST CORAL,DEVCLIDE,True,False,True,False,False,False,True,False,False,False,False,True,True,False,True,False,True,True,False,False,True,True,3,True,4,True,1,True,0,False,1,True,3,True,unrelated,primary,unrelated,unrelated,unrelated,unrelated,unrelated
Lyon_1674,,1674,Lyon,LATIN,Claude-François Milliet Dechales,Anisson,Architecture | Arithmetic | Construction | Geography | Mechanics | Practical Geometry | Trigonometry,,,primary,primary,unrelated,unrelated,unrelated,primary,unrelated,primary,unrelated,unrelated,unrelated,primary,unrelated,unrelated,unrelated,unrelated,primary,unrelated,unrelated,primary,COMPLECTENS | PRODIT,,EV- CLIDIS LIBROS OCTO,ARITHMETICAM | Theodosij sphærica | Trigonometriam | Geometriam practicam | Mechanicam | Staticam | Geographiam vniuersalem | Tractatum de Magnete | Architecturam Ciuilem | Artem tignariam,ARITHMETICAM | Theodosij sphærica | Trigonometriam | Geometriam practicam | Mechanicam | Staticam | Geographiam vniuersalem | Tractatum de Magnete | Architecturam Ciuilem | Artem tignariam,,M. DC. LXXIV,,,,TOMVS PRIMVS,R. P | CAMBERIENSIS | È SOCIETATE IESV,CLAVDII FRANCISCI MILLIET DECHALES,,EV- CLIDIS LIBROS OCTO,,SOCIETATE IESV,,,,Ex Oicina ANISSONIANA,EV- CLIDIS,True,False,True,True,True,False,True,False,False,False,True,True,True,False,True,False,True,False,False,False,True,True,3,True,4,True,2,True,2,True,1,True,2,True,primary,primary,primary,unrelated,primary,primary,unrelated
Lyon_1675,,1675,Lyon,LATIN,Claude-François Milliet Dechales,,,,,unrelated,unrelated,unrelated,unrelated,unrelated,unrelated,unrelated,unrelated,unrelated,unrelated,unrelated,unrelated,unrelated,unrelated,unrelated,unrelated,unrelated,unrelated,unrelated,unrelated,accommodati,,ELEMENTORUM EUCLIDIS LIBRI OCTO,,,,M. DC. LXXV,,,,TERTIA EDITIO | Cæteris facilior & correctior,"Camberiensi, Societ. JESU",P. CLAVDIO FRANCISCO MIL-LIET DECHALES,,ELEMENTORUM EUCLIDIS LIBRI OCTO,,Societ. JESU,LVGDVNI | vico Mercatorio sub signo Victoriæ,,,VIDVÆ BENEDICTI CORAL,EUCLIDIS,True,False,True,False,False,False,True,False,False,False,True,True,True,False,True,False,True,True,False,False,True,True,3,True,4,True,2,True,0,False,1,True,3,True,unrelated,unrelated,unrelated,unrelated,unrelated,unrelated,unrelated
Lyon_1690,,1690,Lyon,LATIN,"Claude-François Milliet Dechales, Amatus Varcin","Anisson, Jean Possuel, and Claude Rigaud",Arithmetic | Theoretical Mathematics | Trigonometry,,,unrelated,primary,unrelated,unrelated,unrelated,unrelated,unrelated,unrelated,unrelated,unrelated,unrelated,unrelated,unrelated,unrelated,unrelated,unrelated,unrelated,unrelated,primary,primary,COMPLECTENS | aucta | emen-data,,Euclidis Libros XIV,Theodosii sphærica | Sectiones Conicas | Arith-meticam | Trigonometriam | Algebram | refutationem Hyptheseon Cartesianarum,Theodosii sphærica | Sectiones Conicas | Arith-meticam | Trigonometriam | Algebram | refutationem Hyptheseon Cartesianarum,,M. DC. LXXXX,,,,Editio altera ex Manuscriptis Authoris aucta & emen-data | operâ & studio R.P. AMATI VARCIN ejusdem Societatis,CAMBERENSIS È SOCIETATE JESU CURSUS SEU MUNDUS MATHEMATICUS,R. P. CLAUDII FRANCISCI MILLIET DECHALES,,Euclidis Libros XIV,,SOCIETATE JESU,LUGDUNI | Apud ANISSONIOS,,,JOAN. POSUEL & CLAUD. RIGAUD,Euclidis,True,False,True,True,True,False,True,False,False,False,True,True,True,False,True,False,True,True,False,False,True,True,3,True,4,True,2,True,2,True,1,True,3,True,primary,primary,unrelated,unrelated,unrelated,unrelated,unrelated
Lübeck_and_Frankfurt_1699,"Teutsch-Redender Euclides, oder Acht Bücher Von Denen Anfängen der Mess=Kunst: Auff eine neue und gantz leichte Art, zu Nutzen, allen Generalen, Ingeniern, Natur- und Warheit-Kündigern, Bau-Meistern, Künstlern und Handwerckern in Teutscher Sprach eingerichtet und bewiesen",1699,"Lübeck, Frankfurt",GERMAN,Anton Ernst Burckhard von Pirckenstein,Johann Wiedemeyer,Practical Geometry,,Surveying,unrelated,unrelated,unrelated,unrelated,unrelated,unrelated,unrelated,unrelated,unrelated,unrelated,unrelated,unrelated,unrelated,unrelated,unrelated,unrelated,primary,unknown,unrelated,unrelated,eingerichtet | bewiesen,"Allen Generalen, Ingeniern, Natur-und Warheit-Kündigern, Bau-Meistern, Künstlern und Handwerckern",Acht Bücher Von Denen An-fängen Der Meß-Künst,,,Der Meß-Künst,1699,,Teutsch-Redender Euclides,Teutscher,,,A. E. B. V. P,,Acht Bücher Von Denen An-fängen Der Meß-Künst,,,Lübeck | Franckfurt,,,Johann Wiedemeyers,Euclides,True,True,True,False,False,True,True,False,True,True,False,False,True,False,True,False,False,True,False,False,True,True,4,True,3,True,2,True,0,False,1,True,3,True,unrelated,primary,unrelated,unknown,unrelated,unrelated,unrelated
MIZPJ8,"Perspectiva. Corporum regulariuM. Das ist ein fleyssige fürweysung wie die fünff regulirten cörper, darvon Plato inn Timaeo unnd Euclides inn sein elementis schreibt",1568,Nuremberg,GERMAN,"Wenzel Jamnitzer, Jost Amman",Christoph Heußler,Perspective,Practical Geometry,,unrelated,unrelated,unrelated,unrelated,unrelated,unrelated,unrelated,unrelated,unrelated,unrelated,unrelated,unrelated,unrelated,unrelated,unrelated,primary,secondary,unrelated,unrelated,unrelated,,Allen Liebhabern der freyen Künst zu Ehrn,PERSPECTIVA. Corporum Regularium,,,Wie die Fünff Regulirten Cörper / daruon Plato inn Timæo / vnnd Euclides inn sein Elementis schreibt,,,,,,,Wentzeln Jamitzer,Plato,Elementis,ein schöne Anleytung,,,,Mit Röm: Kayserlicher May: befreyung / inn 15. Jaren nicht nach zudrucken,,Euclides,False,True,True,False,False,True,False,False,False,False,False,False,True,True,True,True,False,False,False,True,False,True,3,True,3,True,0,False,1,True,1,True,1,True,unrelated,secondary,primary,unrelated,unrelated,unrelated,unrelated
MM0YD0,"La Pratique du trait à preuves, pour la coupe des pierres en l'architecture",1643,Paris,FRENCH,Gérard Desargues,Pierre des Hayes,Construction | Practical Geometry,,,unrelated,unrelated,unrelated,unrelated,unrelated,primary,unrelated,unrelated,unrelated,unrelated,unrelated,unrelated,unrelated,unrelated,unrelated,unrelated,primary,unrelated,unrelated,unrelated,,,,,,,,,,,,,,,,,,,,,,,False,False,False,False,False,False,False,False,False,False,False,False,False,False,False,False,False,False,False,False,False,False,0,False,0,False,0,False,0,False,0,False,0,False,unrelated,primary,primary,unrelated,unrelated,unrelated,unrelated
MMJVXG, L'arithmique de Simon Stevin de Bruges,1625,Leiden,FRENCH,"Simon Stevin, Albert Girard",Elzevier,Arithmetic,,,unrelated,primary,unrelated,unrelated,unrelated,unrelated,unrelated,unrelated,unrelated,unrelated,unrelated,unrelated,unrelated,unrelated,unrelated,unrelated,unrelated,unrelated,unrelated,unrelated,Receuë | corrigée | augmen- tée,,ARITHMETIQVE DE SIMON STEVIN DE BRVGES,,,,cIo Iɔc xxv,,,,"Receuë, corrigée & augmen- tée de plusieurs traictez et annotations",Samielois Mathema- ticien,ALBERT GIRARD,,,de plusieurs traictez et annotations,,A LEIDE,,,de l’Imprimerie des ELZEVIRS,,True,False,True,False,False,False,True,False,False,False,True,True,True,False,False,True,False,True,False,False,True,False,1,True,2,True,2,True,1,True,0,False,3,True,primary,unrelated,unrelated,unrelated,unrelated,unrelated,unrelated
MYFHIS,"Tutte l'opere d'architettura di Sebastiano Serlio bolognese. Dove si trattano in disegno quelle cose che sono piu necessarie all'architetto. Et hora di nuovo aggiunto, oltre il libro delle porte, gran numero di case private nella citta & in villa, et un indice copiosissimo raccolto per via di considerationi da m. Giovanni Domenico Scamozzi",1584,Venice,ITALIAN,"Sebastiano Serlio, Giovanni Domenico Scamozzi",Francesco de Franceschi,Architecture | Construction,,Instrument Use | Practical Geometry,primary,unrelated,unrelated,unrelated,unrelated,primary,unrelated,unrelated,unrelated,unrelated,unknown,unrelated,unrelated,unrelated,unrelated,unrelated,unknown,unrelated,unrelated,unrelated,la aggiunta | ristampate | corrette,gli Architetti,"TVTTE L'OPERE D'ARCHITETTVRA, ET PRROSPETIVA",,,"Doue si mettono in disegno tutte le maniere di edificij, e si trattano di quelle cose, che sono più necessarie a sapere gli Architetti",M D LXXXIIII | M D C,,,,"Di nuouo ristampate, e corrette",BOLOGNESE,SEBASTIANO SERLIO | M. GIO. DOMENICO SCAMOZZI VICENTINO,,,"Con la aggiunta delle inuentioni di cinquanta Porte, e gran numero di palazzi publici, e pri- uati nella Città, & in Villa, e varij accidenti, che possono occorrere nel fabricare | Con vn' Indice copiosissimo con molte Considerationi, & vn breue Discorso sopra questa materia, raccolto",,VENETIA | Vinegia,,,Appresso Francesco de' Franceschi | gli Heredi di Francesco de' Franceschi,,True,True,True,False,False,True,True,False,False,False,True,True,True,False,False,True,False,True,False,False,True,False,1,True,2,True,2,True,1,True,1,True,3,True,unrelated,unknown,primary,unknown,unrelated,unrelated,unrelated
Madrid_1585,,1585,Madrid,SPANISH,Pedro Ambrosio Ondériz,Viuda de Alonso Gomez,Perspective,Theoretical Mathematics,,unrelated,unrelated,unrelated,unrelated,unrelated,unrelated,unrelated,unrelated,unrelated,unrelated,unrelated,unrelated,unrelated,unrelated,unrelated,primary,unrelated,unrelated,secondary,unrelated,Traduzidas,la S. C. R. M. del Rey don Phelippe nuestro Señor,"LA PERSPECTIVA, Y ESPECVLARIA DE Euclides",,,,M.D.LXXXV,don Phelippe nuestro Señor,,vulgar Castellano,,su criado,Pedro Ambrosio Onderiz,,"LA PERSPECTIVA, Y ESPECVLARIA DE Euclides",,,EN MADRID,,,En casa de la viuda de Alonso Gomez,Euclides,True,True,True,False,False,False,True,True,False,True,False,True,True,False,True,False,False,True,False,False,True,True,3,True,4,True,2,True,0,False,2,True,3,True,unrelated,secondary,primary,unrelated,unrelated,unrelated,unrelated
Madrid_1665,,1665,Madrid,SPANISH,"Antonio de Nájera, Juan de la Rocha",,Architecture | Practical Geometry | Theoretical Mathematics,,,primary,unrelated,unrelated,unrelated,unrelated,unrelated,unrelated,unrelated,unrelated,unrelated,unrelated,unrelated,unrelated,unrelated,unrelated,unrelated,primary,unrelated,primary,unrelated,traduci-dos | aprobadas | Confirmadas | COMPVESTO,,QVINTO Y SEPTIMO libros de Euclides,LAS MEDIDAS DIFICILES DE Bouedas | las superficies y pies cubicos de Pichinas | LAS ORDENAN-ZAS DE La Imperial Ciudad de Toledo,LAS MEDIDAS DIFICILES DE Bouedas | las superficies y pies cubicos de Pichinas | LAS ORDENAN-ZAS DE La Imperial Ciudad de Toledo,,,MI REDEMPTOR IESV CHRISTO,,Romance,traduci-dos de latín en Romance,DE SAN Nicolas Augustino descalzo Architecto y Maestro de obras natural de la muy noble y coronada Villa de Madrid,P F. LAVRENCIO,Bouedas | Pichinas,QVINTO Y SEPTIMO libros de Euclides,,La Imperial Ciudad de Toledo | Villa de Madrid | San Nicolas,,latín,aprobadas y Confirmadas por la Cesarea Magd. del Sr Emperador Carlos V,,Euclides,True,False,True,True,True,False,False,True,False,True,True,True,True,True,True,False,True,False,True,True,False,True,3,True,6,True,4,True,2,True,2,True,1,True,unrelated,primary,primary,unrelated,unrelated,unrelated,unrelated
Mainz_1611_1612,"Geometria Practica, Arithmetica Practica, Algebra",1611/1612,Mainz,LATIN,Christopher Clavius,Reinhardus Eltz,Arithmetic | Practical Geometry | Theoretical Mathematics | Trigonometry,,,unrelated,primary,unrelated,unrelated,unrelated,unrelated,unrelated,unrelated,unrelated,unrelated,unrelated,unrelated,unrelated,unrelated,unrelated,unrelated,primary,unrelated,primary,primary,distributa | denuo correcta | aucta,,Euclidis Ele-menta Geometrica,"Commentaria In Euclidis Ele-menta Geometrica | In Sphærica Theodosij | Sinuum, Tangentium & Secantium rationem & Canones | Tractationem triangulorum, tum rectilineorum, tum sphæricorum",Commentaria In Euclidis Ele-menta Geometrica | Sphærica Theodosij | Sinuum | Tangentium | Secantium | Tractationem triangulorum,,DCXII,D. JOANNEM GODEFRIDVM EPISCOpum Bambergensem,,,"denuo correcta, et plurimis locis aucta",E Societate IESV,CHRISTOPHORI CLAVII BAMBERGENSIS,Theodosij,Euclidis Ele-menta Geometrica,,Societate IESV,,,,Reinhardus Eltz,Euclidis,True,False,True,True,True,False,True,True,False,False,True,True,True,True,True,False,True,False,False,False,True,True,3,True,6,True,2,True,2,True,2,True,2,True,primary,primary,unrelated,unrelated,unrelated,unrelated,unrelated
Messina_1558,,1558,Messina,LATIN,Francesco Maurolico,Petrus Spira,Astronomy | Theoretical Mathematics | Trigonometry,,Practical Geometry,unrelated,unrelated,primary,unrelated,unrelated,unrelated,unrelated,unrelated,unrelated,unrelated,unrelated,unrelated,unrelated,unrelated,unrelated,unrelated,unknown,unrelated,primary,primary,,,EV- CLIDIS PHAENOMENA,"THEODOSII SPHAERICORVM ELEMENTORVM LIBRI. III | MENELAI SPHAERICORVM LIB. III. Ex traditione eiusdem | MAVROLYCI SPHAERICORVM LIB. II | AVTOLYCI DE SPHAERA, QUAE MOVETVR Liber | THEODOSII DE HABITATIONIBVS | COMPENDIVM MATHEMATI-CAE mira breuitate ex clarissimis Authoribus",THEODOSII SPHAERICORVM ELEMENTORVM LIBRI | MENELAI SPHAERICORVM LIB | MAVROLYCI SPHAERICORVM LIB | AVTOLYCI DE SPHAERA | THEODOSII DE HABITATIONIBVS | COMPENDIVM MATHEMATI-CAE,Brevissime demonstrata,,,,,,,,,,,,,,,,EV- CLIDIS,False,False,True,True,True,True,False,False,False,False,False,False,False,False,False,False,False,False,False,False,False,True,2,True,1,True,0,False,2,True,0,False,0,False,unrelated,primary,unrelated,unrelated,primary,unrelated,unrelated
Milan_1671,,1671,Milan,ITALIAN,Pietro Paolo Caravaggi,Lodouico Monza,Theoretical Mathematics,,,unrelated,unrelated,unrelated,unrelated,unrelated,unrelated,unrelated,unrelated,unrelated,unrelated,unrelated,unrelated,unrelated,unrelated,unrelated,unrelated,unrelated,unrelated,primary,unrelated,TRATTI,,I PRIMI SEI LIBRI D’EVCLIDE,,,,1671,"CONTE VITALIANO BORROMEO Generale dell’Artiglieria, e del Consiglio Segreto di S. M. Cattolica, e Commessario Imperiale della Maestà dell’Imperatore in Italia",,,,,,,I PRIMI SEI LIBRI D’EVCLIDE,,,MILANO,,,Nella Stampa di Lodouico Monza,EVCLIDE,True,False,True,False,False,False,True,True,False,False,False,False,False,False,True,False,False,True,False,False,True,True,3,True,2,True,1,True,0,False,1,True,3,True,unrelated,primary,unrelated,unrelated,unrelated,unrelated,unrelated
Milan_1702,,1702,Milan,ITALIAN,Pietro Paolo Caravaggi,Giacinto Brenna,,,,unrelated,unrelated,unrelated,unrelated,unrelated,unrelated,unrelated,unrelated,unrelated,unrelated,unrelated,unrelated,unrelated,unrelated,unrelated,unrelated,unrelated,unrelated,unrelated,unrelated,TRATTI,,I PRIMI SEI LIBRI D’EVCLIDE,,,,1702,,,IN VOLGARE,,,,,I PRIMI SEI LIBRI D’EVCLIDE,,,MILANO,,,Nella Stampa di Giacinto Brenna herede di Lodouico Monza,EVCLIDE,True,False,True,False,False,False,True,False,False,True,False,False,False,False,True,False,False,True,False,False,True,True,3,True,1,True,2,True,0,False,0,False,3,True,unrelated,unrelated,unrelated,unrelated,unrelated,unrelated,unrelated
MorisS-1-1,,1612,Lyon,FRENCH,Claude-Gaspar Bachet de Meziriac,Pierre Rigaud,Arithmetic,,,unrelated,primary,unrelated,unrelated,unrelated,unrelated,unrelated,unrelated,unrelated,unrelated,unrelated,unrelated,unrelated,unrelated,unrelated,unrelated,unrelated,unrelated,unrelated,unrelated,recueillis | inuentez,toutes sortes de personnes curieuses,,,,,DCXII,,,,,ST. DE MEZIRIAC,CLAVDE GASPAR BACHET,,,,,"LYON | Chez Pierre Rigaud, en ruë Merciere, au coing de ruë Ferrandiere, à l’enseigne de la Fortune",,,Pierre Rigaud,,True,True,False,False,False,False,True,False,False,False,False,True,True,False,False,False,False,True,False,False,True,False,0,False,2,True,1,True,0,False,1,True,3,True,primary,unrelated,unrelated,unrelated,unrelated,unrelated,unrelated
MorisS-10-1,,1646,Lyon,LATIN,Honoré Fabri,Jean Champion,Mechanics,,,unrelated,unrelated,unrelated,unrelated,unrelated,unrelated,unrelated,unrelated,unrelated,unrelated,unrelated,primary,unrelated,unrelated,unrelated,unrelated,unrelated,unrelated,unrelated,unrelated,excerpta,,,,,,M. DC. XLVI,,,,,Doctore Medico,Petro Mousnerio,R. P. Honorati Fabry,,Cuncta excerpta,Societatis Iesu,LVGDVNI | foro Cambij,,,Apud Ioannem Champion,,True,False,False,False,False,False,True,False,False,False,False,True,True,True,False,True,True,True,False,False,True,False,0,False,4,True,1,True,1,True,1,True,3,True,unrelated,unrelated,unrelated,unrelated,unrelated,primary,unrelated
MorisS-10-3,,1659,Rome,LATIN,Honoré Fabri,Francis Corbeletti,Theoretical Mathematics | Trigonometry,,,unrelated,unrelated,unrelated,unrelated,unrelated,unrelated,unrelated,unrelated,unrelated,unrelated,unrelated,unrelated,unrelated,unrelated,unrelated,unrelated,unrelated,unrelated,primary,primary,,,OPVSCVLVM GEOMETRICVM DE LINEA SINVVM ET CYCLOIDE,,,,1659,,,,,,ANTIMO FARBIO,,,,,ROMAE,,,Typis HH. Francisci Corbeletti,,False,False,True,False,False,False,True,False,False,False,False,False,True,False,False,False,False,True,False,False,True,False,1,True,1,True,0,False,0,False,0,False,3,True,unrelated,primary,unrelated,unrelated,unrelated,unrelated,unrelated
MorisS-12-1,"Solutio duorum problematum circa numeros cubos & quadratos, quae tanquam insolubilia universis Europae mathematicis",1657,Paris,LATIN,Bernard Frenicle de Bessy,Jacques Langolis,Theoretical Mathematics,,,unrelated,unrelated,unrelated,unrelated,unrelated,unrelated,unrelated,unrelated,unrelated,unrelated,unrelated,unrelated,unrelated,unrelated,unrelated,unrelated,unrelated,unrelated,primary,unrelated,INVENTA | transmissa | proposita | ACCESSIT,,,,,,M. DC. LVII,D. Cl. M. Laurenderium Doctorem Medicum,,,,,D. B. F. D. B,D. Fermat | D. Cl. M. Laurenderium | D. Francisco à Schooten,,"Alia duo Problemata numerica a D. Cl. M. Laurenderio Vicissim proposita, cum quibusdam solutionibus ab eodem D. B. F. D. B. datis | Inquisitio in solutionem prioris Problematis a D. Francisco à Schooten in Academia Lugduno Batava Matheseos Professore datam | Sex aliae solutiones prioris Problematis terminis Analyticis ab eodem D. B. F. sub forma Problematis datae | Solutio alterius Problematis ab eodem Cl. viro D. Fermat circa numeros unitate à quadrato deficientes proposita, cum ipsius solutionis constructione",Academia Lugduno Batava,"PARISIIS | in monte Sanctae Genovefae, sub signo Reginae Pacis",,,"Apud Iacobvm Langlois, Typographum Regium",,True,False,False,False,False,False,True,True,False,False,False,False,True,True,False,True,True,True,False,False,True,False,0,False,4,True,1,True,1,True,2,True,3,True,unrelated,primary,unrelated,unrelated,unrelated,unrelated,unrelated
MorisS-13-1,,1632,Paris,LATIN,Pierre Gassendi,Sébastien Cramoisy,Astronomy,,,unrelated,unrelated,primary,unrelated,unrelated,unrelated,unrelated,unrelated,unrelated,unrelated,unrelated,unrelated,unrelated,unrelated,unrelated,unrelated,unrelated,unrelated,unrelated,unrelated,,,MERCVRIVS IN SOLE VISVS: ET VENVS INVISA,,,,M. DC. XXXII,Keppleri,,,,,Petrvm Gassendvm,,,Cum Observationibus quibusdam aliis,,"PARISIIS | viâ Iacobeâ, sub Ciconiis",,,Sebastiani Cramoisy,,False,False,True,False,False,False,True,True,False,False,False,False,True,False,False,True,False,True,False,False,True,False,1,True,2,True,0,False,1,True,1,True,3,True,unrelated,unrelated,unrelated,unrelated,primary,unrelated,unrelated
MorisS-13-2,,1642,Paris,LATIN,Pierre Gassendi,Louis de Heuqueville,Astronomy,,,unrelated,unrelated,primary,unrelated,unrelated,unrelated,unrelated,unrelated,unrelated,unrelated,unrelated,unrelated,unrelated,unrelated,unrelated,unrelated,unrelated,unrelated,unrelated,unrelated,TRANSLATO,,DE MOTU IMPRESSO A MOTORE,,,"ALIQUOT PRAECIPUAE tum de Motu universè, tum speciatim de Motu Terrae attributo difficultates explicantur",M. DC. XLII,,,,,,PETRI GASSENDI,,,,,"PARISIIS, Apud Ludovicum de Heuqueville, via Iacobea, sub signo Pacis",,,Ludovicum de Heuqueville,,True,False,True,False,False,True,True,False,False,False,False,False,True,False,False,False,False,True,False,False,True,False,1,True,1,True,1,True,0,False,0,False,3,True,unrelated,unrelated,unrelated,unrelated,primary,unrelated,unrelated
MorisS-13-3,,1642,Paris,LATIN,Pierre Gassendi,Louis de Heuqueville,Astronomy,,,unrelated,unrelated,primary,unrelated,unrelated,unrelated,unrelated,unrelated,unrelated,unrelated,unrelated,unrelated,unrelated,unrelated,unrelated,unrelated,unrelated,unrelated,unrelated,unrelated,,,,,,,M. DC. XLII,,,,,,PETRI GASSENDI,,,,,PARISIIS,,,"Apud Ludovicum de Heuqueville, signo Pacis",,False,False,False,False,False,False,True,False,False,False,False,False,True,False,False,False,False,True,False,False,True,False,0,False,1,True,0,False,0,False,0,False,3,True,unrelated,unrelated,unrelated,unrelated,primary,unrelated,unrelated
MorisS-13-4,,1646,Paris,LATIN,Pierre Gassendi,Louis de Heuqueville,Mechanics,,,unrelated,unrelated,unrelated,unrelated,unrelated,unrelated,unrelated,unrelated,unrelated,unrelated,unrelated,primary,unrelated,unrelated,unrelated,unrelated,unrelated,unrelated,unrelated,unrelated,,,,,,,M. DC. XLVI,R. P. Petri Cazræi,,,,,,,,,Societatis IESV,PARISIIS,,,"Ludovicum de Heuqueville, via Iacobea, sub signo Pacis",,False,False,False,False,False,False,True,True,False,False,False,False,False,False,False,False,True,True,False,False,True,False,0,False,2,True,0,False,0,False,2,True,3,True,unrelated,unrelated,unrelated,unrelated,unrelated,primary,unrelated
MorisS-13-5,,1647,Paris,LATIN,Pierre Gassendi,Louis de Heuqueville,Astronomy,,,unrelated,unrelated,primary,unrelated,unrelated,unrelated,unrelated,unrelated,unrelated,unrelated,unrelated,unrelated,unrelated,unrelated,unrelated,unrelated,unrelated,unrelated,unrelated,unrelated,iterato edita | Dictata,,,,,,M. DC. XLVII,,,,iterato edita,Regio Matheseos Professore,Petro Gassendo,,,,INSTITVTIO ASTRONOMICA,"PARISIIS | viâ Iacobeâ, sub signo Pacis",,,Apud Ludovicum de Heuqueville,,True,False,False,False,False,False,True,False,False,False,True,True,True,False,False,False,True,True,False,False,True,False,0,False,3,True,2,True,0,False,1,True,3,True,unrelated,unrelated,unrelated,unrelated,primary,unrelated,unrelated
MorisS-14-1,,1626,The Hague,FRENCH,Albert Girard,Jacob Elzevir,Trigonometry,Theoretical Mathematics,Practical Geometry,unrelated,unrelated,unrelated,unrelated,unrelated,unrelated,unrelated,unrelated,unrelated,unrelated,unrelated,unrelated,unrelated,unrelated,unrelated,unrelated,unknown,unrelated,secondary,primary,mises en lumière,aux apprentif | aux plus doctes practiciens des Mathematiques,"TABLES DES SINVS TANGENTES & SECANTES, SELON LE RAID DE 100000 PARTIES","un traité succinct de la Tri- gonometire tant des triangles plans, que Spheriques",Trigonometire,,M. DC. XXVI,,,,,,ALBERT GIRARD Samieloïs,,,,,A LA HAYE,,,Chez IACOB ELZEVIR,,True,True,True,True,True,False,True,False,False,False,False,False,True,False,False,False,False,True,False,False,True,False,1,True,1,True,1,True,2,True,1,True,3,True,unrelated,primary,unrelated,unrelated,unrelated,unrelated,unrelated
MorisS-14-3,,1629,Amsterdam,FRENCH,Albert Girard,Willem Janszoon Blaeu,Theoretical Mathematics,,,unrelated,unrelated,unrelated,unrelated,unrelated,unrelated,unrelated,unrelated,unrelated,unrelated,unrelated,unrelated,unrelated,unrelated,unrelated,unrelated,unrelated,unrelated,primary,unrelated,,,,,,,M. DC. XXIX,,,,,MATHEMATICIEN,ALBERT GIRARD,,,,,AMSTERDAM,,,Chez Guillaume Iansson Blaeuw,,False,False,False,False,False,False,True,False,False,False,False,True,True,False,False,False,False,True,False,False,True,False,0,False,2,True,0,False,0,False,0,False,3,True,unrelated,primary,unrelated,unrelated,unrelated,unrelated,unrelated
MorisS-15-1,,1630,Paris,FRENCH,Claude Hardy,Robert Sara,Theoretical Mathematics,,,unrelated,unrelated,unrelated,unrelated,unrelated,unrelated,unrelated,unrelated,unrelated,unrelated,unrelated,unrelated,unrelated,unrelated,unrelated,unrelated,unrelated,unrelated,primary,unrelated,publiée,,"EXAMEN DE LA DVPLICATION DV CVBE, ET QVADRATVRE DV CERCLE",,,,M. DC. XXX,,,,Cy deuant publiée à diuerses fois | Et nouuellement au mois d’Aoust dernier,le sieur,DE LA LEV,,,,,,,,Robert Sara,,True,False,True,False,False,False,True,False,False,False,True,True,True,False,False,False,False,False,False,False,True,False,1,True,2,True,2,True,0,False,0,False,2,True,unrelated,primary,unrelated,unrelated,unrelated,unrelated,unrelated
MorisS-15-2,,1638,Paris,FRENCH,Claude Hardy,,Theoretical Mathematics,,,unrelated,unrelated,unrelated,unrelated,unrelated,unrelated,unrelated,unrelated,unrelated,unrelated,unrelated,unrelated,unrelated,unrelated,unrelated,unrelated,unrelated,unrelated,primary,unrelated,,,,,,,,,,,,,,,,,,,,,,,False,False,False,False,False,False,False,False,False,False,False,False,False,False,False,False,False,False,False,False,False,False,0,False,0,False,0,False,0,False,0,False,0,False,unrelated,primary,unrelated,unrelated,unrelated,unrelated,unrelated
MorisS-16-1,,1623,Paris,FRENCH,Denis Henrion,Fleury Bourriquant,Arithmetic | Construction | Military Engineering | Practical Geometry | Trigonometry,Instrument Use,,unrelated,primary,unrelated,unrelated,unrelated,primary,unrelated,unrelated,unrelated,unrelated,secondary,unrelated,primary,unrelated,unrelated,unrelated,primary,unrelated,unrelated,primary,reueuë | corrigée | augmentée,EN FAVEVR DE LA NOBLESSE Françoiſe,De l’Arithmetique militaire,"De l’Arithmetique militaire | Conſtruction des tables des Sinus, Tou- chantes & Couppantes | Doctrine des triangles Rectilignes | Pratique de diuers Problemes Geometriques | Dimenſion des lignes droictes, Su- perficies & Corps | Pratique du Compas de proportions | de la Conſtruction des Fortereſſes, ſeruans d’explication & augmentation és deux & troiſieſmes Liures des Fortifications de Monſieur Errard | vn traicté entier, co[n]tenant vne brieue inſtru- ction pour conſtruire les fortifications pratiquées aux pays bas",Fortifications de Monſieur Errard,"Construction des tables des Sinus, Tou‑chantes & Couppantes ; Doctrine des triangles Rectilignes ; Pratique de diuers Problemes Geometriques ; Dimenſion des lignes droictes, Su‑perficies & Corps ; Pratique du Compas de proportions ; & de la Conſtruction des Fortereſſes, ſeruans d’explication & augmentation",DC. XXIII,,,Françoiſe,"SECONDE EDITION, reueuë, corrigée & augmentée en diuers en‑droicts, & meſme d’vn traicté entier, co[n]tenant vne brieue inſtru‑ ction pour conſtruire les fortifications pratiquées aux pays bas",Mathematicien,D. Henrion,Monſieur Errard,,d’explication & augmentation | vne brieue instruction,,PARIS | en l’Iſle du Palais aux fleurs Royalles,,,Fleury Bourriquant,,True,True,True,True,True,True,True,False,False,True,True,True,True,True,False,True,False,True,False,False,True,False,1,True,3,True,3,True,3,True,1,True,3,True,primary,primary,primary,secondary,unrelated,primary,unrelated
MorisS-16-10,,1627,Lyon,FRENCH,Denis Henrion,"Claude Rigaud, Claude Obert",,Arithmetic | Mechanics,,unrelated,secondary,unrelated,unrelated,unrelated,unrelated,unrelated,unrelated,unrelated,unrelated,unrelated,secondary,unrelated,unrelated,unrelated,unrelated,unrelated,unrelated,unrelated,unrelated,COMPOSEE | Augmentée | adioustées,,,,,,M. DC. XXVII,,,,Augmentée en cette derniere Edition,,,,,Figures adioustées | plusieurs Problemes non encore veus,,"A LYON, Chez Claude Rigaud, & Claude Obert, en ruë Merciere, à l’Enseigne de la Fortune",,,"Chez Claude Rigaud, & Claude Obert",,True,False,False,False,False,False,True,False,False,False,True,False,False,False,False,True,False,True,False,False,True,False,0,False,0,False,2,True,1,True,0,False,3,True,secondary,unrelated,unrelated,unrelated,unrelated,secondary,unrelated
MorisS-16-11,,1630,Paris,FRENCH,Denis Henrion,Isaac Desdin,Cartography | Instrument Use | Practical Geometry,Surveying,Arithmetic,unrelated,unknown,unrelated,primary,unrelated,unrelated,unrelated,unrelated,unrelated,unrelated,primary,unrelated,unrelated,unrelated,unrelated,unrelated,primary,secondary,unrelated,unrelated,,,,,,,M. DC. XXX,,,,,Mathematicien,D. Henrion,,,,,"PARIS | Chez Samuel Thiboust, au Palais en la gallerie des prisonniers",,,Isaac Desdin | Samuel Thiboust,,False,False,False,False,False,False,True,False,False,False,False,True,True,False,False,False,False,True,False,False,True,False,0,False,2,True,0,False,0,False,0,False,3,True,unknown,primary,unrelated,primary,primary,unrelated,unrelated
MorisS-16-3,,1618,Paris,FRENCH,Denis Henrion,Michel Daniel,Instrument Use,,Practical Geometry,unrelated,unrelated,unrelated,unrelated,unrelated,unrelated,unrelated,unrelated,unrelated,unrelated,primary,unrelated,unrelated,unrelated,unrelated,unrelated,unknown,unrelated,unrelated,unrelated,,,,,,,DC. XVIII,,,,,Mathem,D. Henrion,,,,,"A PARIS, Chez Michel Daniel, en l’Isle du Pa- lais, pres le Cheual blanc",,,Chez Michel Daniel,,False,False,False,False,False,False,True,False,False,False,False,True,True,False,False,False,False,True,False,False,True,False,0,False,2,True,0,False,0,False,0,False,3,True,unrelated,unknown,unrelated,primary,unrelated,unrelated,unrelated
MorisS-16-4,,1619,Paris,FRENCH,Denis Henrion,Abraham Pacard,Trigonometry,Theoretical Mathematics,,unrelated,unrelated,unrelated,unrelated,unrelated,unrelated,unrelated,unrelated,unrelated,unrelated,unrelated,unrelated,unrelated,unrelated,unrelated,unrelated,unrelated,unrelated,secondary,primary,Supputé | corrigé | adioustées,,CANON MANVEL DES SINVS,,,"TOVCHANTES, ET COVPPANTES",M. DC. XIX,,,,en ceste Edition,Mathem,D. HENRION,B. Pitiscus,,"adioustées toutes les choses prin- cipales & nécessaires à la Trigo- nometrie, extraites des traictez de la doctrine des triangles, tant recti- lignes, que spheriques, faits",,"PARIS, Chez Abraham Pacard, ruë S. Iacques, au Sacrifice d’Abraham",,,Chez Abraham Pacard,,True,False,True,False,False,True,True,False,False,False,True,True,True,True,False,True,False,True,False,False,True,False,1,True,3,True,2,True,1,True,0,False,3,True,unrelated,primary,unrelated,unrelated,unrelated,unrelated,unrelated
MorisS-16-5,,1620,Paris,FRENCH,Denis Henrion,Abraham Pacard,Astronomy | Cosmography,,Geography,unrelated,unrelated,primary,unrelated,unrelated,unrelated,primary,unknown,unrelated,unrelated,unrelated,unrelated,unrelated,unrelated,unrelated,unrelated,unrelated,unrelated,unrelated,unrelated,,,,,,,M. DC. XX,,,,,Mathem,D. Henrion,,,LES ACCIDENS ET PROPRIETEZ plus remarquables d’icelles,,"Chez Abraham Pacard, ruë Sainct Jacques, au Sacrifice d’Abraham",,,Chez Abraham Pacard,,False,False,False,False,False,False,True,False,False,False,False,True,True,False,False,True,False,True,False,False,True,False,0,False,2,True,0,False,1,True,0,False,3,True,unrelated,unrelated,unrelated,unrelated,primary,unrelated,unrelated
MorisS-16-6,,1620,Paris,FRENCH,"Jean Errard, Denis Henrion",,Practical Geometry,,Theoretical Mathematics,unrelated,unrelated,unrelated,unrelated,unrelated,unrelated,unrelated,unrelated,unrelated,unrelated,unrelated,unrelated,unrelated,unrelated,unrelated,unrelated,primary,unrelated,unknown,unrelated,Reueuë | corrigée | augmentée,,LA GEOMETRIE ET PRATIQVE GENERALE D’ICELLE,,,,M. DC. XX,,,,"Reueuë, corrigée, & beaucoup augmentée","de Bar-le-Duc, Ingenieur ordinaire de sa Majesté",I. Errard,,,,,A PARIS,,,,,True,False,True,False,False,False,True,False,False,False,True,True,True,False,False,False,False,True,False,False,False,False,1,True,2,True,2,True,0,False,0,False,2,True,unrelated,primary,unrelated,unrelated,unrelated,unrelated,unrelated
MorisS-16-7,,1623,Paris,FRENCH,Denis Henrion,Jean Antoine Joallin,Theoretical Mathematics,,,unrelated,unrelated,unrelated,unrelated,unrelated,unrelated,unrelated,unrelated,unrelated,unrelated,unrelated,unrelated,unrelated,unrelated,unrelated,unrelated,unrelated,unrelated,primary,unrelated,,les traducteurs & interpretes,dixiesme Liure d’Euclide,,,,M. DC. XXIII,,,,,Mathematicien,D. Henrion,,Elements Geometriques d’Euclide,la response Apologetique,,"PARIS, Chez Iean Anthoine Ioallin, dans la Court du Palais, proche la barriere du Thresor, entre la ville & perle de Venise",,,Iean Anthoine Ioallin,d’Euclide,False,True,True,False,False,False,True,False,False,False,False,True,True,False,True,True,False,True,False,False,True,True,3,True,3,True,0,False,1,True,1,True,3,True,unrelated,primary,unrelated,unrelated,unrelated,unrelated,unrelated
MorisS-17-3,"Supplementum cursus mathematici, continens geometricas aequationum cubicarum... effectiones... par Pierre Herigone",1642,Paris,LATIN,Pierre Hérigone,,Theoretical Mathematics,Astronomy | Instrument Use | Perspective,,unrelated,unrelated,secondary,unrelated,unrelated,unrelated,unrelated,unrelated,unrelated,unrelated,secondary,unrelated,unrelated,unrelated,unrelated,secondary,unrelated,unrelated,primary,unrelated,Continens | contenant,,,,,,M. DC. XLII,,,,SVPPLEMENTVM,Professeur és Mathematiques,Pierre Herigone,,,"Geometricas æquationum cubicarum purarum, atque affectarum Effectiones | les Effections Geometri- ques des equations cubiques, pures & affectées | L’vsage de l’Algebre | La methode de mettre en Per- spective toutes sortes d’objets par le moyen du Com- pas de proportion | La Theorie des Planetes, distinguée selon les hypotheses de la terre immobile & mobile | L’Introduction en la Chronologie, avec une Table des choses plus notables par ordre alphabetique | un Catalogue des meilleurs Auteurs des Mathema- tiques",,"Chez l’Autheur, en l’Isle du Palais, à l’enseigne de l’Anguille | Chez Henry Le Gras, au troisieme pilier de la grande Salle du Palais, à l’L couronnée",,,l’Autheur | Henry Le Gras,,True,False,False,False,False,False,True,False,False,False,True,True,True,False,False,True,False,True,False,False,True,False,0,False,2,True,2,True,1,True,0,False,3,True,unrelated,primary,secondary,secondary,secondary,unrelated,unrelated
MorisS-18-1,,1651,Toulouse,LATIN,Antoine de Lalouvère,Petrus Bosc,Practical Geometry | Theoretical Mathematics,,,unrelated,unrelated,unrelated,unrelated,unrelated,unrelated,unrelated,unrelated,unrelated,unrelated,unrelated,unrelated,unrelated,unrelated,unrelated,unrelated,primary,unrelated,primary,unrelated,Demonstrata | reducta | restaurat | amplificat,,CIRCULI ET HYPERBOLAE SEGMENTORVM,libræ Archimedeæ,Archimedeæ,"Ex dato eorum centro gravitatis, una cum inventione proportionis & centri gravitatis in portionibus Sphaerae plurimorumque periphericorum, nec non tetragonismo absoluto certa cuiusdam cylindri partis, & aliorum",M. DC. LI,,,,praesenti Opere restaurat atque amplificat,Societatis IESV,Antonivs Lalovera,Archimedeæ,,adiumento libræ Archimedeæ | à materia divulsæ,Societatis IESV,TOLOSAE,,,Petrum Bosc,,True,False,True,True,True,True,True,False,False,False,True,True,True,True,False,True,True,True,False,False,True,False,1,True,4,True,2,True,3,True,1,True,3,True,unrelated,primary,unrelated,unrelated,unrelated,unrelated,unrelated
MorisS-18-3,,1659,,LATIN,Antoine de Lalouvère,,Theoretical Mathematics,,,unrelated,unrelated,unrelated,unrelated,unrelated,unrelated,unrelated,unrelated,unrelated,unrelated,unrelated,unrelated,unrelated,unrelated,unrelated,unrelated,unrelated,unrelated,primary,unrelated,edito | communicato,viris tamen doctrina & fide insignibus,Excerpta ex quarto libro de Cycloide Antonii Laloveræ,,,,,,,,nondum quidem edito,,,,,,,,,,,,True,True,True,False,False,False,False,False,False,False,True,False,False,False,False,False,False,False,False,False,False,False,1,True,0,False,2,True,0,False,1,True,0,False,unrelated,primary,unrelated,unrelated,unrelated,unrelated,unrelated
MorisS-18-4,,1660,Toulouse,LATIN,Antoine de Lalouvère,Arnaud Colomier,Theoretical Mathematics,,,unrelated,unrelated,unrelated,unrelated,unrelated,unrelated,unrelated,unrelated,unrelated,unrelated,unrelated,unrelated,unrelated,unrelated,unrelated,unrelated,unrelated,unrelated,primary,unrelated,PROMOTA | adiictis,,VETERVM GEOMETRIA PROMOTA IN SEPTEM DE CYCLOIDE LIBRIS,duabus adiictis Appendicibus,Appendicibus,,M. DC. LX,,,,,Societatis IESV,Antonio Lalovera,,,,Societatis IESV,TOLOSAE,,,"Apud Arnaldum Colomerium, Regis & Acade- miae Tolosanae Typographum",,True,False,True,True,True,False,True,False,False,False,False,True,True,False,False,False,True,True,False,False,True,False,1,True,3,True,1,True,2,True,1,True,3,True,unrelated,primary,unrelated,unrelated,unrelated,unrelated,unrelated
MorisS-2-1,,1636,Paris,LATIN,Jean Beaugrand,Toussaint du Bray,Theoretical Mathematics,,,unrelated,unrelated,unrelated,unrelated,unrelated,unrelated,unrelated,unrelated,unrelated,unrelated,unrelated,unrelated,unrelated,unrelated,unrelated,unrelated,unrelated,unrelated,primary,unrelated,,,,,,,M. DC. XXXVI,"IOANNIS DE BEAVGRAND REGI, FRANCIAE DOMVI, REGNOQVE, AC AERARIO SANCTIORI A CONSILIIS SECRETISQVE",,,,,,,,,CONSILIIS SECRETISQVE,"TVSSANVM DV BRAY, via Iacobaea, sub Spicis Maturis",,,,,False,False,False,False,False,False,True,True,False,False,False,False,False,False,False,False,True,True,False,False,False,False,0,False,2,True,0,False,0,False,2,True,2,True,unrelated,primary,unrelated,unrelated,unrelated,unrelated,unrelated
MorisS-20-5,,1622,Pont-à-Mousson,LATIN,Jean Leurechon,Sébastien Cramoisy,,,,unrelated,unrelated,unrelated,unrelated,unrelated,unrelated,unrelated,unrelated,unrelated,unrelated,unrelated,unrelated,unrelated,unrelated,unrelated,unrelated,unrelated,unrelated,unrelated,unrelated,SELECTAE,Mathematicarum Auditores,,,,,M. DC. XXII,SANCTORUM IGNATII ET XAVERII,,,,,,,,,COLLEGII MUSSIPONTANI,MUSSIPONTI,,,Apud Sebastianum Cramoisy Serenissimi Ducis & Universitatis Typographum Iuratum,,True,True,False,False,False,False,True,True,False,False,False,False,False,False,False,False,True,True,False,False,True,False,0,False,2,True,1,True,0,False,3,True,3,True,unrelated,unrelated,unrelated,unrelated,unrelated,unrelated,unrelated
MorisS-20-6,,1626,Pont-à-Mousson,FRENCH,Jean Leurechon,Jean Appier Hanzelet,,Arithmetic | Mechanics,Practical Geometry | Theoretical Mathematics,unrelated,secondary,unrelated,unrelated,unrelated,unrelated,unrelated,unrelated,unrelated,unrelated,unrelated,secondary,unrelated,unrelated,unrelated,unrelated,unknown,unrelated,unknown,unrelated,COMPOSEE,,,,,,DC. XXVI,,,,,,,,,,,AV PONT-A-MOVSSON,,,"Iean Appier Hanzelet, Imprimeur & Graveur de Son Altesse, & de l’Vniversité",,True,False,False,False,False,False,True,False,False,False,False,False,False,False,False,False,False,True,False,False,True,False,0,False,0,False,1,True,0,False,0,False,3,True,secondary,unknown,unrelated,unrelated,unrelated,secondary,unrelated
MorisS-21-1,,1626,Paris,LATIN,Marin Mersenne,Robert Estienne,,,,unrelated,unrelated,unrelated,unrelated,unrelated,unrelated,unrelated,unrelated,unrelated,unrelated,unrelated,unrelated,unrelated,unrelated,unrelated,unrelated,unrelated,unrelated,unrelated,unrelated,,,SYNOPSIS MATHEMATICA,,,,M. DC. XXVI,"SIMONEM BACHELIER, Ordinis Minimorum Generalem",,,,,,,,,Ordinis Minimorum,officina ROB. STEPHANI,,,ROB. STEPHANI,,False,False,True,False,False,False,True,True,False,False,False,False,False,False,False,False,True,True,False,False,True,False,1,True,2,True,0,False,0,False,2,True,3,True,unrelated,unrelated,unrelated,unrelated,unrelated,unrelated,unrelated
MorisS-21-10,"Universae geometriae, mixtaeque mathematicae synopsis",1644,Paris,LATIN,Marin Mersenne,Antoine Bertier,Theoretical Mathematics,,,unrelated,unrelated,unrelated,unrelated,unrelated,unrelated,unrelated,unrelated,unrelated,unrelated,unrelated,unrelated,unrelated,unrelated,unrelated,unrelated,unrelated,unrelated,primary,unrelated,,,,,,,M. DC. XLIV,,,,,,F. M. MERSENNI M,,,,,"PARISIIS | Apud ANTONIVM BERTIER, viâ Iacobæâ, sub signo Fortuna",,,ANTONIVM BERTIER,,False,False,False,False,False,False,True,False,False,False,False,False,True,False,False,False,False,True,False,False,True,False,0,False,1,True,0,False,0,False,0,False,3,True,unrelated,primary,unrelated,unrelated,unrelated,unrelated,unrelated
MorisS-21-11,,1644,Paris,LATIN,Marin Mersenne,Antoine Bertier,,,,unrelated,unrelated,unrelated,unrelated,unrelated,unrelated,unrelated,unrelated,unrelated,unrelated,unrelated,unrelated,unrelated,unrelated,unrelated,unrelated,unrelated,unrelated,unrelated,unrelated,,,,,,,M. DC. XLIV,,,,,,F. MARINI,,,,,PARISIIS | viâ Jacobæâ,,,ANTONII BERTIER,,False,False,False,False,False,False,True,False,False,False,False,False,True,False,False,False,False,True,False,False,True,False,0,False,1,True,0,False,0,False,0,False,3,True,unrelated,unrelated,unrelated,unrelated,unrelated,unrelated,unrelated
MorisS-21-12,,1647,Paris,LATIN,Marin Mersenne,Antoine Bertier,Astronomy,,Cosmography | Theoretical Mathematics,unrelated,unrelated,primary,unrelated,unrelated,unrelated,unknown,unrelated,unrelated,unrelated,unrelated,unrelated,unrelated,unrelated,unrelated,unrelated,unrelated,unrelated,unknown,unrelated,ACCESSIT,,NOVARVM OBSERVATIONVM PHYSICO- MATHEMATICARVM,,,,M. DC. XLVII,,,,,MERSENNI MINIMI,F. MARINI,ARISTARCHVS SAMIVS,,ARISTARCHVS SAMIVS DE MVNDI SYSTEMATE,,PARISIIS | viâ Iacobeâ sub signo Fortunæ,,,ANTONII BERTIER,,True,False,True,False,False,False,True,False,False,False,False,True,True,True,False,True,False,True,False,False,True,False,1,True,3,True,1,True,1,True,0,False,3,True,unrelated,unknown,unrelated,unrelated,primary,unrelated,unrelated
MorisS-21-13,,1651,Paris,FRENCH,Marin Mersenne,Chartres Langolis,,,,unrelated,unrelated,unrelated,unrelated,unrelated,unrelated,unrelated,unrelated,unrelated,unrelated,unrelated,unrelated,unrelated,unrelated,unrelated,unrelated,unrelated,unrelated,unrelated,unrelated,NOVVELLEMENT MISE EN LVMIERE,,,,,,M. DC. LI,,,,"NOVVELLEMENT MISE EN LVMIERE, après la mort de l’Autheur",,,,,,,PARIS,,,"Chez la veufve F. LANGLOIS, dit CHARTRES, ruë S. Iacques, aux Colonnes d’Hercule",,True,False,False,False,False,False,True,False,False,False,True,False,False,False,False,False,False,True,False,False,True,False,0,False,0,False,2,True,0,False,0,False,3,True,unrelated,unrelated,unrelated,unrelated,unrelated,unrelated,unrelated
MorisS-21-2,,1627,Paris,FRENCH,Marin Mersenne,Guillaume Baudry,Music Theory,,Theoretical Mathematics,unrelated,unrelated,unrelated,unrelated,unrelated,unrelated,unrelated,unrelated,unrelated,unrelated,unrelated,unrelated,unrelated,primary,unrelated,unrelated,unrelated,unrelated,unknown,unrelated,Enrichie,,,,,"Où est contenu la Musique Theorique & Pratique des Anciens & Modernes, auec les causes de ses effets",M. DC. XXVII,,,,,,le sieur de SERMES,,,"Enrichie de Raisons prises de la Philosophie, & des Mathematiques",,PARIS,,,"Pour GVILLAVME BAVDRY, ruë des Amandiers, prés le College des Graffins",,True,False,False,False,False,True,True,False,False,False,False,False,True,False,False,True,False,True,False,False,True,False,0,False,1,True,1,True,1,True,0,False,3,True,unrelated,unknown,unrelated,unrelated,unrelated,unrelated,primary
MorisS-21-4,,1634,Paris,FRENCH,Marin Mersenne,Jacques Villery,Mechanics,,,unrelated,unrelated,unrelated,unrelated,unrelated,unrelated,unrelated,unrelated,unrelated,unrelated,unrelated,primary,unrelated,unrelated,unrelated,unrelated,unrelated,unrelated,unrelated,unrelated,,,,,,,M. DC. XXXIIII,,,,,,,,,,,"Paris | Chez Jacques Villery, ruë Clopin à l'Escu de France, & au coin de la ruë Dauphine, aux Trois perruques",,,Chez Jacques Villery,,False,False,False,False,False,False,True,False,False,False,False,False,False,False,False,False,False,True,False,False,True,False,0,False,0,False,0,False,0,False,0,False,3,True,unrelated,unrelated,unrelated,unrelated,unrelated,primary,unrelated
MorisS-21-5,,1634,Paris,FRENCH,Marin Mersenne,Jacques Villery,,,Music Theory,unrelated,unrelated,unrelated,unrelated,unrelated,unrelated,unrelated,unrelated,unrelated,unrelated,unrelated,unrelated,unrelated,unknown,unrelated,unrelated,unrelated,unrelated,unrelated,unrelated,,,,,,,M. DC. XXXIIII,,,,,,,,,,l'Escu de France,"Chez IACQVES VILLERY, ruë Clopin à l'Escu de France, & au coin de la ruë Dauphine aux trois Perruques",,,IACQVES VILLERY,,False,False,False,False,False,False,True,False,False,False,False,False,False,False,False,False,True,True,False,False,True,False,0,False,1,True,0,False,0,False,1,True,3,True,unrelated,unrelated,unrelated,unrelated,unrelated,unrelated,unknown
MorisS-21-6,,1634,Paris,FRENCH,Marin Mersenne,Henry Guénon,Music Theory,,,unrelated,unrelated,unrelated,unrelated,unrelated,unrelated,unrelated,unrelated,unrelated,unrelated,unrelated,unrelated,unrelated,primary,unrelated,unrelated,unrelated,unrelated,unrelated,unrelated,Composées,"Vtiles aux Predicateurs, aux Theologiens, aux Astrologues, aux Medecins & aux Philosophes",LES PRELVDES DE L’HARMONIE VNIVERSELLE,,,OV QVESTIONS CVRIEVSES,M. DC. XXXIV,,,,,,L. P. M. M,,,,,"PARIS | Chez HENRY GVÉNON, ruë S. Iacques, prés les Iacobins, à l’image S. Bernard",,,HENRY GVÉNON,,True,True,True,False,False,True,True,False,False,False,False,False,True,False,False,False,False,True,False,False,True,False,1,True,1,True,1,True,0,False,1,True,3,True,unrelated,unrelated,unrelated,unrelated,unrelated,unrelated,primary
MorisS-21-7,,1636,Paris,LATIN,Marin Mersenne,Guillaume Baudry,Music Theory,,,unrelated,unrelated,unrelated,unrelated,unrelated,unrelated,unrelated,unrelated,unrelated,unrelated,unrelated,unrelated,unrelated,primary,unrelated,unrelated,unrelated,unrelated,unrelated,unrelated,,,,,,,M. DC. XXXVI,,,,,MERSENNI ORDINIS MINIM,F. MARINI,,,,ORDINIS MINIM,"via Amygdalina, propè Collegium Grasſinorum",,,GVILLIELMI BAVDRY,,False,False,False,False,False,False,True,False,False,False,False,True,True,False,False,False,True,True,False,False,True,False,0,False,3,True,0,False,0,False,1,True,3,True,unrelated,unrelated,unrelated,unrelated,unrelated,unrelated,primary
MorisS-21-8,,1636,Paris,FRENCH,Marin Mersenne,Pierre Ballard,Music Theory,,,unrelated,unrelated,unrelated,unrelated,unrelated,unrelated,unrelated,unrelated,unrelated,unrelated,unrelated,unrelated,unrelated,primary,unrelated,unrelated,unrelated,unrelated,unrelated,unrelated,CONTENANT,,,,,,M. DC. XXXVI,,,,,de l’Ordre des Minimes,F. MARIN MERSENNE,,,,Ordre des Minimes,"PARIS | ruë S. Iean de Beauvais, à l’enseigne du Mont Parnasse",,,"PIERRE BALLARD, Imprimeur de la Mu- sique du Roy",,True,False,False,False,False,False,True,False,False,False,False,True,True,False,False,False,True,True,False,False,True,False,0,False,3,True,1,True,0,False,1,True,3,True,unrelated,unrelated,unrelated,unrelated,unrelated,unrelated,primary
MorisS-21-9,,1638,Paris,FRENCH,Marin Mersenne,Pierre Rocolet,Mechanics,,,unrelated,unrelated,unrelated,unrelated,unrelated,unrelated,unrelated,unrelated,unrelated,unrelated,unrelated,primary,unrelated,unrelated,unrelated,unrelated,unrelated,unrelated,unrelated,unrelated,Traduit,,LES NOVVELLES PENSEES DE GALILEI,,,"la proportion des Mou- uemens, tant Naturels, que Violents, & de  tout ce qu’il y a de plus subtil dans les Me- chaniques & dans la Phisique",DC. XXXIX,,,en François,,,,,,,,"PARIS | Chez PIERRE ROCOLET, Imp. & Libr. ordi- naire du Roy, au Palais, en la gallerie des Pri- sonniers, aux Armes du Roy & de la Ville",d’Italien,,"PIERRE ROCOLET, Imp. & Libr. ordi- naire du Roy",,True,False,True,False,False,True,True,False,False,True,False,False,False,False,False,False,False,True,True,False,True,False,1,True,0,False,3,True,0,False,0,False,3,True,unrelated,unrelated,unrelated,unrelated,unrelated,primary,unrelated
MorisS-22-2,,1631,Paris,LATIN,Jean Baptiste Morin,Jean Baptiste Morin,Astronomy,,,unrelated,unrelated,primary,unrelated,unrelated,unrelated,unrelated,unrelated,unrelated,unrelated,unrelated,unrelated,unrelated,unrelated,unrelated,unrelated,unrelated,unrelated,unrelated,unrelated,,,,,,"DE TELLVRIS MOTV, VEL QVIETE; HACTENVS OPTATA SOLVTIO",M. DC. XXXI,"CARDINALEM RICHELIVM; DVCEM, ET FRANCIAE PAREM",,,,"apud Gallos è Bel- leio censibus Francopolitano, Doctore Medico; atque Regio Parisiis Mathematum Professore",IOANNE BAPTISTA Morino,,,,Regio Parisiis,"PARISIIS | Apud Authorem, iuxta Pontem nouum, in platea Delphina, domi cui nomen l’Escu de France",,,l’Escu de France,,False,False,False,False,False,True,True,True,False,False,False,True,True,False,False,False,True,True,False,False,True,False,0,False,4,True,0,False,0,False,2,True,3,True,unrelated,unrelated,unrelated,unrelated,primary,unrelated,unrelated
MorisS-22-3,,1633,Paris,LATIN,Jean Baptiste Morin,"Jean Baptiste Morin, Jean Libert",Theoretical Mathematics | Trigonometry,,,unrelated,unrelated,unrelated,unrelated,unrelated,unrelated,unrelated,unrelated,unrelated,unrelated,unrelated,unrelated,unrelated,unrelated,unrelated,unrelated,unrelated,unrelated,primary,primary,ADIVNGITVR LIBER QVARTVS,,,"LIBER QVARTVS, PRO calculi Tabulis logarithmorum",LIBER QVARTVS,,M. DC. XXXIII,"ALPHONSVM LVDOYICVM DV PLESSIS DE RICHELIEV, Archiepiscopum & Comitem Lugdunensem, Galliarum Primatem, Magnú Franciæ Elemosynarium",,,,"apud Gallos è Belleiocensibus Francopolitano, Doctore Medico, & Regio Parisiis Mathematicarum Professore",Ioanne Baptista Morino,,,,,"PARISIIS | via D. Ioannis Lateranensis, è regione Auditorij Regij",,,Ioannem Libert,,True,False,False,True,True,False,True,True,False,False,False,True,True,False,False,False,False,True,False,False,True,False,0,False,3,True,1,True,2,True,1,True,3,True,unrelated,primary,unrelated,unrelated,unrelated,unrelated,unrelated
MorisS-22-4,,1640,Paris,LATIN,Jean Baptiste Morin,"Jean Baptiste Morin, Jean Libert",Astronomy,,Navigation | Theoretical Mathematics | Trigonometry,unrelated,unrelated,primary,unrelated,unrelated,unrelated,unrelated,unrelated,unrelated,unrelated,unrelated,unrelated,unrelated,unrelated,unknown,unrelated,unrelated,unrelated,unknown,unknown,RESTITVTA | optatæ | condendis,,,,,,M. DC. XL,CARDINALEM RICHELIEVM; DVCEM ET FRANCIAE PAREM,,,,"apud Gallos è Belleiocensibus Francopolitano Doctore Medico, & Parisiis Regio Mathematicum Professore",Ioanne Baptista Morino,,,Astronomicis Tabulis exactissimè condendis,,PARISIIS | via D. Ioannis Lateranensis,,,"Apud Authorem | apud Ioannem Libert, via D. Ioannis Lateranensis",,True,False,False,False,False,False,True,True,False,False,False,True,True,False,False,True,False,True,False,False,True,False,0,False,3,True,1,True,1,True,1,True,3,True,unrelated,unknown,unrelated,unrelated,primary,unrelated,unrelated
MorisS-22-5,,1647,Paris,FRENCH,Jean Baptiste Morin,Jean Baptiste Morin,Astronomy | Navigation,Instrument Use,Gnomonics & Horology | Practical Geometry | Trigonometry,unrelated,unrelated,primary,unrelated,unrelated,unrelated,unrelated,unrelated,unknown,unrelated,secondary,unrelated,unrelated,unrelated,primary,unrelated,unknown,unrelated,unrelated,unknown,REDVITE,des Pilotes & Capitaines de Mer,,,,,M. DC. XLVII,MONSEIGNEVR L’EMINENTISSIME CARDINAL MAZARIN,,,,"DOCTEVR EN MEDECINE, & Professeur du Roy aux Mathematiques à Paris",IEAN BAPTISTE MORIN,"Pere Leonard Dvilris, Recollet",,AVEC LA CENSVRE DE LA NOVVELLE Theorie & Pratique du secret des Longitudes,Recollet,PARIS,,,"Iacques Villery, Libraire au Palais, en la Gallerie Dauphine",,True,True,False,False,False,False,True,True,False,False,False,True,True,True,False,True,True,True,False,False,True,False,0,False,5,True,1,True,1,True,3,True,3,True,unrelated,unknown,unrelated,secondary,primary,unrelated,unrelated
MorisS-22-6,,1657,Paris,FRENCH,Jean Baptiste Morin,Pierre Menard,Theoretical Mathematics | Trigonometry,Arithmetic,Practical Geometry,unrelated,secondary,unrelated,unrelated,unrelated,unrelated,unrelated,unrelated,unrelated,unrelated,unrelated,unrelated,unrelated,unrelated,unrelated,unrelated,unknown,unrelated,primary,primary,Divisée | SVIVIS | contenant | DEDIE,,TRIGONOMETRIE CANONIQVE,"AVSQVELS LA THEORIE ET PRATIQVE des Triangles plans & spheriques | SVIVIS D’VN QVATRIEME LIVRE, contenant les Tables des logarithmes pour le calcul; à sçavoir leur construction, & leur usage tres-ample & facile",AVSQVELS LA THEORIE ET PRATIQVE | SVIVIS D’VN QVATRIEME LIVRE,Divisée en trois Livres,M. DC. LVII,"TRES-ILLVSTRE ET GENEREX SEIGNEVR Messire Martin Rvze, Marquis d’Effiat et de Longemeau, Conseiller du Roy en son Conseil d’Estat, Grand Maistre des Mines de France, & Gouverneur de la Province de Bourbonnois",,,,"de Villefranche en Beaujollois, Docteur en Medecine, & Professeur du Roy aux Mathematiques à Paris",Iean Baptiste Morin,,,les Tables des logarithmes,des Mines de France,"PARIS | Chez PIERRE MENARD, Libraire Iuré en l’Uni- versité de Paris, à la descente du Pont S. Michel, ruë Boucherie, au Bon Pasteur",,,"Chez PIERRE MENARD, Libraire Iuré en l’Uni- versité de Paris",,True,False,True,True,True,True,True,True,False,False,False,True,True,False,False,True,True,True,False,False,True,False,1,True,4,True,1,True,3,True,2,True,3,True,secondary,primary,unrelated,unrelated,unrelated,unrelated,unrelated
MorisS-22-7,,1661,The Hague,LATIN,Jean Baptiste Morin,Adrian Vlacq,,,Astronomy,unrelated,unrelated,unknown,unrelated,unrelated,unrelated,unrelated,unrelated,unrelated,unrelated,unrelated,unrelated,unrelated,unrelated,unrelated,unrelated,unrelated,unrelated,unrelated,unrelated,stabilita | distributa | complectens,Studiosis | Philosophis | Medicis | Theologis,,,,,M. DC. LXI,,,,,"apud Gallos è Belleiocensibus Francopolitani, Doctoris Medici, & Parisiis Regii Mathematum Professoris",JOANNIS BAPTISTAE MORINI,,,,Parisiis Regii,HAGA-COMITIS,,,Ex Typographia ADRIANI VLACQ,,True,True,False,False,False,False,True,False,False,False,False,True,True,False,False,False,True,True,False,False,True,False,0,False,3,True,1,True,0,False,2,True,3,True,unrelated,unrelated,unrelated,unrelated,unknown,unrelated,unrelated
MorisS-23-1,,1630,Paris,FRENCH,Claude Mydorge,Rolet Boutonné,Mechanics,,Practical Geometry | Theoretical Mathematics,unrelated,unrelated,unrelated,unrelated,unrelated,unrelated,unrelated,unrelated,unrelated,unrelated,unrelated,primary,unrelated,unrelated,unrelated,unrelated,unknown,unrelated,unknown,unrelated,,,,,,Où sont aussi discutées & restablies plusieurs experiences Physiques y proposées,M. DC. XXX,,,,,"Escuyer Sieur de la Maillarde, Conseiller du Roy, & Trésorier general de France en Picardie",CLAVDE MYDORGE,,,,,"PARIS | au Palais, à l’entrée de la petite gallerie des Prisonniers en la deuxième boutique",,,ROLET BOVTONNE,,False,False,False,False,False,True,True,False,False,False,False,True,True,False,False,False,False,True,False,False,True,False,0,False,2,True,0,False,0,False,0,False,3,True,unrelated,unknown,unrelated,unrelated,unrelated,primary,unrelated
MorisS-23-2,,1631,Paris,LATIN,Claude Mydorge,I. Dedin,Theoretical Mathematics,,,unrelated,unrelated,unrelated,unrelated,unrelated,unrelated,unrelated,unrelated,unrelated,unrelated,unrelated,unrelated,unrelated,unrelated,unrelated,unrelated,unrelated,unrelated,primary,unrelated,præsferentis,,PRODROMI CATOPTRICORVM ET DIOPTRICORVM,,,SIVE CONICORVM OPERIS AD ABDITA RADII REFLEXI ET REFACTI mysteria prauiij & facem præsferentis,M. DC. XXXI,,,,,,,,,,,"PARISIIS | via Nucum, sub signo trium Columbarum",,,Ex Typographia I. DEDIN,,True,False,True,False,False,True,True,False,False,False,False,False,False,False,False,False,False,True,False,False,True,False,1,True,0,False,1,True,0,False,0,False,3,True,unrelated,primary,unrelated,unrelated,unrelated,unrelated,unrelated
MorisS-24-1,,1638,Paris,FRENCH,Jean François Niceron,Pierre Billaine,Instrument Use | Perspective | Practical Geometry,,,unrelated,unrelated,unrelated,unrelated,unrelated,unrelated,unrelated,unrelated,unrelated,unrelated,primary,unrelated,unrelated,unrelated,unrelated,primary,primary,unrelated,unrelated,unrelated,abbrégé | reduite,"aux Peintres, Architectes, Graveurs, Sculpteurs, & à tous autres qui se servent du dessein en leurs ouvrages",,"L’Optique, par la vision directe | La Catoptrique, par la reflexion des miroirs   plats, Cylindriques & Coniques | La Dioptrique, par la refraction des Crystaux",L’Optique | La Catoptrique | La Dioptrique,,M. DC. XXXVIII,,,,,Parisien de l’Ordre des Minimes,F. IEAN FRANÇOIS NICERON,,,,l’Ordre des Minimes,"PARIS, Chez PIERRE BILLAINE, ruë S. Iacques, à la Bonne Foy, deuant S. Yues",,,Chez PIERRE BILLAINE,,True,True,False,True,True,False,True,False,False,False,False,True,True,False,False,False,True,True,False,False,True,False,0,False,3,True,1,True,2,True,2,True,3,True,unrelated,primary,primary,primary,unrelated,unrelated,unrelated
MorisS-24-2,,1641,Paris,FRENCH,"Jean François Niceron, Antonio Maria Cospi",Augustin Courbé,,,,unrelated,unrelated,unrelated,unrelated,unrelated,unrelated,unrelated,unrelated,unrelated,unrelated,unrelated,unrelated,unrelated,unrelated,unrelated,unrelated,unrelated,unrelated,unrelated,unrelated,Augmentée | accommodée | Tirée,,L’INTERPRETATION DES CHIFFRES,,,BIEN ENTENDRE & expliquer facilement toutes sortes de Chiffres simples,M. DC. XLI,,,,Augmentée & accommodée particulierement à l’usage des Langues Françoise & Espagnolle,,F. I. F. N. P. M,Sr Ant. Maria Cospi,,Augmentée & accommodée particulierement à l’usage des Langues Françoise & Espagnolle,,"A PARIS | au Palais, en la petite Salle, à la Palme",l’Italien,,"Chez AVGVSTIN COVRBE, Lib. & Imp | de Monsieur Frere du Roy",,True,False,True,False,False,True,True,False,False,False,True,False,True,True,False,True,False,True,True,False,True,False,1,True,2,True,3,True,1,True,0,False,3,True,unrelated,unrelated,unrelated,unrelated,unrelated,unrelated,unrelated
MorisS-24-3,,1646,Paris,LATIN,Jean François Niceron,François Langlois,Perspective,Architecture | Practical Geometry,,secondary,unrelated,unrelated,unrelated,unrelated,unrelated,unrelated,unrelated,unrelated,unrelated,unrelated,unrelated,unrelated,unrelated,unrelated,primary,secondary,unrelated,unrelated,unrelated,,"Pictoribus, Architectis, Statuariis, Sculptoribus, Caelatoribus, & quibuscumque aliis","THAVMATVRGVS OPTICVS, SEV ADMIRANDA",,,"OPTICES, per radium directum: CATOPTRICES, per reflexum è politis corporibus, planis, cylindricis, conicis, polyedris, polygonis & aliis: DIOPTRICES, per refractionem in diaphanis",M. DC. XLVI,EMINentissimum CARDINALEM MAZARINVM,,,,"PARISINI, EX ORD. MINIM",IOANNIS FRANCISCI NICERONIS,,,,ORD. MINIM,via Iacobaea sub Insigni Colum narum Herculis,,,"FRANCISCI LANGLOIS, alias dicti CHARTRES",,False,True,True,False,False,True,True,True,False,False,False,True,True,False,False,False,True,True,False,False,True,False,1,True,4,True,0,False,0,False,3,True,3,True,unrelated,secondary,primary,unrelated,unrelated,unrelated,unrelated
MorisS-25-3,,1665,Paris,FRENCH,Blaise Pascal,Guillaume Desprez,Arithmetic | Theoretical Mathematics,,,unrelated,primary,unrelated,unrelated,unrelated,unrelated,unrelated,unrelated,unrelated,unrelated,unrelated,unrelated,unrelated,unrelated,unrelated,unrelated,unrelated,unrelated,primary,unrelated,,,TRAITÉ DV TRIANGLE ARITHMETIQVE,AVEC QVELQVES AVTRES PETITS TRAITEZ SVR LA MESME MATIERE,,,M. DC. LXV,,,,,,Monsieur PASCAL,,,,,"A PARIS | Chez GVILLAVME DESPREZ, ruë sainct Iacques, à Saint Prosper",,,GVILLAVME DESPREZ,,False,False,True,True,False,False,True,False,False,False,False,False,True,False,False,False,False,True,False,False,True,False,1,True,1,True,0,False,1,True,0,False,3,True,primary,primary,unrelated,unrelated,unrelated,unrelated,unrelated
MorisS-25-4,,1658,,LATIN,Blaise Pascal,,Theoretical Mathematics,,,unrelated,unrelated,unrelated,unrelated,unrelated,unrelated,unrelated,unrelated,unrelated,unrelated,unrelated,unrelated,unrelated,unrelated,unrelated,unrelated,unrelated,unrelated,primary,unrelated,,,,,,,,,,Gallicè,,,,,,,,,,,,,False,False,False,False,False,False,False,False,False,True,False,False,False,False,False,False,False,False,False,False,False,False,0,False,0,False,1,True,0,False,0,False,0,False,unrelated,primary,unrelated,unrelated,unrelated,unrelated,unrelated
MorisS-25-8,,1659,Paris,FRENCH,Blaise Pascal,,Mechanics | Practical Geometry,,,unrelated,unrelated,unrelated,unrelated,unrelated,unrelated,unrelated,unrelated,unrelated,unrelated,unrelated,primary,unrelated,unrelated,unrelated,unrelated,primary,unrelated,unrelated,unrelated,,,,,,,M. DC. LVIII,,,,,,,,,,Cathedrale du Liege,A PARIS,,,,,False,False,False,False,False,False,True,False,False,False,False,False,False,False,False,False,True,True,False,False,False,False,0,False,1,True,0,False,0,False,1,True,2,True,unrelated,primary,unrelated,unrelated,unrelated,primary,unrelated
MorisS-26-1,,1634,Paris,FRENCH,Pierre Petit,Melchior Mondière,Instrument Construction,Instrument Use | Military Engineering,Commercial Mathematics | Practical Geometry,unrelated,unrelated,unrelated,unrelated,unknown,unrelated,unrelated,unrelated,unrelated,primary,secondary,unrelated,secondary,unrelated,unrelated,unrelated,unknown,unrelated,unrelated,unrelated,augmentée,,,,,,DC. XXXIIII,,,,,,P. PETIT BOVRBONNOIS,,,"augmentée des tables de la pesanteur & grandeur des metaux & plusieurs autres corps | reduction de toutes les mesures & de tous les poids d’Europe, d’Afrique & d’Asie, à la mesure & au poids de Paris | construction & l’vsage du Talisso, ou Calibre d’Artillerie",,"PARIS, Chez MELCHIOR MONDIERE, dans la Cour du Palais, place du Change, aux deux Viperes",,,MELCHIOR MONDIERE,,True,False,False,False,False,False,True,False,False,False,False,False,True,False,False,True,False,True,False,False,True,False,0,False,1,True,1,True,1,True,0,False,3,True,unknown,unknown,unrelated,primary,unrelated,secondary,unrelated
MorisS-26-2,,1665,Paris,FRENCH,Pierre Petit,Thomas Jolly,Astronomy,,,unrelated,unrelated,primary,unrelated,unrelated,unrelated,unrelated,unrelated,unrelated,unrelated,unrelated,unrelated,unrelated,unrelated,unrelated,unrelated,unrelated,unrelated,unrelated,unrelated,,,DISSERTATION SVR LA NATVRE DES COMETES,Avec vn Discours sur les Prognostiques des Eclipses & autres Matieres curieuses,Discours sur les Prognostiques des Eclipses,,M. DC. LXV,AV ROY,,,,"Intendant des Fortifications, &c",P. PETIT,,,,,"PARIS, Chez THOMAS IOLLY, Libraire Iuré, au Palais, en la Salle des Mercier, à la Palme, & aux Armes d’Hollande",,,"Chez THOMAS IOLLY, Libraire Iuré",,False,False,True,True,True,False,True,True,False,False,False,True,True,False,False,False,False,True,False,False,True,False,1,True,3,True,0,False,2,True,1,True,3,True,unrelated,unrelated,unrelated,unrelated,primary,unrelated,unrelated
MorisS-27-1,,1636,Paris,FRENCH,Gilles Personne de Roberval,Richard Charlemagne,Mechanics,,,unrelated,unrelated,unrelated,unrelated,unrelated,unrelated,unrelated,unrelated,unrelated,unrelated,unrelated,primary,unrelated,unrelated,unrelated,unrelated,unrelated,unrelated,unrelated,unrelated,,,,,,,M. DC. XXXVI,,,,,"Professeur Royal és Mathemati- ques au College de Maistre Gervais, & en la Chaire de Ramus au College Royal de France",G. Pers. de Roberval,,,,College de Maistre Gervais | College Royal de France,PARIS,,,"RICHARD CHARLEMAGNE, ruë des Amandiers, à la Verité Royalle",,False,False,False,False,False,False,True,False,False,False,False,True,True,False,False,False,True,True,False,False,True,False,0,False,3,True,0,False,0,False,1,True,3,True,unrelated,unrelated,unrelated,unrelated,unrelated,primary,unrelated
MorisS-27-2,,1644,Paris,LATIN,Gilles Personne de Roberval,Antoine Bertier,Astronomy,,Cosmography | Theoretical Mathematics,unrelated,unrelated,primary,unrelated,unrelated,unrelated,unknown,unrelated,unrelated,unrelated,unrelated,unrelated,unrelated,unrelated,unrelated,unrelated,unrelated,unrelated,unknown,unrelated,Nota in | Adiecta sunt,,ARISTARCHI SAMII DE MVNDI SYSTEMATE,,,"partibus, & motibus eiusdem",M. DC. XLIV,,,,"Adiecta sunt A. P. DE ROBERVAL Mathem. Scient. in Collegio Regio Franciæ Professoris, Nota in eundem libellum",Mathem. Scient. in Collegio Regio Franciæ Professoris,A. P. DE ROBERVAL,,,Nota in eundem libellum,Collegio Regio Franciæ,"PARISIIS | apud ANTONIVM BER- TIER, viâ Iacobeâ, sub signo Fortunæ",,,ANTONIVM BER- TIER,,True,False,True,False,False,True,True,False,False,False,True,True,True,False,False,True,True,True,False,False,True,False,1,True,3,True,2,True,1,True,1,True,3,True,unrelated,unknown,unrelated,unrelated,primary,unrelated,unrelated
MorisS-28-1,,1631,Brussels,FRENCH,Pierre Vernier,François Vivien,Instrument Construction | Instrument Use | Practical Geometry | Trigonometry,,,unrelated,unrelated,unrelated,unrelated,unrelated,unrelated,unrelated,unrelated,unrelated,primary,primary,unrelated,unrelated,unrelated,unrelated,unrelated,primary,unrelated,unrelated,primary,LA CONSTRVCTION | L’VSAGE | Composé,,,,,,1631,,,,,"Capitaine & Chastellain pour sa Majesté au Chasteau Dornans, Conseillier, & General de ses Monnoyes, au Comté de Bourgongne",PIERRE VERNIER,,,"Construction de la Table des sinus, de minute en minutes successiue- ment par vn seul maxime | Abregé desdictes tables en vne petite demye page auec son vsage | methode de trouuer les angles d’vn triangle par la cognoissance des costez",,"A BRVSSELLES, Chez FRANCOIS VIVIEN, derriere l’Hostel de Ville: Au bon Pasteur",,,Chez FRANCOIS VIVIEN,,True,False,False,False,False,False,True,False,False,False,False,True,True,False,False,True,False,True,False,False,True,False,0,False,2,True,1,True,1,True,0,False,3,True,unrelated,primary,unrelated,primary,unrelated,unrelated,unrelated
MorisS-3-1,"Abrégé des préceptes d'algèbre, par le P. Jacques de Billy",1637,Reims,FRENCH,Jacques de Billy,François Bernard,Theoretical Mathematics,,,unrelated,unrelated,unrelated,unrelated,unrelated,unrelated,unrelated,unrelated,unrelated,unrelated,unrelated,unrelated,unrelated,unrelated,unrelated,unrelated,unrelated,unrelated,primary,unrelated,Abrégé,,,,,,1637,,,,,P,Jacques de Billy,,,,,Reims,,,François Bernard,,True,False,False,False,False,False,True,False,False,False,False,True,True,False,False,False,False,True,False,False,True,False,0,False,2,True,1,True,0,False,0,False,3,True,unrelated,primary,unrelated,unrelated,unrelated,unrelated,unrelated
MorisS-3-2,,1643,Paris,LATIN,Jacques de Billy,Michel Soly,Theoretical Mathematics,,,unrelated,unrelated,unrelated,unrelated,unrelated,unrelated,unrelated,unrelated,unrelated,unrelated,unrelated,unrelated,unrelated,unrelated,unrelated,unrelated,unrelated,unrelated,primary,unrelated,CUIUS BENEFICIO APERITVR | SIMVLQVE TRADITVR METHODVS,,NOVA GEOMETRIAE CLAVIS ALGEBRA,,,"immensus Matheseos thesaurus, & resoluuntur plurima problemata hactenus non soluta in serie multarum quantitatum continue proportionalium",M. DC. XLIII,,,,,Compendiensi Societatis IESV,P. IACOBO DE BILLY,,,,Societatis IESV,"PARISIIS, Apud MICHAELEM SOLY, via Iacobea, sub signo Phoenicis",,,MICHAELEM SOLY,,True,False,True,False,False,True,True,False,False,False,False,True,True,False,False,False,True,True,False,False,True,False,1,True,3,True,1,True,0,False,1,True,3,True,unrelated,primary,unrelated,unrelated,unrelated,unrelated,unrelated
MorisS-3-3,,1656,Dijon,LATIN,Jacques de Billy,PETRUM PALLIOT,Astronomy,,,unrelated,unrelated,primary,unrelated,unrelated,unrelated,unrelated,unrelated,unrelated,unrelated,unrelated,unrelated,unrelated,unrelated,unrelated,unrelated,unrelated,unrelated,unrelated,unrelated,Adiectus est,,TABULAE LODOICAE SEV,,,"Universa Eclipsium doctrina tabulis, praeceptis ac demonstrationibus explicata",M. DC. LVI,,,,,"Compendiensi, Societatis IESV",P. IACOBO DE BILLY,,,Calculus | aliquot Eclipsium Solis & Lunae,Societatis IESV,DIVIONE,,,"PETRUM PALLIOT, Typographum Regium | Episc. Lingonensis, & Urbis, Bibliopolam & Calcographum",,True,False,True,False,False,True,True,False,False,False,False,True,True,False,False,True,True,True,False,False,True,False,1,True,3,True,1,True,1,True,1,True,3,True,unrelated,unrelated,unrelated,unrelated,primary,unrelated,unrelated
MorisS-3-4,,1658,Paris,LATIN,Jacques de Billy,Michel Soly,Theoretical Mathematics,,Music Theory,unrelated,unrelated,unrelated,unrelated,unrelated,unrelated,unrelated,unrelated,unrelated,unrelated,unrelated,unrelated,unrelated,unknown,unrelated,unrelated,unrelated,unrelated,primary,unrelated,ADICITVR,,TRACTATUS DE PROPORTIONE HARMONICA,,,"IN QVO PLVRIMA PROBLEMATA, hactenus non soluta in serie trium quantitatum Harmonice proportionalium resoluuntur tum Algebricè, tum Canonicè, tum etiam Geometricè",M. DC. LVIII,,,,,,,,,"ADICITVR APPENDIX | In qua resoluuntur Problemata in serie quatuor, quinque, sex, imò & quotcunque quantitatum continuè harmonice proportionalium",,PARISIIS | via Iacobea sub Signo Phoenicis,,,Apud MICHAELEM SOLY,,True,False,True,False,False,True,True,False,False,False,False,False,False,False,False,True,False,True,False,False,True,False,1,True,0,False,1,True,1,True,0,False,3,True,unrelated,primary,unrelated,unrelated,unrelated,unrelated,unknown
MorisS-3-5,,1660,Paris,LATIN,Jacques de Billy,Michel Soly,Arithmetic | Theoretical Mathematics,,,unrelated,primary,unrelated,unrelated,unrelated,unrelated,unrelated,unrelated,unrelated,unrelated,unrelated,unrelated,unrelated,unrelated,unrelated,unrelated,unrelated,unrelated,primary,unrelated,ADIECTVS EST,,DIOPHANTVS GEOMETRA SIVE OPVS CONTEXTVM EX ARITHMETICA ET GEOMETRIA,,,"simul; in quo Quaestiones omnes Diophanti, quae geometrice solvi possunt, enodantur tum Algebricis, tum Geometricis rationibus",M. DC. LX,,,,ADIECTVS EST,Societatis IESV Sacerdote,P. IACOBO DE BILLY,,,ADIECTVS EST,Societatis IESV,"PARISIIS | Apud MICHAELEM SOLY, via Iacobea, sub Signo Phoenicis",,,MICHAELEM SOLY,,True,False,True,False,False,True,True,False,False,False,True,True,True,False,False,True,True,True,False,False,True,False,1,True,3,True,2,True,1,True,1,True,3,True,primary,primary,unrelated,unrelated,unrelated,unrelated,unrelated
MorisS-3-6,,1661,Dijon,LATIN,Jacques de Billy,PETRVM PALLIOT,Astronomy,,,unrelated,unrelated,primary,unrelated,unrelated,unrelated,unrelated,unrelated,unrelated,unrelated,unrelated,unrelated,unrelated,unrelated,unrelated,unrelated,unrelated,unrelated,unrelated,unrelated,,,OPVS ASTRONOMICVM,,,"Siderum omnium hypotheses, eorum motus tum medij, tum veri, Tabularum condendarum ratio, eclipsium putandarum methodus, ob- servationum praxes, caeterorumque omnium quae ab astronomis pertractantur, scientificus calculus, brevi ac facili via exponuntur",M. DC. LXI,,,,,Societatis IESV Compendiensi,P. IACOBO DE BILLY,,,,Societatis IESV,"Episcopi Lin- gonensis, Comitorum Burgundiae, & Urbis | Apud PETRVM PALLIOT, Typographum Regis, Episcopi Lin- gonensis, Comitorum Burgundiae, & Urbis, Bibliopolam, & Calcographum, sub signo Reginae Pacis, ante Palatium",,,PETRVM PALLIOT,,False,False,True,False,False,True,True,False,False,False,False,True,True,False,False,False,True,True,False,False,True,False,1,True,3,True,0,False,0,False,1,True,3,True,unrelated,unrelated,unrelated,unrelated,primary,unrelated,unrelated
MorisS-4-1,,1643,Paris,FRENCH,Abraham Bosse,Pierre Des-Hayes,Architecture | Practical Geometry,Construction,,primary,unrelated,unrelated,unrelated,unrelated,secondary,unrelated,unrelated,unrelated,unrelated,unrelated,unrelated,unrelated,unrelated,unrelated,unrelated,primary,unrelated,unrelated,unrelated,,,,,,Pour la Coupe des Pierres en l’Architecture,M. DC. XLIII,Mr DESARGVES LYONNOIS,,,,"Graueur en Taillé Douce, en l’Isle du Palais, à la Roze Rouge, deuant la Megisserie",A. BOSSE,,,,,"PARIS | Ruë de la Harpe, à la Roze Rouge",,,De l’Imprimerie de PIERRE DES-HAYES,,False,False,False,False,False,True,True,True,False,False,False,True,True,False,False,False,False,True,False,False,True,False,0,False,3,True,0,False,0,False,1,True,3,True,unrelated,primary,primary,unrelated,unrelated,unrelated,unrelated
MorisS-4-2,,1643,Paris,FRENCH,Abraham Bosse,Pierre Des-Hayes,Gnomonics & Horology,Instrument Construction,Practical Geometry,unrelated,unrelated,unrelated,unrelated,unrelated,unrelated,unrelated,unrelated,primary,secondary,unrelated,unrelated,unrelated,unrelated,unrelated,unrelated,unknown,unrelated,unrelated,unrelated,,,,,,,M. DC. XLIII,,,,,Graveur en Taille,A. BOSSE,,,,,"PARIS | ruë de la Harpe, à la Roze Rouge",,,l’Imprimerie de PIERRE DES-HAYES,,False,False,False,False,False,False,True,False,False,False,False,True,True,False,False,False,False,True,False,False,True,False,0,False,2,True,0,False,0,False,0,False,3,True,unrelated,unknown,unrelated,primary,unrelated,unrelated,unrelated
MorisS-4-3,,1645,Paris,FRENCH,Abraham Bosse,Pierre Des-Hayes,Construction,,,unrelated,unrelated,unrelated,unrelated,unrelated,primary,unrelated,unrelated,unrelated,unrelated,unrelated,unrelated,unrelated,unrelated,unrelated,unrelated,unrelated,unrelated,unrelated,unrelated,,,TRAICTE’ DES MANIERES DE GRAVER EN TAILLE DOVCE SVR L’AIRIN,,,"Par le Moyen des Eaux Fortes, & des Vernix Durs & Mols | Ensemble de la façon d’en Imprimer les Planches & d’en Construire la Presse, & autres choses concernans lesdits Arts",M. DC. XLV,,,,,Graueur en Taille Douce,A. BOSSE,,,,,"PARIS | Chez ledit BOSSE, en l’Isle du Palais, à la Roze rouge, deuant la Megisserie",,,Chez ledit BOSSE,,False,False,True,False,False,True,True,False,False,False,False,True,True,False,False,False,False,True,False,False,True,False,1,True,2,True,0,False,0,False,0,False,3,True,unrelated,unrelated,primary,unrelated,unrelated,unrelated,unrelated
MorisS-4-4,,1648,Paris,FRENCH,Abraham Bosse,Pierre Des-Hayes,Perspective,,,unrelated,unrelated,unrelated,unrelated,unrelated,unrelated,unrelated,unrelated,unrelated,unrelated,unrelated,unrelated,unrelated,unrelated,unrelated,primary,unrelated,unrelated,unrelated,unrelated,,,,,,,M. DC. XLVIII,,,,,"Mr | Graueur en Taille Douce | en l’Isle du Palais, au coin de la ruë de Harlay, à la Rose Rouge, deuant la Megisserie",A. BOSSE,,,,,PARIS,,,De l’Imprimerie de PIERRE DES-HAYES,,False,False,False,False,False,False,True,False,False,False,False,True,True,False,False,False,False,True,False,False,True,False,0,False,2,True,0,False,0,False,0,False,3,True,unrelated,unrelated,primary,unrelated,unrelated,unrelated,unrelated
MorisS-4-5,,1653,Paris,FRENCH,Abraham Bosse,Bosse,Perspective,,Practical Geometry,unrelated,unrelated,unrelated,unrelated,unrelated,unrelated,unrelated,unrelated,unrelated,unrelated,unrelated,unrelated,unrelated,unrelated,unrelated,primary,unknown,unrelated,unrelated,unrelated,,,,,,,M. DC. LIII,,,,,,A. BOSSE,,,,,"PARIS | Chez ledit BOSSE, en l’Isle du Palais, sur le Quay qui regarde celuy de la Megisserie",,,Chez ledit BOSSE,,False,False,False,False,False,False,True,False,False,False,False,False,True,False,False,False,False,True,False,False,True,False,0,False,1,True,0,False,0,False,0,False,3,True,unrelated,unknown,primary,unrelated,unrelated,unrelated,unrelated
MorisS-4-6,,1659,Paris,FRENCH,Abraham Bosse,Bosse,Architecture | Practical Geometry,,,primary,unrelated,unrelated,unrelated,unrelated,unrelated,unrelated,unrelated,unrelated,unrelated,unrelated,unrelated,unrelated,unrelated,unrelated,unrelated,primary,unrelated,unrelated,unrelated,,le commun des Ouvriers,,,,,M. DC. LIX,,,,,,A. BOSSE,,,,,"Chez l’Autheur, en l’Isle du Palais, sur le Quay vis a vis celuy de la Megisserie",,,,,False,True,False,False,False,False,True,False,False,False,False,False,True,False,False,False,False,True,False,False,False,False,0,False,1,True,0,False,0,False,1,True,2,True,unrelated,primary,primary,unrelated,unrelated,unrelated,unrelated
MorisS-4-7,,1664,Paris,FRENCH,Abraham Bosse,Bosse,Architecture | Perspective,Practical Geometry,,primary,unrelated,unrelated,unrelated,unrelated,unrelated,unrelated,unrelated,unrelated,unrelated,unrelated,unrelated,unrelated,unrelated,unrelated,primary,secondary,unrelated,unrelated,unrelated,,,,,,,M. DC. LXIII,,,,,,A. BOSSE,,,Avec plusieurs belles Particularitez,,"PARIS, Chez l’Autheur, en l’Isle du Palais, sur le Quay vis à vis celuy de la Megisserie",,,Chez l’Autheur,,False,False,False,False,False,False,True,False,False,False,False,False,True,False,False,True,False,True,False,False,True,False,0,False,1,True,0,False,1,True,0,False,3,True,unrelated,secondary,primary,unrelated,unrelated,unrelated,unrelated
MorisS-5-1,,1638,Paris,LATIN,Ismaël Boulliau,Louis de Heuqueville,,,,unrelated,unrelated,unrelated,unrelated,unrelated,unrelated,unrelated,unrelated,unrelated,unrelated,unrelated,unrelated,unrelated,unrelated,unrelated,unrelated,unrelated,unrelated,unrelated,unrelated,,,,,,,M. DC. XXXVIII,,,,,Iuliodunensi,Ismaele Bullialdo,,,,,"PARISIIS, Apud Ludovicum de Heuqueville, viâ Iacobeâ, sub signo Pacis",,,Ludovicum de Heuqueville,,False,False,False,False,False,False,True,False,False,False,False,True,True,False,False,False,False,True,False,False,True,False,0,False,2,True,0,False,0,False,0,False,3,True,unrelated,unrelated,unrelated,unrelated,unrelated,unrelated,unrelated
MorisS-5-2,,1639,Amsterdam,LATIN,Ismaël Boulliau,Willem & Johannes Blaeu,Astronomy,,Cosmography | Theoretical Mathematics,unrelated,unrelated,primary,unrelated,unrelated,unrelated,unknown,unrelated,unrelated,unrelated,unrelated,unrelated,unrelated,unrelated,unrelated,unrelated,unrelated,unrelated,unknown,unrelated,,,,,,,CIƆ IƆC XXXIX,,,,,,,,,,,AMSTERDAMI,,,Apud Guil. & Ioannem Blaeu,,False,False,False,False,False,False,True,False,False,False,False,False,False,False,False,False,False,True,False,False,True,False,0,False,0,False,0,False,0,False,0,False,3,True,unrelated,unknown,unrelated,unrelated,primary,unrelated,unrelated
MorisS-5-3,,1645,Paris,LATIN,Ismaël Boulliau,Simeon Piget,Astronomy,,,unrelated,unrelated,primary,unrelated,unrelated,unrelated,unrelated,unrelated,unrelated,unrelated,unrelated,unrelated,unrelated,unrelated,unrelated,unrelated,unrelated,unrelated,unrelated,unrelated,ADDITA EST,,,,,,M. DC. XLV,,,,OPVS NOVVM,,,,,NOVA METHODVS CUIVS OPE,Bibliothecæ Regiæ,PARISIIS,,,"Sumptibus SIMEONIS PIGET, viâ Iacobeâ, ad insigne Fontis",,True,False,False,False,False,False,True,False,False,False,True,False,False,False,False,True,True,True,False,False,True,False,0,False,1,True,2,True,1,True,1,True,3,True,unrelated,unrelated,unrelated,unrelated,primary,unrelated,unrelated
MorisS-5-4,,1657,Paris,LATIN,Ismaël Boulliau,Sébastien Cramoisy,Theoretical Mathematics,,,unrelated,unrelated,unrelated,unrelated,unrelated,unrelated,unrelated,unrelated,unrelated,unrelated,unrelated,unrelated,unrelated,unrelated,unrelated,unrelated,unrelated,unrelated,primary,unrelated,,,DE LINEIS SPIRALIBVS,,,DEMONSTRATIONES NOVAE,M. DC. LVII,,,,,,ISMAELIS BVLLIALDI,,,,,"PARISIIS | viâ Iacobeâ, sub Ciconiis",,,Apud SEBASTIANVM CRAMOISY Regis & Reginæ Architypographum | Et GABRIELEM CRAMOISY,,False,False,True,False,False,True,True,False,False,False,False,False,True,False,False,False,False,True,False,False,True,False,1,True,1,True,0,False,0,False,0,False,3,True,unrelated,primary,unrelated,unrelated,unrelated,unrelated,unrelated
MorisS-7-1,"Usage de la roue de proportion, sur laquelle on pratique promptement et facilement toutes les reigles de l'arithmétique",1647,Paris,FRENCH,Jacques Buot,Melchior Mondière,Arithmetic | Instrument Use,,,unrelated,primary,unrelated,unrelated,unrelated,unrelated,unrelated,unrelated,unrelated,unrelated,primary,unrelated,unrelated,unrelated,unrelated,unrelated,unrelated,unrelated,unrelated,unrelated,,,,,,,1647,,,,,,J. Buot,,,,,Paris,,,Melchior Mondière,,False,False,False,False,False,False,True,False,False,False,False,False,True,False,False,False,False,True,False,False,True,False,0,False,1,True,0,False,0,False,0,False,3,True,primary,unrelated,unrelated,primary,unrelated,unrelated,unrelated
MorisS-8-2,"Exemple de l'une des manieres universelles du S.G.D.L. touchant la pratique de la perspective sans emploier aucun tiers point, de distance ny d'autre nature, qui soit hors du champ de l'ouvrage",1636,Paris,FRENCH,Gérard Desargues,Jacques Dugast,Perspective,,,unrelated,unrelated,unrelated,unrelated,unrelated,unrelated,unrelated,unrelated,unrelated,unrelated,unrelated,unrelated,unrelated,unrelated,unrelated,primary,unrelated,unrelated,unrelated,unrelated,,,,,,,,,,,,,,,,,S.G.D.L,,,,,,False,False,False,False,False,False,False,False,False,False,False,False,False,False,False,False,True,False,False,False,False,False,0,False,1,True,0,False,0,False,1,True,0,False,unrelated,unrelated,primary,unrelated,unrelated,unrelated,unrelated
MorisS-8-3,Avec privilege. Brouillon project d'une Atteinte aux evenemens des rencontres du cone avec un plan,1639,Paris,FRENCH,Gérard Desargues,,Theoretical Mathematics,,,unrelated,unrelated,unrelated,unrelated,unrelated,unrelated,unrelated,unrelated,unrelated,unrelated,unrelated,unrelated,unrelated,unrelated,unrelated,unrelated,unrelated,unrelated,primary,unrelated,,,,,,,,,,,,,,,,,,,,AVEC PRIVILEGE,,,False,False,False,False,False,False,False,False,False,False,False,False,False,False,False,False,False,False,False,True,False,False,0,False,0,False,0,False,0,False,0,False,1,True,unrelated,primary,unrelated,unrelated,unrelated,unrelated,unrelated
MorisS-9-3,,1637,Leiden,FRENCH,René Descartes,Jan Maire,Theoretical Mathematics,,Astronomy | Instrument Construction | Instrument Use,unrelated,unrelated,unknown,unrelated,unrelated,unrelated,unrelated,unrelated,unrelated,unknown,unknown,unrelated,unrelated,unrelated,unrelated,unrelated,unrelated,unrelated,primary,unrelated,,,,LA DIOPTRIQVE | LES METEORES | LA GEOMETRIE,LA DIOPTRIQVE | LES METEORES | LA GEOMETRIE,,M. DC. XXXVII,,,,,,,,,,,,,,De l’Imprimerie de IAN MAIRE,,False,False,False,True,True,False,True,False,False,False,False,False,False,False,False,False,False,False,False,False,True,False,0,False,0,False,0,False,2,True,0,False,2,True,unrelated,primary,unrelated,unknown,unknown,unrelated,unrelated
N000JX,Cursus quattuor mathematicarum artium liberalium,1516,Alcala,LATIN,Pedro Ciruelo,Arnao Guillén de Brocar,Arithmetic | Astronomy | Music Theory,,Instrument Use | Practical Geometry,unrelated,primary,primary,unrelated,unrelated,unrelated,unrelated,unrelated,unrelated,unrelated,unknown,unrelated,unrelated,primary,unrelated,unrelated,unknown,unrelated,unrelated,unrelated,recollegit | correxit,,Cursus quattuor mathematica- rum artium liberalium,,,,,,,,quas recollegit atque correxit,magister | theologus simul & philosophus,Petrus Ciruelus Darocensis,,,,,,,,,,True,False,True,False,False,False,False,False,False,False,True,True,True,False,False,False,False,False,False,False,False,False,1,True,2,True,2,True,0,False,0,False,0,False,primary,unknown,unrelated,unknown,primary,unrelated,primary
N1D1J1,Ars magna lucis et umbrae in decem libros digesta,1646,Rome,LATIN,Athanasius Kircher,"Lodovico Grignani, Hermann Scheus",,,,unrelated,unrelated,unrelated,unrelated,unrelated,unrelated,unrelated,unrelated,unrelated,unrelated,unrelated,unrelated,unrelated,unrelated,unrelated,unrelated,unrelated,unrelated,unrelated,unrelated,digesta | panduntur,,ARS MAGNA LVCIS ET VMBRAE,,,"in mundo, atque adeo vniuersa natura, vires effectusq. vti noua, ita varia nouorum reconditiorumq. speciminum exhibitione, ad varios mor- talium vsus, panduntur",MDCXLVI,,,,,"FVLDENSIS BVCHONII E SOC. IESV PRESBYTERI; Olim in Herbipolensi, & Auenionensi Societatis IESV Gymnasiis Orientalium linguarum, & Matheseos, nunc huius in Romano Collegio Professoris ordinarij",ATHANASII KIRCHERI,,,,E SOC. IESV PRESBYTERI | Societatis IESV Gymnasiis Orientalium linguarum | Romano Collegio,ROMAE,,Cum Priuilegio Sacr. Caesar. Maiestatis,Hermanni Scheus | Ex Typographia Ludouici Grignani,,True,False,True,False,False,True,True,False,False,False,False,True,True,False,False,False,True,True,False,True,True,False,1,True,3,True,1,True,0,False,1,True,4,True,unrelated,unrelated,unrelated,unrelated,unrelated,unrelated,unrelated
N61RR8,Troisieme volume des memoires mathematiques,1605,Leiden,DUTCH,Simon Stevin,Jean Tuning,Perspective,,,unrelated,unrelated,unrelated,unrelated,unrelated,unrelated,unrelated,unrelated,unrelated,unrelated,unrelated,unrelated,unrelated,unrelated,unrelated,primary,unrelated,unrelated,unrelated,unrelated,Descrit,,TROISIESME VOLVME DES MEMOIRES MATHE- MATIQVES DES PERSPECTIVES,,,Contenant ce en quoy s'est exercé,CIƆ IƆ CV,"LE TRES-ILLVSTRE, Tres-excellent Prince & Seigneur MAVRICE Prince d'Orange, Comte de Nassau, Catzenellenboghen, Vianden, Moers, &c. Marquis de la Vere & Vlissingues, &c. Seigneur de la ville de Grave, & du Païs de Cuyck, Sainct Vyt, Daesburgh, &c. Gouverneur de Guelres, Hollande, Zeelande, Westfrise, Zutphen, Vtrecht, & Overyffel, &c. Chef General de l'armée des Provinces unies du Païs bas; Admiral general de la Mer, &c",,,,de Bruges,SIMON STEVIN,,,,,ladite Ville,,,"Ian Paedts, Marchand Libraire & Maistre | Imprimeur de l'Vniversité de ladite Ville",,True,False,True,False,False,True,True,True,False,False,False,True,True,False,False,False,False,True,False,False,True,False,1,True,3,True,1,True,0,False,1,True,3,True,unrelated,unrelated,primary,unrelated,unrelated,unrelated,unrelated
NYJL4C,"Rabdologiæ, seu Numerationis per virgulas libri duo: cum appendice de expeditissimo multiplicationis promptuario. Quibus accessit & arithmeticæ localis liber vnus. Authore & inventore Ioanne Nepero, Barone Merchistonii, &c. Scoto.",1617,Edinburgh,LATIN,John Napier,Andrew Hart,Arithmetic | Instrument Use,,Instrument Construction,unrelated,primary,unrelated,unrelated,unrelated,unrelated,unrelated,unrelated,unrelated,unknown,primary,unrelated,unrelated,unrelated,unrelated,unrelated,unrelated,unrelated,unrelated,unrelated,accessit,,"RABDOLOGIÆ, SEV NVMERATIONIS PER VIRGVLAS LIBRI DVO",ARITHMETICÆ LOCALIS LIBER VNVS,ARITHMETICÆ LOCALIS LIBER VNVS,,1617,,,,,"Barone Merchistonii, &c. SCOTO",IOANNE NEPERO,,,Cum Appendice de expeditissima Multiplicationis PROMPTVARIO,,EDINBVRGI,,,Andreas Hart,,True,False,True,True,True,False,True,False,False,False,False,True,True,False,False,True,False,True,False,False,True,False,1,True,2,True,1,True,3,True,0,False,3,True,primary,unrelated,unrelated,primary,unrelated,unrelated,unrelated
Naples_1679,,1679,Naples,LATIN,Leonardo Fioravanti,Cosmi Fioravanti,,,,unrelated,unrelated,unrelated,unrelated,unrelated,unrelated,unrelated,unrelated,unrelated,unrelated,unrelated,unrelated,unrelated,unrelated,unrelated,unrelated,unrelated,unrelated,unrelated,unrelated,,,EUCLIDIS ELEMENTORUM LIBRI SEX,,,,1679,,,,Ex traditione Fed- erici Commandini,,,,EUCLIDIS ELEMENTORUM LIBRI SEX,,,NEAPOLI,,,Typis Novelli de Bonis Typograph. Archiep,EUCLIDIS,False,False,True,False,False,False,True,False,False,False,True,False,False,False,True,False,False,True,False,False,True,True,3,True,1,True,1,True,0,False,0,False,3,True,unrelated,unrelated,unrelated,unrelated,unrelated,unrelated,unrelated
Naples_1701,,1701,Naples,LATIN,Elias Astorinus,Felicis Mosca,,,,unrelated,unrelated,unrelated,unrelated,unrelated,unrelated,unrelated,unrelated,unrelated,unrelated,unrelated,unrelated,unrelated,unrelated,unrelated,unrelated,unrelated,unrelated,unrelated,unrelated,reco- gnita | emendata,,ELEMENTA EUCLIDIS,,,"Novâ methodô, & compendiariè olim demonstrata",MDCCI,,,,"NUNC VERÒ Ab ipso eodem Auctore recognita, & emendata",CARMELITAM CONSENTINUM,F. ELIAM ASTORINUM,,ELEMENTA EUCLIDIS,,CARMELITAM CONSENTINUM,NEAPOLI,,,Typographia Felicis Mosca,EUCLIDIS,True,False,True,False,False,True,True,False,False,False,True,True,True,False,True,False,True,True,False,False,True,True,3,True,4,True,2,True,0,False,1,True,3,True,unrelated,unrelated,unrelated,unrelated,unrelated,unrelated,unrelated
Naples_1702,,1702,Naples,LATIN,Porpora,Carlo Porpora,Theoretical Mathematics,,,unrelated,unrelated,unrelated,unrelated,unrelated,unrelated,unrelated,unrelated,unrelated,unrelated,unrelated,unrelated,unrelated,unrelated,unrelated,unrelated,unrelated,unrelated,primary,unrelated,,,EVCLIDIS ELEMENTA,,,,1702,,,,,,,,EVCLIDIS ELEMENTA,,,NEAPOL,,,CAROLVM PORPORA,EVCLIDIS,False,False,True,False,False,False,True,False,False,False,False,False,False,False,True,False,False,True,False,False,True,True,3,True,1,True,0,False,0,False,0,False,3,True,unrelated,primary,unrelated,unrelated,unrelated,unrelated,unrelated
Naples_1810,I primi sei libri degli elementi di Euclide,1810,Naples,ITALIAN,Vincenzo Flauti,Stamperia Reale,,,,unrelated,unrelated,unrelated,unrelated,unrelated,unrelated,unrelated,unrelated,unrelated,unrelated,unrelated,unrelated,unrelated,unrelated,unrelated,unrelated,unrelated,unrelated,unrelated,unrelated,Emendati,,I PRIMI SEI LIBRI DEGLI ELEMENTI DI EUCLIDE | I primi sei libri degli elementi di Euclide,,,"Emendati in que’ luoghi in cui una voce furono vi- ziati da Teone, o da altri; e ne’ quali sono resti- tuite alcune definizioni, e dimostrazioni dello stesso Euclide",1814,,,,QUARTA EDIZIONE,,V. FLAUTI,Teone,I PRIMI SEI LIBRI DEGLI ELEMENTI DI EUCLIDE | I primi sei libri degli elementi di Euclide,"alcune definizioni, e dimostrazioni",,NAPOLI,,,NELLA STAMPERIA REALE,EUCLIDE | stesso Euclide | Euclide,True,False,True,False,False,True,True,False,False,False,True,False,True,True,True,True,False,True,False,False,True,True,3,True,3,True,2,True,1,True,0,False,3,True,unrelated,unrelated,unrelated,unrelated,unrelated,unrelated,unrelated
Nuremberg_1539,Das erst buch der geometria. Ein kurtze unterweisung was und warauff geometria gegruendet sey und wie man allerley lini flech und coerper außtheylen und in fuergegebner proportion machen soll,1539,Nuremberg,GERMAN,Wolfgang Schmid,,Practical Geometry,Architecture | Instrument Use,,secondary,unrelated,unrelated,unrelated,unrelated,unrelated,unrelated,unrelated,unrelated,unrelated,secondary,unrelated,unrelated,unrelated,unrelated,unrelated,primary,unrelated,unrelated,unrelated,Getruckt,allen liebhabern der selben | allen künstlichen werckleuten,Das erst buch der Geometria,,,"Ein kurtze unterweisung, was vnd worauff Geometria gegründet sey, vnd wie man / nach anweisung der selben / mit dem Circkel vnd Richtscheydt / allerley Lini / Flech / vnd Cörper außztheylen / vnd in fürgegebener propozition / machen soll",,,,,,Rechen-meyster zu Bamberg,Wolfgang Schmid,,Das erst buch der Geometria,,,,,Privilegio auff VI. Jar,,Euclide,True,True,True,False,False,True,False,False,False,False,False,True,True,False,True,False,False,False,False,True,False,True,3,True,3,True,1,True,0,False,1,True,1,True,unrelated,primary,secondary,secondary,unrelated,unrelated,unrelated
Nuremberg_1625,Euclidis elementa practica oder Ausszug aller Problematum und Handarbeiten auss den 15 Büchern Euclidis,1625,Nuremberg,GERMAN,Lucas Brunn,Simon Halbmayer,Practical Geometry,Instrument Use,,unrelated,unrelated,unrelated,unrelated,unrelated,unrelated,unrelated,unrelated,unrelated,unrelated,secondary,unrelated,unrelated,unrelated,unrelated,unrelated,primary,unrelated,unrelated,unrelated,dargegeben | Gedruckt | verlegt,Allen und jeden,EUCLIDIS ELEMENTA PRACTICA,,,Auszug aller Problematum und Haubarbeiten auß den 15. Büchern Euclidis,,,,Teutsche Sprach,,Churf. Sächs. Mathematicum und Inspectorn der Kunstkammer zu Dresden,M. Luc. Brunn,,EUCLIDIS ELEMENTA PRACTICA,,Kunstkammer zu Dresden,,,,,EUCLIDIS | Euclidis,True,True,True,False,False,True,False,False,False,True,False,True,True,False,True,False,True,False,False,False,False,True,3,True,4,True,2,True,0,False,2,True,0,False,unrelated,primary,unrelated,secondary,unrelated,unrelated,unrelated
Nuremberg_1821,Mathematisch-critische Bearbeitung des ersten Buchs der Elemente Euclid’s,1821,Nuremberg,GERMAN,Johann Wolfgang Müller,"Riegel, Wiesner",,,,unrelated,unrelated,unrelated,unrelated,unrelated,unrelated,unrelated,unrelated,unrelated,unrelated,unrelated,unrelated,unrelated,unrelated,unrelated,unrelated,unrelated,unrelated,unrelated,unrelated,,,des ersten Buchs der Elemente Euclid’s,,,,1821,,,,,Professor der Mathematik am Gymnasium zu Nürnberg,Johann Wolfgang Müller,,ersten Buchs der Elemente Euclid’s,Mit einer Kupfertafel,Gymnasium zu Nürnberg,Nürnberg,,,Riegel und Wiesner,Euclid’s,False,False,True,False,False,False,True,False,False,False,False,True,True,False,True,True,True,True,False,False,True,True,3,True,4,True,0,False,1,True,1,True,3,True,unrelated,unrelated,unrelated,unrelated,unrelated,unrelated,unrelated
OGXS5A,"Mirifici logarithmorum canonis constructio, et eorum ad naturales ipsorum numeros habitudines; una cum appendice, de alia eaque praestantiore logarithmorum specie condenda. Quibus accessere propositiones ad triangula sphaerica faciliore calculo resolvenda",1620,Lyon,LATIN,John Napier,Barthélemy Vincent,Theoretical Mathematics | Trigonometry,,,unrelated,unrelated,unrelated,unrelated,unrelated,unrelated,unrelated,unrelated,unrelated,unrelated,unrelated,unrelated,unrelated,unrelated,unrelated,unrelated,unrelated,unrelated,primary,primary,MIRIFICI | condenda | memoratam | accedere | resoluenda,,LOGARITHMORVM CANONIS CON-STRVCTIO,,,ET EORVM AD NATVRALES ipsorum numeros habitudines,M. DC. XX,,,,,"Barone MERCHISTONII, &c. Scoto",IOANNE NEPERO,doctissimi D. HENRICI BRIGGII,,"VNA CVM APPENDICE, DE ALIA eáque præstantiore Logarithmorum specie condenda | Vna cum Annotationibus aliquot doctissimi D. HENRICI BRIGGII in eas, & memoratam appendicem | Quibus accedere Propositiones ad triangula sphæ- rica faciliore calculo resoluenda",,"LVGDVNI, Apud Bartholomæum Vincentium, sub Signo Victoriæ",,,Bartholomæum Vincentium,,True,False,True,False,False,True,True,False,False,False,False,True,True,True,False,True,False,True,False,False,True,False,1,True,3,True,1,True,1,True,0,False,3,True,unrelated,primary,unrelated,unrelated,unrelated,unrelated,unrelated
OQBIL8,Drey wichtige newe Kunststück in underschidlichen perspectivischen Instrumenten inventiert und erfunden,1626,Augsburg,GERMAN,Peter Halt,Matthæus Langenwalder,Perspective,Architecture | Instrument Use,Practical Geometry,secondary,unrelated,unrelated,unrelated,unrelated,unrelated,unrelated,unrelated,unrelated,unrelated,secondary,unrelated,unrelated,unrelated,unrelated,primary,unknown,unrelated,unrelated,unrelated,publiciert,den Kunstlieben,,,,,M D C XXVI,,,,,,Peter Halten,,,,,Augspurg,,,Mat- thæo Langenwalder,,True,True,False,False,False,False,True,False,False,False,False,False,True,False,False,False,False,True,False,False,True,False,0,False,1,True,1,True,0,False,1,True,3,True,unrelated,unknown,primary,secondary,unrelated,unrelated,unrelated
OQE4ZD,Perspectivische Reißkunst,1625,Augsburg,GERMAN,Peter Halt,David Franck,Perspective,Instrument Use,Instrument Construction | Practical Geometry,unrelated,unrelated,unrelated,unrelated,unrelated,unrelated,unrelated,unrelated,unrelated,unknown,secondary,unrelated,unrelated,unrelated,unrelated,primary,unknown,unrelated,unrelated,unrelated,deductrt,allen Bawleuten | Steinmetzen | Maurern | Werckmeistern | Zimmerleuten | Bildhauern | Schreinern | Mahlern,,,,,,,,,,,,,,Kupfferstücken | vorgerissen Instrument,,Augspurg | Burgern in Vlm,,,David Francken | Johann Remmelin,,True,True,False,False,False,False,False,False,False,False,False,False,False,False,False,True,False,True,False,False,True,False,0,False,0,False,1,True,1,True,1,True,2,True,unrelated,unknown,primary,secondary,unrelated,unrelated,unrelated
OT231L,"Scenographiae, sive perspectivae",1560,Antwerp,LATIN,Hans Vredeman de Vries,Hieronymus Cock,Perspective,,,unrelated,unrelated,unrelated,unrelated,unrelated,unrelated,unrelated,unrelated,unrelated,unrelated,unrelated,unrelated,unrelated,unrelated,unrelated,primary,unrelated,unrelated,unrelated,unrelated,,,,,,,,,,,,,,,,,,,,,,,False,False,False,False,False,False,False,False,False,False,False,False,False,False,False,False,False,False,False,False,False,False,0,False,0,False,0,False,0,False,0,False,0,False,unrelated,unrelated,primary,unrelated,unrelated,unrelated,unrelated
Osnabrück_1676,,1676,Osnabrück,LATIN,Isaac Barrow,Schwänderum,Theoretical Mathematics,,,unrelated,unrelated,unrelated,unrelated,unrelated,unrelated,unrelated,unrelated,unrelated,unrelated,unrelated,unrelated,unrelated,unrelated,unrelated,unrelated,unrelated,unrelated,primary,unrelated,revisi | expurgati,,ELEMENTORVM EUCLIDIS Libri XV,,,Breviter ac succinctè demonstrati,1676,,,,"Nunc vicissim revisi, & à cunctis erroribus expurgati","Cantabrigiensis, COLL. TRIN. SOC",Mri Js. BARROW,,ELEMENTORVM EUCLIDIS Libri XV,,COLL. TRIN. SOC,Apud Johan. Georg. Schwänderum,,,Johan. Georg. Schwänderum,ELEMENTORVM EUCLIDIS,True,False,True,False,False,True,True,False,False,False,True,True,True,False,True,False,True,True,False,False,True,True,3,True,4,True,2,True,0,False,1,True,3,True,unrelated,primary,unrelated,unrelated,unrelated,unrelated,unrelated
Oxford_1685,,1685,Oxford,ENGLISH,Claude-François Milliet Dechales,L. Lichfield,,,,unrelated,unrelated,unrelated,unrelated,unrelated,unrelated,unrelated,unrelated,unrelated,unrelated,unrelated,unrelated,unrelated,unrelated,unrelated,unrelated,unrelated,unrelated,unrelated,unrelated,Explain’d | Written | done | purg’d,,THE ELEMENTS OF EUCLID,,,"Explain’d, in a new, but most easie method, Together with The Use of every Proposition through all parts of the Mathematicks",1685,,,English,"purg’d from a multitude of Errors, which had escap’d in the Original",Exccellent Math-ematician | of the So-ciety of JESUS,F. CLAUD. FRANCIS MILLIET de CHALES,,THE ELEMENTS OF EUCLID,The Use of every Proposition through all parts of the Mathematicks,So-ciety of JESUS,OXFORD | near the Theater in Oxford,French,,"L. Lichfield, Printer to the University | Anthony Stephens, Bookseller near the Theater in Oxford",EUCLID,True,False,True,False,False,True,True,False,False,True,True,True,True,False,True,True,True,True,True,False,True,True,3,True,4,True,4,True,1,True,1,True,3,True,unrelated,unrelated,unrelated,unrelated,unrelated,unrelated,unrelated
Oxford_1701,"Euclidis elementorum libri priores sex, item undecimus et duodecimus ex versione latina Federici Commandini in usum juventutis academicae",1701,Oxford,LATIN,John Keill,Henry Clements,,,,unrelated,unrelated,unrelated,unrelated,unrelated,unrelated,unrelated,unrelated,unrelated,unrelated,unrelated,unrelated,unrelated,unrelated,unrelated,unrelated,unrelated,unrelated,unrelated,unrelated,,Juventutis Academicæ,"EUCLIDIS ELEMENTORUM LIBRI PRIORES SEX, ITEM UNDECIMUS & DUODECIMUS",,,,MDCCI,,,Latina,Ex Versione Latina FEDERICI COMMANDINI,,,,"EUCLIDIS ELEMENTORUM LIBRI PRIORES SEX, ITEM UNDECIMUS & DUODECIMUS",,,"OXONIÆ, E THEATRO SHELDONIANO",Latina,,Henr. Clements Bibliopolæ Oxoniensis,EUCLIDIS,False,True,True,False,False,False,True,False,False,True,True,False,False,False,True,False,False,True,True,False,True,True,3,True,1,True,3,True,0,False,1,True,3,True,unrelated,unrelated,unrelated,unrelated,unrelated,unrelated,unrelated
Oxford_1703,"Eukleidou Ta Swzomena, Euclidis quae supersunt omnia",1703,Oxford,"LATIN, GREEK",David Gregory,,Theoretical Mathematics,Astronomy | Mechanics | Music Theory,,unrelated,unrelated,secondary,unrelated,unrelated,unrelated,unrelated,unrelated,unrelated,unrelated,unrelated,secondary,unrelated,secondary,unrelated,unrelated,unrelated,unrelated,primary,unrelated,,,EUCLIDIS,,,QUAE SUPERSUNT OMNIA,MDCCIII,,,,Ex Recensione DAVIDIS GREGORII M. D,M. D | Astronomiae Professoris Saviliani | R. S. S,DAVIDIS GREGORII,,EUCLIDIS,,Saviliani | R. S. S,OXONIAE,,,E THEATRO SHELDONIANO,ΕΥΚΛΕΙΔΟΥ | EUCLIDIS,False,False,True,False,False,True,True,False,False,False,True,True,True,False,True,False,True,True,False,False,True,True,3,True,4,True,1,True,0,False,1,True,3,True,unrelated,primary,unrelated,unrelated,secondary,secondary,secondary
Oxford_1705,"The English Euclide, being The First Six Elements of Geometry, translated out of the Greek",1705,Oxford,ENGLISH,Edmund Scarburgh,,Theoretical Mathematics,,,unrelated,unrelated,unrelated,unrelated,unrelated,unrelated,unrelated,unrelated,unrelated,unrelated,unrelated,unrelated,unrelated,unrelated,unrelated,unrelated,unrelated,unrelated,primary,unrelated,Translated | translated,,THE ENGLISH EUCLIDE | The English Euclide,,,OF GEOMETRY | the first six Elements of geometry,1705,,,ENGLISH | English,Translated out of the GREEK,Chaplain to his Grace the Duke of BUCKINGHAMSHIRE L.d Privy Seal | Prebendary of SARUM | Rector of UPWEY in the County of DORSETT,EDMUND SCARBURGH M. A | Edmund Scarburgh,,"THE ENGLISH EUCLIDE, BEING The First SIX ELEMENTS OF GEOMETRY | first six Elements of geometry",Annotations and useful Supplements | annotations | useful supplements,SARUM | UPWEY,OXFORD,GREEK | Greek,,the THEATER,EUCLIDE | Euclide,True,False,True,False,False,True,True,False,False,True,True,True,True,False,True,True,True,True,True,False,True,True,3,True,4,True,4,True,1,True,1,True,3,True,unrelated,primary,unrelated,unrelated,unrelated,unrelated,unrelated
Oxford_London_1700,,1700,"Oxford, London",ENGLISH,Claude-François Milliet Dechales,M. Gillyflower,,,,unrelated,unrelated,unrelated,unrelated,unrelated,unrelated,unrelated,unrelated,unrelated,unrelated,unrelated,unrelated,unrelated,unrelated,unrelated,unrelated,unrelated,unrelated,unrelated,unrelated,Explain’d | Written in French | Now made English | Errors Corrected,,THE ELEMENTS OF EUCLID,,,"Explain’d, In a New, but most Easie Method: Together with The Use of every Proposition through all parts of the Mathematicks",1700,,,English,"The Third Edition | Now made English, and a multitude of Errors Corrected, which had escap’d in the Original",that Excellent Mathematician | of the Society of JESUS,F. CLAUD. FRANCIS MILLIET de CHALES,,THE ELEMENTS OF EUCLID,Together with The Use of every Proposition through all parts of the Mathematicks,Society of JESUS,"OXFORD | the Spread-Eagle in Westminster-Hall | the Bible over-against the Middle-Temple-Gate, in Fleet-street",French,,"L.L | M. Gillyflower at the Spread-Eagle in Westminster-Hall | W. Freeman at the Bible over-against the Middle-Temple-Gate, in Fleet-street",EUCLID,True,False,True,False,False,True,True,False,False,True,True,True,True,False,True,True,True,True,True,False,True,True,3,True,4,True,4,True,1,True,1,True,3,True,unrelated,unrelated,unrelated,unrelated,unrelated,unrelated,unrelated
P3JCQH,Euclides logisticus sive De ratione Euclidea,1652,Leuven,LATIN,Francies de Nonancourt,Andreas Bouvet,Arithmetic,,Commercial Mathematics,unrelated,primary,unrelated,unrelated,unknown,unrelated,unrelated,unrelated,unrelated,unrelated,unrelated,unrelated,unrelated,unrelated,unrelated,unrelated,unrelated,unrelated,unrelated,unrelated,,,EUCLIDES LOGISTICUS,,,DE RATIONE EUCLIDEA,M. DC. LII,,EUCLIDES LOGISTICUS,,,,FRANCISCI DE NONANCOURT,,,,,LOVANII,,,Typis Andreae Bouveti,EUCLIDES | EUCLIDEA,False,False,True,False,False,True,True,False,True,False,False,False,True,False,False,False,False,True,False,False,True,True,3,True,3,True,0,False,0,False,0,False,3,True,primary,unrelated,unrelated,unrelated,unrelated,unrelated,unrelated
Padua_1694,,1694,Padua,LATIN,André Tacquet,,Trigonometry,,,unrelated,unrelated,unrelated,unrelated,unrelated,unrelated,unrelated,unrelated,unrelated,unrelated,unrelated,unrelated,unrelated,unrelated,unrelated,unrelated,unrelated,unrelated,unrelated,primary,ACCEDUNT | INSERTA EST | desumpta,,ELEMENTA GEOMETRIÆ PLANÆ AC SOLIDÆ,,,QUIBUS ACCEDUNT SELECTA EX ARCHIMEDE THEOREMATA,M. DC. XCIV,,,,IN HAC NOVA EDITIONE,"SOCIETATIS JESV Sacerdote, & Matheseos Professore",ANDREA TACQUET,ARCHIMEDE,ELEMENTA GEOMETRIÆ PLANÆ AC SOLIDÆ,Trigonometria plana | Sphærica aliundè desumpta,,,,,Typographia Seminarii,,True,False,True,False,False,True,True,False,False,False,True,True,True,True,True,True,False,False,False,False,True,False,2,True,3,True,2,True,1,True,0,False,2,True,unrelated,primary,unrelated,unrelated,unrelated,unrelated,unrelated
Paris_1500,,1500,Paris,LATIN,Johannes de Sacrobosco,,Astronomy,Instrument Use,,unrelated,unrelated,primary,unrelated,unrelated,unrelated,unrelated,unrelated,unrelated,unrelated,secondary,unrelated,unrelated,unrelated,unrelated,unrelated,unrelated,unrelated,unrelated,unrelated,adiecta | illustratus,,Geometria Euclidis,De Sphe ra Johannis de Sa- cro bosco | Anuli Astronomici Iacobi Lefranc,Anuli Astronomici | De Sphe ra Johannis de Sa- cro bosco | Nouo commentario nuper coito adutilitate studii philosophici | Lili expositione Anuli Astro- nomici Iacobi Lefranc,,,,,,,Academie illustratus | expositione Anuli Astronomici,Lili,Johannis de Sacro Bosco | Iacobi Lefranc,Geometria Euclidis,cum additione | adiecta | Nouo commentario nuper coito,Academie,,,,,Euclidis,True,False,True,True,True,False,False,False,False,False,False,True,True,True,True,True,True,False,False,False,False,True,3,True,5,True,1,True,3,True,1,True,0,False,unrelated,unrelated,unrelated,secondary,primary,unrelated,unrelated
Paris_1507,,1507,Paris,LATIN,Johannes de Sacrobosco,Henri Estienne,Astronomy,Instrument Construction | Theoretical Mathematics,Gnomonics & Horology | Instrument Use,unrelated,unrelated,primary,unrelated,unrelated,unrelated,unrelated,unrelated,unknown,secondary,unknown,unrelated,unrelated,unrelated,unrelated,unrelated,unrelated,unrelated,secondary,unrelated,adiecta | edito | illustratus,studentium Philosophice Parisiensis,Geometria Euclidis Megarensis,De Sphera Iohannis de Sacrobosco | Compositione Anuli Astronomici Boni Latensis,De Sphera Iohannis de Sacrobosco | Compositione Anuli Astronomici Boni Latensis,,,,Euclidis Megarensis,,Cum additione (quan-tum necessarium est) adiecta | Nouo commentario nuper edito,Academie illustratus,,,Geometria Euclidis Megarensis,Cum additione (quan-tum necessarium est) adiecta | Nouo commentario nuper edito | Cum Compositione Anuli Astronomici Boni Latensis,Academie,,,,,Euclidis Megarensis,True,True,True,True,True,False,False,False,True,False,True,True,False,False,True,True,True,False,False,False,False,True,4,True,4,True,2,True,3,True,2,True,0,False,unrelated,secondary,unrelated,secondary,primary,unrelated,unrelated
Paris_1511,,1511,Paris,LATIN,Johannes de Sacrobosco,Henri Estienne,Astronomy,Instrument Construction | Theoretical Mathematics,,unrelated,unrelated,primary,unrelated,unrelated,unrelated,unrelated,unrelated,unrelated,secondary,unrelated,unrelated,unrelated,unrelated,unrelated,unrelated,unrelated,unrelated,secondary,unrelated,adiecta | nuper edito | illustratus,studentium Philosophice Parisiensis,Geometria Euclidis Megarensis,TEXtus De Sphera Johannis de Sacrobosco | Compositione Anuli Astronomici Boni Latensis,De Sphera | Compositione Anuli Astronomici,,,,Euclidis Megarensis,,Cum additione (quan-  tum necessarium est) adiecta | Nouo commentario nuper edito,,,Johannis de Sacrobosco | Boni Latensis,Geometria Euclidis Megarensis,Cum additione (quan-  tum necessarium est) adiecta | Nouo commentario nuper edito,Academie,,,,,Euclidis Megarensis,True,True,True,True,True,False,False,False,True,False,True,False,False,True,True,True,True,False,False,False,False,True,4,True,4,True,2,True,3,True,2,True,0,False,unrelated,secondary,unrelated,secondary,primary,unrelated,unrelated
Paris_1516,Euclidis Megarensis geometricorum elementorum libri XV,1516,Paris,LATIN,Jacques Lefèvre d'Étaples,Henri Estienne,Theoretical Mathematics,,,unrelated,unrelated,unrelated,unrelated,unrelated,unrelated,unrelated,unrelated,unrelated,unrelated,unrelated,unrelated,unrelated,unrelated,unrelated,unrelated,unrelated,unrelated,primary,unrelated,,ad studiosorum | Gallis | Italis | Germanis | Hispanis | Anglis,EVCLIDIS Megarensis Geometricorum el-ementorum libri XV,"CAMPANI Galli transalpini in eosdem commentariorum libri XV | THEONIS Alexandrini Bartholamæo Zamberto Veneto interprete, in tredecim priores, commentariorum libri XIII | HYPSICLIS Alexandrini in duos posteriores, eodem Bartholamæo Zamberto Veneto interprete, commentariorum libri II",CAMPANI | THEONIS | HYPSICLIS,,,Magnifico D. FRANCISCO Briconneto,EVCLIDIS Megarensis,,,Bartholamæo Zamberto Veneto interprete | eodem Bartholamæo Zamberto Veneto interprete,Bartholamæo Zamberto Veneto,THEONIS Alexandrini | HYPSICLIS Alexandrini | CAMPANI Galli,EVCLIDIS Megarensis Geometricorum el-ementorum libri XV,,,PARISIIS,,,in oicina Henrici Stephani e regione scholæ Decretorum,EVCLIDIS,False,True,True,True,True,False,False,True,True,False,False,True,True,True,True,False,False,True,False,False,True,True,4,True,6,True,0,False,2,True,2,True,2,True,unrelated,primary,unrelated,unrelated,unrelated,unrelated,unrelated
Paris_1516a,,1516,Paris,LATIN,Johannes de Sacrobosco,Henri Estienne,Astronomy | Gnomonics & Horology | Instrument Construction | Theoretical Mathematics,,,unrelated,unrelated,primary,unrelated,unrelated,unrelated,unrelated,unrelated,primary,primary,unrelated,unrelated,unrelated,unrelated,unrelated,unrelated,unrelated,unrelated,primary,unrelated,adjecta | edito | illustratus,studentium Philosophice Parisiensis,Geometria Eu-clidis Megarensis,Textus De Sphera Joannis de Sacrobosco,Textus De Sphera Joannis de Sacrobosco,,,,Eu-clidis Megarensis,,Nouo commentario nuper edito,,,Joannis de Sacrobosco | Boneti Latensis,Geometria Eu-clidis Megarensis,additione (quan-tum necessarium est) adjecta | Nouo commentario nuper edito | Compositione Anuli Astronomici Boneti Latensis,Academie,,,,,Eu-clidis,True,True,True,True,True,False,False,False,True,False,True,False,False,True,True,True,True,False,False,False,False,True,4,True,4,True,2,True,3,True,2,True,0,False,unrelated,primary,unrelated,primary,primary,unrelated,unrelated
Paris_1521,"Textus de Sphaera, introductoria additione commentarioque ad utilitatem studentium philosophiae Parisiensis Academiae illustratus, cum compositione annuli astronomici et geometria",1521,Paris,LATIN,Johannes de Sacrobosco,Simon de Colines,Astronomy | Instrument Construction,Theoretical Mathematics,,unrelated,unrelated,primary,unrelated,unrelated,unrelated,unrelated,unrelated,unrelated,primary,unrelated,unrelated,unrelated,unrelated,unrelated,unrelated,unrelated,unrelated,secondary,unrelated,ADditione | illustratus,studentium philosophiæ Parisiensis Academiæ,Geometria Euclidis Megarensis,Annuli astronomici Boneti Latensis | Geometria Euclidis Megarensis,Annuli astronomici Boneti Latensis | Geometria Euclidis Megarensis,,1521,,Euclidis Megarensis,,INTRODVCTORIA ADditione (quantum necessarium est) commentarioque | Cum compositione Annuli astronomici Boneti Latensis,,IOANNIS DE SACROBOSCO,Boneti,Geometria Euclidis Megarensis,INTRODVCTORIA ADditione (quantum necessarium est) commentarioque,Parisiensis Academiæ,PARISIIS | e regione scholæ Decretorum,,,Simonem Colinæum,Euclidis,True,True,True,True,True,False,True,False,True,False,True,False,True,True,True,True,True,True,False,False,True,True,4,True,5,True,2,True,3,True,2,True,3,True,unrelated,secondary,unrelated,primary,primary,unrelated,unrelated
Paris_1527,,1527,Paris,LATIN,Johannes de Sacrobosco,Simon de Colines,Astronomy,Instrument Construction | Theoretical Mathematics,,unrelated,unrelated,primary,unrelated,unrelated,unrelated,unrelated,unrelated,unrelated,secondary,unrelated,unrelated,unrelated,unrelated,unrelated,unrelated,unrelated,unrelated,secondary,unrelated,ADDITIONE | illustratus,studentium philosophiæ Parisiensis Academiæ | studentium Philosophiæ Parisiensis Academiæ,Geometria Euclidis Megarensis,Annuli astronomici Boneti Latensis | Geometria Euclidis Megarensis | TEXTVS DE SPHAERA IOANNIS DE SACROBOSCO | Annuli astronomici Boneti Latensis | Annuli astronomici Boneti Latensis,Annuli astronomici Boneti Latensis | Geometria Euclidis Megarensis | TEXTVS DE SPHAERA | Annuli astronomici | Annuli astronomici Boneti Latensis,,1527 | 1531 | 1534,,Euclidis Megarensis,,INTRODVCTORIA ADDITIONE (QVANtum necessarium est) commentarióque,Academiæ illustratus,IOANNIS DE SACROBOSCO,Boneti Latensis | IOANNIS DE SACROBOSCO | Boneti Latensis,Geometria Euclidis Megarensis,INTRODVCTORIA ADDITIONE (quantum necessarium est) commentarióque | INTRODVCTORIA ADDITIONE | INTRODVCTORIA ADDITIONE (QVANtum necessarium est) commentarióque,Parisiensis Academiæ | Philosophiæ Parisiensis Academiæ,PARISIIS,,,Simonem Colinæum | apud Simonem Colinæum,Euclidis Megarensis,True,True,True,True,True,False,True,False,True,False,True,True,True,True,True,True,True,True,False,False,True,True,4,True,6,True,2,True,3,True,2,True,3,True,unrelated,secondary,unrelated,secondary,primary,unrelated,unrelated
Paris_1532,Protomathesis,1532,Paris,LATIN,Oronce Finé,,Practical Geometry,,Architecture | Instrument Use,unknown,unrelated,unrelated,unrelated,unrelated,unrelated,unrelated,unrelated,unrelated,unrelated,unknown,unrelated,unrelated,unrelated,unrelated,unrelated,primary,unrelated,unrelated,unrelated,feliciter emissum,,PROTOMATHESIS,,,"Opus varium, ac scitu non minus utile quàm iucundum",1532,,,,nunc primum in lucem feliciter emissum,LIBERALIUM DISCIPLINARUM PROFESSORIS REGII,ORONTII FINEI DEL- PHINATIS,,,,,PARISIIS,,,,,True,False,True,False,False,True,True,False,False,False,True,True,True,False,False,False,False,True,False,False,False,False,1,True,2,True,2,True,0,False,0,False,2,True,unrelated,primary,unknown,unknown,unrelated,unrelated,unrelated
Paris_1534a,,1534,Paris,LATIN,Johann Vögelin,,,,,unrelated,unrelated,unrelated,unrelated,unrelated,unrelated,unrelated,unrelated,unrelated,unrelated,unrelated,unrelated,unrelated,unrelated,unrelated,unrelated,unrelated,unrelated,unrelated,unrelated,decerptum,omnium Mathematices studiosorum,ELEMENTALE GEOMETRI,,,EX EUCLIDIS GEOMETRIA,M. D. XXXIIII,,,,,Hayl- pronensi,IONNE Vægelin,,ELEMENTALE GEOMETRI,,,PARISIIS,,,Christianum Wechelum,EUCLIDIS,True,True,True,False,False,True,True,False,False,False,False,True,True,False,True,False,False,True,False,False,True,True,3,True,3,True,1,True,0,False,1,True,3,True,unrelated,unrelated,unrelated,unrelated,unrelated,unrelated,unrelated
Paris_1536,In sex priores libros geometricorum elementorum Euclidis Megarensis demonstrationes,1536,Paris,"LATIN, GREEK",Oronce Finé,Simon de Colines,,,,unrelated,unrelated,unrelated,unrelated,unrelated,unrelated,unrelated,unrelated,unrelated,unrelated,unrelated,unrelated,unrelated,unrelated,unrelated,unrelated,unrelated,unrelated,unrelated,unrelated,insertus est | recognita,,SEX PRIORES LIBROS geometricorum elementorum Euclidis Megarensis,,,Demonstrationes,1536,,Euclidis Megarensis,latina,,REGII Mathematicarum professoris,Orontij Finei DelPHINATIS,Bartholamæi Zamberti Veneti,SEX PRIORES LIBROS geometricorum elementorum Euclidis Megarensis,ipsius Euclidis textus græcus | interpretatione latina Bartholamæi Zamberti Veneti,,PARISIIS,græcus,,Simonem Colinæum,Euclidis Megarensis | ipsius Euclidis,True,False,True,False,False,True,True,False,True,True,False,True,True,True,True,True,False,True,True,False,True,True,4,True,5,True,3,True,1,True,0,False,3,True,unrelated,unrelated,unrelated,unrelated,unrelated,unrelated,unrelated
Paris_1538,,1538,Paris,LATIN,Johannes de Sacrobosco,Simon de Colines,Astronomy,Instrument Construction | Theoretical Mathematics,,unrelated,unrelated,primary,unrelated,unrelated,unrelated,unrelated,unrelated,unrelated,secondary,unrelated,unrelated,unrelated,unrelated,unrelated,unrelated,unrelated,unrelated,secondary,unrelated,illustratus,studentium Philosophiæ Parisiensis Academiæ,Geometria Euclidis Megarensis,TEXTVS  DE  SPHAERA  IOANNIS  DE  SACROBOSCO | Annuli astronomici Boneti Latensis,TEXTVS  DE  SPHAERA  IOANNIS  DE  SACROBOSCO | Annuli astronomici Boneti Latensis,,1538,,Euclidis Megarensis,,,,,Boneti Latensis,Geometria Euclidis Megarensis,INTRODVCTORIA ADditione (quantum necessarium est) commen-tarióque,Philosophiæ Parisiensis Academiæ,PARISIIS,,,Simonem Colinæum,Euclidis | Euclidis Megarensis,True,True,True,True,True,False,True,False,True,False,False,False,False,True,True,True,True,True,False,False,True,True,4,True,4,True,1,True,3,True,2,True,3,True,unrelated,secondary,unrelated,secondary,primary,unrelated,unrelated
Paris_1544,In sex priores libros geometricorum elementorum Euclidis Megarensis demonstrationes,1544,Paris,LATIN,Oronce Finé,Simon de Colines,Theoretical Mathematics,,,unrelated,unrelated,unrelated,unrelated,unrelated,unrelated,unrelated,unrelated,unrelated,unrelated,unrelated,unrelated,unrelated,unrelated,unrelated,unrelated,unrelated,unrelated,primary,unrelated,Recèns | emendatæ | recognita | recèns auctæ | emendatæ | recognita,,Ge-ometricorum elementorum Euclidis Megarensis | In sex priores libros Geometricorum elementorum Euclidis Megarensis,interpretatione latina Bartholomæi Zamberti Veneti,Bartholomæi Zamberti Veneti,In sex priores libros | demonstrationes | Geometricorum elementorum Euclidis,1544 | 1551,,Euclidis Megarensis,latina | Latina,"Recèns auctæ, & emendatæ | Aeditio tertia",Veneti,Bartholomæi Zamberti Veneti | Bartholomaei Zam-berti,,Ge-ometricorum elementorum Euclidis Megarensis | sex priores libros Geometricorum elementorum Euclidis Megarensis,demonstrationes | recèns auctæ | emendatæ | interpretatione Latina,REGII MATHEMATI- CARVM LVTETIAE | REGII MATHEMAticarum Lutetiæ,"LVTETIAE PARISIORVM, Apud Simonem Colinæum | LVTETIAE PARISIORVM",græco | Græco,,Apud Simonem Colinæum | Apud Reginaldum Calderium,Euclidis Megarensis | ipsius Euclidis | Euclidis Megarensis | Euclidis,True,False,True,True,True,True,True,False,True,True,True,True,True,False,True,True,True,True,True,False,True,True,4,True,5,True,4,True,3,True,1,True,3,True,unrelated,primary,unrelated,unrelated,unrelated,unrelated,unrelated
Paris_1545,Elementa mathematica,1545,Paris,LATIN,Pierre de la Ramée,Ludouicus Grandinus,,,,unrelated,unrelated,unrelated,unrelated,unrelated,unrelated,unrelated,unrelated,unrelated,unrelated,unrelated,unrelated,unrelated,unrelated,unrelated,unrelated,unrelated,unrelated,unrelated,unrelated,,,,,,,1545,,,,,,,,,,,"PARISIIS | Apud Lud. Grandinum, è regione gymnasij Mar-iani sub signo galli",,,Lud. Grandinum,Euclides,False,False,False,False,False,False,True,False,False,False,False,False,False,False,False,False,False,True,False,False,True,True,1,True,1,True,0,False,0,False,0,False,3,True,unrelated,unrelated,unrelated,unrelated,unrelated,unrelated,unrelated
Paris_1549,Euclides,1549,Paris,LATIN,Pierre de la Ramée,Thomas Richardus,Theoretical Mathematics,,,unrelated,unrelated,unrelated,unrelated,unrelated,unrelated,unrelated,unrelated,unrelated,unrelated,unrelated,unrelated,unrelated,unrelated,unrelated,unrelated,unrelated,unrelated,primary,unrelated,,,EVCLIDES | EVCLIDIS elementorum libri QVINDECIM,,,,1549 | 1558,,,,,,,,EVCLIDES | EVCLIDIS elementorum libri QVINDECIM,,,PARISIIS,,,"Apud Thomam Richardum, sub Bibliis aureis, è regione Collegij Remensis | Ex Typographia Thomæ Richardi, sub Bibliis au-reis, è regione collegij Remensis",EVCLIDIS,False,False,True,False,False,False,True,False,False,False,False,False,False,False,True,False,False,True,False,False,True,True,3,True,1,True,0,False,0,False,0,False,3,True,unrelated,primary,unrelated,unrelated,unrelated,unrelated,unrelated
Paris_1551a,Euclidis elementorum liber decimus,1551,Paris,LATIN,Pierre de Montdoré,Jean de Vascosan,Theoretical Mathematics,,,unrelated,unrelated,unrelated,unrelated,unrelated,unrelated,unrelated,unrelated,unrelated,unrelated,unrelated,unrelated,unrelated,unrelated,unrelated,unrelated,unrelated,unrelated,primary,unrelated,interprete,,Euclidis elementorum LIBER DECIMVS,,,,M. D. LI,Ioannem Bellaïum Cardinalem,,,,interprete,PETRO Montaureo,,Euclidis elementorum LIBER DECIMVS,,,"LVTETIAE, Apud Vascosanum, uia Iacobæa ad insigne Fontis",,,Apud Vascosanum,Euclidis,True,False,True,False,False,False,True,True,False,False,False,True,True,False,True,False,False,True,False,False,True,True,3,True,4,True,1,True,0,False,1,True,3,True,unrelated,primary,unrelated,unrelated,unrelated,unrelated,unrelated
Paris_1552,,1552,Paris,LATIN,Pierre de Montdoré,Jean de Vascosan,Theoretical Mathematics,,,unrelated,unrelated,unrelated,unrelated,unrelated,unrelated,unrelated,unrelated,unrelated,unrelated,unrelated,unrelated,unrelated,unrelated,unrelated,unrelated,unrelated,unrelated,primary,unrelated,,,Euclidis elementorum LIBER DECIMVS,,,,M. D. LII,Ioannem Bellaïum Cardinalem,,,,interprete,PETRO Montaureo,,Euclidis elementorum LIBER DECIMVS,,,"LVTETIAE, Apud Vascosanum, uia Iacobæa ad insigne Fontis",,,,Euclidis,False,False,True,False,False,False,True,True,False,False,False,True,True,False,True,False,False,True,False,False,False,True,3,True,4,True,0,False,0,False,1,True,2,True,unrelated,primary,unrelated,unrelated,unrelated,unrelated,unrelated
Paris_1557,"Euclidis Elementorum libri XV, Graecè et Latinè",1557,Paris,LATIN,"Jean Magnien, Étienne Gracile",,Theoretical Mathematics,,,unrelated,unrelated,unrelated,unrelated,unrelated,unrelated,unrelated,unrelated,unrelated,unrelated,unrelated,unrelated,unrelated,unrelated,unrelated,unrelated,unrelated,unrelated,primary,unrelated,,,EVCLIDIS ELEMENTORVM LIBRI XV,Ἐπίγραμμα παλαιόν,Ἐπίγραμμα παλαιόν,,M. D. LXIIII | 1557,,Εὐκλείδης ἑπὶ τοῖσι κλέος σοφιακαλλὲς ἔτευξεν,GRAECE | LATINE | Latiné,,,,Πλάτωνος | Πυθαγόρας,EVCLIDIS ELEMENTORVM LIBRI XV,,,"COLONIAE | in pingui Gallina, ex aduerso collegij Cameracensis",GRAECE | LATINE | GRAEcè,,Apud Maternum Cholinum | Apud Gulielmum Cauellat,EVCLIDIS | Εὐκλείδης | EVCLIDIS,False,False,True,True,True,False,True,False,True,True,False,False,False,True,True,False,False,True,True,False,True,True,4,True,3,True,2,True,2,True,0,False,3,True,unrelated,primary,unrelated,unrelated,unrelated,unrelated,unrelated
Paris_1557a,,1557,Paris,LATIN,Jean de la Pène,Guillaume Cavellat,Theoretical Mathematics,,,unrelated,unrelated,unrelated,unrelated,unrelated,unrelated,unrelated,unrelated,unrelated,unrelated,unrelated,unrelated,unrelated,unrelated,unrelated,unrelated,unrelated,unrelated,primary,unrelated,REDDITA | præposita est | ædita,,Euclidis Optica & Catoptrica,,,,1557,ILLVSTRISSIMVM PRINCIPEM CAROLVM LOTHARINGVM CARDINALEM,,LATINE,EADEM LATINE REDDITA PER Ioannem Penam Regium Mathematicum | nunquam antehac Graece ædita,Regium Mathematicum,Ioannem Penam,,,præfatio,,"PARISIIS, Apud Andream Wechelum, sub Pegaso, in vico Bellouaco",Graece,,Andream Wechelum,ΕΥΚΛΕΙΔΟΥ | Euclidis,True,False,True,False,False,False,True,True,False,True,True,True,True,False,False,True,False,True,True,False,True,True,2,True,4,True,4,True,1,True,1,True,3,True,unrelated,primary,unrelated,unrelated,unrelated,unrelated,unrelated
Paris_1557b,,1557,Paris,"GREEK, LATIN",Jean de la Pène,Andreas Wechelus,Music Theory,Theoretical Mathematics,,unrelated,unrelated,unrelated,unrelated,unrelated,unrelated,unrelated,unrelated,unrelated,unrelated,unrelated,unrelated,unrelated,primary,unrelated,unrelated,unrelated,unrelated,secondary,unrelated,desumpta | excusa,,ΕΥΚΛΕΙΔΟΥ ΕἰΣΑΓΩΓΗ ἉΡΜΟΝΙΚΗ | Euclidis Rudimenta MUSICÆ,,,Τοῦ αὐτοῦ κατατομὴ κανόνος | Eiusdem sectio regulæ harmonicæ,1557,ILLVSTRISSIMVM PRINCIPEM CAROLVM LOTHARINGVM CARDINALEM,,Graecè | Latinè,ac nunc primùm Graecè & Latinè excusa,Regio Mathematico,Ioanne Pena,,ΕΥΚΛΕΙΔΟΥ ΕἰΣΑΓΩΓΗ ἉΡΜΟΝΙΚΗ | Euclidis Rudimenta MUSICÆ,,Regia bibliotheca,"PARISIIS, Apud Andream Wechelum, sub Pegaso, in vico Bellouaco",,,Andream Wechelum,ΕΥΚΛΕΙΔΟΥ | Euclidis,True,False,True,False,False,True,True,True,False,True,True,True,True,False,True,False,True,True,False,False,True,True,3,True,5,True,3,True,0,False,2,True,3,True,unrelated,secondary,unrelated,unrelated,unrelated,unrelated,primary
Paris_1558,,1558,Paris,LATIN,"Jean Magnien, Étienne Gracile",Guillaume Cavellat,Theoretical Mathematics,,,unrelated,unrelated,unrelated,unrelated,unrelated,unrelated,unrelated,unrelated,unrelated,unrelated,unrelated,unrelated,unrelated,unrelated,unrelated,unrelated,unrelated,unrelated,primary,unrelated,,,EVCLIDIS ELEMENTORVM  LIBRI XV,"Ἐπιλεγμματα παλαιῶν | Σχήματα πέντε Γλάπτων Θ’, ἅ Γυπαγόρας σοφὸς ἔξε",Ἐπιλεγμματα παλαιῶν | Σχήματα πέντε Γλάπτων Θ,"Quibus, cùm ad omnem Mathematicae scientiae partem, tùm ad quamlibet Geometriae tra- ctationem, facilis comparatur aditus",1558,,ὑπὸ τοῖσὶ κλέος σοφιακαλλὲς,GRAE | Latiné,,,,Γυπαγόρας σοφὸς | Πλατων,EVCLIDIS ELEMENTORVM  LIBRI XV,,,in pingui Gallina | ex aduerso collegij Cameracensis,,,Apud Gulielmum Cauellat,EVCLIDIS | Εὐκλείδης,False,False,True,True,True,True,True,False,True,True,False,False,False,True,True,False,False,True,False,False,True,True,4,True,3,True,1,True,2,True,0,False,3,True,unrelated,primary,unrelated,unrelated,unrelated,unrelated,unrelated
Paris_1564,"Les six premiers livres des Éléments d’Euclide, traduits et commentés",1564,Paris,FRENCH,Pierre Forcadel,"Jérôme de Marnef, Guillaume Cauellat",,,,unrelated,unrelated,unrelated,unrelated,unrelated,unrelated,unrelated,unrelated,unrelated,unrelated,unrelated,unrelated,unrelated,unrelated,unrelated,unrelated,unrelated,unrelated,unrelated,unrelated,TRADVICTS | COMMENTEZ,,LES SIX PREMIERS LIVRES DES ELEMENTS D’EV- CLIDE,,,,156[4,,,,,Lecteur ordi- naire du Roy és Mathema- tiques en l’vniuersité de Paris,PIERRE Forcadel de Bezies,,LES SIX PREMIERS LIVRES DES ELEMENTS D’EV- CLIDE,,l’vniuersité de Paris,"PARIS, Chez Hierosme de Marnef, & Guillaume Cauellat, au mont S. Hilaire, à l’enseigne du Pelican",,,"Chez Hierosme de Marnef, & Guillaume Cauellat",EV- CLIDE,True,False,True,False,False,False,True,False,False,False,False,True,True,False,True,False,True,True,False,False,True,True,3,True,4,True,1,True,0,False,1,True,3,True,unrelated,unrelated,unrelated,unrelated,unrelated,unrelated,unrelated
Paris_1565,"Les septième, huitième et neuvième livres des Éléments d’Euclide",1565,Paris,FRENCH,Pierre Forcadel,Charles Perier,Theoretical Mathematics,,,unrelated,unrelated,unrelated,unrelated,unrelated,unrelated,unrelated,unrelated,unrelated,unrelated,unrelated,unrelated,unrelated,unrelated,unrelated,unrelated,unrelated,unrelated,primary,unrelated,COMPRENANS | traduits | com- mentez | TRADVICT | COMMENté | intitulé,,"LES SEPTIEME, HVICTIEME ET NEVFIEME, LIVRES DES ELEMENS D’EVCLIDE | Liure d’Euclide",LE LIVRE D’ARCHIMEDE DES POIS,LE LIVRE D’ARCHIMEDE DES POIS,COMPRENANS TOVTE LA SCIEN- ce des nombres | du leger & du pesant,1565,,,,TRADVICT ET COMMENté,"lecteur ordinaire du Roy és Mathema- tiques, en l’vni- uersité de Paris | lecteur ordinaire du Roy es Mathematiques en l’Vniuersité de Paris",Pierre Forcadel de Beziés | Pierre Forcadel de Bezies,,"LES SEPTIEME, HVICTIEME ET NEVFIEME, LIVRES DES ELEMENS D’EVCLIDE | Liure d’Euclide",com- mentez | traduict & commenté,vni- uersité de Paris | l’Vniuersité de Paris,"PARIS. Chez Charles Perier, demourant en la rue S. Iean de Beauuais, au Bellerophon | PARIS | la rue S. Iean de Beauuais, au Bellerophon",,,Charles Perier | Chez Charles Perier,D’EVCLIDE | Liure d’Euclide,True,False,True,True,True,True,True,False,False,False,True,True,True,False,True,True,True,True,False,False,True,True,3,True,4,True,2,True,3,True,1,True,3,True,unrelated,primary,unrelated,unrelated,unrelated,unrelated,unrelated
Paris_1566,Euclidis Megarensis mathematici clarissimi elementa geometrica libri XV,1566,Paris,LATIN,François de Foix-Candale,Johann Royer,Theoretical Mathematics,,,unrelated,unrelated,unrelated,unrelated,unrelated,unrelated,unrelated,unrelated,unrelated,unrelated,unrelated,unrelated,unrelated,unrelated,unrelated,unrelated,unrelated,unrelated,primary,unrelated,restituta | accessit,,"ELEMENTA GEOMETRICA, LIBRIS XV","decimus sextus liber, de solidorum regularium sibi inuicem inscriptorum collationibus, tum etiam cœptum opusculum de Com-positis regularibus solidis planè peragendum",decimus sextus liber | opusculum de Com-positis regularibus solidis,"AD GERMANAM GEOMETRIAE INTELligentiam è diuersis lapsibus temporis iniuria contractis restituta, adimpletis præter maiorum spem, quæ hactenus deerant, solidorum regularium conferentiis ac inscriptionibus",1566,Carolum IX. Christianissimum Galliarum Regem,EVCLIDIS MEGARENSIS MATHEMATICI CLARISSIMI,,,AVTHORE,Francisco Flussate Candalla,,"EVCLIDIS MEGARENSIS MATHEMATICI CLARISSIMI ELEMENTA GEOMETRICA, LIBRIS XV","decimus sextus liber, de solidorum regularium sibi inuicem inscriptorum collationibus | cœptum opusculum de Com-positis regularibus solidis",,PARISIIS,,,Apud Iohannem Royerium typographum Regium,EVCLIDIS,True,False,True,True,True,True,True,True,True,False,False,True,True,False,True,True,False,True,False,False,True,True,4,True,5,True,1,True,3,True,1,True,3,True,unrelated,primary,unrelated,unrelated,unrelated,unrelated,unrelated
Paris_1566a,Les six premiers livres des Éléments d’Euclide,1566,Paris,FRENCH,Pierre Forcadel,Charles Perier,Theoretical Mathematics,,,unrelated,unrelated,unrelated,unrelated,unrelated,unrelated,unrelated,unrelated,unrelated,unrelated,unrelated,unrelated,unrelated,unrelated,unrelated,unrelated,unrelated,unrelated,primary,unrelated,traduictz,,LES SIX PREMIERS LIVRES DES ELE- ments d’Euclide,,,,1566,,,,,Lecteur du Roy és Ma- thematiques,PIERRE FORCADEL,,LES SIX PREMIERS LIVRES DES ELE- ments d’Euclide,,,"PARIS | Chez Charles Perier, rue S. Iean de Beauuais au Bellerophon",,,Charles Perier,Euclide,True,False,True,False,False,False,True,False,False,False,False,True,True,False,True,False,False,True,False,False,True,True,3,True,3,True,1,True,0,False,0,False,3,True,unrelated,primary,unrelated,unrelated,unrelated,unrelated,unrelated
Paris_1566b,Le livre de la musique,1566,Paris,FRENCH,Pierre Forcadel,Charles Perier,Music Theory,,,unrelated,unrelated,unrelated,unrelated,unrelated,unrelated,unrelated,unrelated,unrelated,unrelated,unrelated,unrelated,unrelated,primary,unrelated,unrelated,unrelated,unrelated,unrelated,unrelated,traduit,,LE Liure de la Mu- sique d'Euclide,,,,1566,,,,,,P. Forcadel,,LE Liure de la Mu- sique d'Euclide,,,"PARIS, Chez Charles Perier, au Bellerophon rue S.Iehan de Beauuais",,,Charles Perier,Euclide,True,False,True,False,False,False,True,False,False,False,False,False,True,False,True,False,False,True,False,False,True,True,3,True,2,True,1,True,0,False,0,False,3,True,unrelated,unrelated,unrelated,unrelated,unrelated,unrelated,primary
Paris_1573,,1573,Paris,LATIN,"Jean Magnien, Étienne Gracile","Jerome de Marnef, William Cauellat",,,,unrelated,unrelated,unrelated,unrelated,unrelated,unrelated,unrelated,unrelated,unrelated,unrelated,unrelated,unrelated,unrelated,unrelated,unrelated,unrelated,unrelated,unrelated,unrelated,unrelated,,,EVCLIDIS ELEMENTORVM  LIBRI XV,,,"Quibus, cùm ad omnem Mathematicae scientiæ partem, tùm ad quamlibet Geometriæ tractatio- nem, facilis comparatur aditus | GRAE- cè & Latinè",1573 | 1598,,Εὐκλείδης ἐπὶ τοῖσι κλέος σοφιηκαλλὲς | Εὐκλείδης ἐπὶ τοῖσι κλέος σοφιηκαλλὲς ἔτευξεν,GRAE- cè | Latinè,,,,,EVCLIDIS ELEMENTORVM  LIBRI XV,"Ἐπίγραμμα παλαιόν | Σχήματα πέντε Πλάτωνος, ὁ Πυθαγόρας σοφὸς εὗρε | Πυθαγόρας σοφὸς εὗρε, Πλάτων δ’ ἀρίδηλ’ ἐδί- δαξεν | Εὐκλείδης ἐπὶ τοῖσι κλέος σοφιηκαλλὲς ἔτευξεν",,"PARISIIS | Apud Hieronymum de Marnef, & Gulielmum Cauellat, sub Pellicano, monte D. Hilarij | PARISIIS, Apud Viduam Guilielmi CAVELLAT, sub Pellicano, monte D. Hilarij",GRAE- cè | Latinè,,"Hieronymum de Marnef, & Gulielmum Cauellat | Apud Viduam Guilielmi CAVELLAT",EVCLIDIS | Εὐκλείδης,False,False,True,False,False,True,True,False,True,True,False,False,False,False,True,True,False,True,True,False,True,True,4,True,2,True,2,True,1,True,0,False,3,True,unrelated,unrelated,unrelated,unrelated,unrelated,unrelated,unrelated
Paris_1578,Elementa libris XV. ad Germanam geometriae intelligentiam è diversis lapsibus temporis iniuria contractis restituta,1578,Paris,LATIN,François de Foix-Candale,Jean di Tournes,Theoretical Mathematics,,,unrelated,unrelated,unrelated,unrelated,unrelated,unrelated,unrelated,unrelated,unrelated,unrelated,unrelated,unrelated,unrelated,unrelated,unrelated,unrelated,unrelated,unrelated,primary,unrelated,restituta | Adimpletis | Accessit | collati sunt | polliciti | inuentis,,"EVCLIDIS MEGARENSIS MATHEMATICI CLARISSIMI ELEMENTA, LIBRIS XV","decimussextus liber, de solidorum regularium sibi inuicem inscriptorum collationibus | decimusseptimus & decimusoctauus, priori edi-tione quodammodo polliciti, de componendorum, inscribendorum, & conferendorum compositorum solidorum inuentis, ordine & numero absoluti",decimussextus liber | decimusseptimus & decimusoctauus,"AD GERMANAM GEOmetriæ intel- ligentiam è diuersis lapsibus temporis iniuria contractis restituta, Adimpletis præter maiorum spem, quæ hactenus deerant, solidorum regularium conferentiis ac inscriptionibus",M. D. LXXVIII,CAROLVM IX. CHRISTIANISSIMVM GALLIARVM REGEM,MEGARENSIS MATHEMATICI CLARISSIMI,GERMANAM,"Accessit decimussextus liber, de solidorum regularium sibi inuicem inscriptorum collationibus | Nouissimè collati sunt decimusseptimus & decimusoctauus, priori edi-tione quodammodo polliciti, de componendorum, inscribendorum, & conferendorum compositorum solidorum inuentis, ordine & numero absoluti",D,Francisco Flussate Candalla,,"EVCLIDIS MEGARENSIS MATHEMATICI CLARISSIMI ELEMENTA, LIBRIS XV",,,LVTETIÆ,,,APVD IACOBVM DV PVYS,EVCLIDIS,True,False,True,True,True,True,True,True,True,True,True,True,True,False,True,False,False,True,False,False,True,True,4,True,5,True,3,True,2,True,1,True,3,True,unrelated,primary,unrelated,unrelated,unrelated,unrelated,unrelated
Paris_1598a,Les six premiers livres des Éléments d’Euclide,1598,Paris,FRENCH,Jean Errard,Guillaume Auvray,,,,unrelated,unrelated,unrelated,unrelated,unrelated,unrelated,unrelated,unrelated,unrelated,unrelated,unrelated,unrelated,unrelated,unrelated,unrelated,unrelated,unrelated,unrelated,unrelated,unrelated,TRADVICTS | commentez | Dediez,,LES SIX PREMIERS LIVRES DES ELEMENS D’EVCLIDE,,,,M.D.XCVIII,sa MAIESTÉ,,,,Ingenieur du Tres -chrestien ROY de France & de Nauarre,I. ERRARD de Bar-le-duc,,LES SIX PREMIERS LIVRES DES ELEMENS D’EVCLIDE,TRADVICTS | commentez,,"PARIS, Chez GVILLAVME AVVRAY, au haut de la ruë sainct Iean de Beauuais au Bellerophon couronné",,,GVILLAVME AVVRAY,D’EVCLIDE,True,False,True,False,False,False,True,True,False,False,False,True,True,False,True,True,False,True,False,False,True,True,3,True,4,True,1,True,1,True,1,True,3,True,unrelated,unrelated,unrelated,unrelated,unrelated,unrelated,unrelated
Paris_1604,,1604,Paris,LATIN,Jean de la Pène,Dionysius Duvallius,Theoretical Mathematics,Perspective,,unrelated,unrelated,unrelated,unrelated,unrelated,unrelated,unrelated,unrelated,unrelated,unrelated,unrelated,unrelated,unrelated,unrelated,unrelated,secondary,unrelated,unrelated,primary,unrelated,VERSA | præposita est,,EVCLIDIS OPTICA ET CATOPTRICA,,,,M.DC.IIII,ILLVSTRISSIMVM PRINCIPEM  CAROLVM  LOTHARINGVM  CARDINALEM,,,,Mathematicum Regium,IOAN. Penam,,EVCLIDIS OPTICA ET CATOPTRICA,præfatio,,"PARISIIS, Ex oicina Dionysii Duvallii, via Bellovaca",GRÆCO,,Ex oicina Dionysii Duvallii,EVCLIDIS,True,False,True,False,False,False,True,True,False,False,False,True,True,False,True,True,False,True,True,False,True,True,3,True,4,True,2,True,1,True,1,True,3,True,unrelated,primary,secondary,unrelated,unrelated,unrelated,unrelated
Paris_1605,Les nevf premiers livres des elemens,1605,Paris,FRENCH,Jean Errard,Guillaume Auvray,Theoretical Mathematics,,,unrelated,unrelated,unrelated,unrelated,unrelated,unrelated,unrelated,unrelated,unrelated,unrelated,unrelated,unrelated,unrelated,unrelated,unrelated,unrelated,unrelated,unrelated,primary,unrelated,TRADVITS | commentez | Dediez | Reueus | corrigez,,LES NEVF PREMIERS LIVRES DES ELEMENS D’EVCLIDE,,,,DCV,sa MAIESTÉ,,,Reueus & corrigez,Ingenieur du Tres- chrestien ROY de France & de Nauarre,I. ERRARD de Bar-le-duc,,LES NEVF PREMIERS LIVRES DES ELEMENS D’EVCLIDE,commentez,,"PARIS, Chez GVILLAVME AVVRAY, au haut de la ruë sainct Iean de Beauuais, au Bellerophon couronné",,,Chez GVILLAVME AVVRAY,D’EVCLIDE,True,False,True,False,False,False,True,True,False,False,True,True,True,False,True,True,False,True,False,False,True,True,3,True,4,True,2,True,1,True,1,True,3,True,unrelated,primary,unrelated,unrelated,unrelated,unrelated,unrelated
Paris_1609,"Les Elémens de la géométrie d'Euclides, traduicts et restitués à leur ancienne bréveté, selon l'ordre de Théon, ausquels ont esté adjoustez les quatorze et quinziesme d'Ipsicles, le tout par Dounot,",1609,Paris,FRENCH,Didier Dounot,Jacques Le Roy,Theoretical Mathematics,,,unrelated,unrelated,unrelated,unrelated,unrelated,unrelated,unrelated,unrelated,unrelated,unrelated,unrelated,unrelated,unrelated,unrelated,unrelated,unrelated,unrelated,unrelated,primary,unrelated,Traduits | restitués | adioustez,,LES ELEMENS DE LA GEOMETRIE D’EVCLIDES MEGARIEN,les quatorze & quinziesme d’Ipsicles Alexandrien,les quatorze & quinziesme d’Ipsicles Alexandrien,,I X,,EVCLIDES MEGARIEN,,"Traduits & restitués à leur ancienne breueté, selon l’ordre de Theon","Docteur ès Droicts, & Professeur en la diuine Mathematique aux Academies du Roy",DOVNOT DE BAR-LE-DVC,Theon | Ipsicles Alexandrie,LES ELEMENS DE LA GEOMETRIE D’EVCLIDES MEGARIEN,,Academies du Roy,"PARIS, Chez IACQVES LE ROY, à l’Esperance deuant le College de Cambray",,,IACQVES LE ROY,EVCLIDES MEGARIEN,True,False,True,True,True,False,True,False,True,False,True,True,True,True,True,False,True,True,False,False,True,True,4,True,6,True,2,True,2,True,1,True,3,True,unrelated,primary,unrelated,unrelated,unrelated,unrelated,unrelated
Paris_1610,Les éléments de la géométrie d’Euclide Mégarien,1610,Paris,FRENCH,Didier Dounot,Jacques Le Roy,Theoretical Mathematics,,,unrelated,unrelated,unrelated,unrelated,unrelated,unrelated,unrelated,unrelated,unrelated,unrelated,unrelated,unrelated,unrelated,unrelated,unrelated,unrelated,unrelated,unrelated,primary,unrelated,Traduits | restitués | adioustez | TRADVITS | RESTITVEZ | Reueuë | augmentée | adioustez,,LES ELEMENS DE LA GEOMETRIE D’EVCLIDES MEGARIEN | LES ELEMENS DE LA GEOMETRIE D’EVCLIDES,les quatorze & quinziesme d’Ipsicles Alexandrien,les quatorze & quinziesme d’Ipsicles Alexandrien | Ipsicles Alexandrien,"ancienne breueté, selon l’ordre de Theon",M DC. X | DC. XIII,,EVCLIDES MEGARIEN | MEGARIEN,,SECONDE EDITION,"Docteur és Droicts, & Professeur en la diuine Mathematique aux Academies du Roy | l’Autheur",DOVNOT DE BAR-LE-DVC,Theon | Ipsicles Alexandrien,LES ELEMENS DE LA GEOMETRIE D’EVCLIDES MEGARIEN | LES ELEMENS DE LA GEOMETRIE D’EVCLIDES,,Academies du Roy,"PARIS, Chez IACQVES LE ROY, à l’Esperance deuant le College de Cambray | PARIS, Chez IACQVES LE ROY, à l’Esperance, deuant le College de Cambray",,,Chez IACQVES LE ROY,EVCLIDES,True,False,True,True,True,True,True,False,True,False,True,True,True,True,True,False,True,True,False,False,True,True,4,True,6,True,2,True,2,True,1,True,3,True,unrelated,primary,unrelated,unrelated,unrelated,unrelated,unrelated
Paris_1612,Euclidis elementorum decimum,1612,Paris,LATIN,Florimond du Puy,Jean de Heuqueville,Theoretical Mathematics,,,unrelated,unrelated,unrelated,unrelated,unrelated,unrelated,unrelated,unrelated,unrelated,unrelated,unrelated,unrelated,unrelated,unrelated,unrelated,unrelated,unrelated,unrelated,primary,unrelated,,,EVCLIDIS ELEMENTVM DECIMVM,,,"IN QVO SINGVLARVM DEMONSTRA- tionum lineæ, & superficiēs, tam Commensurabi- les, & Incommensurabiles, Quam Rationales, & Irrationales, accuratè numeris exprimuntur",M. DCXII,VATANI DOMINO,,,,,FLORIMONDO PVTEANO,,EVCLIDIS ELEMENTVM DECIMVM,,,"PARISIIS | via Iacobæa, sub Signo Pacis",,,IOANNEM DE HEVQVEVILLE,EVCLIDIS,False,False,True,False,False,True,True,True,False,False,False,False,True,False,True,False,False,True,False,False,True,True,3,True,3,True,0,False,0,False,1,True,3,True,unrelated,primary,unrelated,unrelated,unrelated,unrelated,unrelated
Paris_1615,"Les quinze livres des Éléments d’Euclide, traduits du latin en français",1615,Paris,FRENCH,Denis Henrion,Jean Antoine Joallin,Theoretical Mathematics,,,unrelated,unrelated,unrelated,unrelated,unrelated,unrelated,unrelated,unrelated,unrelated,unrelated,unrelated,unrelated,unrelated,unrelated,unrelated,unrelated,unrelated,unrelated,primary,unrelated,Traduicts | Traduicts | Reueuë | corrigée | augmentée | Reueue | corrigée | augmentée | Traduicts,,LES QVINZE LIVRES DES ELEMENTS D’EVCLIDE | LES QVINZE LIVRES DES ELEMENS D’EVCLIDE,Sommaire & Abbregé de l’Algebre,Sommaire & Abbregé de l’Algebre,,M. DC. XV | M. DC. XXI | M. DC | DC. XXI,,,François,"SECONDE EDITION | Reueuë, corrigée & augmentée | QVATRIESME EDITION",Mathemat | Mathematicien | Professeur ès Mathematiques,D. HENRION | D. Henrion | D.HENRION,,LES QVINZE LIVRES DES ELEMENTS D’EVCLIDE | LES QVINZE LIVRES DES ELEMENS D’EVCLIDE | QVINZE LIVRES DES ELEMENS D’EVCLIDE,,,"PARIS, Chez Iean Anthoine Ioallin, ruë S. Iean de Latran, deuant la bonne Foy | PARIS, Chez IEAN ANTHOINE IOALLIN, dans la cour du Palais, entre les deux grandes portes, proche la barriere du Tresor | PARIS | PARIS | l'Isle du Palais",Latin,,Chez Iean Anthoine Ioallin | Chez IEAN ANTHOINE IOALLIN | Isaac Dedin | Fleury Bourriquant,EVCLIDE | D’EVCLIDE,True,False,True,True,True,False,True,False,False,True,True,True,True,False,True,False,False,True,True,False,True,True,3,True,3,True,4,True,2,True,0,False,3,True,unrelated,primary,unrelated,unrelated,unrelated,unrelated,unrelated
Paris_1622,,1622,Paris,"FRENCH, LATIN",Pierre Le Mardelé,Denys Moreau,,,,unrelated,unrelated,unrelated,unrelated,unrelated,unrelated,unrelated,unrelated,unrelated,unrelated,unrelated,unrelated,unrelated,unrelated,unrelated,unrelated,unrelated,unrelated,unrelated,unrelated,Traduicts | augmentez,,LES QVINZE LIVRES DES ELEMENTS GEOMETRIQVES D’EVCLIDE,,,,1622,MONSEIGNEVR L’illustrissime & Reuerendissime Cardinal de la ROCHEFOVCAVLT,,François,"Traduicts de Grec en François, et augmentez de plusieurs figures et demonstrations, auec la correction des erreurs commises es autres traductions",Professeur es Mathematiques,P. LE MARDELE,,QVINZE LIVRES DES ELEMENTS GEOMETRIQVES D’EVCLIDE,plusieurs figures et demonstrations | la correction des erreurs commises es autres traductions,,PARIS Chez Denys Moreau ruë St Jacques à La Salamandre,Grec,Priuilage Du Roÿ,Chez Denys Moreau,D’EVCLIDE,True,False,True,False,False,False,True,True,False,True,True,True,True,False,True,True,False,True,True,True,True,True,3,True,4,True,4,True,1,True,1,True,4,True,unrelated,unrelated,unrelated,unrelated,unrelated,unrelated,unrelated
Paris_1623,,1623,Paris,FRENCH,Denis Henrion,I. Ant. Ioallin,Theoretical Mathematics,,,unrelated,unrelated,unrelated,unrelated,unrelated,unrelated,unrelated,unrelated,unrelated,unrelated,unrelated,unrelated,unrelated,unrelated,unrelated,unrelated,unrelated,unrelated,primary,unrelated,Traduicts | Reueu | augmenté,les Traducteurs dudit Euclide,Les Qvinze livres des elements d’Evclide,la response Apologetique | un Sommaire de l’Algebre,response Apologetique | Sommaire de l’Algebre,,M.DC.XXIII,,,François,Reueu & augmenté en ceste seconde edition,Mathematicien,D. Henrion,,Les Qvinze livres des elements d’Evclide,un Sommaire de l’Algebre,,Paris,Latin,,I. Ant. Ioallin,d’Evclide | dudit Euclide,True,True,True,True,True,False,True,False,False,True,True,True,True,False,True,True,False,True,True,False,True,True,3,True,3,True,4,True,3,True,1,True,3,True,unrelated,primary,unrelated,unrelated,unrelated,unrelated,unrelated
Paris_1624,,1624,Paris,FRENCH,Honorat de Meynier,Ivlian Iacqvin,,Military Engineering,Theoretical Mathematics,unrelated,unrelated,unrelated,unrelated,unrelated,unrelated,unrelated,unrelated,unrelated,unrelated,unrelated,unrelated,secondary,unrelated,unrelated,unrelated,unrelated,unrelated,unknown,unrelated,,"ceux qui se veulent seruir proprement des Ma- thematiques, & de la Philosophie",,"Ensemble les Definitions Theoremes & Maximes, d’Euclides, d’Archime- des, de Proclus, de Sacrobosco, & d’Aristote",d’Euclides | d’Archimedes | de Proclus | de Sacrobosco | d’Aristote,,M. DC. XXIIII,,,,,,,d’Euclides | d’Archimedes | de Proclus | de Sacrobosco | d’Aristote,,"Ensemble les Definitions Theoremes & Maximes, d’Euclides, d’Archime- des, de Proclus, de Sacrobosco, & d’Aristote | Auec un abregé des reigles de la Geometrie, & des principales Ma- ximes & regles des Arts, de for- tifier & assaillir les places",,"PARIS, Chez IVLIAN IACQVIN, ruë de la Harpe, au Sauvage",,,IVLIAN IACQVIN,d’Euclides,False,True,False,True,True,False,True,False,False,False,False,False,False,True,False,True,False,True,False,False,True,True,1,True,2,True,0,False,3,True,1,True,3,True,unrelated,unknown,unrelated,unrelated,unrelated,secondary,unrelated
Paris_1625,,1625,Paris,"GREEK, LATIN",Claude Hardy,Melchioris Mondiere,Theoretical Mathematics,,,unrelated,unrelated,unrelated,unrelated,unrelated,unrelated,unrelated,unrelated,unrelated,unrelated,unrelated,unrelated,unrelated,unrelated,unrelated,unrelated,unrelated,unrelated,primary,unrelated,vertit | Adiectus est | edidit | illus‑trauit | explicantur,,EVCLIDIS DATA,,,"OPVS AD VETERVM GEOMETRIÆ Autorum Archimedis, Apollonij, Pappi, Eutocij, cæterorúmque non modo lectionem, sed ad Geometricæ quoque Analyseos instaurationem planè necessar-ium, & à multis diu desideratum",M D C XXV,,,Latinè,nunc primùm edidit,"in supremâ Parisiensi Curiâ Aduocatus, è Regis Christianissimi Bibliothecâ Græcè",CLAVDIVS HARDY SEBAST. FIL,Archimedis | Apollonij | Pappi | Eutocij,EVCLIDIS DATA,scholijsq | Commentarius Græcè & Latinè,Regis Christianissimi Bibliothecâ Græcè | Bibliothecâ MARINI PHILOSOPHI | Parisiensi Curiâ,"insulæ Palatinæ vico Harlæo, ad insigne Viperarum",Græcè,,MELCHIORIS MONDIERE,ΕΥΚΛΕΙΔΟΥ | EVCLIDIS | Eu-clideorum,True,False,True,False,False,True,True,False,False,True,True,True,True,True,True,True,True,True,True,False,True,True,3,True,5,True,4,True,1,True,1,True,3,True,unrelated,primary,unrelated,unrelated,unrelated,unrelated,unrelated
Paris_1626,,1626,Paris,FRENCH,Honorat de Meynier,"NICOLAS ROUSSET, Ivlian Iacqvin",Military Engineering | Theoretical Mathematics,Construction,Practical Geometry,unrelated,unrelated,unrelated,unrelated,unrelated,secondary,unrelated,unrelated,unrelated,unrelated,unrelated,unrelated,primary,unrelated,unrelated,unrelated,unknown,unrelated,primary,unrelated,,"Vtiles à ceux qui se veulent seruir proprement des Mathematiques, & de la Philosophie","Ensemble les Definitions, Theoremes & Maximes","PARADOXES DE MEYNIER, CONTRE LES MATHEMATICIENS qui abusent la Ieunesse | VN ABREGE' DES Reigles de la Geometrie, & des prin- cipalles Maximes & reigles des Arts, de fortifier & assaillir les places","PARADOXES DE MEYNIER, CONTRE LES MATHEMATICIENS | ABREGE' DES Reigles de la Geometrie","d’Euclides, d’Archimedes, de Proclus, de Sacrobosco, & d’Aristote",M. DC. XXVI,,,,,,,,d’Euclides,,,"PARIS | Chez IVLIAN IACQVIN, ruë de la Harpe, au Sauvage",,,NICOLAS ROUSSET | IVLIAN IACQVIN,d’Euclides,False,True,True,True,True,True,True,False,False,False,False,False,False,False,True,False,False,True,False,False,True,True,3,True,1,True,0,False,2,True,1,True,3,True,unrelated,primary,secondary,unrelated,unrelated,primary,unrelated
Paris_1626a,,1626,Paris,LATIN,Marin Mersenne (?),,Theoretical Mathematics,,Astronomy,unrelated,unrelated,unknown,unrelated,unrelated,unrelated,unrelated,unrelated,unrelated,unrelated,unrelated,unrelated,unrelated,unrelated,unrelated,unrelated,unrelated,unrelated,primary,unrelated,,,ELEMENTORVM EVCLIDIS LIBRI XVI,OPTICORVM LIBRI V,OPTICORVM LIBRI V,,,,,,,,,,ELEMENTORVM EVCLIDIS LIBRI XVI,CVM ADDITION-IBVS MAVROLYCI ET CANDALLÆ,,,,,,EVCLIDIS,False,False,True,True,True,False,False,False,False,False,False,False,False,False,True,True,False,False,False,False,False,True,3,True,1,True,0,False,3,True,0,False,0,False,unrelated,primary,unrelated,unrelated,unknown,unrelated,unrelated
Paris_1626b,,1626,Paris,LATIN,,Rob. Stephani,Astronomy | Theoretical Mathematics,,Trigonometry,unrelated,unrelated,primary,unrelated,unrelated,unrelated,unrelated,unrelated,unrelated,unrelated,unrelated,unrelated,unrelated,unrelated,unrelated,unrelated,unrelated,unrelated,primary,unknown,,,"Theodosii, Menelai et Mavrolyci sphærica",,,sphærica,M. DC. XXVI,D. D. De Frenicle,,,,,,,,,,Lutetiae,,,ex oicina Rob. Stephani,,False,False,True,False,False,True,True,True,False,False,False,False,False,False,False,False,False,True,False,False,True,False,1,True,1,True,0,False,0,False,1,True,3,True,unrelated,primary,unrelated,unrelated,primary,unrelated,unrelated
Paris_1629,,1629,Paris,FRENCH,Jean Errard,Cardin Besongne,,,,unrelated,unrelated,unrelated,unrelated,unrelated,unrelated,unrelated,unrelated,unrelated,unrelated,unrelated,unrelated,unrelated,unrelated,unrelated,unrelated,unrelated,unrelated,unrelated,unrelated,TRADVITS | commentez | Reueuz | corrigez,,LES NEVF PREMIERS LIVRES DES ELEMENS D’EVCLIDE,,,,DC. XXIX,sa MAIESTE,,,Reueuz & corrigez par l’Autheur,Ingenieur du Tres- Chrestien Roy de France & de Nauarre,I. ERRARD de Bar-le-duc,,LES NEVF PREMIERS LIVRES DES ELEMENS D’EVCLIDE,,,"PARIS, Chez CARDIN BESONGNE, au second pillier de la grande Salle du Palais",,,CARDIN BESONGNE,D’EVCLIDE,True,False,True,False,False,False,True,True,False,False,True,True,True,False,True,False,False,True,False,False,True,True,3,True,4,True,2,True,0,False,1,True,3,True,unrelated,unrelated,unrelated,unrelated,unrelated,unrelated,unrelated
Paris_1630,"Les six premiers livres des Elemens d'Euclide, traduits de latin en françois, par D. Henrion",1630,Paris,FRENCH,Denis Henrion,Samuel Thiboust,,,,unrelated,unrelated,unrelated,unrelated,unrelated,unrelated,unrelated,unrelated,unrelated,unrelated,unrelated,unrelated,unrelated,unrelated,unrelated,unrelated,unrelated,unrelated,unrelated,unrelated,Extraicts | tirez | Traduits,,LES SIX PREMIERS LIVRES DES ELEMENS D’EVCLIDE,,,Extraicts & tirez de ses Oeuures Mathematiques,M. DC. XXX,,,François,,Mathematicien,D. HENRION,,LES SIX PREMIERS LIVRES DES ELEMENS D’EVCLIDE,,,"PARIS, Chez SAMVEL THIBOVST, au Palais en la gallerie des Prisonniers",Latin,,Chez SAMVEL THIBOVST,D’EVCLIDE,True,False,True,False,False,True,True,False,False,True,False,True,True,False,True,False,False,True,True,False,True,True,3,True,3,True,3,True,0,False,0,False,3,True,unrelated,unrelated,unrelated,unrelated,unrelated,unrelated,unrelated
Paris_1632,Les quinze livres des éléments géométriques d'Euclide,1632,Paris,FRENCH,Denis Henrion,Isaac Dedin,Theoretical Mathematics,,,unrelated,unrelated,unrelated,unrelated,unrelated,unrelated,unrelated,unrelated,unrelated,unrelated,unrelated,unrelated,unrelated,unrelated,unrelated,unrelated,unrelated,unrelated,primary,unrelated,Traduicts | imprimez | reueus | corrigez | traduict | imprimé,,LES QVINZE LIVRES DES ELEMENTS GEOMETRIQVES D’EVCLIDE,le Liure des DONNEZ du mesme Euclide,DONNEZ,,M. DC. XXXII,,,François,reueus & corrigez du viuant de l’Autheur,Professeur és Mathematiques,D. HENRION,,LES QVINZE LIVRES DES ELEMENTS GEOMETRIQVES D’EVCLIDE,Commentaires beaucoup plus amples & faciles | figures en plus grand nombre,,"PARIS | en l’Isle du Palais, à l’Image S. Michel",,,De l’Imprimerie d’Isaac Dedin | la veufue dudit Henrion,D’EVCLIDE | Euclide,True,False,True,True,True,False,True,False,False,True,True,True,True,False,True,True,False,True,False,False,True,True,3,True,3,True,3,True,3,True,0,False,3,True,unrelated,primary,unrelated,unrelated,unrelated,unrelated,unrelated
Paris_1632a,,1632,Paris,FRENCH,Pierre Le Mardelé,Denys Moreau,,,,unrelated,unrelated,unrelated,unrelated,unrelated,unrelated,unrelated,unrelated,unrelated,unrelated,unrelated,unrelated,unrelated,unrelated,unrelated,unrelated,unrelated,unrelated,unrelated,unrelated,Traduicts | augmentez,,LES QVINZE LIVRES DES ELEMENTS GEOMETRIQVES D’EVCLIDE,,,,1632,MONSEIGNEVR L’illustrissime & Reuerendissime Cardinal de Lÿon,,François,seconde edition,Professeur es Mathematiques,P. LE MARDELE,,LES QVINZE LIVRES DES ELEMENTS GEOMETRIQVES D’EVCLIDE,plusieurs figures et demonstrations | la correction des erreurs commises es autres traductions,,PARIS Chez Denys Moreau ruë St Iacques à La Saleman-dre,Grec,Priuilege Du Roÿ,Denys Moreau,D’EVCLIDE,True,False,True,False,False,False,True,True,False,True,True,True,True,False,True,True,False,True,True,True,True,True,3,True,4,True,4,True,1,True,1,True,4,True,unrelated,unrelated,unrelated,unrelated,unrelated,unrelated,unrelated
Paris_1634,Cursus mathematicus,1634,Paris,"FRENCH, LATIN",Pierre Hérigone,Henri Le Gras,Theoretical Mathematics,,,unrelated,unrelated,unrelated,unrelated,unrelated,unrelated,unrelated,unrelated,unrelated,unrelated,unrelated,unrelated,unrelated,unrelated,unrelated,unrelated,unrelated,unrelated,primary,unrelated,DEMONSTRATVS | DEMONSTRE,,,,,,M. DC. XXXIV,,,,,Mathematicien,PIERRE HERIGONE,,,NOTAS reales & vniuersales | NOTES reelles & vniuerselles,,"PARIS | en l’Isle du Palais, à l’enseigne de l’Anguille | au troisiesme pilier de la grande Salle du Palais",,,l’Autheur | HENRY LE GRAS,,True,False,False,False,False,False,True,False,False,False,False,True,True,False,False,True,False,True,False,False,True,False,0,False,2,True,1,True,1,True,0,False,3,True,unrelated,primary,unrelated,unrelated,unrelated,unrelated,unrelated
Paris_1639,"Les Six premiers livres des Éléments d'Euclide, démonstrez par notes d'une méthode très briève et intelligible,... par Pierre Hérigone,...",1639,Paris,FRENCH,Pierre Hérigone,Henri Le Gras,,,,unrelated,unrelated,unrelated,unrelated,unrelated,unrelated,unrelated,unrelated,unrelated,unrelated,unrelated,unrelated,unrelated,unrelated,unrelated,unrelated,unrelated,unrelated,unrelated,unrelated,Demonstrez,,LES SIX PREMIERS LIVRES DES ELEMENTS D’EVCLIDE,"vn petit Dictionnaire, contenant les ety- mologies & significations des noms & termes plus obscurs des Mathematiques",Dictionnaire,"Demonstrez par Notes, d’vne methode tres-brieve & intelligible | Auec les principales parties des Mathematiques ex- pliquées succinctement sans Notes",M. DC. XXXIX,,,,,Professeur és Mathematiques,PIERRE HERIGONE,,LES SIX PREMIERS LIVRES DES ELEMENTS D’EVCLIDE,Notes,,"PARIS | Chez l’Autheur, en l’Isle du Palais, à l’enseigne de l’Anguille | Chez HENRY LE GRAS, au troisiesme pilier de la grande Sale du Palais",,,l’Autheur | HENRY LE GRAS,D’EVCLIDE,True,False,True,True,True,True,True,False,False,False,False,True,True,False,True,True,False,True,False,False,True,True,3,True,3,True,1,True,3,True,0,False,3,True,unrelated,unrelated,unrelated,unrelated,unrelated,unrelated,unrelated
Paris_1640,,1640,Paris,FRENCH,Jacques-Alexandre Le Tenneur,,Theoretical Mathematics,,,unrelated,unrelated,unrelated,unrelated,unrelated,unrelated,unrelated,unrelated,unrelated,unrelated,unrelated,unrelated,unrelated,unrelated,unrelated,unrelated,unrelated,unrelated,primary,unrelated,illustré | reduit,,LE DIZIEME LIVRE D’EVCLIDE,TRAITE' DES QVANTITEZ INCOMENSVRABLES: OV SONT DECIDEes PLVSIEVRS belles Questions des Nombres Rationaus & Irrationaus | LES ERREVRS DE STEVIN refutées,TRAITE' DES QVANTITEZ INCOMENSVRABLES | LES ERREVRS DE STEVIN,"illustré de nouueles demonstrations plus faciles & plus succinctes que les ordinaires, & reduit à 62. Propositions",M. DC. XL,Meßieurs de L’ACADEMIE FRANCOISE,,François,,,,STEVIN,LE DIZIEME LIVRE D’EVCLIDE,illustré de nouueles demonstrations plus faciles & plus succinctes que les ordinaires | AVEC VN DISCOURS DE LA MANIERE d’expliquer les sciences en François,,"PARIS | ruë des Noyers au petit Escu | ruë S. Iaques à l’Image Saint Louys deuant Saint Yues | dans la petite Salle du Palais, à la Palme",,,"De l’Imprimerie de I. DEDIN | LOVYS BOULANGER | AVGVSTIN COVRBE, Libraire & Imprimeur de Monseigneur frère unique du Roy",EVCLIDE,True,False,True,True,True,True,True,True,False,True,False,False,False,True,True,True,False,True,False,False,True,True,3,True,3,True,2,True,3,True,1,True,3,True,unrelated,primary,unrelated,unrelated,unrelated,unrelated,unrelated
Paris_1643,,1643,Paris,FRENCH,Pierre Bourdín,François Pelican,,,,unrelated,unrelated,unrelated,unrelated,unrelated,unrelated,unrelated,unrelated,unrelated,unrelated,unrelated,unrelated,unrelated,unrelated,unrelated,unrelated,unrelated,unrelated,unrelated,unrelated,tiré | rengez | demonstrez,ceux qui commencent d’apprendre les Mathematiques,Elémens d’Euclide,,,"d’une façon plus briefue, & plus facile que l’ordinaire",M. DC. XLIII,,,,,P,PIERRE BOVRDIN,,Elémens d’Euclide,,Compagnie de IESVS,"ruë S. Iaques, au Pelican, proche le College des PP. Iesuites",,,FRANÇOIS PELICAN,Euclide,True,True,True,False,False,True,True,False,False,False,False,True,True,False,True,False,True,True,False,False,True,True,3,True,4,True,1,True,0,False,2,True,3,True,unrelated,unrelated,unrelated,unrelated,unrelated,unrelated,unrelated
Paris_1643b,,1643,Paris,LATIN,Georges Fournier,Mathurinum Henault,,,,unrelated,unrelated,unrelated,unrelated,unrelated,unrelated,unrelated,unrelated,unrelated,unrelated,unrelated,unrelated,unrelated,unrelated,unrelated,unrelated,unrelated,unrelated,unrelated,unrelated,contracti | demonstrati,,EVCLIDIS SEX PRIMI ELEMENTORVM GEOMETRI- CORVM LIBRI,,,,M. DC. XLIII | M. DC. XLIV,,,,In commodiorem formam contracti & demonstrati,è societate IESV,P. GEORGIO FOVRNIER,,EVCLIDIS SEX PRIMI ELEMENTORVM GEOMETRI- CORVM LIBRI,,IESV | societate IESV,"PARISIIS, Apud MATHVRINVM HENAVLT, via Ia- cobæâ, sub signo Angeli Custodis, propè Collegium Societatis IESV | PARISIIS, Apud MATHVRINVM HENAVLT, viâ Ia- cobæâ, sub signo Angeli Custodis, propè Collegium Societatis IESV",,,MATHVRINVM HENAVLT,EVCLIDIS,True,False,True,False,False,False,True,False,False,False,True,True,True,False,True,False,True,True,False,False,True,True,3,True,4,True,2,True,0,False,1,True,3,True,unrelated,unrelated,unrelated,unrelated,unrelated,unrelated,unrelated
Paris_1644,Euclides: Les six premiers livres des Éléments d'Euclide,1644,Paris,FRENCH,Pierre Hérigone,Simon Piget,Theoretical Mathematics,,,unrelated,unrelated,unrelated,unrelated,unrelated,unrelated,unrelated,unrelated,unrelated,unrelated,unrelated,unrelated,unrelated,unrelated,unrelated,unrelated,unrelated,unrelated,primary,unrelated,Demonstrez,,LES SIX PREMIERS LIVRES DES ELEMENTS D’EVCLIDE,"Et de plus, vn petit Dictionnaire, contenant les ety- mologies & significations des noms & termes plus obscures des Mathematiques",vn petit Dictionnaire,"Demonstrez par Notes, d’vne Methode tres-brieve & intelligible",M. DC. XLIV,,,,,Professeur és Mathematiques,PIERRE HERIGONE,,LES SIX PREMIERS LIVRES DES ELEMENTS D’EVCLIDE,"Auec les principalles parties des Mathematiques, ex- pliquées succinctement sans Notes | Et de plus, vn petit Dictionnaire, contenant les ety- mologies & significations des noms & termes plus obscures des Mathematiques",,"PARIS, Chez SIMEON PIGET, ruë S. Iacques, à l’enseigne de la Fontaine",,,Chez SIMEON PIGET,D’EVCLIDE,True,False,True,True,True,True,True,False,False,False,False,True,True,False,True,True,False,True,False,False,True,True,3,True,3,True,1,True,3,True,0,False,3,True,unrelated,primary,unrelated,unrelated,unrelated,unrelated,unrelated
Paris_1644b,"Cursus mathematicus noua, breui, et clara methodo demonstratus",1644,Paris,"FRENCH, LATIN",Pierre Hérigone,Simon Piget,Theoretical Mathematics,,,unrelated,unrelated,unrelated,unrelated,unrelated,unrelated,unrelated,unrelated,unrelated,unrelated,unrelated,unrelated,unrelated,unrelated,unrelated,unrelated,unrelated,unrelated,primary,unrelated,DEMONSTRATVS | DEMONSTRÉ,,,,,,M. DC. XLIV,,,,,Mathematicien,PIERRE HERIGONE,,,NOTAS reales & vniuersales | NOTES reelles & vniuerselles,,"PARIS, Chez SIMEON PIGET, ruë Saint Iacques, à l’enseigne de la Fontaine",,,Chez SIMEON PIGET,,True,False,False,False,False,False,True,False,False,False,False,True,True,False,False,True,False,True,False,False,True,False,0,False,2,True,1,True,1,True,0,False,3,True,unrelated,primary,unrelated,unrelated,unrelated,unrelated,unrelated
Paris_1644c,,1644,Paris,LATIN,Marin Mersenne,Antoine Bertier,Astronomy | Theoretical Mathematics,,Practical Geometry,unrelated,unrelated,primary,unrelated,unrelated,unrelated,unrelated,unrelated,unrelated,unrelated,unrelated,unrelated,unrelated,unrelated,unrelated,unrelated,unknown,unrelated,primary,unrelated,,,,,,,M. DC. XLIV,,,,,Studio & Operâ,F. M. MERSENNI,,,,,"PARISIIS, Apud ANTONIVM BERTIER, viâ Iacobæâ, sub signo Fortunæ",,,Apud ANTONIVM BERTIER,,False,False,False,False,False,False,True,False,False,False,False,True,True,False,False,False,False,True,False,False,True,False,0,False,2,True,0,False,0,False,0,False,3,True,unrelated,primary,unrelated,unrelated,primary,unrelated,unrelated
Paris_1652,,1652,Paris,FRENCH,Honorat de Meynier,,Theoretical Mathematics,Military Engineering,,unrelated,unrelated,unrelated,unrelated,unrelated,unrelated,unrelated,unrelated,unrelated,unrelated,unrelated,unrelated,secondary,unrelated,unrelated,unrelated,unrelated,unrelated,primary,unrelated,,"ceux qui se veulent servir proprement des Mathematiques, & de la Philosophie",,,,,M. DC. LII,,,,DERNIÈRE EDITION,,,d’Euclides | d’Archimedes | de Proclus | de Sacrobosco | d’Aristote,,un Abregé des reigles de la Geometrie | des principales maximes & regles des Arts,,PARIS,,,,d’Euclides,False,True,False,False,False,False,True,False,False,False,True,False,False,True,False,True,False,True,False,False,False,True,1,True,2,True,1,True,1,True,1,True,2,True,unrelated,primary,unrelated,unrelated,unrelated,secondary,unrelated
Paris_1654,Euclidis elementorum geometricorum libri,1654,Paris,LATIN,Georges Fournier,Jean Hénault,,,,unrelated,unrelated,unrelated,unrelated,unrelated,unrelated,unrelated,unrelated,unrelated,unrelated,unrelated,unrelated,unrelated,unrelated,unrelated,unrelated,unrelated,unrelated,unrelated,unrelated,correctior,,EVCLIDIS ELEMENTORVM GEOMETRICORVM LIBRI Sex,,,priores breuiùs demonstrati,M. DC. LIV,,,,SECVNDA EDITIO correctior,,A.P. GEORGIO FOVRNIER,,EVCLIDIS ELEMENTORVM GEOMETRICORVM LIBRI Sex,,Societate IESV,PARISIIS,,,"IOANNEM HENAVLT, Bibliopolam iuratum",EVCLIDIS,True,False,True,False,False,True,True,False,False,False,True,False,True,False,True,False,True,True,False,False,True,True,3,True,3,True,2,True,0,False,1,True,3,True,unrelated,unrelated,unrelated,unrelated,unrelated,unrelated,unrelated
Paris_1654a,Les Elements d’Euclide,1654,Paris,FRENCH,Georges Fournier,Jean Henault,,,,unrelated,unrelated,unrelated,unrelated,unrelated,unrelated,unrelated,unrelated,unrelated,unrelated,unrelated,unrelated,unrelated,unrelated,unrelated,unrelated,unrelated,unrelated,unrelated,unrelated,EXPLIQVEZ,,LES ELEMENTS D’EVCLIDE,,,,M. DC. LIV,MONSIEVR LE CHEVALIER DE MESMES,,,,"IER, de la Compagnie de IESVS",G. FOVRNIER,,ELEMENTS D’EVCLIDE,EXPLIQVEZ,Compagnie de IESVS,"PARIS, Chez IEAN HENAVLT, Imprimeur Libraire Iuré, ruë sainct Iacques, à l’Ange Gardien, & à l’Image sainct Raphaël",,,"Chez IEAN HENAVLT, Imprimeur Libraire",D’EVCLIDE,True,False,True,False,False,False,True,True,False,False,False,True,True,False,True,True,True,True,False,False,True,True,3,True,5,True,1,True,1,True,2,True,3,True,unrelated,unrelated,unrelated,unrelated,unrelated,unrelated,unrelated
Paris_1661,"Le cours de mathématique, contenant en cent figures une idée générale de toutes les parties de cette science",1661,Paris,FRENCH,Pierre Bourdín,Simon Bénard,Instrument Use | Military Engineering | Practical Geometry | Surveying | Trigonometry,,Geography,unrelated,unrelated,unrelated,unrelated,unrelated,unrelated,unrelated,unknown,unrelated,unrelated,primary,unrelated,primary,unrelated,unrelated,unrelated,primary,primary,unrelated,primary,CONTENANT EN CENT FIGVRES | Contenant de plus,,,un Traité de l’usage du Globe terrestre | un autre de l’Optique Dioptrique & Catoptrique,Traité de l’usage du Globe terrestre | Optique Dioptrique & Catoptrique,,M. DC. LXI,LA NOBLESSE,,,TROISIÈME ÉDITION,le R. P | de la Compagnie de Iesvs,Bovrdin,,,,Compagnie de Iesvs,"PARIS | Chez Simon Benard, ruë S. Jacques, à l’image de Nostre-Dame de Foy, vis à vis les R. R. Pères Iesuites",,,Simon Benard,,True,False,False,True,True,False,True,True,False,False,True,True,True,False,False,False,True,True,False,False,True,False,0,False,4,True,2,True,2,True,2,True,3,True,unrelated,primary,unrelated,primary,unknown,primary,unrelated
Paris_1667,Nouveaux Élémens de géométrie,1667,Paris,FRENCH,Antoine Arnauld,Charles Savreux,Theoretical Mathematics,,,unrelated,unrelated,unrelated,unrelated,unrelated,unrelated,unrelated,unrelated,unrelated,unrelated,unrelated,unrelated,unrelated,unrelated,unrelated,unrelated,unrelated,unrelated,primary,unrelated,contenant | CONTENANT,,NOVVEAVX ELEMENS DE GEOMETRIE | NOUVEAUX ELEMENS DE GEOMETRIE,un Traité tout nouveau des Proportions,Traité tout nouveau des Proportions,"Outre un ordre tout nouveau, & de nouvelles demonstrations des propositions les plus com- munes,  De nouveaux moyens de faire voir quelles lignes sont incommensurables,  De nouvelles mesures de l’angle, dont on ne s’estoit point encore avisé,  Et de nouvelles manières de trouver & de demonstrer la proportion des Lignes",DC. LXVII,,,,SECONDE EDITION,,,,NOVVEAVX ELEMENS DE GEOMETRIE | NOUVEAUX ELEMENS DE GEOMETRIE,"de nouvelles demonstrations des propositions les plus com- munes | De nouveaux moyens de faire voir quelles lignes sont incommensurables | De nouvelles mesures de l’angle, dont on ne s’estoit point encore avisé | Et de nouvelles manières de trouver & de demonstrer la proportion des Lignes | un ordre tout nouveau | de nouvelles démonstrations des Propositions les plus communes | De nouveaux moyens de faire voir quelles Lignes sont incommensurables | De nouvelles mesures des Angles, dont on ne s’étoit point encore avisé | Et de nouvelles manières de trouver & de démontrer la proportion des Lignes",,"Chez Charles Savreux, Libraire Juré, au pied de la Tour de Nostre-Dame, à l’Enseigne des trois Vertus | A LA HAYE | dans le Pooten",,,"Charles Savreux, Libraire Juré | Chez Henry van Bulderen, Marchand Libraire",,True,False,True,True,True,True,True,False,False,False,True,False,False,False,True,True,False,True,False,False,True,False,2,True,0,False,2,True,3,True,0,False,3,True,unrelated,primary,unrelated,unrelated,unrelated,unrelated,unrelated
Paris_1675,"Elemens des mathematiques, ou principes generaux de toutes les sciences qui ont les grandeurs pour objet",1675,Paris,FRENCH,Jean Prestet,Pralard,Theoretical Mathematics,,,unrelated,unrelated,unrelated,unrelated,unrelated,unrelated,unrelated,unrelated,unrelated,unrelated,unrelated,unrelated,unrelated,unrelated,unrelated,unrelated,unrelated,unrelated,primary,unrelated,,,ELEMENS DES MATHEMATIQUES,,,"OU PRINCIPES GENERAUX DE TOUTES LES SCIENCES, QUI ONT LES GRANDEURS POUR OBJET",1675,,,,,,,,,,,"PARIS, Chez André Pralard, Marchand Libraire, rue Saint Jacques, à l’Occasion",,,"Chez André Pralard, Marchand Libraire",,False,False,True,False,False,True,True,False,False,False,False,False,False,False,False,False,False,True,False,False,True,False,1,True,0,False,0,False,0,False,0,False,3,True,unrelated,primary,unrelated,unrelated,unrelated,unrelated,unrelated
Paris_1677a,,1677,Paris,FRENCH,Claude-François Milliet Dechales,Estienne Michallet,,,Theoretical Mathematics,unrelated,unrelated,unrelated,unrelated,unrelated,unrelated,unrelated,unrelated,unrelated,unrelated,unrelated,unrelated,unrelated,unrelated,unrelated,unrelated,unrelated,unrelated,unknown,unrelated,EXPLIQUEZ,,LES ELEMENS D’EVCLIDE,,,Proposition pour toutes les parties des Mathematiques,M. DC. LXXVII,,,,,P,CLAUDE FRANÇOIS MILLIET DECHALES,,LES ELEMENS D’EVCLIDE,,Compagnie de JESUS,"PARIS, Chez ESTIENNE MICHALLET, ruë Saint Jacques, à l’Image S. Paul, proche la Fontaine Saint Severin",,,Chez ESTIENNE MICHALLET,D’EVCLIDE,True,False,True,False,False,True,True,False,False,False,False,True,True,False,True,False,True,True,False,False,True,True,3,True,4,True,1,True,0,False,1,True,3,True,unrelated,unknown,unrelated,unrelated,unrelated,unrelated,unrelated
Paris_1682,Les Elemens d'Euclide expliqués par le P. Claude François Milliet Dechalles,1682,Paris,FRENCH,Claude-François Milliet Dechales,Estienne Michallet,,,,unrelated,unrelated,unrelated,unrelated,unrelated,unrelated,unrelated,unrelated,unrelated,unrelated,unrelated,unrelated,unrelated,unrelated,unrelated,unrelated,unrelated,unrelated,unrelated,unrelated,,,LES ELEMENS D’EUCLIDE,,,EXPLIQUEZ D’UNE MANIERE nouvelle & tres-facile | AVEC L’USAGE DE CHAQUE Proposition pour toutes les parties des Mathematiques,M. DC. LXXXII,,,,NOUVELLE EDITION,de la Compagnie de JESUS,CLAUDE FRANÇOIS MILLET DECHALLES,,LES ELEMENS D’EUCLIDE,,Compagnie de JESUS,"PARIS, Chez ESTIENNE MICHALLET, ruë S. Jacques, à l’Image S. Paul, proche la Fontaine Saint Severin",,,ESTIENNE MICHALLET,EUCLIDE,False,False,True,False,False,True,True,False,False,False,True,True,True,False,True,False,True,True,False,False,True,True,3,True,4,True,1,True,0,False,1,True,3,True,unrelated,unrelated,unrelated,unrelated,unrelated,unrelated,unrelated
Paris_1682a,"Les six premiers Livres des Elemens d’Euclide, in Ouvres posthumes",1682,Paris,FRENCH,"Jacques Rohault, Claude Clerselier",Guillaume Desprez,,,,unrelated,unrelated,unrelated,unrelated,unrelated,unrelated,unrelated,unrelated,unrelated,unrelated,unrelated,unrelated,unrelated,unrelated,unrelated,unrelated,unrelated,unrelated,unrelated,unrelated,,,,,,,M. DC. LXXXII,,,,,,,,,,,"PARIS, Chez GUILLAUME DESPREZ, ruë S. Jacques, à S. Prosper, & aux trois Vertus, au dessus des Mathurins",,,Chez GUILLAUME DESPREZ,,False,False,False,False,False,False,True,False,False,False,False,False,False,False,False,False,False,True,False,False,True,False,0,False,0,False,0,False,0,False,0,False,3,True,unrelated,unrelated,unrelated,unrelated,unrelated,unrelated,unrelated
Paris_1683,,1683,Paris,FRENCH,Claude-François Milliet Dechales,Estienne Michallet,,,,unrelated,unrelated,unrelated,unrelated,unrelated,unrelated,unrelated,unrelated,unrelated,unrelated,unrelated,unrelated,unrelated,unrelated,unrelated,unrelated,unrelated,unrelated,unrelated,unrelated,EXPLIQUEZ,,LES ELEMENS D’EUCLIDE,,,EXPLIQUEZ D’UNE MANIERE nouvelle & tres-facile | AVEC L’USAGE DE CHAQUE Proposition pour toutes les parties des Mathematiques,M. DC. LXXXIII,,,,NOUVELLE EDITION,de la Compagnie de JESUS,P. CLAUDE FRANÇOIS MILLET DECHALLES,,LES ELEMENS D’EUCLIDE,AVEC L’USAGE DE CHAQUE Proposition pour toutes les parties des Mathematiques,Compagnie de JESUS,"PARIS, Chez ESTIENNE MICHALLET, ruë S. Jacques à l’Image S. Paul, proche la Fontaine Saint Severin",,,Chez ESTIENNE MICHALLET,EUCLIDE,True,False,True,False,False,True,True,False,False,False,True,True,True,False,True,True,True,True,False,False,True,True,3,True,4,True,2,True,1,True,1,True,3,True,unrelated,unrelated,unrelated,unrelated,unrelated,unrelated,unrelated
Paris_1685,Les elemens de geometrie,1685,Paris,FRENCH,Bernard Lamy,André Pralard,,,Practical Geometry,unrelated,unrelated,unrelated,unrelated,unrelated,unrelated,unrelated,unrelated,unrelated,unrelated,unrelated,unrelated,unrelated,unrelated,unrelated,unrelated,unknown,unrelated,unrelated,unrelated,,,LES ELEMENS DE GEOMETRIE OU DE LA MESURE DU CORPS,,,"Qui comprennent tout ce qu’Euclide, en a enseigné: Les plus belles propositions d’Archimede & l’Analyse",M. DC. LXXXV,,,,,"MY, Prêtre de l’Oratoire",BERNARD LAMY,Archimede,LES ELEMENS DE GEOMETRIE OU DE LA MESURE DU CORPS,,l’Oratoire,"A PARIS | Chez ANDRE PRALARD, ruë S. Jacques",,,ANDRE PRALARD,Euclide,False,False,True,False,False,True,True,False,False,False,False,True,True,True,True,False,True,True,False,False,True,True,3,True,5,True,0,False,0,False,1,True,3,True,unrelated,unknown,unrelated,unrelated,unrelated,unrelated,unrelated
Paris_1689,"Nouveaux elemens des mathematiques, ou principes generaux de toutes les sciences qui ont les grandeurs pour objet",1689,Paris,FRENCH,Jean Prestet,,Theoretical Mathematics,,,unrelated,unrelated,unrelated,unrelated,unrelated,unrelated,unrelated,unrelated,unrelated,unrelated,unrelated,unrelated,unrelated,unrelated,unrelated,unrelated,unrelated,unrelated,primary,unrelated,MIEUX DIGEREE,,NOUVEAUX ELEMENS,,,OU PRINCIPES GENERAUX DE TOUTES LES SCIENCES Qui ont les grandeurs pour objet,1689,,,,"SECONDE EDITION, PLUS AMPLE ET MIEUX DIGEREE","Prêtre, ci-devant Professeur des Mathématiques dans les Universitez d’Angers & de Nantes",JEAN PRESTET,,NOUVEAUX ELEMENS,,Universitez d’Angers & de Nantes,"PARIS, Chez ANDRE PRALARD, ruë Saint Jacques, à l’Occasion",,,Chez ANDRE PRALARD,,True,False,True,False,False,True,True,False,False,False,True,True,True,False,True,False,True,True,False,False,True,False,2,True,3,True,2,True,0,False,1,True,3,True,unrelated,primary,unrelated,unrelated,unrelated,unrelated,unrelated
Paris_1690,,1690,Paris,FRENCH,Claude-François Milliet Dechales,Estienne Michallet,,,,unrelated,unrelated,unrelated,unrelated,unrelated,unrelated,unrelated,unrelated,unrelated,unrelated,unrelated,unrelated,unrelated,unrelated,unrelated,unrelated,unrelated,unrelated,unrelated,unrelated,Reveuë | corrigée,,LES ELEMENS D’EUCLIDE,,,EXPLIQUEZ D’UNE MANIERE nouvelle & tres-facile | AVEC L’USAGE DE CHAQUE Proposition pour toutes les parties des Mathematiques,M. DC. XC,,,,NOUVELLE EDITION,de la Compagnie de JESUS,CLAUDE FRANÇOIS MILLIET DECHALLES,,LES ELEMENS D’EUCLIDE,,Compagnie de JESUS,"PARIS, Chez ESTIENNE MICHALLET, premier Imprimeur du Roy, ruë S. Jacques, à l’Image S. Paul",,,"Chez ESTIENNE MICHALLET, premier Imprimeur du Roy",D’EUCLIDE,True,False,True,False,False,True,True,False,False,False,True,True,True,False,True,False,True,True,False,False,True,True,3,True,4,True,2,True,0,False,1,True,3,True,unrelated,unrelated,unrelated,unrelated,unrelated,unrelated,unrelated
Paris_1693,Cours de mathematique,1693,Paris,FRENCH,Jacques Ozanam,Jean Jombert,Theoretical Mathematics,,,unrelated,unrelated,unrelated,unrelated,unrelated,unrelated,unrelated,unrelated,unrelated,unrelated,unrelated,unrelated,unrelated,unrelated,unrelated,unrelated,unrelated,unrelated,primary,unrelated,COMPREND | contient,"à un homme de Guerre, & à tous ceux qui se veulent perfectionner dans les Mathematiques",les Elemens d’Euclide,,,,M. DC. XCIII,,,,,Professeur des Mathematiques,Mr OZANAM,,les Elemens d’Euclide,,,"PARIS, Chez JEAN JOMBERT, prés des Augustins, à l’Image Nôtre-Dame",,,Chez JEAN JOMBERT,Euclide,True,True,True,False,False,False,True,False,False,False,False,True,True,False,True,False,False,True,False,False,True,True,3,True,3,True,1,True,0,False,1,True,3,True,unrelated,primary,unrelated,unrelated,unrelated,unrelated,unrelated
Paris_1695,"Les Élémens de géométrie ou de la mesure du corps, qui comprennent les Élémens d'Euclide et l'analise, les plus belles propositions d'Archimède touchant le cercle, la sphère, le cylindre et le cône",1695,Paris,FRENCH,Bernard Lamy,André Pralard,Theoretical Mathematics,,Practical Geometry,unrelated,unrelated,unrelated,unrelated,unrelated,unrelated,unrelated,unrelated,unrelated,unrelated,unrelated,unrelated,unrelated,unrelated,unrelated,unrelated,unknown,unrelated,primary,unrelated,,,Les Élémens d'Euclide,"l'analise | les plus belles propositions d'Archimède touchant le cercle, la sphère, le cylindre et le cône",l'analise | les plus belles propositions d'Archimède,de géométrie ou de la mesure du corps,,,,,,,,,Les Élémens d'Euclide,"les plus belles propositions d'Archimède touchant le cercle, la sphère, le cylindre et le cône",,,,,,Euclide,False,False,True,True,True,True,False,False,False,False,False,False,False,False,True,True,False,False,False,False,False,True,3,True,1,True,0,False,3,True,0,False,0,False,unrelated,primary,unrelated,unrelated,unrelated,unrelated,unrelated
Paris_1697,,1697,Paris,"FRENCH, LATIN",Jacques Ozanam,Jean Jombert,,,,unrelated,unrelated,unrelated,unrelated,unrelated,unrelated,unrelated,unrelated,unrelated,unrelated,unrelated,unrelated,unrelated,unrelated,unrelated,unrelated,unrelated,unrelated,unrelated,unrelated,REVEUE | CORRIGE'E,un homme de Guerre | tous ceux qui se veulent perfectionner dans cette Science,les Elemens d’Euclide,,,,M. DC. XCVII,,,,NOUVELLE EDITION REVEUE ET CORRIGE'E,Professeur des Mathematiques,Mr. OZANAM,,les Elemens d’Euclide,,,"PARIS, Chez JEAN JOMBERT, prés des Augustins",,,JEAN JOMBERT,Euclide,True,True,True,False,False,False,True,False,False,False,True,True,True,False,True,False,False,True,False,False,True,True,3,True,3,True,2,True,0,False,1,True,3,True,unrelated,unrelated,unrelated,unrelated,unrelated,unrelated,unrelated
Paris_1739,La science des géomètres,1739,Paris,FRENCH,Abbé Deidier,Charles Antoine Jombert,Practical Geometry | Trigonometry,Surveying | Theoretical Mathematics,,unrelated,unrelated,unrelated,unrelated,unrelated,unrelated,unrelated,unrelated,unrelated,unrelated,unrelated,unrelated,unrelated,unrelated,unrelated,unrelated,primary,secondary,secondary,primary,CONTENANT | travaillé | enrichi de,à l’usage de ceux qui ne sont point versés dans l’Algebre,Élemens d’Euclide,,,non seulement ce qui est compris dans les Élemens d’Euclide,M. DCC. XXXIX,,,,,M. l’Abbé,DEIDIER,,Élemens d’Euclide,enrichi de quarante-sept Planches en Taille-douce,,"PARIS, Chez CHARLES-ANTOINE JOMBERT, Libraire du Roy pour l’Artillerie & le Génie, ruë Saint Jacques, vis-à-vis la ruë des Mathurins, à l’Image Notre-Dame",,,"Chez CHARLES-ANTOINE JOMBERT, Libraire du Roy",Euclide,True,True,True,False,False,True,True,False,False,False,False,True,True,False,True,True,False,True,False,False,True,True,3,True,3,True,1,True,1,True,1,True,3,True,unrelated,primary,unrelated,secondary,unrelated,unrelated,unrelated
Paris_1814,Les Oevres d'Euclide,1814,Paris,"LATIN, FRENCH, GREEK",François Peyrard,M. Patris,Theoretical Mathematics,,,unrelated,unrelated,unrelated,unrelated,unrelated,unrelated,unrelated,unrelated,unrelated,unrelated,unrelated,unrelated,unrelated,unrelated,unrelated,unrelated,unrelated,unrelated,primary,unrelated,approuvé,,Les Oevres  d'Euclide,,,,1814,Roi,,en Grec | en Latin | en Français,,traducteur des oevres d'archimède,F. Peyrard,,Les Oevres  d'Euclide,,l'institute de France,"rue de la Colombe, en la Cité, n° 4",en Grec | en Latin | en Français,,"M. Patris, imrimeur-libraire",Euclide,True,False,True,False,False,False,True,True,False,True,False,True,True,False,True,False,True,True,True,False,True,True,3,True,5,True,3,True,0,False,2,True,3,True,unrelated,primary,unrelated,unrelated,unrelated,unrelated,unrelated
Pesaro_1572,Euclidis elementorum libri XV una cum scholiis antiquis,1572,Pesaro,LATIN,Federico Commandino,Camillo Franceschini,Theoretical Mathematics,,,unrelated,unrelated,unrelated,unrelated,unrelated,unrelated,unrelated,unrelated,unrelated,unrelated,unrelated,unrelated,unrelated,unrelated,unrelated,unrelated,unrelated,unrelated,primary,unrelated,conuersi | illustrati,,EVCLIDIS ELEMENTORVM LIBRI XV,,,Vnà cum Scholijs antiquis,M D LXXII,,,LATINVM,À FEDERICO COMMANDINO VRBINATE NVPER IN LATINVM conuersi,VRBINATE NVPER,FEDERICO COMMANDINO,,EVCLIDIS ELEMENTORVM LIBRI XV,commentarijsque quibusdam illustrati,,PISAVRI,,,,EVCLIDIS,True,False,True,False,False,True,True,False,False,True,True,True,True,False,True,True,False,True,False,False,False,True,3,True,3,True,3,True,1,True,0,False,2,True,unrelated,primary,unrelated,unrelated,unrelated,unrelated,unrelated
Pesaro_1619,,1619,Pesaro,LATIN,"Federico Commandino, Valerio Spacciuoli",,Theoretical Mathematics,,,unrelated,unrelated,unrelated,unrelated,unrelated,unrelated,unrelated,unrelated,unrelated,unrelated,unrelated,unrelated,unrelated,unrelated,unrelated,unrelated,unrelated,unrelated,primary,unrelated,conuersi | vendicati | DICATI,,EVCLIDIS ELEMENTORVM LIBRI XV,,,VNA CVM SCHO-LIIS ANTIQVIS A FEDERICO COMMANDINO Vrbinate in latinum conuersi,MDCXIX,CAROLO MEDICEO S.R.E. CARD,,latinum,Ac nuper a multis mendis quibus antea scatebat vendicati,Vrbinate,FEDERICO COMMANDINO,,EVCLIDIS ELEMENTORVM LIBRI XV,VNA CVM SCHO-LIIS ANTIQVIS A FEDERICO COMMANDINO Vrbinate in latinum conuersi,,PISAVRI,,,Typis Flaminij Concordiæ,EVCLIDIS,True,False,True,False,False,True,True,True,False,True,True,True,True,False,True,True,False,True,False,False,True,True,3,True,4,True,3,True,1,True,1,True,3,True,unrelated,primary,unrelated,unrelated,unrelated,unrelated,unrelated
Q4F538,Perspectiva hierinnen auffs kürtzte beschrieben mit exempeln eroeffnet und an tag gegeben wird ein newer besonder kurtzer doch gerechter unnd sehr leichter weg wie allerley ding in die perspectyf gebracht werden mag dergleichen weg bißhero noch nit bekant gewesen,1571,Nuremberg,GERMAN,Hans Lencker,Dietrich Gerlach,Perspective | Practical Geometry,Architecture,,secondary,unrelated,unrelated,unrelated,unrelated,unrelated,unrelated,unrelated,unrelated,unrelated,unrelated,unrelated,unrelated,unrelated,unrelated,primary,primary,unrelated,unrelated,unrelated,beschrieben | eröffnet | gegeben wird | gebracht werden mag | verzückt | vnuerrückt,allen liebhabern guter künsten,PERSPECTIVA,,,Hierinnen auffs kürtzte beschrieben / mit exempeln eröffnet vnd an tag gegeben wird / ein newer besonder kurtzer / doch gerechter vnnd sehr leichter weg / wie allerley ding / es seyen Corpora / Gebew / oder was möglich zuerdencken vnd in grund zulegen ist / verzückt oder vnuerrückt / ferner in die Perspectyf gebracht werden mag / on eini- ge vergebliche linie / riß vñ puncten / 2c. dergleichen weg bißhero noch nit bekant gewese,M. D. LXXI,,,,,,Hansen Lencker Burger,,,mit exempeln,,Nürnberg,,,Dietrich Gerlaß,,True,True,True,False,False,True,True,False,False,False,False,False,True,False,False,True,False,True,False,False,True,False,1,True,1,True,1,True,1,True,1,True,3,True,unrelated,primary,primary,unrelated,unrelated,unrelated,unrelated
QR4DDA,Examen des oeuvres du Sieur Desargues,1644,Paris,FRENCH,Jacques Curabelle,"Jean Hénault, Mathurin Henault, François Langlois",Theoretical Mathematics,,Architecture | Perspective | Practical Geometry,unknown,unrelated,unrelated,unrelated,unrelated,unrelated,unrelated,unrelated,unrelated,unrelated,unrelated,unrelated,unrelated,unrelated,unrelated,unknown,unknown,unrelated,primary,unrelated,,,EXAMEN,,,DES OEVVRES,1644,,,,,,I. CVRABELLE,DV SR DESARGVES,,,,"PARIS | ruë S. Iacques aux Colomnes d'Hercules, proche le Lyon d'Argent",,priuilege du Roy,De l'Imprimerie de M. & I. HENAVLT | F. L'ANGLOIS dit CHARTRES Marchand Libraire,,False,False,True,False,False,True,True,False,False,False,False,False,True,True,False,False,False,True,False,True,True,False,1,True,2,True,0,False,0,False,0,False,4,True,unrelated,primary,unknown,unrelated,unrelated,unrelated,unrelated
QWCWLH,"Il primo libro [-secondo] d'architettura, di Sabastiano Serlio, bolognese. Le premier liure d'architecture de Sebastian Serlio, bolognois, mis en langue francoyse, par Iehan Martin",1545,Paris,"FRENCH, ITALIAN",Sebastiano Serlio,Jean Barbé,Architecture,,,primary,unrelated,unrelated,unrelated,unrelated,unrelated,unrelated,unrelated,unrelated,unrelated,unrelated,unrelated,unrelated,unrelated,unrelated,unrelated,unrelated,unrelated,unrelated,unrelated,mis en langue Françoyse,,IL PRIMO libro d’Architet- tura,,,,,,,Françoyse,,Secretaire de monseigneur le Reuerendissime CAR- DINAL DE LENONCOVRT,Iehan Martin,,,,,A PARIS,,,"audict Sebastian, son Architecte de Fontainebleau",,True,False,True,False,False,False,False,False,False,True,False,True,True,False,False,False,False,True,False,False,True,False,1,True,2,True,2,True,0,False,0,False,2,True,unrelated,unrelated,primary,unrelated,unrelated,unrelated,unrelated
QX7XH4,"The Elements of Euclid, viz. the first Six Books together with the Eleventh and Twelfth. In this Edition, the Errors, by which Theon, or others, have long ago Vitiated these Books, are Corrected, and some of Euclid’s Demonstrations are Restored",1756,Glasgow,ENGLISH,Robert Simson,"Andrew Foulis, Robert Foulis",,,,unrelated,unrelated,unrelated,unrelated,unrelated,unrelated,unrelated,unrelated,unrelated,unrelated,unrelated,unrelated,unrelated,unrelated,unrelated,unrelated,unrelated,unrelated,unrelated,unrelated,Corrected | Restored,,THE ELEMENTS OF EUCLID,,,"THE FIRST SIX BOOKS, TOGETHER WITH THE ELEVENTH AND TWELFTH",M.DCC.LVI,,,,In this Edition,M.D | Professor of Mathematics in the University of Glasgow,ROBERT SIMSON,THEON,"THE ELEMENTS OF EUCLID, VIZ. THE FIRST SIX BOOKS, TOGETHER WITH THE ELEVENTH AND TWELFTH",,University of Glasgow,GLASGOW,,,ROBERT AND ANDREW FOULIS PRINTERS TO THE UNIVERSITY,EUCLID | EUCLID's,True,False,True,False,False,True,True,False,False,False,True,True,True,True,True,False,True,True,False,False,True,True,3,True,5,True,2,True,0,False,1,True,3,True,unrelated,unrelated,unrelated,unrelated,unrelated,unrelated,unrelated
RH6KEE,La castrametation,1618,Leiden,FRENCH,Simon Stevin,"Bonaventura Elzevier, Matthijs Elzevier",Military Engineering,Construction,,unrelated,unrelated,unrelated,unrelated,unrelated,secondary,unrelated,unrelated,unrelated,unrelated,unrelated,unrelated,primary,unrelated,unrelated,unrelated,unrelated,unrelated,unrelated,unrelated,Descrite,,,,,,1618,"TRESILLUSTRE. TRES- EXCELLENT PRINCE ET Seigneur MAURICE | DE TRESILLUSTRE. TRES- EXCELLENT PRINCE ET Seigneur MAURICE, par la grace Dieu PRINCE d'Orange, C & c & de Nassau, Catzenellenbogen, Vianden, Dietz, Moors, Bure, Leerdam, Marquis de la Vere, & de Vlissingen, Seigneur & Baron de Breda, &c la Ville de Grave, & du Pays de Cuyck, Dietz, Grinberghen, Arslay, Crainhem, Eindhoven, Lekkerkerk, Niervaert, Turnhout, Propriétaire & Capitaine General de Guelders, Hollande, Zelande, Westfrise, Embden, Utrecht, & Overyffel, &c. Admiral General, &c",,,,de Bruges,Symon Stevin de Bruges | Symon Stevin,,,,,ROTTERDAM | Chez Matthieu & Bonaventure Elzevier,,,"Chez Iean Waesbergue, au Marché, à l'enseigne de la Fame | Matthieu & Bonaventure Elzevier",,True,False,False,False,False,False,True,True,False,False,False,True,True,False,False,False,False,True,False,False,True,False,0,False,3,True,1,True,0,False,1,True,3,True,unrelated,unrelated,secondary,unrelated,unrelated,primary,unrelated
RSEIPO,Elementi geometrici piani e solidi di Euclide posti brevemente in volgare,1731,Florence,ITALIAN,Guido Grandi,Tartini,Theoretical Mathematics,,,unrelated,unrelated,unrelated,unrelated,unrelated,unrelated,unrelated,unrelated,unrelated,unrelated,unrelated,unrelated,unrelated,unrelated,unrelated,unrelated,unrelated,unrelated,primary,unrelated,POSTI BREVEMENTE IN VOLGARE | ILLUSTRATI CON VARIE ANNOTAZIONI,STUDIOSA GIOVENTÙ DELLA SUA SCUOLA,"ELEMENTI GEOMETRICI PIANI, E SOLIDI DI EUCLIDE",,,,MDCCLXVII,,,IN VOLGARE,,REVERENDISS. PADRE ABATE | CAMALDOLESE | PROFESSORE DI MATTEMATICA | NELL' UNIVERSITA' DI PISA,D. GUIDO GRANDI,CARLO ANDREINI,"ELEMENTI GEOMETRICI PIANI, E SOLIDI DI EUCLIDE",ILLUSTRATI CON VARIE ANNOTAZIONI,UNIVERSITA' DI PISA | SEMINARIO FIORENTINO,FIRENZE,,,NELLA STAMPERIA DI S. A. R. PER GAETANO CAMBIAGI,EUCLIDE,True,True,True,False,False,False,True,False,False,True,False,True,True,True,True,True,True,True,False,False,True,True,3,True,5,True,2,True,1,True,2,True,3,True,unrelated,primary,unrelated,unrelated,unrelated,unrelated,unrelated
Rome_1545,ΕΥΚΛΕΙΔΟΥ ΣΤΟΙΧΕΙΩΝ ΒΙΒΛΙΑ ιε. Euclidis Elementorum libri XV,1545,Rome,"GREEK, LATIN",Angelo Caiani,,Theoretical Mathematics,,,unrelated,unrelated,unrelated,unrelated,unrelated,unrelated,unrelated,unrelated,unrelated,unrelated,unrelated,unrelated,unrelated,unrelated,unrelated,unrelated,unrelated,unrelated,primary,unrelated,,,ΕΥ’ΚΛΕΙΔΟΥ ΣΤΟΙΧΕΙΩΝ ΒΙΒΛΙΑ ιε | EVCLIDIS ELEMENTORVM LIBRI XV,,,,MDXXXXV,,,,,,,,ΕΥ’ΚΛΕΙΔΟΥ ΣΤΟΙΧΕΙΩΝ ΒΙΒΛΙΑ ιε | EVCLIDIS ELEMENTORVM LIBRI XV,,,ROMÆ,,,,ΕΥ’ΚΛΕΙΔΟΥ | EVCLIDIS,False,False,True,False,False,False,True,False,False,False,False,False,False,False,True,False,False,True,False,False,False,True,3,True,1,True,0,False,0,False,0,False,2,True,unrelated,primary,unrelated,unrelated,unrelated,unrelated,unrelated
Rome_1545a,ΕΥΚΛΕΙΔΟΥ ΣΤΟΙΧΕΙΩΝ ΒΙΒΛΙΑ ιε. Euclidis Elementorum libri XV,1545,Rome,LATIN,Angelo Caiani,Antonio Blado Asolano,Theoretical Mathematics,,,unrelated,unrelated,unrelated,unrelated,unrelated,unrelated,unrelated,unrelated,unrelated,unrelated,unrelated,unrelated,unrelated,unrelated,unrelated,unrelated,unrelated,unrelated,primary,unrelated,TRADOTTI,,I QVINDICI LIBRI DEGLI ELEMENTI DI EVCLIDE,,,,MDXXXXV,,,THOSCANA,,,,,I QVINDICI LIBRI DEGLI ELEMENTI DI EVCLIDE,,,ROMA | S. Paulo Terzo,GRECO,,S. Paulo Terzo,EVCLIDE,True,False,True,False,False,False,True,False,False,True,False,False,False,False,True,False,False,True,True,False,True,True,3,True,1,True,3,True,0,False,0,False,3,True,unrelated,primary,unrelated,unrelated,unrelated,unrelated,unrelated
Rome_1589,Euclidis elementorum libri XV,1589,Rome,LATIN,Christopher Clavius,,Theoretical Mathematics,,,unrelated,unrelated,unrelated,unrelated,unrelated,unrelated,unrelated,unrelated,unrelated,unrelated,unrelated,unrelated,unrelated,unrelated,unrelated,unrelated,unrelated,unrelated,primary,unrelated,ACCES- SIT | AC-CESSIT | illustrati | editi | locupletati | illustrati,,EVCLIDIS ELEMENTORVM LIBRI XV | EVCLIDIS POSTERIORES Libri sex a x. ad xv | EVCLIDIS ELEMENTORVM LIB. XV | EVCLIDIS POSTERIORES LIB. IX,DE SOLIDORUM REGULARIUM comparatione | DE SOLIDORVM,DE SOLIDORUM REGULARIUM | DE SOLIDORVM,"OMNES PERSPICVIS DEmonstrationibus, accuratisque scholijs illustrati",1574 | M D L XXXIX,,,,"nunc iterum editi, ac multarum rerum accessione locupletati",SOCI-ETATIS IESV | AVCTORE | È SOCIETATE IESV,CHRISTOPHORO CLAVIO BAMBERGENSI | CHRISTOPHORO CLAVIO BAMBER-GENSI | CHRISTOPHORO CLAVIO BAMBERGENSI,,EVCLIDIS ELEMENTORVM LIBRI XV | EVCLIDIS POSTERIORES Libri sex a x. ad xv | EVCLIDIS ELEMENTORVM LIB. XV | EVCLIDIS POSTERIORES LIB. IX,scholijs illustrati | multarum rerum accessione | scholijs illustrati,SOCI-ETATIS IESV | SOCIETATE IESV,ROMAE | ROMÆ,,,Vincentium Accoltum | APVD BARTHOLOMAEVM Grassium,EVCLIDIS,True,False,True,True,True,True,True,False,False,False,True,True,True,False,True,True,True,True,False,False,True,True,3,True,4,True,2,True,3,True,1,True,3,True,unrelated,primary,unrelated,unrelated,unrelated,unrelated,unrelated
Rome_1591,"Phaenomena post Zamberti, & Maurolyci editionem, nunc tandem de Vaticana. bibliotheca deprompta. Scholiis antiquis: & figuris optimis illustrata: & de Graeca lingua in Latinam conversa. A Iosepho. Auria. Neapolitano. His additae sunt Maurolyci breves aliquot annotationes",1591,Rome,LATIN,Guiseppe Auria,Giovanni Martinelli,Astronomy,,,unrelated,unrelated,primary,unrelated,unrelated,unrelated,unrelated,unrelated,unrelated,unrelated,unrelated,unrelated,unrelated,unrelated,unrelated,unrelated,unrelated,unrelated,unrelated,unrelated,conuersa | illustrata | ad-ditæ sunt,,EVCLIDIS PHAENOMENA,,,Scholijs antiquis: & figuris optimis illustrata: & de Græca lingua in Latinam conuersa,M. D. XCI,ANTONIVM. COLVMNAM. S.R.E. CARD. EPISCOPVM. PRAENESTINVM,,in Latinam,Post Zamberti: & Maurolyci edi-tionem,,IOSEPHO. AVRIA. NEAPOLITANO,,EVCLIDIS PHAENOMENA,Scholijs antiquis | figuris optimis | de Græca lingua in Latinam conuersa | Maurolyci breues aliquot annotationes,VATICANA. BIBLIOTHECA | BIBLIOTHE-CARIVM,ROMÆ,de Græca lingua,,Apud Ioannem Martinellum,EVCLIDIS,True,False,True,False,False,True,True,True,False,True,True,False,True,False,True,True,True,True,True,False,True,True,3,True,4,True,4,True,1,True,2,True,3,True,unrelated,unrelated,unrelated,unrelated,primary,unrelated,unrelated
Rome_1593,,1593,Rome,LATIN,Antonio Possevino,Typographia Apostolica Vaticana,Theoretical Mathematics,,Music Theory,unrelated,unrelated,unrelated,unrelated,unrelated,unrelated,unrelated,unrelated,unrelated,unrelated,unrelated,unrelated,unrelated,unknown,unrelated,unrelated,unrelated,unrelated,primary,unrelated,,,,,,,M. D. XCIII,,,,,,,,,,SOCIETATIS IESV BIBLIO-THECA,ROMÆ,,,Ex Typographia APOSTOLICA VATICANA,,False,False,False,False,False,False,True,False,False,False,False,False,False,False,False,False,True,True,False,False,True,False,0,False,1,True,0,False,0,False,1,True,3,True,unrelated,primary,unrelated,unrelated,unrelated,unrelated,unknown
Rome_1594,Euclidis elementorum geometricorum libri tredecim ex traditione doctissimi Nasiridini Tusini,1594,Rome,"ARABIC, LATIN",Nasir al-Din al-Tusi,Medicea,,,,unrelated,unrelated,unrelated,unrelated,unrelated,unrelated,unrelated,unrelated,unrelated,unrelated,unrelated,unrelated,unrelated,unrelated,unrelated,unrelated,unrelated,unrelated,unrelated,unrelated,تحرير | impressi,,EVCLIDIS ELEMENTORVM GEOMETRICORVM Libri Tre-decim,,,,M.D.XCIV,,,Arabicè,Nunc primum Arabicè impressi,,خواجه نصير الدين الطوسي,DOCTISSIMI NASIRIDINI TVSINI,EVCLIDIS ELEMENTORVM GEOMETRICORVM,,,ROMAE,,,Typographia Medicea,إقليدس | EVCLIDIS,True,False,True,False,False,False,True,False,False,True,True,False,True,True,True,False,False,True,False,False,True,True,3,True,3,True,3,True,0,False,0,False,3,True,unrelated,unrelated,unrelated,unrelated,unrelated,unrelated,unrelated
Rome_1603,,1603,Rome,LATIN,Christopher Clavius,Aloysius Zannettus,Theoretical Mathematics,,,unrelated,unrelated,unrelated,unrelated,unrelated,unrelated,unrelated,unrelated,unrelated,unrelated,unrelated,unrelated,unrelated,unrelated,unrelated,unrelated,unrelated,unrelated,primary,unrelated,Accessit | editi | locupletati | illustrati,,EVCLIDIS ELEMENTORVM LIBRI XV | EVCLIDIS POSTERIORES LIBRI IX,LIBER XVI. De Solidorum Regularium cuiuslibet intra quodlibet comparatione,LIBER XVI. De Solidorum Regularium,,MDCIII,,,,"nunc quarto editi, ac multarum rerum accessione post primam editionem locupletati",e Societate IESV,CHRISTO-PHORO CLAVIO BAMBERGENSI | CHRISTOPHORO CLAVIO BAMBERGENSI,,EVCLIDIS ELEMENTORVM LIBRI XV | EVCLIDIS POSTERIORES LIBRI IX,"OMNES PERSPICVIS DEMONSTRATIONIBVS, accuratisque scholijs illustrati",Societate IESV,ROMAE,,,Apud Aloysium Zannettum,,True,False,True,True,True,False,True,False,False,False,True,True,True,False,True,True,True,True,False,False,True,False,2,True,3,True,2,True,3,True,1,True,3,True,unrelated,primary,unrelated,unrelated,unrelated,unrelated,unrelated
Rome_1609,,1609,Rome,LATIN,Guiseppe Auria,Giovanni Martinelli,Astronomy | Theoretical Mathematics,,,unrelated,unrelated,primary,unrelated,unrelated,unrelated,unrelated,unrelated,unrelated,unrelated,unrelated,unrelated,unrelated,unrelated,unrelated,unrelated,unrelated,unrelated,primary,unrelated,deprompta | illustrata | conuersa | addita sunt,,EVCLIDIS PHAENOMENA,,,,M. DC. IX,SERENISSIMVM FRANCISCVM MARIAM VRBINI DVCEM VI,,in Latinam,"Post Zamberti, & Maurolyci edi-tionem | His addita sunt Maurolyci breues aliquot annotationes",NEAPOLITANO,IOSEPHO AVRIA,Zamberti | Maurolyci,EVCLIDIS PHAENOMENA,"Scholijs antiquis, & figuris optimis illustrata | Maurolyci breues aliquot annotationes",,ROMAE,de Græca lingua,,Sumptibus Ioannis Martinelli | Apud Iacobum Mascardum,EVCLIDIS,True,False,True,False,False,False,True,True,False,True,True,True,True,True,True,True,False,True,True,False,True,True,3,True,5,True,4,True,1,True,1,True,3,True,unrelated,primary,unrelated,unrelated,primary,unrelated,unrelated
Rome_1629,,1629,Rome,LATIN,"Christopher Clavius, Christoph Grienberger",Heirs of Bartolomeo Zannetti,,,Theoretical Mathematics,unrelated,unrelated,unrelated,unrelated,unrelated,unrelated,unrelated,unrelated,unrelated,unrelated,unrelated,unrelated,unrelated,unrelated,unrelated,unrelated,unrelated,unrelated,unknown,unrelated,contracti,,EVCLIDIS Sex primi ELEMENTORVM GEOMETRICORVM,,,,1629,,,,Ex maioribus CLAVII Commentariis in commodiorem formam contracti,RERVMQ. MATHEMATI-CARVM,CHRISTOPHORI GRIENBERGERI OENOHALLENSIS,CLAVII,EVCLIDIS Sex primi ELEMENTORVM GEOMETRICORVM,,Societate IESV,"ROMAE, Apud Hæredem Bartholomæi Zannetti",,,Apud Hæredem Bartholomæi Zannetti,EVCLIDIS,True,False,True,False,False,False,True,False,False,False,True,True,True,True,True,False,True,True,False,False,True,True,3,True,5,True,2,True,0,False,1,True,3,True,unrelated,unknown,unrelated,unrelated,unrelated,unrelated,unrelated
Rome_1655,,1655,Rome,LATIN,"Christopher Clavius, Christoph Grienberger",Nicolai Angeli Tinassij,,,,unrelated,unrelated,unrelated,unrelated,unrelated,unrelated,unrelated,unrelated,unrelated,unrelated,unrelated,unrelated,unrelated,unrelated,unrelated,unrelated,unrelated,unrelated,unrelated,unrelated,contracti | Accessere,,EVCLIDIS SEX PRIMI ELEMENTORVM GEOMETRI- CORVM Libri cum parte Vndecimi,ISAACI MONACHI In sex eosdem Libros Scholia,Scholia,Ex maioribus CLAVII Com-mentarijs in commodiorem formam contracti,1655,,,,Ex maioribus CLAVII Com-mentarijs in commodiorem formam contracti,RERVMQVE MATHEMATICARVM | è Societate IESV OPVSCVLVM PRIMVM,CHRISTOPHORI Grienbergeri,CLAVII | ISAACI MONACHI,EVCLIDIS SEX PRIMI ELEMENTORVM GEOMETRI- CORVM,,Societate IESV OPVSCVLVM PRIMVM,ROMAE,,,Typis Nicolai Angeli Tinassij | Sumptibus Dominici Grialdi,EVCLIDIS,True,False,True,True,True,True,True,False,False,False,True,True,True,True,True,False,True,True,False,False,True,True,3,True,5,True,2,True,2,True,1,True,3,True,unrelated,unrelated,unrelated,unrelated,unrelated,unrelated,unrelated
Rome_1679,"Euclides restitutus, sive prisca geometriae elementa",1679,Rome,LATIN,Giovanni Alfonso Borelli,Mascardi,Theoretical Mathematics,,,unrelated,unrelated,unrelated,unrelated,unrelated,unrelated,unrelated,unrelated,unrelated,unrelated,unrelated,unrelated,unrelated,unrelated,unrelated,unrelated,unrelated,unrelated,primary,unrelated,RESTITUTUS | RESTITUTUS | contexta,,PRISCA GEOMETRIAE ELEMENTA | EVCLIDES RESTITUTUS Denuo PRISCAE GEOMETRIAE ELEMENTA,Apollonij Elementa conica | Archimedis opera breviore methodo demonstrata,Elementa conica | Archimedis opera,"Breuiùs, & faciliùs contexta | In quibus praecipuè PROPORTIONVM THEORIAE nova, firmiorique Methodo promuntur | Brevius, & luculentiùs contexta",1658 | 1679,IO. ALPHONSO BORELLIO,,,RESTITUTUS | Editio tertia,"in Messanensi pridem, nunc verò in Pisana Academia Matheſeos Professore",IO: ALPHONSO BORELLIO,,PRISCA GEOMETRIAE ELEMENTA | EVCLIDES RESTITUTUS Denuo PRISCAE GEOMETRIAE ELEMENTA,"Breuiùs, & faciliùs contexta | PROPORTIONVM THEORIAE nova, firmiorique Methodo",Pisana Academia,Pisis | ROMAE,,,ex Officina Francisci Honophi | Ex Typographia Mascardi,EVCLIDES,True,False,True,True,True,True,True,True,False,False,True,True,True,False,True,True,True,True,False,False,True,True,3,True,5,True,2,True,3,True,2,True,3,True,unrelated,primary,unrelated,unrelated,unrelated,unrelated,unrelated
Rome_1680,"Euclide Restituto, overo gli antichi elementi geometrici ristaurati e facilitati",1680,Rome,ITALIAN,Vitale Giordano da Bitonto,Angelo Bernabò,Theoretical Mathematics,,,unrelated,unrelated,unrelated,unrelated,unrelated,unrelated,unrelated,unrelated,unrelated,unrelated,unrelated,unrelated,unrelated,unrelated,unrelated,unrelated,unrelated,unrelated,primary,unrelated,RESTITVTO | Ristaurati | facilitati,,GLI ANTICHI ELEMENTI GEOMETRICI,,,Ne i quali principalmente si dimostra la composizione delle proporzioni secondo la definizione datane dal suo antico Autore,M. DC. LXXX,,,,,Lettore delle Matematiche nella Reale Accademia stabilita dal RE' CRISTIANISSIMO in Roma,VITALE GIORDANO DA BITONTO,,GLI ANTICHI ELEMENTI GEOMETRICI,,Reale Accademia,ROMA,,,Angelo Bernabò,EVCLIDE,True,False,True,False,False,True,True,False,False,False,False,True,True,False,True,False,True,True,False,False,True,True,3,True,4,True,1,True,0,False,1,True,3,True,unrelated,primary,unrelated,unrelated,unrelated,unrelated,unrelated
Rome_1695,,1695,Rome,LATIN,Giovanni Alfonso Borelli,Dominicus Antonius Hercules,Theoretical Mathematics,Arithmetic,,unrelated,secondary,unrelated,unrelated,unrelated,unrelated,unrelated,unrelated,unrelated,unrelated,unrelated,unrelated,unrelated,unrelated,unrelated,unrelated,unrelated,unrelated,primary,unrelated,Addito | contexta,,EVCLIDES RESTITUTUS SIVE PRISCA GEOMETRIÆ ELEMENTA,lib. VIII. Arithmeticorum,Arithmeticorum,"Breviùs, & faciliùs contexta | præcipuè proportionum Theoriæ proponuntur",M DC XCV,,,,Addito in hac quarta Impressione,NEAPOLITANO,JO: ALPHONSO BORELLIO,,EVCLIDES RESTITUTUS SIVE PRISCA GEOMETRIÆ ELEMENTA,Addito in hac quarta Impressione lib. VIII. Arithmeticorum,,ROMÆ | viâ Parionis,,,Dom. Anr. Herculís,EVCLIDES,True,False,True,True,True,True,True,False,False,False,True,True,True,False,True,True,False,True,False,False,True,True,3,True,3,True,2,True,3,True,0,False,3,True,secondary,primary,unrelated,unrelated,unrelated,unrelated,unrelated
Rotterdam_1632,,1632,Rotterdam,DUTCH,Jan Pietersz Dou,,Practical Geometry,,,unrelated,unrelated,unrelated,unrelated,unrelated,unrelated,unrelated,unrelated,unrelated,unrelated,unrelated,unrelated,unrelated,unrelated,unrelated,unrelated,primary,unrelated,unrelated,unrelated,ghevoeght | Overgheset | verk-laert | uytgheleyt | oversien | verbetert | byghevoeghde | verklaert | vermeerdert,van alle leergierighe lief hebbers der selver vryer Konste,De ses eerste Boecken EVCLIDIS,,,Van de beginselen ende fondamenten der Geometrie,1632,,,,Van nieus oversien ende verbetert,der stadt Leyden Lant-meter ende Wijnroeyer,IAN PIETERSZ: DOU,,De ses eerste Boecken EVCLIDIS,eenighe nut-tigheden | Specien in Geometrische figueren | byghevoeghde nut-tigheden,,"ROTTERDAM | Op’t Steygher, In Iosephus",,,"de Weduwe van Matthijs Basti-aensz, Boeck-verkooper",EVCLIDIS,True,True,True,False,False,True,True,False,False,False,True,True,True,False,True,True,False,True,False,False,True,True,3,True,3,True,2,True,1,True,1,True,3,True,unrelated,primary,unrelated,unrelated,unrelated,unrelated,unrelated
Rotterdam_1647,,1647,Rotterdam,DUTCH,Jan Pietersz Dou,Pieter van Waesberghe,,Practical Geometry,,unrelated,unrelated,unrelated,unrelated,unrelated,unrelated,unrelated,unrelated,unrelated,unrelated,unrelated,unrelated,unrelated,unrelated,unrelated,unrelated,secondary,unrelated,unrelated,unrelated,bygevoeght | Overgeset | verklaert | uytgeleyt | oversien | verbetert | vermeerdert | breeder verklaert | bygevoeght | Overgeset | verklaert | uytgeleyt | oversien | verbetert | vermeerdert,alle leergierige liefhebbers der selver vrye Konste,De ses eerste Boecken EUCLIDIS,,,Van de beginselen ende fonda-menten der Geometrie,1647,,,,Waer bygevoeght zijn eenige nuttigheden | Van nieus oversien ende verbetert,der stadt Leyden Lant-meter ende Wijnroyer,JAN PIETERSE DOU,,De ses eerste Boecken EUCLIDIS,"eenige nuttigheden, uyt de selve Boecken getrocken | de Specien in Geometrische figuren, als ’tmaken, veranderen, t’samenvoegen, aftrecken, ver-menigvuldigen ende deelen | de bygevoegde nuttigheden, met de specien in Geometrische figuren | eenige nuttigheden, uyt de selve Boecken getrocken | Specien in Geometrische figuren | bygevoegde nuttigheden, met de specien in Geometrische figuren",,ROTTERDAM | UTRECHT,,,"Pieter van Waesberghe Boeck-verkooper op’t Steygher inde swarte Klock | Jan van Waesberge, Boekverkooper over het Stadthuys",EUCLIDIS,True,True,True,False,False,True,True,False,False,False,True,True,True,False,True,True,False,True,False,False,True,True,3,True,3,True,2,True,1,True,1,True,3,True,unrelated,secondary,unrelated,unrelated,unrelated,unrelated,unrelated
Rotterdam_1661,,1661,Rotterdam,DUTCH,Jan Pietersz Dou,Abraham van Waesberge,Theoretical Mathematics,Practical Geometry,,unrelated,unrelated,unrelated,unrelated,unrelated,unrelated,unrelated,unrelated,unrelated,unrelated,unrelated,unrelated,unrelated,unrelated,unrelated,unrelated,secondary,unrelated,primary,unrelated,by-gevoeght | Over-geset | verklaert | uyt-geleydt | oversien | verbetert | vermeerdert | by-gevoeghde,alle leer-gierige Liefhebbers der selver vrye Konste,De ses eerste Boecken EUCLIDIS,,,Van de beginselen ende fonda-menten der Geometrie,1661,,,,Van nieuws oversien ende verbetert,Landt-meter ende Wijn-roeyer der Stadt LEYDEN,JAN PIETERSZ DOU,,De ses eerste Boecken EUCLIDIS,eenige nuttigheden | Specien in Geometrische figuren | by-gevoeghde nuttigheden,,ROTTERDAM,,,"Abraham van Waesberge, Boeck-verkooper op ’t Steyger in de gekroonde Leeuw",EUCLIDIS,True,True,True,False,False,True,True,False,False,False,True,True,True,False,True,True,False,True,False,False,True,True,3,True,3,True,2,True,1,True,1,True,3,True,unrelated,primary,unrelated,unrelated,unrelated,unrelated,unrelated
Rotterdam_1681,,1681,Rotterdam,DUTCH,Jan Pietersz Dou,Abraham van Waesberge,,Practical Geometry,,unrelated,unrelated,unrelated,unrelated,unrelated,unrelated,unrelated,unrelated,unrelated,unrelated,unrelated,unrelated,unrelated,unrelated,unrelated,unrelated,secondary,unrelated,unrelated,unrelated,by-gevoeght | Over-geset | verklaert | uyt-geleydt | oversien | verbetert | vermeerdert,alle leer-gierige Liefhebbers der selver vrye Konste,De ses eerste Boecken EUCLIDIS,,,Van de beginselen ende fondamenten der Geometrie,1681,,,,"Desen laetsten druck, van nieuws oversien ende verbetert",Landt-meter ende Wijn-roeyer der Stadt LEYDEN,JAN PIETERSZ DOU,,De ses eerste Boecken EUCLIDIS,eenige nut-tigheden | Specien in Geometrische figuren | by-gevoegde nuttigheden,,ROTTERDAM,,,"Abraham van Waesberge, Boeck-verkooper op ’t Steyger in de gekroonde Leeuw",EUCLIDIS,True,True,True,False,False,True,True,False,False,False,True,True,True,False,True,True,False,True,False,False,True,True,3,True,3,True,2,True,1,True,1,True,3,True,unrelated,secondary,unrelated,unrelated,unrelated,unrelated,unrelated
Rouen_1649,"Les quinze livres des éléments, , traduicts de latin en françois par D. Henrion",1649,Rouen,FRENCH,Denis Henrion,Clément Malassis,,,,unrelated,unrelated,unrelated,unrelated,unrelated,unrelated,unrelated,unrelated,unrelated,unrelated,unrelated,unrelated,unrelated,unrelated,unrelated,unrelated,unrelated,unrelated,unrelated,unrelated,Traduicts | Reueuë | corrigée | augmentée,,LES QVINZE LIVRES DES ELEMENTS D’EVCLIDE,,,,M. DC. XLIX,,,François,"CINQVIESME EDITION | Reueuë, corrigée, & de beaucoup augmentée",Mathematicien,D. HENRION,,LES QVINZE LIVRES DES ELEMENTS D’EVCLIDE,,,"Chez CLEMENT MALASSIS, prés le grand Portail nostre Dame",Latin,,A ROVEN,EVCLIDE,True,False,True,False,False,False,True,False,False,True,True,True,True,False,True,False,False,True,True,False,True,True,3,True,3,True,4,True,0,False,0,False,3,True,unrelated,unrelated,unrelated,unrelated,unrelated,unrelated,unrelated
Rouen_1676,,1676,Rouen,FRENCH,Denis Henrion,Jean Lucas,Theoretical Mathematics,,,unrelated,unrelated,unrelated,unrelated,unrelated,unrelated,unrelated,unrelated,unrelated,unrelated,unrelated,unrelated,unrelated,unrelated,unrelated,unrelated,unrelated,unrelated,primary,unrelated,Traduits | reveus & corrigez | traduit,,LES QUINZE LIVRES DES ELEMENTS D’EUCLIDE,le Livre des DONNEZ du même Euclide,DONNEZ,,M. DC. LXXVI,,,François,Traduits en François par D. HENRION | reveus & corrigez | aussi traduit en François par ledit Henrion,Professeur és Mathematiques,D. HENRION,,LES QUINZE LIVRES DES ELEMENTS D’EUCLIDE,avec des Commentaires beaucoup plus amples & faciles | des figures en plus grand nombre,,"Chez JEAN LUCAS, ruë aux Juifs, à côté de la petite porte de l’Hôtel de Ville",,,JEAN LUCAS,D’EUCLIDE | Euclide,True,False,True,True,True,False,True,False,False,True,True,True,True,False,True,True,False,True,False,False,True,True,3,True,3,True,3,True,3,True,0,False,3,True,unrelated,primary,unrelated,unrelated,unrelated,unrelated,unrelated
Rouen_and_Paris_1677,,1677,"Rouen, Paris",FRENCH,Denis Henrion,Jean d’Houry,Theoretical Mathematics,,,unrelated,unrelated,unrelated,unrelated,unrelated,unrelated,unrelated,unrelated,unrelated,unrelated,unrelated,unrelated,unrelated,unrelated,unrelated,unrelated,unrelated,unrelated,primary,unrelated,Traduits | commentez | Reveuë | augmentée,,Les quinze livres des elemens geometriques d’Euclide,du Livre des Donnez du même Auteur,Livre des Donnez,,M. DC. LXXVII,,,,Derniere edition | Reveuë et augmentée de plusieurs figures,Mathematicien,D. Henrion,,Les quinze livres des elemens geometriques d’Euclide,plusieurs figures,,"Rouen | Paris, chez Jean d’Houry, au bout du Pont-Neuf, sur le quay des Augustins, à l’image de S. Jean",,,Jean d’Houry,Euclide,True,False,True,True,True,False,True,False,False,False,True,True,True,False,True,True,False,True,False,False,True,True,3,True,3,True,2,True,3,True,0,False,3,True,unrelated,primary,unrelated,unrelated,unrelated,unrelated,unrelated
Rouen_and_Paris_1683,,1683,"Rouen, Paris",FRENCH,Denis Henrion,Laurent d’Houry,,,Theoretical Mathematics,unrelated,unrelated,unrelated,unrelated,unrelated,unrelated,unrelated,unrelated,unrelated,unrelated,unrelated,unrelated,unrelated,unrelated,unrelated,unrelated,unrelated,unrelated,unknown,unrelated,Traduits | commentez | Reveuë | augmentée,,LES QUINZE LIVRES DES ELEMENS GEOMETRIQUES D’EUCLIDE,du Livre des DONNEZ du même Auteur,Livre des DONNEZ,,DC. LXXXIII,,,,DERNIERE EDITION,Mathematicien,D. HENRION,,LES QUINZE LIVRES DES ELEMENS GEOMETRIQUES D’EUCLIDE,plusieurs figures,,"PARIS, Chez LAURENT D’HOURY, ruë saint Jacques, prés les Mathurins, au saint Esprit",,,LAURENT D’HOURY,D’EUCLIDE,True,False,True,True,True,False,True,False,False,False,True,True,True,False,True,True,False,True,False,False,True,True,3,True,3,True,2,True,3,True,0,False,3,True,unrelated,unknown,unrelated,unrelated,unrelated,unrelated,unrelated
Rouen_and_Paris_1685,"Les quinze livres des Elemens geometriques d'Euclide; et son Livre des donnez avec des commentaires beaucoup plus amples & beaucoup plus faciles que dans les editions precedentes, et un Traité sommaire de l'algebre par le Sieur Henrion.",1685,"Rouen, Paris",FRENCH,Denis Henrion,J. JOMBERT,Theoretical Mathematics,,,unrelated,unrelated,unrelated,unrelated,unrelated,unrelated,unrelated,unrelated,unrelated,unrelated,unrelated,unrelated,unrelated,unrelated,unrelated,unrelated,unrelated,unrelated,primary,unrelated,,,LES QUINZE LIVRES DES ELEMENTS GEOMETRIQUES D’EUCLIDE | LES QUINZE LIVRES DES ELEMENS GEOMETRIQUES D’EUCLIDE,son Livre des DONNEZ | un Traité sommaire de l’Algebre,Livre des DONNEZ | Traité sommaire de l’Algebre,,M. DC. LXXXV,,,,,le Sieur,HENRION,,LES QUINZE LIVRES DES ELEMENTS GEOMETRIQUES D’EUCLIDE | LES QUINZE LIVRES DES ELEMENS GEOMETRIQUES D’EUCLIDE,Avec des Commentaires beaucoup plus amples & beaucoup plus faciles que dans les editions precedentes,,"Roüen | Chez J. JOMBERT, prês des Augustins, à l’Image Notre Dame | Chez J. JOMBERT, prês des Augustins, à l’Image Notre-Dame",,,J. JOMBERT,EUCLIDE,False,False,True,True,True,False,True,False,False,False,False,True,True,False,True,True,False,True,False,False,True,True,3,True,3,True,0,False,3,True,0,False,3,True,unrelated,primary,unrelated,unrelated,unrelated,unrelated,unrelated
S105XB,Des circkels unnd richtscheyts auch der perspectiua und proportion der menschen und rosse kurtze doch gruendtliche underweisung deß rechten gebrauchs,1564,Frankfurt,GERMAN,Heinrich Lautensack,"Sigmund Feyerabend, Georg Rab, Heinrich Lautensack",Instrument Use | Perspective | Practical Geometry,,,unrelated,unrelated,unrelated,unrelated,unrelated,unrelated,unrelated,unrelated,unrelated,unrelated,primary,unrelated,unrelated,unrelated,unrelated,primary,primary,unrelated,unrelated,unrelated,gegeben,aller anfahenden Jugent | andern liebhabern dieser Kunst | Goldschmiden | Malern | Bildhauwern | Steinmetzen | Schrei- nern,Des Cirtkels vnnd Richtscheyts,,,auch der Perspe- ctiua / vnd Proportion der Menschen vnd Rosse / kurtze / doch gründt- liche vnderweisung / deß rechten gebrauchs. Mit vil schönen Figuren,M. D. LXIIII,,,,,Goldschmid vnd Maler | zu Franckfurt am Mayn,Heinrich Lautensack,,,Mit vil schönen Figuren,,,,,,,True,True,True,False,False,True,True,False,False,False,False,True,True,False,False,True,False,False,False,False,False,False,1,True,2,True,1,True,1,True,1,True,1,True,unrelated,primary,primary,primary,unrelated,unrelated,unrelated
Seville_1576,Los seis libros primeros de la geometría de Euclides,1576,Seville,SPANISH,Rodorigo de Zamorano,Alonso de la Barrera,Theoretical Mathematics,,,unrelated,unrelated,unrelated,unrelated,unrelated,unrelated,unrelated,unrelated,unrelated,unrelated,unrelated,unrelated,unrelated,unrelated,unrelated,unrelated,unrelated,unrelated,primary,unrelated,Traduzidos,"al jllustre señor Luciano de Negron, Canonigo dela sancta yglesia de Seuilla",LOS SEIS LIBROS PRIMEROS DELA GEOMETRIA DE EVCLIDES,,,,1576,"jllustre señor Luciano de Negron, Canonigo dela sancta yglesia de Seuilla",,Española,,"Astrologo y Mathematico, y Cathedratico de Cosmographia por su Magestad en la casa de la Contratacion de Seuilla",Rodrigo çamorano,,LOS SEIS LIBROS PRIMEROS DELA GEOMETRIA DE EVCLIDES,,casa de la Contratacion de Seuilla | sancta yglesia de Seuilla,Seuilla en casa de Alonso de la Barrera,,,Alonso de la Barrera,EVCLIDES,True,True,True,False,False,False,True,True,False,True,False,True,True,False,True,False,True,True,False,False,True,True,3,True,5,True,2,True,0,False,3,True,3,True,unrelated,primary,unrelated,unrelated,unrelated,unrelated,unrelated
Siena_1691,,1691,Siena,LATIN,Elias Astorinus,Bonettos,,,,unrelated,unrelated,unrelated,unrelated,unrelated,unrelated,unrelated,unrelated,unrelated,unrelated,unrelated,unrelated,unrelated,unrelated,unrelated,unrelated,unrelated,unrelated,unrelated,unrelated,succinctè demonstrata,Ad usum NOVÆ ACADEMIÆ NO- BILIVM SENENSIVM,ELEMENTA EVCLIDIS,,,,MDCXCI,PRINCIPEM IOANNEM GASTONEM,,,,Carmelitam Consentinum,FR. ELIAM ASTORINVM,,ELEMENTA EVCLIDIS,,NOVÆ ACADEMIÆ NOBILIVM SENENSIVM,SENIS,,,Bonettos Typis Publici,EVCLIDIS,True,True,True,False,False,False,True,True,False,False,False,True,True,False,True,False,True,True,False,False,True,True,3,True,5,True,1,True,0,False,3,True,3,True,unrelated,unrelated,unrelated,unrelated,unrelated,unrelated,unrelated
Strasbourg_1529,"Elementale geometricum, ex Euclidis geometria",1529,Strasbourg,LATIN,Johann Vögelin,,,,Practical Geometry,unrelated,unrelated,unrelated,unrelated,unrelated,unrelated,unrelated,unrelated,unrelated,unrelated,unrelated,unrelated,unrelated,unrelated,unrelated,unrelated,unknown,unrelated,unrelated,unrelated,decerptum,omnium Mathematicæ studiosorum | Lectori,"ELEMEN- TALE GEOMETRICVM, EX EVCLI- dis Geometria",,,Geometria,M.D.XXIX,,,,decerptum,Haylpronensi,Ioanne Vœgelin,,"ELEMEN- TALE GEOMETRICVM, EX EVCLI- dis Geometria",,,ARGENTORATI,,,Christianum Egenolphum,EVCLI,True,True,True,False,False,True,True,False,False,False,True,True,True,False,True,False,False,True,False,False,True,True,3,True,3,True,2,True,0,False,1,True,3,True,unrelated,unknown,unrelated,unrelated,unrelated,unrelated,unrelated
Strasbourg_1538,ΕΥΚΛΕΙΔΟΥ ΤΩΝ ΠΕΝΤΕ ΚΑΙ ΔΕΚΑ ΣΤΟΙΧΕΙΩΝ ἐκ τῶν τοῦ ΘΕΩΝΟΣ συνουσιῶν τὸ πρῶτον,1538,Strasbourg,"GREEK, LATIN",Josias Rihel (?),Josias Rihel (?),,,,unrelated,unrelated,unrelated,unrelated,unrelated,unrelated,unrelated,unrelated,unrelated,unrelated,unrelated,unrelated,unrelated,unrelated,unrelated,unrelated,unrelated,unrelated,unrelated,unrelated,,,ΕΥΚΛΕΙΔΟΥ ΤΩΝ ΠΕΝΤΕ ΚΑΙ ΔΕΚΑ ΣΤΟΙΧΕΙΩΝ,,,,M.D.XXXVIII,,,,,,,Θέωνος,ΕΥΚΛΕΙΔΟΥ ΤΩΝ ΠΕΝΤΕ ΚΑΙ ΔΕΚΑ ΣΤΟΙΧΕΙΩΝ,,,Rihelium,,,ARGENTORATI APVD Vuendelinum,ΕΥΚΛΕΙΔΟΥ,False,False,True,False,False,False,True,False,False,False,False,False,False,True,True,False,False,True,False,False,True,True,3,True,2,True,0,False,0,False,0,False,3,True,unrelated,unrelated,unrelated,unrelated,unrelated,unrelated,unrelated
Strasbourg_1557,,1557,Strasbourg,"GREEK, LATIN",Conrad Dasypodius,Conradum Dasypodium,Theoretical Mathematics,,,unrelated,unrelated,unrelated,unrelated,unrelated,unrelated,unrelated,unrelated,unrelated,unrelated,unrelated,unrelated,unrelated,unrelated,unrelated,unrelated,unrelated,unrelated,primary,unrelated,noua translatione | translata | ædita,,EVCLIDIS CATOPTRICA,,,"ID EST ELEMENTA eius scientiæ, qua uniuersa speculorum uis atque natura explicatur",M. D. LVII,,,in Latinam linguam,"primum Græce, antehac nunquam in lucem ædita | noua translatione",,Conradum Dasypodium,,EVCLIDIS CATOPTRICA,,,ARGENTORATI,Græce,,,ΕΥΚΛΕΙΔΟΥ | EVCLIDIS,True,False,True,False,False,True,True,False,False,True,True,False,True,False,True,False,False,True,True,False,False,True,3,True,2,True,4,True,0,False,0,False,2,True,unrelated,primary,unrelated,unrelated,unrelated,unrelated,unrelated
Strasbourg_1559,ΕΥΚΛΕΙΔΟΥ ΤΩΝ ΠΕΝΤΕ ΚΑΙ ΔΕΚΑ ΣΤΟΙΧΕΙΩΝ ἐκ τῶν τοῦ Θέωνος συνουσιῶν τὸ πρῶτον,1559,Strasbourg,"GREEK, LATIN",,Josias Rihel,,,,unrelated,unrelated,unrelated,unrelated,unrelated,unrelated,unrelated,unrelated,unrelated,unrelated,unrelated,unrelated,unrelated,unrelated,unrelated,unrelated,unrelated,unrelated,unrelated,unrelated,συνουσιῶν,,ΕΥΚΛΕΙΔΟΥ ΤΩΝ ΠΕΝΤΕ ΚΑΙ ΔΕΚΑ ΣΤΟΙΧΕΙΩΝ,,,,M. D. LIX,,,,τὸ πρῶτον,,,Θέωνος,ΕΥΚΛΕΙΔΟΥ ΤΩΝ ΠΕΝΤΕ ΚΑΙ ΔΕΚΑ ΣΤΟΙΧΕΙΩΝ,,,ARGENTORATI,,,Per Iosiam Rihelium,ΕΥΚΛΕΙΔΟΥ,True,False,True,False,False,False,True,False,False,False,True,False,False,True,True,False,False,True,False,False,True,True,3,True,2,True,2,True,0,False,0,False,3,True,unrelated,unrelated,unrelated,unrelated,unrelated,unrelated,unrelated
Strasbourg_1564,Euclidis quindecim Elementorum Geometriae primum,1564,Strasbourg,"GREEK, LATIN",Conrad Dasypodius,Christian Mehl,Theoretical Mathematics,,,unrelated,unrelated,unrelated,unrelated,unrelated,unrelated,unrelated,unrelated,unrelated,unrelated,unrelated,unrelated,unrelated,unrelated,unrelated,unrelated,unrelated,unrelated,primary,unrelated,accesserunt | explicantur,,ΕΥΚΛΕΙΔΟΥ ΤΩΝ ΠΕΝΤΕ ΚΑΙ ΔΕΚΑ ΣΤΟΙΧΕΙΩΝ | EVCLIDIS QVIN-DEcim Elementorum Geometriæ primum,,,,M. D. LXIIII,,,Græcè | Latinè,,Scholæ Argentinensis professore,Cunrado Dasypodio,Theonis,ΕΥΚΛΕΙΔΟΥ ΤΩΝ ΠΕΝΤΕ ΚΑΙ ΔΕΚΑ ΣΤΟΙΧΕΙΩΝ | EVCLIDIS QVIN-DEcim Elementorum Geometriæ primum,Scholia,Scholæ Argentinensis,ARGENTORATI,Græcè | Latinè,,Christianus Mylius,ΕΥΚΛΕΙΔΟΥ | EVCLIDIS,True,False,True,False,False,False,True,False,False,True,False,True,True,True,True,True,True,True,True,False,True,True,3,True,5,True,3,True,1,True,1,True,3,True,unrelated,primary,unrelated,unrelated,unrelated,unrelated,unrelated
Strasbourg_1564a,Euclides: Eukleidu Tōn Pente Kai Deka Stoicheiōn Ek Tōn Tu Theōnos synusiōn to deuteron,1564,Strasbourg,"GREEK, LATIN",Conrad Dasypodius,Konrad Dasypodius,Theoretical Mathematics,Arithmetic,,unrelated,secondary,unrelated,unrelated,unrelated,unrelated,unrelated,unrelated,unrelated,unrelated,unrelated,unrelated,unrelated,unrelated,unrelated,unrelated,unrelated,unrelated,primary,unrelated,,,ΤΩΝ ΠΕΝΤΕ ΚΑΙ ΔΕΚΑ ΣΤΟΙ- ΧΕΙΩΝ | EVCLIDIS QVINDECIM elementorum Geometriae,"Barlaam monachi Arithmetica demonſtra- tio eorum, quae in secundo libro elementorum sunt in lineis & figuris planis demonstrata | Octo propositiones Stereometricae, eiusdem cum præ- cedentibus argumenti",Arithmetica | Octo propositiones Stereometricae,συνουσιῶν τὸ δεύτερον,M. D. LXIIII,,,,,scholae Argentinæ= sis Professorem,Cunradum Da= ſypodium,Theonis commentarijs,,,scholae Argentinæ= sis,ARGENTORATI,Graecè | Latinè,,APVD Christianum Mylium,ΕΥΚΛΕΙΔΟΥ | EVCLIDIS,False,False,True,True,True,True,True,False,False,False,False,True,True,True,False,False,True,True,True,False,True,True,2,True,5,True,1,True,2,True,1,True,3,True,secondary,primary,unrelated,unrelated,unrelated,unrelated,unrelated
Strasbourg_1564b,PROPOSITIOnes reliquorum Librorum Geometriæ Euclidis,1564,Strasbourg,LATIN,Conrad Dasypodius,Christian Mehl,,,,unrelated,unrelated,unrelated,unrelated,unrelated,unrelated,unrelated,unrelated,unrelated,unrelated,unrelated,unrelated,unrelated,unrelated,unrelated,unrelated,unrelated,unrelated,unrelated,unrelated,,"in vsum eorum, qui volumine Euclidis carent",PROPOSITIOnes reliquorum Librorum Geometriæ Euclidis,,,"Græcè, & Latinè",M. D. LXIIII,,,,,scholæ Argentinensis professorem,Cunradum Dasypodium,,,,scholæ Argentinensis,APVD Christianum Mylium,Græcè | Latinè,,ARGENTORATI,Euclidis,False,True,True,False,False,True,True,False,False,False,False,True,True,False,False,False,True,True,True,False,True,True,2,True,4,True,1,True,0,False,2,True,3,True,unrelated,unrelated,unrelated,unrelated,unrelated,unrelated,unrelated
Strasbourg_1566,Analyseis geometricae sex librorum Euclidis,1566,Strasbourg,"GREEK, LATIN","Conrad Dasypodius, Christian Herlin",Josias Rihel,,Theoretical Mathematics,,unrelated,unrelated,unrelated,unrelated,unrelated,unrelated,unrelated,unrelated,unrelated,unrelated,unrelated,unrelated,unrelated,unrelated,unrelated,unrelated,unrelated,unrelated,secondary,unrelated,FACTAE,PRO SCHOLA ARGENTINENSI,sex librorum Euclidis,,,ANALYSEIS GEOmetricæ,M.D.LXVI,,,,PRIMI ET QVINTI FACTAE À CHRISTIANO HERLINO,,Cunrado Dasypodio,,sex librorum Euclidis,"CVM COMmentariis, & Scholiis perbreuibus in eosdem sex libros Geometricos | CVM Indice Πορισ[lάτων καl λη[l[lάτων",SCHOLA ARGENTINENSI,,,,EX-CVDEBAT IOSIAS RIHELIVS,Euclidis,True,True,True,False,False,True,True,False,False,False,True,False,True,False,True,True,True,False,False,False,True,True,3,True,3,True,2,True,1,True,2,True,2,True,unrelated,secondary,unrelated,unrelated,unrelated,unrelated,unrelated
Strasbourg_1570,EVCLIDIS ELEMENTorum Liber primus,1570,Strasbourg,"GREEK, LATIN",Conrad Dasypodius,Konrad Dasypodius,Theoretical Mathematics,,,unrelated,unrelated,unrelated,unrelated,unrelated,unrelated,unrelated,unrelated,unrelated,unrelated,unrelated,unrelated,unrelated,unrelated,unrelated,unrelated,unrelated,unrelated,primary,unrelated,edita,,ΕΥΚΛΕΙΔΟΥ ΣΤΟΙΧΕΙΩΝ ΤΟ ΠΡΩΤΟΝ | EVCLIDIS ELEMENTorum Liber primus,ΗΡΩΝΟΣ ΑΛΕΞΑΝΔΡΕΩΣ ὀνόματα γεωμετρικά | HERONIS ALEXANDRIni vocabula geometrica,ΗΡΩΝΟΣ ΑΛΕΞΑΝΔΡΕΩΣ | HERONIS ALEXANDRIni,,M. D. LXX,,,,antehac nunquam edita,,Cunradum Dasypodium,ΗΡΩΝΟΣ ΑΛΕΞΑΝΔΡΕΩΣ | HERONIS ALEXANDRIni,ΕΥΚΛΕΙΔΟΥ ΣΤΟΙΧΕΙΩΝ ΤΟ ΠΡΩΤΟΝ | EVCLIDIS ELEMENTorum Liber primus,,Academiæ Argentinensis,ARGENTORATI,græcè | latinè,,Apud hæredes Christiani Mylij,ΕΥΚΛΕΙΔΟΥ | EVCLIDIS,True,False,True,True,True,False,True,False,False,False,True,False,True,True,True,False,True,True,True,False,True,True,3,True,4,True,3,True,2,True,1,True,3,True,unrelated,primary,unrelated,unrelated,unrelated,unrelated,unrelated
Strasbourg_1570a,,1570,Strasbourg,"GREEK, LATIN",Conrad Dasypodius,Christian Mehl,Astronomy | Music Theory | Perspective,,,unrelated,unrelated,primary,unrelated,unrelated,unrelated,unrelated,unrelated,unrelated,unrelated,unrelated,unrelated,unrelated,primary,unrelated,primary,unrelated,unrelated,unrelated,unrelated,,,ΕΥΚΛΕΙΔΟΥ ΠΡΟΤΑΣΕΙΣ Στοιχείων | EVCLIDIS Propositiones. Elementorum,Opticorum | Catoptricorum | Harmonicorum | Apparentiarum,Opticorum | Catoptricorum | Harmonicorum | Apparentiarum,,M. D. LXX,,,,,,Cunradum Dasypodium,,ΠΡΟΤΑΣΕΙΣ Στοιχείων | Propositiones. Elementorum,,,ARGENTORATI,,,Apud hæredes Christiani Mylij,ΕΥΚΛΕΙΔΟΥ | EVCLIDIS,False,False,True,True,True,False,True,False,False,False,False,False,True,False,True,False,False,True,False,False,True,True,3,True,2,True,0,False,2,True,0,False,3,True,unrelated,unrelated,primary,unrelated,primary,unrelated,primary
Strasbourg_1571,,1571,Strasbourg,LATIN,Conrad Dasypodius,,Theoretical Mathematics,,,unrelated,unrelated,unrelated,unrelated,unrelated,unrelated,unrelated,unrelated,unrelated,unrelated,unrelated,unrelated,unrelated,unrelated,unrelated,unrelated,unrelated,unrelated,primary,unrelated,edita,,EVCLIDIS ELEMENTORVM Liber primus,HERONIS ALEXANDRINI vocabula quædam geometrica,HERONIS ALEXANDRINI,,1571,,,,,M,Cunradum Dasypodium,,EVCLIDIS ELEMENTORVM Liber primus,,,ARGENTINAE,græcè | latinè,,,EVCLIDIS,True,False,True,True,True,False,True,False,False,False,False,True,True,False,True,False,False,True,True,False,False,True,3,True,3,True,2,True,2,True,0,False,2,True,unrelated,primary,unrelated,unrelated,unrelated,unrelated,unrelated
Strasbourg_1571a,,1571,Strasbourg,LATIN,Conrad Dasypodius,,Theoretical Mathematics,Astronomy | Music Theory,,unrelated,unrelated,secondary,unrelated,unrelated,unrelated,unrelated,unrelated,unrelated,unrelated,unrelated,unrelated,unrelated,secondary,unrelated,unrelated,unrelated,unrelated,primary,unrelated,editæ,,EVCLIDIS OMNES OMNIVM LIBRORVM PROPOSITIOnes,,,,1571,,,,editæ per M. Cunradum Dasypodium,,M. Cunradum Dasypodium,,EVCLIDIS OMNES OMNIVM LIBRORVM PROPOSITIOnes,,,ARGENTINAE,græcè | latinè,,,EVCLIDIS,True,False,True,False,False,False,True,False,False,False,True,False,True,False,True,False,False,True,True,False,False,True,3,True,2,True,3,True,0,False,0,False,2,True,unrelated,primary,unrelated,unrelated,secondary,unrelated,secondary
Strasbourg_1572,,1572,Strasbourg,LATIN,Conrad Dasypodius,Christian Mehl,Astronomy | Theoretical Mathematics,,,unrelated,unrelated,primary,unrelated,unrelated,unrelated,unrelated,unrelated,unrelated,unrelated,unrelated,unrelated,unrelated,unrelated,unrelated,unrelated,unrelated,unrelated,primary,unrelated,editæ,,SPHAERICAE DOCTRINÆ PROPOSITIONES GRÆCÆ ET LATInæ,,,,M. D. LXXII,,,,nunc primùm,,M. Cunradum Dasypodium,,,,,,GRÆCÆ | LATInæ,,Christianus Mylius,,True,False,True,False,False,False,True,False,False,False,True,False,True,False,False,False,False,False,True,False,True,False,1,True,1,True,3,True,0,False,0,False,2,True,unrelated,primary,unrelated,unrelated,primary,unrelated,unrelated
Strasbourg_1599,,1599,Strasbourg,LATIN,Conrad Dasypodius (?),Rihelij,Theoretical Mathematics,,,unrelated,unrelated,unrelated,unrelated,unrelated,unrelated,unrelated,unrelated,unrelated,unrelated,unrelated,unrelated,unrelated,unrelated,unrelated,unrelated,unrelated,unrelated,primary,unrelated,,,ΕΥΚΛΕΙΔΟΥ ΣΤΟΙΧΕΙΩΝ ΠΡΩΤΟΝ | EVCLIDIS ELE- MENTVM primum,,,,1599,ACADEMIA ARgentinensi,,,,,,,EVCLIDIS ELE- MENTVM primum,,ACADEMIA ARgentinensi,ARGENTORATI,,,IOsiæ Rihelij | Andream Rietschium,ΕΥΚΛΕΙΔΟΥ | EVCLIDIS,False,False,True,False,False,False,True,True,False,False,False,False,False,False,True,False,True,True,False,False,True,True,3,True,3,True,0,False,0,False,2,True,3,True,unrelated,primary,unrelated,unrelated,unrelated,unrelated,unrelated
Strasbourg_1625,,1625,Strasbourg,LATIN,Joseph Langi,,Arithmetic | Astronomy | Geography,,,unrelated,primary,primary,unrelated,unrelated,unrelated,unrelated,primary,unrelated,unrelated,unrelated,unrelated,unrelated,unrelated,unrelated,unrelated,unrelated,unrelated,unrelated,unrelated,collecta | digesta | aucta | explicata | declarata | illustrata,,Elementa,ARITHMETICAE VULGARIS | LOGISTICAE ASTRONOMICAE | GEOMETRIAE | ASTRONOMIAE SPHARICAE | THEORICAE PLANETARUM | GEOGRAPHIAE,ARITHMETICAE VULGARIS | LOGISTICAE ASTRONOMICAE | GEOMETRIAE | ASTRONOMIAE SPHARICAE | THEORICAE PLANETARUM | GEOGRAPHIAE,,M.DC.XXV,,,,Nunc verò plurimis additionibus aucta,"ARGENTINENSIS, Phil. & Med. Doct",ISAACI HABRECHTI,JOSEPHI LANGII CAESAREMONTANI,ELEMENTALE MATHEMATICUM,plurimis additionibus aucta | notis explicata | exemplis declarata | figuris illustrata,,ARGENTORATI,,,Sumptibus Haeredum Lazari Zetzneri,,True,False,True,True,True,False,True,False,False,False,True,True,True,True,True,True,False,True,False,False,True,False,2,True,3,True,2,True,3,True,0,False,3,True,primary,unrelated,unrelated,unrelated,primary,unrelated,unrelated
T4DFPF,Euclidis megarensis mathematici clarissimi Elementorum geometricorum libri XV ,1558,Basel,LATIN,Marinus Neapolitanus,"Johannes Herwagen, Bernhard Brand",Theoretical Mathematics,Astronomy,,unrelated,unrelated,secondary,unrelated,unrelated,unrelated,unrelated,unrelated,unrelated,unrelated,unrelated,unrelated,unrelated,unrelated,unrelated,unrelated,unrelated,unrelated,primary,unrelated,donata,,Elementorum geometricorum libri XV,expositione Theonis | Phaenomena Catoptrica | Optica | Protheoria Marini | Data | Opusculum de Leui & Ponderoso,Theonis | Phaenomena Catoptrica | Optica | Protheoria Marini | Data | Opusculum de Leui & Ponderoso,,MDLVIII,,megarensis mathematici clarissimi,latinitate,,Veneto,Bartholomaeo Zamberto,Theonis | Campani | Hypsiclis Alexandrini | Marini | Leui,Elementorum geometricorum libri XV,,,Basile ae,,,"Ioannem Hermagium, & Bernhardum Brand",Euclidis,True,False,True,True,True,False,True,False,True,True,False,True,True,True,True,False,False,True,False,False,True,True,4,True,5,True,2,True,2,True,0,False,3,True,unrelated,primary,unrelated,unrelated,secondary,unrelated,unrelated
TDJC06,Opera Mathematica: V. Tomis distributa,1612,Mainz,LATIN,Christopher Clavius,"Johann Volmar, Johann Albin",,,,unrelated,unrelated,unrelated,unrelated,unrelated,unrelated,unrelated,unrelated,unrelated,unrelated,unrelated,unrelated,unrelated,unrelated,unrelated,unrelated,unrelated,unrelated,unrelated,unrelated,,,,,,,,,,,,,,,,,,,,,,,False,False,False,False,False,False,False,False,False,False,False,False,False,False,False,False,False,False,False,False,False,False,0,False,0,False,0,False,0,False,0,False,0,False,unrelated,unrelated,unrelated,unrelated,unrelated,unrelated,unrelated
TJONV6,L'arithmetique ,1585,Paris,FRENCH,"Gemma Frisius, Lucas Tremblay, Pierre Forcadel","Guillaume Cavellat, Charles Roger, Jérôme de Marnef",Arithmetic,,,unrelated,primary,unrelated,unrelated,unrelated,unrelated,unrelated,unrelated,unrelated,unrelated,unrelated,unrelated,unrelated,unrelated,unrelated,unrelated,unrelated,unrelated,unrelated,unrelated,Traduite en François | illustree de Commentaires | contenans plu- sieurs inuentions nouuelles dudit FORCADEL | Augmentee en ceste derniere Edition,,L'ARITHMETIQVE DE GEMME PHRISON,,,,M. D. LXXXV,,,en François,Augmentee en ceste derniere Edition,Professeur és Mathematiques,Pierre Forcadel de Be- ziers,,,Commentaires | plusieurs inuentions nouuelles dudit FORCADEL | Commentaires sur les reigles des Fractions,,PARIS,,,Chez Hierosme de MARNEF | la veufue GVILLAVME CAVELLAT au mont S. Hilaire à l'enseigne du Pelican,,True,False,True,False,False,False,True,False,False,True,True,True,True,False,False,True,False,True,False,False,True,False,1,True,2,True,3,True,1,True,0,False,3,True,primary,unrelated,unrelated,unrelated,unrelated,unrelated,unrelated
TMVVZN,"Trattato dell'arte de la pittura, di Giovanni Paolo Lomazzo milanese pittore. Diviso in sette libri. Ne' quali si contiene tutta la theorica, & la prattica d'essa pittura",1584,Milan,ITALIAN,Giovanni Paolo Lomazzo,Paolo Gottardo Da Ponte,,,Practical Geometry,unrelated,unrelated,unrelated,unrelated,unrelated,unrelated,unrelated,unrelated,unrelated,unrelated,unrelated,unrelated,unrelated,unrelated,unrelated,unrelated,unknown,unrelated,unrelated,unrelated,Diuiso,,TRATTATO DELL'ARTE DE LA PITTVRA,,,"tutta la Theorica, & la prattica d'essa pittura",1584,,,,,MILANESE PITTORE,GIO. PAOLO LOMAZZO,,,,,MILANO,,CON PRIVILEGIO,Paolo Gottardo Pontio,,True,False,True,False,False,True,True,False,False,False,False,True,True,False,False,False,False,True,False,True,True,False,1,True,2,True,1,True,0,False,0,False,4,True,unrelated,unknown,unrelated,unrelated,unrelated,unrelated,unrelated
TTORPR,Elementale geometricum ex Euclidis geometria,1528,Vienna,LATIN,"Johannes Vögelin, Johann Alexander Brassicanus",Johann Singriener,,,,unrelated,unrelated,unrelated,unrelated,unrelated,unrelated,unrelated,unrelated,unrelated,unrelated,unrelated,unrelated,unrelated,unrelated,unrelated,unrelated,unrelated,unrelated,unrelated,unrelated,decerp- tum | Continet,ad omnium Mathemati- ces candidatorum,"ELEMENTA- LE GEOMETRICVM, EX EV- clidis Geometria",,,,M. D. XXVIII,,,,,Haylpronnẽsi Colle- ga ciuilis collegij Viennẽsis,IOHANNE Voegelin,,"ELEMENTA- LE GEOMETRICVM, EX EV- clidis Geometria",,collegij Viennẽsis,ædibus Ioannis Singrenij,,,,EV- clidis,True,True,True,False,False,False,True,False,False,False,False,True,True,False,True,False,True,True,False,False,False,True,3,True,4,True,1,True,0,False,2,True,2,True,unrelated,unrelated,unrelated,unrelated,unrelated,unrelated,unrelated
The_Hague_1690,,1690,The Hague,FRENCH,Jacques Rohault,Henry van Bulderen,,,,unrelated,unrelated,unrelated,unrelated,unrelated,unrelated,unrelated,unrelated,unrelated,unrelated,unrelated,unrelated,unrelated,unrelated,unrelated,unrelated,unrelated,unrelated,unrelated,unrelated,Suivant,,,,,,M. DC. XC,,,,Suivant la Copie de Paris,,Mr. ROHAULT,,,,,"A LA HAYE, Chez HENRY van BULDEREN, Marc-hand Libraire, dans le Pooten, à l’Enseigne de MEZERAY",,,"Chez HENRY van BULDEREN, Marc-hand Libraire",,True,False,False,False,False,False,True,False,False,False,True,False,True,False,False,False,False,True,False,False,True,False,0,False,1,True,2,True,0,False,0,False,3,True,unrelated,unrelated,unrelated,unrelated,unrelated,unrelated,unrelated
The_Hague_1758,Elemens de geometrie contenant les six premiers livres d’Euclide,1758,The Hague,FRENCH,"A. Kuypers, Johann Samuel König",Henri Scheurleer,Theoretical Mathematics,,,unrelated,unrelated,unrelated,unrelated,unrelated,unrelated,unrelated,unrelated,unrelated,unrelated,unrelated,unrelated,unrelated,unrelated,unrelated,unrelated,unrelated,unrelated,primary,unrelated,Mis dans un Nouvel ordre | Revus,Jeunesse,LES SIX PREMIERS LIVRES D’EUCLIDE,,,,M. D. CC. LVIII,,,,Mis dans un Nouvel ordre | Revus,,A. KUYPERS,Le Professeur KOENIG,ELEMENS DE   GEOMETRIE,,,A LA HAYE,,,"Chez HENRI SCHEURLEER, F.Z",D’EUCLIDE,True,True,True,False,False,False,True,False,False,False,True,False,True,True,True,False,False,True,False,False,True,True,3,True,3,True,2,True,0,False,1,True,3,True,unrelated,primary,unrelated,unrelated,unrelated,unrelated,unrelated
Tours_1593,,1593,Tours,LATIN,François Viète,Jamet Mettayer,Theoretical Mathematics,,,unrelated,unrelated,unrelated,unrelated,unrelated,unrelated,unrelated,unrelated,unrelated,unrelated,unrelated,unrelated,unrelated,unrelated,unrelated,unrelated,unrelated,unrelated,primary,unrelated,,Ad usum Mathematici Canonis Methodica,,,,,1593,,,,,,,,,,,Turonis,,,Apud Iamettum Mettayer | Typographum Regium,,False,True,False,False,False,False,True,False,False,False,False,False,False,False,False,False,False,True,False,False,True,False,0,False,0,False,0,False,0,False,1,True,3,True,unrelated,primary,unrelated,unrelated,unrelated,unrelated,unrelated
Turin_1671,,1671,Turin,LATIN,Guarino Guarini,,Theoretical Mathematics,,,unrelated,unrelated,unrelated,unrelated,unrelated,unrelated,unrelated,unrelated,unrelated,unrelated,unrelated,unrelated,unrelated,unrelated,unrelated,unrelated,unrelated,unrelated,primary,unrelated,ADAVCTVS,,EVCLIDES ADAVCTVS ET METHODICVS MATHEMATICAE UNIVERSALIS,,,"Quae ne dum propositionum dependentiam, sed & rerum ordinem observat. Et complectitur ea omnia, quae de quantitate tum discreta, tum continua abstracta speculari queunt. Rescissis superfluis demonstrationibus, & requisitis omnibus profusè coadunatis",M. DC. LXXI,"CAROLO EMANVELI II. SABAVDIAE DVCI PEDEMONTIVM PRINCIPI REGI CYPRI, &c",,,ADAVCTVS ET METHODICVS,"MVTINENSI C. R. THÉATINO | Philosofo, Theologo & eiusdem R. C. Mathematico",D. GVARINO GVARINO,,EVCLIDES,"Singuli quoque Tractatus novis propositionibus aucti sunt | aliqui etiam ex integro adornati | Omnesque tum figuris, tum verbis clare, dulciloquèque propositi",,,,,Bartholomaei Zapatae Bibliopolae S. R. C,EVCLIDES,True,False,True,False,False,True,True,True,False,False,True,True,True,False,True,True,False,False,False,False,True,True,3,True,4,True,2,True,1,True,1,True,2,True,unrelated,primary,unrelated,unrelated,unrelated,unrelated,unrelated
UEIZFO,Arithmetique entiere et abregee ,1565,Paris,FRENCH,Pierre Forcadel,Charles Périer,Arithmetic,,,unrelated,primary,unrelated,unrelated,unrelated,unrelated,unrelated,unrelated,unrelated,unrelated,unrelated,unrelated,unrelated,unrelated,unrelated,unrelated,unrelated,unrelated,unrelated,unrelated,ABREGEE,,ARITHMETIQVE,,,,1565,,,,ENTIERE ET ABREGEE,LECTEVR DV ROY ES MATHEMATIQVES,PIERRE FORCADEL,,,,,"PARIS | rue S.Iean de Beauuais, au Bellerophon",,,Charles Perier,,True,False,True,False,False,False,True,False,False,False,True,True,True,False,False,False,False,True,False,False,True,False,1,True,2,True,2,True,0,False,0,False,3,True,primary,unrelated,unrelated,unrelated,unrelated,unrelated,unrelated
UOH868,Perspectiva literaria. Das ist ein clerliche fuerreyssung wie man alle buchstaben des gantzen alphabets antiquitetischer oder roemischer schrifften auff mancherley art und stellung durch sondere kunstliche behende weys und weg so bißhero nit ans liecht kommen in die perspectif einer flachen ebnen bringen mag,1567,Nuremberg,GERMAN,Hans Lencker,Ulrich Neuber,Perspective,,,unrelated,unrelated,unrelated,unrelated,unrelated,unrelated,unrelated,unrelated,unrelated,unrelated,unrelated,unrelated,unrelated,unrelated,unrelated,primary,unrelated,unrelated,unrelated,unrelated,,,,,,,,,,,,,,,,,,,,,,,False,False,False,False,False,False,False,False,False,False,False,False,False,False,False,False,False,False,False,False,False,False,0,False,0,False,0,False,0,False,0,False,0,False,unrelated,unrelated,primary,unrelated,unrelated,unrelated,unrelated
UQI2BV,"Elementa Geometrica : In Usum Geometriae Studiosorum ex variis Authoribus collecta , Per M. Eberhardum Welperum, Philo-Geometram : Cum Figuris [et] Schematismis, in 32. tabulis aeneis diligenter elaboratis, ob oculos positis",1620,Strasbourg,LATIN,Eberhard Welper,"Eberhard Welper, Jakob von der Heyden, Hollandus Findler, Johann Repp",Theoretical Mathematics,,,unrelated,unrelated,unrelated,unrelated,unrelated,unrelated,unrelated,unrelated,unrelated,unrelated,unrelated,unrelated,unrelated,unrelated,unrelated,unrelated,unrelated,unrelated,primary,unrelated,collecta | elaboratis,,ELEMENTA GEOMETRICA,,,IN VSVM GEOMETRIÆ | Studiosorum ex varijs Authoribus collecta,M. DC. XX,,,,,Philo-Geometram,M. EBERHARDUM WELPERUM,,ELEMENTA GEOMETRICA,"Cum Figuris & Schematismis, in 32. tabulis æneis diligen- ter elaboratis, ob oculos positis",,ARGENTORATI,,,"JOHANNES REPPIVS | Jacobum ab Heyden, Chal- cograph. & Hollandum Findlerum, Bibl",,True,False,True,False,False,True,True,False,False,False,False,True,True,False,True,True,False,True,False,False,True,False,2,True,2,True,1,True,1,True,0,False,3,True,unrelated,primary,unrelated,unrelated,unrelated,unrelated,unrelated
UX662Y,"Optica, das ist Gründtliche doch Kurtze Anzeigung Wie nothwendig die Löbliche Kunst der Geometriae seye inn der Perspectiv : Sambt einem Nutzlichen Extract dreyerley Sorten und Wege darauff die Perspectiva zuverstehen und zugebrauchen ; Neben rühmlicher e",1616,Augsburg,GERMAN,Paul Pfinzing,"Stephan Michelspacher, David Franck",Perspective,Practical Geometry,,unrelated,unrelated,unrelated,unrelated,unrelated,unrelated,unrelated,unrelated,unrelated,unrelated,unrelated,unrelated,unrelated,unrelated,unrelated,primary,secondary,unrelated,unrelated,unrelated,Getruckt,B: P: Burgern zu Nürm- berg | Liebhabern | Bawmeistern | Malern | Bildhaw- ern | Stainmetzen | Schreinern | Zimmerleuthen | anderer dergleichen Künst,,,,,,Ehrnvösten B: P: Burgern zu Nürm- berg,,,,,,Vitruvij | Alberti | Düreri | Laurentij Sirigatti,,Sambt einem Nutzlichen Extract dreyerley Sorten vnd Wege,,,,,,,True,True,False,False,False,False,False,True,False,False,False,False,False,True,False,True,False,False,False,False,False,False,0,False,2,True,1,True,1,True,2,True,0,False,unrelated,secondary,primary,unrelated,unrelated,unrelated,unrelated
Uppsala_1642,In geometriam Euclidis demonstrationum libri sex,1642,Uppsala,LATIN,Martinus Erici Gestrinius,Eschillus Matthiae,Theoretical Mathematics,,,unrelated,unrelated,unrelated,unrelated,unrelated,unrelated,unrelated,unrelated,unrelated,unrelated,unrelated,unrelated,unrelated,unrelated,unrelated,unrelated,unrelated,unrelated,primary,unrelated,,,IN GEOMETRIAM EUCLIDIS Demonstrationum LIBRI SEX,,,"In quibus GEOMETRIA planorum traditur, & brevibus NOTIS perspicuè explicatur",cIɔ. Iɔc. xxxii,,,,,,MARTINI E. GESTRINII,,IN GEOMETRIAM EUCLIDIS Demonstrationum LIBRI SEX,,,UPSALIÆ,,,"Eschillus Matthiæ, Academiæ Typog",EUCLIDIS,False,False,True,False,False,True,True,False,False,False,False,False,True,False,True,False,False,True,False,False,True,True,3,True,2,True,0,False,0,False,0,False,3,True,unrelated,primary,unrelated,unrelated,unrelated,unrelated,unrelated
Uppsala_1741,Euclidis elementorum libri sex priores una cum undecimo et duodecimo,1741,Uppsala,LATIN,Samuel Klingenstierna,Höjer,Theoretical Mathematics,,,unrelated,unrelated,unrelated,unrelated,unrelated,unrelated,unrelated,unrelated,unrelated,unrelated,unrelated,unrelated,unrelated,unrelated,unrelated,unrelated,unrelated,unrelated,primary,unrelated,,,EUCLIDIS ELEMENTORUM   LIBRI SEX PRIORES,,,,,,,,,,,,EUCLIDIS ELEMENTORUM   LIBRI SEX PRIORES,,,UPSALIÆ,,,Typis Viduæ b. Höjer,EUCLIDIS,False,False,True,False,False,False,False,False,False,False,False,False,False,False,True,False,False,True,False,False,True,True,3,True,1,True,0,False,0,False,0,False,2,True,unrelated,primary,unrelated,unrelated,unrelated,unrelated,unrelated
Uppsala_1744,"Euclidis Elementa eller Grundeliga inledning til geometrien, til riksens ungdoms tienst på swenska språket utgifwen",1744,Uppsala,SWEDISH,Mårten Strömer,Gottfried Kiesewetter,Theoretical Mathematics,,,unrelated,unrelated,unrelated,unrelated,unrelated,unrelated,unrelated,unrelated,unrelated,unrelated,unrelated,unrelated,unrelated,unrelated,unrelated,unrelated,unrelated,unrelated,primary,unrelated,,Rikßens Ungdoms,EUCLIDIS ELEMENTA,,,GRUNDELIGA INLEDNING til GEOMETRIEN,1744,,,Swenßka Språ-  ket,,Philosophiæ Adjunct wid Kongl. Academien i Upsåla och Ledamot af Kongl. Wetenskaps Academien i Stockholm,MÅRTEN STRÖMER,,EUCLIDIS ELEMENTA,,Kongl. Academien i Upsåla | Kongl. Wetenskaps Academien i Stockholm,UPSALA,,Kongl. Maj:ts allernådigste Privilegio,GOTTFRIED KIESEWETTERS Boklåda,EUCLIDIS,False,True,True,False,False,True,True,False,False,True,False,True,True,False,True,False,True,True,False,True,True,True,3,True,4,True,1,True,0,False,2,True,4,True,unrelated,primary,unrelated,unrelated,unrelated,unrelated,unrelated
Urbino_1575,De gli elementi d’Euclide libri quindici con gli scolii antichi,1575,Urbino,ITALIAN,"Federico Commandino, Valerio Spacciuoli",Domenico Frisolino,Theoretical Mathematics,,,unrelated,unrelated,unrelated,unrelated,unrelated,unrelated,unrelated,unrelated,unrelated,unrelated,unrelated,unrelated,unrelated,unrelated,unrelated,unrelated,unrelated,unrelated,primary,unrelated,Volgarizzati | reuisti | ristampati | illustrati | TRADOTTI | illustrati | TRASPORTATI | riueduti,,DE GLI ELEMENTI D’EVCLIDE LIBRI QVINDICI,GLI SCHOLII ANTICHI,GLI SCHOLII ANTICHI,CON GLI SCHOLII ANTICHI,MDCXIX | M. D. LXXV,SERENISSIMO DON FEDERIGO FELTRIO DELLA ROVERE PRENCIPE D’VRBINO,,LATINA,"Volgarizzati già d’ordine del famosissimo Matematico FEDERIGO COMMANDINO DA VRBINO | con diligenza reuisti, e ristampati",famosissimo Matematico | M,FEDERIGO COMMANDINO DA VRBINO | FEDERICO COMMANDINO DA VRBINO,,DE GLI ELEMENTI D’EVCLIDE LIBRI QVINDICI,Commentarij illustrati | con Commentarij illustrati | ET HORA D’ORDINE DELL’ISTESSO TRASPORTATI NELLA NOSTRA VVLGAre,,"PESARO | JN VRBINO, APPRESSO DOMENICO FRISOLINO",,,Appresso Flaminio Concordia,EVCLIDE,True,False,True,True,True,True,True,True,False,True,True,True,True,False,True,True,False,True,False,False,True,True,3,True,4,True,3,True,3,True,1,True,3,True,unrelated,primary,unrelated,unrelated,unrelated,unrelated,unrelated
Utrecht_n.d,De vijfthien boecken Euclides,,Utrecht,DUTCH,Nienrode,,Arithmetic | Theoretical Mathematics,,,unrelated,primary,unrelated,unrelated,unrelated,unrelated,unrelated,unrelated,unrelated,unrelated,unrelated,unrelated,unrelated,unrelated,unrelated,unrelated,unrelated,unrelated,primary,unrelated,over- geset | verciert | ghegheven,,EVCLIDES,"MITSGADERS. Het Fondament der Surdische, ende Binomische getallen, alles een- voudelijck tot dienst vanden leer- samen int licht ghegheven",MITSGADERS,met schoo- ne verclaringen ende leringen van de outste naturalisten ende con- flige Schrijvers,,,,nederduyts,,Liefhebber der Mathematica,C. V. N,,EVCLIDES,met schoo- ne verclaringen ende leringen,,TOT UYTRECHT,Latijnsche,,"Door den Autheur, woonende in’t Schoonhuys",EVCLIDES,True,False,True,True,True,True,False,False,False,True,False,True,True,False,True,True,False,True,True,False,True,True,3,True,3,True,3,True,3,True,0,False,2,True,primary,primary,unrelated,unrelated,unrelated,unrelated,unrelated
V3JZK3,"Unnderweissung der proportzion unnd stellung der possen, liegent unnd stehend ab gestolen wie man das vor augen sicht in dem puchlein fur die jungenu geselenn unnd jungen zu unntherrichtung die zu der kunst lieb thragenn und in denn truck gepracht.1538.",1538,Nuremberg,GERMAN,Erhard Schön,Christoph Zell,,,,unrelated,unrelated,unrelated,unrelated,unrelated,unrelated,unrelated,unrelated,unrelated,unrelated,unrelated,unrelated,unrelated,unrelated,unrelated,unrelated,unrelated,unrelated,unrelated,unrelated,,,,,,,,,,,,,,,,,,,,,,,False,False,False,False,False,False,False,False,False,False,False,False,False,False,False,False,False,False,False,False,False,False,0,False,0,False,0,False,0,False,0,False,0,False,unrelated,unrelated,unrelated,unrelated,unrelated,unrelated,unrelated
VQDBOK,"Examen du livre des Recreations mathematiques [with the text] et de ses problémes en geometric, mechanique, optique, & catoptrique Par C. Mydorge. (La Seconde (-Troisiesme) partie des Recreations mathematiques, etc.-Nottes sur les Recreations mathema",1638,Paris,FRENCH,Claude Mydorge,Rolet Boutonné,Mechanics | Theoretical Mathematics,,Practical Geometry,unrelated,unrelated,unrelated,unrelated,unrelated,unrelated,unrelated,unrelated,unrelated,unrelated,unrelated,primary,unrelated,unrelated,unrelated,unrelated,unknown,unrelated,primary,unrelated,,,,,,,,,,,,,,,,,,,,,,,False,False,False,False,False,False,False,False,False,False,False,False,False,False,False,False,False,False,False,False,False,False,0,False,0,False,0,False,0,False,0,False,0,False,unrelated,primary,unrelated,unrelated,unrelated,primary,unrelated
VRHOHN,Œuvres de Philibert de l’Orme,1626,Paris,FRENCH,Philibert de l'Orme,Regnauld Chaudiere,Architecture,Construction | Instrument Use | Practical Geometry,,primary,unrelated,unrelated,unrelated,unrelated,secondary,unrelated,unrelated,unrelated,unrelated,secondary,unrelated,unrelated,unrelated,unrelated,unrelated,secondary,unrelated,unrelated,unrelated,augmentée,"tous Architectes, & Maistres",Architecture,,,"OEUVRE ENTIERE CONTENANT ONZE LIVRES, augmentée de deux, & autres figures non encores veuës, tant pour desseins qu'ornemens de maisons",DC. XXVI,AV ROY,,,,"CONSEILLER ET AVMOSNIER ORDINAIRE DV ROY, ET ABBÉ DE sainct Serge lez Angers",PHILIBERT DE L'ORME,,,"augmentée de deux, & autres figures non encores veuës | AVEC VNE BELLE INVENTION POUR BIEN bastir, & à petits frais",sainct Serge,"PARIS | ruë sainct Iacques, à l'Escu de Florence",,,REGNAULD CHAUDIERE,,True,True,True,False,False,True,True,True,False,False,False,True,True,False,False,True,True,True,False,False,True,False,1,True,4,True,1,True,1,True,3,True,3,True,unrelated,secondary,primary,secondary,unrelated,unrelated,unrelated
VT5JVX,La prospettiva pratica,1645,Venice,ITALIAN,Bernardino Contino,,Perspective,,,unrelated,unrelated,unrelated,unrelated,unrelated,unrelated,unrelated,unrelated,unrelated,unrelated,unrelated,unrelated,unrelated,unrelated,unrelated,primary,unrelated,unrelated,unrelated,unrelated,,,,,,,MD C XXXXV,SER.MO FERDINANDO MEDICI GRAN DVCA DI TOSCANA et Card,,,,,BERNARDINO CONTINO,,,,,VENETIA,,,,,False,False,False,False,False,False,True,True,False,False,False,False,True,False,False,False,False,True,False,False,False,False,0,False,2,True,0,False,0,False,1,True,2,True,unrelated,unrelated,primary,unrelated,unrelated,unrelated,unrelated
VWMZ7L,"De arithmetica, musica, geometria et Proclus de sphaera",1557,Paris,LATIN,Elie Vinet,Guillaume Cavellat,Arithmetic | Astronomy | Music Theory | Theoretical Mathematics,,Practical Geometry,unrelated,primary,primary,unrelated,unrelated,unrelated,unrelated,unrelated,unrelated,unrelated,unrelated,unrelated,unrelated,primary,unrelated,unrelated,unknown,unrelated,primary,unrelated,,,,Proclus de Sphæra,Proclus de Sphæra,,1557,,,,,Santone interprete,Elia Vineto,,,,,"PARISIIS | Apud Gvilielmum Cauellat, in pingui gallina, ex aduerso collegij Cameracensis",,,Apud Gvilielmum Cauellat,,False,False,False,True,True,False,True,False,False,False,False,True,True,False,False,False,False,True,False,False,True,False,0,False,2,True,0,False,2,True,0,False,3,True,primary,primary,unrelated,unrelated,primary,unrelated,primary
Valencia_1569,Elementa Arithmeticae ac Geometriae,1569,Valencia,LATIN,Pedro Monçón,,Theoretical Mathematics,,,unrelated,unrelated,unrelated,unrelated,unrelated,unrelated,unrelated,unrelated,unrelated,unrelated,unrelated,unrelated,unrelated,unrelated,unrelated,unrelated,unrelated,unrelated,primary,unrelated,,AD disciplinas omnes,"ELEMENTA Arithmeticæ, ac GEOMETRIÆ",,,"Aristoteleam praesertim Dialecticam, ac Philosophiam apprime necessaria",1569,,,,,auctor,Petro Monçono Valentino,,"ELEMENTA Arithmeticæ, ac GEOMETRIÆ",,,VALENTIAE | platea herbaria,,,Petri à Huete,Euclide,False,True,True,False,False,True,True,False,False,False,False,True,True,False,True,False,False,True,False,False,True,True,3,True,3,True,0,False,0,False,1,True,3,True,unrelated,primary,unrelated,unrelated,unrelated,unrelated,unrelated
Valencia_1673,,1673,Valencia,LATIN,José Zaragoza,,Theoretical Mathematics,,,unrelated,unrelated,unrelated,unrelated,unrelated,unrelated,unrelated,unrelated,unrelated,unrelated,unrelated,unrelated,unrelated,unrelated,unrelated,unrelated,unrelated,unrelated,primary,unrelated,ILLVSTRATVS,,EVCLIDES,,,"NOVO-ANTIQUVS SINGVLARI METHOD O, ILLVSTRATVS",M.DC.LXXIII,D. DIDACVM DE LA TORRE,,,SECVNDA EDITIO,R. P | E SOCIETATE IESV,IOSEPHO ZARAGOZA,,EVCLIDES,ILLVSTRATVS,Suprema Hispaniarum Inquisitione | Collegijs Balearico | Barcinonensi | Valentino Scholasticæ Theologiæ | Matritensi Academiæ Imperialis,,,,Apud Hieronymum Villagrasa,EVCLIDES,True,False,True,False,False,True,True,True,False,False,True,True,True,False,True,True,True,False,False,False,True,True,3,True,5,True,2,True,1,True,2,True,2,True,unrelated,primary,unrelated,unrelated,unrelated,unrelated,unrelated
Venice_1482,"Preclarissimus liber elementorum Euclidis perspicacissimi, in artem geometrie incipit quam foelicissime",1482,Venice,LATIN,Erhard Ratdolt,Erhard Ratdolt,Theoretical Mathematics,,,unrelated,unrelated,unrelated,unrelated,unrelated,unrelated,unrelated,unrelated,unrelated,unrelated,unrelated,unrelated,unrelated,unrelated,unrelated,unrelated,unrelated,unrelated,primary,unrelated,,,Elementorum Euclidis megarensis,,,in artem geometrie incipit,V/I.cccc.lxxxii,,Euclidis megarensis,,,,,,Elementorum Euclidis megarensis,,,venetiis,,,Erbardus ratdolt Augustensis,Euclidis,False,False,True,False,False,True,True,False,True,False,False,False,False,False,True,False,False,True,False,False,True,True,4,True,2,True,0,False,0,False,0,False,3,True,unrelated,primary,unrelated,unrelated,unrelated,unrelated,unrelated
Venice_1491,Opera,1491,Venice,LATIN,,Giovanni and Gregorio De Gregori,,,Practical Geometry,unrelated,unrelated,unrelated,unrelated,unrelated,unrelated,unrelated,unrelated,unrelated,unrelated,unrelated,unrelated,unrelated,unrelated,unrelated,unrelated,unknown,unrelated,unrelated,unrelated,,,,,,,,,,,,,,,,,,,,,,,False,False,False,False,False,False,False,False,False,False,False,False,False,False,False,False,False,False,False,False,False,False,0,False,0,False,0,False,0,False,0,False,0,False,unrelated,unknown,unrelated,unrelated,unrelated,unrelated,unrelated
Venice_1498,,1498,Venice,LATIN,Giorgio Valla,,Theoretical Mathematics,,,unrelated,unrelated,unrelated,unrelated,unrelated,unrelated,unrelated,unrelated,unrelated,unrelated,unrelated,unrelated,unrelated,unrelated,unrelated,unrelated,unrelated,unrelated,primary,unrelated,Interprete,,Euclidis quartus decimus elementorum,Nicephori logica | Georgij valle libellus de argumentis,Nicephori logica | Georgij valle libellus de argumentis,,,,,,,,Georgio Valla Placentino,Nicephori | Hypsiclis,Euclidis quartus decimus elementorum,Hypsiclis interpretatio,,,,,,Euclidis | euclidis,True,False,True,True,True,False,False,False,False,False,False,False,True,True,True,True,False,False,False,False,False,True,3,True,3,True,1,True,3,True,0,False,0,False,unrelated,primary,unrelated,unrelated,unrelated,unrelated,unrelated
Venice_1498a,,1498,Venice,LATIN,Giorgio Valla,Simon Papiensem,Theoretical Mathematics,Astronomy | Instrument Use | Music Theory,,unrelated,unrelated,secondary,unrelated,unrelated,unrelated,unrelated,unrelated,unrelated,unrelated,secondary,unrelated,unrelated,secondary,unrelated,unrelated,unrelated,unrelated,primary,unrelated,,,Euclidis quartus decimus elementorum,Nicephori logica | Georgii Valle libellus de argumentis | Hypothesis interpretatio eiusdem libri Euclidis | Nicephorus de astrolabio | Proclus de astrolabio | Aristarchi Sami de magnitudinibus et distantijs solis et lune | Timeus de mundo | Cleonidis musica | Eusebii Pamphili de quibusdam theologicis ambiguitatibus | Cleomedes de mundo | Athenagorae philosophi de resurrectione | Aristotelis de celo | Aristotelis magna ethica | Aristotelis ars poetica | Rhazes de pestilentia | Galenus de inaequali intemperantia | Galenus de bono corporis habitu | Galenus de confirmatione corporis humani | Galenus de pestigura | Galenus de pestagio | Zalchi introductiorium | Galenus de succidanéis | Alexander Aphrodiseus de causis ebriorum | Platus de victu humano,logica | libellus de argumentis | Hypothesis | astrolabio | magnitudinibus et distantijs solis et lune | mundo | musica | theologicis ambiguitatibus | resurrectione | celo | magna ethica | ars poetica | pestilentia | inaequali intemperantia | bono corporis habitu | confirmatione corporis humani | pestigura | pestagio | introductiorium | succidanéis | causis ebriorum | victu humano,,,,,,,Interprete,Georgio Valla Placentino,Nicephorus | Georgii Valle | Proclus | Aristarchi Sami | Timeus | Cleonidis | Eusebii Pamphili | Cleomedes | Athenagorae philosophi | Aristotelis | Rhazes | Galenus | Zalchi | Alexander Aphrodiseus | Platus,,,,,,,,Euclidis,False,False,True,True,True,False,False,False,False,False,False,True,True,True,False,False,False,False,False,False,False,True,2,True,4,True,0,False,2,True,0,False,0,False,unrelated,primary,unrelated,secondary,secondary,unrelated,secondary
Venice_1505,Euclidis megarensis philosophi platonici mathematicarum disciplinarum Ianitoris,1505,Venice,LATIN,Bartolomeo Zamberti,Giovanni Tacuino,Theoretical Mathematics,Astronomy,,unrelated,unrelated,secondary,unrelated,unrelated,unrelated,unrelated,unrelated,unrelated,unrelated,unrelated,unrelated,unrelated,unrelated,unrelated,unrelated,unrelated,unrelated,primary,unrelated,sumpta | addita | subuersa | voluta | ordinata | digesta | castigata | addita | subuersa | prepostere | voluta | ordinata | digesta | castigata | adiuncta,quicumque ad mathematicam substantiam aspirant | quicumque ad mathemat-  icam substantiam aspirant,elementorum libros. xiij,cum expositione Hypsi. Alex | Itidemque et Phaeno | Specu. et Perspe | cum expositione Theonis | ille liber Datorum cum expositione Pappi Mechanici | vna cum Marini dialectici protheoria | expositione Theonis insignis mathematici | expositione Hypsi. Alex | Phaeno. Specu. et Perspe. cum expositione Theonis | ille liber Datorum cum expositione Pappi Mechanici vna cum Marini dialectici protheoria,Hypsi | Alex | Phaeno | Specu | Perspe | Datorum | Pappi Mechanici | Marini dialectici protheoria | Theonis | Hypsi. Alex | Phaeno. Specu. et Perspe | Datorum,cum expositione Theonis insignis mathematici,,,Euclidis megarensis philosophi platonicj Mathematicarum disciplinarum Ianitoris | Euclidis Megarensis philosophi platonicj Mathematicarum disci-plinarum Ianitoris,,voluta in Campani interpretatione: ordinata digesta et castigata | voluta in Campani interpretatione | ordinata digesta et castigata,Interprete,Bar. Zamber. Vene,Theonis | Hypsi | Alex | Phaeno | Specu | Perspe | Pappi Mechanici | Marini dialectici | Theonis | Hypsi. Alex | Phaeno | Specu | Perspe | Pappi Mechanici | Marini dialectici | Socratico philosopho,elementorum libros. xiij,multa quae deerant ex lectione graeca | addita | subuersa | adiuncta,,,,Cum grat¯ıa et Priuilegio per decennium | grat¯ıa et Priuilegio per decennium,,Euclidis | Euclidi,True,True,True,True,True,True,False,False,True,False,True,True,True,True,True,True,False,False,False,True,False,True,4,True,5,True,2,True,3,True,1,True,1,True,unrelated,primary,unrelated,unrelated,secondary,unrelated,unrelated
Venice_1509,Euclidis megarensis philosophi acutissimi mathematicorumque omnium sine controversia principis opera,1509,Venice,LATIN,Luca Pacioli,Paganino,,,,unrelated,unrelated,unrelated,unrelated,unrelated,unrelated,unrelated,unrelated,unrelated,unrelated,unrelated,unrelated,unrelated,unrelated,unrelated,unrelated,unrelated,unrelated,unrelated,unrelated,tralata | emen-dauit | detersit | concinnauit | addidit | aperuit | enarrauit | illustrauit | prestitit,,Euclidis megarensis philosophi acutissimi mathematicorumque omnium sine controuersia principis opera,,,Que cum antea librariorum detestanda culpa mendis fedissimis adeo deformia essent: vt vix Euclidem ipsum agnoscere-mus,,Scipio vegius mediol,megarensis philosophi acutissimi mathematicorumque omnium sine controuersia principis,,a Campano interprete fidissimo tralata,interprete fidissimo,Campano,Lucas paciolus theologus insignis,Euclidis megarensis philosophi acutissimi mathematicorumque omnium sine controuersia principis opera,Figuras centum et vndetriginta que in alijs codicibus inuerse et deformate erant: ad rectam symmetriam concinnauit: et multas necessarias addidit | plurimis locis intellectu diicilem commentariolis sane luculentis et eruditiss | aperuit: enarrauit: illustrauit,,,,,A. Paganius Paganinus,Euclidis | Euclidem,True,False,True,False,False,True,False,True,True,False,True,True,True,True,True,True,False,False,False,False,True,True,4,True,6,True,2,True,1,True,1,True,1,True,unrelated,unrelated,unrelated,unrelated,unrelated,unrelated,unrelated
Venice_1565,"Euclide Megarense philosopho, solo introduttore delle scientie mathematice",1565,Venice,LATIN,Niccolò Tartaglia,Curtio Troiano,Theoretical Mathematics,,,unrelated,unrelated,unrelated,unrelated,unrelated,unrelated,unrelated,unrelated,unrelated,unrelated,unrelated,unrelated,unrelated,unrelated,unrelated,unrelated,unrelated,unrelated,primary,unrelated,REASSETTATO | RIDOTTO | AGGIONTA | DILIGENTE- MENTE RASSETTATO | ridotto | aggiunta | DILIGENTEMENTE RASSETTATO | alla integrità ridotto | di nuouo aggionta | ben corretto | ristampato | RASSETTATO | ridotto | corretto | ristampato,ogni mediocre ingegno | OGNI MEDIOCRE ingegno,EVCLIDE MEGARENSE PHILOSOPHO | EVCLIDE MEGARENSE ACVTISSIMO PHILOSOPHO SOLO INTRODVTTORE DELLE SCIENTIE MATHEMATICE | EVCLIDE MEGARENSE ACVTISSIMO PHILOSOPHO,,,SOLO INTROD-VTTORE DELLE SCIENTIE MATHEMATICE | SOLO INTRODVTTORE DELLE SCIENTIE MATHEMATICE,1565 | M D LXXXV | M D LXXXVI,"IL DEGNO Professore di tal Scientie Nicolo Tartalea, BRISCIANO | Nicolo Tartalea Brisciano | Nicolò Tartalea Brisciano",MEGARENSE PHILOSOPHO | MEGARENSE ACVTISSIMO PHILOSOPHO SOLO INTRODVTTORE DELLE SCIENTIE MATHEMATICE | EVCLIDE MEGARENSE ACVTISSIMO PHILOSOPHO,volgar,"SOLO INTROD-VTTORE DELLE SCIENTIE MATHEMATICE: DILIGENTE-MENTE REASSETTATO, ET ALLA INTEGRITA RIDOTTO | CON VNA AMPLA ESPOSITIONE DELLO ISTESSO TRADOTTORE DI NOVO AGGIONTA | DILIGENTE- MENTE RASSETTATO, ET ALLA integrità ridotto | SECONDO LE DVE TRADOTTIONI | CON VNA AMPLA ESPOSITIONE | di nuono aggiunta | SECONDO LE DVE TRADOTTIONI | Di nuouo con ogni diligenza ben corretto, e ristampato | DILIGENTEMENTE RASSETTATO, & alla integrità ridotto | Di nuouo con ogni diligenza ben corretto, e ristampato",degno professore di tal Scientie,Nicolò Tartalea Brisciano,,EVCLIDE MEGARENSE PHILOSOPHO | EVCLIDE MEGARENSE ACVTISSIMO PHILOSOPHO SOLO INTRODVTTORE DELLE SCIENTIE MATHEMATICE | EVCLIDE MEGARENSE ACVTISSIMO PHILOSOPHO,VNA AMPLA ESPOSITIONE | NOVO AGGIONTA | CON VNA AMPLA ESPOSITIONE | di nuono aggiunta | CON VNA AMPLA ESPOSITIONE DELLO ISTESSO tradottore di nuouo aggionta | VNA AMPLA ESPOSITIONE | nuouo aggionta,,VENETIA,latino,,"Appresso Curtio Troiano | Appresso gli Heredi di Troian Nauo, alla libraria dal Lione",EVCLIDE,True,True,True,False,False,True,True,True,True,True,True,True,True,False,True,True,False,True,True,False,True,True,4,True,5,True,4,True,1,True,2,True,3,True,unrelated,primary,unrelated,unrelated,unrelated,unrelated,unrelated
Venice_1569,"Euclide megarense acutissimo philosopho, solo introduttore delle scientie mathematice",1569,Venice,LATIN,Niccolò Tartaglia,Giovanni Bariletto,,Mechanics,,unrelated,unrelated,unrelated,unrelated,unrelated,unrelated,unrelated,unrelated,unrelated,unrelated,unrelated,secondary,unrelated,unrelated,unrelated,unrelated,unrelated,unrelated,unrelated,unrelated,RASSETTATO | ridotto,OGNO MEDIOCRE ingegno,,,,,1569,Nicolò Tartalea Brisciano,MEGARENSE ACVTISSIMO PHILOSOPHO,,"DILIGENTEMENTE RASSETTATO, ET ALLA integrità ridotto | SECONDO LE DVE TRADOTTIONI",degno professore di tal Scientie,Nicolò Tartalea Brisciano,,,VNA AMPLA ESPO- SITIONE | nuouo aggiunta,,VENETIA,,,Appresso Giouanni Bariletto,EVCLIDE,True,True,False,False,False,False,True,True,True,False,True,True,True,False,False,True,False,True,False,False,True,True,2,True,5,True,2,True,1,True,2,True,3,True,unrelated,unrelated,unrelated,unrelated,unrelated,secondary,unrelated
Venice_1575,Opuscula mathematica,1575,Venice,LATIN,Francesco Maurolico,Francesco de Franceschi,Theoretical Mathematics,,,unrelated,unrelated,unrelated,unrelated,unrelated,unrelated,unrelated,unrelated,unrelated,unrelated,unrelated,unrelated,unrelated,unrelated,unrelated,unrelated,unrelated,unrelated,primary,unrelated,ædita,,Opuscula Mathematica,,,cum rerum omnium notatu dignarum,M D L XXV,"D. FRANCISCI MAVROLYCI, ABBATIS MESSANENSIS",,,Nunc primùm in lucem ædita,,,,,INDICE LOCVPLETISSIMO,,Venetijs,,,Apud Franciscum Francis-cium Senensem,,True,False,True,False,False,True,True,True,False,False,True,False,False,False,False,True,False,True,False,False,True,False,1,True,1,True,2,True,1,True,1,True,3,True,unrelated,primary,unrelated,unrelated,unrelated,unrelated,unrelated
Venice_1603,,1603,Venice,LATIN,Antonio Possevino,Altobello Salicato,Theoretical Mathematics,,Music Theory,unrelated,unrelated,unrelated,unrelated,unrelated,unrelated,unrelated,unrelated,unrelated,unrelated,unrelated,unrelated,unrelated,unknown,unrelated,unrelated,unrelated,unrelated,primary,unrelated,RECOGNITA | AVCTA | distributa | ADDITVS,,,,,,M DC III,CLEMENTEM VIII. PONT. MAX,,,,"Mantuani, Societatis Iesu",ANTONII POSSEVINI,,,"TRIPLEX  ADDITVS  INDEX | ALTER  LIBRORVM,  ALTER Capitum vniuscuiusq",Societatis Iesu,VENETIIS,,,Apud Altobellum Sali-catium,,True,False,False,False,False,False,True,True,False,False,False,True,True,False,False,True,True,True,False,False,True,False,0,False,4,True,1,True,1,True,2,True,3,True,unrelated,primary,unrelated,unrelated,unrelated,unrelated,unknown
Venice_1641,,1641,Venice,LATIN,Caterino Doino,,Theoretical Mathematics,,,unrelated,unrelated,unrelated,unrelated,unrelated,unrelated,unrelated,unrelated,unrelated,unrelated,unrelated,unrelated,unrelated,unrelated,unrelated,unrelated,unrelated,unrelated,primary,unrelated,,,EVCLIDIS ELEMENTORVM Libri VI,,,,M.D. C.XLI,D. Ioannem Libiolam,,,,,,,EVCLIDIS ELEMENTORVM Libri VI,,,VENETIIS,,,APVD TVRRINVM,EVCLIDIS,False,False,True,False,False,False,True,True,False,False,False,False,False,False,True,False,False,True,False,False,True,True,3,True,2,True,0,False,0,False,1,True,3,True,unrelated,primary,unrelated,unrelated,unrelated,unrelated,unrelated
Venice_1647,,1647,Venice,LATIN,Caterino Doino,,Theoretical Mathematics,,,unrelated,unrelated,unrelated,unrelated,unrelated,unrelated,unrelated,unrelated,unrelated,unrelated,unrelated,unrelated,unrelated,unrelated,unrelated,unrelated,unrelated,unrelated,primary,unrelated,,,,,,,MDCXXXXVII,,,,,,,,,,,Venetijs Apud Turinum,,,Turinum,,False,False,False,False,False,False,True,False,False,False,False,False,False,False,False,False,False,True,False,False,True,False,0,False,0,False,0,False,0,False,0,False,3,True,unrelated,primary,unrelated,unrelated,unrelated,unrelated,unrelated
Vicenza_1491,,1491,Vicenza,LATIN,Leonardo Achati,,,,,unrelated,unrelated,unrelated,unrelated,unrelated,unrelated,unrelated,unrelated,unrelated,unrelated,unrelated,unrelated,unrelated,unrelated,unrelated,unrelated,unrelated,unrelated,unrelated,unrelated,,,,,,,,,,,,,,,,,,,,,,,False,False,False,False,False,False,False,False,False,False,False,False,False,False,False,False,False,False,False,False,False,False,0,False,0,False,0,False,0,False,0,False,0,False,unrelated,unrelated,unrelated,unrelated,unrelated,unrelated,unrelated
Vienna_1694,Teutsch-Redender Euclides,1694,Vienna,GERMAN,Anton Ernst Burckhard von Pirckenstein,Philipp Fievets,Practical Geometry | Theoretical Mathematics,,,unrelated,unrelated,unrelated,unrelated,unrelated,unrelated,unrelated,unrelated,unrelated,unrelated,unrelated,unrelated,unrelated,unrelated,unrelated,unrelated,primary,unrelated,primary,unrelated,bewiesen,"Allen Generalen, Ingenieren, Natur-und Warheit-Kündigern, Bau-Meistern, Künstlern und Handwerckern",Acht Bücher Von Denen An-fängen Der Meß-Künst,,,Auff eine neue und gantz leichte Art,M DC LXXXXIV,,Teutsch-Redender,Teutscher,,,A. E. B. V. P,,Acht Bücher Von Denen An-fängen Der Meß-Künst,,,Wienn in Oesterreich,,,"Philipp Fievets, Buch-und Kunst-Händlers",Euclides,True,True,True,False,False,True,True,False,True,True,False,False,True,False,True,False,False,True,False,False,True,True,4,True,3,True,2,True,0,False,1,True,3,True,unrelated,primary,unrelated,unrelated,unrelated,unrelated,unrelated
WHEESV,Perspectiuae libri sex,1600,Pesaro,LATIN,Guidobaldo Del Monte,Girolamo Concordia,Perspective,,Architecture | Instrument Use | Practical Geometry,unknown,unrelated,unrelated,unrelated,unrelated,unrelated,unrelated,unrelated,unrelated,unrelated,unknown,unrelated,unrelated,unrelated,unrelated,primary,unknown,unrelated,unrelated,unrelated,,,PERSPECTIVAE LIBRI SEX,,,,M. D C,E MARCHIONIBVS MONTIS,,,,,GVIDIVBALDI,,,,,Apud Hieronymum Concordiam,,,PISAVRI,,False,False,True,False,False,False,True,True,False,False,False,False,True,False,False,False,False,True,False,False,True,False,1,True,2,True,0,False,0,False,1,True,3,True,unrelated,unknown,primary,unknown,unrelated,unrelated,unrelated
WNYVAP,"Tables des sinus, tangentes, & secantes",1629,The Hague,FRENCH,Albert Girard,Jacob Elzevier,Trigonometry,,,unrelated,unrelated,unrelated,unrelated,unrelated,unrelated,unrelated,unrelated,unrelated,unrelated,unrelated,unrelated,unrelated,unrelated,unrelated,unrelated,unrelated,unrelated,unrelated,primary,,,,,,,,,,,,,,,,,,,,,,,False,False,False,False,False,False,False,False,False,False,False,False,False,False,False,False,False,False,False,False,False,False,0,False,0,False,0,False,0,False,0,False,0,False,unrelated,primary,unrelated,unrelated,unrelated,unrelated,unrelated
WOQG2Q,Fortification ou architecture militaire,1627,Amsterdam,FRENCH,"Samuel Marolois, Albert Girard",Johannes Janssonius,Architecture | Military Engineering,,,primary,unrelated,unrelated,unrelated,unrelated,unrelated,unrelated,unrelated,unrelated,unrelated,unrelated,unrelated,primary,unrelated,unrelated,unrelated,unrelated,unrelated,unrelated,unrelated,Reueüe | Augmentée | Corrigée,,,,,,1627,,,,Reueüe Augmentée et Corrigée,Mathematicien,ALBERT GIRARD,,,,,AMSTERDAM,,,Chez Ian Ianssen,,True,False,False,False,False,False,True,False,False,False,True,True,True,False,False,False,False,True,False,False,True,False,0,False,2,True,2,True,0,False,0,False,3,True,unrelated,unrelated,primary,unrelated,unrelated,primary,unrelated
WWE4ON,Arithmeticae theoria et praxis,1656,Leuven,LATIN,André Tacquet,Cyprian Conesteyn,Arithmetic | Theoretical Mathematics,,,unrelated,primary,unrelated,unrelated,unrelated,unrelated,unrelated,unrelated,unrelated,unrelated,unrelated,unrelated,unrelated,unrelated,unrelated,unrelated,unrelated,unrelated,primary,unrelated,,,ARITHMETICÆ THEORIA ET PRAXIS,,,,M.DC.LVI,,,,,"ANT.VERPIENSI, E SOCIETATE IESV Matheseos Professore",ANDREA TACQVET,,,,SOC IETATE IESV,,,,Apud CYP. COENESTENIUM,,False,False,True,False,False,False,True,False,False,False,False,True,True,False,False,False,True,False,False,False,True,False,1,True,3,True,0,False,0,False,1,True,2,True,primary,primary,unrelated,unrelated,unrelated,unrelated,unrelated
Wittenberg_1564,Arithmetices Euclideae,1564,Wittenberg,"GREEK, LATIN",Joannes Sthen,,Arithmetic,Theoretical Mathematics,,unrelated,primary,unrelated,unrelated,unrelated,unrelated,unrelated,unrelated,unrelated,unrelated,unrelated,unrelated,unrelated,unrelated,unrelated,unrelated,unrelated,unrelated,secondary,unrelated,,IN SCHOLARVM VSVM,ARITHMETICES EVCLIDEAE LIBER PRIMVS,Aliâs in ordine reliquorum SEPTIMVS,,,,,,,,Luneb,Ioan. Sthen,,ARITHMETICES EVCLIDEAE LIBER PRIMVS,,,Luneb,,,Ioan. Sthen,EVCLIDEAE,False,True,True,True,False,False,False,False,False,False,False,True,True,False,True,False,False,True,False,False,True,True,3,True,3,True,0,False,1,True,1,True,2,True,primary,secondary,unrelated,unrelated,unrelated,unrelated,unrelated
Wittenberg_1609,Euclidis elementorum libri XIII,1609,Wittenberg,LATIN,Ambrosius Rhode,Paul Helwig,Theoretical Mathematics,,,unrelated,unrelated,unrelated,unrelated,unrelated,unrelated,unrelated,unrelated,unrelated,unrelated,unrelated,unrelated,unrelated,unrelated,unrelated,unrelated,unrelated,unrelated,primary,unrelated,Correctior | Emendatior,,EVCLIDIS ELEMENTORUM LIBRI XIII,,,Succinctis & per- spicuis demonstrationibus comprehensi,M. DC. IX | M. DC. XXXIV,,,,"Editio postuma, priore Correctior & Emendatior",Mathematum Professore extraordinario in Academia Leucorea | Mathematum Super: Professore publico in Academia Leucorea,M. AMBROSIO RHODIO Kembergense | AMBROSIO RHODIO Kembergensi,,EVCLIDIS ELEMENTORUM LIBRI XIII,,Academia Leucorea,VVITTEBERGÆ,,,"Typis Gormanianis | Impensis Pauli Helvvigij | Impensis Hæred. Pauli Helwigii, Bib-liop | ad AMBROSIO ROTHIO",EVCLIDIS,True,False,True,False,False,True,True,False,False,False,True,True,True,False,True,False,True,True,False,False,True,True,3,True,4,True,2,True,0,False,1,True,3,True,unrelated,primary,unrelated,unrelated,unrelated,unrelated,unrelated
Wittenberg_1661,"Euclidis Elementorum Libri XIII., Succinctis & perspicuis demonstrationibus comprehensi a D. Ambrosio Rhodio Kembergensi, Mathematum Super: Professore publico in Academia Leucorea: Editio novissima, priore Correctior & Emendatior",1661,Wittenberg,LATIN,Ambrosius Rhode,Jobi Wilh. Fincelij,Theoretical Mathematics,,,unrelated,unrelated,unrelated,unrelated,unrelated,unrelated,unrelated,unrelated,unrelated,unrelated,unrelated,unrelated,unrelated,unrelated,unrelated,unrelated,unrelated,unrelated,primary,unrelated,Correctior | Emendatior,,EUCLIDIS ELEMENTORUM LIBRI XIII,,,Succinctis & per- spicuis demonstrationibus comprehensi,M. DC. LXI,,,,"Editio novissima, priore Correctior & Emendatior","Kembergensi, Mathematum Super: Professore publico in Academia Leucorea",D. Ambrosio Rhodio,,EUCLIDIS ELEMENTORUM LIBRI XIII,,Academia Leucorea,WITTEBERGÆ,,,Typis & impensis Jobi Wilh. Fincelij,EUCLIDIS,True,False,True,False,False,True,True,False,False,False,True,True,True,False,True,False,True,True,False,False,True,True,3,True,4,True,2,True,0,False,1,True,3,True,unrelated,primary,unrelated,unrelated,unrelated,unrelated,unrelated
Würzburg_1661,"Cursus mathematicus, sive Absoluta omnium mathematicarum disciplinarum encyclopaedia",1661,Würzburg,LATIN,Gaspar Schott,Job Hertz,,Mechanics,Theoretical Mathematics,unrelated,unrelated,unrelated,unrelated,unrelated,unrelated,unrelated,unrelated,unrelated,unrelated,unrelated,secondary,unrelated,unrelated,unrelated,unrelated,unrelated,unrelated,unknown,unrelated,digesta | disposita | Accesserunt,"quivis, vel mediocri præditus ingenio",,THEORESES MECHANICÆ NOVÆ,THEORESES MECHANICÆ NOVÆ,,M. DC. LXI,,,,,"REGISCURIANI E SOCIETATE JESU Olim in Panormitano Siciliæ, nunc in Herbipolitano Franconiæ ejusdem SOCIETATIS JESU Gymnasio Matheseos Professoris CUR-SUS MATHEMATICUS, Sive Absoluta omnium Mathematicarum Disciplinarum ENCYCLOPÆDIA",P. GASPARIS SCHOTTI,,,THEORESES MECHANICÆ NOVÆ,SOCIETATE JESU | SOCIETATIS JESU | Gymnasio Matheseos,HERBIPOLI,,,Hæredum JOANNIS GODE-FRIDI Schönwetteri Bibliopolæ Francofurtensis | JOBVS HERTZ Typographus Herbipolensis,,True,True,False,True,True,False,True,False,False,False,False,True,True,False,False,True,True,True,False,False,True,False,0,False,3,True,1,True,3,True,2,True,3,True,unrelated,unknown,unrelated,unrelated,unrelated,secondary,unrelated
X2T7PY,Fabrica et usus instrumenti ad horologiorum descriptionem,1586,Rome,LATIN,Christopher Clavius,Bartholomaeus Grassium,Gnomonics & Horology | Instrument Construction | Instrument Use,,Practical Geometry,unrelated,unrelated,unrelated,unrelated,unrelated,unrelated,unrelated,unrelated,primary,primary,primary,unrelated,unrelated,unrelated,unrelated,unrelated,unknown,unrelated,unrelated,unrelated,ACCESSIT,,,,,,1586,,,,,BAMBERGENSI SOCIETATIS IESV,CHRISTOPHORO CLAVIO,,,"RATIO DESCRIBENDARUM horarum a meridie & media nocte exquisitissima, & nunquam ante hac in lucem edita",SOCIETATIS IESV,ROMAE,,,Apud Bartholomaeum Grassium,,True,False,False,False,False,False,True,False,False,False,False,True,True,False,False,True,True,True,False,False,True,False,0,False,3,True,1,True,1,True,1,True,3,True,unrelated,unknown,unrelated,primary,unrelated,unrelated,unrelated
X5YBIB,La practique de la geometrie ,1586,Paris,FRENCH,"Oronce Finé, Pierre Forcadel",Gilles Gourbin,Instrument Use | Practical Geometry,,,unrelated,unrelated,unrelated,unrelated,unrelated,unrelated,unrelated,unrelated,unrelated,unrelated,primary,unrelated,unrelated,unrelated,unrelated,unrelated,primary,unrelated,unrelated,unrelated,Reueué | traduicte,,LAPRACTIQVE DE LA GEOME- TRIE D'ORONCE,,,"en laquelle est comprins l'vsage du Quarré Geometrique, & de plusieurs autres instrumens seruans à mes- me effect: Ensemble la maniere de bien mesu- rer toutes sortes de plans & quantitez corporel- les: Auec les figures & demonstrations",M. D. LXXXVI,Mr le Duc de Guyse,,,Reueué & traduicte par Pierre Forcadel,le- cteur du Roy és Mathematiques,Pierre Forcadel,,,,,PARIS,,,"Chez Gilles Gourbin, à l'enseigne de l'Esperance, deuant le college de Cambray",,True,False,True,False,False,True,True,True,False,False,True,True,True,False,False,False,False,True,False,False,True,False,1,True,3,True,2,True,0,False,1,True,3,True,unrelated,primary,unrelated,primary,unrelated,unrelated,unrelated
XAFNOE,"Mechanischer Künste Kammer. Erster Theil, begreiffend die wahre fundamenta aller Machination",1629,Frankfurt,GERMAN,Guidobaldo del Monte,"Kaspar Rötel, Matthäus Merian",Mechanics,,,unrelated,unrelated,unrelated,unrelated,unrelated,unrelated,unrelated,unrelated,unrelated,unrelated,unrelated,primary,unrelated,unrelated,unrelated,unrelated,unrelated,unrelated,unrelated,unrelated,verfasst | erkläret,Den Teutschen Künstlern | vnderschiedlicher Liebhaber,,,,,M. DC. XXVI,,,,,Medicum & Mathematicum Hassiacum,"DANIELEM MÖGLING, D",,,mit ausführlichen Kupfferfiguren,Hassiacum,Franckfurt am Mayn,,,Caspar Röteln | MATTHÆI MERIANI,,True,True,False,False,False,False,True,False,False,False,False,True,True,False,False,True,True,True,False,False,True,False,0,False,3,True,1,True,1,True,2,True,3,True,unrelated,unrelated,unrelated,unrelated,unrelated,primary,unrelated
XCQGKZ,"Avvertimenti, e regole circa l'architettura civile, scultura, pittura, prospettiua, et architettura militare per offesa, e difesa di fortezze di Pietr'Antonio Barca ..",1620,Milan,ITALIAN,Pietro Antonio Barca,Pandolfo Malatesta,Architecture | Military Engineering | Perspective,,,primary,unrelated,unrelated,unrelated,unrelated,unrelated,unrelated,unrelated,unrelated,unrelated,unrelated,unrelated,primary,unrelated,unrelated,primary,unrelated,unrelated,unrelated,unrelated,DEDICATE,,,,,,,POTENTISSIMO FILIPPO III,,,,Ingegnero Milanese,Pietr' Antonio Barca,,,,,,,,,,True,False,False,False,False,False,False,True,False,False,False,True,True,False,False,False,False,False,False,False,False,False,0,False,3,True,1,True,0,False,1,True,0,False,unrelated,unrelated,primary,unrelated,unrelated,primary,unrelated
XHZ2XV,"Arithmetica, musica et geometria: Procli sphaera",1592,Tournon,LATIN,Elie Vinet,Claude Michel,Arithmetic | Music Theory | Practical Geometry,,Astronomy,unrelated,primary,unknown,unrelated,unrelated,unrelated,unrelated,unrelated,unrelated,unrelated,unrelated,unrelated,unrelated,primary,unrelated,unrelated,primary,unrelated,unrelated,unrelated,Accessit | interprete,studiosæ Iuventutis Academiæ Turnoniæ,,PROCLI SPHÆRA,PROCLI SPHÆRA,,,,,,in hac vltima editione,,Elia Vineto Santone,,,Accessit | percommoda distributio,Academiæ Turnoniæ Societ. IESV,,,,,,True,True,False,True,True,False,False,False,False,False,True,False,True,False,False,True,True,False,False,False,False,False,0,False,2,True,2,True,3,True,2,True,0,False,primary,primary,unrelated,unrelated,unknown,unrelated,primary
XOIASP,"Perspective cilindrique et conique, ou Traicté des apparences veuës par le moyen des miroirs cilindriques & côniques, soient convexes ou concaves; ensemble la construction et position des figures objectées au mesmes miroirs, afin que leurs apparences soie",1630,Paris,FRENCH,Jean Louis Vaulézard,Julien Jacquin,Perspective,,,unrelated,unrelated,unrelated,unrelated,unrelated,unrelated,unrelated,unrelated,unrelated,unrelated,unrelated,unrelated,unrelated,unrelated,unrelated,primary,unrelated,unrelated,unrelated,unrelated,,,,,,,DC. XXX,,,,,Mathematic,I. L. Sr de VAVLEZARD,,,,,"PARIS | Chez IVLIAN IACQVIN, en la Court du Palais au bas des degrez de la Saincte Chappelle",,,IVLIAN IACQVIN,,False,False,False,False,False,False,True,False,False,False,False,True,True,False,False,False,False,True,False,False,True,False,0,False,2,True,0,False,0,False,0,False,3,True,unrelated,unrelated,primary,unrelated,unrelated,unrelated,unrelated
XP5WU4,De logistica libri tres,1573,Bordeaux,LATIN,Elie Vinet,Simon Millanges,Arithmetic,,Commercial Mathematics,unrelated,primary,unrelated,unrelated,unknown,unrelated,unrelated,unrelated,unrelated,unrelated,unrelated,unrelated,unrelated,unrelated,unrelated,unrelated,unrelated,unrelated,unrelated,unrelated,,,DE LOGISTICA,,,,1573,,,,,,,,,,,Apud Simonem Millangium,,,Simonem Millangium,,False,False,True,False,False,False,True,False,False,False,False,False,False,False,False,False,False,True,False,False,True,False,1,True,0,False,0,False,0,False,0,False,3,True,primary,unrelated,unrelated,unrelated,unrelated,unrelated,unrelated
XXI4KS,Von der kunnst perspectiva,1509,Nuremberg,GERMAN,"Jean Pélerin, Jörg Glockendon",Jörg Glockendon,Perspective,,Architecture | Practical Geometry,unknown,unrelated,unrelated,unrelated,unrelated,unrelated,unrelated,unrelated,unrelated,unrelated,unrelated,unrelated,unrelated,unrelated,unrelated,primary,unknown,unrelated,unrelated,unrelated,,,,,,,,,,,,,,,,,,,,,,,False,False,False,False,False,False,False,False,False,False,False,False,False,False,False,False,False,False,False,False,False,False,0,False,0,False,0,False,0,False,0,False,0,False,unrelated,unknown,primary,unrelated,unrelated,unrelated,unrelated
YB32U5,"Perspective c'est a dire, le tresrenommé art du poinct oculaire",1604,Leiden,FRENCH,Hans Vredeman de Vries,"Beuckel Cornelisz Nieulandt, Henricus Hondius",Perspective,Practical Geometry,,unrelated,unrelated,unrelated,unrelated,unrelated,unrelated,unrelated,unrelated,unrelated,unrelated,unrelated,unrelated,unrelated,unrelated,unrelated,primary,secondary,unrelated,unrelated,unrelated,Inuenté,"pour tous Peintres, Tailleurs en Cuivre, Imaginaires, Orfevres, Architectes, Ingenieurs, Tailleurs de Pierre, Menuisiers, Charpentiers, & tous Amateurs des arts",PERSPECTIVE,,,"C'est a dire, le tresrenommé art du poinct oculaire d'vne veuë dedans où travers regardante, estant sur vne muraille vnie, sur vn tableau, ou sur dela toile, en laquelle il y ayt quelques edifi- ces, soyt d'Eglises, Temples, Palais, Sales, Chambres, Galeries, Places, Allées, Iardins, Marchés & Ruës, a l'Antique ou Moderne, & autres telles choses icy de- monstrées, le tout posé sur les lignes fondamentales, & le fondement d'icelles clairement expliquées par descriptions, fort vtile & necessaire",,,,,,,Ioan Vredeman Frison,,,,,LVGDVNI BATAVORVM,,,HENRIC. HONDIVS SCVLPS,,True,True,True,False,False,True,False,False,False,False,False,False,True,False,False,False,False,True,False,False,True,False,1,True,1,True,1,True,0,False,1,True,2,True,unrelated,secondary,primary,unrelated,unrelated,unrelated,unrelated
YBCWZV,La description d'un anneau solaire convexe ,1569,Paris,FRENCH,Pierre Forcadel,"Guillaume Cavellat, Jérôme de Marnef",Gnomonics & Horology | Instrument Use,,Instrument Construction,unrelated,unrelated,unrelated,unrelated,unrelated,unrelated,unrelated,unrelated,primary,unknown,primary,unrelated,unrelated,unrelated,unrelated,unrelated,unrelated,unrelated,unrelated,unrelated,DESCRIPTE | DEMONSTREE,,,,,,1569,Monsieur le grand Aumosnier,,,,lecteur du Roy és Mathema- tiques,P. Forcadel,,,,,"PARIS | au mont S. Hilaire, à l'enseigne du Pelican",,,"Hierosme de Marnef, & Guillaume Cauellar",,True,False,False,False,False,False,True,True,False,False,False,True,True,False,False,False,False,True,False,False,True,False,0,False,3,True,1,True,0,False,1,True,3,True,unrelated,unrelated,unrelated,primary,unrelated,unrelated,unrelated
YCXMIJ,"Deux livres de Proclus du mouvement, traduict et commenté ",1565,Paris,FRENCH,Pierre Forcadel,Charles Périer,Mechanics,,Practical Geometry,unrelated,unrelated,unrelated,unrelated,unrelated,unrelated,unrelated,unrelated,unrelated,unrelated,unrelated,primary,unrelated,unrelated,unrelated,unrelated,unknown,unrelated,unrelated,unrelated,TRADVICTZ | COM- mentés,,"DEVX LIVRES DE PROCLVS, DV MOVVE- MENT",,,,1565,,,,,lecteur ordinaire du Roy és Mathematiques en l'vniuerfité de Paris,Pierre Forcadel de Be- ziés,,,TRADVICTZ ET COM- mentés,l'vniuerfité de Paris,"PARIS | Chez Charles Perier, rue S.Iean de Beauuais, au Bellerophon",,,Charles Perier,,True,False,True,False,False,False,True,False,False,False,False,True,True,False,False,True,True,True,False,False,True,False,1,True,3,True,1,True,1,True,1,True,3,True,unrelated,unknown,unrelated,unrelated,unrelated,primary,unrelated
YPQYIR,Le livre d'Archimède des pois,1565,Paris,FRENCH,Pierre Forcadel,Charles Périer,Mechanics,,,unrelated,unrelated,unrelated,unrelated,unrelated,unrelated,unrelated,unrelated,unrelated,unrelated,unrelated,primary,unrelated,unrelated,unrelated,unrelated,unrelated,unrelated,unrelated,unrelated,TRADVICT | COMMEN-  té | traduit | com- menté | intitu- lé,,Liure d'Euclide,Liure d'Euclide intitu-  lé du leger & du pesant traduit & com-  menté par le mesme Forcadel,Liure d'Euclide,du leger & du pesant,1565,,,,,lecteur ordinaire du Roy es Mathematiques en l'V-  niuerfité de Paris,Pierre Forcadel de Bezies,,Liure d'Euclide,,l'V-  niuerfité de Paris,"PARIS | Chez Charles Perier, demourant en la rue S.Ieande Beauuais, au Bellerophon",,,Charles Perier,Euclide,True,False,True,True,True,True,True,False,False,False,False,True,True,False,True,False,True,True,False,False,True,True,3,True,4,True,1,True,2,True,1,True,3,True,unrelated,unrelated,unrelated,unrelated,unrelated,primary,unrelated
YQDZSW,Le premier livre des choses egallement pesantes ,1565,Paris,FRENCH,Pierre Forcadel,Charles Périer,Mechanics,,,unrelated,unrelated,unrelated,unrelated,unrelated,unrelated,unrelated,unrelated,unrelated,unrelated,unrelated,primary,unrelated,unrelated,unrelated,unrelated,unrelated,unrelated,unrelated,unrelated,Traduict | commenté,,LE PREMIER LIVRE D'ARCHIMEDE DES CHOSES EGALEMENT PESANTES,,,,1565,,,,,"lecteur ordi- naire du Roy és Mathema- tiques, en l'vniuerfité de Paris",Pierre Forcadel de Bezies,,,,l'vniuerfité de Paris,"PARIS | Chez Charles Perier, rue S. Iean de Beauuais, au Bellerophon",,,Charles Perier,,True,False,True,False,False,False,True,False,False,False,False,True,True,False,False,False,True,True,False,False,True,False,1,True,3,True,1,True,0,False,1,True,3,True,unrelated,unrelated,unrelated,unrelated,unrelated,primary,unrelated
YSF4K5,Liber VI. De proiectionibus,1613,Antwerp,LATIN,François Aguilon,Jan Morteus,Perspective,,,unrelated,unrelated,unrelated,unrelated,unrelated,unrelated,unrelated,unrelated,unrelated,unrelated,unrelated,unrelated,unrelated,unrelated,unrelated,primary,unrelated,unrelated,unrelated,unrelated,,Philosophis iuxtà ac Mathematicis,OPTICORVM LIBRI SEX,,,,M. DC. XIII,,,,,,FRANCISCI AGVILONII,,,,E SOCIETATE IESV,ANTVERPIÆ,,,EX OFFICINA PLANTINIANA | Apud Viduam et Filios Io. Moreti,,False,True,True,False,False,False,True,False,False,False,False,False,True,False,False,False,True,True,False,False,True,False,1,True,2,True,0,False,0,False,2,True,3,True,unrelated,unrelated,primary,unrelated,unrelated,unrelated,unrelated
YUHFFF,"Arithmeticae, musicae et geometriae compendia. Guilelmo xylandro interprete.",1591,Heidelberg,LATIN,"Wilhelm Xylander, Juan Luis Vives, Kaspar Peucer",Abraham Smesmann,Arithmetic | Music Theory | Theoretical Mathematics,,Practical Geometry,unrelated,primary,unrelated,unrelated,unrelated,unrelated,unrelated,unrelated,unrelated,unrelated,unrelated,unrelated,unrelated,primary,unrelated,unrelated,unknown,unrelated,primary,unrelated,INTERPRETE,,"ARITHME- TICÆ, MUSICÆ ET GEOMETRIÆ COM- PENDIA",,,,CIƆ. IƆ. XCI,,,,,INTERPRETE,GUILIELMO XYLANDRO,,,,,HEIDELBERGÆ,,,Typis Abrahami Smesmanni,,True,False,True,False,False,False,True,False,False,False,False,True,True,False,False,False,False,True,False,False,True,False,1,True,2,True,1,True,0,False,0,False,3,True,primary,primary,unrelated,unrelated,unrelated,unrelated,primary
Z0K13S,"De revolutionibus orbium coelestium, libri VI.",1543,Nuremberg,LATIN,Nicolaus Copernicus,Johannes Petreius,Astronomy,,,unrelated,unrelated,primary,unrelated,unrelated,unrelated,unrelated,unrelated,unrelated,unrelated,unrelated,unrelated,unrelated,unrelated,unrelated,unrelated,unrelated,unrelated,unrelated,unrelated,recens nato | edito | eme | lege | fruere,studiose lector | ἀμαθὴς μή τις εἴσιτο,"DE REVOLVTIONIBVS ORBI- um coelestium, Libri VI",,,"Motus stellarum, tam fixarum, quam erraticarum, cum excentricis, tum etiam excentricis observationibus restitutos",M. D. XLIII,,,,"iam recens nato, & edito",,,,,novis insuper ac admirabilibus hypothesibus ornatos | Tabulas expeditissimas,,Norimbergae apud Ioh. Petreium,,,Ioh. Petreium,,True,True,True,False,False,True,True,False,False,False,True,False,False,False,False,True,False,True,False,False,True,False,1,True,0,False,2,True,1,True,1,True,3,True,unrelated,unrelated,unrelated,unrelated,primary,unrelated,unrelated
Z26G13,"Praxis Perspectivae Das ist: Von Verzeichnungen ein außführlicher Bericht : darinnen das jenige was die Scenographi erfordert, begrieffen, und in welchen allerley dinge uff allerley Stände in ein Perspectivischen auffzug zu bringen gelehret, auch das was",1615,"Nuremberg, Leipzig",GERMAN,Lucas Brunn,"Lorenz Kober, Simon Halbmaier",Perspective,,,unrelated,unrelated,unrelated,unrelated,unrelated,unrelated,unrelated,unrelated,unrelated,unrelated,unrelated,unrelated,unrelated,unrelated,unrelated,primary,unrelated,unrelated,unrelated,unrelated,verfertiget | dargegeben | erkläret,Allen denen,,,,,M. DC. XV,,,in die Deutsche Sprach,,,LVCAS Brunnen,,,,Sanct. Annæ,Nürnberg / Bey Simon Halbmeyer Buch- händlern zu finden | Leipzig / Bey Lorentz Kober,,,Simon Halbmeyer | Lorentz Kober,,True,True,False,False,False,False,True,False,False,True,False,False,True,False,False,False,True,True,False,False,True,False,0,False,2,True,2,True,0,False,2,True,3,True,unrelated,unrelated,primary,unrelated,unrelated,unrelated,unrelated
ZGOHUR,Gnomonices libri octo,1581,Rome,LATIN,Christopher Clavius,Francesco Zanetii,Gnomonics & Horology,Instrument Use | Practical Geometry,,unrelated,unrelated,unrelated,unrelated,unrelated,unrelated,unrelated,unrelated,primary,unrelated,secondary,unrelated,unrelated,unrelated,unrelated,unrelated,secondary,unrelated,unrelated,unrelated,,,GNOMONICES LIBRI OCTO,,,"IN QUIBUS Non solum horologiorum solarium, sed aliarum quoque rerum, quae ex gnomonis umbra cognosci possunt, descriptiones Geometrice demonstrantur",MDLXXXI,,,,,Societatis IESU | Maiorum germisu,CHRISTOPHORO CLAVIO BAMBERGENSI,,,,Societatis IESU,ROMAE,,,APUD FRANCISCUM ZANETTUM,,False,False,True,False,False,True,True,False,False,False,False,True,True,False,False,False,True,True,False,False,True,False,1,True,3,True,0,False,0,False,1,True,3,True,unrelated,secondary,unrelated,primary,unrelated,unrelated,unrelated
ZN24V0,"Ein aigentliche und grundtliche anweysung in die geometria, sonderlich aber wie alle regulierte und unregulierte corpora in den grundt gelegt und in das perspecktiff gebracht auch mit iren linien auffzogen sollen werden",1543,Nuremberg,GERMAN,Augustin Hirschvogel,"Johann VomBerg, Ulrich Neuber",Architecture | Perspective | Practical Geometry,,Instrument Use,primary,unrelated,unrelated,unrelated,unrelated,unrelated,unrelated,unrelated,unrelated,unrelated,unknown,unrelated,unrelated,unrelated,unrelated,primary,primary,unrelated,unrelated,unrelated,BRING,,GEOMETRIA,,,,,,,,,,,,,,RO. KO. MA,,,ALLER GENE- DIGISTEN PRIVILEGIA,,,True,False,True,False,False,False,False,False,False,False,False,False,False,False,False,False,True,False,False,True,False,False,1,True,1,True,1,True,0,False,1,True,1,True,unrelated,primary,primary,unknown,unrelated,unrelated,unrelated
ZNLALU,L'arithmetique ,1560,Paris,FRENCH,"Gemma Frisius, Pierre Forcadel",Guillaume Cavellat,Arithmetic,,,unrelated,primary,unrelated,unrelated,unrelated,unrelated,unrelated,unrelated,unrelated,unrelated,unrelated,unrelated,unrelated,unrelated,unrelated,unrelated,unrelated,unrelated,unrelated,unrelated,Traduite | illustrée,,L'ARITHMETIQVE de Gemme Phrison,,,,M. D. LXXXII,,,en François,,professeur ordinaire des Mathe- matiques,Pierre Forcadel de Beziers,,,de comme- taires | plusieurs inuentions nouuelles dudit Forcadel,,ANVERS,,,Chez Iean VVidhage,,True,False,True,False,False,False,True,False,False,True,False,True,True,False,False,True,False,True,False,False,True,False,1,True,2,True,2,True,1,True,0,False,3,True,primary,unrelated,unrelated,unrelated,unrelated,unrelated,unrelated
ZQA6JR,Elementa geometriae planae,1669,Rome,LATIN,Gilles François Gottignies,Angelo Bernabò,,,,unrelated,unrelated,unrelated,unrelated,unrelated,unrelated,unrelated,unrelated,unrelated,unrelated,unrelated,unrelated,unrelated,unrelated,unrelated,unrelated,unrelated,unrelated,unrelated,unrelated,,,ELEMENTA GEOMETRIAE PLANAE,,,,1669,,,,,SOC. IESV | In Collegio Romano Mathe- seos professore,AEGIDIO FRANCISCO DE GOTTIGNIES BRUXELLENSI,,ELEMENTA GEOMETRIAE PLANAE,,Collegio Romano | SOC. IESV,ROMÆ,,,Typis Angeli Bernabò,,False,False,True,False,False,False,True,False,False,False,False,True,True,False,True,False,True,True,False,False,True,False,2,True,3,True,0,False,0,False,1,True,3,True,unrelated,unrelated,unrelated,unrelated,unrelated,unrelated,unrelated
ZQIHYL,"Opera, quae proxima pagina enumerantur",1531,Lyon,LATIN,Joachim Fortius Ringelberg,Sébastien Gryphe,,,,unrelated,unrelated,unrelated,unrelated,unrelated,unrelated,unrelated,unrelated,unrelated,unrelated,unrelated,unrelated,unrelated,unrelated,unrelated,unrelated,unrelated,unrelated,unrelated,unrelated,,,,,,,,,,,,,IOACHIMI FORTII RINGEL- bergij Andouerpsiani,,,,,,,,,,False,False,False,False,False,False,False,False,False,False,False,False,True,False,False,False,False,False,False,False,False,False,0,False,1,True,0,False,0,False,0,False,0,False,unrelated,unrelated,unrelated,unrelated,unrelated,unrelated,unrelated
ZYVGSH,Elementi Decimi Euclidis Declaratio : Nec non De Solidis Regularibus Tractatus,1662,Oxford,LATIN,William Oughtred,Leonard Lichfield,Theoretical Mathematics,,,unrelated,unrelated,unrelated,unrelated,unrelated,unrelated,unrelated,unrelated,unrelated,unrelated,unrelated,unrelated,unrelated,unrelated,unrelated,unrelated,unrelated,unrelated,primary,unrelated,,,ELEMENTI DECIMI EUCLIDIS,De SOLIDIS REGULARIBUS TRACTATUS,De SOLIDIS REGULARIBUS TRACTATUS,DECLARATIO,1662,,,,,,GUILELMO OUGHTREDO ANGLO,,ELEMENTI DECIMI EUCLIDIS,,,OXONIAE,,,"Typis LICHFIELDIANIS, Acad",EUCLIDIS,False,False,True,True,True,True,True,False,False,False,False,False,True,False,True,False,False,True,False,False,True,True,3,True,2,True,0,False,2,True,0,False,3,True,unrelated,primary,unrelated,unrelated,unrelated,unrelated,unrelated
bib-1,Livre singulier et utile touchant l'art et practique de geometrie,1542,Paris,FRENCH,Charles de Bovelles,Benoît Prévost,Practical Geometry,,,unrelated,unrelated,unrelated,unrelated,unrelated,unrelated,unrelated,unrelated,unrelated,unrelated,unrelated,unrelated,unrelated,unrelated,unrelated,unrelated,primary,unrelated,unrelated,unrelated,Composé,,Liure singulier & vti- le,,,touchant l’art et pra- ctique de Geometrie,,,,en Francoys,Composé nouuellement,maistre | Chanoyne de Noyon,Charles de Bou- uelles,,,,,,,,,,True,False,True,False,False,True,False,False,False,True,True,True,True,False,False,False,False,False,False,False,False,False,1,True,2,True,3,True,0,False,0,False,0,False,unrelated,primary,unrelated,unrelated,unrelated,unrelated,unrelated
bib-10,La practique de la geometrie,1570,Paris,FRENCH,"Pierre Forcadel, Oronce Finé",Gilles Gourbin,Instrument Use | Practical Geometry,,,unrelated,unrelated,unrelated,unrelated,unrelated,unrelated,unrelated,unrelated,unrelated,unrelated,primary,unrelated,unrelated,unrelated,unrelated,unrelated,primary,unrelated,unrelated,unrelated,Reueuë | traduicte,,LA PRACTIQVE DE LA GEOME TRIE D’ORONCE,,,"en laquelle est comprins l’vſage du Quarré Geometrique, & de pluſieurs autres inſtrumens ſeruans à meſ me effect: Enſemble la maniere de bien meſu rer toutes ſortes de plans & quantitez corporel les: Auec les figures & demonſtrations",1570,M. le Duc de Guyſe,,,"Reueuë & traduicte par Pierre Forcadel, le cteur du Roy és Mathematiques",le cteur du Roy és Mathematiques,Pierre Forcadel,,,Auec les figures & demonſtrations,,"Chez Gilles Gourbin, à l’enſeigne de l’Eſperan ce, deuant le college de Cambray",,,Chez Gilles Gourbin,,True,False,True,False,False,True,True,True,False,False,True,True,True,False,False,True,False,True,False,False,True,False,1,True,3,True,2,True,1,True,1,True,3,True,unrelated,primary,unrelated,primary,unrelated,unrelated,unrelated
bib-100,,1674,Turin,ITALIAN,Guarino Guarini,Gianelli,Architecture | Practical Geometry,,,primary,unrelated,unrelated,unrelated,unrelated,unrelated,unrelated,unrelated,unrelated,unrelated,unrelated,unrelated,unrelated,unrelated,unrelated,unrelated,primary,unrelated,unrelated,unrelated,,,,,,,M.DC.LXXIV,S. A. R,,,,C. R. TEATINO MATEM,D. GVARINO GVARINI,,,,,TORINO,,,gl’ Heredi Gianelli,,False,False,False,False,False,False,True,True,False,False,False,True,True,False,False,False,False,True,False,False,True,False,0,False,3,True,0,False,0,False,1,True,3,True,unrelated,primary,primary,unrelated,unrelated,unrelated,unrelated
bib-101,,1650,Frankfurt,GERMAN,Michael Havemann,Caspar Rötel,,,,unrelated,unrelated,unrelated,unrelated,unrelated,unrelated,unrelated,unrelated,unrelated,unrelated,unrelated,unrelated,unrelated,unrelated,unrelated,unrelated,unrelated,unrelated,unrelated,unrelated,SCRIPTA | PROPOSITA | edita | ADORNATA,Studiosorum,,,,,M.DC.L,,,,nunc autem in gratiam Studiosorum edita,,MICHAELIS HAVEMANNI,,,,CELEBERRIMA ROSARUM A-CADEMIA,FRANCOFURTI AD MOENUM,,,THOMÆ MATTHIÆ GÖTZII | CASPARIS RÖTELII,,True,True,False,False,False,False,True,False,False,False,True,False,True,False,False,False,True,True,False,False,True,False,0,False,2,True,2,True,0,False,2,True,3,True,unrelated,unrelated,unrelated,unrelated,unrelated,unrelated,unrelated
bib-102,,1652,Jena,GERMAN,Heinrich Hofmann,Johann Birckner,,,,unrelated,unrelated,unrelated,unrelated,unrelated,unrelated,unrelated,unrelated,unrelated,unrelated,unrelated,unrelated,unrelated,unrelated,unrelated,unrelated,unrelated,unrelated,unrelated,unrelated,,,Teutscher EuCLIDES,,,Geometrische Beschreibung,1652,,Teutscher EuCLIDES,Teutscher,,PRO- FESSORIS MATHEMA- TICI in der Univer- sitet Jena,HEINRICI HOFMANNI,,ELEMENTEN,,Univer- sitet Jena,Jena | Erffurth,,,Johann Birckners / Buchhändlers daselbst,Eu- CLIDES,False,False,True,False,False,True,True,False,True,True,False,True,True,False,True,False,True,True,False,False,True,True,4,True,5,True,1,True,0,False,1,True,3,True,unrelated,unrelated,unrelated,unrelated,unrelated,unrelated,unrelated
bib-103,,1604,Frankfurt,GERMAN,Levinus Hulsius,Levinus Hulsius,Instrument Construction | Instrument Use | Practical Geometry | Surveying,Mechanics,,unrelated,unrelated,unrelated,unrelated,unrelated,unrelated,unrelated,unrelated,unrelated,primary,primary,secondary,unrelated,unrelated,unrelated,unrelated,primary,primary,unrelated,unrelated,,,,,,,M. DC. IIII,,,,,,LEVINI HVLSII,,,,,Franckfurt,,,,,False,False,False,False,False,False,True,False,False,False,False,False,True,False,False,False,False,True,False,False,False,False,0,False,1,True,0,False,0,False,0,False,2,True,unrelated,primary,unrelated,primary,unrelated,secondary,unrelated
bib-104,,1681,Rome,LATIN,Paolo Giòvio,Nicolò Angelo Tinassi,,,,unrelated,unrelated,unrelated,unrelated,unrelated,unrelated,unrelated,unrelated,unrelated,unrelated,unrelated,unrelated,unrelated,unrelated,unrelated,unrelated,unrelated,unrelated,unrelated,unrelated,solemniter propositum | solutum,Omnibus totius Orbis Geometris,tribus Libris Euclidis,,,,MDCLXXXI,D. LIVIVM ODESCALCVM,,,,CANONICO,PAVLO IOVIO NOVOCOMENSI,,tribus Libris Euclidis,,Universitate Pragensi | Universitate Romana | Seminarii Romani Coniurctoris,ROMAE,,,Ex Typographia Nicolai Angeli Tinassii,Euclidis,True,True,True,False,False,False,True,True,False,False,False,True,True,False,True,False,True,True,False,False,True,True,3,True,5,True,1,True,0,False,3,True,3,True,unrelated,unrelated,unrelated,unrelated,unrelated,unrelated,unrelated
bib-105,,1594,Nuremberg,LATIN,Cornelis Jode,Christoph Lochner,Instrument Use | Practical Geometry,,,unrelated,unrelated,unrelated,unrelated,unrelated,unrelated,unrelated,unrelated,unrelated,unrelated,primary,unrelated,unrelated,unrelated,unrelated,unrelated,primary,unrelated,unrelated,unrelated,Addita | editus,,DE QVADRANTE GEOMETRICO LIBELLVS,,,"IN QVO QVIDQVID AD LINEARVM ET SVPERFICIERUM, VT POTE ALTITVDINVM ET LATITVDINVM, DI= mensiones facit lucidissime demonstratur",M. D. XCIIII,,,,Sumptibus & expensis CORNELII DE IUDAEIS editus,,,,,Addita figura aenea XXVII. ad maiorem doctrinae intelligentiam & lucem hactenus non ita exposita,,NORIBERGAE,,,TYPIS CHRISTOPHORI LOCHNERI,,True,False,True,False,False,True,True,False,False,False,True,False,False,False,False,True,False,True,False,False,True,False,1,True,0,False,2,True,1,True,0,False,3,True,unrelated,primary,unrelated,primary,unrelated,unrelated,unrelated
bib-106,,1621,Hanau,LATIN,Bartholomaeus Keckermann,Peter Antonius,Astronomy | Geography,Navigation,Theoretical Mathematics,unrelated,unrelated,primary,unrelated,unrelated,unrelated,unrelated,primary,unrelated,unrelated,unrelated,unrelated,unrelated,unrelated,secondary,unrelated,unrelated,unrelated,unknown,unrelated,Emendata | repur-  gata | Adiæcto | accessit | propositum,Publicis prælectionibus,,,,,M DC XXI,,,,"Emendata & ab innumeris mendis repur-  gata | Adiæcto Indice Capitum singulorum librorum | In fine accessit brevis commentatio nautica, ab eodem autore ibidem proposita anno 1603","SS. THEOLOGIÆ Licentiato, & Philosophiæ Professore",BARTHOLOMÆO KECKER- MANNO,,,,Gymnasio Dan- tiscano,HANOVIÆ,,,Apud PETRVM ANTONIVM,,True,True,False,False,False,False,True,False,False,False,True,True,True,False,False,False,True,True,False,False,True,False,0,False,3,True,2,True,0,False,2,True,3,True,unrelated,unknown,unrelated,unrelated,primary,unrelated,unrelated
bib-107,"Systema compendiosum totius mathematices, hoc est geometriæ, opticæ, astronomiæ, et geographiæ publicis prælectionibus anno 1605. in celeberrimo Gymnasio Dantiscano propositum. A Bartholomæo Keckermanno S.S. Theolog. licentiato & Philosophiæ professore In fine accessit brevis Commentatio nautica, ab eodem autore ibidem proposita anno 1603. Adjecto indice capitum singulorum librorum. Demum, ut liber evaderet integer cursus mathematicus, accessit his",1661,Oxford,LATIN,Bartholomaeus Keckermann,William Hall,Arithmetic | Astronomy | Geography,Navigation,,unrelated,primary,primary,unrelated,unrelated,unrelated,unrelated,primary,unrelated,unrelated,unrelated,unrelated,unrelated,unrelated,secondary,unrelated,unrelated,unrelated,unrelated,unrelated,Adjecto | accessit,Publicis Prælectionibus,SYSTEMA COMPENDIOSUM TOTIUS MATHEMATICES,,,"hoc est GEOMETRIÆ, OPTICÆ, ASTRONOMIÆ, ET GEOGRAPHIÆ",M DC LXI,,,,Adjecto indice Capitum Singulorum librorum | In fine accessit brevis Commentatio Nautica,S. S. Theolog. Licentiato & Philosophiæ Professore,BARTHOLOMÆO KECKERMANNO,,,brevis Commentatio Nautica | indice Capitum Singulorum librorum,Gymnasio Dantiscano,OXONII,,,Excudebat Gulielmus Hall pro Francisco Oxlad,,True,True,True,False,False,True,True,False,False,False,True,True,True,False,False,True,True,True,False,False,True,False,1,True,3,True,2,True,1,True,2,True,3,True,primary,unrelated,unrelated,unrelated,primary,unrelated,unrelated
bib-108,"Systema Compendiosum Totius Mathematices, hoc est, Geometriae, Opticae, Astronomiae Et Geographiae , Publicis praelectionibus, anno 1605. in celeberrimo Gymnasio Dantiscano propositum A Bartholomaeo Keckermanno SS. Theologiae Licentiato, [et] Philosophiae",1617,Hanau,LATIN,Bartholomaeus Keckermann,Peter Antonius,Astronomy | Geography,Navigation,Theoretical Mathematics,unrelated,unrelated,primary,unrelated,unrelated,unrelated,unrelated,primary,unrelated,unrelated,unrelated,unrelated,unrelated,unrelated,secondary,unrelated,unrelated,unrelated,unknown,unrelated,accessit | Adiæcto,Publicis prælectionibus,SYSTEMA COMPEN- DIOSVM TOTIVS MA- THEMATICÆ,GEOMETRIÆ | OPTICÆ | ASTRO- NOMIÆ | GEOGRA- PHIÆ,GEOMETRIÆ | OPTICÆ | ASTRO- NOMIÆ | GEOGRA- PHIÆ,,M DC XVII,,,,,"SS. THEOLOGIÆ Licentiato, & Philosophiæ Professore",BARTHOLOMÆO KECKER- MANNO,,,brevis commentatio nautica | Adiæcto Indice Capitum singulorum librorum,Gymnasio Dan- tiscano,HANOVIÆ,,,Apud PETRVM ANTONIVM,,True,True,True,True,True,False,True,False,False,False,False,True,True,False,False,True,True,True,False,False,True,False,1,True,3,True,1,True,3,True,2,True,3,True,unrelated,unknown,unrelated,unrelated,primary,unrelated,unrelated
bib-110,,1692,Paris,FRENCH,Bernard Lamy,André Pralard,Practical Geometry,Theoretical Mathematics,,unrelated,unrelated,unrelated,unrelated,unrelated,unrelated,unrelated,unrelated,unrelated,unrelated,unrelated,unrelated,unrelated,unrelated,unrelated,unrelated,primary,unrelated,secondary,unrelated,,,ELEMENS DE GEOMETRIE,les plus belles Propositions d’Ar- chimede | l’Analyse,Propositions d’Archimede | Analyse,ce qu’Euclide en a enseigné,M. DC. XCII,,,,,Prêtre de l’Oratoire,R. P. BERNARD LAMY,Ar- chimede,ELEMENS DE GEOMETRIE,,l’Oratoire,"PARIS | Chez ANDRE’ PRALARD, ruë S. Jaques",,,ANDRE’ PRALARD,Euclide,False,False,True,True,True,True,True,False,False,False,False,True,True,True,True,False,True,True,False,False,True,True,3,True,5,True,0,False,2,True,1,True,3,True,unrelated,primary,unrelated,unrelated,unrelated,unrelated,unrelated
bib-111,,1682,Paris,FRENCH,Sébastien Le Clerc,Jean Jombert,Practical Geometry,,Surveying | Trigonometry,unrelated,unrelated,unrelated,unrelated,unrelated,unrelated,unrelated,unrelated,unrelated,unrelated,unrelated,unrelated,unrelated,unrelated,unrelated,unrelated,primary,unknown,unrelated,unknown,,,PRATIQUE DE LA GEOMETRIE,,,SUR LE PAPIER ET SUR LE TERRAIN,M. DC. LXXXII,,,,,,,,,,,"PARIS, Chez JEAN JOMBERT, prés des Augustins, à l’Image Nôtre-Dame",,,JEAN JOMBERT,,False,False,True,False,False,True,True,False,False,False,False,False,False,False,False,False,False,True,False,False,True,False,1,True,0,False,0,False,0,False,0,False,3,True,unrelated,primary,unrelated,unknown,unrelated,unrelated,unrelated
bib-112,,1669,Paris,FRENCH,Sébastien Le Clerc,Thomas Jolly,Practical Geometry,,,unrelated,unrelated,unrelated,unrelated,unrelated,unrelated,unrelated,unrelated,unrelated,unrelated,unrelated,unrelated,unrelated,unrelated,unrelated,unrelated,primary,unrelated,unrelated,unrelated,,,,,,SVR LE PAPIER ET SVR LE TERRAIN,M. DC. LXIX,,,,,,,,,AVEC VN NOVVEL ORDRE | une Methode particuliere,,"PARIS | Chez THOMAS JOLLY, au Palais, en la Salle des Merciers, au coin de la Galerie des Prisonniers, à la Palme & aux Armes de Hollande",,,THOMAS JOLLY,,False,False,False,False,False,True,True,False,False,False,False,False,False,False,False,True,False,True,False,False,True,False,0,False,0,False,0,False,1,True,0,False,3,True,unrelated,primary,unrelated,unrelated,unrelated,unrelated,unrelated
bib-113,,1690,Paris,FRENCH,Sébastien Le Clerc,Jean Jombert,,,Theoretical Mathematics,unrelated,unrelated,unrelated,unrelated,unrelated,unrelated,unrelated,unrelated,unrelated,unrelated,unrelated,unrelated,unrelated,unrelated,unrelated,unrelated,unrelated,unrelated,unknown,unrelated,,,TRAITÉ DE GEOMETRIE,,,,M. DC. XC,,,,,,SEB. LE CLERC,,,,,"PARIS, Chez JEAN JOMBERT, prés des Augustins, à l’Image Nôstre-Dame",,,Chez JEAN JOMBERT,,False,False,True,False,False,False,True,False,False,False,False,False,True,False,False,False,False,True,False,False,True,False,1,True,1,True,0,False,0,False,0,False,3,True,unrelated,unknown,unrelated,unrelated,unrelated,unrelated,unrelated
bib-114,,1669,London,ENGLISH,William Leybourn,James Flesher,Practical Geometry,Trigonometry,Navigation,unrelated,unrelated,unrelated,unrelated,unrelated,unrelated,unrelated,unrelated,unrelated,unrelated,unrelated,unrelated,unrelated,unrelated,unknown,unrelated,primary,unrelated,unrelated,secondary,added,Young Sea-men | others that are studious in MATHEMATICALL PRACTICES,NINE GEOMETRICALL EXERCISES,IX particular TREATISES,IX particular TREATISES,"Geometrically performed, by a Line of chords and equal Parts, by waies not usually known or practised | Containing IX particular TREATISES",1669,,,,,Philomath,William Leybourn,,,Analogies or Proportions,,LONDON | Clerken-well-green,,,James Flesher | George Sawbridge,,True,True,True,True,True,True,True,False,False,False,False,True,True,False,False,True,False,True,False,False,True,False,1,True,2,True,1,True,3,True,1,True,3,True,unrelated,primary,unrelated,unrelated,unknown,unrelated,unrelated
bib-115,"Cursus mathematicus. Mathematical sciences, in nine books. Comprehending arithmetick, vulgar, decimal, instrumental, algebraical. Geometry, plain, solid. Cosmography, cœlestial, terrestrial. Astronomy, theorical, practical. Navigation, plain, spherical. Trigonometry, rectilinear, circular. With the description, construction, and use of geometrical and nautical instruments: and the doctrine of triangles applied to practice in mensurations of all kinds: as in",1690,London,ENGLISH,William Leybourn,Thomas Bassett,Arithmetic | Astronomy | Cosmography | Instrument Construction | Instrument Use | Navigation | Practical Geometry | Theoretical Mathematics | Trigonometry,Architecture | Military Engineering | Surveying,,secondary,primary,primary,unrelated,unrelated,unrelated,primary,unrelated,unrelated,primary,primary,unrelated,secondary,unrelated,primary,unrelated,primary,secondary,primary,primary,,by such as would attain to a competent Proficiency in them by their own Industry,,,,,MDCXC,,,,,Philomath,WILLIAM LEYBOURN,,,,,LONDON,,,"Thomas Bassett, Benjamin Tooke, Thomas Sawbridge, Anthony and John Churchill",,False,True,False,False,False,False,True,False,False,False,False,True,True,False,False,False,False,True,False,False,True,False,0,False,2,True,0,False,0,False,1,True,3,True,primary,primary,secondary,primary,primary,secondary,unrelated
bib-116,"Pratica universale facilissima, et breve di misurare con la vista. Parte prima [-2.]",1630,Florence,ITALIAN,Giuseppe Malombra,Simone Ciotti,Practical Geometry,,Surveying,unrelated,unrelated,unrelated,unrelated,unrelated,unrelated,unrelated,unrelated,unrelated,unrelated,unrelated,unrelated,unrelated,unrelated,unrelated,unrelated,primary,unknown,unrelated,unrelated,,,,,,,,,,,,NOBILE CREMONESE,GIUSEPPE MALOMBRA,,,,,,,,,,False,False,False,False,False,False,False,False,False,False,False,True,True,False,False,False,False,False,False,False,False,False,0,False,2,True,0,False,0,False,0,False,0,False,unrelated,primary,unrelated,unknown,unrelated,unrelated,unrelated
bib-117,"Opera mathematica, ofte wis-konstige wercken",1630,Amsterdam,LATIN,Samuel Marolois,Ian Janszoon,Architecture | Military Engineering | Perspective,,,primary,unrelated,unrelated,unrelated,unrelated,unrelated,unrelated,unrelated,unrelated,unrelated,unrelated,unrelated,primary,unrelated,unrelated,primary,unrelated,unrelated,unrelated,unrelated,Beschreven | voor oogen gestelt | oversien | verbeteret | Reueüe | Augmentée | Corrigée,,OPERA MATHEMATICA,Geometrie | Perspe- ctive | Architecture | Fortificatie,Geometrie | Perspe- ctive | Architecture | Fortificatie,"traitans DE GEOMETRIE, PERSPECTIVE, ARCHITECTURE, ET FORTIFICATION",1630 | 1638,,,,"Van nieuws oversien ende verbeteret | Beschreven en voor oogen gestelt | nouueau Reueüe, Augmentée, et Corrigée",Mathematicus | Mathematicien,SAMUEL MAROLOIS | ALBERT GIRARD | ALBERT GIRARD,,,,,AMSTERDAM,,Cum Privilegio,Ian Ianszoon | chez Ian Ianssen,,True,False,True,True,True,True,True,False,False,False,True,True,True,False,False,False,False,True,False,True,True,False,1,True,2,True,2,True,2,True,0,False,4,True,unrelated,unrelated,primary,unrelated,unrelated,primary,unrelated
bib-119,Manuale arithmeticæ et geometriæ practicæ,1646,Amsterdam,LATIN,Adriaan Metius,Henderick Laurentz,Arithmetic | Military Engineering | Practical Geometry | Surveying,Construction | Instrument Use,Instrument Construction,unrelated,primary,unrelated,unrelated,unrelated,secondary,unrelated,unrelated,unrelated,unknown,secondary,unrelated,primary,unrelated,unrelated,unrelated,primary,primary,unrelated,unrelated,verrijckt | gecorrigeert,den Landmeters en Ingenieurs | den Land-meters ende Ingenieurs | den Leser,MANUALE ARITHMETICÆ ET Geometriæ Practicæ,,,"Beneffens de Stock-rekenninghe ofte Rabdologia J. Nepperi, cortelick en duydelick | In het welcke Beneffens de Stockrekeninge ofte Rhabdologia I. Neperi, kortelijck ende duydelijck ’t gene den Land-meters ende Ingenieurs, nopende het Land-meten ende Sterckten-bouwen noot­wendich is, geleert wordt ende exemplaerlijck aengewesen",1634 | 1646,,,,nieu verrijckt met een nieuwe inventie | De tweede Editie,Med. D. & Ma- thes. Profess. ordin. binnen Franeker | Med. D. & Mathes. Prof. ordinar. binnen Franeker,Adrianum Metium | ADRIANVM METIVM,J. Nepperi | I. Neperi,,nieu verrijckt met een nieuwe inventie om alle ronde vatten hare wanhgheden af te pegelen,,Amsterdam | Tot Franeker,,,"Henderick Laurentz, Boeckverkooper op’t Water, int Schrijf-boeck | Ulderick Balck, Ordina- ris Landschaps ende Academiae Boeck- Drucker",,True,True,True,False,False,True,True,False,False,False,True,True,True,True,False,True,False,True,False,False,True,False,1,True,3,True,2,True,1,True,1,True,3,True,primary,primary,secondary,primary,unrelated,primary,unrelated
bib-12,"Opera mathematica. Ou oeuures mathematicques. Traictans de geometrie, perspective, architecture, et fortification",1614,The Hague,FRENCH,Samuel Marolois,Hendrik Hondius,Architecture | Construction | Military Engineering | Perspective,,,primary,unrelated,unrelated,unrelated,unrelated,primary,unrelated,unrelated,unrelated,unrelated,unrelated,unrelated,primary,unrelated,unrelated,primary,unrelated,unrelated,unrelated,unrelated,,,,,,,1614,,,,,,,,,,,Den Haag,,,ex officina Henricus I Hondius,,False,False,False,False,False,False,True,False,False,False,False,False,False,False,False,False,False,True,False,False,True,False,0,False,0,False,0,False,0,False,0,False,3,True,unrelated,unrelated,primary,unrelated,unrelated,primary,unrelated
bib-120,"Clavis mathematica denuò limata, sive potius fabricata. Cui accedit tractatus de resolutione æquationum qualitercunque adfectarum in numeris: et declaratio tum decimi elementi Euclidis de lateribus incommensurabilibus: tum decimi tertii & decimi quarti el",1648,London,LATIN,William Oughtred,Thomas Harper,Arithmetic | Theoretical Mathematics,,,unrelated,primary,unrelated,unrelated,unrelated,unrelated,unrelated,unrelated,unrelated,unrelated,unrelated,unrelated,unrelated,unrelated,unrelated,unrelated,unrelated,unrelated,primary,unrelated,accedit | intexitur,,decimi elementi Euclidis,"Tractatus de Resolutione Æquatio- num qualitercunque adfectarum in numeris | Declaratio tum decimi elementi Euclidis de lateribus incommensurabilibus: tum decimi tertii & decimi quarti ele- menti de quinque solidis Regularibus | Logistica decimalis, & Logarithmorum Doctrina",Tractatus de Resolutione Æquationum | Declaratio | Logistica decimalis | Logarithmorum Doctrina,de lateribus incommensurabilibus: tum decimi tertii & decimi quarti ele- menti de quinque solidis Regularibus,1648,,,,,Anglo,Gulielmo Oughtredo,,decimi elementi Euclidis,"Tractatus de Resolutione Æquatio- num qualitercunque adfectarum in numeris | Declaratio tum decimi elementi Euclidis de lateribus incommensurabilibus: tum decimi tertii & decimi quarti ele- menti de quinque solidis Regularibus | Logistica decimalis, & Logarithmorum Doctrina",,LONDINI | Cœmeterio D. Pauli,,,Thomas Harper | Thomæ Whitakeri,Euclidis,True,False,True,True,True,True,True,False,False,False,False,True,True,False,True,True,False,True,False,False,True,True,3,True,3,True,1,True,3,True,0,False,3,True,primary,primary,unrelated,unrelated,unrelated,unrelated,unrelated
bib-121,,1652,Oxford,LATIN,William Oughtred,Leon Lichfield,,,,unrelated,unrelated,unrelated,unrelated,unrelated,unrelated,unrelated,unrelated,unrelated,unrelated,unrelated,unrelated,unrelated,unrelated,unrelated,unrelated,unrelated,unrelated,unrelated,unrelated,auctior | emendatior | FABRICATA,,,aliis quibusdam ejusdem Commentationibus,Commentationibus,,1652,,,,Editio tertia auctior & emendatior,,,,,,Collegii Regalis in CANTABRIGIA,OXONIÆ,,,"LEON. LICHFIELD, Venenut | THO. ROBINSON",,True,False,False,True,True,False,True,False,False,False,True,False,False,False,False,False,True,True,False,False,True,False,0,False,1,True,2,True,2,True,1,True,3,True,unrelated,unrelated,unrelated,unrelated,unrelated,unrelated,unrelated
bib-122,,1689,Naples,LATIN,Giovanni Battista Palma,"Antonio Parrino, Michele Aloisio Mutio",,,Practical Geometry | Theoretical Mathematics,unrelated,unrelated,unrelated,unrelated,unrelated,unrelated,unrelated,unrelated,unrelated,unrelated,unrelated,unrelated,unrelated,unrelated,unrelated,unrelated,unknown,unrelated,unknown,unrelated,,,EXERCITATIONES,,,IN GEOMETRIAM,1689,"Illustriss.mo & Excellentiss.mo Domino CARMINO NICOLAO CARACCIOLO Castelli de Sangro Duci, Et PRINCIPIS S. BONI Filio meritissimo",,,,,,,,,,NEAPOLI,,,"Ex Nova Sociorum Officina Dom. Ant. Parrino, & Michaelis Aloysii Mutii",,False,False,True,False,False,True,True,True,False,False,False,False,False,False,False,False,False,True,False,False,True,False,1,True,1,True,0,False,0,False,1,True,3,True,unrelated,unknown,unrelated,unrelated,unrelated,unrelated,unrelated
bib-123,"Due breui e facili trattati, il primo d'arithmetica, l'altro de geometria, ne i quali si contengono alcune cose nuoue piaceuoli e utili si a gentilhuomini come artegiani",1558,Lyon,ITALIAN,Giovanni Francesco Peverone,Jean di Tournes,Arithmetic | Practical Geometry,,Architecture,unknown,primary,unrelated,unrelated,unrelated,unrelated,unrelated,unrelated,unrelated,unrelated,unrelated,unrelated,unrelated,unrelated,unrelated,unrelated,primary,unrelated,unrelated,unrelated,,gentiluomini | artegiani,,Il primo d’Arithmetica | l’altro di Geometria,Arithmetica | Geometria,,M. D. LVIII,Sig. Gio. Francesco Peverone di Cuneo,,,,,,,,,,LIONE,,,Gio. di Tovrnes,,False,True,False,True,True,False,True,True,False,False,False,False,False,False,False,False,False,True,False,False,True,False,0,False,1,True,0,False,2,True,2,True,3,True,primary,primary,unknown,unrelated,unrelated,unrelated,unrelated
bib-124,"La geometria prattica cavata da gl'elementi d'Euclide, e d'altri famosi autori. Ridotta in cinquanta tavole, scolpite in rame",1624,Rome,ITALIAN,Giovanni Pomodoro,Giovanni Angelo Ruffinelli,Practical Geometry,,,unrelated,unrelated,unrelated,unrelated,unrelated,unrelated,unrelated,unrelated,unrelated,unrelated,unrelated,unrelated,unrelated,unrelated,unrelated,unrelated,primary,unrelated,unrelated,unrelated,Cauata da,Matematici | Architetti | Geografi | Cosmografi | Bombardieri | Ingegneri | Soldati | tutti gli studiosi d’essi,gli elementi d’Euclide,,,"In cinquanta Tavole, scolpite in Rame, dalle quali con facilità possono apprendere tutte le cose, che al buon Geometra s’appartengono",1604,SIG. PAOLO SAVELLO,,,,Matematico,GIO. SCALA,,gli elementi d’Euclide,"In cinquanta Tavole, scolpite in Rame",,Roma,,,Appresso Gio. Angelo Ruffinelli,Euclide,True,True,True,False,False,True,True,True,False,False,False,True,True,False,True,True,False,True,False,False,True,True,3,True,4,True,1,True,1,True,2,True,3,True,unrelated,primary,unrelated,unrelated,unrelated,unrelated,unrelated
bib-125,"La geometria prattica di Gio. Pomodoro venetiano cavata da gl'elementi d'Euclide, e d'altri famori autori, con l'espositione di Gio. Scala matematico. Ridotta in cinquanta tavole, scolpite in rame dalle quali con facilità si possono apprendere tutte le cose che al buon geometra appartengono",1691,Rome,ITALIAN,Giovanni Pomodoro,,Practical Geometry,,,unrelated,unrelated,unrelated,unrelated,unrelated,unrelated,unrelated,unrelated,unrelated,unrelated,unrelated,unrelated,unrelated,unrelated,unrelated,unrelated,primary,unrelated,unrelated,unrelated,Cauata da | Ridotta,à Misuratori | ad Architetti | à Geografi | à Cosmografi | à Bombardieri | à Ingegneri | à Soldati | à Capitani d’Eserciti,gl’elementi d’Euclide,,,,,IL SIG CARDINALE IACOMO NINI,,,Ridotta in cinquanta Tavole,Matematico,GIO. SCALA,,gl’elementi d’Euclide,l’espositione | cinquanta Tavole,,,,,,Euclide,True,True,True,False,False,False,False,True,False,False,True,True,True,False,True,True,False,False,False,False,False,True,3,True,4,True,2,True,1,True,2,True,0,False,unrelated,primary,unrelated,unrelated,unrelated,unrelated,unrelated
bib-126,"La geometria prattica di Gio. Pomodoro venetiano cavata da gl'elementi d'Euclide, e d'altri famosi autori, con l'espositione di Gio. Scala matematico. Ridotta in cinquanta tavole, scolpite in rame, dalle quali con facilita si possono apprendere tutte le cose, che al buon geometra appartengono",1667,Rome,ITALIAN,Giovanni Pomodoro,,Practical Geometry,Architecture | Cosmography | Geography | Military Engineering | Surveying,,secondary,unrelated,unrelated,unrelated,unrelated,unrelated,secondary,secondary,unrelated,unrelated,unrelated,unrelated,secondary,unrelated,unrelated,unrelated,primary,secondary,unrelated,unrelated,Cauata | espositione | Ridotta,"à Misuratori, ad Architetti, à Geografi, à Cosmografi, à Bombardieri, à Ingegneri, à Soldati, & à Capitani d’Eserciti",gl’elementi d’Euclide,,,,,ALL’EMINENTISS. E REVERENDISS. SIG IL SIG CARDINALE IACOMO NINI,,,,Matematico,GIO. SCALA,,gl’elementi d’Euclide,"cinquanta Tavole, scolpite in Rame",,,,,,Euclide,True,True,True,False,False,False,False,True,False,False,False,True,True,False,True,True,False,False,False,False,False,True,3,True,4,True,1,True,1,True,2,True,0,False,unrelated,primary,secondary,secondary,secondary,secondary,unrelated
bib-127,,1598,Nuremberg,LATIN,Johannes Praetorius,Valentin Furmann,Practical Geometry,,,unrelated,unrelated,unrelated,unrelated,unrelated,unrelated,unrelated,unrelated,unrelated,unrelated,unrelated,unrelated,unrelated,unrelated,unrelated,unrelated,primary,unrelated,unrelated,unrelated,expli- catum,,,,,,M. D. XCVIII,,,,,PRAETORIO IOACHIMICO,JOHAN,,,Aliquot modis expli- catum,,NORINBERGAE,,,EXCUDEBAT VALENTINUS FURMANNUS,,True,False,False,False,False,False,True,False,False,False,False,True,True,False,False,True,False,True,False,False,True,False,0,False,2,True,1,True,1,True,0,False,3,True,unrelated,primary,unrelated,unrelated,unrelated,unrelated,unrelated
bib-128,,1580,Basel,LATIN,Pierre de la Ramée,Eusebius Episcopius,Arithmetic | Practical Geometry | Theoretical Mathematics,,Architecture | Instrument Use,unknown,primary,unrelated,unrelated,unrelated,unrelated,unrelated,unrelated,unrelated,unrelated,unknown,unrelated,unrelated,unrelated,unrelated,unrelated,primary,unrelated,primary,unrelated,,,GEOMETRIAE SEPTEM ET VIGINTI,ARITHMETICAE LIBRI DUO,ARITHMETICAE LIBRI DUO,,M D LXXX,,,,,,P. RAMI,,,,,BASILEAE,,,"PER EUSEBIUM Episcopium, & Nicolai fratris heredes",,False,False,True,True,True,False,True,False,False,False,False,False,True,False,False,False,False,True,False,False,True,False,1,True,1,True,0,False,2,True,0,False,3,True,primary,primary,unknown,unknown,unrelated,unrelated,unrelated
bib-129,,1569,Basel,LATIN,Pierre de la Ramée,Eusebius Episcopius,Arithmetic,,,unrelated,primary,unrelated,unrelated,unrelated,unrelated,unrelated,unrelated,unrelated,unrelated,unrelated,unrelated,unrelated,unrelated,unrelated,unrelated,unrelated,unrelated,unrelated,unrelated,,,GEOMETRIAE SEPTEM ET VIGINTI,ARITHMETICAE LIBRI DUO,ARITHMETICAE LIBRI DUO,,M. D. LXIX,,,,,,P. RAMI,,GEOMETRIAE SEPTEM ET VIGINTI,,,Basileae | BASILEÆ,,,"per Eusebium Episcopium | Nicolai fratris heredes | EUSEBIUM Episcopium, & Nicolai fratris hæredes",,False,False,True,True,True,False,True,False,False,False,False,False,True,False,True,False,False,True,False,False,True,False,2,True,1,True,0,False,2,True,0,False,3,True,primary,unrelated,unrelated,unrelated,unrelated,unrelated,unrelated
bib-13,"La Practique de géométrie, descripte et démonstrée par Jean de Merliers",1565,Paris,FRENCH,Jean Merliers,Gilles Gorbin,Practical Geometry,,Architecture | Instrument Use,unknown,unrelated,unrelated,unrelated,unrelated,unrelated,unrelated,unrelated,unrelated,unrelated,unknown,unrelated,unrelated,unrelated,unrelated,unrelated,primary,unrelated,unrelated,unrelated,DESCRIPTE | DEMONSTREE,,,,,,1575,"MONSEIGNEVR MON- sieur le Febure Sieur de Caumartin, Conseillier du Roy, & General de ses finances en la charge d’outre Seine & Yone",,,,PROFESSEVR DV ROY és Mathematiques,IEAN DE MERLIERS,,,,,"PARIS | Chez Gilles Gorbin, à l’enseigne de l’Esperance, deuant le college de Cambray",,,Chez Gilles Gorbin,,True,False,False,False,False,False,True,True,False,False,False,True,True,False,False,False,False,True,False,False,True,False,0,False,3,True,1,True,0,False,1,True,3,True,unrelated,primary,unknown,unknown,unrelated,unrelated,unrelated
bib-130,,1627,Frankfurt,LATIN,Pierre de la Ramée,Wechel,Arithmetic,,Theoretical Mathematics,unrelated,primary,unrelated,unrelated,unrelated,unrelated,unrelated,unrelated,unrelated,unrelated,unrelated,unrelated,unrelated,unrelated,unrelated,unrelated,unrelated,unrelated,unknown,unrelated,recogniti | aucti | emendati | locupletati,,ARITHMETICAE LIBRI DUO ET GEOMETRIAE SEPTEM ET VIGINTI,,,,M. DC. XXVII,,,,"Dudum quidem à LAZARO SCHONERO recogniti & aucti, nunc vero in postrema hac editione in numeris locis emendati & locupletati","PHILOSOPHI CELEBER- RIMI, ELOQUENTIAE ET MATHE- MATICARUM DISCIPLINARUM Professoris Regii",PETRI RAMI VEROMANDUI,LAZARO SCHONERO,ARITHMETICAE LIBRI DUO ET GEOMETRIAE SEPTEM ET VIGINTI,aucti | emendati | locupletati,,Danielem & Davidem Aubrios & Clementem Schleichium,,,Typis & Sumptibus Wechelianorum,,True,False,True,False,False,False,True,False,False,False,True,True,True,True,True,True,False,True,False,False,True,False,2,True,3,True,2,True,1,True,0,False,3,True,primary,unknown,unrelated,unrelated,unrelated,unrelated,unrelated
bib-131,,1574,London,ENGLISH,Robert Recorde,,Cartography | Instrument Use | Practical Geometry,,,unrelated,unrelated,unrelated,primary,unrelated,unrelated,unrelated,unrelated,unrelated,unrelated,primary,unrelated,unrelated,unrelated,unrelated,unrelated,primary,unrelated,unrelated,unrelated,,for all sortes of menne,,,,,,,,,,,,,,,,,,,,,False,True,False,False,False,False,False,False,False,False,False,False,False,False,False,False,False,False,False,False,False,False,0,False,0,False,0,False,0,False,1,True,0,False,unrelated,primary,unrelated,primary,primary,unrelated,unrelated
bib-132,,1647,Leeuwarden,Dutch,Anguilla Rosaeus,Claude Fonteyne,Surveying,,Practical Geometry,unrelated,unrelated,unrelated,unrelated,unrelated,unrelated,unrelated,unrelated,unrelated,unrelated,unrelated,unrelated,unrelated,unrelated,unrelated,unrelated,unknown,primary,unrelated,unrelated,by-gevoegt,yemandt,Hexameron Geometricum,,,Nieuw Onderwijs der Landt-Meterye,1647,,,,,,D. Anguilla Rosæo,,,"een corte Methode, Coherentiae ende aen-een-hanginge der gantscher Theologie",,TOT LEEUWARDEN,,,"CLAUDE FONTEYNE, Ordi- naris Landtschapts Boeck-Drücker",,True,True,True,False,False,True,True,False,False,False,False,False,True,False,False,True,False,True,False,False,True,False,1,True,1,True,1,True,1,True,1,True,3,True,unrelated,unknown,unrelated,primary,unrelated,unrelated,unrelated
bib-133,"Practical geometry, in two parts: the first, shewing how to perform the four species of arithmetick, (viz. addition, substraction [sic], multiplication, and division,) together with reduction, and the rule of proportion in figures. The second, containing",1650,London,ENGLISH,Thomas Rudd,Robert Leybourn,Arithmetic | Practical Geometry | Surveying,,,unrelated,primary,unrelated,unrelated,unrelated,unrelated,unrelated,unrelated,unrelated,unrelated,unrelated,unrelated,unrelated,unrelated,unrelated,unrelated,primary,primary,unrelated,unrelated,,"A Worke very necessary for all Men, but principally for Surveyors of Land, Engineers, and all other Students in the Mathematicks",PRACTICAL GEOMETRY,,,"In Two Parts:  The First, Shewing how to perform the four Species of ARITHMETICK, (viz. Addition, Substraction, Multiplication, and Division,) Together with Reduction, and the Rule of Proportion in FIGURES.  The Second, Containing A Hundred GEOMETRICALL QUESTIONS, With their Solutions and Demonstrations, some of them being performed Arithmetically, and others Geometri- cally, yet all without the help of Algebra.  A Worke very necessary for all Men, but principally for Surveyors of Land, Engineers, and all other Students in the Mathematicks",1650,,,,,chief Engineer to his late MAJESTY,Captain THOMAS RUDD,,,,,"the Bulwark neer the Tower | the Globe in Pauls Church-yard, neer the West end",,,ROBERT LEYBOURN | Robert Boydell | Samuel Satterthwait,,False,True,True,False,False,True,True,False,False,False,False,True,True,False,False,False,False,True,False,False,True,False,1,True,2,True,0,False,0,False,1,True,3,True,primary,primary,unrelated,primary,unrelated,unrelated,unrelated
bib-134,,1641,Nuremberg,GERMAN,Daniel Schwenter,Simon Halbmayr,Practical Geometry,,,unrelated,unrelated,unrelated,unrelated,unrelated,unrelated,unrelated,unrelated,unrelated,unrelated,unrelated,unrelated,unrelated,unrelated,unrelated,unrelated,primary,unrelated,unrelated,unrelated,AUCTÆ | erfunden | beschrieben | durchsehen | gemehret,Allen / der hochnützlichen Geome- triæ practicæ Liebhabern,GEOME-TRIÆ PRACTICÆ NOVÆ ET AUCTÆ,,,Beschreibung deß nützlichen Geometrischen Tischleins,,,,,NOVÆ ET AUCTÆ,M,M. Danielem Schwenterum,M. Johanne Praetorio S,,,,Nürnberg,,,Simon Halbmayern,,True,True,True,False,False,True,False,False,False,False,True,True,True,True,False,False,False,True,False,False,True,False,1,True,3,True,2,True,0,False,1,True,2,True,unrelated,primary,unrelated,unrelated,unrelated,unrelated,unrelated
bib-135,,1667,Nuremberg,GERMAN,Daniel Schwenter,"Johann Andrea Endter, Wolfgang Endter",Practical Geometry | Surveying,Instrument Use,,unrelated,unrelated,unrelated,unrelated,unrelated,unrelated,unrelated,unrelated,unrelated,unrelated,secondary,unrelated,unrelated,unrelated,unrelated,unrelated,primary,primary,unrelated,unrelated,gegeben | vermehrt,"Allen Professionen, und insonderheit der Geometriæ Liebhabern",GEOMETRIÆ PRACTICÆ NOVÆ ET AUCTÆ LIBRI IV,,,"Im I. Aus rechtem Fundament gewiesen wird; wie man in der Geometria, auf dem Papyr und Lande, mit denen dazu gehörigen Instrumenten, ja zur Noth ohne die- selben, verfahren und practicien solle | Im II. Wie ohne einig künstlich Geometrisch Instrument, allein mit der Meßruthe und etlichen Stäben, das Land zu messen | Im III. Die Beschreibung deß nützlichen Geometrischen Tisch- leins M. Johannis Pratorii | Im IV. Die Erfindung Camillæ Ravertræ, aus einem Stand das Land zu messen",M. DC. LXVII,,,,,"Architect, & Ingenieur",GEORGIUM ANDREAM BÖCKLERN,M. Johannis Pratorii | Camillæ Ravertræ,,mit vielen nütz- lichen Additionen und neuen Figuren,,Nürnberg,,,Johann Andreae Endters | Wolfgang des- selbigen Sel. Erben,,True,True,True,False,False,True,True,False,False,False,False,True,True,True,False,True,False,True,False,False,True,False,1,True,3,True,1,True,1,True,1,True,3,True,unrelated,primary,unrelated,primary,unrelated,unrelated,unrelated
bib-136,,1634,Leiden,FRENCH,Simon Stevin,"Bonaventure Elzevier, Abraham Elzevier",,,,unrelated,unrelated,unrelated,unrelated,unrelated,unrelated,unrelated,unrelated,unrelated,unrelated,unrelated,unrelated,unrelated,unrelated,unrelated,unrelated,unrelated,unrelated,unrelated,unrelated,insérées | corrigé | augmenté | revu,,LES ŒUVRES Mathematiques,MEMOIRES MATHEMATIQVES | Esquelles,MEMOIRES MATHEMATIQVES | Esquelles,,1634,"le Tres-haut & Tres-illustre Prince MAURICE de NASSAU, Prince d’Auvergne",,,"Le tout revu, corrigé, & augmenté","Samielois, Mathematicien",ALBERT GIRARD,,,,,Chez Bonaventure & Abraham Elzevier,,,"Bonaventure & Abraham Elzevier, Imprimeurs ordinaires de l’Université",,True,False,True,True,True,False,True,True,False,False,True,True,True,False,False,False,False,True,False,False,True,False,1,True,3,True,2,True,2,True,1,True,3,True,unrelated,unrelated,unrelated,unrelated,unrelated,unrelated,unrelated
bib-137,,1693,Altdorf,LATIN,Johann Christoph Sturm,Heinrich Meyer,Architecture | Arithmetic | Gnomonics & Horology | Mechanics | Military Engineering | Theoretical Mathematics | Trigonometry,,,primary,primary,unrelated,unrelated,unrelated,unrelated,unrelated,unrelated,primary,unrelated,unrelated,primary,primary,unrelated,unrelated,unrelated,unrelated,unrelated,primary,primary,auctior | emendatiorq | edita | adornata | comprehenſa | illustrata,In tyronum usum pro Collegiis privatis,,,,,1693,,,,"nunc altera vice, auctior emendatiorq edita",Philos. Natur. & Mathem. P. P,JOH. CHRISTOPH. STURMII,,,comprehenſa & Figuris aëri incisis illustrata | adornata,,ALTDORFFI Noricorum,,,"HEINRICI MEYERI, Universit. Typographi",,True,True,False,False,False,False,True,False,False,False,True,True,True,False,False,True,False,True,False,False,True,False,0,False,2,True,2,True,1,True,1,True,3,True,primary,primary,primary,primary,unrelated,primary,unrelated
bib-138,,1641,Louvain,LATIN,Wolfgang Philips Jakob Unverzagt,,,,,unrelated,unrelated,unrelated,unrelated,unrelated,unrelated,unrelated,unrelated,unrelated,unrelated,unrelated,unrelated,unrelated,unrelated,unrelated,unrelated,unrelated,unrelated,unrelated,unrelated,,,ANNVS POSITIONVM MATHEMATICARVM,,,,M.DC.XLI,Dom. D. WOLFFGANG9 PHILIPP9 IACOBVS VNVERZAGT Baro De Ebenfurt,,,,R. P | SOCtIS IESV MAT: PROFESSORE,IOE CIERMANS,,,,SOCtIS IESV,Lovanii in Collegio Societ. IESV,,,,,False,False,True,False,False,False,True,True,False,False,False,True,True,False,False,False,True,True,False,False,False,False,1,True,4,True,0,False,0,False,2,True,2,True,unrelated,unrelated,unrelated,unrelated,unrelated,unrelated,unrelated
bib-139,,1673,Amsterdam,DUTCH,Wynant van Westen,Jacobsz,,Architecture | Arithmetic | Astronomy | Cosmography | Geography,Music Theory | Practical Geometry | Theoretical Mathematics,secondary,secondary,secondary,unrelated,unrelated,unrelated,secondary,secondary,unrelated,unrelated,unrelated,unrelated,unrelated,unknown,unrelated,unrelated,unknown,unrelated,unknown,unrelated,Te samen gevoeght | Getranslateert | verrijckt | vermeerdert | verbeterd | Oversien | verbeteret,,,Arithmetica | Geometria | Astronomia | Geographia | Cosmographia | Musica | Physica | Optica | Catoptrica | Architectonica | Scioterica,Arithmetica | Geometria | Astronomia | Geographia | Cosmographia | Musica | Physica | Optica | Catoptrica | Architectonica | Scioterica,,1673,,,Nederduytsche Tale,"Den sesten Druck, op nieuws Oversien, ende van vele Druck-fauten verbeteret",Mathematicus der Stadt Nymegen,WYNANT van WESTEN,,,met verscheyden Observationen en Annotationen,,"t’AMSTERDAM | Loots-Man, op’t Water, in de Loots-Man",uyt Francoys,,de Weduw’ van Theunis Jacobsz,,True,False,False,True,True,False,True,False,False,True,True,True,True,False,False,True,False,True,True,False,True,False,0,False,2,True,4,True,3,True,0,False,3,True,secondary,unknown,secondary,unrelated,secondary,unrelated,unknown
bib-14,"Somma di arithmetica, geometria, proporzioni e proporzionalità",1494,Venice,LATIN,Luca Pacioli,Paganino de’ Paganini,Arithmetic | Theoretical Mathematics,,Practical Geometry,unrelated,primary,unrelated,unrelated,unrelated,unrelated,unrelated,unrelated,unrelated,unrelated,unrelated,unrelated,unrelated,unrelated,unrelated,unrelated,unknown,unrelated,primary,unrelated,,,,,,,,,,,,,,,,,,,,,,,False,False,False,False,False,False,False,False,False,False,False,False,False,False,False,False,False,False,False,False,False,False,0,False,0,False,0,False,0,False,0,False,0,False,primary,primary,unrelated,unrelated,unrelated,unrelated,unrelated
bib-140,,1644,Arnhem,DUTCH,Wynant van Westen,Jacob van Biesen,,Architecture | Arithmetic | Astronomy | Cosmography | Geography,Music Theory | Theoretical Mathematics,secondary,secondary,secondary,unrelated,unrelated,unrelated,secondary,secondary,unrelated,unrelated,unrelated,unrelated,unrelated,unknown,unrelated,unrelated,unrelated,unrelated,unknown,unrelated,Te samen ghevoeght | Ghetranslateert | verrijckt | vermeerdert | verbeteret | op nieuws oversien | verbetert,,,,,,1644,,,Ne-derduytsche tale,"Den derden Drucx, op nieuws oversien ende verbetert",Mathem. ende Organist der Stadt Niuemegen,WYNANT van WESTEN,,,"Te samen ghevoeght Van verscheyden ghenuchtijcke ende boertige Werck-stucken, soo uyt Arithmetica, Geometria, Astronomia, Geographia, Cosmographia, Musica, Physica, Optica, Catoptrica, Architectonica, Scioterica, als uyt andere onghehoorde Mysterien meer | Te samen ghevoeght Van verscheyden ghenuchtijcke ende boertige Werck-stucken | verrijckt, vermeerdert, ende verbeteret met verscheyden Observationen ende Annotationen | Den derden Drucx, op nieuws oversien ende verbetert",,ARNHEM,Fransch,,"Jacob van Biesen, Boeckverkooper in den vergulden Bybel",,True,False,False,False,False,False,True,False,False,True,True,True,True,False,False,True,False,True,True,False,True,False,0,False,2,True,4,True,1,True,0,False,3,True,secondary,unknown,secondary,unrelated,secondary,unrelated,unknown
bib-141,,1672,Arnhem,DUTCH,Wynant van Westen,Jacob van Biesen,,Architecture | Arithmetic | Astronomy | Cosmography | Geography | Music Theory,,secondary,secondary,secondary,unrelated,unrelated,unrelated,secondary,secondary,unrelated,unrelated,unrelated,unrelated,unrelated,secondary,unrelated,unrelated,unrelated,unrelated,unrelated,unrelated,Te samen gevoeght | Getranslateert | verrijckt | vermeerdert | verbeteret | op nieuws oversien,,,Arithmetica | Geometria | Astronomia | Geographia | Cos- mographia | Musica | Physica | Optica | Catoptrica | Architectonica | Scioterica,Arithmetica | Geometria | Astronomia | Geographia | Cos- mographia | Musica | Physica | Optica | Catoptrica | Architectonica | Scioterica,,1672,,,Nederduytsche Tale,"Den vijfden druck, op nieuws oversien ende van vele druck-fauten verbeteret",Mathem. der Stadt Nymegen,WYNANT van WESTEN,,,met verscheyden Observationen ende Annotationen,,ARNHEM,Francoys,,"Jacob van Biesen, Ordinarius Drücker van den Ed. Hove van Gelderlandt",,True,False,False,True,True,False,True,False,False,True,True,True,True,False,False,True,False,True,True,False,True,False,0,False,2,True,4,True,3,True,0,False,3,True,secondary,unrelated,secondary,unrelated,secondary,unrelated,secondary
bib-142,,1663,Arnhem,DUTCH,Wynant van Westen,Jacob van Biesen,,Architecture | Arithmetic | Astronomy | Cosmography | Geography,Music Theory | Practical Geometry | Theoretical Mathematics,secondary,secondary,secondary,unrelated,unrelated,unrelated,secondary,secondary,unrelated,unrelated,unrelated,unrelated,unrelated,unknown,unrelated,unrelated,unknown,unrelated,unknown,unrelated,Te samen ghevoeght | Getranslateert | verrijckt | vermeerdert | verbeteret | overſien,,,,,,1663,,,in Neder- duytſche tale,Den Vierden Druck | op nieuws overſien | van vele Druck-fauten verbeteret,Mathem. ende Organist der Stadt Nymegen,WYNANT van WESTEN,,,"Te samen ghevoeght Van verscheyden ghenuchelijcke ende boertighe Werck-stucken | verrijckt, vermeerdert ende verbeteret met verſcheyden Obſervationen ende Annotationen",,ARNHEM,uyt het Francſch,,"Jacob van Biesen, Ordinariſ Drucker van den Ed. Hove van Gelderlandt",,True,False,False,False,False,False,True,False,False,True,True,True,True,False,False,True,False,True,True,False,True,False,0,False,2,True,4,True,1,True,0,False,3,True,secondary,unknown,secondary,unrelated,secondary,unrelated,unknown
bib-143,,1690,Rome,LATIN,Girolamo Vitali,Joseph Vannacci,,,,unrelated,unrelated,unrelated,unrelated,unrelated,unrelated,unrelated,unrelated,unrelated,unrelated,unrelated,unrelated,unrelated,unrelated,unrelated,unrelated,unrelated,unrelated,unrelated,unrelated,additis,"Rerum omnium ad universam planè Mathesim quocunque modo, directè, vel indirectè spectantium | Tyronum",,,,"Continens Terminum, praesertim exoticorum, dilucidationem, Nominis rationem, atque Etymologiam, Principia, Praecepta communia, Axiomata, &c. ac brevem, & exactam Doctrinae traditionem",MDCXC,,,,,,HIERONYMO VITALI,,,"additis, ubi opus est, schematibus",,ROMAE,,,TYPIS ET IMPENSIS IOSEPHI VANNACCI,,True,True,False,False,False,True,True,False,False,False,False,False,True,False,False,True,False,True,False,False,True,False,0,False,1,True,1,True,1,True,1,True,3,True,unrelated,unrelated,unrelated,unrelated,unrelated,unrelated,unrelated
bib-144,,1668,Paris,LATIN,Girolamo Vitali,Ludovic Billaine,Astronomy | Theoretical Mathematics,,Arithmetic | Trigonometry,unrelated,unknown,primary,unrelated,unrelated,unrelated,unrelated,unrelated,unrelated,unrelated,unrelated,unrelated,unrelated,unrelated,unrelated,unrelated,unrelated,unrelated,primary,unknown,Adjectâ,,LEXICON MATHEMATICUM ASTRONOMICUM GEOMETRICUM,,,"Hoc est Rerum omnium ad utramque immo & ad omnem ferè Mathesim quomodocumque spectantium, Collectio, & explicatio",M. DC. LXVIII,,,,,"Clerico Regulari, vulgo Theatino",HIERONYMO VITALI Capuano,,,"Adjectâ brevi novorum Theorematum expensione, verbo- rumque exoticorum dilucidatione",,"PARISIIS | Ex Officina LUDOVIC. BILLAINE, in Palatio Regio",,,Ex Officina LUDOVIC. BILLAINE,,True,False,True,False,False,True,True,False,False,False,False,True,True,False,False,True,False,True,False,False,True,False,1,True,2,True,1,True,1,True,0,False,3,True,unknown,primary,unrelated,unrelated,primary,unrelated,unrelated
bib-145,"Euclides nuevo-antiguo geometria especulativa y practica de los planos, y solidos",1678,Madrid,SPANISH,José Zaragoza,Antonio Francisco de Zafra,Practical Geometry | Theoretical Mathematics,,,unrelated,unrelated,unrelated,unrelated,unrelated,unrelated,unrelated,unrelated,unrelated,unrelated,unrelated,unrelated,unrelated,unrelated,unrelated,unrelated,primary,unrelated,primary,unrelated,,,EVCLIDES NVEVO-ANTIGVO,,,"GEOMETRIA ESPECVLATIVA, Y PRACTICA DE LOS PLANOS, Y SOLIDOS",M. DC. LXXVIII,"AL EXCmo. SEÑOR D. GREGORIO de Silva, &c. Principe de Melito, Duque del Infantado, y Pastrana, &c",,,,"de la Compañía de Iesvs, Calificador de la Su- prema Inquisicion, Cathedratico de Theologia Escolástica en los Colegios de Mallorca, Barce- lona, y Valencia; y de Mathematica en el Impe- rial de Madrid: de la Real Junta de Minas, y Maestro de Mathematicas de su Mag. Carlos II",EL R. P. IOSEPH ZARAGOZA,,EVCLIDES NVEVO-ANTIGVO,,"de la Compañía de Iesvs | los Colegios de Mallorca, Barce- lona, y Valencia | el Imperial de Madrid | de la Real Junta de Minas",Madrid,,CON LICENCIA DE LOS SVPERIORES,Antonio Francisco de Zafra,EVCLIDES,False,False,True,False,False,True,True,True,False,False,False,True,True,False,True,False,True,True,False,True,True,True,3,True,5,True,0,False,0,False,2,True,4,True,unrelated,primary,unrelated,unrelated,unrelated,unrelated,unrelated
bib-146,"Geometria especulativa y pratica de los planos, y solidos",1671,Valencia,SPANISH,José Zaragoza,Geronimo Villagrassa,Practical Geometry | Theoretical Mathematics,,,unrelated,unrelated,unrelated,unrelated,unrelated,unrelated,unrelated,unrelated,unrelated,unrelated,unrelated,unrelated,unrelated,unrelated,unrelated,unrelated,primary,unrelated,primary,unrelated,IMPRESSA,,"GEOMETRIA ESPECVLATIVA, Y PRATICA DE LOS PLANOS, Y SOLIDOS",,,,M.DC.LXXI,"Ioseph Vicente del Olmo Cavallero, Secretario del Santo Oficio",,,,"M.R.P | de la Compañía de Iesus | Calificador del Santo Oficio | Cathedratico de Theologia Escolástica en los Colegios de Mallorca, Barcelona, y Valencia | agora de Mathematicas en los Estudios Reales del Imperial de Madrid",Ioseph Zaragoza,,,,"Compañía de Iesus | Colegios de Mallorca, Barcelona, y Valencia | Estudios Reales del Imperial de Madrid | Santo Oficio",Valencia,,DE ORDEN DEL EXCELENTISSIMO Señor Marqués de Leganes,Geronimo Villagraſsa,,True,False,True,False,False,False,True,True,False,False,False,True,True,False,False,False,True,True,False,True,True,False,1,True,4,True,1,True,0,False,2,True,4,True,unrelated,primary,unrelated,unrelated,unrelated,unrelated,unrelated
bib-147,Due dialoghi di m. Iacomo de' Lanteri da Paratico bresciano; ne i quali s'introduce messer Girolamo Catanio novarese & messer Francesco Trevisi ingegnero veronese con un giovene bresciano a ragionare del modo di disegnare le piante delle fortezze secondo Euclide; et del modo di comporre i modelli et torre in disegno le piante della città,1557,Venice,ITALIAN,Giacomo Lanteri,"Vincenzo Valgrisi, Baldessar Costantini",Architecture | Military Engineering | Practical Geometry,,,primary,unrelated,unrelated,unrelated,unrelated,unrelated,unrelated,unrelated,unrelated,unrelated,unrelated,unrelated,primary,unrelated,unrelated,unrelated,primary,unrelated,unrelated,unrelated,S’INTRODVCE,,DEL MODO DI DISEGNARE LE piante delle fortezze secondo Euclide,,,"ET DEL MODO DI COMPORRE I MODELLI, & torre in disegno le piante delle Città",M D LVII,M. IACOMO DE’ LANTERI,,,,Nouarese | ingegnero Veronese,Girolamo Catanio | Francesco Treuisi,,,,,Venetia,,,"Vincenzo Valgrisij, & Baldessar Costantini",Euclide,True,False,True,False,False,True,True,True,False,False,False,True,True,False,False,False,False,True,False,False,True,True,2,True,4,True,1,True,0,False,1,True,3,True,unrelated,primary,primary,unrelated,unrelated,primary,unrelated
bib-148,,1598,Paris,FRENCH,Ambroise Bachot, Ambroise Bachot,Military Engineering | Perspective | Practical Geometry,Architecture,,secondary,unrelated,unrelated,unrelated,unrelated,unrelated,unrelated,unrelated,unrelated,unrelated,unrelated,unrelated,primary,unrelated,unrelated,primary,primary,unrelated,unrelated,unrelated,Imprimé,le curieux de Geo- metrie,,,,,,,,,,CAPITAINE INGENIEVR DV ROY,D’AMBROISE BACHOT,,,,,,,,,,True,True,False,False,False,False,False,False,False,False,False,True,True,False,False,False,False,False,False,False,False,False,0,False,2,True,1,True,0,False,1,True,0,False,unrelated,primary,primary,unrelated,unrelated,primary,unrelated
bib-149,,1606,Milan,"ITALIAN, LATIN",Luigi Colliado,"Girolamo Bordoni, Pietromartire Locarni",Military Engineering,Construction | Mechanics,,unrelated,unrelated,unrelated,unrelated,unrelated,secondary,unrelated,unrelated,unrelated,unrelated,unrelated,secondary,primary,unrelated,unrelated,unrelated,unrelated,unrelated,unrelated,unrelated,Composta,"ad ogni Officiale, e Soldato, che seguiti la Guerra | à chi si diletta di saper quanto conuenga alla professione Soldatesca",,,,,1606,,,,,Ingegnere del Real’ Essercito di S. Maestà Cattolica in Italia,Luigi Colliado,,,,Real’ Essercito di S. Maestà Cattolica,Milano,,"CON PRIVILEGIO, ET LICENZA DE’ SVPERIORI",Girolamo Bordoni | Pietromartire Locarni,,True,True,False,False,False,False,True,False,False,False,False,True,True,False,False,False,True,True,False,True,True,False,0,False,3,True,1,True,0,False,2,True,4,True,unrelated,unrelated,secondary,unrelated,unrelated,primary,unrelated
bib-15, L' Arithmetique de Jacques Peletier du Mans,1554,Lyon,FRENCH,Jacques Peletier,Jean di Tournes,Arithmetic,,,unrelated,primary,unrelated,unrelated,unrelated,unrelated,unrelated,unrelated,unrelated,unrelated,unrelated,unrelated,unrelated,unrelated,unrelated,unrelated,unrelated,unrelated,unrelated,unrelated,Reuieüe | augmentee,,L’ARITHMETI-QUE DE IAQVES,,,,M. D. LIIII,,,,Reuieüe & augmentee par l’Autheur,,PELETIER du Mans,,,,,,,,Par Ian de Tournes,,True,False,True,False,False,False,True,False,False,False,True,False,True,False,False,False,False,False,False,False,True,False,1,True,1,True,2,True,0,False,0,False,2,True,primary,unrelated,unrelated,unrelated,unrelated,unrelated,unrelated
bib-150,The theorike and practike of moderne warres discoursed in dialogue wise,1598,London,ENGLISH,Robert Barret,William Ponsonby,Military Engineering,Practical Geometry,,unrelated,unrelated,unrelated,unrelated,unrelated,unrelated,unrelated,unrelated,unrelated,unrelated,unrelated,unrelated,primary,unrelated,unrelated,unrelated,secondary,unrelated,unrelated,unrelated,Discoursed | VVritten | Comprehended,,THE THEORIKE AND PRACTIKE OF MODERNE WARRES,,,"VVHEREIN IS DECLARED THE NEGLECT OF Martiall discipline: the inconuenience thereof: the imperfections of manie training Captaines: a redresse by due regard had: the fittest weapons for our Moderne VVarre: the vse of the same: the parts of a perfect souldier in generall and in particular: the Officers in degrees, with their seuerall duties: the imbattailing of men in formes now most in vse: with figures and Tables to the same: with sundrie other martiall points",1598,,,,,,ROBERT BARRET,,,with figures and Tables to the same | with sundrie other martiall points,,LONDON,,,VVillian Ponsonby,,True,False,True,False,False,True,True,False,False,False,False,False,True,False,False,True,False,True,False,False,True,False,1,True,1,True,1,True,1,True,0,False,3,True,unrelated,secondary,unrelated,unrelated,unrelated,primary,unrelated
bib-151,,1567,Brescia,ITALIAN,Girolamo Cataneo,Thomaso Bozola,Arithmetic | Military Engineering,,Practical Geometry,unrelated,primary,unrelated,unrelated,unrelated,unrelated,unrelated,unrelated,unrelated,unrelated,unrelated,unrelated,primary,unrelated,unrelated,unrelated,unknown,unrelated,unrelated,unrelated,APPRESSO | APPROVATO | AGGIONTE | ampliate,da cento fin’à ventimilia huomini,,,,PER SAPERE CON PRESTEZZA QVANTE FILE VANNO A FORMare VNA GVISTISSIMA BATTAGLIA,1567,,,,"DI NVOVO AGGIONTE, ET LARGAMENTE ampliate, tanto nella dichiaratione, come in esse tavole, dal medesimo autore",,GIROLAMO CATANEO NOVARESE,,,"DI NVOVO AGGIONTE, ET LARGAMENTE ampliate",,BRESCIA,,,Appresso Thomaso Bozola,,True,True,False,False,False,True,True,False,False,False,True,False,True,False,False,True,False,True,False,False,True,False,0,False,1,True,2,True,1,True,1,True,3,True,primary,unknown,unrelated,unrelated,unrelated,primary,unrelated
bib-152,,1583,Venice,ITALIAN,Girolamo Maggi,Camillo Borgominiero,Construction | Military Engineering,,,unrelated,unrelated,unrelated,unrelated,unrelated,primary,unrelated,unrelated,unrelated,unrelated,unrelated,unrelated,primary,unrelated,unrelated,unrelated,unrelated,unrelated,unrelated,unrelated,,,DELLA FORTIFICATIONE DELLE CITTA,"Discorso del medesimo MAGGI sopra la Fortificatione de gli alloggiamenti de gli esserciti | Discorso del Capitan FRANCESCO MONTEMELINO sopra la fortificatione del Borgo di Roma | Trattato dell’Ordinanze, ouero Battaglie del Capitan GIOVACHINO da Coniano | Ragionamento del sudetto CASTRIOTTO sopra le fortezze della Francia","Discorso del medesimo MAGGI | Discorso del Capitan FRANCESCO MONTEMELINO | Trattato dell’Ordinanze, ouero Battaglie | Ragionamento del sudetto CASTRIOTTO","Ne’ quali, oltre le molte inventioni di questi Autori, si contiene tutto quello di più importanza, che fino ad hora è stato scritto di questa materia; con infinite cose, che da molti Signori, Capitani, & Ingegneri dell’età nostra si sono hautue",M D LXXXIII,,,,,,,,,,,VENETIA,,CON PRIVILEGIO,"Appresso Camillo Borgominiero, al Segno di S. Giorgia",,False,False,True,True,True,True,True,False,False,False,False,False,False,False,False,False,False,True,False,True,True,False,1,True,0,False,0,False,2,True,0,False,4,True,unrelated,unrelated,primary,unrelated,unrelated,primary,unrelated
bib-153,"An arithmeticall militare treatise, named Stratioticos compendiously teaching the science of numbers, as well in fractions as integers, and so much of the rules and aequations algebraicall and arte of numbers cossicall, as are requisite for the profession of a soldiour.",1579,London,ENGLISH,Leonard Digges,Henrie Bynneman,Arithmetic,Military Engineering,,unrelated,primary,unrelated,unrelated,unrelated,unrelated,unrelated,unrelated,unrelated,unrelated,unrelated,unrelated,secondary,unrelated,unrelated,unrelated,unrelated,unrelated,unrelated,unrelated,Augmented | digested | finished | adjoyned,for the Profession of a Soldiour,,"the Moderne Militare Discipline, Offices, Lawes and Duties in every wel governed Campe and Armie | his other Treatize of Pyrotechny and great Artillerie","Moderne Militare Discipline, Offices, Lawes and Duties | Treatize of Pyrotechny and great Artillerie",,1579,,,,"Long since attempted by LEONARD DIGGES Gentleman | Augmented, digested, and lately finished, by THOMAS DIGGES, his Sonne",Gentleman,LEONARD DIGGES | THOMAS DIGGES,,,adjoyned certaine Questions of great Ordinance,,LONDON,,,Henrie Bynneman,,True,True,False,True,True,False,True,False,False,False,True,True,True,False,False,True,False,True,False,False,True,False,0,False,2,True,2,True,3,True,1,True,3,True,primary,unrelated,unrelated,unrelated,unrelated,secondary,unrelated
bib-154,,1590,London,ENGLISH,Leonard Digges,Richard Field,Arithmetic | Military Engineering,,,unrelated,primary,unrelated,unrelated,unrelated,unrelated,unrelated,unrelated,unrelated,unrelated,unrelated,unrelated,primary,unrelated,unrelated,unrelated,unrelated,unrelated,unrelated,unrelated,augmented | reuiwed | corrected | published,for the profession of a Souldier,ARITHMETICAL VVARLIKE TREATISE NAMED STRATIOTICOS,"the Moderne Militare Discipline, Offices, Lawes and orders",Moderne Militare Discipline,"Compendiously teaching the Science of Numbers as well in Fractions as Integers, and so much of the Rules and Æquations Algebraicall, and Art of Num- bers Cossicall, as are requisite for the profession of a Souldier",1590,the right Honourable Earle of Lei- cester,,,reuiwed and corrected by the author him selfe | augmented with sundry additions | First published by Thomas Digges Esquire Anno Salutis 1579,,,,,sundry additions,,LONDON,,,Richard Field,,True,True,True,True,True,True,True,True,False,False,True,False,False,False,False,True,False,True,False,False,True,False,1,True,1,True,2,True,3,True,2,True,3,True,primary,unrelated,unrelated,unrelated,unrelated,primary,unrelated
bib-155,,1503,Freiburg,LATIN,Gregor Reisch,Johann Schott,,,Architecture | Instrument Use | Practical Geometry,unknown,unrelated,unrelated,unrelated,unrelated,unrelated,unrelated,unrelated,unrelated,unrelated,unknown,unrelated,unrelated,unrelated,unrelated,unrelated,unknown,unrelated,unrelated,unrelated,,,,,,,,,,,,,,,,,,,,,,,False,False,False,False,False,False,False,False,False,False,False,False,False,False,False,False,False,False,False,False,False,False,0,False,0,False,0,False,0,False,0,False,0,False,unrelated,unknown,unknown,unknown,unrelated,unrelated,unrelated
bib-156,,1581,Venice,ITALIAN,Guidobaldo del Monte,Francesco de Franceschi,Instrument Use | Mechanics,Architecture | Military Engineering,Practical Geometry,secondary,unrelated,unrelated,unrelated,unrelated,unrelated,unrelated,unrelated,unrelated,unrelated,primary,primary,secondary,unrelated,unrelated,unrelated,unknown,unrelated,unrelated,unrelated,TRADOTTE,chi si diletta di questa nobilissima Scienza | Capitani di guerra | Ingegneri | Architetti | Artefice,,,,la vera Dottrina di tutti gli Instrumenti principali da mouer pesi grandissimi con picciola forza,M D LXXXI,ILLVSTRISS. SIG. GVIDO VBALDO DE’ MARCHESI DEL MONTE,,IN VOLGARE,,SIG,FILIPPO PIGAFETTA,,,"i vocaboli, & luoghi più difficili",,Venetia,,,Appresso Francesco di Franceschi Sanese,,True,True,False,False,False,True,True,True,False,True,False,True,True,False,False,True,False,True,False,False,True,False,0,False,3,True,2,True,1,True,2,True,3,True,unrelated,unknown,secondary,primary,unrelated,primary,unrelated
bib-157,,1649,London,ENGLISH,Balthazar Gerbier,Robert Ibbitson,Cosmography,Geography,Astronomy,unrelated,unrelated,unknown,unrelated,unrelated,unrelated,primary,secondary,unrelated,unrelated,unrelated,unrelated,unrelated,unrelated,unrelated,unrelated,unrelated,unrelated,unrelated,unrelated,Read Publiquely,,,,,,1649,,,,,,,,,,ACADEMY,London | Smithfield neer Hosier Lane,,Imprimatur,Robert Ibbitson,,True,False,False,False,False,False,True,False,False,False,False,False,False,False,False,False,True,True,False,True,True,False,0,False,1,True,1,True,0,False,1,True,4,True,unrelated,unrelated,unrelated,unrelated,primary,unrelated,unrelated
bib-158,"Urania practica: or, Practical astronomie: in VI parts, containing, I. An explanation of the vulgar notes used every year, with the order how to finde them for ever, in the Julian and Gregorian accompts, both arithmetically, and by new invented tables. II",1649,London,ENGLISH,"Vincent Wing, William Leybourn",Robert Leybourn,Astronomy | Geography | Trigonometry,Arithmetic | Navigation,,unrelated,secondary,primary,unrelated,unrelated,unrelated,unrelated,primary,unrelated,unrelated,unrelated,unrelated,unrelated,unrelated,secondary,unrelated,unrelated,unrelated,unrelated,primary,added | Calculated | compared | made,for the benefit of Sea-men,,,,,1649,,,in the English Tongue,,Practitioners in the Mathematicks,VINCENT WING | WILL. LEYBOURN,,,"diverse Rules and Tables, of extraordinary use in NAVIGATION",,LONDON | Monks-well Street neere Cripplegate,,,R. Leybourn,,True,True,False,False,False,False,True,False,False,True,False,True,True,False,False,True,False,True,False,False,True,False,0,False,2,True,2,True,1,True,1,True,3,True,secondary,primary,unrelated,unrelated,primary,unrelated,unrelated
bib-159,"Urania practica. ... Containing the true and perfect description, and use of the globes, both cœlestial and terrestial. Furnished with variety of propositions, both geographical and astronomical. By V·W·L.",1652,London,ENGLISH,"Vincent Wing, William Leybourn",,Astronomy | Cosmography | Geography | Instrument Use,,,unrelated,unrelated,primary,unrelated,unrelated,unrelated,primary,primary,unrelated,unrelated,primary,unrelated,unrelated,unrelated,unrelated,unrelated,unrelated,unrelated,unrelated,unrelated,,,,,,,1652,,,,,,V. W-L,,,"Containing the true and perfect Description, and use of the GLOBES, Both Coelestial and Terrestial | Furnished with variety of PROPOSITIONS, Both Geographical and Astronomical",,LONDON,,,,,False,False,False,False,False,False,True,False,False,False,False,False,True,False,False,True,False,True,False,False,False,False,0,False,1,True,0,False,1,True,0,False,2,True,unrelated,unrelated,unrelated,primary,primary,unrelated,unrelated
bib-16,De usu geometriae liber I,1572,Paris,FRENCH,Jacques Peletier,Gilles Gourbin,Practical Geometry,,Architecture | Instrument Use,unknown,unrelated,unrelated,unrelated,unrelated,unrelated,unrelated,unrelated,unrelated,unrelated,unknown,unrelated,unrelated,unrelated,unrelated,unrelated,primary,unrelated,unrelated,unrelated,,,"DE VSVO GEOME TRIÆ, LIBER VNVS",,,,1572,CAROLUM EMANUELEM,,,,,IACOBI PELETARII,,,,,"PARISIIS, Apud Ægidium Gorbinum, sub insigne Spei, e regione collegij Cameracensis",,,"Apud Ægidium Gorbinum, sub insigne Spei",,False,False,True,False,False,False,True,True,False,False,False,False,True,False,False,False,False,True,False,False,True,False,1,True,2,True,0,False,0,False,1,True,3,True,unrelated,primary,unknown,unknown,unrelated,unrelated,unrelated
bib-160,,1656,Amsterdam,LATIN,René Descartes,Johannes Jansz,Music Theory,,,unrelated,unrelated,unrelated,unrelated,unrelated,unrelated,unrelated,unrelated,unrelated,unrelated,unrelated,unrelated,unrelated,primary,unrelated,unrelated,unrelated,unrelated,unrelated,unrelated,,,,,,,1656,,,,,,RENATI DES-CARTES,,,,,AMSTELODAMI,,,Apud Joannem Janssonium Juniorem,,False,False,False,False,False,False,True,False,False,False,False,False,True,False,False,False,False,True,False,False,True,False,0,False,1,True,0,False,0,False,0,False,3,True,unrelated,unrelated,unrelated,unrelated,unrelated,unrelated,primary
bib-161,,1649,Leiden,LATIN,"René Descartes, Frans van Schooten",Johannes Maire,Theoretical Mathematics,,,unrelated,unrelated,unrelated,unrelated,unrelated,unrelated,unrelated,unrelated,unrelated,unrelated,unrelated,unrelated,unrelated,unrelated,unrelated,unrelated,unrelated,unrelated,primary,unrelated,edita | versa | illustrata,,GEOMETRIA,,,,XLIX,,,In linguam Latinam,Anno 1637 Gallicè edita; nunc autem,"à SCHOOTEN, Leydensis, in Academiâ Lugduno-Batavâ, Mathefeos Professoris, Belgicè docentis",FRANCISCI,FLORIMONDI DE BEAVNE,,cum Notis FLORIMONDI DE BEAVNE | commentariis illustrata,Curiâ Blesensi Consiliarii Regii | Academiâ Lugduno-Batavâ,LUGDUNI BATAVORUM,Gallicè,,Ex Officinâ IOANNIS MAIRE,,True,False,True,False,False,False,True,False,False,True,True,True,True,True,False,True,True,True,True,False,True,False,1,True,4,True,4,True,1,True,1,True,3,True,unrelated,primary,unrelated,unrelated,unrelated,unrelated,unrelated
bib-162,"Analyse des infiniment petits, pour l'intelligence des lignes courbes",1696,Paris,FRENCH,Guillaume François Antoine de Hôpital,,Theoretical Mathematics,,,unrelated,unrelated,unrelated,unrelated,unrelated,unrelated,unrelated,unrelated,unrelated,unrelated,unrelated,unrelated,unrelated,unrelated,unrelated,unrelated,unrelated,unrelated,primary,unrelated,,,,,,,M. DC. XCVI,,,,,,,,,,,PARIS,,,L’IMPRIMERIE ROYALE,,False,False,False,False,False,False,True,False,False,False,False,False,False,False,False,False,False,True,False,False,True,False,0,False,0,False,0,False,0,False,0,False,3,True,unrelated,primary,unrelated,unrelated,unrelated,unrelated,unrelated
bib-163,,1730,Lyon,FRENCH,Claude Rabuel,Marcellin Duplain,Theoretical Mathematics,,,unrelated,unrelated,unrelated,unrelated,unrelated,unrelated,unrelated,unrelated,unrelated,unrelated,unrelated,unrelated,unrelated,unrelated,unrelated,unrelated,unrelated,unrelated,primary,unrelated,,,,,,,MDCCXXX,,,,,R. P | de la Compagnie de JESUS,CLAUDE RABUEL,M. DESCARTES,,,Compagnie de JESUS,LYON | Ruë Merciere,,,MARCELLIN DUPLAIN,,False,False,False,False,False,False,True,False,False,False,False,True,True,True,False,False,True,True,False,False,True,False,0,False,4,True,0,False,0,False,1,True,3,True,unrelated,primary,unrelated,unrelated,unrelated,unrelated,unrelated
bib-167,,1511,Paris,LATIN,Charles de Bovelles,H. Estienne,Theoretical Mathematics,,,unrelated,unrelated,unrelated,unrelated,unrelated,unrelated,unrelated,unrelated,unrelated,unrelated,unrelated,unrelated,unrelated,unrelated,unrelated,unrelated,unrelated,unrelated,primary,unrelated,continetur,,,Liber de intellectu | Liber de sensu | Liber de nichilo | Ars oppositorum | Liber de generatione | Liber de sapiente | Liber de duodecim numeris | Epistole complures | De Numeris Perfectis | De Mathematicis Rosis | De Geometricis Corporibus | De Geometricis Supplementis,Liber de intellectu | Liber de sensu | Liber de nichilo | Ars oppositorum | Liber de generatione | Liber de sapiente | Liber de duodecim numeris | Epistole complures | De Numeris Perfectis | De Mathematicis Rosis | De Geometricis Corporibus | De Geometricis Supplementis,,,,,,,,,,,,,,,,,,True,False,False,True,True,False,False,False,False,False,False,False,False,False,False,False,False,False,False,False,False,False,0,False,0,False,1,True,2,True,0,False,0,False,unrelated,primary,unrelated,unrelated,unrelated,unrelated,unrelated
bib-168,,1513,Paris,LATIN,Charles de Bovelles,Ascensius,,,,unrelated,unrelated,unrelated,unrelated,unrelated,unrelated,unrelated,unrelated,unrelated,unrelated,unrelated,unrelated,unrelated,unrelated,unrelated,unrelated,unrelated,unrelated,unrelated,unrelated,,,,,,,,,,,,,,,,,,aedibus Ascensianis,,,,,False,False,False,False,False,False,False,False,False,False,False,False,False,False,False,False,False,True,False,False,False,False,0,False,0,False,0,False,0,False,0,False,1,True,unrelated,unrelated,unrelated,unrelated,unrelated,unrelated,unrelated
bib-169,,1552,Paris,FRENCH,Oronce Finé,Michel de Vascosan,Astronomy | Cosmography | Geography,Cartography,Practical Geometry,unrelated,unrelated,primary,secondary,unrelated,unrelated,primary,primary,unrelated,unrelated,unrelated,unrelated,unrelated,unrelated,unrelated,unrelated,unknown,unrelated,unrelated,unrelated,composée | divisée | comprenant | touchant,,L’SPHERE DU MON- DE,,,"PROPREMENT DITTE COS- mographie, composée nouvellement en françois, & divisée en cinq livres, comprenant la première partie de l’astronomie, & les principes universels de la géographie & hydrographie",M. D. LII,,,en françois,,NATIF DU Daulphiné | lecteur Mathematicien du tres-chrestien Roy de France en l’université de Paris,ORONCE FINE,,,"Avec une épistre, touchant la dignité, perfection & utilité des sciences mathematiques",l’université de Paris,Paris | rue Saint Jaques à la fontaine,,,Michel de Vascosan,,True,False,True,False,False,True,True,False,False,True,False,True,True,False,False,True,True,True,False,False,True,False,1,True,3,True,2,True,1,True,1,True,3,True,unrelated,unknown,unrelated,unrelated,primary,unrelated,unrelated
bib-17, De l'vsage de geometrie,1573,Paris,FRENCH,Jacques Peletier,Gilles Gourbin,Practical Geometry,,Architecture | Instrument Use,unknown,unrelated,unrelated,unrelated,unrelated,unrelated,unrelated,unrelated,unrelated,unrelated,unknown,unrelated,unrelated,unrelated,unrelated,unrelated,primary,unrelated,unrelated,unrelated,,,DE L’VSAGE DE GEOMETRIE,,,,M. D. LXXIII,A TRESILLVSTRE SEIGNEVR MESSIRE ALBERT DEGONDY COMTE DE RETZ,,,,MEDECIN ET MATHEMATICIEN,IAQVES PELETIER,,,,,"A PARIS, Chez Gilles Gourbin, à l’enseigne de l’Esperance, deuant le College de Cambray",,,Chez Gilles Gourbin,,False,False,True,False,False,False,True,True,False,False,False,True,True,False,False,False,False,True,False,False,True,False,1,True,3,True,0,False,0,False,1,True,3,True,unrelated,primary,unknown,unknown,unrelated,unrelated,unrelated
bib-170,"Aequatorium planetarum unico instrumento comprehensum omnium antehac excogitatorum, et intellectu et usu facillimum",1526,Paris,LATIN,"Oronce Finé, Nicolas Savetier",Nicolas Savetier,Astronomy | Instrument Use,,Instrument Construction,unrelated,unrelated,primary,unrelated,unrelated,unrelated,unrelated,unrelated,unrelated,unknown,primary,unrelated,unrelated,unrelated,unrelated,unrelated,unrelated,unrelated,unrelated,unrelated,,,,,,,1526,,,,,,,,,,,Paris,,,Nicolas Savetier,,False,False,False,False,False,False,True,False,False,False,False,False,False,False,False,False,False,True,False,False,True,False,0,False,0,False,0,False,0,False,0,False,3,True,unrelated,unrelated,unrelated,primary,primary,unrelated,unrelated
bib-171,,1515,Augsburg,LATIN,Johannes Foeniseca,"Johannes Miller, Johannes Foeniseca",Arithmetic | Astronomy | Geography | Perspective,,Music Theory,unrelated,primary,primary,unrelated,unrelated,unrelated,unrelated,primary,unrelated,unrelated,unrelated,unrelated,unrelated,unknown,unrelated,primary,unrelated,unrelated,unrelated,unrelated,,,,Quadratum sapientiæ: continens in se septem artes liberales veterum | Circulos biblic. iiii. in quibus metaphysica mosaica | Commentaria horum | Grammatica | Logica | Rhetorica | Monastica | Oeconomic | Politica | Alcarithmus subalternus | Arithmetica | Geometria | Perspectiva subalterna | Musica | Astronomia | Geographia | Physica | Medicina subalterna | Metaphysica | don. alex. gua. lasca. Poetc | nouus | boetius | petrus iacobi | boetius ephemerides | ptolemeus Historiæ | dioscorides | bibliaum triplex | aa i,Quadratum sapientiæ | Circulos biblic. iiii | Commentaria horum | Grammatica | Logica | Rhetorica | Monastica | Oeconomic | Politica | Alcarithmus subalternus | Arithmetica | Geometria | Perspectiva subalterna | Musica | Astronomia | Geographia | Physica | Medicina subalterna | Metaphysica | don. alex. gua. lasca. Poetc | nouus | boetius | petrus iacobi | boetius ephemerides | ptolemeus Historiæ | dioscorides | bibliaum triplex | aa i,,,,,,,,,,,,,,,,,,False,False,False,True,True,False,False,False,False,False,False,False,False,False,False,False,False,False,False,False,False,False,0,False,0,False,0,False,2,True,0,False,0,False,primary,unrelated,primary,unrelated,primary,unrelated,unknown
bib-172,introductio in Metaphysicorum libros Aristotelis,1493,Paris,LATIN,Jacques Lefèvre d'Étaples,Johannes Higman,,,,unrelated,unrelated,unrelated,unrelated,unrelated,unrelated,unrelated,unrelated,unrelated,unrelated,unrelated,unrelated,unrelated,unrelated,unrelated,unrelated,unrelated,unrelated,unrelated,unrelated,pandit,,,,,,,,,,,,,,,,,,,,,,True,False,False,False,False,False,False,False,False,False,False,False,False,False,False,False,False,False,False,False,False,False,0,False,0,False,1,True,0,False,0,False,0,False,unrelated,unrelated,unrelated,unrelated,unrelated,unrelated,unrelated
bib-173,,1503,Paris,LATIN,Jacques Lefèvre d'Étaples,"Hopyl, Stephanus",,,,unrelated,unrelated,unrelated,unrelated,unrelated,unrelated,unrelated,unrelated,unrelated,unrelated,unrelated,unrelated,unrelated,unrelated,unrelated,unrelated,unrelated,unrelated,unrelated,unrelated,,juvenes,LIBRI LOGICORUM,,,"Ad archetypos recogniti, cum novis ad litteras com­menta­riis",,,,,,,,Aristotelico,,cum novis ad litteras com­menta­riis,,,,,,,False,True,True,False,False,True,False,False,False,False,False,False,False,True,False,True,False,False,False,False,False,False,1,True,1,True,0,False,1,True,1,True,0,False,unrelated,unrelated,unrelated,unrelated,unrelated,unrelated,unrelated
bib-174,"Epitome compendiosaque introductio in libros arithmeticos divi Severini Boetii, adjecto familiari commentario dilucidata. Praxis numerandi certis quibusdam regulis constricta. Introductio in geometriam sex libris distincta",1503,Paris,LATIN,"Charles de Bovelles, Jacques Lefèvre d'Étaples, Josse Clichtove","Wolfgang Hopyl, Henri Étienne",Arithmetic | Astronomy | Practical Geometry,Theoretical Mathematics,,unrelated,primary,primary,unrelated,unrelated,unrelated,unrelated,unrelated,unrelated,unrelated,unrelated,unrelated,unrelated,unrelated,unrelated,unrelated,primary,unrelated,secondary,unrelated,,,,,,,,,,,,,,,,,,,,,,,False,False,False,False,False,False,False,False,False,False,False,False,False,False,False,False,False,False,False,False,False,False,0,False,0,False,0,False,0,False,0,False,0,False,primary,primary,unrelated,unrelated,primary,unrelated,unrelated
bib-175,Contenta. Primum volumen contemplationum; duos libros continens; et Libellus Blaquerne de amico et amato,1505,Paris,LATIN,"Jacques Lefèvre d'Étaples, Ramon Llull","Jean Petit, André Bocard",,,,unrelated,unrelated,unrelated,unrelated,unrelated,unrelated,unrelated,unrelated,unrelated,unrelated,unrelated,unrelated,unrelated,unrelated,unrelated,unrelated,unrelated,unrelated,unrelated,unrelated,,ad lectorem,Primum volumen Contemplationum,Libellus Blaquerne de amico et amato,Libellus Blaquerne de amico et amato,Remundi duos libros continens,,Beati Rhenani Alsatici,,,,,,,,,,Tenales habes in leone argenteo vici sancti Jacobi,,,Iehan Petit,,False,True,True,True,True,True,False,True,False,False,False,False,False,False,False,False,False,True,False,False,True,False,1,True,1,True,0,False,2,True,2,True,2,True,unrelated,unrelated,unrelated,unrelated,unrelated,unrelated,unrelated
bib-176,,1514,Paris,LATIN,Nicholas of Cusa,Badius Ascensius,,,Architecture | Instrument Use | Practical Geometry | Theoretical Mathematics,unknown,unrelated,unrelated,unrelated,unrelated,unrelated,unrelated,unrelated,unrelated,unrelated,unknown,unrelated,unrelated,unrelated,unrelated,unrelated,unknown,unrelated,unknown,unrelated,RECENTER EMISSA EST,,,,,,,,,,RECENTER EMISSA EST,,,,,,OFFICINA ASCENSIA,,,,,,True,False,False,False,False,False,False,False,False,False,True,False,False,False,False,False,True,False,False,False,False,False,0,False,1,True,2,True,0,False,1,True,0,False,unrelated,unknown,unknown,unknown,unrelated,unrelated,unrelated
bib-177,"Dialecticae institutiones, ad celeberrimam, et illustrissimam Lutetiae Parisiorum Academiam",1543,Paris,LATIN,Pierre de la Ramée,Jacques Bogard,,,,unrelated,unrelated,unrelated,unrelated,unrelated,unrelated,unrelated,unrelated,unrelated,unrelated,unrelated,unrelated,unrelated,unrelated,unrelated,unrelated,unrelated,unrelated,unrelated,unrelated,,,,,,,1543,,,,,,Petri Rami,,,,Lutetiae   Parisiorum Aca­   demiam,PARISIIS,,,Iacobus Bogardus,,False,False,False,False,False,False,True,False,False,False,False,False,True,False,False,False,True,True,False,False,True,False,0,False,2,True,0,False,0,False,1,True,3,True,unrelated,unrelated,unrelated,unrelated,unrelated,unrelated,unrelated
bib-178,,1502,Nuremberg,LATIN,Raymond of Sabunde,Anton Koberger,,,,unrelated,unrelated,unrelated,unrelated,unrelated,unrelated,unrelated,unrelated,unrelated,unrelated,unrelated,unrelated,unrelated,unrelated,unrelated,unrelated,unrelated,unrelated,unrelated,unrelated,,,,,,,,,,,,,,,,,,,,,,,False,False,False,False,False,False,False,False,False,False,False,False,False,False,False,False,False,False,False,False,False,False,0,False,0,False,0,False,0,False,0,False,0,False,unrelated,unrelated,unrelated,unrelated,unrelated,unrelated,unrelated
bib-179,"Arithmetica met een tafel van interest, van een op't hondert ende van 1/4. tot 1/4. tot 12 op't hondert interest op interest",1641,Haarlem,DUTCH,Jean Belot,Thomas Fonteyn,Arithmetic | Commercial Mathematics,,,unrelated,primary,unrelated,unrelated,primary,unrelated,unrelated,unrelated,unrelated,unrelated,unrelated,unrelated,unrelated,unrelated,unrelated,unrelated,unrelated,unrelated,unrelated,unrelated,fecit,,ARITHMETICA,,,"Met een Tafel van Interest, van een op’t hondert, ende van 4. tot 8. tot in 9. hondert Interest op Interest",,,,,,DIEPPOIS,IAN BELOT,Aristote,,,,,,,,,True,False,True,False,False,True,False,False,False,False,False,True,True,True,False,False,False,False,False,False,False,False,1,True,3,True,1,True,0,False,0,False,0,False,primary,unrelated,unrelated,unrelated,unrelated,unrelated,unrelated
bib-18,Obra intitulada fragmentos mathematicos,1568,Salamanca,SPANISH,Juan Pérez de Moya,Juan de Canova,Astronomy | Instrument Use | Practical Geometry,Geography | Gnomonics & Horology | Navigation,Theoretical Mathematics,unrelated,unrelated,primary,unrelated,unrelated,unrelated,unrelated,secondary,secondary,unrelated,primary,unrelated,unrelated,unrelated,secondary,unrelated,primary,unrelated,unknown,unrelated,INTITVLADA | Ordenada,,OBRA INTITVLADA FRAGMENTOS MATHEMATICOS,,,"En que se tratan cosas de Geometria, y Astronomia, y Geographia, y Philosophia natural, y Sphera, y Astrolabio, y Navegacion, y Reloxes",1568,,,,,el Bachiller | na tural de Santisteuan del Puerto,Iuan Perez de Moya,,,,,SALAMANCA | casa de Iuan de Canoua,,,casa de Iuan de Canoua,,True,False,True,False,False,True,True,False,False,False,False,True,True,False,False,False,False,True,False,False,True,False,1,True,2,True,1,True,0,False,0,False,3,True,unrelated,primary,unrelated,primary,primary,unrelated,unrelated
bib-180,,1628,Rotterdam,DUTCH,Matthys Bruskens,Bastiaensz,Arithmetic | Commercial Mathematics,,,unrelated,primary,unrelated,unrelated,primary,unrelated,unrelated,unrelated,unrelated,unrelated,unrelated,unrelated,unrelated,unrelated,unrelated,unrelated,unrelated,unrelated,unrelated,unrelated,by gevoegt,,ARITHMETICA,,,"Van die ghemeene Reghels, diemen in alle Koopmanschap van doen heeft",1628,P. SCHAGHEN,,,Ick hebbe hier noch by gevoegt de Tel-Konst,School-houdende binnen Rotterdam,MATTHYS BRUSKENS,,,de Tel-Konst,,ROTTERDAM,,,"de Weduwe & Matthijs Bastiaensz Boeck- verkooper, op Steyger in Josephus",,True,False,True,False,False,True,True,True,False,False,True,True,True,False,False,True,False,True,False,False,True,False,1,True,3,True,2,True,1,True,1,True,3,True,primary,unrelated,unrelated,unrelated,unrelated,unrelated,unrelated
bib-181,"Testamentum, cum senatusconsulto et promulgatione professionis institutae ab ipso testatore",1584,Paris,LATIN,Pierre de la Ramée,Jean Richer,Arithmetic,,,unrelated,primary,unrelated,unrelated,unrelated,unrelated,unrelated,unrelated,unrelated,unrelated,unrelated,unrelated,unrelated,unrelated,unrelated,unrelated,unrelated,unrelated,unrelated,unrelated,,,,,,,1584,,,,,,PETRI RAMI,,,,PRIMO SENATVS,PARISIIS | via Diu Ioannis Lateranensis sub signo Arboris virescentis,,,Apud Ioannem Richerium,,False,False,False,False,False,False,True,False,False,False,False,False,True,False,False,False,True,True,False,False,True,False,0,False,2,True,0,False,0,False,1,True,3,True,primary,unrelated,unrelated,unrelated,unrelated,unrelated,unrelated
bib-182,,1626,Leiden,LATIN,Adriaan Metius,Elzevir,Arithmetic | Military Engineering | Trigonometry,,,unrelated,primary,unrelated,unrelated,unrelated,unrelated,unrelated,unrelated,unrelated,unrelated,unrelated,unrelated,primary,unrelated,unrelated,unrelated,unrelated,unrelated,unrelated,primary,diuingitur,,ARITHMETICÆ LIBRI DUO | GEOMETRIA  LIB. VI,TRIGONOMETRIÆ Planorium Methodus succincta | FORTIFICATIONES,TRIGONOMETRIÆ | FORTIFICATIONES,,CIƆ IƆC XXVI,,,,,,ADRIANI METHI | ALCMARIANI,,GEOMETRIA  LIB. VI,,,LVGD. BATAVORVM,,,Ex officina Elzeviriana,,True,False,True,True,True,False,True,False,False,False,False,False,True,False,True,False,False,True,False,False,True,False,2,True,1,True,1,True,2,True,0,False,3,True,primary,primary,unrelated,unrelated,unrelated,primary,unrelated
bib-183,"Institutiones astronomicæ & geographicæ, Fondamentale ende grondelijcke onderwysinge van de sterrekonst, ende beschryvinghe der aerden",1614,Franeker,DUTCH,Adriaan Metius,"Franeker, Thomas Lamberts Salwarda, Willem Jansz",Astronomy | Cosmography | Geography | Gnomonics & Horology | Instrument Use | Navigation,,,unrelated,unrelated,primary,unrelated,unrelated,unrelated,primary,primary,primary,unrelated,primary,unrelated,unrelated,unrelated,primary,unrelated,unrelated,unrelated,unrelated,unrelated,Beschreven | Inhoudende,Schippers ende Stuerluyden | alle liefhebbers der selver konst,,,,,1614,,,,,Mathe-seos Professorem in de Universiteit van Friesland,D. Adrianum Metium Alcmarianum,,,"Mitsgaders een korte ende klare onderrechtinghe van de noodighe konst der Zeevaert | Inhoudende nieu inventie practijcque instrumenten, sonwijse practijken ende teykenen daer toe dienende",Universiteit van Friesland,Franeker | Amsterdam in de Sonnewijse,,,Thomas Lamberts Salwarda,,True,True,False,False,False,False,True,False,False,False,False,True,True,False,False,True,True,True,False,False,True,False,0,False,3,True,1,True,1,True,2,True,3,True,unrelated,unrelated,unrelated,primary,primary,unrelated,unrelated
bib-184,Arithmeticae et geometriæ practica,1611,Leiden,LATIN,Adriaan Metius,"Rombertus Doyema, Elzevir",Arithmetic | Practical Geometry,,,unrelated,primary,unrelated,unrelated,unrelated,unrelated,unrelated,unrelated,unrelated,unrelated,unrelated,unrelated,unrelated,unrelated,unrelated,unrelated,primary,unrelated,unrelated,unrelated,,,,,,,1611,,,,,,,,,,,Franeker | Leiden,,,Rombertus Doyema | apud Elzeviriana,,False,False,False,False,False,False,True,False,False,False,False,False,False,False,False,False,False,True,False,False,True,False,0,False,0,False,0,False,0,False,0,False,3,True,primary,primary,unrelated,unrelated,unrelated,unrelated,unrelated
bib-185,"Tafelen van interest, midtsgaders de constructie der selver",1582,Antwerp,DUTCH,Simon Stevin,Christophe Plantin,Arithmetic | Commercial Mathematics,,,unrelated,primary,unrelated,unrelated,primary,unrelated,unrelated,unrelated,unrelated,unrelated,unrelated,unrelated,unrelated,unrelated,unrelated,unrelated,unrelated,unrelated,unrelated,unrelated,ghecalculeert,,,,,,M. D. LXXXII,,,,,Bruggelinck,Simon Stevin,,,,,T'ANTWERPEN,,,Christoffel Plantijn in den gulden Passer,,True,False,False,False,False,False,True,False,False,False,False,True,True,False,False,False,False,True,False,False,True,False,0,False,2,True,1,True,0,False,0,False,3,True,primary,unrelated,unrelated,unrelated,unrelated,unrelated,unrelated
bib-186,,1585,Leiden,FRENCH,Simon Stevin,Christophe Plantin,Arithmetic,Commercial Mathematics | Theoretical Mathematics,,unrelated,primary,unrelated,unrelated,secondary,unrelated,unrelated,unrelated,unrelated,unrelated,unrelated,unrelated,unrelated,unrelated,unrelated,unrelated,unrelated,unrelated,secondary,unrelated,traduits,,Dixiesme Livre d’Euclide,les quatre premiers liures d’Algebre de Diophante d’Alexandrie | un liure particulier de la Practique d’Arithmetique,les quatre premiers liures d’Algebre de Diophante d’Alexandrie | un liure particulier de la Practique d’Arithmetique,,,,,en François,,,,Diophante d’Alexandrie,Dixiesme Livre d’Euclide,Les Tables d’Interest | La Dîme | un traité des Incommensurables grandeurs | l’Explication du Dixiesme Livre d’Euclide,,,,,l’Imprimerie de Christophile Plantin,Dixiesme Livre d’Euclide,True,False,True,True,True,False,False,False,False,True,False,False,False,True,True,True,False,False,False,False,True,True,3,True,2,True,2,True,3,True,0,False,1,True,primary,secondary,unrelated,unrelated,unrelated,unrelated,unrelated
bib-187,,1615,Leiden,DUTCH,Ludolph van Ceulen,Joris Abrahamz,Commercial Mathematics | Practical Geometry | Surveying | Trigonometry,Arithmetic,,unrelated,secondary,unrelated,unrelated,primary,unrelated,unrelated,unrelated,unrelated,unrelated,unrelated,unrelated,unrelated,unrelated,unrelated,unrelated,primary,primary,unrelated,primary,gecor- rigieerde | oversien | verbeteret | verbetert | vermeerdert | by-voeghselen | ghehouden | uyt-ghegeven | beschreven | ghebracht | gheproeft,voor de Land-meters,VANDEN CIRCKEL,"de Tafelen Sinuum, Tangentium, ende Secantium | van Interest","Tafelen Sinuum, Tangentium, ende Secantium | Interest","Daer in gheleert werdt te vinden  den naesten proportie des Circkels-Diameters teghen sijn om-  loop / daer door alle Circkels (met alle Figuren / ofte Lijnen met com-  munen hoeken) recht ghemeten kunnen werden | Item alle Figurens-  nyden in den Circkel beschreven / beginnende van den 3,4,5,6,7,8 tot  in Fractionale getallen te beschrijven, al hadde hy de figure heel   hondert-duysent hoeken | Item / by 7,11,13,17,19,23. gecor-  rigieerde proportien soecken",1615,,,,Twee­de Editie | Van nieuws oversien / ende van alle de voor-gaende fauten verbeteret / ende aen-ghevuld vermeerdert met by-voeghselen,,LydoIf van Ceulen | Symon vander Eycke,,,"met het ghebruyck van dien, hoogh-noodigh voor de Land-meters | Met veel andere konstighe stucken, dierghelijcke noyt in druck uyt-ghegeven | Met noch seer hantvvoedige dingen | Noch de Tafelen Sinuum, Tangentium, ende Secantium, met het ghebruyck van dien, hoogh-noodigh voor de Land-meters: Met veel andere konstighe stucken, dierghelijcke noyt in druck uyt-ghegeven | Ten laetsten, van Interest / met alderhande Tafelen daer toe dienende / met het ghebruyck / door veel constighe Exempelen gheleert, ende door 't gheheel werk beschreven, ende gheproeft | Van nieuws oversien / ende van alle de voor-gaende fauten verbeteret / ende   aen-ghevuld vermeerdert met by-voeghselen / waer in door den Autheur uber-  langhe tijden verbetert, int hembaer quaet ghehouden des circkels / uyt-ghegeven   door Symon vander Eycke. Met noch seer hantvvoedige dingen / in   aenghecleende Geometrische questien",,Leyden,,,Joris Abrahamz. vander Marse | Jacob Marcus Boeck-verkooper,,True,True,True,True,True,True,True,False,False,False,True,False,True,False,False,True,False,True,False,False,True,False,1,True,1,True,2,True,3,True,1,True,3,True,primary,primary,unrelated,primary,unrelated,unrelated,unrelated
bib-188,,1619,Leiden,LATIN,Ludolph van Ceulen,Joost van Colster,Theoretical Mathematics,,,unrelated,unrelated,unrelated,unrelated,unrelated,unrelated,unrelated,unrelated,unrelated,unrelated,unrelated,unrelated,unrelated,unrelated,unrelated,unrelated,unrelated,unrelated,primary,unrelated,fecit | illustravit | accesserunt,,CIRCULO & ADSCRIPTIS LIBER,,,"In quo plurimorum polygonorum latera per irrationalium numerorum griphos, quorum libet autem per numeros absolutos secundum Algebraicarum aequationum leges explicantur",1619,,,,,,Willebrodus Snellius  R. F,,,annotationibus illustravit | pagina versa,,LVGD. BATAV,vernaculo Latina,,Iodocum à Colster,,True,False,True,False,False,True,True,False,False,False,False,False,True,False,False,True,False,True,True,False,True,False,1,True,1,True,2,True,1,True,0,False,3,True,unrelated,primary,unrelated,unrelated,unrelated,unrelated,unrelated
bib-189,,1615,Leiden,DUTCH,Ludolph van Ceulen,"Joost van Colster, Jacob Marcus",Arithmetic | Theoretical Mathematics | Trigonometry,,Practical Geometry,unrelated,primary,unrelated,unrelated,unrelated,unrelated,unrelated,unrelated,unrelated,unrelated,unrelated,unrelated,unrelated,unrelated,unrelated,unrelated,unknown,unrelated,primary,primary,,,DE   Arithmetische en Geometrische   fondamenten,,,"Met het ghebruyck van dien   In veele verscheydene constighe questien, soo Geometrice door   linien, als Arithmetice door irrationale ghetallen,   oock door den regel Coß, ende de tafelen   sinuum ghesolvvert",cIɔ. Iɔ. cxv,,,,,,Mr. LV DOLF VAN CEULEN,,,,,,,,"Joost van Colster, ende Jacob Marcus",,False,False,True,False,False,True,True,False,False,False,False,False,True,False,False,False,False,False,False,False,True,False,1,True,1,True,0,False,0,False,0,False,2,True,primary,primary,unrelated,unrelated,unrelated,unrelated,unrelated
bib-19,,1583,Alcala,SPANISH,Juan Pérez de Moya,Juan Gracián,Practical Geometry | Theoretical Mathematics,,,unrelated,unrelated,unrelated,unrelated,unrelated,unrelated,unrelated,unrelated,unrelated,unrelated,unrelated,unrelated,unrelated,unrelated,unrelated,unrelated,primary,unrelated,primary,unrelated,,,TRATADO DE GEO metria,,,"Práctica, y Speculatiua",M. D. LXXX. III,,,,,EL BACHILLER,Iuan Perez de Moya,,,,,ALCALA,,,IVAN GRACIAN,,False,False,True,False,False,True,True,False,False,False,False,True,True,False,False,False,False,True,False,False,True,False,1,True,2,True,0,False,0,False,0,False,3,True,unrelated,primary,unrelated,unrelated,unrelated,unrelated,unrelated
bib-190,,1701,London,ENGLISH,Samuel Jeake,Thomas Newborough,Arithmetic | Commercial Mathematics,Astronomy | Theoretical Mathematics,Practical Geometry | Surveying,unrelated,primary,secondary,unrelated,primary,unrelated,unrelated,unrelated,unrelated,unrelated,unrelated,unrelated,unrelated,unrelated,unrelated,unrelated,unknown,unknown,secondary,unrelated,added | Explain’d | Declared | Handled | Illustrated | digested | delivered,"Merchants, and all that would understand ACCOUNTS, or the Mathematical  and Mechanical ARTS and SCIENCES",Body of Arithmetick,,,"WHEREIN THE  Whole Nature of NUMBERS, with their Simple and Comparative  Elements in all the Parts of ARITHMETICK, are plainly Declared,  and fully Handled",MDCCL,,,,,Merchant,SAMUEL JEAKE,,,"Excellent RULES of PRACTICE | Many Large and Exact TABLES of all Sorts of Coins, Weights,  Measures, &c. Ancient and Modern, in most Countries, reduced to our own | divers Etymologies, Symbols, Characters,  and Abbreviations for Artificial Terms, Words, Names,  and Denominations | Illustrated by sundry Tables, Diagrams, and very  many Examples",,"LONDON | the Golden Ball, in St. Paul’s Church-yard | the King’s Arms, in Little-Britain",,,Tho. Newborough | John Nicholſon,,True,True,True,False,False,True,True,False,False,False,False,True,True,False,False,True,False,True,False,False,True,False,1,True,2,True,1,True,1,True,1,True,3,True,primary,secondary,unrelated,unknown,secondary,unrelated,unrelated
bib-191,,1649,London,ENGLISH,John Johnson,Richard Cotes,Arithmetic | Commercial Mathematics,,,unrelated,primary,unrelated,unrelated,primary,unrelated,unrelated,unrelated,unrelated,unrelated,unrelated,unrelated,unrelated,unrelated,unrelated,unrelated,unrelated,unrelated,unrelated,unrelated,added,,ARITHMETICK,,,"The first of Vulgar Arithmetick with easie Rules to worke all the first four parts of Arithmetick, in whole Numbers and Fractions | The second of Decimall Arithmetick, whereby all Fractionall Operations are wrought in whole Number, in Mer- chants Accompts, without Reducti- ons, with the perfect working of Interests and Annuities",1649,,,,The First Edition,"Surveyer, and   Practitioner in the Mathematicks",JOHN JOHNSON,,,"Tables of Interest exactly calculated at 10, 8, 7, and 6 per cent | The Reduction of Weights, Value of Leases and Annuities | The weight and value of English Gold | Rebate at 8 per cent",,London | the Angel in Popes-head Alley,,,R. C. for John Sweeting,,True,False,True,False,False,True,True,False,False,False,True,True,True,False,False,True,False,True,False,False,True,False,1,True,2,True,2,True,1,True,0,False,3,True,primary,unrelated,unrelated,unrelated,unrelated,unrelated,unrelated
bib-192,,1722,London,ENGLISH,William Leybourn,"Samuel Ballard, Aaron Ward",Surveying,Arithmetic | Instrument Use | Practical Geometry,,unrelated,secondary,unrelated,unrelated,unrelated,unrelated,unrelated,unrelated,unrelated,unrelated,secondary,unrelated,unrelated,unrelated,unrelated,unrelated,secondary,primary,unrelated,unrelated,Altered | Amended | added | examin’d | Added,,Compleat Surveyor,,,"Or, the WHOLE ART of SURVEYING OF LAND, BY A New INSTRUMENT lately invented; As also by the Plain Table, Circumferentor, the Theodolite as now improv’d, or by the Chain only",1722,,,,"The Whole Altered and Amended, and Two entire Books added by the AUTHOR long before his Death | THE FIFTH EDITION, in IX BOOKS",,WILLIAM LEYBOURN | SAMUEL CUNN,,,"Two entire Books added | APPENDIX Added to the Whole, Consisting of Practical Observations in Land Surveying",,LONDON | the Blue Ball | the King’s Arms in Little Britain | the Half Moon against St. Dunstan’s Church in Fleetstreet,,,SAMUEL BALLARD | AARON WARD | THO. WOODWARD,,True,False,True,False,False,True,True,False,False,False,True,False,True,False,False,True,False,True,False,False,True,False,1,True,1,True,2,True,1,True,0,False,3,True,secondary,secondary,unrelated,primary,unrelated,unrelated,unrelated
bib-193,,1700,London,ENGLISH,William Leybourn,J. Matthews,Arithmetic,,Instrument Use,unrelated,primary,unrelated,unrelated,unrelated,unrelated,unrelated,unrelated,unrelated,unrelated,unknown,unrelated,unrelated,unrelated,unrelated,unrelated,unrelated,unrelated,unrelated,unrelated,Corrected | Enlarged,,"ARITHMETICK, VULGAR, DECIMAL, INSTRUMENTAL, ALGEBRAICAL",,,,MDCC,,,,The Seventh Edition,,WILLIAM LEYBOURN,,,,,LONDON | the Black-Swan in Pater- Noster-Row,,,J. Matthews | Awnsham and John Churchill,,True,False,True,False,False,False,True,False,False,False,True,False,True,False,False,False,False,True,False,False,True,False,1,True,1,True,2,True,0,False,0,False,3,True,primary,unrelated,unrelated,unknown,unrelated,unrelated,unrelated
bib-194,,1700,London,ENGLISH,William Leybourn,J. Matthews,Astronomy | Gnomonics & Horology | Practical Geometry | Trigonometry,Instrument Use,,unrelated,unrelated,primary,unrelated,unrelated,unrelated,unrelated,unrelated,primary,unrelated,secondary,unrelated,unrelated,unrelated,unrelated,unrelated,primary,unrelated,unrelated,primary,annexed,,,,,"Of divers Kinds,  Calculated for several Elevations of the Pole (or Latitudes) very useful, and really subservient to the ART OF DIALLING",,,,,,,,,,"TABLE of Natural Sines, TANGENTS, and SECANTS, (hereunto annexed | SCALE (or Sector rather) having Equal Parts upon it | other FURNITURE",,,,,,,True,False,False,False,False,True,False,False,False,False,False,False,False,False,False,True,False,False,False,False,False,False,0,False,0,False,1,True,1,True,0,False,0,False,unrelated,primary,unrelated,primary,primary,unrelated,unrelated
bib-195,"The art of dialling, perform'd geometrically, by scale and compasses: arithmetically, by the canons of sines and tangents: instrumentally, by a trigonal instrument. The geometrical part whereof is perform'd by projecting of the sphere in plano, upon the plan it self, whereby not only the making, but the reason also of dials, is discover'd. A second way of geometrical dialling, very easy, plain, and universal. The third edition. To which is added, a",1700,London,ENGLISH,William Leybourn,J. Matthews,Gnomonics & Horology | Instrument Construction | Practical Geometry | Trigonometry,Arithmetic | Astronomy | Mechanics,,unrelated,secondary,secondary,unrelated,unrelated,unrelated,unrelated,unrelated,primary,primary,unrelated,secondary,unrelated,unrelated,unrelated,unrelated,primary,unrelated,unrelated,primary,Corrected | added | Collected | Methodized | Published | Performed,,,,,,MDCC,,,,"The Second Edition Corrected, and two New Tractates added",,WILLIAM LEYBOURN,,,"two New Tractates added | Illustrated with SCULPTURES, Engraven in COPPER",,LONDON | Black Swan in Pater-Noster-Row,,,J. Matthews | Awnsham and John Churchill,,True,False,False,False,False,False,True,False,False,False,True,False,True,False,False,True,False,True,False,False,True,False,0,False,1,True,2,True,1,True,0,False,3,True,secondary,primary,unrelated,primary,secondary,secondary,unrelated
bib-196,,1752,London,ENGLISH,William Leybourn,A. Wilde,Commercial Mathematics,Arithmetic,,unrelated,secondary,unrelated,unrelated,primary,unrelated,unrelated,unrelated,unrelated,unrelated,unrelated,unrelated,unrelated,unrelated,unrelated,unrelated,unrelated,unrelated,unrelated,unrelated,Containing | Adapted to the USE of | Cast up | Shewing | Added,"Merchants, Grocers, Mercers, Brewers, Bankers, Weavers, Drapers, And Haberdashers. Goldsmiths,   And All who Deal by Wholesale, or Retail | Carpenters, Plaisterers, Bricklayers, Plummers, Joyners, And Painters; Glaziers,   And All other MECHANICKS | For all Purchasers of Houses or Lands",,,,,MDCCLII,,,,The Tenth Edition,,WILLIAM LEYBOURN,,,"A TABLE of Commission, or Brokage, for ½, ¾, 1, 1 ½, 2, 2 ½, and 3 per Cent",,"LONDON | the Ship in Pater-Noster-Row | Aldersgate-Street | the Rose and Crown, in the Poultry | the Half-Moon Arms, in Cornhill | the Golden Ball, in St. Paul’s Church-yard",,,A. WILDE | T. Longman | A. Wilde | T. Oswald | J. Woodward | W. Johnston,,True,True,False,False,False,False,True,False,False,False,True,False,True,False,False,True,False,True,False,False,True,False,0,False,1,True,2,True,1,True,1,True,3,True,primary,unrelated,unrelated,unrelated,unrelated,unrelated,unrelated
bib-197,,1702,London,ENGLISH,William Leybourn,R. Morden,Astronomy | Cartography | Cosmography | Geography | Gnomonics & Horology | Navigation,Instrument Construction | Instrument Use,Practical Geometry | Theoretical Mathematics | Trigonometry,unrelated,unrelated,primary,primary,unrelated,unrelated,primary,primary,primary,secondary,secondary,unrelated,unrelated,unrelated,primary,unrelated,unknown,unrelated,unknown,unknown,Made easie,,,,,,1702,,,,,,ROBERT MORDEN,,,the Description and Uses of the Coelestial and Terrestrial GLOBES,,LONDON | Atlas in Cornhil | Piazza’s of the Royal Exchange,,,R. Morden | R. Smith,,True,False,False,False,False,False,True,False,False,False,False,False,True,False,False,True,False,True,False,False,True,False,0,False,1,True,1,True,1,True,0,False,3,True,unrelated,unknown,unrelated,primary,primary,unrelated,unrelated
bib-198,"Mr. Wingate's Arithmetick, containing a plain and familiar method, for attaining the knowledge and practice of common arithmetick. The sixth edition. First composed by Edmund Wingate late of Grayes-Inne Esquire. Afterwards upon Mr. Wingate's request, enlarged in his life time: also since his decease carefully revised, and much improved, as will appear by this preface and table of contents. By John Kersey, teacher of the mathematicks, at the sign of the Globe",1671,London,ENGLISH,Edmund Wingate,Thomas Roycroft,Arithmetic,,,unrelated,primary,unrelated,unrelated,unrelated,unrelated,unrelated,unrelated,unrelated,unrelated,unrelated,unrelated,unrelated,unrelated,unrelated,unrelated,unrelated,unrelated,unrelated,unrelated,composed | enlarged | revised | improved,,Mr. Wingate’s Arithmetick,,,"Containing A PLAIN AND FAMILIAR METHOD, For attaining the KNOWLEDGE and PRACTICE Of COMMON ARITHMETICK",1673,,,,The Sixth Edition,"Teacher of the Mathematicks, at the Sign of the Globe in Shandois-street in Covent-Garden",JOHN KERSEY,Edmund Wingate | Boetius,,,,LONDON | Cross-Keys Court in Little Britain,,,T. R | R. S | J. Williams,,True,False,True,False,False,True,True,False,False,False,True,True,True,True,False,False,False,True,False,False,True,False,1,True,3,True,2,True,0,False,0,False,3,True,primary,unrelated,unrelated,unrelated,unrelated,unrelated,unrelated
bib-199,,1672,London,ENGLISH,Samuel Morland,,Arithmetic | Commercial Mathematics | Instrument Use,,,unrelated,primary,unrelated,unrelated,primary,unrelated,unrelated,unrelated,unrelated,unrelated,primary,unrelated,unrelated,unrelated,unrelated,unrelated,unrelated,unrelated,unrelated,unrelated,Invented | Presented,,,,,,1672,"His most Excellent Majesty CHARLES II. King of Great Britain, France, and Ireland, &c",,,,,S. MORLAND,,,,,,,,"And by the importunity of his very good friends, made publick",,True,False,False,False,False,False,True,True,False,False,False,False,True,False,False,False,False,False,False,False,True,False,0,False,2,True,1,True,0,False,1,True,2,True,primary,unrelated,unrelated,primary,unrelated,unrelated,unrelated
bib-2,,1547,Paris,FRENCH,Charles de Bovelles,"Regnaud Chaudiere, Claude Chaudiere",Practical Geometry,,Architecture | Instrument Use,unknown,unrelated,unrelated,unrelated,unrelated,unrelated,unrelated,unrelated,unrelated,unrelated,unknown,unrelated,unrelated,unrelated,unrelated,unrelated,primary,unrelated,unrelated,unrelated,composee | reueue | augmen-  tée | enrichie,,Geometrie practique,,,,M. D. XLVII,,,,"nou uellement par luy reueue, augmen- tée, & grandement enrichie",le noble Philosophe maistre,Charles de Bouelles,,,augmen-  tée | grandement enrichie,,PARIS,,,"De l’imprimerie de Regnaud Chaudiere, & Claude son filz",,True,False,True,False,False,False,True,False,False,False,True,True,True,False,False,True,False,True,False,False,True,False,1,True,2,True,2,True,1,True,0,False,3,True,unrelated,primary,unknown,unknown,unrelated,unrelated,unrelated
bib-20,Geometria prattica tratta dagl’Elementi d’Euclide et altri auttori da Giovanni Pomodoro venetiano mathematico eccellentissimo descritta et dichiarata da Giovanni Scala mathematico,1599,Rome,ITALIAN,"Giovanni Pomodoro, Giovanni Scala",Stefano de Paolini,Practical Geometry,Architecture | Construction | Cosmography | Geography | Surveying,,secondary,unrelated,unrelated,unrelated,unrelated,secondary,secondary,secondary,unrelated,unrelated,unrelated,unrelated,unrelated,unrelated,unrelated,unrelated,primary,secondary,unrelated,unrelated,TRATTA | descritta | Dichiarata,"ad un buon Geometra | à Misuratori di terreni, di fabriche, et altri simili | à Geografi, Cosmografi, Architetti Civili, et Militari | à Bombardieri, Soldati privati, Capitani, Maestri di Campo | à qual si Voglia altra persona Virtuosa",Elementi d’Euclide,,,,1599,,,,,Mathematico eccellentissimo | Mathematico,Giovanni Pomodoro Venetiano | Giovanni Scala,,Elementi d’Euclide,150. Tavole di Rame,,Roma,,,Appresso Stefano de Paulinis,Euclide,True,True,True,False,False,False,True,False,False,False,False,True,True,False,True,True,False,True,False,False,True,True,3,True,3,True,1,True,1,True,1,True,3,True,unrelated,primary,secondary,secondary,secondary,unrelated,unrelated
bib-200,,1761,Leeuwarden,DUTCH,Willem Bartjens,"Abraham Ferwerda, Gerrit Tresling",Arithmetic | Commercial Mathematics,,,unrelated,primary,unrelated,unrelated,primary,unrelated,unrelated,unrelated,unrelated,unrelated,unrelated,unrelated,unrelated,unrelated,unrelated,unrelated,unrelated,unrelated,unrelated,unrelated,VERNIeUWDE | Geheel Uitgewerkt | vermeerdert met,Kunst-lievende Leerlingen,,,,,1761,Mr. WILLEM BARTJENS,,,DERDE DRUK,,HAYKE HAANSTRA,,,Geheel Uitgewerkt | vermeerdert met verscheiden nieuwe Uitwerkingen,,TE LEEUWARDEN,,,"ABRAHAM FERWERDA en GERRIT TRESELING, Boekverkopers",,True,True,False,False,False,False,True,True,False,False,True,False,True,False,False,True,False,True,False,False,True,False,0,False,2,True,2,True,1,True,2,True,3,True,primary,unrelated,unrelated,unrelated,unrelated,unrelated,unrelated
bib-202,Pacht-tafelen. Waer door alle on-ervarene inde reken-konste konnen calculeren de pacht,1649,Middelburg,DUTCH,Cornelis Francoiszoon Eversdijck,Anthony de Later,Arithmetic | Commercial Mathematics,,Practical Geometry,unrelated,primary,unrelated,unrelated,primary,unrelated,unrelated,unrelated,unrelated,unrelated,unrelated,unrelated,unrelated,unrelated,unrelated,unrelated,unknown,unrelated,unrelated,unrelated,by-gevoecht,alle On-erfarene inde Reken-konste,,,,,1649,,,,,,C. F. E,,,de Proporien van verscheyden Landt-maten | eenigh seer faculteuse Mathematische Questiën,,MIDDELBURGH,,,"Anthony de Later, Ordinaris Stadt Drucker",,True,True,False,False,False,False,True,False,False,False,False,False,True,False,False,True,False,True,False,False,True,False,0,False,1,True,1,True,1,True,1,True,3,True,primary,unknown,unrelated,unrelated,unrelated,unrelated,unrelated
bib-203,,1690,Utrecht,DUTCH,Johan Coutereels,J. van Poolsum,Arithmetic,,,unrelated,primary,unrelated,unrelated,unrelated,unrelated,unrelated,unrelated,unrelated,unrelated,unrelated,unrelated,unrelated,unrelated,unrelated,unrelated,unrelated,unrelated,unrelated,unrelated,Begonnen door | volvoert door | byvoegingh van,,t KONSTIGH CYFFER-BOEK,,,,1690,,,,Begonnen door Mr. DIRK DE GRAUW; En volvoert door een wel-ervaren Persoon in dese Konst,een wel-ervaren Persoon,Mr. DIRK DE GRAUW,,,Met volkomene Uytwerkingh aller Questiën | en byvoegingh van veelerley andere soo noodige als konstige Opgevingen,,"UTRECHT | Plaats, tegen over ’t Stadhuy",,,"J. van Poolsum, Stadts Drukker",,True,False,True,False,False,False,True,False,False,False,True,True,True,False,False,True,False,True,False,False,True,False,1,True,2,True,2,True,1,True,0,False,3,True,primary,unrelated,unrelated,unrelated,unrelated,unrelated,unrelated
bib-204,,1658,Middelburg,DUTCH,Johan Coutereels,Jaques Fifrens,Arithmetic,Theoretical Mathematics,,unrelated,primary,unrelated,unrelated,unrelated,unrelated,unrelated,unrelated,unrelated,unrelated,unrelated,unrelated,unrelated,unrelated,unrelated,unrelated,unrelated,unrelated,secondary,unrelated,nieuwelijck over­sien | na-ge­rekent | gezuijvert | vermeerdert | over-ge­set | by-voeginghe,,ARITHMETICA,,,,M DC LVIII,,,,"Nu nieuwelijck over­sien, ’alle Questiën na-ge­rekent, en van ontallijke fouten gezuijvert | Item vermeerdert met d’Algebraïsche werckingen, uyt het Fransche Exemplaer over-ge­set; met by-voeginghe van verscheyden andre fraeye Questiën, en noodige annotationen",Reken-meester ’s Lants ende Graeffelijckheydts van ZEELANT,CORNELIS Fr. EVERSDYCK,,,d’Algebraïsche werckingen | Fransche Exemplaer | verscheyden Andre fraeye Questiën | noodige annotationen,,TOT MIDDELBURGH,Fransche,,JAQUES FIFRENS,,True,False,True,False,False,False,True,False,False,False,True,True,True,False,False,True,False,True,True,False,True,False,1,True,2,True,3,True,1,True,0,False,3,True,primary,secondary,unrelated,unrelated,unrelated,unrelated,unrelated
bib-205,,1664,Dordrecht,DUTCH,Jan Pietersz Dou,Matheus van Nispen,Arithmetic | Practical Geometry | Surveying,,,unrelated,primary,unrelated,unrelated,unrelated,unrelated,unrelated,unrelated,unrelated,unrelated,unrelated,unrelated,unrelated,unrelated,unrelated,unrelated,primary,primary,unrelated,unrelated,gemaeckt | Geadmitteert | gedrukt,,,,,,1664,,,,,in sijn leven Land- meter tot Leyden | Reekenmr. ’s Lands en Graefs- lyckheyt van Zeelandt,JAN PIETERSZ. DOU | C. Fr. EVERSDYK | M. van NISPEN,,,met eenige dingen ter saken die nieuwe be­meereert,,"DORDRECHT | Wijn-straet, by de Maestu-brug, in de Sonne-wijser",,,"Matheus van Nispen, Boeck-verkooper",,True,False,False,False,False,False,True,False,False,False,False,True,True,False,False,True,False,True,False,False,True,False,0,False,2,True,1,True,1,True,0,False,3,True,primary,primary,unrelated,primary,unrelated,unrelated,unrelated
bib-206,"Der Verschantzte Turenne Oder Gründliche Alt- und Neue Kriegs-Bau-Kunst: Worinnen aus den benöthigten Fundamenten Einer vortheilhafften, ungemeinen und meist Geometrischen Arithmetic, und Gründlichen vollständigen Geometrie, mit einem gantz neu-erfundenen so bequemen und universalen Instrument, daß man zu allerley Geometrischen und Astronomischen Praxibus noch nie dergleichen gehabt, Uber die Niederländische oder Freytagische Fortification Noch Sechs gantz Andere Neu- und mehr verstärckte Befestigungs-Arten der besten Ingenieurs jetziger Zeit deutlich für Incipienten und gründlich für Practicanten anweiset, Johann Heinrich Behr, P.",1677,"Frankfurt, Leipzig",GERMAN,Johann Heinrich Behr,Christian Weidmann,Military Engineering,Construction | Instrument Construction | Instrument Use | Practical Geometry,,unrelated,unrelated,unrelated,unrelated,unrelated,secondary,unrelated,unrelated,unrelated,secondary,secondary,unrelated,primary,unrelated,unrelated,unrelated,secondary,unrelated,unrelated,unrelated,,Inscripienten | Practicanten,,,,"Absehenen aus den berühmbtesten Fundamenten Einer vortheilhafften, angenehmen und meist Geometrischen Arithmetick, und Gründlichen vollständigen Geometrie",1677,,,,,,Johann Heinrich Behr,,,,,Franckfurt und Leipzig | Görlitz,,Ihne Chur-Sächsischer erbliehen Freyheit,Georg Heinrich Möllern | Christian Weidmann,,False,True,False,False,False,True,True,False,False,False,False,False,True,False,False,False,False,True,False,True,True,False,0,False,1,True,0,False,0,False,1,True,4,True,unrelated,secondary,secondary,secondary,unrelated,primary,unrelated
bib-207,,1669,Dordrecht,DUTCH,Mattheus van Nispen,Mattheus van Nispen,Practical Geometry | Surveying,,,unrelated,unrelated,unrelated,unrelated,unrelated,unrelated,unrelated,unrelated,unrelated,unrelated,unrelated,unrelated,unrelated,unrelated,unrelated,unrelated,primary,primary,unrelated,unrelated,gestelt | vermeerdert | gesuyvert | gevoeght | Geadmitteert,voor Leerlingen en Jonge Practisijns | voor alle Liefhebbers | voor alle Lief-hebbers van Geometrische speculatien,De Beknopte LANT-MEET-KONST,het Tractaet van de Landt-maeten,Tractaet van de Landt-maeten,"Leerende In’t korte, alles wat in’t gemeen, in de Practijcke des Landt-meetens voor-komen kan",1669,,,,"Den tweeden druck: in vele plaetsen vermeerdert, en van voorgaende fauten gesuyvert",,J. P. Dou | C. Everdijck | Mattheus van Nispen,,,het Tractaet van de Landt-maeten,,Dordrecht,,,"Mattheus van Nispen, Boeck-verkoper in de Wijn- straet | de Nieuw-brugh in de Sonne-wyser",,True,True,True,True,True,True,True,False,False,False,True,False,True,False,False,True,False,True,False,False,True,False,1,True,1,True,2,True,3,True,1,True,3,True,unrelated,primary,unrelated,primary,unrelated,unrelated,unrelated
bib-208,,1689,Dordrecht,DUTCH,Mattheus van Nispen,Mattheus van Nispen,Practical Geometry | Surveying,Construction,Instrument Use,unrelated,unrelated,unrelated,unrelated,unrelated,secondary,unrelated,unrelated,unrelated,unrelated,unknown,unrelated,unrelated,unrelated,unrelated,unrelated,primary,primary,unrelated,unrelated,gestelt | vermeerdert | gevoeght | Geadmitteert | verklaert,voor Leerlingen en Jonge Practisijns | voor alle Lieden | voorder voor alle Liefhebbers van Geometrische speculatien,,,,,1689,,,,"Den derden druck: in vele plaetsen vermeerdert | Hier by gevoeght, het Tractaet van de Landt-maeten",Geadmitteert Landt-meter,Mattheus van Nispen,J. P. Dou | C. Everdijck,,"met noodige Figuuren en Demonstratien | voornamelijk met Saecken, Dijckagien, en Inbraecken van Polders",,Dordrecht,,,"Mattheus van Nispen, Boeck-verkoper in de Wijn- straet | de Nieuw-brugh in de Sonne-wyser",,True,True,False,False,False,False,True,False,False,False,True,True,True,True,False,True,False,True,False,False,True,False,0,False,3,True,2,True,1,True,1,True,3,True,unrelated,primary,secondary,primary,unrelated,unrelated,unrelated
bib-209,,1600,Leiden,DUTCH,"Johan Sems, Jan Pietersz Dou",Jan Bouwmeester,Practical Geometry | Surveying,Instrument Use,,unrelated,unrelated,unrelated,unrelated,unrelated,unrelated,unrelated,unrelated,unrelated,unrelated,secondary,unrelated,unrelated,unrelated,unrelated,unrelated,primary,primary,unrelated,unrelated,ghecomponeert | ghegheven | geadmitteert,,,,,,1600,,,,nieuws,geadmitteert Lantmeeter by den Hove van West-Vrieslant | geadmitteert Lantmeeter by den Hove van Hollant,Iohan Sems | Ian Pietersz. Dou,,,nieuw gehaeculeerde Tafelen,den Hove van West-Vrieslant | den Hove van Hollant,Leyden,,,Ian Bouwmeester,,True,False,False,False,False,False,True,False,False,False,True,True,True,False,False,True,True,True,False,False,True,False,0,False,3,True,2,True,1,True,1,True,3,True,unrelated,primary,unrelated,primary,unrelated,unrelated,unrelated
bib-210,,1600,Leiden,DUTCH,"Johan Sems, Jan Pietersz Dou",Jan Bouwmeester,Cartography | Instrument Use | Practical Geometry | Surveying,Architecture,,secondary,unrelated,unrelated,primary,unrelated,unrelated,unrelated,unrelated,unrelated,unrelated,primary,unrelated,unrelated,unrelated,unrelated,unrelated,primary,primary,unrelated,unrelated,ghecomponeert | ghegheven,,,,,,1600,,,,,,Iohan Sems | Ian Pietersz. Dou,,,,,Leyden,,,Ian Bouwmeester,,True,False,False,False,False,False,True,False,False,False,False,False,True,False,False,False,False,True,False,False,True,False,0,False,1,True,1,True,0,False,0,False,3,True,unrelated,primary,secondary,primary,primary,unrelated,unrelated
bib-211,,1547,Antwerp,DUTCH,Charles de Bovelles,Jan Roelants,Practical Geometry,Instrument Use,,unrelated,unrelated,unrelated,unrelated,unrelated,unrelated,unrelated,unrelated,unrelated,unrelated,secondary,unrelated,unrelated,unrelated,unrelated,unrelated,primary,unrelated,unrelated,unrelated,aenghaende | beschreuen,,,,,,M. CCCCC. xlvij,,,in François,,Canonick van Noyon,Charles de Bouuelles,,,,,t’Antwerpen,,,Jan Roelants,,True,False,False,False,False,False,True,False,False,True,False,True,True,False,False,False,False,True,False,False,True,False,0,False,2,True,2,True,0,False,0,False,3,True,unrelated,primary,unrelated,secondary,unrelated,unrelated,unrelated
bib-212,,1603,Amsterdam,DUTCH,Nicolaus Petri,Cornelis Claesz,Arithmetic | Commercial Mathematics,,,unrelated,primary,unrelated,unrelated,primary,unrelated,unrelated,unrelated,unrelated,unrelated,unrelated,unrelated,unrelated,unrelated,unrelated,unrelated,unrelated,unrelated,unrelated,unrelated,Gestelt,int corte,Arithmetica,,,"Practicque omme int corte te leeren spheren naer alderleyse Coophandel inghe, met som- mighe Exemplen ghesolvert deur die Cabiça, Cost, tot profyte van alle Coopluijden",,,,,,,Nicolaum Petri Daventriensen,,,met som- mighe Exemplen,,t Amstelredam,,,"Cornelis Claesz, op’t Water, int",,True,True,True,False,False,True,False,False,False,False,False,False,True,False,False,True,False,True,False,False,True,False,1,True,1,True,1,True,1,True,1,True,2,True,primary,unrelated,unrelated,unrelated,unrelated,unrelated,unrelated
bib-213,Een nieu constich boeck inde geometrie ende astronomiæ,1608,Rees,DUTCH,S.D.V.B.,Abraham Wylicks,Astronomy | Instrument Use | Practical Geometry | Surveying,,,unrelated,unrelated,primary,unrelated,unrelated,unrelated,unrelated,unrelated,unrelated,unrelated,primary,unrelated,unrelated,unrelated,unrelated,unrelated,primary,primary,unrelated,unrelated,afgedeeylt | begrepen | gestelt | vergadert | gheweest,,,,,,,Liefhebber der vrye consten,,,,Liefhebber der vrye consten,S. D. V. B,Apiani,,"een nieuwen Wett-schrift, gestelt men noem het den Jacobstaff",,,,,,,True,False,False,False,False,False,False,True,False,False,False,True,True,True,False,True,False,False,False,False,False,False,0,False,4,True,1,True,1,True,1,True,0,False,unrelated,primary,unrelated,primary,primary,unrelated,unrelated
bib-214,,1691,"Paris, Amsterdam",FRENCH,Sébastien Le Clerc,Pierre Mortier,Practical Geometry,,,unrelated,unrelated,unrelated,unrelated,unrelated,unrelated,unrelated,unrelated,unrelated,unrelated,unrelated,unrelated,unrelated,unrelated,unrelated,unrelated,primary,unrelated,unrelated,unrelated,,,,,,SUR LE PAPIER ET SUR LE TERRAIN,1691,,,,,,,,,,,"PARIS | AMSTERDAM | le Vygedam, à la Ville de Paris",,,"Chez PIERRE MORTIER, Libraire sur le Vygedam, à la Ville de Paris",,False,False,False,False,False,True,True,False,False,False,False,False,False,False,False,False,False,True,False,False,True,False,0,False,0,False,0,False,0,False,0,False,3,True,unrelated,primary,unrelated,unrelated,unrelated,unrelated,unrelated
bib-215,,1653,London,ENGLISH,Jean Leurechon,William Leake,Gnomonics & Horology | Instrument Use,Architecture | Arithmetic | Astronomy | Cosmography | Mechanics | Navigation,Instrument Construction,secondary,secondary,secondary,unrelated,unrelated,unrelated,secondary,unrelated,primary,unknown,primary,secondary,unrelated,unrelated,secondary,unrelated,unrelated,unrelated,unrelated,unrelated,extracted | compil’d | added | Invented | written,,Mathematicall RECREATIONS,the Description and Use of the Generall Horologicall Ring | The Double Horizontall Diall,Description and Use of the Generall Horologicall Ring | Double Horizontall Diall,"A Collection of many Problemes, extracted out of the Ancient and Modern Philo­- sophers, as Secrets and Experiments in Arithmetick, Geometry, Cosmographie, Horologiographie, Astronomie, Navigation, Musick, Opticks, Architecture, Staticks, Mechanicks, Chymistry, Water-works, Fire- works, &c. Not vulgarly mani­ fest till now",MDC LIII,,,now in English,"Written first in Greeke and Latin, lately compil’d in French, by Henry Van Etten, and now in English, with the Examinations and Augmentations of divers Modern Mathematicians",,Henry Van Etten | WILLIAM OUGHTRED,,,the Examinations and Augmentations of divers Modern Mathematicians | the Description and Use of the Generall Horologicall Ring | The Double Horizontall Diall,,"LONDON | the Signe of the Crown in Fleetstreet, between the two Temple Gates",Greeke | Latin | French,,William Leake,,True,False,True,True,True,True,True,False,False,True,True,False,True,False,False,True,False,True,True,False,True,False,1,True,1,True,4,True,3,True,0,False,3,True,secondary,unrelated,secondary,primary,secondary,secondary,unrelated
bib-216,,1694,London,ENGLISH,John Hawkins,J. Dawks,,Arithmetic | Commercial Mathematics,,unrelated,secondary,unrelated,unrelated,secondary,unrelated,unrelated,unrelated,unrelated,unrelated,unrelated,unrelated,unrelated,unrelated,unrelated,unrelated,unrelated,unrelated,unrelated,unrelated,added,"Children and Youth | Men of all Degrees, and Qualities",,,,,1694,,,THE ENGLISH,,School-master at St. Georges Church in Southwark,JOHN HAWKINS,,,"An Appendix containing the Principles of Arith- metick; with an Account of Coins, Weights, Measure, Time, &c",St. Georges Church in Southwark | Universities | City of London,LONDON,,,"J. Dawks, for the Company of STATIONERS",,True,True,False,False,False,False,True,False,False,True,False,True,True,False,False,True,True,True,False,False,True,False,0,False,3,True,2,True,1,True,2,True,3,True,secondary,unrelated,unrelated,unrelated,unrelated,unrelated,unrelated
bib-217,,1496,Paris,LATIN,Jourdain de Séverac,Joanne Migmanus,Arithmetic | Music Theory,,,unrelated,primary,unrelated,unrelated,unrelated,unrelated,unrelated,unrelated,unrelated,unrelated,unrelated,unrelated,unrelated,primary,unrelated,unrelated,unrelated,unrelated,unrelated,unrelated,,,,,,,,G. Sonterius Labilonensis,,,,,,divi Severini Boetii | Pythagoræ | Pieriis,,,,,,,,,False,False,False,False,False,False,False,True,False,False,False,False,False,True,False,False,False,False,False,False,False,False,0,False,2,True,0,False,0,False,1,True,0,False,primary,unrelated,unrelated,unrelated,unrelated,unrelated,primary
bib-218,,1634,London,ENGLISH,William Webster,Miles Flesher,Arithmetic,Commercial Mathematics,,unrelated,primary,unrelated,unrelated,secondary,unrelated,unrelated,unrelated,unrelated,unrelated,unrelated,unrelated,unrelated,unrelated,unrelated,unrelated,unrelated,unrelated,unrelated,unrelated,making,,THE PRINCIPLES of Arithmetick,"TEACHING The five ordinary parts of ARITHME- TICK, the usuall way | Rules of PRACTICE, with extraordinarie Helps | The doctrine of FRACTIONS, The foure Rules of ARITHMETICK | Recreations extraordinary; or the easie perfor- mance of (seeming) Impossibilities",The five ordinary parts of ARITHME- TICK | Rules of PRACTICE | The doctrine of FRACTIONS | Recreations extraordinary,"WITH Helpfull Observations, making the Entrance easie, and the Practice pleasant",1634,,,,,,WILLIAM WEBSTER,,,WITH Helpfull Observations | With new and notable Abridgements | with extraordinarie Helps | some excellent Observations,,LONDON,,,Miles Flesher,,True,False,True,True,True,True,True,False,False,False,False,False,True,False,False,True,False,True,False,False,True,False,1,True,1,True,1,True,3,True,0,False,3,True,primary,unrelated,unrelated,unrelated,unrelated,unrelated,unrelated
bib-219,,1647,London,ENGLISH,William Webster,Miles Flesher,Arithmetic | Commercial Mathematics,,,unrelated,primary,unrelated,unrelated,primary,unrelated,unrelated,unrelated,unrelated,unrelated,unrelated,unrelated,unrelated,unrelated,unrelated,unrelated,unrelated,unrelated,unrelated,unrelated,added,,,,,,1647,,,,The fifth Edition with very large Additions,,WILLIAM WEBSTER,,,"With a necessary addition concerning half yearly and quarterly payments | Whereunto is now added, Certain Tables, very necessary for the ready reducing of gold and silver into Standard | with very large Additions",,London | South Entrance of the Royal Exchange,,,M. Flesher | Nicholas Bourne,,True,False,False,False,False,False,True,False,False,False,True,False,True,False,False,True,False,True,False,False,True,False,0,False,1,True,2,True,1,True,0,False,3,True,primary,unrelated,unrelated,unrelated,unrelated,unrelated,unrelated
bib-22,,1504,Strasbourg,LATIN,Gregor Reisch,Johann Schott,,,,unrelated,unrelated,unrelated,unrelated,unrelated,unrelated,unrelated,unrelated,unrelated,unrelated,unrelated,unrelated,unrelated,unrelated,unrelated,unrelated,unrelated,unrelated,unrelated,unrelated,,,,,,,,,,,,,,,,,,,,,,,False,False,False,False,False,False,False,False,False,False,False,False,False,False,False,False,False,False,False,False,False,False,0,False,0,False,0,False,0,False,0,False,0,False,unrelated,unrelated,unrelated,unrelated,unrelated,unrelated,unrelated
bib-220,,1613,London,ENGLISH,Richard Witt,,Arithmetic,,Commercial Mathematics,unrelated,primary,unrelated,unrelated,unknown,unrelated,unrelated,unrelated,unrelated,unrelated,unrelated,unrelated,unrelated,unrelated,unrelated,unrelated,unrelated,unrelated,unrelated,unrelated,,,,,,,,,,,,,,,,,,,,,,,False,False,False,False,False,False,False,False,False,False,False,False,False,False,False,False,False,False,False,False,False,False,0,False,0,False,0,False,0,False,0,False,0,False,primary,unrelated,unrelated,unrelated,unrelated,unrelated,unrelated
bib-221,"Arithmeticall questions, tovching the buying or exchange of annuities; taking of leases for fines, or yearly rent; purchase of fee-simples; dealing for present or future possessions; and other bargains and accounts, wherein allowance for disbursing or forbearance of mony i intended: briefly resolved, by meanes of certain breviats. Calculated by R.W. of London, practitioner in the art of numbers. The second edition. To which are added sundry sorts of breviats after the rate of 8 per cent. per ann. By Thomas Fisher.",1634,London,ENGLISH,Richard Witt,Thomas Harper,Arithmetic | Commercial Mathematics,,,unrelated,primary,unrelated,unrelated,primary,unrelated,unrelated,unrelated,unrelated,unrelated,unrelated,unrelated,unrelated,unrelated,unrelated,unrelated,unrelated,unrelated,unrelated,unrelated,Calculated | added,,,,,,1634,,,,The second Edition,,THOMAS FISHER,R. W. of London,,sundry sorts of Breviats after the rate of 8 per Cent. per Annum,,LONDON,,,Thomas Harper,,True,False,False,False,False,False,True,False,False,False,True,False,True,True,False,True,False,True,False,False,True,False,0,False,2,True,2,True,1,True,0,False,3,True,primary,unrelated,unrelated,unrelated,unrelated,unrelated,unrelated
bib-222,"An introduction for to lerne to recken with the pen or with the counters, accordyng to the trewe cast of algorisme, in hole numbers or in broken",1546,London,ENGLISH,,John Hertford,Arithmetic | Commercial Mathematics,,,unrelated,primary,unrelated,unrelated,primary,unrelated,unrelated,unrelated,unrelated,unrelated,unrelated,unrelated,unrelated,unrelated,unrelated,unrelated,unrelated,unrelated,unrelated,unrelated,newly corrected | added,,,,,,,,,in our Englysshe tonge,newly corrected | therevnto added,,,,,certayne nota-ble and goodly rules of false positions,,,,,,,True,False,False,False,False,False,False,False,False,True,True,False,False,False,False,True,False,False,False,False,False,False,0,False,0,False,3,True,1,True,0,False,0,False,primary,unrelated,unrelated,unrelated,unrelated,unrelated,unrelated
bib-223,,1572,Frankfurt,GERMAN,Heinrich Schreiber,Egenolff,Arithmetic | Commercial Mathematics,Instrument Construction | Music Theory | Practical Geometry,,unrelated,primary,unrelated,unrelated,primary,unrelated,unrelated,unrelated,unrelated,secondary,unrelated,unrelated,unrelated,secondary,unrelated,unrelated,secondary,unrelated,unrelated,unrelated,,auff alle kauffmannschafft,,,,,1572,,,,,,,,,,,Franckfurt am Meyn,,,Christian Egenolffs Erben,,False,True,False,False,False,False,True,False,False,False,False,False,False,False,False,False,False,True,False,False,True,False,0,False,0,False,0,False,0,False,1,True,3,True,primary,secondary,unrelated,secondary,unrelated,unrelated,secondary
bib-224,Ain neu geordnet rechenbüchlein,1520,Augsburg,GERMAN,Johann Böschenstein,"Johann Miller, Erhard Oeglin",Arithmetic,,Commercial Mathematics | Practical Geometry,unrelated,primary,unrelated,unrelated,unknown,unrelated,unrelated,unrelated,unrelated,unrelated,unrelated,unrelated,unrelated,unrelated,unrelated,unrelated,unknown,unrelated,unrelated,unrelated,geordnet,Den angenden Schülern | den kindern,Rechenbüchlein mitt den Zyffern,,,"Inhalent die siben species Algorithmi mit sampt der Regel de Tri, mit sechs reglen der zylich und der regel falsit mit vil andern güten frag",,,,,neu geordnet,,Joann Böschensteyn von Esslingen,,,,,,,,Johann Böschensteyn of Esslingen,,True,True,True,False,False,True,False,False,False,False,True,False,True,False,False,False,False,False,False,False,True,False,1,True,1,True,2,True,0,False,1,True,1,True,primary,unknown,unrelated,unrelated,unrelated,unrelated,unrelated
bib-225,Ain neu geordnet rechenbuechlein mitt den zyffern: den angenden schulern zu nutz,1518,Augsburg,GERMAN,Johann Böschenstein,"Johann Miller, Erhard Oeglin",Arithmetic,,,unrelated,primary,unrelated,unrelated,unrelated,unrelated,unrelated,unrelated,unrelated,unrelated,unrelated,unrelated,unrelated,unrelated,unrelated,unrelated,unrelated,unrelated,unrelated,unrelated,geordnet,Den angenden Schülern | den kindern,Rechenbüchlein,,,"mitt den Zyffern | Inhalent die siben species Algorithmi mit sampt der Regel de Tri, mit sechs reglen der zylich vñ der regel falsit mit vil andern güten frag",,,,,neu,,Joann Böschensteyn von Esslingen,,,,,,,,,,True,True,True,False,False,True,False,False,False,False,True,False,True,False,False,False,False,False,False,False,False,False,1,True,1,True,2,True,0,False,1,True,0,False,primary,unrelated,unrelated,unrelated,unrelated,unrelated,unrelated
bib-226,"A help to calculation. Or Two tables: the one of decimal numbers, and the other of their logarithmes, for the ready converting of sexagenary tables into decimal, and the contrary. And for the finding of the part proportional in all sexagenary tables. As also tables of declination, right and oblique ascensions, ascensional difference, and other tables of the primum mobile, for the speedy and exact erecting of a figure: in all which the use of the former tables",1657,London,ENGLISH,John Newton,Joseph Moxon,Arithmetic | Astronomy,,,unrelated,primary,primary,unrelated,unrelated,unrelated,unrelated,unrelated,unrelated,unrelated,unrelated,unrelated,unrelated,unrelated,unrelated,unrelated,unrelated,unrelated,unrelated,unrelated,,,,,,,1657,,,,,,J. Newton,,,,,"LONDON | Cornhil, at the sign of Atlas",,,Joseph Moxon,,False,False,False,False,False,False,True,False,False,False,False,False,True,False,False,False,False,True,False,False,True,False,0,False,1,True,0,False,0,False,0,False,3,True,primary,unrelated,unrelated,unrelated,primary,unrelated,unrelated
bib-227,,1700,"Paris, Brussels",FRENCH,Claude Comiers,George de Backer,,,,unrelated,unrelated,unrelated,unrelated,unrelated,unrelated,unrelated,unrelated,unrelated,unrelated,unrelated,unrelated,unrelated,unrelated,unrelated,unrelated,unrelated,unrelated,unrelated,unrelated,Augmentée | Inventée | mise nouvel- lement,,"PRATIQUE CURIEUSE, OU LES ORACLES DES SIBYLLES",,,Sur chaque Question proposée,M.DC.C,,,,TROISIÈME ÉDITION | Augmentée d’une seconde Partie sur de nouvelles Questions qui n’ont point encore paru,,M. COMMIERS | L. D. T,,,Augmentée d’une seconde Partie sur de nouvelles Questions qui n’ont point encore paru | Avec la Fortune des Humains,,"PARIS | BRUSSELLES | aux trois Mores, à l’entrée de la Berg-straet",,,"George de Backer, Libraire Imprimeur",,True,False,True,False,False,True,True,False,False,False,True,False,True,False,False,True,False,True,False,False,True,False,1,True,1,True,2,True,1,True,0,False,3,True,unrelated,unrelated,unrelated,unrelated,unrelated,unrelated,unrelated
bib-228,"Pratique curieuse, ou les Oracles des sibylles sur chaque question proposée",1698,Paris,FRENCH,Claude Comiers,Michel Brunet,,,,unrelated,unrelated,unrelated,unrelated,unrelated,unrelated,unrelated,unrelated,unrelated,unrelated,unrelated,unrelated,unrelated,unrelated,unrelated,unrelated,unrelated,unrelated,unrelated,unrelated,Augmentée | Inventée | mise,,,,,,M.DC.XCVIII,,,,TROISIÈME ÉDITION | Augmentée d’une seconde Partie sur de nouvelles Questions qui n’ont point encore paru,,M. COMMIERS | L. D. T,,,,,"PARIS, Chez MICHEL BRUNET, grande Salle du Palais, au Mercure Galant",,,MICHEL BRUNET,,True,False,False,False,False,False,True,False,False,False,True,False,True,False,False,False,False,True,False,False,True,False,0,False,1,True,2,True,0,False,0,False,3,True,unrelated,unrelated,unrelated,unrelated,unrelated,unrelated,unrelated
bib-229,"Pratique curieuse, ou les oracles des Sibylles, sur chaque question proposée",1694,Lyon,FRENCH,Claude Comiers,Hilaire Baritel,,,,unrelated,unrelated,unrelated,unrelated,unrelated,unrelated,unrelated,unrelated,unrelated,unrelated,unrelated,unrelated,unrelated,unrelated,unrelated,unrelated,unrelated,unrelated,unrelated,unrelated,Tirée,,,,,,M. DC. XCIV,,,,,,,,,,Bibliotéque de Mr. Comiers,"LYON, Chez HILAIRE BARITEL, ruë Merciere à la Constance",,,Chez HILAIRE BARITEL,,True,False,False,False,False,False,True,False,False,False,False,False,False,False,False,False,True,True,False,False,True,False,0,False,1,True,1,True,0,False,1,True,3,True,unrelated,unrelated,unrelated,unrelated,unrelated,unrelated,unrelated
bib-23,,1556,Venice,ITALIAN,Niccolò Tartaglia,Curzio Troiano,Arithmetic,Theoretical Mathematics,,unrelated,primary,unrelated,unrelated,unrelated,unrelated,unrelated,unrelated,unrelated,unrelated,unrelated,unrelated,unrelated,unrelated,unrelated,unrelated,unrelated,unrelated,secondary,unrelated,,,GENERAL TRATTATO DI NUMERI,,,"ET MISVRE DI NICOLO TARTAGLIA | NELLA QVALE IN VNDICI LIBRI SI NOTIFICA LA PIV ELEVATA, ET SPECVLATIVA PARTE DELLA PRATICA Arithmetica, laqual è tutte le regole, & operationi pratticali delle progressioni, radici, proportionj, & quantita irrationali",M. D. LVI,,,,,,,,,,,Vinegia,,,Curtio Troiano de i Navò,,False,False,True,False,False,True,True,False,False,False,False,False,False,False,False,False,False,True,False,False,True,False,1,True,0,False,0,False,0,False,0,False,3,True,primary,secondary,unrelated,unrelated,unrelated,unrelated,unrelated
bib-230,"Pratique curieuse, ou les Oracles des sibylles, sur chaque question proposée, tirée des manuscrits de la bibliothèque",1694,Paris,FRENCH,Claude Comiers,Michel Brunet,,,,unrelated,unrelated,unrelated,unrelated,unrelated,unrelated,unrelated,unrelated,unrelated,unrelated,unrelated,unrelated,unrelated,unrelated,unrelated,unrelated,unrelated,unrelated,unrelated,unrelated,Tirée,,,,,,M.DC.XCIV,,,,,,,,,,,"Chez MICHEL BRUNET, à l’entrée de la grand’ Salle du Palais, au Mercure Galant",,,MICHEL BRUNET,,True,False,False,False,False,False,True,False,False,False,False,False,False,False,False,False,False,True,False,False,True,False,0,False,0,False,1,True,0,False,0,False,3,True,unrelated,unrelated,unrelated,unrelated,unrelated,unrelated,unrelated
bib-231,"Pratique curieuse, ou Les oracles des sibylles tirée des manuscrits de la biblotheque de mr. Comiers",1694,The Hague,FRENCH,Claude Comiers,Abraham Troyel,,,,unrelated,unrelated,unrelated,unrelated,unrelated,unrelated,unrelated,unrelated,unrelated,unrelated,unrelated,unrelated,unrelated,unrelated,unrelated,unrelated,unrelated,unrelated,unrelated,unrelated,Tirée,,"PRATIQUE CURIEUSE, OU LES ORACLES DES SIBYLLES",,,Sur chaque question proposée,M.DC.XCIV,,,,,,,,,,,"A LA HAYE | Chez ABRAHAM TROYEL, Marchand Libraire, dans la grand’ Salle de la Cour",,,ABRAHAM TROYEL,,True,False,True,False,False,True,True,False,False,False,False,False,False,False,False,False,False,True,False,False,True,False,1,True,0,False,1,True,0,False,0,False,3,True,unrelated,unrelated,unrelated,unrelated,unrelated,unrelated,unrelated
bib-232,Rudimenta arithmetices,1527,Nuremberg,LATIN,"Johannes Wolf, Sebald Heyden",Friedrich Peypus,Arithmetic,,,unrelated,primary,unrelated,unrelated,unrelated,unrelated,unrelated,unrelated,unrelated,unrelated,unrelated,unrelated,unrelated,unrelated,unrelated,unrelated,unrelated,unrelated,unrelated,unrelated,,,Rudimenta arithmetices,,,,1527,,,,,,,,,,,Nürnberg,,,Friedrich Peypus,,False,False,True,False,False,False,True,False,False,False,False,False,False,False,False,False,False,True,False,False,True,False,1,True,0,False,0,False,0,False,0,False,3,True,primary,unrelated,unrelated,unrelated,unrelated,unrelated,unrelated
bib-234,"Mathematical elements, in III parts. The first being a discourse of practical geometry, the three parts of continued quantity lines, planes, and solids. The second a description and use of the coelestial and terrestrial globes. The third the delineation of the globe upon t plain of any great circle, according to the stereographick, or circular projection. By John Newton. M.A.",1660,London,ENGLISH,John Newton,"Robert Leybourne, William Leybourne",Astronomy | Cartography | Geography | Practical Geometry,Instrument Use | Theoretical Mathematics,,unrelated,unrelated,primary,primary,unrelated,unrelated,unrelated,primary,unrelated,unrelated,secondary,unrelated,unrelated,unrelated,unrelated,unrelated,primary,unrelated,secondary,unrelated,,,Mathematical ELEMENTS,,,"In III Parts | The first, being a Discourse of PRACTICAL GEOMETRY, The three Parts of continued Quantity, LINES, PLANES, and SOLIDS | The second, A Description and Use of the Coelestial and Terrestrial  GLOBES | The third, The Delineation of the Globe upon the Plain of any Great Circle, according to the Stereographick, or Circular projection",1660,,,,,M.A,JOHN NEWTON,,Mathematical ELEMENTS,,,"LONDON | the Turks-head in Corn-hill, near the Royal Exchange",,,R. and W. Leybourn | Robert Horn,,False,False,True,False,False,True,True,False,False,False,False,True,True,False,True,False,False,True,False,False,True,False,2,True,2,True,0,False,0,False,0,False,3,True,unrelated,primary,unrelated,secondary,primary,unrelated,unrelated
bib-235,,1702,London,ENGLISH,William Jones,J. Matthews,Astronomy | Instrument Use | Navigation | Theoretical Mathematics | Trigonometry,,Practical Geometry,unrelated,unrelated,primary,unrelated,unrelated,unrelated,unrelated,unrelated,unrelated,unrelated,primary,unrelated,unrelated,unrelated,primary,unrelated,unknown,unrelated,primary,primary,,,The Elements of Plain Trigonometry,"the most Useful and Necessary Problems in Astronomy | The Method of finding the Variation of the Compass, Working an Observation, the Reason and Use of the Log-Line, Allowances for Lee-way: With New Tables of the Sun’s Declination, &c",Problems in Astronomy | The Method of finding the Variation of the Compass,"and it’s Application to Plain, Mercator’s and Middle-Latitude Sailing",1702,,,,,,WILLIAM JONES,,The Elements of Plain Trigonometry,New Tables of the Sun’s Declination,,LONDON | the Hermitage-Stairs in Wapping,,,J. Matthews | Jer. Seller and Char. Price,,False,False,True,True,True,True,True,False,False,False,False,False,True,False,True,True,False,True,False,False,True,False,2,True,1,True,0,False,3,True,0,False,3,True,unrelated,primary,unrelated,primary,primary,unrelated,unrelated
bib-236,,1654,London,ENGLISH,John Newton,"Robert Leybourne, William Leybourne",Practical Geometry | Trigonometry,Arithmetic | Astronomy | Gnomonics & Horology | Navigation,,unrelated,secondary,secondary,unrelated,unrelated,unrelated,unrelated,unrelated,secondary,unrelated,unrelated,unrelated,unrelated,unrelated,secondary,unrelated,primary,unrelated,unrelated,primary,,,Institutio Mathematica,,,"Shewing the Construction and use of the Naturall and Artificiall Sines, Tangents, and Secants, in Decimal Numbers, and also of the Table of Logarithms | In the general solution of any Triangle, whether Plain or Spherical | WITH Their more particular application in  ASTRONOMIE, DIALLING, and NAVIGATION",MDC LIV,,,,,,JOHN NEWTON,,,"WITH Their more particular application in  ASTRONOMIE, DIALLING, and NAVIGATION",,"LONDON | Magnus Church corner, near Robert Boyl in the Bulwark by the Tower",,,R. & W. Leybourn | George Hurlock,,False,False,True,False,False,True,True,False,False,False,False,False,True,False,False,True,False,True,False,False,True,False,1,True,1,True,0,False,1,True,0,False,3,True,secondary,primary,unrelated,secondary,secondary,unrelated,unrelated
bib-237,"The works of Edmund Gunter: containing the description and use of the sector, cross-staff, bow, quadrant, and other instruments. With a canon of artificial sines and tangents to a radius of 10.00000 parts, and the logarithms from an unite to 10000: the uses whereof are illustrated in the practice of arithmetick, geometry, astronomy, navigation, dialling, and fortification. And some questions in navigation added by Mr. Henry Bond, teacher of mathematicks in",1673,London,ENGLISH,"William Leybourn, Edmund Gunter",Andrew Clark,Instrument Use | Trigonometry,Arithmetic | Astronomy | Gnomonics & Horology | Military Engineering | Navigation | Practical Geometry | Theoretical Mathematics,Instrument Construction,unrelated,secondary,secondary,unrelated,unrelated,unrelated,unrelated,unrelated,secondary,unknown,primary,unrelated,secondary,unrelated,secondary,unrelated,secondary,unrelated,secondary,primary,Containing | added by | added | Diligently Corrected | furnished,,THE WORKS OF EDMUND GUNTER,,,"the Description and Use of the Sector, Cross-staff, Bow, Quadrant, And other Instruments",MDCLXXIII,,,,"The Fifth Edition, Diligently Corrected, and divers necessary Things and Matters (pertinent thereunto) added",Philomath,William Leybourn,Mr. Henry Bond | Mr. Sam. Foster | Mr. Gunter,,some Questions in Navigation added | The Description and Use of another Sector and Quadrant | divers necessary Things and Matters (pertinent thereunto) added,Gresham Colledge,LONDON | St. Pauls Church-yard,,,A. C | Francis Eglesfield,,True,False,True,False,False,True,True,False,False,False,True,True,True,True,False,True,True,True,False,False,True,False,1,True,4,True,2,True,1,True,1,True,3,True,secondary,primary,unrelated,primary,secondary,secondary,unrelated
bib-238,,1716,Paris,FRENCH,Nicolas Bion,Boudot,Instrument Construction | Instrument Use,,,unrelated,unrelated,unrelated,unrelated,unrelated,unrelated,unrelated,unrelated,unrelated,primary,primary,unrelated,unrelated,unrelated,unrelated,unrelated,unrelated,unrelated,unrelated,unrelated,revue | corrigée | augmentée,,TRAITÉ DE LA CONSTRUCTION ET DES PRINCIPAUX USAGES DES INSTRUMENS DE MATHÉMATIQUE,,,,M.DCC.XVI,"Son Altesse Royale, MONSEIGNEUR LE DUC D’ORLÉANS, Régent du Royaume",,,"Seconde Édition, revue, corrigée & augmentée","Juge- nier du Roy pour les Instrumens de Mathématique, Quay de l’Horloge du Palais, où l’on trouve tous ces Instrumens dans leur perfection",Le Sr N. Bion,,,Avec les Figures nécessaires pour l’intelligence de ce Traité,,"PARIS | Ruë Saint Jacques, près la Fontaine Saint Severin",,,"Chez La Veuve Boudot, au Soleil d’Or | Etienne Ganeau, aux Armes de Dombes | Claude Robustel, à l’Image Saint Jean | Laurent Rondet, au Compas",,True,False,True,False,False,False,True,True,False,False,True,True,True,False,False,True,False,True,False,False,True,False,1,True,3,True,2,True,1,True,1,True,3,True,unrelated,unrelated,unrelated,primary,unrelated,unrelated,unrelated
bib-239,Ayn new kunstlich buech welches gar gewiß und behend lernet nach der gemainen regel detre welschen practic regeln falsi und etlichen regeln cosse mancherlay schoene und zuwissen notuerfftig rechnug auff kauffmanschafft gemacht auff der loeblichen hoen schul zu Wien in Osterreich,1521,Nuremberg,GERMAN,Heinrich Schreiber,Johann Stuchs,Commercial Mathematics | Practical Geometry,Music Theory,Arithmetic | Astronomy | Instrument Use,unrelated,unknown,unknown,unrelated,primary,unrelated,unrelated,unrelated,unrelated,unrelated,unknown,unrelated,unrelated,secondary,unrelated,unrelated,primary,unrelated,unrelated,unrelated,Geschriben,,,,,,,,,,,,ventzsch Gans macium | Schreyber von Efsfurt,,,,hoch Schul zu Wien in Osterreich,,,Kayserliche gnaden vnd Privilegien,,,True,False,False,False,False,False,False,False,False,False,False,False,True,False,False,False,True,False,False,True,False,False,0,False,2,True,1,True,0,False,1,True,1,True,primary,primary,unrelated,unknown,unknown,unrelated,secondary
bib-24,,1575,Bordeaux,LATIN,Elie Vinet,Simon Millanges,Theoretical Mathematics,,,unrelated,unrelated,unrelated,unrelated,unrelated,unrelated,unrelated,unrelated,unrelated,unrelated,unrelated,unrelated,unrelated,unrelated,unrelated,unrelated,unrelated,unrelated,primary,unrelated,INTERPRETATÆ,,"ELEMENTI QVINCTI, ET SEXTI, EVCLIDIS",,,DEFINITIONES,1575,,,,,,ELIA VINETO SANTONE,,"ELEMENTI QVINCTI, ET SEXTI, EVCLIDIS",,,BVRDIGALÆ | via Iacobea,,,Simonem Millangium Burdigalensium Typographum,EVCLIDIS,True,False,True,False,False,True,True,False,False,False,False,False,True,False,True,False,False,True,False,False,True,True,3,True,2,True,1,True,0,False,0,False,3,True,unrelated,primary,unrelated,unrelated,unrelated,unrelated,unrelated
bib-247,,1484,Venice,ITALIAN,Pietro Borghi,Erhard Ratdolt,Arithmetic | Commercial Mathematics,,,unrelated,primary,unrelated,unrelated,primary,unrelated,unrelated,unrelated,unrelated,unrelated,unrelated,unrelated,unrelated,unrelated,unrelated,unrelated,unrelated,unrelated,unrelated,unrelated,,,,,,,,,,,,,,,,,,,,,,,False,False,False,False,False,False,False,False,False,False,False,False,False,False,False,False,False,False,False,False,False,False,0,False,0,False,0,False,0,False,0,False,0,False,primary,unrelated,unrelated,unrelated,unrelated,unrelated,unrelated
bib-248,Aritmetica,1491/1492,Florence,ITALIAN,Filippo Calandri,"Lorenzo Morgiani, Johann Petri",Arithmetic,,,unrelated,primary,unrelated,unrelated,unrelated,unrelated,unrelated,unrelated,unrelated,unrelated,unrelated,unrelated,unrelated,unrelated,unrelated,unrelated,unrelated,unrelated,unrelated,unrelated,,,,,,,,,,,,,,,,,,,,,,,False,False,False,False,False,False,False,False,False,False,False,False,False,False,False,False,False,False,False,False,False,False,0,False,0,False,0,False,0,False,0,False,0,False,primary,unrelated,unrelated,unrelated,unrelated,unrelated,unrelated
bib-25,,1577,Bordeaux,FRENCH,Elie Vinet,Simon Millanges,Practical Geometry | Surveying,,Instrument Use,unrelated,unrelated,unrelated,unrelated,unrelated,unrelated,unrelated,unrelated,unrelated,unrelated,unknown,unrelated,unrelated,unrelated,unrelated,unrelated,primary,primary,unrelated,unrelated,,,,,,,1577,,,,,,,,,,,A BOVRDEAVX,,,"Simon Millanges, Imprimeur du Roy",,False,False,False,False,False,False,True,False,False,False,False,False,False,False,False,False,False,True,False,False,True,False,0,False,0,False,0,False,0,False,0,False,3,True,unrelated,primary,unrelated,primary,unrelated,unrelated,unrelated
bib-250,,1694,Paris,FRENCH,Jacques Ozanam,Jean Jombert,Arithmetic | Cosmography | Gnomonics & Horology | Mechanics,,,unrelated,primary,unrelated,unrelated,unrelated,unrelated,primary,unrelated,primary,unrelated,unrelated,primary,unrelated,unrelated,unrelated,unrelated,unrelated,unrelated,unrelated,unrelated,,,,un Traité nouveau des Horloges Elementaires,Traité nouveau des Horloges Elementaires,"Plusieurs Problêmes d’Arithmetique, de Geome- trie, d’Optique, de Gnomonique, de Cosmo- graphie, de Mecanique, de Pyrotechnié, & de Physique",M. DC. XCIV,,,,,Professeur des Mathematiques,Mr OZANAM,,,,,"PARIS, Chez JEAN JOMBERT, prés des Augustins, à l’Image Nôtre-Dame",,,Chez JEAN JOMBERT,,False,False,False,True,True,True,True,False,False,False,False,True,True,False,False,False,False,True,False,False,True,False,0,False,2,True,0,False,2,True,0,False,3,True,primary,unrelated,unrelated,primary,primary,primary,unrelated
bib-251,"De fixis stellis commentarius tabulae bergenses aequabilis et adparentis motus orbium coelestium. Ad illustrissimum principem D. Robertum de bergis, leodii episcopum per Joannem stadium, regium et ducis sabaudiae mathematicum. Quae decem canonibus ad omnium seculorum memoriam planetarum et siderum vera loca cum observationum historiis congruentia suppeditant. Item de fixis stellis commentarius",1560,Cologne,LATIN,Johannes Stadius,Birckmann,Astronomy,,,unrelated,unrelated,primary,unrelated,unrelated,unrelated,unrelated,unrelated,unrelated,unrelated,unrelated,unrelated,unrelated,unrelated,unrelated,unrelated,unrelated,unrelated,unrelated,unrelated,,,,de fixis stellis Commentarius,de fixis stellis Commentarius,,1560,"ILLVSTRISSIMUM REVERENDIS- SIMUMQVE PRINCIPEM D. ROBERTVM DE BERGIS, Leodii Episcopum, Bullionii Ducem, Co- mitem Losfensem, &c",,,,REGIVM ET DV- CIS SABAVDIAE MATHEMATICVM,IOANNEM STADIVM,,,,,COLONIAE AGRIPPINAE,,,Apud heredes Arnoldi Birckmanni,,False,False,False,True,True,False,True,True,False,False,False,True,True,False,False,False,False,True,False,False,True,False,0,False,3,True,0,False,2,True,1,True,3,True,unrelated,unrelated,unrelated,unrelated,primary,unrelated,unrelated
bib-252,,1570,,LATIN,Johannes Stadius,,Astronomy,,Instrument Use | Practical Geometry,unrelated,unrelated,primary,unrelated,unrelated,unrelated,unrelated,unrelated,unrelated,unrelated,unknown,unrelated,unrelated,unrelated,unrelated,unrelated,unknown,unrelated,unrelated,unrelated,,,,,,,,,,,,,IOANNIS STADII,,,,,,,,,,False,False,False,False,False,False,False,False,False,False,False,False,True,False,False,False,False,False,False,False,False,False,0,False,1,True,0,False,0,False,0,False,0,False,unrelated,unknown,unrelated,unknown,primary,unrelated,unrelated
bib-253,,1583,Lyon,LATIN,Johannes Stadius,"Q. Philip Tinghi, Symphorian Beraud, Stephen Michael",Astronomy,,Practical Geometry,unrelated,unrelated,primary,unrelated,unrelated,unrelated,unrelated,unrelated,unrelated,unrelated,unrelated,unrelated,unrelated,unrelated,unrelated,unrelated,unknown,unrelated,unrelated,unrelated,accommodatae | accesserunt,,EPHEMERIDES,Schematæ | praedictiones annuæ mundi | Eclipsi- um luminarium,Schematæ | praedictiones annuæ mundi | Eclipsi um luminarium,Secundum Antuerpiae longitudinem ex tabulis Prutenicis supputatae ab anno 1583. usque ad annum 1606,M. D. LXXXV,,,,Et ad S. D. N. Gregorii XIII. anni refor- mationem accuratissime accommodatae,Florentino Sacrae Theologiae Doctore,FRANCISCO IVNCTINO,,,Schematæ | praedictiones annuæ mundi | Eclipsi- um luminarium,,"off. Q. Philip. Tinghi, Florent. Apud Simphorianum Beraud",,,Stephanum Michaelem | Ioh. Gregorii a Werdenstein,,True,False,True,True,True,True,True,False,False,False,True,True,True,False,False,True,False,True,False,False,True,False,1,True,2,True,2,True,3,True,0,False,3,True,unrelated,unknown,unrelated,unrelated,primary,unrelated,unrelated
bib-254,,1591,Cologne,LATIN,Michaël Eytzinger,Godefridus Kempensis,,,,unrelated,unrelated,unrelated,unrelated,unrelated,unrelated,unrelated,unrelated,unrelated,unrelated,unrelated,unrelated,unrelated,unrelated,unrelated,unrelated,unrelated,unrelated,unrelated,unrelated,correctior | auctior | editus,OMNIBVS HISTORIARVM STVDIOSIS,THESAVRVS PRINCIPVM,,,,IƆ XCI,,,,"LIBELLVS, IAM MULTIS LOCIS correctior & auctior quàm antea editus",AVSTRIACVM,MICHAELEM EYZINGER,,,,,Apud Godefridum Kempensem,,,Godefridum Kempensem,,True,True,True,False,False,False,True,False,False,False,True,True,True,False,False,False,False,True,False,False,True,False,1,True,2,True,2,True,0,False,1,True,3,True,unrelated,unrelated,unrelated,unrelated,unrelated,unrelated,unrelated
bib-255,Cosmographia,1574,Cologne,LATIN,"Petrus Apianus, Gemma Frisius",Birckmann,Cosmography,Navigation,,unrelated,unrelated,unrelated,unrelated,unrelated,unrelated,primary,unrelated,unrelated,unrelated,unrelated,unrelated,unrelated,unrelated,secondary,unrelated,unrelated,unrelated,unrelated,unrelated,aucta | illustrata | Additis,,COSMOGRAPHIA,,,,LXXIV,,,,,MEDICVM ET MATHE- MATICVM INSIGNEM,PETRI APIANI,,,"aucta, & annotationibus marginalibus illustrata | Additis eiusdem argumenti libellis ipsius Gemma Frisij",APVD LOVANIENSES,COLONIAE AGRIPPINAE,,,Apud Heredes Arnoldi Birckmanni,,True,False,True,False,False,False,True,False,False,False,False,True,True,False,False,True,True,True,False,False,True,False,1,True,3,True,1,True,1,True,1,True,3,True,unrelated,unrelated,unrelated,unrelated,primary,unrelated,unrelated
bib-256,,1677,London,ENGLISH,Henry Phillippes,Andrew Clark,Trigonometry,Arithmetic | Astronomy | Geography | Gnomonics & Horology | Military Engineering | Navigation | Practical Geometry | Surveying,,unrelated,secondary,secondary,unrelated,unrelated,unrelated,unrelated,secondary,secondary,unrelated,unrelated,unrelated,secondary,unrelated,secondary,unrelated,secondary,secondary,unrelated,primary,Explained and Applied,,Mathematical Manual,,,CONTAINING TABLES OF LOGARITHMES,1677,,,,,,HENRY PHILLIPPES,,,The manifold Use thereof briefly,,LONDON,,,A. Clark | W. Fisher | E. Thomas | F. Nurbeck | E. Hurlock,,True,False,True,False,False,True,True,False,False,False,False,False,True,False,False,True,False,True,False,False,True,False,1,True,1,True,1,True,1,True,0,False,3,True,secondary,primary,unrelated,secondary,secondary,secondary,unrelated
bib-257,,1694,London,ENGLISH,William Leybourn,"Richard Baldwin, John Dunton",Arithmetic | Astronomy | Gnomonics & Horology | Mechanics,Theoretical Mathematics,Practical Geometry,unrelated,primary,primary,unrelated,unrelated,unrelated,unrelated,unrelated,primary,unrelated,unrelated,primary,unrelated,unrelated,unrelated,unrelated,unknown,unrelated,secondary,unrelated,Published | Annex,Youth (in this Age,,A TREATISE OF ALGEBRA,A TREATISE OF ALGEBRA,,1694,,,,,"Philomathes | Master of the Mathematick School in Adam’s Court, in Broadstreet, near the Royal Exchange, LONDON",WILLIAM LEYBOURN | R. SAULT,,,"a New Series for the speedy Extraction of Roots, and a Converging Series for all manner of affected Equations",Mathematick School in Adam’s Court,LONDON | near the Oxford-Arms in Warwick-Lane | the Raven in the Poultry,,,"Richard Baldwin, and John Dunton",,True,True,False,True,True,False,True,False,False,False,False,True,True,False,False,True,True,True,False,False,True,False,0,False,3,True,1,True,3,True,2,True,3,True,primary,secondary,unrelated,primary,primary,primary,unrelated
bib-258,,1585,Leiden,DUTCH,Simon Stevin,Christophe Plantin,Arithmetic,,,unrelated,primary,unrelated,unrelated,unrelated,unrelated,unrelated,unrelated,unrelated,unrelated,unrelated,unrelated,unrelated,unrelated,unrelated,unrelated,unrelated,unrelated,unrelated,unrelated,Beschreven,,DE THIENDE,,,"Leerende door onghehoorde lichticheyt allen rekeningen onder den Menschen noodich vallende, afveerdighen door heele ghetalen sonder ghebrokenen",M. D. LXXXV,,,,,,SIMON STEVIN van Brugghen,,,,,,,,Christoffel Plantijn,,True,False,True,False,False,True,True,False,False,False,False,False,True,False,False,False,False,False,False,False,True,False,1,True,1,True,1,True,0,False,0,False,2,True,primary,unrelated,unrelated,unrelated,unrelated,unrelated,unrelated
bib-259,"Michaelis Pselli Arithmetica, musica et geometria",1591,Tours,LATIN,Elie Vinet,Claude Michael,Arithmetic | Music Theory | Theoretical Mathematics,,Practical Geometry,unrelated,primary,unrelated,unrelated,unrelated,unrelated,unrelated,unrelated,unrelated,unrelated,unrelated,unrelated,unrelated,primary,unrelated,unrelated,unknown,unrelated,primary,unrelated,Accessit,In usum studiosæ Iuventutis Academiæ Turonensis Societ. Iesv,"ARITHMETICA, MVSICA, ET GEO- METRIA",PROCLI SPHAERA,PROCLI SPHAERA,,CIƆ. IƆ. XC I,,,,Accessit in hac ultima editione singulorum librorum,interprete,Elia Vineto Santone,,,,Academiæ Turonensis Societ,TVRONI,,,APVD CLAVDIVM MICHAELEM | Typographum Vniversitatis,,True,True,True,True,True,False,True,False,False,False,True,True,True,False,False,False,True,True,False,False,True,False,1,True,3,True,2,True,2,True,2,True,3,True,primary,primary,unrelated,unrelated,unrelated,unrelated,primary
bib-26,,1568,Venice,ITALIAN,Leon Battista Alberti,Francesco de Franceschi,,,,unrelated,unrelated,unrelated,unrelated,unrelated,unrelated,unrelated,unrelated,unrelated,unrelated,unrelated,unrelated,unrelated,unrelated,unrelated,unrelated,unrelated,unrelated,unrelated,unrelated,Tradotti | parte corretti,,,,,,1568,,,,"Tradotti, & parte corretti",,COSIMO BARTOLI,,,,,"Venetia, appresso Francesco Franceschi, Sanese",,,Francesco Franceschi,,True,False,False,False,False,False,True,False,False,False,True,False,True,False,False,False,False,True,False,False,True,False,0,False,1,True,2,True,0,False,0,False,3,True,unrelated,unrelated,unrelated,unrelated,unrelated,unrelated,unrelated
bib-260,,1659,Dordrecht,DUTCH,Mattheus van Nispen,Mattheus van Nispen,Astronomy | Instrument Construction | Instrument Use | Practical Geometry,Surveying,Navigation,unrelated,unrelated,primary,unrelated,unrelated,unrelated,unrelated,unrelated,unrelated,primary,primary,unrelated,unrelated,unrelated,unknown,unrelated,primary,secondary,unrelated,unrelated,overzien | ge- betert | ge-   betert | vermeedert | maken,voor alle kryghs-Officie- ren / Ingenieurs / Coop-lieden / Landt-meeters / Zee-varende en Krygs- sende Lieden / en alle Liefhebbers van Mathematische speculatie,,,,,1659,,,,"In desen laetsten druck van nieuws overzien, en van merckelijcke fauten ge-   betert, en met verscheyde Voorstellen vermeedert",,MATTHEUS VAN NISPEN,,,Verscheyde Voorstellen | het maken des selven Quadrants,,DORDRECHT,,,"Mattheus van Nispen, Boeck-verkooper op den hoeck van de Nieuw-brugh, in de Sonne-wijser",,True,True,False,False,False,False,True,False,False,False,True,False,True,False,False,True,False,True,False,False,True,False,0,False,1,True,2,True,1,True,1,True,3,True,unrelated,primary,unrelated,primary,primary,unrelated,unrelated
bib-261,,1683,London,ENGLISH,Joseph Moxon,Joseph Moxon,Mechanics,,Instrument Construction | Instrument Use,unrelated,unrelated,unrelated,unrelated,unrelated,unrelated,unrelated,unrelated,unrelated,unknown,unknown,primary,unrelated,unrelated,unrelated,unrelated,unrelated,unrelated,unrelated,unrelated,Applied to the Art of Printing,,MECHANICK EXERCISES,,,"Or, the Doctrine of handy-works | Applied to the Art of Printing",1683,,,,,"Member of the Royal Society, and Hydrographer to the King’s Most Excellent Majesty",Joseph Moxon,,,,Royal Society,"LONDON | West-side of Fleet-ditch, at the Sign of Atlas",,,Joseph Moxon,,True,False,True,False,False,True,True,False,False,False,False,True,True,False,False,False,True,True,False,False,True,False,1,True,3,True,1,True,0,False,1,True,3,True,unrelated,unrelated,unrelated,unknown,unrelated,primary,unrelated
bib-262,,1582,Antwerp,FRENCH,Gemma Frisius,Jean Withage,Arithmetic,,,unrelated,primary,unrelated,unrelated,unrelated,unrelated,unrelated,unrelated,unrelated,unrelated,unrelated,unrelated,unrelated,unrelated,unrelated,unrelated,unrelated,unrelated,unrelated,unrelated,Traduite | illustrée | contenans,,L’ARITHMETIQUE  de Gemme Phrison,,,,M. D. LXXXII,,,en François,,professeur ordinaire des Mathe- matiques,Pierre Forcadel de Beziers,,,illustrée de commentaires | contenans plusieurs inventions  nouvelles dudit Forcadel,,ANVERS,,,Chez Iean Withage,,True,False,True,False,False,False,True,False,False,True,False,True,True,False,False,True,False,True,False,False,True,False,1,True,2,True,2,True,1,True,0,False,3,True,primary,unrelated,unrelated,unrelated,unrelated,unrelated,unrelated
bib-263,L'arithmetique par les gects,1558,Paris,FRENCH,Pierre Forcadel,"Benoît Prévost, Guillaume Cavellat",Arithmetic,,Commercial Mathematics,unrelated,primary,unrelated,unrelated,unknown,unrelated,unrelated,unrelated,unrelated,unrelated,unrelated,unrelated,unrelated,unrelated,unrelated,unrelated,unrelated,unrelated,unrelated,unrelated,,,L'arithmetique,,,par les gects,1558,,,,,,,,,,,Paris,,,Benoît Prévost pour Guillaume Cavellat,,False,False,True,False,False,True,True,False,False,False,False,False,False,False,False,False,False,True,False,False,True,False,1,True,0,False,0,False,0,False,0,False,3,True,primary,unrelated,unrelated,unrelated,unrelated,unrelated,unrelated
bib-264,"Livre d'arithmetique: contenant plusieurs belles questions et demandes, propres et utiles à tous ceux qui hantent la trafique de marchandise. Ensemble une ample declaration sur le fait des changes",1573,Antwerp,FRENCH,"Valentin Mennher, Michel Coignet",Jean Waesberghe,Arithmetic | Commercial Mathematics | Trigonometry,Practical Geometry,,unrelated,primary,unrelated,unrelated,primary,unrelated,unrelated,unrelated,unrelated,unrelated,unrelated,unrelated,unrelated,unrelated,unrelated,unrelated,secondary,unrelated,unrelated,primary,Composé | reveu | corrigé | augmenté en plusieurs endroits | illustrées | amplifiées,tous ceux qui hantent la Trafique de Marchandise,LIVRE D’ARITHMETIQVE,"Une ample declaration sur le fait des Changes | Un petit discours de bien & deuëment disconter, auec la Solution sur diuerſes opinions y propoſées | La Solution des questions Mathematiques par la supputation de Sinus, illustrées & am- plifiées par les demonstrations Geome- triques necessaires à icelles","Une ample declaration sur le fait des Changes | Un petit discours de bien & deuëment disconter, auec la Solution sur diuerſes opinions y propoſées | La Solution des questions Mathematiques","contenant plusieurs belles questions & de-  mandes, propres & vtiles à tous ceux qui hantent la Trafique de Marchandise",1573,,,,"reveu, corrigé, & augmenté en plusieurs endroits",,Valentin Mennher | Michiel Cognet,,,La Solution des questions Mathematiques par la supputation de Sinus | illustrées | amplifiées,,"ANVERS | Chez Jean Waesberghe, à l’escu de Flandres",,,"Chez Jean Waesberghe, à l’escu de Flandres",,True,True,True,True,True,True,True,False,False,False,True,False,True,False,False,True,False,True,False,False,True,False,1,True,1,True,2,True,3,True,1,True,3,True,primary,primary,unrelated,unrelated,unrelated,unrelated,unrelated
bib-265,,1609,Rotterdam,FRENCH,Valentin Mennher,Jean Waesberghe,Arithmetic | Commercial Mathematics,,,unrelated,primary,unrelated,unrelated,primary,unrelated,unrelated,unrelated,unrelated,unrelated,unrelated,unrelated,unrelated,unrelated,unrelated,unrelated,unrelated,unrelated,unrelated,unrelated,,à tous Marchands,,,,,1609,,,,,,VALENTIN MENNHER  de Kempen,,,,,"A ROTTERDAM, Chez Jean Waesbergue, au Marché, à l’enseigne de la Fame",,,Jean Waesbergue,,False,True,False,False,False,False,True,False,False,False,False,False,True,False,False,False,False,True,False,False,True,False,0,False,1,True,0,False,0,False,1,True,3,True,primary,unrelated,unrelated,unrelated,unrelated,unrelated,unrelated
bib-266,Arithmetique de M. Valentin Mennher,1563,Antwerp,FRENCH,Valentin Mennher,Gilles Copenius,Arithmetic,Commercial Mathematics,,unrelated,primary,unrelated,unrelated,secondary,unrelated,unrelated,unrelated,unrelated,unrelated,unrelated,unrelated,unrelated,unrelated,unrelated,unrelated,unrelated,unrelated,unrelated,unrelated,Translatée | augmentée,,ARITHMETIQVE,,,plusieurs belles questions iournellement oc-  currentes en traffique de Marchandise,M. D. LXIII,,,,augmentée par le mesme Autheur,,M. Valentin Mennher,,,augmentée par le mesme Autheur,,ANVERS,hault Alleman,,,,True,False,True,False,False,True,True,False,False,False,True,False,True,False,False,True,False,True,True,False,False,False,1,True,1,True,3,True,1,True,0,False,2,True,primary,unrelated,unrelated,unrelated,unrelated,unrelated,unrelated
bib-267,,1651,Paris,FRENCH,Pierre Mallet,Pierre Mallet,Arithmetic,Astronomy | Construction | Practical Geometry | Surveying | Trigonometry,,unrelated,primary,secondary,unrelated,unrelated,secondary,unrelated,unrelated,unrelated,unrelated,unrelated,unrelated,unrelated,unrelated,unrelated,unrelated,secondary,secondary,unrelated,secondary,tirées du Grec | expliquées en François,tous ceux qui   desirent promptement parvenir à l’intelli-   gence des Sciences Mathematiques,LA SCIENCE DES NOMBRES,,,"du Cours Mathematique abregé,  qui contient",M. DC. LI,,,en François,,Ingenieur & Professeur és Mathematiques,PIERRE MALLET,,,"tirées du Grec | expliquées en François | Solutions par Arith. Algebre & Analyze | diverses, nouvelles & tres-faciles methodes",,"Chez l’Autheur, au faux-bourg S. Germain, ruë du Fossé, d’entre les Portes Dauphine & Nesle, à la ville de Richelieu: Et au Palais | Chez EDME PEPINGUE, en la Grand’ Salle, pres la Porte de la Salle Dauphine",du Grec,,Chez l’Autheur | Chez EDME PEPINGUE,,True,True,True,False,False,True,True,False,False,True,False,True,True,False,False,True,False,True,True,False,True,False,1,True,2,True,3,True,1,True,1,True,3,True,primary,secondary,secondary,secondary,secondary,unrelated,unrelated
bib-268,"Opera matematica, ou oeuures mathematiques, traictans de geometrie, perspective, architecture et fortification Ausquels sont aioints les fondaments de la perspective & architecture",1625,Amsterdam,FRENCH,Samuel Marolois,Johannes Jansz,Architecture | Military Engineering | Perspective,,,primary,unrelated,unrelated,unrelated,unrelated,unrelated,unrelated,unrelated,unrelated,unrelated,unrelated,unrelated,primary,unrelated,unrelated,primary,unrelated,unrelated,unrelated,unrelated,,,,,,,1625,,,,,,,,,,,Amsterdam,,,apud Johannes Janssonius,,False,False,False,False,False,False,True,False,False,False,False,False,False,False,False,False,False,True,False,False,True,False,0,False,0,False,0,False,0,False,0,False,3,True,unrelated,unrelated,primary,unrelated,unrelated,primary,unrelated
bib-269,L'arithmetique,1625,Leiden,FRENCH,"Simon Stevin, Albert Girard",Elzevir,Arithmetic,,,unrelated,primary,unrelated,unrelated,unrelated,unrelated,unrelated,unrelated,unrelated,unrelated,unrelated,unrelated,unrelated,unrelated,unrelated,unrelated,unrelated,unrelated,unrelated,unrelated,Recueüe | corrigee | augmentée,,L'ARITHMETIQVE,,,,xxv,,,,"Recueüe, corrigee & augmentée de plusieurs traictez et annotations",Samielois Mathematicien,ALBERT GIRARD,,,plusieurs traictez et annotations,,LEIDE,,,l’Imprimerie des ELZEVIERS,,True,False,True,False,False,False,True,False,False,False,True,True,True,False,False,True,False,True,False,False,True,False,1,True,2,True,2,True,1,True,0,False,3,True,primary,unrelated,unrelated,unrelated,unrelated,unrelated,unrelated
bib-27,,1565,Venice,ITALIAN,Leon Battista Alberti,Francesco de Franceschi,Architecture,,Instrument Use | Practical Geometry,primary,unrelated,unrelated,unrelated,unrelated,unrelated,unrelated,unrelated,unrelated,unrelated,unknown,unrelated,unrelated,unrelated,unrelated,unrelated,unknown,unrelated,unrelated,unrelated,TRADOTTA | aggiunta,,,,,,1565,,,LINGVA Fiorentina,,"Gentilhuomo, & Academico Fiorentino",Cosimo Bartoli,,,Con la aggiunta de’ disegni,,VENETIA,,,"Appresso Francesco Franceschi, Sanese",,True,False,False,False,False,False,True,False,False,True,False,True,True,False,False,True,False,True,False,False,True,False,0,False,2,True,2,True,1,True,0,False,3,True,unrelated,unknown,primary,unknown,unrelated,unrelated,unrelated
bib-270,,1668,Vlissingen,DUTCH,Cornelis Francoiszoon Eversdijck,Jacob Lambrechtz,Arithmetic | Commercial Mathematics,,Practical Geometry | Theoretical Mathematics,unrelated,primary,unrelated,unrelated,primary,unrelated,unrelated,unrelated,unrelated,unrelated,unrelated,unrelated,unrelated,unrelated,unrelated,unrelated,unknown,unrelated,unknown,unrelated,by-gevoeght,een yeders competente,PACHT-TAFELEN,,,"Waer door alle On-erbarene in de Reken-konste seer veerdigh en ge­ reect / konnen calculeren de Pacht, Huere, Onkoft, en Koop van Lande; ten abbenante van alle booz-gestelde Prijs, ’t Gemet, de Morgen, ofte Bunder",1668,,,,,,C. F. E,,,by-gevoeght de Proportionen van verschey­den Landt-maten | Midtsgaders eenige speculatieve Mathematische Questien,,,,,"Jacob Lambrechtz, Boeck-verkooper",,True,True,True,False,False,True,True,False,False,False,False,False,True,False,False,True,False,False,False,False,True,False,1,True,1,True,1,True,1,True,1,True,2,True,primary,unknown,unrelated,unrelated,unrelated,unrelated,unrelated
bib-271,,1645,Middelburg,DUTCH,Johan Coutereels,Geeraert Moulert,Arithmetic,Theoretical Mathematics | Trigonometry,,unrelated,primary,unrelated,unrelated,unrelated,unrelated,unrelated,unrelated,unrelated,unrelated,unrelated,unrelated,unrelated,unrelated,unrelated,unrelated,unrelated,unrelated,secondary,secondary,oversien | gheſuyvert | vermeer­dert | geacht werden,,ARITHMETICA,,,,1645,,,,"Neerstelijck oversien, van veel Druck-fauten gheſuyvert, na de ver­ betere Copye des Autheurs, ende vermeer­ dert",van Antwerpen,Mr. IOHAN COVTEREELS,,,eenighe meest noodighe Tafelen van Interesse | sommighe Vraghen in Algebra ofte Cos | hare Werc­ken,,Zeelandt,,,"GEERAERT MOVLERT, Ordinaris Drucker | Heeren Staten van Zeelandt",,True,False,True,False,False,False,True,False,False,False,True,True,True,False,False,True,False,True,False,False,True,False,1,True,2,True,2,True,1,True,0,False,3,True,primary,secondary,unrelated,unrelated,unrelated,unrelated,unrelated
bib-272,,1654,Paris,FRENCH,Blaise Francois Pagan,Cardin Besongne,,,,unrelated,unrelated,unrelated,unrelated,unrelated,unrelated,unrelated,unrelated,unrelated,unrelated,unrelated,unrelated,unrelated,unrelated,unrelated,unrelated,unrelated,unrelated,unrelated,unrelated,,,LES DIX LIVRES DES THEOREMES GEOMETRIQVES,,,,M.DC.LIV,,,,,,COMTE DE PAGAN,,LES DIX LIVRES DES THEOREMES GEOMETRIQVES,Supplément des Sciences Mathématiques,,"PARIS, Chez CARDIN BESONGNE, au Palais, dans gallerie des Prisonniers, aux Roses Vermeilles",,,CARDIN BESONGNE,,False,False,True,False,False,False,True,False,False,False,False,False,True,False,True,True,False,True,False,False,True,False,2,True,1,True,0,False,1,True,0,False,3,True,unrelated,unrelated,unrelated,unrelated,unrelated,unrelated,unrelated
bib-273,,1685,Amsterdam,FRENCH,Alain Manesson Mallet,"Gilles Jansz, Jan Jansz",Construction | Military Engineering,,,unrelated,unrelated,unrelated,unrelated,unrelated,primary,unrelated,unrelated,unrelated,unrelated,unrelated,unrelated,primary,unrelated,unrelated,unrelated,unrelated,unrelated,unrelated,unrelated,enrichi de plus de quatre cens Planches gravées en Taille-douce,,,,,,1684,AU ROY,,,Dernière Edition,"Maistre de Mathématiques des Pages de la petite Ecurie de Sa Majesté, cy-devant Ingenieur & Sergent Major d’Artillerie en Portugal",ALLAIN MANESSON MALLET,,,plus de quatre cens Planches gravées en Taille-douce,la petite Ecurie de Sa Majesté,AMSTERDAM | Chez JAN & GILLIS JANSON à WAESBERGUE,,,"Chez JAN & GILLIS JANSON à WAESBERGUE, & Compagnie",,True,False,False,False,False,False,True,True,False,False,True,True,True,False,False,True,True,True,False,False,True,False,0,False,4,True,2,True,1,True,2,True,3,True,unrelated,unrelated,primary,unrelated,unrelated,primary,unrelated
bib-274,,1607,Padua,LATIN,Baldassarre Capra,"Pietro Paolo Tozzi, Lorenzo Pasquato",Instrument Construction | Instrument Use | Practical Geometry,,,unrelated,unrelated,unrelated,unrelated,unrelated,unrelated,unrelated,unrelated,unrelated,primary,primary,unrelated,unrelated,unrelated,unrelated,unrelated,primary,unrelated,unrelated,unrelated,explicata,,VSUS ET FABRICA CIRCINI CVIVSDAM PROPORTIONIS,,,"omnia ferè tum Euclidis, tú Mathematicorum omnium problemata facili negotio resoluuntur",M.DC.VII,,,,,Nobilis Mediolanensis,BALTHESARIS CAPRÆ,,,,,"PATAVII, Apud Petrum Paulum Tozzium",,,Typographia Laurentij Pasquati,Euclidis,True,False,True,False,False,True,True,False,False,False,False,True,True,False,False,False,False,True,False,False,True,True,2,True,3,True,1,True,0,False,0,False,3,True,unrelated,primary,unrelated,primary,unrelated,unrelated,unrelated
bib-275,,1623,Franeker,LATIN,Adriaan Metius,Ulrich Dominicus Balck,Instrument Use | Practical Geometry,,,unrelated,unrelated,unrelated,unrelated,unrelated,unrelated,unrelated,unrelated,unrelated,unrelated,primary,unrelated,unrelated,unrelated,unrelated,unrelated,primary,unrelated,unrelated,unrelated,,,,,,,M.DC.XXIII,,,,,Matheseos Professore ordinario,ADRIANO METIO ALCMARIANO,,,,,Amstelodami,,,"Vlderici Dominici Balck | Iohannis Ianssonii, Bibliopol",,False,False,False,False,False,False,True,False,False,False,False,True,True,False,False,False,False,True,False,False,True,False,0,False,2,True,0,False,0,False,0,False,3,True,unrelated,primary,unrelated,primary,unrelated,unrelated,unrelated
bib-276,"Procli Diadochi Lycii philosophi platonici ac mathematici probatissimi In primum Euclidis Elementorum librum commentariorum ad vniuersam mathematicam disciplinam principium eruditionis tradentium libri IIII. A Francisco Barocio patritio Veneto summa opera, cura, ac diligentia cunctis mendis expurgati: scholiis, & figuris, quae in graeco codice omnes desiderabantnr [!] aucti: primùm iam Romanae linguae venustate donati, et nunc recèns editi. Cum catalogo deorum, & virorum illustrium, atque autorum ... & indice locupleti notabilium omnium in opere contentorum",1560,Padua,LATIN,Francesco Barozzi,Gracioso Perchacino,Practical Geometry | Theoretical Mathematics,,,unrelated,unrelated,unrelated,unrelated,unrelated,unrelated,unrelated,unrelated,unrelated,unrelated,unrelated,unrelated,unrelated,unrelated,unrelated,unrelated,primary,unrelated,primary,unrelated,expurgati | aucti | donati | editi,,PRIMUM EUCLIDIS Elementorum librum,"Catalogo Deorum, & Virorum Illustrium, atque Auctorum",Catalogo Deorum,COMMENTARIORUM AD UNIVERSAM MATHEMATICAM DISCIPLINAM PRINCIPIUM ERUDITIONIS TRADENTIUM,I560,,,Romanâ linguae,"summa opera, cura, ac diligentia cunctis mendis expurgati: Scholiis, & Figuris, quæ in græco codice omnes desiderabantur, aucti: Primùm iam in Romanâ linguae venustate donati, & nunc recens editi",,FRANCISCO BAROCIO PATRITIO VENETO,PROCLI DIADOCHI LYCII,PRIMUM EUCLIDIS Elementorum librum,"Scholiis, & Figuris",,PATAVII,græco codice,CUM PRIVILEGIO,Excudebat Gratiosus Perchacinus,EUCLIDIS,True,False,True,True,True,True,True,False,False,True,True,False,True,True,True,True,False,True,True,True,True,True,3,True,3,True,4,True,3,True,0,False,4,True,unrelated,primary,unrelated,unrelated,unrelated,unrelated,unrelated
bib-277,,1514,Augsburg,GERMAN,Jacob Koebel,Öglin,Arithmetic | Commercial Mathematics,,Practical Geometry,unrelated,primary,unrelated,unrelated,primary,unrelated,unrelated,unrelated,unrelated,unrelated,unrelated,unrelated,unrelated,unrelated,unrelated,unrelated,unknown,unrelated,unrelated,unrelated,,den Jungen,,,,,,,,,,,,,,mit Rechen pfenningen | mit figuren und Exempeln,,,,,,,False,True,False,False,False,False,False,False,False,False,False,False,False,False,False,True,False,False,False,False,False,False,0,False,0,False,0,False,1,True,1,True,0,False,primary,unknown,unrelated,unrelated,unrelated,unrelated,unrelated
bib-278,,1527,Augsburg,GERMAN,Adam Ries,Peypus,Arithmetic | Commercial Mathematics,,,unrelated,primary,unrelated,unrelated,primary,unrelated,unrelated,unrelated,unrelated,unrelated,unrelated,unrelated,unrelated,unrelated,unrelated,unrelated,unrelated,unrelated,unrelated,unrelated,ge- macht,,,,,,M. D. XXVII,,,,,,,,,,,AUGSPURG,,,,,True,False,False,False,False,False,True,False,False,False,False,False,False,False,False,False,False,True,False,False,False,False,0,False,0,False,1,True,0,False,0,False,2,True,primary,unrelated,unrelated,unrelated,unrelated,unrelated,unrelated
bib-279,"Logistikēlogia, or Arithmetick surveighed and reviewed: in four books. Viz. 1 book 1 part intergers. 2 part fractions. 2 book 1 part geodæticals. 2. part figurals 3 book 1 part decimals. 2 part astronomicals. 3 part logarithmes. 4 part coffics. 5 part surds. 6 part species. 4 book 1 part ratios. 2 part proportions disjunct. 3 part proportions continued. 4 part Æquations. Wherein the nature of numbers absolutely abstract, generally and specially contract,",1696,London,ENGLISH,Samuel Jeake,"Walter Kettilby, Richard Mount",Arithmetic,Astronomy | Practical Geometry | Theoretical Mathematics,Surveying | Trigonometry,unrelated,primary,secondary,unrelated,unrelated,unrelated,unrelated,unrelated,unrelated,unrelated,unrelated,unrelated,unrelated,unrelated,unrelated,unrelated,secondary,unknown,secondary,unknown,Surveighed and Reviewed,,ARITHMETICK,,,"Wherein the Nature of Numbers absolutely abstract, generally and specially contract, with their Simple and Comparative Elements, are plainly declared, and fully handled",M DC XCVI,,,,Surveighed and Reviewed,Senior,SAMUEL JEAKE,,,"together with divers Etymologies, Symboles, Characters, and Abbreviations for Artificial Termes, Words, Names, and Denominations | Illustrated by sundry Tables, Diagrams, and very many Examples",,"LONDON | Bishops-Head in St. Paul's Church-Yard | Tower-Hill, near the Postern",,,J. R. and J. D | Walter Kettilby | Richard Mount,,True,False,True,False,False,True,True,False,False,False,True,True,True,False,False,True,False,True,False,False,True,False,1,True,2,True,2,True,1,True,0,False,3,True,primary,secondary,unrelated,unknown,secondary,unrelated,unrelated
bib-28,,1576,Paris,FRENCH,Jacques Androuet du Cerceau,Mamert Patisson,Perspective,Trigonometry,Architecture | Instrument Use | Practical Geometry,unknown,unrelated,unrelated,unrelated,unrelated,unrelated,unrelated,unrelated,unrelated,unrelated,unknown,unrelated,unrelated,unrelated,unrelated,primary,unknown,unrelated,unrelated,secondary,,,LEÇONS DE PERSPECTIVE POSITIVE,,,,M. D. LXXXVI,,,,,"du Cerceau, Architecte",IACQVES ANDROVET,,,,,PARIS,,,Mamert Patisson Imprimeur,,False,False,True,False,False,False,True,False,False,False,False,True,True,False,False,False,False,True,False,False,True,False,1,True,2,True,0,False,0,False,0,False,3,True,unrelated,secondary,primary,unknown,unrelated,unrelated,unrelated
bib-280,La fortification reduicte en art,1600,Paris,FRENCH,Jean Errard,,Construction | Military Engineering,Architecture | Practical Geometry,Instrument Use,secondary,unrelated,unrelated,unrelated,unrelated,primary,unrelated,unrelated,unrelated,unrelated,unknown,unrelated,primary,unrelated,unrelated,unrelated,secondary,unrelated,unrelated,unrelated,REDVICTE,,,,,,,sa Maiesté,,,,Ingenieur du Treschrestien Roy de France et de Navarre,I. ERRARD DE BAR-LE-DVC,,,,,,,Priuilege de sa Maiesté,,,True,False,False,False,False,False,False,True,False,False,False,True,True,False,False,False,False,False,False,True,False,False,0,False,3,True,1,True,0,False,1,True,1,True,unrelated,secondary,primary,unknown,unrelated,primary,unrelated
bib-281,,1706,London,ENGLISH,William Jones,J. Matthews,Arithmetic | Practical Geometry,Commercial Mathematics | Mechanics | Military Engineering | Perspective | Theoretical Mathematics,,unrelated,primary,unrelated,unrelated,secondary,unrelated,unrelated,unrelated,unrelated,unrelated,unrelated,secondary,secondary,unrelated,unrelated,secondary,primary,unrelated,secondary,unrelated,DEMONSTRATED | Design'd | adapted,BEGINNERS,,,,,1706,,,,,,W. JONES,,,,,LONDON | the Angel in St. Paul's Church-Yard,,,J. Matthews | Tho. Wale,,True,True,False,False,False,False,True,False,False,False,False,False,True,False,False,False,False,True,False,False,True,False,0,False,1,True,1,True,0,False,1,True,3,True,primary,primary,secondary,unrelated,unrelated,secondary,unrelated
bib-282,l'art d'arithmetique,1563,Paris,FRENCH,Claude de Boissière,Guillaume Cavellat,Arithmetic,Practical Geometry,,unrelated,primary,unrelated,unrelated,unrelated,unrelated,unrelated,unrelated,unrelated,unrelated,unrelated,unrelated,unrelated,unrelated,unrelated,unrelated,secondary,unrelated,unrelated,unrelated,Composé | Reueu | augmenté,"tant pour l'art militaire, que pour la Geometrie, & au- tres calculations",L'ART D'ARITHME- TIQVE,,,CONTENANT TOVTE DIMENSION: TRES- fingulier & commode,1563,,,,Reueu & augmenté,professeur des Mathematiques,Lucas Tremblay Parisien,,,,,,,,Guillaume Cavellat,,True,True,True,False,False,True,True,False,False,False,True,True,True,False,False,False,False,False,False,False,True,False,1,True,2,True,2,True,0,False,1,True,2,True,primary,secondary,unrelated,unrelated,unrelated,unrelated,unrelated
bib-283,,1603,London,ENGLISH,Humfrey Baker,Thomas Purfoot,Arithmetic,Commercial Mathematics,,unrelated,primary,unrelated,unrelated,secondary,unrelated,unrelated,unrelated,unrelated,unrelated,unrelated,unrelated,unrelated,unrelated,unrelated,unrelated,unrelated,unrelated,unrelated,unrelated,perused | augmented | amended | added,,The Well spring of SCIENCES,,,"Which teacheth the perfect worke and practise of Arithme-  ticke, both in whole Numbers and Fractions, set forth",1603,,,,"once againe perused, augmented, and amended in all the three parts, by the said Author",Londoner,HVMFREY BAKER,,,"certaine Tables of the agreement of measures and waights, of di- vers places in EVROPE the one with the other, as by the Table appeareth",,AT LONDON | Saint Nicholas Sham- bles,,,Thomas Purfoot,,True,False,True,False,False,True,True,False,False,False,True,True,True,False,False,True,False,True,False,False,True,False,1,True,2,True,2,True,1,True,0,False,3,True,primary,unrelated,unrelated,unrelated,unrelated,unrelated,unrelated
bib-284,,1687,London,ENGLISH,"Humfrey Baker, Henry Phillippes","J. Richardson, William Thackery",Arithmetic,Commercial Mathematics,,unrelated,primary,unrelated,unrelated,secondary,unrelated,unrelated,unrelated,unrelated,unrelated,unrelated,unrelated,unrelated,unrelated,unrelated,unrelated,unrelated,unrelated,unrelated,unrelated,Added | intermixed | Corrected | Contracted | made,,Arithmetick,"Many RULES and TABLES of Interest, Rebate, and Purchases, &c | The Art of DECIMAL FRACTIONS","RULES and TABLES of Interest, Rebate, and Purchases | The Art of DECIMAL FRACTIONS",The perfect Work and Practice of ARITHMETICK both in Whole Numbers & Fractions,1687,,,,"Newly Corrected and Contracted, and made more plain and easie",,HENRY PHILLIPPES,,,"Many RULES and TABLES of Interest, Rebate, and Purchases, &c | The Art of DECIMAL FRACTIONS, intermixed with Common Fractions",,LONDON | Angel in Duck-Lane | Three Daggers in Fleetstreet | Ring without Ludgate,,,J. Richardson | William Thackery | Matthew Wotton | George Conyers,,True,False,True,True,True,True,True,False,False,False,True,False,True,False,False,True,False,True,False,False,True,False,1,True,1,True,2,True,3,True,0,False,3,True,primary,unrelated,unrelated,unrelated,unrelated,unrelated,unrelated
bib-285,,1564,London,ENGLISH,Humfrey Baker,"Henry Denham, James Rowbothum",Arithmetic,,,unrelated,primary,unrelated,unrelated,unrelated,unrelated,unrelated,unrelated,unrelated,unrelated,unrelated,unrelated,unrelated,unrelated,unrelated,unrelated,unrelated,unrelated,unrelated,unrelated,Beautified | printed | corrected | Sette forth,Marchauntes | all Artificers,,,,,1564,,,,Novv nevvely printed and corrected,Citizen of London,Humfrey Baker,,,Beautified vvith most necessary Rules and Queftions,,LON-  don,,,Henry Denham | Iames Rowbothum,,True,True,False,False,False,False,True,False,False,False,True,True,True,False,False,True,False,True,False,False,True,False,0,False,2,True,2,True,1,True,1,True,3,True,primary,unrelated,unrelated,unrelated,unrelated,unrelated,unrelated
bib-29,,1582,Paris,FRENCH,Jacques Androuet du Cerceau,,Architecture | Construction,,,primary,unrelated,unrelated,unrelated,unrelated,primary,unrelated,unrelated,unrelated,unrelated,unrelated,unrelated,unrelated,unrelated,unrelated,unrelated,unrelated,unrelated,unrelated,unrelated,,"pour Seigneurs, Gentilshommes, & autres | qui veulent bastir",,,,,M. D. LXXXII,,,,,,"Iaques Androuet, du Cerceau",,,,,PARIS,,,"Iaques Androuet, du Cerceau",,False,True,False,False,False,False,True,False,False,False,False,False,True,False,False,False,False,True,False,False,True,False,0,False,1,True,0,False,0,False,1,True,3,True,unrelated,unrelated,primary,unrelated,unrelated,unrelated,unrelated
bib-3,Petit traicte de geometrie et d'horologiographie pratique,1562,Paris,FRENCH,Jean Bullant,"Guillaume Cavellat, Fleury Prévost",Gnomonics & Horology | Instrument Construction | Practical Geometry,,,unrelated,unrelated,unrelated,unrelated,unrelated,unrelated,unrelated,unrelated,primary,primary,unrelated,unrelated,unrelated,unrelated,unrelated,unrelated,primary,unrelated,unrelated,unrelated,,,,,,,1564,"Mon- seigneur le duc de Montmorency, Pair, & Cunestable de France",,,,AR- chitecte de haut & puissant seigneur,IEHAN BVLLANT,,,,,"PARIS, Chez Guillaume Cauellat, à l’enseigne de la poulle grasse, deuant le college de Chambray",,,Guillaume Cauellat,,False,False,False,False,False,False,True,True,False,False,False,True,True,False,False,False,False,True,False,False,True,False,0,False,3,True,0,False,0,False,1,True,3,True,unrelated,primary,unrelated,primary,unrelated,unrelated,unrelated
bib-30,"Geometriae, Theoricae Et Practicae. XII. Bücher: Inn welchen die Geometrischen Fundament Euclidis, unnd der selben gebrauch, auff das kürtzest, unnd leichtest, als in einem Handbuch beschriben werden ; Allen Baw- und Kriegs verstendigen, Feldmessern, und",1627,Zurich,GERMAN,Johann Ardüser,Johann Jakob Bodmer,Practical Geometry | Theoretical Mathematics,Construction | Military Engineering | Surveying,,unrelated,unrelated,unrelated,unrelated,unrelated,secondary,unrelated,unrelated,unrelated,unrelated,unrelated,unrelated,secondary,unrelated,unrelated,unrelated,primary,secondary,primary,unrelated,,"Allen Baw- und Kriegs verstendigen, Feldmessern","Geometriae, Theoricae Et Practicae. XII. Bücher",,,"Inn welchen die Geometrischen Fundament Euclidis, unnd der selben gebrauch, auff das kürtzest, unnd leichtest, als in einem Handbuch beschriben werden",1627,,,,,,,,"Geometriae, Theoricae Et Practicae. XII. Bücher",,,Zürich,,,Johann Jakob Bodmer,Euclidis,False,True,True,False,False,True,True,False,False,False,False,False,False,False,True,False,False,True,False,False,True,True,3,True,1,True,0,False,0,False,1,True,3,True,unrelated,primary,secondary,secondary,unrelated,secondary,unrelated
bib-31,"Geometriae Theoricae Et Practicae Oder Von dem Feldmässen 14. Bücher: In welchen die Fundament Euclidis und derselbigen gebrauch, im abmässen und visieren aller Längen, Flächen und Cörpern: mit dem Feld-Wein-Treit und Gwichtruhten begriffen ; Allen so sic",1646,Zurich,GERMAN,Johann Ardüser,Johann Jakob Bodmer,Instrument Use | Practical Geometry | Surveying | Theoretical Mathematics,Construction,,unrelated,unrelated,unrelated,unrelated,unrelated,secondary,unrelated,unrelated,unrelated,unrelated,primary,unrelated,unrelated,unrelated,unrelated,unrelated,primary,primary,primary,unrelated,beschrieben | begriffen,Allen,GEOMETRIA Theorica und Practica Oder Von dem Feldmäsßen 14. Bücher,,,"In welchen die Fundament Euclidis und derselbigen Gebrauch, im Abmäsßen und Visieren aller Längen, Flächen und Cörpern: mit dem Feld-, Wein-, Treit- und Gwicht-Ruthen begriffen",1646,,Fundament Euclidis,,,Hauptmann | Zürcher,Jos. Job. Frölich,,14. Bücher,,,Zürich,,,Johann Jakob Bodmer,Euclidis,True,True,True,False,False,True,True,False,True,False,False,True,True,False,True,False,False,True,False,False,True,True,4,True,4,True,1,True,0,False,1,True,3,True,unrelated,primary,secondary,primary,unrelated,unrelated,unrelated
bib-32,,1605,London,ENGLISH,Francis Bacon,Henrie Tomes,,,,unrelated,unrelated,unrelated,unrelated,unrelated,unrelated,unrelated,unrelated,unrelated,unrelated,unrelated,unrelated,unrelated,unrelated,unrelated,unrelated,unrelated,unrelated,unrelated,unrelated,,,Tvvoo Bookes of FRANCIS BACON,,,"Of the proficience and aduance­ment of Learning, diuine and humane",1605,the King,,,,,,,,,,LONDON | Graies Inne Gate in Holborne,,,Henrie Tomes,,False,False,True,False,False,True,True,True,False,False,False,False,False,False,False,False,False,True,False,False,True,False,1,True,1,True,0,False,0,False,1,True,3,True,unrelated,unrelated,unrelated,unrelated,unrelated,unrelated,unrelated
bib-33,"Del modo di misurare le distantie, le superficie, i corpi, le piante, le provincie, le prospettiue, & tutte le altre cose terrene, che possono occorrere a gli uomini, secondo le vere regole d'Euclide, & de gli altri più lodati scrittori",1564,Venice,ITALIAN,Cosimo Bartoli,Francesco de Franceschi,Perspective | Practical Geometry | Surveying,,,unrelated,unrelated,unrelated,unrelated,unrelated,unrelated,unrelated,unrelated,unrelated,unrelated,unrelated,unrelated,unrelated,unrelated,unrelated,primary,primary,primary,unrelated,unrelated,,,le vere regole d’Euclide,,,"DEL MODO DI MISVRARE le distantie, le superficie, i corpi, le piante, le prouincie, le prospettive, &  tutte le altre cose terrene, che posso­ no occorrere a gli huomini",1564,,,,,"GENTIL’HUOMO, ET | ACCADEMICO FIORENTINO",COSIMO BARTOLI,,,,,VENETIA,,,Francesco Franceschi Sanese,d’Euclide,False,False,True,False,False,True,True,False,False,False,False,True,True,False,False,False,False,True,False,False,True,True,2,True,3,True,0,False,0,False,0,False,3,True,unrelated,primary,primary,primary,unrelated,unrelated,unrelated
bib-34,,1567,Venice,ITALIAN,Cosimo Bartoli,Francesco de Franceschi,,,,unrelated,unrelated,unrelated,unrelated,unrelated,unrelated,unrelated,unrelated,unrelated,unrelated,unrelated,unrelated,unrelated,unrelated,unrelated,unrelated,unrelated,unrelated,unrelated,unrelated,,,RAGIONAMENTI ACCADEMICI,,,SOPRA ALCVNI LVOGHI DIFFICILI DI DANTE,1567,,,,,GENTIL’HUOMO ET Accademico Fiorentino,COSIMO BARTOLI,,,ALCVNE INVENTIONI | significati | la Tauola di più cose notabili,,VENETIA,,CON PRIVILEGIO,Appresso Francesco de Franceschi Sanese,,False,False,True,False,False,True,True,False,False,False,False,True,True,False,False,True,False,True,False,True,True,False,1,True,2,True,0,False,1,True,0,False,4,True,unrelated,unrelated,unrelated,unrelated,unrelated,unrelated,unrelated
bib-35,"Diversarum speculationum mathematicarum, & physicarum liber, quarum seriem sequens pagina indicabit",1585,Turin,LATIN,Giovanni Battista Benedetti,Nicolò Bevilacqua,,,Instrument Use | Practical Geometry,unrelated,unrelated,unrelated,unrelated,unrelated,unrelated,unrelated,unrelated,unrelated,unrelated,unknown,unrelated,unrelated,unrelated,unrelated,unrelated,unknown,unrelated,unrelated,unrelated,,,,,,,MDLXXXV,"CAROLUM EMANUELEM ALLOBROGUM, ET SUBALPINORUM DUCEM INVICTISSIMUM",,,,,,,,,,TAVRINI,,,Apud Haeredem Nicolai Beuilaquae,,False,False,False,False,False,False,True,True,False,False,False,False,False,False,False,False,False,True,False,False,True,False,0,False,1,True,0,False,0,False,1,True,3,True,unrelated,unknown,unrelated,unknown,unrelated,unrelated,unrelated
bib-36,Della consolatione de la filosofia,1551,Florence,ITALIAN,Anicius Manlius Severinus Boethius,Lorenzo Torrentino,,,,unrelated,unrelated,unrelated,unrelated,unrelated,unrelated,unrelated,unrelated,unrelated,unrelated,unrelated,unrelated,unrelated,unrelated,unrelated,unrelated,unrelated,unrelated,unrelated,unrelated,Tradotto,,,,,,1551,,,,,Gentil’huomo Fiorentino,Cosimo Barto­li,,,,,Fiorenza appresso Lorenzo Torrentino,,,Lorenzo Torrentino | Impressor Ducale,,True,False,False,False,False,False,True,False,False,False,False,True,True,False,False,False,False,True,False,False,True,False,0,False,2,True,1,True,0,False,0,False,3,True,unrelated,unrelated,unrelated,unrelated,unrelated,unrelated,unrelated
bib-37,,1639,Paris,FRENCH,Pierre Bourdín,François Pélican,Military Engineering,,,unrelated,unrelated,unrelated,unrelated,unrelated,unrelated,unrelated,unrelated,unrelated,unrelated,unrelated,unrelated,primary,unrelated,unrelated,unrelated,unrelated,unrelated,unrelated,unrelated,,,,,,,,,,,,,,,,,,,,,,,False,False,False,False,False,False,False,False,False,False,False,False,False,False,False,False,False,False,False,False,False,False,0,False,0,False,0,False,0,False,0,False,0,False,unrelated,unrelated,unrelated,unrelated,unrelated,primary,unrelated
bib-38,,1673,Nuremberg,GERMAN,Bernhard Cantzler,"Johann Andreae, Endter",Practical Geometry,Arithmetic | Construction | Geography | Navigation | Surveying | Trigonometry,,unrelated,secondary,unrelated,unrelated,unrelated,secondary,unrelated,secondary,unrelated,unrelated,unrelated,unrelated,unrelated,unrelated,secondary,unrelated,primary,secondary,unrelated,secondary,,,SUMMA GEOMETRICÆ PRACTICÆ,"ANNOTATIONES | Arithmetica, Trigonometrica, Graphica und Geographica, Nautica, Aqua ductoria, &c | Additiones und zu Zeiten neue Inventiones &c",ANNOTATIONES | Arithmetica | Trigonometrica | Graphica | Geographica | Nautica | Aqua ductoria | Additiones | Inventiones,worinnen erstlich Bernhard Canslers kurtzer und leichter Bericht vom Feldmessen / Auf die insgemein vor andern fürkommende Fäll des Messens und Abtheilens gerichtet. Zum Andern / Unterschiedliche auf heutigen Schlag in Frieden- und Kriegszeiten zu Land und Wasser nützliche,M. DC. LXXIII,,,,,Mach. und Physices bey der Universität Altdorff Professorem,M. ABDIAM TREW,,,"ANNOTATIONES | Arithmetica, Trigonometrica, Graphica und Geographica, Nautica, Aqua ductoria, &c | Additiones und zu Zeiten neue Inventiones &c",Universität Altdorff,Nürnberg,,,Johann Andreae und Wolfgang Endter des Jüngern Sel. Erben,,False,False,True,True,True,True,True,False,False,False,False,True,True,False,False,True,True,True,False,False,True,False,1,True,3,True,0,False,3,True,1,True,3,True,secondary,primary,secondary,secondary,secondary,unrelated,unrelated
bib-39,Della fortificatione delle città,1564,Venice,ITALIAN,"Girolamo Maggi, Jacomo Fusti Castriotto",Rutilio Borgominiero,Military Engineering,Architecture | Construction,Practical Geometry,secondary,unrelated,unrelated,unrelated,unrelated,secondary,unrelated,unrelated,unrelated,unrelated,unrelated,unrelated,primary,unrelated,unrelated,unrelated,unknown,unrelated,unrelated,unrelated,,,,"Discorso del medesimo Maggi sopra la Fortificatione de gli alloggiamenti de gli esserciti | Discorso del Capitan Francesco Montemellino sopra la fortificatione del Borgo di Roma | Trattato dell’Ordinanze, & nero Battaglie del Capitan Giovacchino da Coniano | Ragionamento del sudetto Castriotto sopra le fortezze della Francia","Discorso del medesimo Maggi sopra la Fortificatione de gli alloggiamenti de gli esserciti | Discorso del Capitan Francesco Montemellino sopra la fortificatione del Borgo di Roma | Trattato dell’Ordinanze, & nero Battaglie del Capitan Giovacchino da Coniano | Ragionamento del sudetto Castriotto sopra le fortezze della Francia",,M. D. LXIIII,,,,,,M. GIROLAMO MAGGI | CAPITAN IACOMO CASTRIOTTO,CAPITAN FRANCESCO MONTEMELLINO | CAPITAN GIOVACCHINO DA CONIANO | CASTRIOTTO,,,,Venetia,,CON PRIVILEGIO,"Appresso Rutilio Borgominiero, al segno di San Giorgio",,False,False,False,True,True,False,True,False,False,False,False,False,True,True,False,False,False,True,False,True,True,False,0,False,2,True,0,False,2,True,0,False,4,True,unrelated,unknown,secondary,unrelated,unrelated,primary,unrelated
bib-40,,1596,Delft,GERMAN,Ludolph van Ceulen,Jan Andriesz,Practical Geometry | Trigonometry,Arithmetic | Commercial Mathematics | Surveying,Instrument Use,unrelated,secondary,unrelated,unrelated,secondary,unrelated,unrelated,unrelated,unrelated,unrelated,unknown,unrelated,unrelated,unrelated,unrelated,unrelated,primary,secondary,unrelated,primary,gheleert | beschreven | ghebracht | gheproeft,,,,,,1596,,,,,,Ludolph van Ceulen,,,"de Tafelen Sinvvm, Tangentivm, ende Secantivm | alderhande Tafelen daertoe dienende | veel constighe Exempelen",,t Marct-velt / in ’t Gulden ABC,,,Ian Andriesz,,True,False,False,False,False,False,True,False,False,False,False,False,True,False,False,True,False,True,False,False,True,False,0,False,1,True,1,True,1,True,0,False,3,True,secondary,primary,unrelated,secondary,unrelated,unrelated,unrelated
bib-41,,1558,Venice,LATIN,Federico Commandino,,Astronomy | Perspective,Practical Geometry,,unrelated,unrelated,primary,unrelated,unrelated,unrelated,unrelated,unrelated,unrelated,unrelated,unrelated,unrelated,unrelated,unrelated,unrelated,primary,secondary,unrelated,unrelated,unrelated,traditur | confirmatur,,,,,universa Scenographices ratio,M. D. LVIII,,,,,,FEDERICI COMMANDINI,,,,,VENETIIS,,,,,True,False,False,False,False,True,True,False,False,False,False,False,True,False,False,False,False,True,False,False,False,False,0,False,1,True,1,True,0,False,0,False,2,True,unrelated,secondary,primary,unrelated,primary,unrelated,unrelated
bib-42,De superficierum divisionibus liber Machometo Bagdedino ascriptus,1570,Pesaro,LATIN,"John Dee, Federico Commandino",Hieronymus Concordia,Practical Geometry | Theoretical Mathematics,,,unrelated,unrelated,unrelated,unrelated,unrelated,unrelated,unrelated,unrelated,unrelated,unrelated,unrelated,unrelated,unrelated,unrelated,unrelated,unrelated,primary,unrelated,primary,unrelated,ASCRIPTUS | editus,,,,,,M D LXX,FEDERICI COMMANDINI,,,NUNC PRIMUM,,,,,,,Apud Hieronimum Concordiam,,,PISAVRI,,True,False,False,False,False,False,True,True,False,False,True,False,False,False,False,False,False,True,False,False,True,False,0,False,1,True,2,True,0,False,1,True,3,True,unrelated,primary,unrelated,unrelated,unrelated,unrelated,unrelated
bib-43,,1611,Madrid,SPANISH,Sebastián de Covarrubias,Luis Sanchez,,,,unrelated,unrelated,unrelated,unrelated,unrelated,unrelated,unrelated,unrelated,unrelated,unrelated,unrelated,unrelated,unrelated,unrelated,unrelated,unrelated,unrelated,unrelated,unrelated,unrelated,COMPVESTO | DIRIGIDO,"A LA MAGESTAD CATOLICA  del Rey Don Felipe III, nuestro señor",,,,,M. DC. XI,"el Rey Don Felipe III, nuestro señor",,"CASTELLANA, O ESPAÑOLA",,"Capellán de su Magestad, Maestro Scuela y Canónigo de la Santa Iglesia de Cuenca, y Consultor del Santo Oficio de la Inquisición",Don Sebastián de Cobarruvias Orozco,,,,Santa Iglesia de Cuenca | Santo Oficio de la Inquisición,Madrid,,,"Luis Sanchez, impressor del Rey N. S",,True,True,False,False,False,False,True,True,False,True,False,True,True,False,False,False,True,True,False,False,True,False,0,False,4,True,2,True,0,False,3,True,3,True,unrelated,unrelated,unrelated,unrelated,unrelated,unrelated,unrelated
bib-44,,1567,Paris,FRENCH,De l’Orme Delorme,Frédéric Morel,Architecture,,Practical Geometry,primary,unrelated,unrelated,unrelated,unrelated,unrelated,unrelated,unrelated,unrelated,unrelated,unrelated,unrelated,unrelated,unrelated,unrelated,unrelated,unknown,unrelated,unrelated,unrelated,,,,,,,1567,,,,,,,,,,,PARIS,,,"Chez Frederic Morel, rue S. Iean de Beauuais",,False,False,False,False,False,False,True,False,False,False,False,False,False,False,False,False,False,True,False,False,True,False,0,False,0,False,0,False,0,False,0,False,3,True,unrelated,unknown,primary,unrelated,unrelated,unrelated,unrelated
bib-45,,1587,Venice,ITALIAN,Oronce Finé,Francesco de Franceschi,Arithmetic | Cosmography | Gnomonics & Horology | Practical Geometry,Instrument Use,,unrelated,primary,unrelated,unrelated,unrelated,unrelated,primary,unrelated,primary,unrelated,secondary,unrelated,unrelated,unrelated,unrelated,unrelated,primary,unrelated,unrelated,unrelated,Diuise in cinque Parti | TRADOTTE | Tradotti | Nuouamente poste in luce,,OPERE DI ORONTIO FINEO DEL DELFINATO,Et gli Specchi,gli Specchi,"Diuise in cinque Parti; Aritmetica, Geometria, Cosmografia, e Oriuoli",1587,,,,Nuouamente poste in luce,"Gentilhuomo, & Academico Fiorentino | Gentilhuomo Bolognese",Cosimo Bartoli | Ercole Bottrigaro,,,,,Venetia,,CON PRIVILEGIO,Francesco Franceschi Senese,,True,False,True,True,True,True,True,False,False,False,True,True,True,False,False,False,False,True,False,True,True,False,1,True,2,True,2,True,2,True,0,False,4,True,primary,primary,unrelated,primary,primary,unrelated,unrelated
bib-47,,1561,Paris,FRENCH,Abel Foullon,Pierre Beguin,Cartography | Instrument Use | Practical Geometry | Surveying,,,unrelated,unrelated,unrelated,primary,unrelated,unrelated,unrelated,unrelated,unrelated,unrelated,primary,unrelated,unrelated,unrelated,unrelated,unrelated,primary,primary,unrelated,unrelated,Inuenté,"a ceus qui veulent promptement, & sans aucune subiection d’Arithmetique",ET DESCRIPTION DE L’HOLOMETRE,,,"POUR SCAVOIR MESVRER toutes choses qui sont soubs l’estanduë de l’œil: Tant en longueur & largeur, qu’en hau­ teur & profondeur",1555 | 1562,,,,,Vallet de chambre du Roy,Abel Foulon,,,,,"PARIS | PARIS | à l’enseigne du Trophée rue saint Iaques, deuant les Mathurins | rue de la vieille drapperie, à l’enseigne saincte Geneuiefue",,,Pierre Beguin | maistre Pierre le compasfier,,True,True,True,False,False,True,True,False,False,False,False,True,True,False,False,False,False,True,False,False,True,False,1,True,2,True,1,True,0,False,1,True,3,True,unrelated,primary,unrelated,primary,primary,unrelated,unrelated
bib-48,,1564,Venice,ITALIAN,Abel Foullon,Giordano Ziletti,Instrument Use | Practical Geometry | Surveying,Cartography,Instrument Construction,unrelated,unrelated,unrelated,secondary,unrelated,unrelated,unrelated,unrelated,unrelated,unknown,primary,unrelated,unrelated,unrelated,unrelated,unrelated,primary,primary,unrelated,unrelated,,"A QUELLI, CHE VOGLIONO",,,,,M D LXIIII,Abel Fullone Valletto di Camera del Re di Francia,,,,,,,,,,VENETIA,,CON PRIVILEGIO,"Appresso Giordano Ziletti, al segno della Stella",,False,True,False,False,False,False,True,True,False,False,False,False,False,False,False,False,False,True,False,True,True,False,0,False,1,True,0,False,0,False,2,True,4,True,unrelated,primary,unrelated,primary,secondary,unrelated,unrelated
bib-49,,1567,Paris,FRENCH,Abel Foullon,Pierre Beguin,Instrument Use | Practical Geometry | Surveying,Cartography | Geography,Instrument Construction,unrelated,unrelated,unrelated,secondary,unrelated,unrelated,unrelated,secondary,unrelated,unknown,primary,unrelated,unrelated,unrelated,unrelated,unrelated,primary,primary,unrelated,unrelated,Inuenté,"ceus qui veulent promptement, & sans aucune subiection d’Arithmetique",L’HOLOMETRE,,,"toutes choses qui sont soubs l’estanduë de l’œil: Tant en longueur & largeur, qu’en hau teur & profondeur",1567,,,,,Vallet de chambre du Roy,Abel Foullon,,,,,"PARIS | Chez Pierre Beguin, à l’enseigne du Trophée, rue saint Iaques | rue de la vieille drapperie, à l’enseigne saincte Geneuiefue",,Par commandement & Priuilege du Roy,Pierre Beguin | maistre Pierre le compasfier,,True,True,True,False,False,True,True,False,False,False,False,True,True,False,False,False,False,True,False,True,True,False,1,True,2,True,1,True,0,False,1,True,4,True,unrelated,primary,unrelated,primary,secondary,unrelated,unrelated
bib-5,,1585,Paris,FRENCH,Jacques Chauvet,Henry Thierry,Instrument Use | Practical Geometry,,,unrelated,unrelated,unrelated,unrelated,unrelated,unrelated,unrelated,unrelated,unrelated,unrelated,primary,unrelated,unrelated,unrelated,unrelated,unrelated,primary,unrelated,unrelated,unrelated,,,LA PRATIQVE VNIVER- SELLE DE GEOMETRIE DE IAC- QVES CHAVVET CHAMPENOIS,,,"contenant l’explication de son Cosmomètre & de tous instrumens Geome- triques, auec les figures & démonstrations trè- utiles & necessaires pour l’intelligence d’iceux",1585,Messire Anne d’Anglu- re,,,,"Pro- fesseur & Lecteur ordinaire és Mathematiques, en l’Vniuersité de Paris",IAC- QVES CHAVVET CHAMPENOIS,,,"l’explication de son Cosmomètre & de tous instrumens Geome- triques, auec les figures & démonstrations trè- utiles & necessaires",l’Vniuersité de Paris,"PARIS | au mont S. Hilaire, à l’enseigne du Chaudron",,,Henry Thierry,,False,False,True,False,False,True,True,True,False,False,False,True,True,False,False,True,True,True,False,False,True,False,1,True,4,True,0,False,1,True,2,True,3,True,unrelated,primary,unrelated,primary,unrelated,unrelated,unrelated
bib-50,,1570,Basel,LATIN,"Abel Foullon, Johann Niklaus Stupanus",Peter Perna,Instrument Construction | Instrument Use | Practical Geometry,Astronomy,Cartography | Geography | Navigation | Surveying,unrelated,unrelated,secondary,unknown,unrelated,unrelated,unrelated,unknown,unrelated,primary,primary,unrelated,unrelated,unrelated,unknown,unrelated,primary,unknown,unrelated,unrelated,explicato | Accessit,,DE HOLOMETRI FABRICA ET VSU INSTRV MENTO GEO METRICO,"Federici Delphini, clariss. olim apud Patavinos Mathe matici, secundus disputatio de Aestu Maris, & mo tu octauæ sphaeræ","secundus disputatio de Aestu Maris, & mo tu octauæ sphaeræ","vt ad omnis generis dimensiones inue stigandas, & regiones describendas utilissi mum simul & facillimum esse queat",1577,Generosum & Magnificum D. D. Ioannem Oſ molsky de Prawiedunky Po lonum,,,"Olim ab Abele Fullonio apud Henricum I I. Galliæ regem inuento | nunc verò Io. Nicol. Stupani Philosophi & Medici opera, sermone la tino ita explicato",Philosophi & Medici,Io. Nicol. Stupani,Abele Fullonio | Federici Delphini,,sermone latino ita explicato,Patavinos Mathematici,BASILEAE,latino,,PER PETRVM PERNAM,,True,False,True,True,True,True,True,True,False,False,True,True,True,True,False,True,True,True,True,False,True,False,1,True,5,True,3,True,3,True,2,True,3,True,unrelated,primary,unrelated,primary,secondary,unrelated,unrelated
bib-51,,1643,Paris,FRENCH,Georges Fournier,Michel Soly,Navigation,Cartography,Astronomy | Instrument Use | Practical Geometry | Surveying | Theoretical Mathematics | Trigonometry,unrelated,unrelated,unknown,secondary,unrelated,unrelated,unrelated,unrelated,unrelated,unrelated,unknown,unrelated,unrelated,unrelated,primary,unrelated,unknown,unknown,unknown,unknown,Composé | CONTENANT,,HYDROGRAPHIE,,,LA THEORIE ET LA PRACTIQVE DE TOVTES LES PARTIES DE LA NAVIGATION,DC. XLIII,,,,,"de la Compagnie de IESVS, Mathematicien",GEORGES FOVRNIER,,,,Compagnie de IESVS,"A PARIS, Chez MICHEL SOLY, ruë sainct Iacques au Phœnix",,,Chez MICHEL SOLY,,True,False,True,False,False,True,True,False,False,False,False,True,True,False,False,False,True,True,False,False,True,False,1,True,3,True,1,True,0,False,1,True,3,True,unrelated,unknown,unrelated,unknown,primary,unrelated,unrelated
bib-52,,1592,Venice,LATIN,Antonio Magini Giovanni,Giovanni Battista Ciotti,Instrument Use | Practical Geometry,Architecture,,secondary,unrelated,unrelated,unrelated,unrelated,unrelated,unrelated,unrelated,unrelated,unrelated,primary,unrelated,unrelated,unrelated,unrelated,unrelated,primary,unrelated,unrelated,unrelated,,omnibus Mathematicarum professoribus,,,,,M. D. XCII,,,,,Mathematicarum in Almo Bononiensi Gymnasio professoris,IO. ANTONII MAGINI PATAVINI,,,,Almo Bononiensi Gymnasio,"VENETIIS, APUD IO. BAPTISTAM CIOTTUM | Ad Signum Minervæ",,CVM PRIVILEGIO,IO. BAPTISTAM CIOTTUM,,False,True,False,False,False,False,True,False,False,False,False,True,True,False,False,False,True,True,False,True,True,False,0,False,3,True,0,False,0,False,2,True,4,True,unrelated,primary,secondary,primary,unrelated,unrelated,unrelated
bib-53,,1684,Basel,GERMAN,Jacob Meyer,"Johann Ludwig König, Johann Brandmüller",Practical Geometry | Surveying,,,unrelated,unrelated,unrelated,unrelated,unrelated,unrelated,unrelated,unrelated,unrelated,unrelated,unrelated,unrelated,unrelated,unrelated,unrelated,unrelated,primary,primary,unrelated,unrelated,,,"Compendium Geometriæ Practicæ, sive, PLANIMETRIA",,,kurzer Bericht / Vom Feldmessen und Feld-theilen,1684,,,,,,Jacob Meyern,,,,Lohnherren in Basel,Basel,,,Johann Ludwig König und Johann Brandmüller,,False,False,True,False,False,True,True,False,False,False,False,False,True,False,False,False,True,True,False,False,True,False,1,True,2,True,0,False,0,False,1,True,3,True,unrelated,primary,unrelated,primary,unrelated,unrelated,unrelated
bib-54,,1677,Paris,FRENCH,Claude-François Milliet Dechales,Etienne Michallet,Construction | Military Engineering,,,unrelated,unrelated,unrelated,unrelated,unrelated,primary,unrelated,unrelated,unrelated,unrelated,unrelated,unrelated,primary,unrelated,unrelated,unrelated,unrelated,unrelated,unrelated,unrelated,enrichy,,,,,,M. DC. LXXVII,,,,,R. P | de la Compagnie de Jesus,Claude François Milliet Dechales,,,Figures en taille douce,Compagnie de Jesus,"A PARIS | Chez Etienne Michallet, ruë Saint Jacques, à l’Image Saint Paul, proche la Fontaine S. Severin",,,Etienne Michallet,,True,False,False,False,False,False,True,False,False,False,False,True,True,False,False,True,True,True,False,False,True,False,0,False,3,True,1,True,1,True,1,True,3,True,unrelated,unrelated,primary,unrelated,unrelated,primary,unrelated
bib-55,La perspective curieuse. Avec L'optique et la catoptrique du Reverend Père Mersenne,1652,Paris,FRENCH,"Jean François Niceron, Marin Mersenne",François Langlois,Perspective,,Practical Geometry | Trigonometry,unrelated,unrelated,unrelated,unrelated,unrelated,unrelated,unrelated,unrelated,unrelated,unrelated,unrelated,unrelated,unrelated,unrelated,unrelated,primary,unknown,unrelated,unrelated,unknown,DIVISEE | mise en lumiere | DIVISEE EN QVATRE LIVRES | mise en lumiere après la mort de l’Autheur,"PEINTRES, Architectes, Sculpteurs, Graueurs, & à tous autres qui se meslent du Dessein | Architectes, Sculpteurs, Graueurs, & à tous autres qui se meslent du Dessein",LA PERSPECTIVE CVRIEVSE,L’OPTIQVE | LA CATOPTRIQVE,L’OPTIQVE | LA CATOPTRIQVE,DIVISEE EN QVATRE LIVRES,M. DC. LII | M. DC. LXIII,,,,DIVISEE EN QVATRE LIVRES,REVEREND,P. NICERON | P. NICERON MINIME,R. P. Mersenne,,mise en lumiere,Ordre,"PARIS | Chez la veufve F. LANGLOIS, dit CHARTRES, ruë S. Iacques, aux Colonnes d’Hercule | PARIS",,,"Chez la veufve F. LANGLOIS, dit CHARTRES | Chez IEAN DV PVIS",,True,True,True,True,True,True,True,False,False,False,True,True,True,True,False,True,True,True,False,False,True,False,1,True,4,True,2,True,3,True,2,True,3,True,unrelated,unknown,primary,unrelated,unrelated,unrelated,unrelated
bib-57,,1684,Paris,FRENCH,Jacques Ozanam,Estienne Michallet,Practical Geometry | Theoretical Mathematics | Trigonometry,,,unrelated,unrelated,unrelated,unrelated,unrelated,unrelated,unrelated,unrelated,unrelated,unrelated,unrelated,unrelated,unrelated,unrelated,unrelated,unrelated,primary,unrelated,primary,primary,CONTENANT | de nouveaux abregéz,,,,,,DC. LXXXIV,,,,,Professeur en Mathematique,M. Ozanam,,,de nouveaux abregéz,,"ruë S. Jacques, à l’Image S. Paul | PARIS | ruë de Seine aux deux Anges",,,"ESTIENNE MICHALLET, ruë S. Jacques, à l’Image S. Paul",,True,False,False,False,False,False,True,False,False,False,False,True,True,False,False,True,False,True,False,False,True,False,0,False,2,True,1,True,1,True,0,False,3,True,unrelated,primary,unrelated,unrelated,unrelated,unrelated,unrelated
bib-58,,1700,Paris,FRENCH,Jacques Ozanam,Jean Jombert,Instrument Use | Practical Geometry | Surveying,,,unrelated,unrelated,unrelated,unrelated,unrelated,unrelated,unrelated,unrelated,unrelated,unrelated,primary,unrelated,unrelated,unrelated,unrelated,unrelated,primary,primary,unrelated,unrelated,Expliqué | demonstré | augmenté | corrigée | augmentée,,L’USAGE DU COMPAS DE PROPORTION,,,Expliqué et demonstré d’une maniere courte & facile,MDCC,,,,"Nouvelle édition, corrigée & augmentée",Professeur en Mathematique,M. Ozanam,,,augmenté d’un Traité de la division des Champs,,"A PARIS, Chez Jean Jombert, près des Augustins, à l’Image Nôtre-Dame",,,Chez Jean Jombert,,True,False,True,False,False,True,True,False,False,False,True,True,True,False,False,True,False,True,False,False,True,False,1,True,2,True,2,True,1,True,0,False,3,True,unrelated,primary,unrelated,primary,unrelated,unrelated,unrelated
bib-59,,1594,Leiden,LATIN,Josephus Justus Scaliger,Franciscus Raphelengius,Practical Geometry,,,unrelated,unrelated,unrelated,unrelated,unrelated,unrelated,unrelated,unrelated,unrelated,unrelated,unrelated,unrelated,unrelated,unrelated,unrelated,unrelated,primary,unrelated,unrelated,unrelated,,,CYCLOMETRICA ELEMENTA DUO,,,,C IƆ. IƆ. XCIV,"Illustres Nobiliss. Ampliss. Hollandiae, Westfrisiae, et Zeelandiae ORDINES",,,,,IOSEPHI SCALIGERI IVL. CAES. F,,CYCLOMETRICA ELEMENTA DUO,,,Lugduni Batavorum,,,Ex Officina Plantiniana | Apud Franciscum Raphelengium,,False,False,True,False,False,False,True,True,False,False,False,False,True,False,True,False,False,True,False,False,True,False,2,True,2,True,0,False,0,False,1,True,3,True,unrelated,primary,unrelated,unrelated,unrelated,unrelated,unrelated
bib-6,,1604,Rome,LATIN,Christopher Clavius,Aloisius Zannetti,Practical Geometry,,,unrelated,unrelated,unrelated,unrelated,unrelated,unrelated,unrelated,unrelated,unrelated,unrelated,unrelated,unrelated,unrelated,unrelated,unrelated,unrelated,primary,unrelated,unrelated,unrelated,,,,,,,MDCIII,,,,,E SOCIETATE IESV,CHRISTOPHORI CLAVII BAMBERGENSIS,,,,SOCIETATE IESV,ROMAE,,,Ex Typographia Aloisij Zannetti,,False,False,False,False,False,False,True,False,False,False,False,True,True,False,False,False,True,True,False,False,True,False,0,False,3,True,0,False,0,False,1,True,3,True,unrelated,primary,unrelated,unrelated,unrelated,unrelated,unrelated
bib-60,,1615,Venice,ITALIAN,Vincenzo Scamozzi,Presso L'Avtore,Architecture,Military Engineering,,primary,unrelated,unrelated,unrelated,unrelated,unrelated,unrelated,unrelated,unrelated,unrelated,unrelated,unrelated,secondary,unrelated,unrelated,unrelated,unrelated,unrelated,unrelated,unrelated,Diuisa in X. Libri,,,,,,MDCXV,,,,,,,,,CON ILORO DISEGNI,,VENETIIS,,,,,True,False,False,False,False,False,True,False,False,False,False,False,False,False,False,True,False,True,False,False,False,False,0,False,0,False,1,True,1,True,0,False,2,True,unrelated,unrelated,primary,unrelated,unrelated,secondary,unrelated
bib-61,,1646,Leiden,LATIN,Frans van Schooten,Elzevier,Gnomonics & Horology | Theoretical Mathematics,,Mechanics,unrelated,unrelated,unrelated,unrelated,unrelated,unrelated,unrelated,unrelated,primary,unrelated,unrelated,unknown,unrelated,unrelated,unrelated,unrelated,unrelated,unrelated,primary,unrelated,subnexa est,,De ORGANICA CONICARUM SECTIONUM IN PLANO DESCRIPTIONE,,,"GEOMETRIS, OPTICIS; Præsertim verò GNOMONICIS & MECHANICIS UTILIS",1646,,,,,Leydensis,Francisci à Schooten,,,"Appendix, de Cubicarum Æquationum resolutione",,Lugd. Batavor,,,Ex Officinâ Elzeviriorum,,True,False,True,False,False,True,True,False,False,False,False,True,True,False,False,True,False,True,False,False,True,False,1,True,2,True,1,True,1,True,0,False,3,True,unrelated,primary,unrelated,primary,unrelated,unknown,unrelated
bib-62,,1618,Nuremberg,GERMAN,Daniel Schwenter,Simon Halbmayer,Practical Geometry,Instrument Use | Surveying,,unrelated,unrelated,unrelated,unrelated,unrelated,unrelated,unrelated,unrelated,unrelated,unrelated,secondary,unrelated,unrelated,unrelated,unrelated,unrelated,primary,secondary,unrelated,unrelated,,"Allen denen, die Lateinisch und andere Sprachen unerfahren, gantz ihren Anfang und doch Lust zu Geometriae haben",GEOMETRIAE PRACTICAE NOVAE,,,"Darinnen außrechtens Fundament gezeiget wird, wie man in der Geometria auf dem Papeir und Tände, mit denen darzu gehörigen Instrumenten, als Circkel, Linienschneid-Winkelhacken u.s.w. nicht ohne dieselben verfahren und operiren solle",,,,,,Professoren der Mathematica zu Altdorf,H. D. Danielem Schwenter,,,,,,,,,,False,True,True,False,False,True,False,False,False,False,False,True,True,False,False,False,False,False,False,False,False,False,1,True,2,True,0,False,0,False,1,True,0,False,unrelated,primary,unrelated,secondary,unrelated,unrelated,unrelated
bib-63,,1605,Leiden,LATIN,Simon Stevin,Jan Pati,Practical Geometry,,Military Engineering | Navigation | Surveying,unrelated,unrelated,unrelated,unrelated,unrelated,unrelated,unrelated,unrelated,unrelated,unrelated,unrelated,unrelated,unknown,unrelated,unknown,unrelated,primary,unknown,unrelated,unrelated,Conscripta,,TOMVS SECVNDVS MATHEMATICORVM HYPOMNEMATVM DE GEOMETRIAE PRAXI,,,Quo comprehenduntur ea in quibus sese exercuit,CIↃ IↃ CV,"ILLVSTRISSIMVS Illustrissimo & antiquissimo stemmate ortus Princeps ac Dominus MAURITIUS Princeps Auriacus, Comes Nassoviae, Catit-melibocorum, Viandae, Moericii, &c. Marchio Verae & Vlissingae, &c. Dominus Civitatis Gravae & ditionis Cuyc, Civitatum Uyt, Daesburch, &c. Gubernator Geldriae, Hollandiae, Zelandiae, Westfrisiae, Zutphaniae, Utrechtii, Transilvaniae, &c. Imperator ex­ ercitus Provinciarum foedere consociata­ rum Belgii, Archithalassiis Generalis, &c",,,,,Simone Stevino Brugensi,,,,,Lvgdvni Batavorvm,,,"Ex Officinâ Ioannis Patii, Academiæ Typographi",,True,False,True,False,False,True,True,True,False,False,False,False,True,False,False,False,False,True,False,False,True,False,1,True,2,True,1,True,0,False,1,True,3,True,unrelated,primary,unrelated,unknown,unknown,unknown,unrelated
bib-64,,1579,Paris,LATIN,François Viète,Jean Mettayer,Practical Geometry | Theoretical Mathematics,,,unrelated,unrelated,unrelated,unrelated,unrelated,unrelated,unrelated,unrelated,unrelated,unrelated,unrelated,unrelated,unrelated,unrelated,unrelated,unrelated,primary,unrelated,primary,unrelated,,,CANON MATHEMATICVS,,,AD TRIANGVLA,1579,,,,,,,,,Cum Appendicibus,,regione Collegij Laodicensis,,,"Ioannem Mettayer, in Mathematicis Typographum Regium",,False,False,True,False,False,True,True,False,False,False,False,False,False,False,False,True,False,True,False,False,True,False,1,True,0,False,0,False,1,True,0,False,3,True,unrelated,primary,unrelated,unrelated,unrelated,unrelated,unrelated
bib-65,,1593,Tours,LATIN,François Viète,Jamet Mettayer,Theoretical Mathematics,,,unrelated,unrelated,unrelated,unrelated,unrelated,unrelated,unrelated,unrelated,unrelated,unrelated,unrelated,unrelated,unrelated,unrelated,unrelated,unrelated,unrelated,unrelated,primary,unrelated,,,,"Πρόχειρον, seu Ad usum Mathematici Canonis Methodica",Πρόχειρον,,1593,,,,,,Francisci Vietæ,,,,,Apud Iamettivm Mettayer,,,Typographum Regium,,False,False,False,True,True,False,True,False,False,False,False,False,True,False,False,False,False,True,False,False,True,False,0,False,1,True,0,False,2,True,0,False,3,True,unrelated,primary,unrelated,unrelated,unrelated,unrelated,unrelated
bib-66,,1593,Tours,LATIN,François Viète,Jamet Mettayer,Theoretical Mathematics,,,unrelated,unrelated,unrelated,unrelated,unrelated,unrelated,unrelated,unrelated,unrelated,unrelated,unrelated,unrelated,unrelated,unrelated,unrelated,unrelated,unrelated,unrelated,primary,unrelated,restitutæ,,SVPPLEMENTVM GEOMETRIÆ,,,"Mathematicæ Analyses, seu Algebrâ novâ",1593,,,,Ex opere restitutæ,,Francisci Vietæ,,,,,Tvronis,,,"Iametius Mettayer, Typographus Regius",,True,False,True,False,False,True,True,False,False,False,True,False,True,False,False,False,False,True,False,False,True,False,1,True,1,True,2,True,0,False,0,False,3,True,unrelated,primary,unrelated,unrelated,unrelated,unrelated,unrelated
bib-67,,1595,Paris,LATIN,François Viète,Jamet Mettayer,Practical Geometry,,Architecture | Instrument Use,unknown,unrelated,unrelated,unrelated,unrelated,unrelated,unrelated,unrelated,unrelated,unrelated,unknown,unrelated,unrelated,unrelated,unrelated,unrelated,primary,unrelated,unrelated,unrelated,adiuncta,,,,,Ex Geometricis Schediasmatis,1595,,,,,,Francisci Vietæ,,,alia quædam adiuncta CAPITVLA,,PARISIIS,,,Apud Iamettivm Mettayer | Typographum Regium,,True,False,False,False,False,True,True,False,False,False,False,False,True,False,False,True,False,True,False,False,True,False,0,False,1,True,1,True,1,True,0,False,3,True,unrelated,primary,unknown,unknown,unrelated,unrelated,unrelated
bib-68,,1615,Paris,LATIN,"François Viète, Alexander Anderson",Olivier de Varennes,Theoretical Mathematics,,,unrelated,unrelated,unrelated,unrelated,unrelated,unrelated,unrelated,unrelated,unrelated,unrelated,unrelated,unrelated,unrelated,unrelated,unrelated,unrelated,unrelated,unrelated,primary,unrelated,primum excogitata | absque ulla demonstra­ tione ad nos transmissa | iam tandem de­ monstrationibus confirmata,,AD ANGVLARIVM SECTIONVM ANALYTICEN,,,THEOREMATA. ΚΑΘΟΛΙΚΩΤΕΡΑ,M. DC. XV,,,,,Operâ & studio,Alexandri Andersoni Scoti,,,primum excogitata | absque ulla demonstra­ tione ad nos transmissa | iam tandem de­ monstrationibus confirmata,,PARISIIS | Apud Oliverium de Varennes via Iacobæa sub signo Lilij,,,Oliverium de Varennes,,True,False,True,False,False,True,True,False,False,False,False,True,True,False,False,True,False,True,False,False,True,False,1,True,2,True,1,True,1,True,0,False,3,True,unrelated,primary,unrelated,unrelated,unrelated,unrelated,unrelated
bib-69,,1646,Leiden,LATIN,"François Viète, Frans van Schooten","Bonaventure, Abraham Elzevier",,,,unrelated,unrelated,unrelated,unrelated,unrelated,unrelated,unrelated,unrelated,unrelated,unrelated,unrelated,unrelated,unrelated,unrelated,unrelated,unrelated,unrelated,unrelated,unrelated,unrelated,congesta | recognita,,,,,,C Io Io C XLVI,,,,"In unum Volumen congesta, ac recognita",Matheseos Professoris,Francisci à Schooten Leydensis,,,,,Lvgdvni Batavorvm,,,Ex Officinâ Bonaventuræ & Abrahami Elzeviriorum,,True,False,False,False,False,False,True,False,False,False,True,True,True,False,False,False,False,True,False,False,True,False,0,False,2,True,2,True,0,False,0,False,3,True,unrelated,unrelated,unrelated,unrelated,unrelated,unrelated,unrelated
bib-7,"A geometrical practise, named Pantometria divided into three bookes, longimetra, planimetra, and stereometria, containing rules manifolde for mensuration of all lines, superficies and solides",1571,London,ENGLISH,"Leonard Digges, Thomas Digges",Henrie Bynneman,Practical Geometry,Cartography | Instrument Use | Perspective | Surveying | Theoretical Mathematics,,unrelated,unrelated,unrelated,secondary,unrelated,unrelated,unrelated,unrelated,unrelated,unrelated,secondary,unrelated,unrelated,unrelated,unrelated,secondary,primary,secondary,secondary,unrelated,named | diuided | framed | finished | adioyned,,"A GEOMETRICAL Practise, named PANTOMETRIA",,,"diuided into three Bookes, Longimetra, Planimetra and Stereometria, containing Rules manifolde for mensuration of all lines, Superficies and Solides: with sundry strange conclusions both by instrument and without, and also by perspectiue glasses, to set forth the true description or exact plat of any whole Region",1571,,,,,Gentleman | his sonne,Leonard Digges | Thomas Digges,,,"adioyned a Mathematicall treatise of the fiue regulare Platonical solides, and their Metamorphosis or transformation into fiue other equilater and uniforme solides Geometricall, of his owne inuention, hitherto not mentioned of by any geometricians",,London,,,Henrie Bynneman,,True,False,True,False,False,True,True,False,False,False,False,True,True,False,False,True,False,True,False,False,True,False,1,True,2,True,1,True,1,True,0,False,3,True,unrelated,primary,secondary,secondary,secondary,unrelated,unrelated
bib-70,,1628,Lyon,FRENCH,Antoine de Ville,Irénée Barlet,Construction | Military Engineering | Practical Geometry | Trigonometry,Architecture,,secondary,unrelated,unrelated,unrelated,unrelated,primary,unrelated,unrelated,unrelated,unrelated,unrelated,unrelated,primary,unrelated,unrelated,unrelated,primary,unrelated,unrelated,primary,representé,,,,,,M. DC. XXVIII,,,,,,,,,"en cinquante-cinq Planches, avec leurs Plantes, Profils, Estimations, & Paisages",,"A LYON, Chez Irenee Barlet, ruë de Confort, à l’Image S. Irenee",,,Chez Irenee Barlet,,True,False,False,False,False,False,True,False,False,False,False,False,False,False,False,True,False,True,False,False,True,False,0,False,0,False,1,True,1,True,0,False,3,True,unrelated,primary,primary,unrelated,unrelated,primary,unrelated
bib-71,,1567,Venice,LATIN,Marcus Vitruvius Pollio,Francesco de Franceschi,Architecture,Gnomonics & Horology | Mechanics | Practical Geometry,,primary,unrelated,unrelated,unrelated,unrelated,unrelated,unrelated,unrelated,secondary,unrelated,unrelated,secondary,unrelated,unrelated,unrelated,unrelated,secondary,unrelated,unrelated,unrelated,auctis | illustratis,,DE ARCHITECTVRA LIBRI DECEM,,,"MVLTIS AEDIFICIORVM, HOROLOGIORVM, ET MACHINARVM DESCRIPTIONIBVS",M. D. LXVII,,,,,,,"DANIELIS BARBARI, ELECTI PATRIARCHAE AQVILEIENSIS",,CVM COMMENTARIIS | auctis & illustratis,,VENETIIS,,CVM PRIVILEGIIS,"Apud Franciscum Franciscium Senensem, & Ioan. Crugher Germanum",,True,False,True,False,False,True,True,False,False,False,False,False,False,True,False,True,False,True,False,True,True,False,1,True,1,True,1,True,1,True,0,False,4,True,unrelated,secondary,primary,secondary,unrelated,secondary,unrelated
bib-72,,1613,Herborn,LATIN,Johann Heinrich Alsted,Corvinus,Architecture | Arithmetic | Astronomy | Cosmography | Geography,,Music Theory | Theoretical Mathematics,primary,primary,primary,unrelated,unrelated,unrelated,primary,primary,unrelated,unrelated,unrelated,unrelated,unrelated,unknown,unrelated,unrelated,unrelated,unrelated,unknown,unrelated,COMPLECTENS,,Novem libros Matheseos universae,,,,1613,,,,,,JOHANNIS-HERICI ALSTEDI,,,,,,,,,,True,False,True,False,False,False,True,False,False,False,False,False,True,False,False,False,False,False,False,False,False,False,1,True,1,True,1,True,0,False,0,False,1,True,primary,unknown,primary,unrelated,primary,unrelated,unknown
bib-73,,1623,Herborn,LATIN,Johann Heinrich Alsted,Corvinus,,,,unrelated,unrelated,unrelated,unrelated,unrelated,unrelated,unrelated,unrelated,unrelated,unrelated,unrelated,unrelated,unrelated,unrelated,unrelated,unrelated,unrelated,unrelated,unrelated,unrelated,castigata | elaborata,ADMIRAN- DORUM MATHE- MATICORUM,,,,,M. DC XXIII,,,,"Secunda editio passim castigata, & ornatius elaborata",,JOHAN-HENRICO ALSTEDIO,,,,,,,,,,True,True,False,False,False,False,True,False,False,False,True,False,True,False,False,False,False,False,False,False,False,False,0,False,1,True,2,True,0,False,1,True,1,True,unrelated,unrelated,unrelated,unrelated,unrelated,unrelated,unrelated
bib-74,The Elements or principles of geometrie·,1684,London,ENGLISH,,John Playford,,,,unrelated,unrelated,unrelated,unrelated,unrelated,unrelated,unrelated,unrelated,unrelated,unrelated,unrelated,unrelated,unrelated,unrelated,unrelated,unrelated,unrelated,unrelated,unrelated,unrelated,,,THE ELEMENTS,,,OR PRINCIPLES OF GEOMETRIE,1684,,,,,,,,THE ELEMENTS,,,"London | the Royal Exchange, R. Mount on Tower- Hill | A. Churchill near Amen-Corner | J. Thornton in the Minories",,,J. P | J. Seller | A. Churchill | J. Thornton,,False,False,True,False,False,True,True,False,False,False,False,False,False,False,True,False,False,True,False,False,True,False,2,True,0,False,0,False,0,False,0,False,3,True,unrelated,unrelated,unrelated,unrelated,unrelated,unrelated,unrelated
bib-75,,1646,Zurich,GERMAN,Johann Ardüser,Johann Jacob Bodmer,Practical Geometry | Surveying | Theoretical Mathematics,Construction,,unrelated,unrelated,unrelated,unrelated,unrelated,secondary,unrelated,unrelated,unrelated,unrelated,unrelated,unrelated,unrelated,unrelated,unrelated,unrelated,primary,primary,primary,unrelated,beschrieben | vermehrt,Allen,GEOMETRIÆ  Theoricæ et Practicæ Oder Von dem Feldmassen 14. Bücher,,,In welchen die Fundament Euclidis und derselbigen gebrauch/im abmassen und visieren aller Längen/ Flächen und Cörper,MDCXLVI,,,,jetz von newem umb zwen Bücher vermehrt,Hauptmann,Joh. Ardüsser,,GEOMETRIÆ Theoricæ et Practicæ Oder Von dem Feldmassen 14. Bücher,mit dem Feld-Wein-Trer und Gwichtrübten begriffen,,Zürich,,,Bey Johann Jacob Bodmer,Euclidis,True,True,True,False,False,True,True,False,False,False,True,True,True,False,True,True,False,True,False,False,True,True,3,True,3,True,2,True,1,True,1,True,3,True,unrelated,primary,secondary,primary,unrelated,unrelated,unrelated
bib-76,,1598,Venice,LATIN,Franciscus Barocius,Gratiosus Perchacinus,Cosmography,Arithmetic | Practical Geometry | Theoretical Mathematics,Instrument Use,unrelated,secondary,unrelated,unrelated,unrelated,unrelated,primary,unrelated,unrelated,unrelated,unknown,unrelated,unrelated,unrelated,unrelated,unrelated,secondary,unrelated,secondary,unrelated,DISTRIBVTA | recognita | aucta,,COSMOGRAPHIA,Communia Mathematica | Arithmetica | Geometrica principia | Index eorum,Communia Mathematica | Arithmetica | Geometrica principia | Index,"IN QUATVOR LIBROS DISTRIBVTA,  SVMMO ORDINE, MIRAQ. FACILITATE, ac brevitate ad Magnam Ptolemaei Mathematicam Constructionem, ad universamque Astrologiam instituens",1598,,,,nuper in hac secunda editione ab ipso Authore,"IACOBI FILIO, PATRITIO VENETO",FRANCISCO BAROCIO,Ioannis de Sacrobosco,,aucta,,Venetijs,,,Gratiosus Perchacinus,,True,False,True,True,True,True,True,False,False,False,True,True,True,True,False,True,False,True,False,False,True,False,1,True,3,True,2,True,3,True,0,False,3,True,secondary,secondary,unrelated,unknown,primary,unrelated,unrelated
bib-77,,1595,Venice,ITALIAN,Silvio Belli,Ruberto Megietti,Instrument Use | Practical Geometry | Theoretical Mathematics,,Navigation | Surveying,unrelated,unrelated,unrelated,unrelated,unrelated,unrelated,unrelated,unrelated,unrelated,unrelated,primary,unrelated,unrelated,unrelated,unknown,unrelated,primary,unknown,primary,unrelated,,,QVATTRO LIBRI GEOMETRICI,,,"Il Primo del Misurare con la vista | NEL QVALE S’INSEGNA, SENZA TRAVAGLIAR con numeri, à misurar facilissimamente le distantie, l’altezze, & le profondità con il Quadrato Geometrico, e con altri istrumenti, de’ quali facilmente si può provedere con le Figure",1595,,,,,,,,,,,VENETIA,,CON PRIVILEGIO,Ruberto Megietti,,False,False,True,False,False,True,True,False,False,False,False,False,False,False,False,False,False,True,False,True,True,False,1,True,0,False,0,False,0,False,0,False,4,True,unrelated,primary,unrelated,primary,unknown,unrelated,unrelated
bib-78,,1699,Paris,FRENCH,François Blondel,François Blondel,Practical Geometry | Theoretical Mathematics,,,unrelated,unrelated,unrelated,unrelated,unrelated,unrelated,unrelated,unrelated,unrelated,unrelated,unrelated,unrelated,unrelated,unrelated,unrelated,unrelated,primary,unrelated,primary,unrelated,augmentée | corrigée,,COURS DE MATHEMATIQUE,,,"Qui Contient LA MATHEMATIQUE EN GENERAL LA GEOMETRIE SPECULATIVE, ET LA GEOMETRIE PRATIQUE",M. DC. XCIX,MONSEIGNEUR LE DAUPHIN,,,"Seconde Edition, augmentée & corrigée","De l’Academie Royale des Sciences, Conseiller Lecteur & Professeur du Roy en Mathematique, Professeur & Directeur de l’Academie Royale d’Architecture, &c",MONSIEUR BLONDEL,,,,Academie Royale des Sciences | Academie Royale d’Architecture,"PARIS, chez L’AUTEUR | AMSTERDAM, Chez PIERRE MORTIER, Libraire sur le Vyegdam",,,"L’AUTEUR | PIERRE MORTIER, Libraire",,True,False,True,False,False,True,True,True,False,False,True,True,True,False,False,False,True,True,False,False,True,False,1,True,4,True,2,True,0,False,2,True,3,True,unrelated,primary,unrelated,unrelated,unrelated,unrelated,unrelated
bib-79,,1665,Padua,ITALIAN,Valeriano Bonvicino,Frambotto,Arithmetic | Geography | Military Engineering | Trigonometry,,Astronomy | Practical Geometry | Theoretical Mathematics,unrelated,primary,unknown,unrelated,unrelated,unrelated,unrelated,primary,unrelated,unrelated,unrelated,unrelated,primary,unrelated,unrelated,unrelated,unknown,unrelated,unknown,primary,si ristringono,,,,,"ARITMETICA, GEOMETRIA, TRIGONOMETRIA pratiche, FORTIFICAZIONE, SFERA, e GEOGRAFIA",MDCLXV,,,,,"Lettore di Filosofia nello Studio di PADOVA, e delle Matematiche Militari nella sodetta ACCADEMIA",VALERIANO BONVICINO,,,,Accademia DELLA di Padoua,PADOVA,,,gli Eredi di Paolo Frambotto,,True,False,False,False,False,True,True,False,False,False,False,True,True,False,False,False,True,True,False,False,True,False,0,False,3,True,1,True,0,False,1,True,3,True,primary,primary,unrelated,unrelated,primary,primary,unrelated
bib-8,Underweysung der messung mit dem zirckel und richtscheyt in linien ebnen unnd gantzen corporen durch Albrecht duerer zu samen getzogen mit zu gehoerigen figuren,1525,Nuremberg,GERMAN,Albrecht Dürer,Hieronymus Andreae,Practical Geometry,Instrument Use,,unrelated,unrelated,unrelated,unrelated,unrelated,unrelated,unrelated,unrelated,unrelated,unrelated,secondary,unrelated,unrelated,unrelated,unrelated,unrelated,primary,unrelated,unrelated,unrelated,zu sammen getzogë,allen kunstlieb habenden,Underweysung der messung,,,mit dem zirckel vñ richt- scheyt | in Linien ebnen vñnd gantzen corporen | mit zugehörigen figuren,,,,,,,Albrecht Dürer,,,mit zugehörigen figuren,,,,,,,True,True,True,False,False,True,False,False,False,False,False,False,True,False,False,True,False,False,False,False,False,False,1,True,1,True,1,True,1,True,1,True,0,False,unrelated,primary,unrelated,secondary,unrelated,unrelated,unrelated
bib-80,,1691,Paris,FRENCH,"Jean Boulenger, Jacques Ozanam",Michel David,Practical Geometry | Surveying,Arithmetic,,unrelated,secondary,unrelated,unrelated,unrelated,unrelated,unrelated,unrelated,unrelated,unrelated,unrelated,unrelated,unrelated,unrelated,unrelated,unrelated,primary,primary,unrelated,unrelated,Augmentée,"à tous Architectes, Ingenieurs, Maçons, Arpenteurs, Taugeurs, & autres Geometres",,,,,M. DC. XCI,Du Sr BOULENGER,,,"NOUVELLE EDITION, Augmentée de plusieurs Notes, & d’un Traité de l’Arithmetique par Geometrie",Professeur en Mathematique,Mr OZANAM,,,plusieurs Notes | un Traité de l’Arithmetique,,"PARIS, Chez MICHEL DAVID, Quay des Augustins, proche l’Hostel de Luynes, à la Providence",,,MICHEL DAVID,,True,True,False,False,False,False,True,True,False,False,True,True,True,False,False,True,False,True,False,False,True,False,0,False,3,True,2,True,1,True,2,True,3,True,secondary,primary,unrelated,primary,unrelated,unrelated,unrelated
bib-82,Io. Buteonis delphinatici opera geometrica,1554,Lyon,LATIN,Jean Borrel,Thomas Bertel,Practical Geometry,Commercial Mathematics | Construction | Instrument Use | Mechanics | Military Engineering | Theoretical Mathematics,,unrelated,unrelated,unrelated,unrelated,secondary,secondary,unrelated,unrelated,unrelated,unrelated,secondary,secondary,secondary,unrelated,unrelated,unrelated,primary,unrelated,secondary,unrelated,,,,"De arca Noe, cuius formæ, capacitatisq; fuerit | De sublicio ponte Caesaris | Confutatio quadraturæ circuli ab Orontio Finæo factæ | Ad locum Quintiliani geometricum explanatio | Ad problema cubi duplicandi | Emendatio figurationis organi a Columella descripti | De libra & statera | De fluentis aquæ mensura | De precio margaritarum | De fluviaticis Insulis secundum Ius civile diuidendis. vbi confutatur Tyberias Bartoli | De diuisione fructus arboris in confinio natæ | Geometriæ cognitionem Iureconsulto necessariam | Ad legem Papiniani, Divortio | Ad legem Iuliani, Sitta scriptum | Ad legem Aphricani, Qui quadringerta",De arca Noe | De sublicio ponte Caesaris | Confutatio quadraturæ circuli | Ad locum Quintiliani geometricum | Ad problema cubi duplicandi | Emendatio figurationis organi | De libra & statera | De fluentis aquæ mensura | De precio margaritarum | De fluviaticis Insulis | De diuisione fructus arboris | Geometriæ cognitionem | Ad legem Papiniani | Ad legem Iuliani | Ad legem Aphricani,,1554,,,,,,,,,,,Lugduni,,,,,False,False,False,True,True,False,True,False,False,False,False,False,False,False,False,False,False,True,False,False,False,False,0,False,0,False,0,False,2,True,0,False,2,True,secondary,primary,secondary,secondary,unrelated,secondary,unrelated
bib-83,,1559,Lyon,LATIN,Jean Borrel,Michael Jouve,Practical Geometry,Commercial Mathematics | Construction | Mechanics | Military Engineering | Surveying,Instrument Use,unrelated,unrelated,unrelated,unrelated,secondary,secondary,unrelated,unrelated,unrelated,unrelated,unknown,secondary,secondary,unrelated,unrelated,unrelated,primary,secondary,unrelated,unrelated,,,,,,,M. D. LIX,,,,,,,,,,,LVGDVNI,,,APVD MICHAELEM IOVIVM,,False,False,False,False,False,False,True,False,False,False,False,False,False,False,False,False,False,True,False,False,True,False,0,False,0,False,0,False,0,False,0,False,3,True,secondary,primary,secondary,secondary,unrelated,secondary,unrelated
bib-84,,1673,Cremona,ITALIAN,Alessandro Capra,Giovanni Pietro Zanni,Construction | Practical Geometry,Architecture | Surveying,,secondary,unrelated,unrelated,unrelated,unrelated,primary,unrelated,unrelated,unrelated,unrelated,unrelated,unrelated,unrelated,unrelated,unrelated,unrelated,primary,secondary,unrelated,unrelated,Ristampate | accre- scìute,à patroni delle fa- briche | agl’Illustriss. Signori DECVRIONI DELLA CITTÀ DI CREMONA,LE DVE PRIME PARTI DELLA GEOMETRIA FAMIGLIARE D’ALESSANDRO CAPRA ARCHITETTO CREMONESE,,,,1673,DECVRIONI,,,Ristampate dall’istesso Autore | accre- scìute nella prima parte di molti auer- timenti necessarij,,,,,"Con l’aggiunta dell’usiaggi de’ sienì sopra delle Cassine, e la regola da misurarli, con la tavola delle cose più notabili",,Cremona,,,Per Gio. Pietro Zanni,,True,True,True,False,False,False,True,True,False,False,True,False,False,False,False,True,False,True,False,False,True,False,1,True,1,True,2,True,1,True,2,True,3,True,unrelated,primary,primary,secondary,unrelated,unrelated,unrelated
bib-85,,1685,Bologna,ITALIAN,Paolo Casati,Gioseffo Longhi,Arithmetic | Instrument Construction | Instrument Use,Practical Geometry,Architecture | Commercial Mathematics | Perspective | Surveying,unknown,primary,unrelated,unrelated,unknown,unrelated,unrelated,unrelated,unrelated,primary,primary,unrelated,unrelated,unrelated,unrelated,unknown,secondary,unknown,unrelated,unrelated,Accresciuta | Dando | apportando,"Geometri | Agrimensori | Architetti ciuili | militari | Pittori | Scultori | tutti quelli, che vsano del Disegno | Bombardieri | Sergenti di Battaglia | Mercanti | altri",FABRICA ET USO Del Compasso di Proportione,,,"Dove insegna à gli ARTEFICI il modo di fare in esso le necessarie diuisioni,  E con varij Problemi vsuali mostra l’vtilità di questo Stromento",1685,,,,Accresciuta notabilmente in questa Seconda Editione dal medesimo Autore,DELLA COMPAGNIA DI GIESU,PAOLO CASATI,,,"Dando le ragioni, & apportando le dimostrazioni di tutte le operationi nella Fabrica, e nell’Vso | Accresciuta notabilmente",DELLA COMPAGNIA DI GIESU,BOLOGNA,,,Per Gioseffo Longhi,,True,True,True,False,False,True,True,False,False,False,True,True,True,False,False,True,True,True,False,False,True,False,1,True,3,True,2,True,1,True,2,True,3,True,primary,secondary,unknown,primary,unrelated,unrelated,unrelated
bib-86,,1664,Bologna,LATIN,Paolo Casati,Giovanni Battista Ferroni,Instrument Construction | Instrument Use,Arithmetic | Practical Geometry,,unrelated,secondary,unrelated,unrelated,unrelated,unrelated,unrelated,unrelated,unrelated,primary,primary,unrelated,unrelated,unrelated,unrelated,unrelated,secondary,unrelated,unrelated,unrelated,,"Geometri | Agrimensori | Architetti ciuili | militari | Pittori | Scultori | a tutti quelli, che vsano del Disegno | Bom- bardieri | Sergenti di Battaglia | Mercanti | altri",,,,,1664,DEL MOLTO REV. P. PAOLO CASATI,,,,,,,,"Dando le ragioni, & apportando le dimostrazioni",Compagnia di GIESU,"Bologna, presso Gio. Battista Ferroni",,,Gio. Battista Ferroni,,False,True,False,False,False,False,True,True,False,False,False,False,False,False,False,True,True,True,False,False,True,False,0,False,2,True,0,False,1,True,3,True,3,True,secondary,secondary,unrelated,primary,unrelated,unrelated,unrelated
bib-87,"Dell’arte del misurare libri due, nel primo de’ quali s’insegna a misurare et partir i campi. Nel secondo a misurar le muraglie imbottar grani vini fieni & strami; col liuellar dell’acque & altre cose necessarie a gli agrimensori. Libri primo",1584,Brescia,ITALIAN,Girolamo Cataneo,Thomaso Bozzola,Practical Geometry | Surveying,,Instrument Use,unrelated,unrelated,unrelated,unrelated,unrelated,unrelated,unrelated,unrelated,unrelated,unrelated,unknown,unrelated,unrelated,unrelated,unrelated,unrelated,primary,primary,unrelated,unrelated,,,DELL’ARTE DEL MISURARE LIBRI DVE,,,"NEL PRIMO DE’ QVALI S’INSEGNA A MISVRARE, ET PARTIR I CAMPI.  NEL SECONDO A MISVRAR LE MVRAGLIE, imbottar Grani, Vini, Fieni, & Strami; col liuellar dell’Acque, & altre cose necessarie à gli Agrimensori",M. D. LXXXIIII,,,,,M,GIROLAMO CATANEO NOVARESE,,,,,BRESCIA,,,APPRESSO THOMASO BOZZOLA,,False,False,True,False,False,True,True,False,False,False,False,True,True,False,False,False,False,True,False,False,True,False,1,True,2,True,0,False,0,False,0,False,3,True,unrelated,primary,unrelated,primary,unrelated,unrelated,unrelated
bib-88,,1682,Brescia,ITALIAN,Girolamo Cataneo,Domenico Gromi,Practical Geometry | Surveying,,,unrelated,unrelated,unrelated,unrelated,unrelated,unrelated,unrelated,unrelated,unrelated,unrelated,unrelated,unrelated,unrelated,unrelated,unrelated,unrelated,primary,primary,unrelated,unrelated,nuova aggiunta,gli Agrimensori,,,,,M. DC. LXXXII,,,,,,M. GIROLIAMO CATANEO NOVARESE,,,"una nuova aggiunta di molte Figure, & dichiarationi molto utili",,BRESCIA,,,DOMENICO GROMI,,True,True,False,False,False,False,True,False,False,False,False,False,True,False,False,True,False,True,False,False,True,False,0,False,1,True,1,True,1,True,1,True,3,True,unrelated,primary,unrelated,primary,unrelated,unrelated,unrelated
bib-89,,1678,Milan,LATIN,Giovanni Ceva,Ludovico Monti,Practical Geometry,,Mechanics,unrelated,unrelated,unrelated,unrelated,unrelated,unrelated,unrelated,unrelated,unrelated,unrelated,unrelated,unknown,unrelated,unrelated,unrelated,unrelated,primary,unrelated,unrelated,unrelated,,,,,,,MDCLXXVIII,"FERDINANDVM CAROLVM Ducem Mantuæ, Montisferrati, Guastallæ, &c",,,,Mediolanensi,IOANNE CEVA,,,,,MEDIOLANI,,,Ex Typographia Ludouici Montiæ,,False,False,False,False,False,False,True,True,False,False,False,True,True,False,False,False,False,True,False,False,True,False,0,False,3,True,0,False,0,False,1,True,3,True,unrelated,primary,unrelated,unrelated,unrelated,unknown,unrelated
bib-9,,1544,Strasbourg,LATIN,Oronce Finé,,Practical Geometry,Instrument Use | Mechanics,,unrelated,unrelated,unrelated,unrelated,unrelated,unrelated,unrelated,unrelated,unrelated,unrelated,secondary,secondary,unrelated,unrelated,unrelated,unrelated,primary,unrelated,unrelated,unrelated,emissus,,LIBER DE GEOMETRIA PRACTICA,,,"SIVE DE practicis longitudinum, planorum & so- lidorum: hoc est, linearum, superficio- rum, & corporum mensonibus; aliisqꝫ mechanicis, ex demonstratis EVCLIDIS elementis corollarius",M. D. XXXXIII,,,,NUNC PRIMVM APVD GERMA- nos in lucem emissus,LUTETIAE LIBERALIVM disciplinarum Professoris regij,ORONTII FINEI DELPHINA- TIS,,EVCLIDIS elementis,ex demonstratis EVCLIDIS elementis corollarius,,ARGENTORATI,,,,EVCLIDIS,True,False,True,False,False,True,True,False,False,False,True,True,True,False,True,True,False,True,False,False,False,True,3,True,3,True,2,True,1,True,0,False,2,True,unrelated,primary,unrelated,secondary,unrelated,secondary,unrelated
bib-90,,1585,Paris,FRENCH,Jacques Chauvet,Henry Thierry,Instrument Use | Practical Geometry,,,unrelated,unrelated,unrelated,unrelated,unrelated,unrelated,unrelated,unrelated,unrelated,unrelated,primary,unrelated,unrelated,unrelated,unrelated,unrelated,primary,unrelated,unrelated,unrelated,,,PRATIQVE VNIVER- SELLE DE GEOMETRIE DE IAC- QVES CHAVVET CHAMPENOIS,,,"contenant l'explication de son Cosmometre & de tous instrumens Geome- triques, auec les figures & démonstrations tres- utiles & nécessaires pour l'intelligence d’iceux",1585,Seigneur Messire Anné d’Anglu- re,,,,"PRO- fesseur & Lecteur ordinaire és Mathematiques, en l'Vniuersité de Paris",IAC- QVES CHAVVET CHAMPENOIS,,,,l'Vniuersité de Paris,"PARIS | au mont S. Hilaire, à l’enseigne du Chaudron",,,Henry Thierry,,False,False,True,False,False,True,True,True,False,False,False,True,True,False,False,False,True,True,False,False,True,False,1,True,4,True,0,False,0,False,2,True,3,True,unrelated,primary,unrelated,primary,unrelated,unrelated,unrelated
bib-91,"Libro di arithmetica & geometria speculativa & praticale, composto per maestro Francesco Feliciano da Lazesio veronese intitulato Scala grimaldelli, novamente stampato",1563,Venice,ITALIAN,Francesco Feliciano,,Arithmetic | Practical Geometry | Theoretical Mathematics,,,unrelated,primary,unrelated,unrelated,unrelated,unrelated,unrelated,unrelated,unrelated,unrelated,unrelated,unrelated,unrelated,unrelated,unrelated,unrelated,primary,unrelated,primary,unrelated,Composto | Stampato | Intitulato | Nuouamente Stampato,per maestro,Libro di Arithmetica & Geometria,,,Speculatiua & praticale,M. D. LXIII,,,,Nuouamente Stampato,,Francesco Feliciano da Lazisio Terrone,,,,,,,,,,True,True,True,False,False,True,True,False,False,False,True,False,True,False,False,False,False,False,False,False,False,False,1,True,1,True,2,True,0,False,1,True,1,True,primary,primary,unrelated,unrelated,unrelated,unrelated,unrelated
bib-92,,1692,Venice,ITALIAN,Francesco Feliciano,Giacomo Hertz,Arithmetic | Commercial Mathematics | Practical Geometry | Surveying | Theoretical Mathematics,Instrument Use,,unrelated,primary,unrelated,unrelated,primary,unrelated,unrelated,unrelated,unrelated,unrelated,secondary,unrelated,unrelated,unrelated,unrelated,unrelated,primary,primary,primary,unrelated,Accresciuto | riuisto | corretto,"a Mercatanti, & a qualunque altra persona",,,,,MDCXCII,GIO: BATTISTA SORER,,,"Accresciuto in quest’ultima Impressione di dottissimi Problemi da B. B | Di nuovo riuisto, & da molti errori corretto, & accresciuto di molte cose",M | VERONESE | Veronese Rasonato publico della Magnifica Città,FRANCESCO FELICIANO | FILIPPO MACARIO,B. B,,Accresciuto in quest’ultima Impressione di dottissimi Problemi da B. B | Con l’aggiunta della Regola del Catain del medesimo,,VENETIA,,,Gio: Giacomo Hertz,,True,True,False,False,False,False,True,True,False,False,True,True,True,True,False,True,False,True,False,False,True,False,0,False,4,True,2,True,1,True,2,True,3,True,primary,primary,unrelated,primary,unrelated,unrelated,unrelated
bib-93,,1603,Venice,ITALIAN,Lorenzo Forestani,Giorgio Varisco,Arithmetic | Commercial Mathematics | Practical Geometry | Surveying,,,unrelated,primary,unrelated,unrelated,primary,unrelated,unrelated,unrelated,unrelated,unrelated,unrelated,unrelated,unrelated,unrelated,unrelated,unrelated,primary,primary,unrelated,unrelated,NUOVAMENTE POSTA IN LVCE,,PRATICA D’ARITHMETICA E GEOMETRIA,,,"De Minori conventuali di S. Franc. nella qual si dimostra un ve- ro, & facilissimo modo da risolver ogni sorte di ragioni,  Da misurar tutte le superficie terrene, e corpi regolari, da misurar con l’aspetto le distanze, l’altezze, e le profondità,  Con il modo da leuar le piante senza bussola: si copronsi in essa alcuni errori di certi Autori",M.DC.III,R. P. F. Lorenzo Forestani da Pescia,,,NUOVAMENTE POSTA IN LVCE,,,,,,Minori conventuali di S. Franc,VENETIA,,CON PRIVILEGI,Appresso Georgio Varisco,,True,False,True,False,False,True,True,True,False,False,True,False,False,False,False,False,True,True,False,True,True,False,1,True,2,True,2,True,0,False,2,True,4,True,primary,primary,unrelated,primary,unrelated,unrelated,unrelated
bib-94,,1682,Siena,ITALIAN,Lorenzo Forestani,,Arithmetic | Practical Geometry,,,unrelated,primary,unrelated,unrelated,unrelated,unrelated,unrelated,unrelated,unrelated,unrelated,unrelated,unrelated,unrelated,unrelated,unrelated,unrelated,primary,unrelated,unrelated,unrelated,Ristampata | Ricorretta,,"PRATICA D’ARITHMETICA, E GEOMETRIA",,,,MDCLXXXII,"IL SIG. SENATORE, MARCHESE FRANCESCO FERRONI",,,"Di nuovo Ristampata, e con somma diligenza Ricorretta",REV | de’ Minori Conuentuali di S. Francesco,P. LORENZO FORESTANI DA PESCIA,,,,Minori Conuentuali di S. Francesco | GRAN DVCA DI TOSCANA,SIENA,,,Stamparia del Pubblico,,True,False,True,False,False,False,True,True,False,False,True,True,True,False,False,False,True,True,False,False,True,False,1,True,4,True,2,True,0,False,2,True,3,True,primary,primary,unrelated,unrelated,unrelated,unrelated,unrelated
bib-95,,1668,Cambridge,LATIN,Pierre Gautruche,John Field,Arithmetic | Astronomy | Geography | Gnomonics & Horology,,Music Theory | Theoretical Mathematics,unrelated,primary,primary,unrelated,unrelated,unrelated,unrelated,primary,primary,unrelated,unrelated,unrelated,unrelated,unknown,unrelated,unrelated,unrelated,unrelated,unknown,unrelated,adornata,studiosæ Juventutis,,,,,MDC.LXVIII,,,,,"SOC. JESU MATHEMATICÆ TOTIUS, H. e",P. PETRI GALTRUCHII AURELIANENSIS,,,,SOC. JESU | INSTITUTIO,CANTABRIGIÆ,,,"Joan. Field, Celeberrimæ Academiæ Typographus",,True,True,False,False,False,False,True,False,False,False,False,True,True,False,False,False,True,True,False,False,True,False,0,False,3,True,1,True,0,False,2,True,3,True,primary,unknown,unrelated,primary,primary,unrelated,unknown
bib-96,,1675,Caen,LATIN,Pierre Gautruche,Jean Cavelier,,Astronomy | Geography | Gnomonics & Horology | Navigation,,unrelated,unrelated,secondary,unrelated,unrelated,unrelated,,secondary,secondary,unrelated,unrelated,unrelated,unrelated,unrelated,secondary,unrelated,unrelated,unrelated,unrelated,unrelated,Complectens,Ad usum Studiosæ Juventutis,COSMOGRAPHIA,Astronomiam | Chronologiam Mathematicam | Gnomonicam | Tracta- tum de Globo Terrestri | Geographiam | Hydrographiam,Astronomiam | Chronologiam Mathematicam | Gnomonicam | Tractatum de Globo Terrestri | Geographiam | Hydrographiam,,M.DC.LXXV,,,,Editio tertia emendatior & auctior,"AURELIANENSIS, SOCIET. JESU INSTITUTIO MATHEMATICÆ",P. PETRI GALTRUCHII,,,,SOCIET. JESU INSTITUTIO MATHEMATICÆ,CADOMI,,,JOANNEM CAVELIER | Academiæ Typographum,,True,True,True,True,True,False,True,False,False,False,True,True,True,False,False,False,True,True,False,False,True,False,1,True,3,True,2,True,2,True,2,True,3,True,unrelated,unrelated,unrelated,secondary,secondary,unrelated,unrelated
bib-97,,1627,Naples,LATIN,Giovanni Camillo Glorioso,Lazarus Scorigio,,,,unrelated,unrelated,unrelated,unrelated,unrelated,unrelated,unrelated,unrelated,unrelated,unrelated,unrelated,unrelated,unrelated,unrelated,unrelated,unrelated,unrelated,unrelated,unrelated,unrelated,Continentur,,,,,,M.DC.XXVII,,,,,,,,,,,NEAPOLI,,,Ex Typographia Lazari Scorigij,,True,False,False,False,False,False,True,False,False,False,False,False,False,False,False,False,False,True,False,False,True,False,0,False,0,False,1,True,0,False,0,False,3,True,unrelated,unrelated,unrelated,unrelated,unrelated,unrelated,unrelated
bib-98,,1639,Naples,LATIN,Giovanni Camillo Glorioso,Secundinus Roncaliolus,,,,unrelated,unrelated,unrelated,unrelated,unrelated,unrelated,unrelated,unrelated,unrelated,unrelated,unrelated,unrelated,unrelated,unrelated,unrelated,unrelated,unrelated,unrelated,unrelated,unrelated,,,,,,,MDCXXXIX,,,,,GLORIOSI,IOANNIS CAMILLI,,,,,NEAPOLI,,,Ex Typographia Secundini Roncalioli,,False,False,False,False,False,False,True,False,False,False,False,True,True,False,False,False,False,True,False,False,True,False,0,False,2,True,0,False,0,False,0,False,3,True,unrelated,unrelated,unrelated,unrelated,unrelated,unrelated,unrelated
bib-99,,1697,Nuremberg,GERMAN,Johann Sebastian Gruber,Christoph Riegel,Architecture | Construction | Military Engineering | Practical Geometry | Surveying | Theoretical Mathematics,,,primary,unrelated,unrelated,unrelated,unrelated,primary,unrelated,unrelated,unrelated,unrelated,unrelated,unrelated,primary,unrelated,unrelated,unrelated,primary,primary,primary,unrelated,aufgesetzt | zusammen getragen,jedermanns,,"GEOMETRIÆ THEORETICÆ, der Erdmeß‑Kunst | ARCHITECTURÆ CIVILIS, der Bürgerli- chen Bau=Kunst | ARCHITECTURÆ MILITARIS, der Forti- fication oder Kriegs=Bau=Kunst | ARTIS TORMENTARIÆ, der Artillerie oder Büchsen=Meisteren | PYROTECHNIÆ DAMNOSÆ, des Ernst= Feuer=Wercks | PYROTECHNIÆ JUCUNDÆ, des Lust= Feuer=Wercks",GEOMETRIÆ THEORETICÆ | ARCHITECTURÆ CIVILIS | ARCHITECTURÆ MILITARIS | ARTIS TORMENTARIÆ | PYROTECHNIÆ DAMNOSÆ | PYROTECHNIÆ JUCUNDÆ,,1697,,,,,Majorn,Joh. Sebastian Grubern,,,mit gehörigen Figuren,,Nürnberg,,,verlegts Christoph Riegel,,True,True,False,True,True,False,True,False,False,False,False,True,True,False,False,True,False,True,False,False,True,False,0,False,2,True,1,True,3,True,1,True,3,True,unrelated,primary,primary,primary,unrelated,primary,unrelated
s.l_1650,,1650,,LATIN,,,Theoretical Mathematics,,,unrelated,unrelated,unrelated,unrelated,unrelated,unrelated,unrelated,unrelated,unrelated,unrelated,unrelated,unrelated,unrelated,unrelated,unrelated,unrelated,unrelated,unrelated,primary,unrelated,,,,,,,,,,,,,,,,,,,,,,,False,False,False,False,False,False,False,False,False,False,False,False,False,False,False,False,False,False,False,False,False,False,0,False,0,False,0,False,0,False,0,False,0,False,unrelated,primary,unrelated,unrelated,unrelated,unrelated,unrelated
ustc-10,"La Géométrie réduite en une facile et briefve practique par deux excellens instrumens, dont l'un est le pantomètre ou compas de proportion de Michel Connette l'autre est l'usage du compas à huict pointes inventé par Fabrice Mordente et composé en",1626,Paris,FRENCH,Michel Connette,,Instrument Use | Practical Geometry,,,unrelated,unrelated,unrelated,unrelated,unrelated,unrelated,unrelated,unrelated,unrelated,unrelated,primary,unrelated,unrelated,unrelated,unrelated,unrelated,primary,unrelated,unrelated,unrelated,enrichy | composé | Traduit,pour tous curieux des Mathematiques,LA GEOMETRIE,"PANTOMETRE OV COMPAS DE PROPORTION DE MICHEL CONNETTE | L’VSAGE DV COMPAS A huict pointes, inuenté par Fabrice Mordente",PANTOMETRE OV COMPAS | L’VSAGE DV COMPAS A huict pointes,REDVITE EN VNE FACILE ET BRIEFVE pratique,M.DC.XXVI,,,en François,enrichy de huict diuisions par dessus le com- mun & ordinaire | composé en Italien par Michel Connette | Traduit en François,Mathematicien,P. G. S | Michel Connette,Fabrice Mordente | Alexandre Farnese,,enrichy de huict diuisions,,"PARIS | Chez CHARLES HVLPAV, ruë Dauphine, à l'Escharpe Royale, & en sa boutique sur le Pont neuf, proche les Augustins",en Italien,,CHARLES HVLPAV,,True,True,True,True,True,True,True,False,False,True,True,True,True,True,False,True,False,True,True,False,True,False,1,True,3,True,4,True,3,True,1,True,3,True,unrelated,primary,unrelated,primary,unrelated,unrelated,unrelated
ustc-11,"Géométrie, ou Mesure des lignes droites esloignées, par le quarré géométrique enrichie de plusieurs figures, nouvellement mise en lumière par le sieur Boulenger,",1624,Paris,FRENCH,Jean Boulenger,,Instrument Use | Practical Geometry,,Surveying,unrelated,unrelated,unrelated,unrelated,unrelated,unrelated,unrelated,unrelated,unrelated,unrelated,primary,unrelated,unrelated,unrelated,unrelated,unrelated,primary,unknown,unrelated,unrelated,Enrichie de plusieurs Figures | NOVVELLEMENT MISE EN LVMIERE | Enrichie | MISE EN LVMIERE,,LA GEOMETRIE OV MESVRE DES LIGNES DROITES ESLOIGNEES PAR LE QVARRE´ GEOMETRIQVE,,,"Deux methodes tres-faciles pour mesurer toutes sor- tes de longueurs, hanteurs, largeurs, tant acces- sibles que inaccessibles, sans qu’il soit besoin d’au- cun calcul",DC. XXIIII,,,,NOVVELLEMENT MISE EN LVMIERE,Lecteur du Roy,BOVLENGER | Sieur BOVLENGER,,,Enrichie de plusieurs Figures | plusieurs Figures,,PARIS | contre l’horloge du Palais du costé du pont de bois | ruë de la Harpe deuant le pilier Rouge | PARIS,,,"PIERRE CHARPENTIER | NICOLAS LE ROY | PIERRE CHARPENTIER, contre l’horloge du Palais du cofte´ du pont de bois | NICOLAS LE ROY, ruë de la Harpe deuant le pilierRouge",,True,False,True,False,False,True,True,False,False,False,True,True,True,False,False,True,False,True,False,False,True,False,1,True,2,True,2,True,1,True,0,False,3,True,unrelated,primary,unrelated,primary,unrelated,unrelated,unrelated
ustc-12,"Traité de la trigonométrie pour résoudre tous triangles rectilignes et sphériques, avec les démonstrations des deux célèbres propositions du baron de Merchiston non encore démonstrées",1636,Paris,FRENCH,Jacques Hume,,Trigonometry,Theoretical Mathematics,,unrelated,unrelated,unrelated,unrelated,unrelated,unrelated,unrelated,unrelated,unrelated,unrelated,unrelated,unrelated,unrelated,unrelated,unrelated,unrelated,unrelated,unrelated,secondary,primary,,,,,,,DC. XXXVI,"MESSIRE ROBERT KAR, COMTE d'Ancrame, Gentil-homme de la Chambre du Roy de la Grand' Bretagne",,,,,,Baron de Merchiston,,AVEC LES DEMONSTRATIONS DES deux celebres Propositions du Baron de Merchiston,,"Chez NICOLAS ET IEAN DE LA COSTE au mont S. Hilaire, à l'Escu de Bretagne, & en leur boutique à la petite porte du Palais deuant les Augustins",,,NICOLAS ET IEAN DE LA COSTE,,False,False,False,False,False,False,True,True,False,False,False,False,False,True,False,True,False,True,False,False,True,False,0,False,2,True,0,False,1,True,1,True,3,True,unrelated,primary,unrelated,unrelated,unrelated,unrelated,unrelated
ustc-13,"Examen du livre des Récréations mathématiques et de ses problèmes en géométrie, méchanique, optique et catoptrique, où sont aussi discutées et restablies plusieurs expériences physiques y proposées, par Claude Mydorge. Dernière édition",1639,Paris,FRENCH,Jean Leurechon,,Mechanics,,Theoretical Mathematics,unrelated,unrelated,unrelated,unrelated,unrelated,unrelated,unrelated,unrelated,unrelated,unrelated,unrelated,primary,unrelated,unrelated,unrelated,unrelated,unrelated,unrelated,unknown,unrelated,discutées | reftablies | proposées,,EXAMEN DU LIVRE DES RECREATIONS MATHEMATIQVES,,,"de ses Problemes en Geometrie, Mechanique, Optique, & Catoptrique",M. DC. XXXIX,,,,DERNIERE EDITION,"Efcuyer, Sieur de la Maillardé, Confeiller du Roy, & Treforier de France en Picardie",CLAVDE MYDORGE,,,Où font aufli discutées & reftablies plufieurs experiences Phyfiques y proposées,,"PARIS | en la Place Dauphine au Soleil d'or | PARIS, Chez ANTOINE ROBINOT, en la Place Dauphine au Soleil d'or : Et en fa boutique fur le Pont-neuf",,,Chez ANTOINE ROBINOT,,True,False,True,False,False,True,True,False,False,False,True,True,True,False,False,True,False,True,False,False,True,False,1,True,2,True,2,True,1,True,0,False,3,True,unrelated,unknown,unrelated,unrelated,unrelated,primary,unrelated
ustc-14,"Géométrie et horlogiographie pratique, contenant la description, fabrication et usage des horloges solaires, par Jean Bullant augmenté de la propriété et usage des quadrans de l'invention d'Oronce Finé et de Pierre Appian Le tout exposé facile",1608,Paris,FRENCH,Jean Bullant,,Gnomonics & Horology | Instrument Construction | Instrument Use | Practical Geometry,,,unrelated,unrelated,unrelated,unrelated,unrelated,unrelated,unrelated,unrelated,primary,primary,primary,unrelated,unrelated,unrelated,unrelated,unrelated,primary,unrelated,unrelated,unrelated,CONTENANT | expoſé | contenuz,,GEOMETRIE. ET HORLOGIOGRAPHIE PRATIQVE,,,"LA DESCRIPTION, FABRICATION & vsage des Horloges Solaires",DC VIII,"Monſeigneur le Duc de Montmorancy, Pair & Conneſtable de France",,,,,IEAN BVLLANT | Claude de Boïſſiere Dauphinois,"d’Oronce Finé Dauphinois, Lecteur & Profeſſeur du Roy es ſciences Ma- thematiques | Pierre Appian excellent Mathe- maticien",,Tables des Chapitres,,"PARIS | Chez DENISE CAVELLAT, au mont S. Hilaire à l’enſeigne du Pelican",,,DENISE CAVELLAT,,True,False,True,False,False,True,True,True,False,False,False,False,True,True,False,True,False,True,False,False,True,False,1,True,3,True,1,True,1,True,1,True,3,True,unrelated,primary,unrelated,primary,unrelated,unrelated,unrelated
ustc-15,"La Géométrie pratique des lignes, des superficies et des corps",1630,Paris,FRENCH,Jean Boulenger,,Practical Geometry | Surveying,,,unrelated,unrelated,unrelated,unrelated,unrelated,unrelated,unrelated,unrelated,unrelated,unrelated,unrelated,unrelated,unrelated,unrelated,unrelated,unrelated,primary,primary,unrelated,unrelated,,"à tous Architectes, Ingenieurs, Maçons, Arpenteurs, & autres Geometres | à tous Architectes, Ingenieurs, Maçons, Arpenteurs, Laigners & autres Geometres | Oeuűre utile à tous Architeĉtes, Ingenieurs, Maçons, Arpenteurs, & autres Geometres",LA GEOMETRIE PRATIQVE DES LIGNES DES SVPERFICIES ET DES CORPS,,,,M. D.C. X L | M. DC. XXXIV | M. D. C. X L,,,,,Lecteur ordinaire du Roy | LECTEVR ORDINAIRE DV ROY,BOY LENGER | SIEVR BOVLENGER | Sievr BOVLENGER,,,,,"PARIS | ruë ſainćt Iacques, aux Cicognes | A PARIS | Chez l'Autheur, ruë de la Tissierne, joignant la Reale, proche la porte de Montmartre | chez PHILIBERT CHARPENTIER, ruë Charierte, prés le Puy Certain | PARIS | ruë ſainct Iacques, aux Cicognes",,,"SEBASTIEN CRAMOISY , Imprimeur ordinaire du Roy | Chez l'Autheur | chez PHILIBERT CHARPENTIER | Chez SEBASTIEN CRAMOISY, Imprimeur ordinaire du Roy",,False,True,True,False,False,False,True,False,False,False,False,True,True,False,False,False,False,True,False,False,True,False,1,True,2,True,0,False,0,False,1,True,3,True,unrelated,primary,unrelated,primary,unrelated,unrelated,unrelated
ustc-16,"La Fabrique et l'usage du radiomètre, instrument géométrique et astronomique",1604,Paris,FRENCH,Pierre Le Comte,,Astronomy | Instrument Construction | Instrument Use | Navigation,Practical Geometry,,unrelated,unrelated,primary,unrelated,unrelated,unrelated,unrelated,unrelated,unrelated,primary,primary,unrelated,unrelated,unrelated,primary,unrelated,secondary,unrelated,unrelated,unrelated,INVENTE | DEDIE | DEDIE,,,,,,1604 | 1605,"Monseigneur le Reuerendissime Archeuesque de Sens, Primat des Gaules, & de Germanie, grand Aumosnier de France, & Confeiller du Roy en ses Confeils d'Estat & Priué, &c | Monseigneur le Reueren­dissime Archeuesque de Sens, Primat des Gaules, & de Germanie, grand Aumosnier de France & Conseiller du Roy en ses Conseils d'Estat & Priué, &c",,,,"naïf de Cheuerain en Haynault, & Bachelier en la faculté de Medecine à Paris | natifs de Cheurenain en Haynault, & Bachelier en la faculté de Medecine à Paris",PIERRE LE CONTE,,,,la faculté de Medecine à Paris | faculté de Medecine à Paris | Archeuesque de Sens,À PARIS | au Palais en la gallerie des Prionniers | PARIS | au Palais en la gallerie des Prisonniers,,,Chez TOVSSAINCTS DV BRAY,,True,False,False,False,False,False,True,True,False,False,False,True,True,False,False,False,True,True,False,False,True,False,0,False,4,True,1,True,0,False,2,True,3,True,unrelated,secondary,unrelated,primary,primary,unrelated,unrelated
ustc-17,Nouvelle Arithmétique pour les finances,1647,Paris,FRENCH,,,Arithmetic | Commercial Mathematics,,,unrelated,primary,unrelated,unrelated,primary,unrelated,unrelated,unrelated,unrelated,unrelated,unrelated,unrelated,unrelated,unrelated,unrelated,unrelated,unrelated,unrelated,unrelated,unrelated,,,,,,,1647,,,,,,,,,,,"PARIS | ruë neufve Sainct Louys, au Canon Royal",,,De l'Imprimerie de I EAN B R V N E T | L'Autheur,,False,False,False,False,False,False,True,False,False,False,False,False,False,False,False,False,False,True,False,False,True,False,0,False,0,False,0,False,0,False,0,False,3,True,primary,unrelated,unrelated,unrelated,unrelated,unrelated,unrelated
ustc-18,Mémoires mathématiques recueillis et dressez en faveur de la noblesse françoise,1613,Paris,FRENCH,Denis Henrion,,Arithmetic | Construction | Military Engineering | Practical Geometry | Trigonometry,Instrument Use,,unrelated,primary,unrelated,unrelated,unrelated,primary,unrelated,unrelated,unrelated,unrelated,secondary,unrelated,primary,unrelated,unrelated,unrelated,primary,unrelated,unrelated,primary,RECVEILLIS | DRESSEZ,EN FAVEVR DE LA NOBLESSE,MEMOIRES MATHEMATIQVES RECVEILLIS ET DRESSEZ,,,"Auquel eft traité De l'Arithmetique militaire; con£lru£Hon des tables des Sinus, Tou- chantes & Coupantes; Doctrine des Triangles Rectilignes ; prati- que de diuers Problermes Geometriques ; Dimenfion des lignes droi£tes, fuperfcies & Corps; pratique du Compas de proportion ; De la Conflru£Hon & Fabrique des Forterel/es, feruans d'explication & augmentation es deux & troi£iefmes liures des Fortifications de Mon- fieur Errard",M. DC. XIII,Françoise,,,PREMIER VOLVME,Mathematicien,D. Henrion,Mon- fieur Errard,,feruans d'explication & augmentation,,"PARIS | En l'Iile du Palais, à l'Image S. Michel",,,,,True,True,True,False,False,True,True,True,False,False,True,True,True,True,False,True,False,True,False,False,False,False,1,True,4,True,2,True,1,True,2,True,2,True,primary,primary,primary,secondary,unrelated,primary,unrelated
ustc-19,"L'algèbre, Effections géométriques, et partie de l'Exégétique nombreuse. Traduites de latin en françois, où est adjouté des notes et commentaires, et quantité de problèmes zététiques",1644,Paris,FRENCH,François Viète,,Theoretical Mathematics,,,unrelated,unrelated,unrelated,unrelated,unrelated,unrelated,unrelated,unrelated,unrelated,unrelated,unrelated,unrelated,unrelated,unrelated,unrelated,unrelated,unrelated,unrelated,primary,unrelated,eſt adjouté | Traduites,,,,,,M. DC X L V,,,en François,,Cosmographe ordinaire du Roy,N. DVRRET,F. Viete,,des notes Commentaires | quantité de Problemes Ze- teticques,,"A PARIS | Aux depens de l'Auteur, chez le quel ils se vedent, & chex Cervais Alliott, au Palais, prés la Chapelle S. Michel, & chez la V. ve M. rez rue S. Jacques in Gloue",de Latin,,Aux depens de l'Auteur | Cervais Alliott | la V. ve M,,True,False,False,False,False,False,True,False,False,True,False,True,True,True,False,True,False,True,True,False,True,False,0,False,3,True,3,True,1,True,0,False,3,True,unrelated,primary,unrelated,unrelated,unrelated,unrelated,unrelated
ustc-2,"L'Arithmétique, recueillie et traduite d'italien en françois, avec toutes les démonstrations mathématiques, et plusieurs inventions",1613,Paris,FRENCH,Adrien Périer,,Arithmetic,Theoretical Mathematics,,unrelated,primary,unrelated,unrelated,unrelated,unrelated,unrelated,unrelated,unrelated,unrelated,unrelated,unrelated,unrelated,unrelated,unrelated,unrelated,unrelated,unrelated,secondary,unrelated,Recueillie | traduite | Divisée,,L'ARITHMETIQVE,,,Avec toutes les demonstrations Mathematiques,M. DC. XIII,,,en François,Recueillie & traduite d'Italien en François,de Caen,GVILLAVME GOSSELIN,,,Avec toutes les demonstrations Mathematiques | plusieurs inventions dudit GOSSELIN,,"PARIS | Chez Adrian Perier, ruë Sainct Iacques, au Compas d'or",d'Italien,,Adrian Perier,,True,False,True,False,False,True,True,False,False,True,True,True,True,False,False,True,False,True,True,False,True,False,1,True,2,True,4,True,1,True,0,False,3,True,primary,secondary,unrelated,unrelated,unrelated,unrelated,unrelated
ustc-20,"Le cours de mathématiques représenté par figures, & cartes, & clairement expliqué dans toutes ses parties, avec quantité de connaissances & pratiques nouvelles. Le tout en faveur de ceux qui veulent apprendre les mathématiques en peu de temps. Première pa",1641,Paris,FRENCH,,,,,,unrelated,unrelated,unrelated,unrelated,unrelated,unrelated,unrelated,unrelated,unrelated,unrelated,unrelated,unrelated,unrelated,unrelated,unrelated,unrelated,unrelated,unrelated,unrelated,unrelated,REPRESENTE | expliqué,qui veulent apprendre les Mathematiques en peu de temps,,,,,DC. XXXXI,,,,,,,,,"PAR FIGVRES, & cartes | clairement expliqué",,PARIS,,,"Chez FRANCOIS PELICAN, ruë S. Iacques, prioché le College de Clermont, à l'enseigne du Pelican",,True,True,False,False,False,False,True,False,False,False,False,False,False,False,False,True,False,True,False,False,True,False,0,False,0,False,1,True,1,True,1,True,3,True,unrelated,unrelated,unrelated,unrelated,unrelated,unrelated,unrelated
ustc-21,L'Usage de la reigle de proportion en l'arithmétique et géométrie,1624,Paris,FRENCH,Luis Ballester,,Arithmetic | Theoretical Mathematics,,,unrelated,primary,unrelated,unrelated,unrelated,unrelated,unrelated,unrelated,unrelated,unrelated,unrelated,unrelated,unrelated,unrelated,unrelated,unrelated,unrelated,unrelated,primary,unrelated,,,L’VSAGE DE LA REIGLE DE PROPORTION,,,en l’Arithmetique & Geometrie,M. DC. XXIV,,,,,Gentil homme Anglois,EDMOND VVINGATE,,,,,"PARIS | l’Iſle du Palais, ruë de Harlay, aux deux Viperes",,,MELCHIOR MONDIERE,,False,False,True,False,False,True,True,False,False,False,False,True,True,False,False,False,False,True,False,False,True,False,1,True,2,True,0,False,0,False,0,False,3,True,primary,primary,unrelated,unrelated,unrelated,unrelated,unrelated
ustc-23,"Logocanon, ou Règle proportionnelle sur laquelle sont appliquées plusieurs lignes et figures... en faveur de ceux qui se délectent en la practique des divines mathématiques, par D. Henrion",1626,Paris,FRENCH,Denis Henrion,,Practical Geometry,,Theoretical Mathematics,unrelated,unrelated,unrelated,unrelated,unrelated,unrelated,unrelated,unrelated,unrelated,unrelated,unrelated,unrelated,unrelated,unrelated,unrelated,unrelated,primary,unrelated,unknown,unrelated,,ceux qui ſe deſlectent en la pra- etique des diuiines Mathematiques,,,,,M. DC. XXVI,,,,,Mathematicien,D. HENRION,,,,,"PARIS | Chez SAMVEL THIBOVST, au Palais, en la Gallerie des Priſonniers",,,I. Bourriquant | SAMVEL THIBOVST,,False,True,False,False,False,False,True,False,False,False,False,True,True,False,False,False,False,True,False,False,True,False,0,False,2,True,0,False,0,False,1,True,3,True,unrelated,primary,unrelated,unrelated,unrelated,unrelated,unrelated
ustc-24,"Questions inouyes, ou Récréation des sçavans, qui contiennent beaucoup de choses concernantes la théologie, la philosophie et les mathématiques",1634,Paris,FRENCH,Marin Mersenne,,,,,unrelated,unrelated,unrelated,unrelated,unrelated,unrelated,unrelated,unrelated,unrelated,unrelated,unrelated,unrelated,unrelated,unrelated,unrelated,unrelated,unrelated,unrelated,unrelated,unrelated,,,,,,,DC. XXXIIII,,,,,,,,,,,"PARIS | Chez HVGUES VILLERY, ruë Clopin à l'Eſcu de France, & au coin de la ruë Dauphine aux trois Perruques",,,Chez HVGUES VILLERY,,False,False,False,False,False,False,True,False,False,False,False,False,False,False,False,False,False,True,False,False,True,False,0,False,0,False,0,False,0,False,0,False,3,True,unrelated,unrelated,unrelated,unrelated,unrelated,unrelated,unrelated
ustc-25,"Traicté de l'algèbre, avec toutes les démonstrations géométriques requises",1635,Paris,FRENCH,Jacques Hume,,Theoretical Mathematics,,,unrelated,unrelated,unrelated,unrelated,unrelated,unrelated,unrelated,unrelated,unrelated,unrelated,unrelated,unrelated,unrelated,unrelated,unrelated,unrelated,unrelated,unrelated,primary,unrelated,,,,,,Avec toutes les démonstrations Geome- triques requises,M. DC. XXXV,"A MESSIRE CHARLES CLER, Sieur de Tremblay, de Ville-Bleuin, & S. Aignan, Conseiller du Roy en ses Conseils d’Estat, Cap- itaine & Gouverneur pour sa Majesté du Chas- teau de la Bastille à Paris",,,,,,,,,,"PARIS | rue sainct Iacques, à l’Image sainct Louys",,,LOVYS BOULENGER,,False,False,False,False,False,True,True,True,False,False,False,False,False,False,False,False,False,True,False,False,True,False,0,False,1,True,0,False,0,False,1,True,3,True,unrelated,primary,unrelated,unrelated,unrelated,unrelated,unrelated
ustc-26,Mémoires mathématiques recueillis et dressez en faveur de la noblesse françoise. Premier [-second] volume,1627,Paris,FRENCH,Denis Henrion,,Arithmetic | Construction | Instrument Use | Military Engineering | Practical Geometry | Trigonometry,,,unrelated,primary,unrelated,unrelated,unrelated,primary,unrelated,unrelated,unrelated,unrelated,primary,unrelated,primary,unrelated,unrelated,unrelated,primary,unrelated,unrelated,primary,reueuë | corrigée | augmentée,EN FAVEVR DE LA NOBLESSE FRANÇOISE,MEMOIRES MATHEMATIQVES,,,"De l’Arithmetique militaire ; Conſtruction des tables des Sinus, chanzes & Coupantes ; Doctrine des triangles Recitilignes ; Pratique de diuers problemes Geometriques ; Dimeſon des lignes droites, perficies & Corps ; Pratique du Compas de proportion ; ȣ de la Conſtruction des Fortereſses, ſeruant d’application & augmentacion eſ deux & troisſiemes Liures des Fortifications de Monſieur Errard",DC. XXIII,,,,"SECONDE EDITION, reueuë, corrigée & augmentée en diuers en droicts ; & meſme d'vn traicté entier, contenant vne briefve inconſtr tion pour conſtruire les fortifications pées aux pays bas",Mathematicien,D. HENRION,,,,,PARIS | l'Isle du Palais aux fleurs Royalles,,,FLEVR Y BOVR YQYA NT,,True,True,True,False,False,True,True,False,False,False,True,True,True,False,False,False,False,True,False,False,True,False,1,True,2,True,2,True,0,False,1,True,3,True,primary,primary,primary,primary,unrelated,primary,unrelated
ustc-27,"Arithmétique mémorialle par le moyen de laquelle on peut résoudre en son esprit toutes reigles qui concernent le négoce et trafic, sans user d'aucuns chiffres ny gettons",1632,Paris,FRENCH,,,Arithmetic | Commercial Mathematics,,,unrelated,primary,unrelated,unrelated,primary,unrelated,unrelated,unrelated,unrelated,unrelated,unrelated,unrelated,unrelated,unrelated,unrelated,unrelated,unrelated,unrelated,unrelated,unrelated,,ä toutes ſortes de perſonnes,ARITHMETIQVE MEMORIALE,,,"Par le moyen de laquelle on peut resolu- dre en son esprit toutes reigles qui con- cernent le negoce & trafic de toutes sortes de marchandifes, fans vfer d’au- cuns chiffres ny Gettons | En suite de laquelle eſt vne fucincte dioſpofition de la brieſue Arithmetique auec les gettrons, qui eſt",M. D C. XXX II,Sieur de la Fontaine,,,,,,,,,,PARIS,,,"Chez FRANÇOIS SARADIN, rueé de la vieille Draperie, deuant le Palais",,False,True,True,False,False,True,True,True,False,False,False,False,False,False,False,False,False,True,False,False,True,False,1,True,1,True,0,False,0,False,2,True,3,True,primary,unrelated,unrelated,unrelated,unrelated,unrelated,unrelated
ustc-28,,1631,Rouen,FRENCH,Jacques Chauvet,,Arithmetic,Practical Geometry,,unrelated,primary,unrelated,unrelated,unrelated,unrelated,unrelated,unrelated,unrelated,unrelated,unrelated,unrelated,unrelated,unrelated,unrelated,unrelated,secondary,unrelated,unrelated,unrelated,diuifée | REVEE | CORRIGEE | amplifiée,,METHOIQVES INSTITV TIONS DE LA VRAYE ET PARFAICTE ARITHMETIQVE,,,"extraction des racines Quarrees, & Cubes , & autres choses appartenantes à la Geo- metrie , auec les figures & pra - tique d’icelles",M. DC. XXXI,,,,"REVEE, CORRIGEE, ET amplifiée d’Exemples Geometriques",profeßeur ordinaire éß Mathematiques en l’V niuerßité de Paris,P. TAILLIEUR,,,"d’Exemples Geometriques | extraction des racines Quarrees, & Cubes , & autres choses appartenantes à la Geo- metrie , auec les figures & pra - tique d’icelles",l’V niuerßité de Paris,"A ROVEN | Chez ADRIAN Ovin, au premier degré de la montée du Palais",,,Chez ADRIAN Ovin,,True,False,True,False,False,True,True,False,False,False,True,True,True,False,False,True,True,True,False,False,True,False,1,True,3,True,2,True,1,True,1,True,3,True,primary,secondary,unrelated,unrelated,unrelated,unrelated,unrelated
ustc-29,La geometrie et practique generalle d'icelle. Au tres-chrestien roy de France et de Navarre,1602,Paris,FRENCH,Jean Errard,,Practical Geometry,Instrument Use,Architecture,unknown,unrelated,unrelated,unrelated,unrelated,unrelated,unrelated,unrelated,unrelated,unrelated,secondary,unrelated,unrelated,unrelated,unrelated,unrelated,primary,unrelated,unrelated,unrelated,,,LA GEOMETRIE ET PRACTIQVE GENERALLE D'ICELLE,,,ET PRACTIQVE GENERALLE D'ICELLE,IƆCII,Tref-Chreſtien Roy de France & de Nauarre,,,SECONDE EDITION,Ingenieur ordinaire de ſa Maieſté,I. Errard de Bar-le-duc,,,,,"PARIS | au haut de la rué S. Iean de Beauuais, au Bellerophon couronné",,,GVILLAVME AVVRAY,,False,False,True,False,False,True,True,True,False,False,True,True,True,False,False,False,False,True,False,False,True,False,1,True,3,True,1,True,0,False,1,True,3,True,unrelated,primary,unknown,secondary,unrelated,unrelated,unrelated
ustc-3,Traicté des triangles sphériques,1617,Paris,FRENCH,Denis Henrion,,Theoretical Mathematics | Trigonometry,,,unrelated,unrelated,unrelated,unrelated,unrelated,unrelated,unrelated,unrelated,unrelated,unrelated,unrelated,unrelated,unrelated,unrelated,unrelated,unrelated,unrelated,unrelated,primary,primary,,,TRAICTE' DES TRIANGLES SPHERIQVES,,,,M. DC. XVII,,,,,Mathematicien,D. HENRION,,,,,"PARIS | En l’Isle du Palais, à l'Image S. Michel",,,,,False,False,True,False,False,False,True,False,False,False,False,True,True,False,False,False,False,True,False,False,False,False,1,True,2,True,0,False,0,False,0,False,2,True,unrelated,primary,unrelated,unrelated,unrelated,unrelated,unrelated
ustc-31,"L'Arithmétique, recueillie et traduite d'italien en françois, avec toutes les démonstrations mathématiques, et plusieurs inventions",1613,Paris,FRENCH,Niccolò Tartaglia,,Arithmetic,Theoretical Mathematics,,unrelated,primary,unrelated,unrelated,unrelated,unrelated,unrelated,unrelated,unrelated,unrelated,unrelated,unrelated,unrelated,unrelated,unrelated,unrelated,unrelated,unrelated,secondary,unrelated,Divisée | Recueillie | traduite,,L'ARITHMETIQVE DE NICOLAS TARTAGLIA BRESCIAN,,,,M. D. C. XIII,,,en François,Recueillie & traduite d'Italien en François,,GVILLAUME GOSSELIN de Caen,,,toutes les démonstrations Mathematiques | plu- fieurs inuetions dudic GOSSELIN,,"PARIS | ruë Sainct Iacques, au Compas d’or",d'Italien,,ADRIAN PERIER,,True,False,True,False,False,False,True,False,False,True,True,False,True,False,False,True,False,True,True,False,True,False,1,True,1,True,4,True,1,True,0,False,3,True,primary,secondary,unrelated,unrelated,unrelated,unrelated,unrelated
ustc-32,,1578,Paris,FRENCH,Niccolò Tartaglia,,Arithmetic,,,unrelated,primary,unrelated,unrelated,unrelated,unrelated,unrelated,unrelated,unrelated,unrelated,unrelated,unrelated,unrelated,unrelated,unrelated,unrelated,unrelated,unrelated,unrelated,unrelated,Diuisée | Recueillie | traduite,,L'ARITHMETIQVE DE NICOLAS TARTAGLIA BRESCIAN,,,,1578,"Princesse MA R. GVERITE de France, Royne de Nauarre",,en François,"Diuisée en deux parties | Recueillie, & traduite d'Italien en François",de Caen,GVILLAVME GOSSELIN,,,Auec toutes les démonstrations Mathematiques | plusieurs inventions audit GOSSELIN,,"PARIS | Chez Gilles Beys, rue S. Iacques, au Lis blanc",d'Italien,,Chez Gilles Beys,,True,False,True,False,False,False,True,True,False,True,True,True,True,False,False,True,False,True,True,False,True,False,1,True,3,True,4,True,1,True,1,True,3,True,primary,unrelated,unrelated,unrelated,unrelated,unrelated,unrelated
ustc-33,"Traicte des globes et de leur usage. Traduict du latin de Robert Hues. Et augmenté de plusieurs nottes & operations du compas de proportion. Par D. Henrion, mathematicien",1618,Paris,FRENCH,Denis Henrion,,Instrument Use,Practical Geometry,Astronomy | Navigation | Theoretical Mathematics,unrelated,unrelated,unknown,unrelated,unrelated,unrelated,unrelated,unrelated,unrelated,unrelated,primary,unrelated,unrelated,unrelated,unknown,unrelated,secondary,unrelated,unknown,unrelated,Traduict | Augmenté,,"TRAICTE' DES GLOBES, ET DE LEVR VSAGE",,,,M.DC.XVIII,,,,,Mathematicien,D. HENRION,ROBERT HVES,,plusieurs nottes & operations du compas de proportion,,"PARIS | ruë sainct Jacques, au sacrifice d'Abraham",Latin,,ABRAHAM PACARD,,True,False,True,False,False,False,True,False,False,False,False,True,True,True,False,True,False,True,True,False,True,False,1,True,3,True,2,True,1,True,0,False,3,True,unrelated,secondary,unrelated,primary,unknown,unrelated,unrelated
ustc-34,"La Géométrie pratique, ou Nouvelle méthode de toiser et arpenter toutes sortes de grandeurs",1634,Paris,FRENCH,Jean Boulenger,,Practical Geometry | Surveying,,,unrelated,unrelated,unrelated,unrelated,unrelated,unrelated,unrelated,unrelated,unrelated,unrelated,unrelated,unrelated,unrelated,unrelated,unrelated,unrelated,primary,primary,unrelated,unrelated,,"à tous Architećtes, Ingenieurs, Maçons, Arpenteurs, Langiers & aàtres Geometres",LA GEOMETRIE PRACTIQVE,,,"NOVVELLE METHODE DE TOISER ET Arpenter toutes sortes de grandeurs, sans qu’il soit besoin d’vser de fractions ny de redućtions, ny mesme d’aucune diuisìon: enco- re que l’on se serue de la mesure ordinaire & de ses parties: Et par ce moyen expediant plus d’opérations en vne heure, que l’on n’a- uoit de coustume par cy-deuant de faire en huict",M. DC. XXXIV,,,,,LECTEVR ORDINAIRE DV ROY. OV,SIEVR BOVLENGER,,,,,"PARIS | Chez l’Autheur, rue de la Iussienne, ioignant la Reale, proche la porte de Montmartre | chez Philibert Charpentier, ruë Chartiere, prés le Puy Certain",,,Chez l’Autheur | chez Philibert Charpentier,,False,True,True,False,False,True,True,False,False,False,False,True,True,False,False,False,False,True,False,False,True,False,1,True,2,True,0,False,0,False,1,True,3,True,unrelated,primary,unrelated,primary,unrelated,unrelated,unrelated
ustc-35,,1640,Paris,FRENCH,Jean Boulenger,,Practical Geometry | Surveying,,,unrelated,unrelated,unrelated,unrelated,unrelated,unrelated,unrelated,unrelated,unrelated,unrelated,unrelated,unrelated,unrelated,unrelated,unrelated,unrelated,primary,primary,unrelated,unrelated,,"a tous Archite&es, Ingenieurs, Maçons, Arpenteurs, & autres Geometres",,,,,M. D. C. XL,,,,,Le&eur ordinaire du Roy,BOVLENGER,,,,,"PARIS | rüe ſainct Iacques, aux Cigognes",,,"Chez SEBASTIEN CRAMOISY, Imprimeur ordinaire du Roy",,False,True,False,False,False,False,True,False,False,False,False,True,True,False,False,False,False,True,False,False,True,False,0,False,2,True,0,False,0,False,1,True,3,True,unrelated,primary,unrelated,primary,unrelated,unrelated,unrelated
ustc-36,,1622,Rouen,FRENCH,Jacques Chauvet,,Arithmetic,Practical Geometry,,unrelated,primary,unrelated,unrelated,unrelated,unrelated,unrelated,unrelated,unrelated,unrelated,unrelated,unrelated,unrelated,unrelated,unrelated,unrelated,secondary,unrelated,unrelated,unrelated,diuisee | REVEVE | CORRIGEE | amplifiee,,METHODIQVES INSTITVTIONS DE LA VRAYE ET PARFAITE ARITHMETIQVE de IACQVES CHAVVET,,,diuisee en six parties,M. DC. XXII,,,,"diuisee en six parties | REVEVE, CORRIGEE, ET amplifiee",professeur ordinaire és Mathematiques en l'Vniuersité de Paris,P. TAILLEFER,,,"d'Exemples Geometriques, extra- ction des racines Quarrees, & Cubes, & au- tres choses appartenantes à la Geome- trie, auec les figures & prati- que d'icelles",l'Vniuersité de Paris,A ROVEN,,,"Chez MANASSEZ DE PREAVLX, deuant le portail des Libraires",,True,False,True,False,False,True,True,False,False,False,True,True,True,False,False,True,True,True,False,False,True,False,1,True,3,True,2,True,1,True,1,True,3,True,primary,secondary,unrelated,unrelated,unrelated,unrelated,unrelated
ustc-38,,1626,Paris,FRENCH,Edmund Wingate,,Arithmetic,Practical Geometry,,unrelated,primary,unrelated,unrelated,unrelated,unrelated,unrelated,unrelated,unrelated,unrelated,unrelated,unrelated,unrelated,unrelated,unrelated,unrelated,secondary,unrelated,unrelated,unrelated,adiouſté,,,,,,DC. XXVI,,,,,Gentil-homme Anglois,EDMOND VVINGATE,,,ce que nous auons adiouſté,,"PARIS | en l'Iſle du Palais, ruë de Harlay, aux deux Viperes",,,MELCHIOR MONDIERE,,True,False,False,False,False,False,True,False,False,False,False,True,True,False,False,True,False,True,False,False,True,False,0,False,2,True,1,True,1,True,0,False,3,True,primary,secondary,unrelated,unrelated,unrelated,unrelated,unrelated
ustc-39,"La géométrie, et pratique générale d'icelle, reveue et corrigée",1621,Paris,FRENCH,Jean Errard,,Practical Geometry,,,unrelated,unrelated,unrelated,unrelated,unrelated,unrelated,unrelated,unrelated,unrelated,unrelated,unrelated,unrelated,unrelated,unrelated,unrelated,unrelated,primary,unrelated,unrelated,unrelated,Reveuë | corrigée | beaucoup augmentée,,LA GEOMETRIE ET PRATIQUE GENERALE D'ICELLE,,,,M. DC. XXI,,,,"Reveuë, corrigée, & beaucoup augmentée","de Bar-le Duc, Ingenieur ordinaire de sa Majesté",I. ERRARD | D. H. P. E. M,,,beaucoup augmentée,,PARIS,,,M,,True,False,True,False,False,False,True,False,False,False,True,True,True,False,False,True,False,True,False,False,True,False,1,True,2,True,2,True,1,True,0,False,3,True,unrelated,primary,unrelated,unrelated,unrelated,unrelated,unrelated
ustc-4,"Livre d'arithmétique et géométrie, avec l'art d'arpenter et mesurer toutes superficies de terre. Nouvellement mis en lumière par le sieur Zacarie, Revu, corrigé et augmenté de nouveau. Ensemble un traicté de la boussole",1625,Paris,FRENCH,,,Arithmetic | Practical Geometry | Surveying,Instrument Use,,unrelated,primary,unrelated,unrelated,unrelated,unrelated,unrelated,unrelated,unrelated,unrelated,secondary,unrelated,unrelated,unrelated,unrelated,unrelated,primary,primary,unrelated,unrelated,mis en lumiere | Reueu | corrigé | augmenté,tous ceux qui font profession és Mathematiques,LIVRE D'ARITHMETIQVE ET GEOMETRIE,un Traicté de la Boußole,Traicté de la Boußole,Auec l'Art d'Arpenter & Meßurer tou- tes superfícies de terre,DC. XXV,,,,"Nouuellement mis en lumiere par le sieur ZACARIE, Profeß. és Mathematiques | Reueu, corrigé & augmenté de nouueau",Profeß. és Mathematiques,ZACARIE,,,,,PARIS,,,"NICOLAS ROVSSET, Libraire en la grand' Salle du Palais",,True,True,True,True,True,True,True,False,False,False,True,True,True,False,False,False,False,True,False,False,True,False,1,True,2,True,2,True,2,True,1,True,3,True,primary,primary,unrelated,primary,unrelated,unrelated,unrelated
ustc-40,"Récréation mathématique, composée de plusieurs problèmes plaisans et facétieux en faict d'arithmetique, geometrie, mechanique, optique & autres parties de ces belles sciences. Quatriesme edition, augmentée de plusieurs beaux problemes, & de quelques notte",1627,Paris,FRENCH,Jean Leurechon,,Arithmetic | Mechanics,,,unrelated,primary,unrelated,unrelated,unrelated,unrelated,unrelated,unrelated,unrelated,unrelated,unrelated,primary,unrelated,unrelated,unrelated,unrelated,unrelated,unrelated,unrelated,unrelated,Augmente'e,,,,,,DC. XXVII,,,,"QVATRIEME EDITION | Augmente'e de plvsiears beaux Problem.es, & de quelqves nottes servant a l'intelligence des choses difficiles & obscures, auec la correction d'un grand nombre de fautes & erreurs commises aux precedentes editions",,,,,quelqves nottes servant a l'intelligence des choses difficiles & obscures | la correction d'un grand nombre de fautes & erreurs,,"Chez ROLET BOVTONNE', au Palais; en la Gallerie des Libraires",,,ROLET BOVTONNE,,True,False,False,False,False,False,True,False,False,False,True,False,False,False,False,True,False,True,False,False,True,False,0,False,0,False,2,True,1,True,0,False,3,True,primary,unrelated,unrelated,unrelated,unrelated,primary,unrelated
ustc-41,Examen du livre des récréations mathématiques et de ses problèmes en géométrie méchanique optique & catoptrique où sont aussi discutées et restablies plusieurs expériences physiques y proposées par Claude Mydorge,1630,Paris,FRENCH,Jean Leurechon,,Mechanics,,Practical Geometry | Theoretical Mathematics,unrelated,unrelated,unrelated,unrelated,unrelated,unrelated,unrelated,unrelated,unrelated,unrelated,unrelated,primary,unrelated,unrelated,unrelated,unrelated,unknown,unrelated,unknown,unrelated,,,,,,,M. DC. XXX,,,,,"Escuyer Sieur de la Maillarde, Conseiller du Roy, & Tréso- rier general de France en Picardie",CLAVDE MYDORGE,,,,,"PARIS, Chez ANTHOINE ROBINOT, au quatrième pillier de la grand’ Salle du Palais",,,ANTHOINE ROBINOT,,False,False,False,False,False,False,True,False,False,False,False,True,True,False,False,False,False,True,False,False,True,False,0,False,2,True,0,False,0,False,0,False,3,True,unrelated,unknown,unrelated,unrelated,unrelated,primary,unrelated
ustc-42,,1660,Paris,FRENCH,Jean Leurechon,,Arithmetic | Cosmography | Mechanics,,,unrelated,primary,unrelated,unrelated,unrelated,unrelated,primary,unrelated,unrelated,unrelated,unrelated,primary,unrelated,unrelated,unrelated,unrelated,unrelated,unrelated,unrelated,unrelated,recueu | corrigé | augmenté,,,,,,M. DC. LX,,,,Cinquiéme & derniere Edition,,D. HENRION | M. MYDORGE,,,corrigé & augmenté,,"PARIS | au Palais dans la Gallerie des prisonniers, Roses Vermeilles",,,Chez Cardin Besongne,,True,False,False,False,False,False,True,False,False,False,True,False,True,False,False,True,False,True,False,False,True,False,0,False,1,True,2,True,1,True,0,False,3,True,primary,unrelated,unrelated,unrelated,primary,primary,unrelated
ustc-44,,1555,Paris,FRENCH,Charles de Bovelles,,Practical Geometry,,Instrument Use,unrelated,unrelated,unrelated,unrelated,unrelated,unrelated,unrelated,unrelated,unrelated,unrelated,unknown,unrelated,unrelated,unrelated,unrelated,unrelated,primary,unrelated,unrelated,unrelated,COMPOSEE | reueue | augmentée | en- richie,,GEOMETRIE PRACTIQVE,,,,1555,,,,"reueue, augmentée, & grandement en- richie",le noble Philosophe maïstre,Charles  de Bouelles,,,augmentée | grandement en- richie,,"A PARIS, Chez Guillaume Cauellat à l'ensiegne de la Poulle graffe, deuant le college de Cambray",,,leonard à botailly A Ste Fils | Chez Guillaume Cauellat,,True,False,True,False,False,False,True,False,False,False,True,True,True,False,False,True,False,True,False,False,True,False,1,True,2,True,2,True,1,True,0,False,3,True,unrelated,primary,unrelated,unknown,unrelated,unrelated,unrelated
ustc-45,"Questions théologiques, physiques, morales et mathématiques composées par L. P. M.",1634,Paris,FRENCH,Marin Mersenne,,,,,unrelated,unrelated,unrelated,unrelated,unrelated,unrelated,unrelated,unrelated,unrelated,unrelated,unrelated,unrelated,unrelated,unrelated,unrelated,unrelated,unrelated,unrelated,unrelated,unrelated,Composées,,"LES QVESTIONS THEOLOGIQVES. PHYSIQVES, MORALES, ET MATHEMATIQVES",,,,M. DC. XXXIV,,,,,Le P,Mersenne,,,,,"rue sain& Iacques, prés les Iacobins, à l'ima- ge sainct Bernard",,,Chez HENRY GVENON,,True,False,True,False,False,False,True,False,False,False,False,True,True,False,False,False,False,True,False,False,True,False,1,True,2,True,1,True,0,False,0,False,3,True,unrelated,unrelated,unrelated,unrelated,unrelated,unrelated,unrelated
ustc-46,"La vraye et parfaicte instruction, de la nouvelle arithmetique aux jettons, appellée le grand ject. Divisez en trois livres",1638,Paris,FRENCH,Jean de Poix,,Arithmetic | Commercial Mathematics,,,unrelated,primary,unrelated,unrelated,primary,unrelated,unrelated,unrelated,unrelated,unrelated,unrelated,unrelated,unrelated,unrelated,unrelated,unrelated,unrelated,unrelated,unrelated,unrelated,,,ARITHMETIQVE AVX IETTONS,,,APPELLEE LE GRAND IECT,M. DC. XXXVIII,,,,,Mathematicien,IEAN DE POIX,,,,,"A PARIS | Chez l’Auteur, en la ruë des Poirées à l’Image S. Iulien, deuant la Sorbone",,,,,False,False,True,False,False,True,True,False,False,False,False,True,True,False,False,False,False,True,False,False,False,False,1,True,2,True,0,False,0,False,0,False,2,True,primary,unrelated,unrelated,unrelated,unrelated,unrelated,unrelated
ustc-47,"Introduction en l'art analytic, ou Nouvelle algèbre de François Viète. Oeuvre dans lequel sont veus les plus miraculeux effects des sciences mathématiques, pour l'invention et solution tant des problèmes que théorèmes proposez en icelles. Traduit en nostr",1630,Paris,FRENCH,François Viète,,Theoretical Mathematics,,,unrelated,unrelated,unrelated,unrelated,unrelated,unrelated,unrelated,unrelated,unrelated,unrelated,unrelated,unrelated,unrelated,unrelated,unrelated,unrelated,unrelated,unrelated,primary,unrelated,TRADVIT | commenté | illustré,,NOVVELLE ALGEBRE DE FRANÇOIS VIETE,,,"veus les plus miraculeux effectz des sciences Mathematiques, pour l’inuention & solu- tion, tant des Problemes, que Theoremes, proposez en icelles",M.DC.XXX,,,EN NOSTRE LANGVE,,Mathematicien,I.L. SIEUR DE VAV-LEZARD,FRANÇOIS VIETE,,commenté & illustré d'exemples,,"PARIS | Court du Palais, av bas des degrez de la Sainte-Chappelle",,,Chez IVILIANIACQVIN,,True,False,True,False,False,True,True,False,False,True,False,True,True,True,False,True,False,True,False,False,True,False,1,True,3,True,2,True,1,True,0,False,3,True,unrelated,primary,unrelated,unrelated,unrelated,unrelated,unrelated
ustc-48,,1630,Paris,FRENCH,François Viète,,Theoretical Mathematics,,,unrelated,unrelated,unrelated,unrelated,unrelated,unrelated,unrelated,unrelated,unrelated,unrelated,unrelated,unrelated,unrelated,unrelated,unrelated,unrelated,unrelated,unrelated,primary,unrelated,TRADVICTE,,L'ALGBRE NOVVELLE DE Mr. VIETE Mr DES REQVESTES,ORD. DE L'HOSTEL DV ROY,ORD. DE L'HOSTEL DV ROY,,1630,,,EN FRANCOIS,,,A. VASSET,Mr. VIETE,,,,"PARIS, Chez Pierre Rocolet, en la gallerie du Puilon, milieu qux Armes de la Ville",,,Chez Pierre Rocolet,,True,False,True,True,True,False,True,False,False,True,False,False,True,True,False,False,False,True,False,False,True,False,1,True,2,True,2,True,2,True,0,False,3,True,unrelated,primary,unrelated,unrelated,unrelated,unrelated,unrelated
ustc-49,,1630,Paris,FRENCH,François Viète,,Theoretical Mathematics,,,unrelated,unrelated,unrelated,unrelated,unrelated,unrelated,unrelated,unrelated,unrelated,unrelated,unrelated,unrelated,unrelated,unrelated,unrelated,unrelated,unrelated,unrelated,primary,unrelated,MIS EN FRANCOIS | COMMENTEZ | augmentex,,LES CINQ LIVRES DES ZETETIQVES DE FRANCOIS VIETTE,,,"des exemples du Poristique, & Exe- getique, parties restantes de l’Analitique",,,,EN FRANCOIS,MIS EN FRANCOIS,Mathematicien,I. L. sieur de VAYLEZARD,,,"augmentex des exemples du Poristique, & Exe- getique, parties restantes de l’Analitique",Quay des RR. PP. Augustins,,,,,,True,False,True,False,False,True,False,False,False,True,True,True,True,False,False,True,True,False,False,False,False,False,1,True,3,True,3,True,1,True,1,True,0,False,unrelated,primary,unrelated,unrelated,unrelated,unrelated,unrelated
ustc-5,"Les Questions theologiques, physiques, morales, et mathématiques, où chacun trouuera du contentement, ou de l'exercice",1634,Paris,FRENCH,Marin Mersenne,,,,Architecture | Arithmetic | Astronomy | Cartography | Commercial Mathematics | Construction | Cosmography | Geography | Gnomonics & Horology | Instrument Construction | Instrument Use | Mechanics | Military Engineering | Music Theory | Navigation | Perspective | Practical Geometry | Surveying | Theoretical Mathematics | Trigonometry,unknown,unknown,unknown,unknown,unknown,unknown,unknown,unknown,unknown,unknown,unknown,unknown,unknown,unknown,unknown,unknown,unknown,unknown,unknown,unknown,Composées,chacun,"LES QVESTIONS THEOLOGIQVES. PHYSIQVES, MORALES, ET  MATHEMATIQVES",,,,M. DC. XXXIV,,,,,,Le. P. Mersenne,,,,,"PARIS | ruë sainct Iacques, prés les Iacobins, à l'ima- ge sainct Bernard",,,Chez HENRY GVENON,,True,True,True,False,False,False,True,False,False,False,False,False,True,False,False,False,False,True,False,False,True,False,1,True,1,True,1,True,0,False,1,True,3,True,unknown,unknown,unknown,unknown,unknown,unknown,unknown
ustc-50,Traicté des logarithmes,1626,Paris,FRENCH,Denis Henrion,,Arithmetic | Theoretical Mathematics,,,unrelated,primary,unrelated,unrelated,unrelated,unrelated,unrelated,unrelated,unrelated,unrelated,unrelated,unrelated,unrelated,unrelated,unrelated,unrelated,unrelated,unrelated,primary,unrelated,,,,,,,DC. XXVI,,,,,Professeur ès Mathematiques,D. HENRION,,,,,"PARIS | Chez l’Auteur, demeurant en l’Isle du Palais, à l’Image S. Michel",,,August. Dice. Par,,False,False,False,False,False,False,True,False,False,False,False,True,True,False,False,False,False,True,False,False,True,False,0,False,2,True,0,False,0,False,0,False,3,True,primary,primary,unrelated,unrelated,unrelated,unrelated,unrelated
ustc-52,,1632,Paris,FRENCH,,,Arithmetic | Commercial Mathematics,,,unrelated,primary,unrelated,unrelated,primary,unrelated,unrelated,unrelated,unrelated,unrelated,unrelated,unrelated,unrelated,unrelated,unrelated,unrelated,unrelated,unrelated,unrelated,unrelated,,à toutes sortes de personnes,,,,"Par le moyen de laquelle on peut resou- dre en son esprit toutes reigles qui con- cernent le negoce & trafic de toutes sortes de marchandises, sans user d'au- cuns chiffres ny gettons | En suite de laquelle est une succincte disposition de  la bresve Arithmetique avec les gettrons, qui est  grandement necessaire à toutes sortes de personnes,  pour resoudre toutes reigles, avec plus de facilité  & grande briefveté, que par les formes ordina-  res de l'Arithmetique avec la plume",M. DC. XXXII,,,,,,,,,,,"Paris, Chez FRANÇOIS SARADIN, rué de la vieiIie Draperie, deuant le Palais",,,FRANÇOIS SARADIN,,False,True,False,False,False,True,True,False,False,False,False,False,False,False,False,False,False,True,False,False,True,False,0,False,0,False,0,False,0,False,1,True,3,True,primary,unrelated,unrelated,unrelated,unrelated,unrelated,unrelated
ustc-53,"Traicté arithmétique, contenant les règles nécessaires tant pour les finances que pour la marchandise ensemble un abrégé de l'arithmétique aux jettons nouvellement augmenté d'un traicté d'arpentage, par F. Le Gendre,",1646,Paris,FRENCH,François Le Gendre,,Arithmetic | Commercial Mathematics | Surveying,,,unrelated,primary,unrelated,unrelated,primary,unrelated,unrelated,unrelated,unrelated,unrelated,unrelated,unrelated,unrelated,unrelated,unrelated,unrelated,unrelated,primary,unrelated,unrelated,CONTENANT | augmenté,,TRAICTE ARITHMETIQVE,,,"les Regles necessaires tant pour les Finances, que pour la Marchandife, auec vne Methode facile & familiere | Dans lequel les Tables necessaires pour cette faci- lité auec leur vfage, font comprises | Ensemble un Abrege de l' Arithmetique aux Iettons, que l'on appelle grand Iet",M. DC. XLVI,,,,Nouuellement augmenté d'vn traicté d'Arpentage,Arithmeticien,F. LE CENDRE,,,d'vn traicté d'Arpentage,,"PARIS | Chez CARDIN BESONGNE, au haut de la montée de la Saincte Chappelle, aux Rofes vermeilles",,,Chez CARDIN BESONGNE,,True,False,True,False,False,True,True,False,False,False,True,True,True,False,False,True,False,True,False,False,True,False,1,True,2,True,2,True,1,True,0,False,3,True,primary,unrelated,unrelated,primary,unrelated,unrelated,unrelated
ustc-54,,1608,Paris,FRENCH,Charles de Bovelles,,Practical Geometry,,Surveying,unrelated,unrelated,unrelated,unrelated,unrelated,unrelated,unrelated,unrelated,unrelated,unrelated,unrelated,unrelated,unrelated,unrelated,unrelated,unrelated,primary,unknown,unrelated,unrelated,COMPOSEE | augmenté | tiré,,Elemens d’Euclide,"Vn Traité des mesures Geometriques, des hanteurs accesſibles, ou inaccesſibles : & de toutes choſes pleines ou proſondes, ſelon leur longueur, largeur, & profondeur ; par M. Iean Pierre de Memes, tres-excellent Mathematicien, augmenté par ice- luy de quelques Annotations",Traité des mesures Geometriques,L’Art de mesurer toutes superficies Rectilignes,DCVIII,,,,COMPOSEE | augmenté,NOBLE PHILOSOPHE | Chanoin de Noyon | tres-excellent Mathematicien | iadis Chanoin de Noyon | Lecteur & Profeſſeur du Roy ès Mathematiques,M. Charles de Boüilles | M. Iean Pierre de Memes | M. Iean des Merliers d’Amiens,,Elemens d’Euclide,de quelques Annotations | Tables des chapitres,,"PARIS | Chez DENISE CAVELLAT, au mont S. Hilaire, à l’enſeigne du Pelican",,,DENISE CAVELLAT,Elemens d’Euclide,True,False,True,True,True,True,True,False,False,False,True,True,True,False,True,True,False,True,False,False,True,True,3,True,3,True,2,True,3,True,0,False,3,True,unrelated,primary,unrelated,unknown,unrelated,unrelated,unrelated
ustc-55,"Briefve explication de l'usage de l'astrolabe avec un sommaire traicté de la sphère, comme aussi de l'usage tant du quarré géométrique que des globes",1620,Paris,FRENCH,Denis Henrion,,Astronomy | Instrument Use,Practical Geometry,,unrelated,unrelated,primary,unrelated,unrelated,unrelated,unrelated,unrelated,unrelated,unrelated,primary,unrelated,unrelated,unrelated,unrelated,unrelated,secondary,unrelated,unrelated,unrelated,EXPLICATION,,,,,,M. D. C. XX,,,,,,D. H. M,,,"AVEC VN SOMMAIRE TRAICTE de la Sphere: comme aussi de l'vsage tant du quarré Geometrique, que des Globes",,PARIS,,,,,True,False,False,False,False,False,True,False,False,False,False,False,True,False,False,True,False,True,False,False,False,False,0,False,1,True,1,True,1,True,0,False,2,True,unrelated,secondary,unrelated,primary,primary,unrelated,unrelated
ustc-56,"Traicté d'arithmétique, géométrie, avec l'art d'arpanter et mesurer toutes superficie [""sic""] de terre Nouvellement mis en lumière par le sieur Zacarie,",1618,Paris,FRENCH,,,Arithmetic | Practical Geometry | Surveying,,Instrument Use,unrelated,primary,unrelated,unrelated,unrelated,unrelated,unrelated,unrelated,unrelated,unrelated,unknown,unrelated,unrelated,unrelated,unrelated,unrelated,primary,primary,unrelated,unrelated,Nouvellement mis en lumiere,toutes personnes curieuses,,,,ter & mesurer toutes superfis- cie de terre,M DC. XVIII,,,,Nouvellement mis en lumiere,Professeur es Mathematiques,LACAS RIE,,,AVEC L'ART D'ARPAN,,"PARIS | Chez NICOLAS ROVSSET, à l'Isle du Palais, vis à vis des Augustins",,,NICOLAS ROVSSET,,True,True,False,False,False,True,True,False,False,False,True,True,True,False,False,True,False,True,False,False,True,False,0,False,2,True,2,True,1,True,1,True,3,True,primary,primary,unrelated,primary,unrelated,unrelated,unrelated
ustc-57,"La geometrie et practique generale d'icelle. Troisiesme edition, reueue, corrigée, et grandement augmentée",1619,Paris,FRENCH,Jean Errard,,Practical Geometry,,Surveying,unrelated,unrelated,unrelated,unrelated,unrelated,unrelated,unrelated,unrelated,unrelated,unrelated,unrelated,unrelated,unrelated,unrelated,unrelated,unrelated,primary,unknown,unrelated,unrelated,Reueuë | corrigée | grandement augmentée,,LA GEOMETRIE ET PRACTIQVE GENERALE D'ICELLE,,,,M. DC. XIX,"I. ERRARD de Bar-le-Duc , Ingenieur ordinaire de sa Majesté",,,"TROISIESME EDITION | Reueuë, corrigée, & grandement augmentée",,D. H. P. E. M,,,,,"PARIS | Chez MICHEL DANIEL, en l'Isle du Palais",,,MICHEL DANIEL,,True,False,True,False,False,False,True,True,False,False,True,False,True,False,False,False,False,True,False,False,True,False,1,True,2,True,2,True,0,False,1,True,3,True,unrelated,primary,unrelated,unknown,unrelated,unrelated,unrelated
ustc-58,"Quatre livres de la géométrie pratique, par D. Henrion",1620,Paris,FRENCH,Denis Henrion,,Practical Geometry,,,unrelated,unrelated,unrelated,unrelated,unrelated,unrelated,unrelated,unrelated,unrelated,unrelated,unrelated,unrelated,unrelated,unrelated,unrelated,unrelated,primary,unrelated,unrelated,unrelated,,,QVATRE LIVRES,,,DE LA GEOMETRIE PRATIQVE,M. DC. XX,,,,,Mathemat,D. Henrion,,QVATRE LIVRES,,,PARIS,,,,,False,False,True,False,False,True,True,False,False,False,False,True,True,False,True,False,False,True,False,False,False,False,2,True,2,True,0,False,0,False,0,False,2,True,unrelated,primary,unrelated,unrelated,unrelated,unrelated,unrelated
ustc-59,"Traicté des globes et de leur usage traduict du latin de Robert Hues et augmenté par de plusieurs nottes & operations du compas de proportion par D. Henrion, mathematicien.",1618,Paris,FRENCH,Denis Henrion,,,Instrument Use,Astronomy | Cosmography | Geography | Navigation | Practical Geometry | Theoretical Mathematics,unrelated,unrelated,unknown,unrelated,unrelated,unrelated,unknown,unknown,unrelated,unrelated,secondary,unrelated,unrelated,unrelated,unknown,unrelated,unknown,unrelated,unknown,unrelated,Traduict | Augmenté,,"TRAICTE DES GLOBES, ET DE LEVR VSAGE",,,,M. DC. XVIII,,,,Augmenté de plusieurs nottes & operations du compas de proportion,Mathematicien,D. HENRION,ROBERT HVES,,Augmenté de plusieurs nottes & operations du compas de proportion,,"PARIS | Chez ABRAHAM PACARD, ruë saint Jacques, au sacrifice d'Abraham",Latin,,Chez ABRAHAM PACARD,,True,False,True,False,False,False,True,False,False,False,True,True,True,True,False,True,False,True,True,False,True,False,1,True,3,True,3,True,1,True,0,False,3,True,unrelated,unknown,unrelated,secondary,unknown,unrelated,unrelated
ustc-6,"Traité des feux artificiels pour la guerre et pour la récréation, avec plusieurs belles observations, abbrégez de géométrie, fortifications et exemples d'arithmétique par le sieur Fra. de Malte,",1629,Paris,FRENCH,François Malthus,,Military Engineering,Arithmetic,Practical Geometry,unrelated,secondary,unrelated,unrelated,unrelated,unrelated,unrelated,unrelated,unrelated,unrelated,unrelated,unrelated,primary,unrelated,unrelated,unrelated,unknown,unrelated,unrelated,unrelated,,des nouueaux etudians és Mathematiques,,,,,M. DC. XXIX,,,,,Sieur Fra,De Malte Anglois,,,plufieurs belles obferuations | ab- bregez de Geometrie | Fortifica- tions & exemples d'Arithmetique,,"PARIS, Chez PIERRE GVILLEMOT, au Palais, en la galerie des Prisonniers",,,Chez PIERRE GVILLEMOT,,False,True,False,False,False,False,True,False,False,False,False,True,True,False,False,True,False,True,False,False,True,False,0,False,2,True,0,False,1,True,1,True,3,True,secondary,unknown,unrelated,unrelated,unrelated,primary,unrelated
ustc-60,"Sommaire de l'algèbre, très-nécessaire pour faciliter l'interprétation du dixiesme livre d'Euclide. Ensemble la response apologétique pour les traducteurs et interpretes des Eléments géométriques d'Euclide. Par D. Henrion",1623,Paris,FRENCH,Denis Henrion,,Theoretical Mathematics,,,unrelated,unrelated,unrelated,unrelated,unrelated,unrelated,unrelated,unrelated,unrelated,unrelated,unrelated,unrelated,unrelated,unrelated,unrelated,unrelated,unrelated,unrelated,primary,unrelated,a mis en lumiere,POVR LES TRADVCTEVRS ET INTERPRETES,Elemens Geometriques d'Euclide,,,,M. DC. XXIII,,,,,Professeur és Matheratiques,D. Henrion,P. le Mardelé,Elemens Geometriques d'Euclide,vne pretendue traduction d'iceux Elemens,,"A PARIS, Chez Iean Anthoine Ioallin, dans la Cour du Palais, entre les deux grandes portes, proche la barriere du Thresor",,,Chez Iean Anthoine Ioallin,d'Euclide,True,True,True,False,False,False,True,False,False,False,False,True,True,True,True,True,False,True,False,False,True,True,3,True,4,True,1,True,1,True,1,True,3,True,unrelated,primary,unrelated,unrelated,unrelated,unrelated,unrelated
ustc-63,"Traicté ou usage du quadrant analématique, par lequel avec l'ayde de la lumière du soleil, on trouve en un instant sans ayguille aymantée la ligne méridienne. La Description des horloges solaires & la pluspart des phoenomènes appartenant au soleil. Par le",1640,Paris,FRENCH,Jean Louis Vaulézard,,Astronomy | Gnomonics & Horology | Instrument Use,,Practical Geometry,unrelated,unrelated,primary,unrelated,unrelated,unrelated,unrelated,unrelated,primary,unrelated,primary,unrelated,unrelated,unrelated,unrelated,unrelated,unknown,unrelated,unrelated,unrelated,,,,,,,XXXX,,,,,Mathematicien,Sieur de VAVLEZARD,,,,,"A PARIS | Ruë S. Iacques, au Globe Celeste",,,,,False,False,False,False,False,False,True,False,False,False,False,True,True,False,False,False,False,True,False,False,False,False,0,False,2,True,0,False,0,False,0,False,2,True,unrelated,unknown,unrelated,primary,primary,unrelated,unrelated
ustc-7,"La Fleur des pratiques du compas de proportion, où sont facilitées toutes les plus belles démonstrations des mathématiques, reveue et augmentée",1639,Paris,FRENCH,Nicolas Forest-Duchesne,,Instrument Use,Practical Geometry,Theoretical Mathematics,unrelated,unrelated,unrelated,unrelated,unrelated,unrelated,unrelated,unrelated,unrelated,unrelated,primary,unrelated,unrelated,unrelated,unrelated,unrelated,secondary,unrelated,unknown,unrelated,Renueü | augmentée,,LA FLEVR DES PRATIQVES DV COMPAS DE PROPORTION,,,Où sont facilitez toutes les plus belles demonſtrations des Mathematiques,M. D C. XXXIX,Monſieur D’ORGEVAL,,,Renueü & augmentée par l’Auteur,,NICOLAS FOREST DVCHESNE,,,,,"PARIS | Chez HENRY GVENON, rue Saint Jacques, à l’image S. Bernard, proche des I: cobins",,,HENRY GVENON,,True,False,True,False,False,True,True,True,False,False,True,False,True,False,False,False,False,True,False,False,True,False,1,True,2,True,2,True,0,False,1,True,3,True,unrelated,secondary,unrelated,primary,unrelated,unrelated,unrelated
ustc-8,"Géométrie practique composée par... Charles de Bouëlles avec un Traicté des mesures géométriques, des hauteurs accessibles ou inaccessibles et de toutes choses pleines ou profondes, selon leur longueur, largeur et profondité, par M. Jean-Pierre de Mes",1605,Paris,FRENCH,Charles de Bovelles,,Practical Geometry,,Surveying,unrelated,unrelated,unrelated,unrelated,unrelated,unrelated,unrelated,unrelated,unrelated,unrelated,unrelated,unrelated,unrelated,unrelated,unrelated,unrelated,primary,unknown,unrelated,unrelated,COMPOSEE | augmenté | tiré | contenus | COMPOSEE | augmenté,,L’Art de mesurer toutes superficies Rectilignes | Elemens d'Euclide,"Vn Traicté des mesures Geometriques, des hauteurs accessibles, ou inaccessibles: & de toutes choses pleines ou profondes, selon leur longueur, largeur, & profondeur, par M. Iean Pierre de Mesmes, tres-excellent Mathematicien, augmenté par iceluy de quelques Annotations | Vn Traicté des mesures Geometriques, des hauteurs accessibles, ou inaccessibles. Co de toutes choses plienes ou profondes, selon leur longueur, largeur, & profondeur | PLUS L'Art de mesurer toutes superficies Rectilignes tiré des Elemens d'Euclide","Traicté des mesures Geometriques | Vn Traicté des mesures Geometriques, des hauteurs accessibles, ou inaccessibles | L'Art de mesurer toutes superficies Rectilignes",des Elemens d’Euclide,M. DCV. X | M. DCV X,,,,COMPOSEE | augmenté par iceluy de quelques Annotations | augmenté par iceluy de quelques Annotations,NOBLE PHILOSOPHE | Chanoine de Noyon | tres-excellent Mathematicien | Lecteur & Professeur du Roy ès Mathematiques | NOBLE PHILOSOPHE | iadis Chanoine de Noyon | tres-excellent Mathematicien | Lecteur & Professeur du Roy és Mathematiques,M. Charles de Bouëlles | M. Iean Pierre de Mesmes | M. Iean des Mersliers d’Amiens | M. Charles de Bouïelles | M. Iean Pierre de Melmes | M. Iean des Meliers d'Amiens,M. Iean Pierre de Mesmes | M. Iean des Mersliers d’Amiens,Elemens d’Euclide | Elemens d'Euclide,quelques Annotations | Tables des chapitres | augmenté par iceluy de quelques Annotations | Avec Tables des chapitres contenus es faits liures,,"PARIS | PARIS | au mont S. Hilaire, à l'enseigne du Pelican",,,"Chez Denise Cavellat, au mont S. Hilaire, à l’enseigne du Pelican | Denise Cavellat",Elemens d’Euclide | Elemens d'Euclide,True,False,True,True,True,True,True,False,False,False,True,True,True,True,True,True,False,True,False,False,True,True,3,True,4,True,2,True,3,True,0,False,3,True,unrelated,primary,unrelated,unknown,unrelated,unrelated,unrelated
ustc-9,"Arithmétique logarithmétique, ou la Construction et usage des tables logarithmétiques",1626,Paris,FRENCH,Luis Ballester,,Arithmetic,Practical Geometry | Trigonometry,,unrelated,primary,unrelated,unrelated,unrelated,unrelated,unrelated,unrelated,unrelated,unrelated,unrelated,unrelated,unrelated,unrelated,unrelated,unrelated,secondary,unrelated,unrelated,secondary,adiouſté,,ARITHMETIQVE LOGARITHMETIQVE,,,La Construćtion & Vſage des Ta- bles Logarithmetiques,M. DC. XXVI,,,,,Gentil-homme Anglois,Edmond VVingate,,,adiouſté,,"PARIS | l'Iſle du Palais, ruë de Har- lay, aux deux Viperes",,,Chez MATTHIEV MONDIERE,,True,False,True,False,False,True,True,False,False,False,False,True,True,False,False,True,False,True,False,False,True,False,1,True,2,True,1,True,1,True,0,False,3,True,primary,secondary,unrelated,unrelated,unrelated,unrelated,unrelated
